rollout/ep_rew_mean,time/time_elapsed,rollout/success_rate,time/total_timesteps,reward/goal_reward,rollout/ep_len_mean,time/fps,train/std,reward/approach_reward,reward/static_reward,reward/grasp_reward,time/episodes,reward/info_exist_reward,train/critic_aux_loss,train/learning_rate,train/critic_loss,train/actor_loss,train/ent_coef_loss,train/n_updates,train/actor_aux_loss,train/aux_weight,train/target_weight,train/actor_target_loss,train/ent_coef,train/critic_target_loss
137.7912,1,0.0,800,0.0,100.0,407,0.025476466864347458,2.4975722345635676,0.0,0.0,4,0.2909999999999999,,,,,,,,,,,,
137.7912,1,0.0,800,,100.0,406,0.025476466864347458,,,,8,,,,,,,,,,,,,
139.27301,24,0.0,1600,0.0,100.0,65,0.02551884762942791,2.7589988057840253,0.0,0.0,12,0.07499999999999998,0.39263766072690487,0.0003,50.48415285348892,52.95507770776749,-10.884390071034431,128,0.43315657787024975,100.0,100.0,0.10577405826188624,0.19947355450131,0.10876222187653184
139.27301,24,0.0,1600,,100.0,65,0.02551884762942791,,,,16,,,,,,,,,,,,,
139.71223,36,0.0,2400,0.0,100.0,64,0.025535203516483307,2.686332361135724,0.0,0.0,20,0.03899999999999999,0.3853939245454967,0.0003,47.380477011203766,47.615718126297,-11.521596021950245,192,0.4046498965471983,100.0,100.0,0.08561505889520049,0.1954173392150551,0.08678212470840663
139.71223,36,0.0,2400,,100.0,64,0.025535203516483307,,,,24,,,,,,,,,,,,,
139.21747,59,0.0,3200,0.0,100.0,54,0.025566341355443,2.6813591899179703,0.0,0.0,28,0.036,0.4143631015904248,0.0003,48.80651915073395,44.47733896970749,-13.896536752581596,320,0.3971345159225166,100.0,100.0,0.07148477510781959,0.18736681179143488,0.07209283229894936
139.21747,59,0.0,3200,,100.0,54,0.025566341355443,,,,32,,,,,,,,,,,,,
139.05148,72,0.0,4000,0.0,100.0,55,0.02558179758489132,2.4427015774531777,0.0,0.0,36,0.15,0.39572569727897644,0.0003,46.08898377418518,40.25686913728714,-13.651809945702553,384,0.3647246160544455,100.0,100.0,0.06424877583049238,0.1834222129546106,0.06385332677746192
139.05148,72,0.0,4000,,100.0,55,0.02558179758489132,,,,40,,,,,,,,,,,,,
141.33614,94,0.0,4800,0.0,100.0,51,0.025613492354750633,2.922637124365809,0.0,0.0,44,0.07499999999999998,0.3785849940031767,0.0003,44.52635312080383,36.57684910297394,-13.25895120203495,512,0.3296819473616779,100.0,100.0,0.06837674207054079,0.17632026481442153,0.06515593134099618
141.33614,94,0.0,4800,,100.0,51,0.025613492354750633,,,,48,,,,,,,,,,,,,
142.3522,106,0.0,5600,0.0,100.0,52,0.025629546493291855,2.979422335768403,0.0,0.0,52,0.07499999999999998,0.38186372397467494,0.0003,45.10098576545715,34.552017122507095,-12.61052605509758,576,0.30802248138934374,100.0,100.0,0.07195073470938951,0.17304100352339447,0.06769340590108186
142.3522,106,0.0,5600,,100.0,52,0.025629546493291855,,,,56,,,,,,,,,,,,,
143.9603,129,0.0,6400,0.0,100.0,49,0.02566387690603733,3.2777607360598875,0.0,0.0,60,0.08399999999999999,0.36641755793243647,0.0003,42.90851789712906,30.13596773147583,-13.324669942259789,704,0.28109308145940304,100.0,100.0,0.06411102082347497,0.16672550537623465,0.06103449879446998
143.9603,129,0.0,6400,,100.0,49,0.02566387690603733,,,,64,,,,,,,,,,,,,
144.39243,151,0.0,7200,0.0,100.0,47,0.025695381686091423,2.6995062296448267,0.0,0.0,68,0.09899999999999999,0.36124743428081274,0.0003,44.94289928674698,31.33546933531761,-13.25792221724987,832,0.2755505368113518,100.0,100.0,0.08950903569348156,0.16061434778384864,0.08651735191233456
144.39243,151,0.0,7200,,100.0,47,0.025695381686091423,,,,72,,,,,,,,,,,,,
144.40617,164,0.0,8000,0.0,100.0,48,0.025711527094244957,2.6200132596503316,0.0,0.0,76,0.03599999999999999,0.3517446033656597,0.0003,44.36580699682236,29.989992886781693,-13.193007662892342,896,0.2625752806197852,100.0,100.0,0.09290061995852739,0.15765395388007164,0.09006966324523091
144.40617,164,0.0,8000,,100.0,48,0.025711527094244957,,,,80,,,,,,,,,,,,,
146.02998,186,0.0,8800,0.0,100.0,47,0.025743456557393074,2.914499696859248,0.0,0.0,84,0.0,0.33634631242603064,0.0003,43.07063537836075,27.470089226961136,-12.894489511847496,1024,0.24440040439367294,100.0,100.0,0.0931243320228532,0.1521917732898146,0.09236983652226627
146.02998,186,0.0,8800,,100.0,47,0.025743456557393074,,,,88,,,,,,,,,,,,,
146.54646,199,0.0,9600,0.0,100.0,48,0.025759099051356316,2.8823428666739925,0.0,0.0,92,0.105,0.3332997397519648,0.0003,43.45131379365921,27.115365266799927,-13.033446237444878,1088,0.23778323037549853,100.0,100.0,0.09995140589307994,0.1494653457775712,0.09930183121468872
146.54646,199,0.0,9600,,100.0,48,0.025759099051356316,,,,96,,,,,,,,,,,,,
146.59778,222,0.0,10400,0.0,100.0,46,0.025791186839342117,2.709132773719669,0.0,0.0,100,0.16799999999999998,0.3211553539149463,0.0003,42.515535831451416,25.22111612558365,-13.390568494796753,1216,0.2259569817688316,100.0,100.0,0.10164711927063763,0.1442111753858626,0.10235134186223149
146.59778,222,0.0,10400,,100.0,46,0.025791186839342117,,,,104,,,,,,,,,,,,,
146.56036,234,0.0,11200,0.0,100.0,47,0.025806719437241554,2.433720094484219,0.0,0.0,108,0.06599999999999999,0.3162713819183409,0.0003,41.97566658258438,23.98946389555931,-13.29442723840475,1280,0.21792628173716366,100.0,100.0,0.10093829105608165,0.1416829419322312,0.10205545148346573
146.56036,234,0.0,11200,,100.0,47,0.025806719437241554,,,,112,,,,,,,,,,,,,
145.84,257,0.0,12000,0.0,100.0,46,0.02583760768175125,2.257910061727789,0.0,0.0,116,0.07799999999999999,0.3174959821626544,0.0003,41.75269556045532,23.02639091014862,-13.693190589547157,1408,0.22207380598410964,100.0,100.0,0.09519074892159551,0.13658252521418035,0.09825909265782684
145.84,257,0.0,12000,,100.0,46,0.02583760768175125,,,,120,,,,,,,,,,,,,
146.67465,269,0.0,12800,0.0,100.0,47,0.025853250175714493,2.99197355502139,0.0,0.0,124,0.11999999999999998,0.3210483347065747,0.0003,41.86478167772293,22.572397738695145,-14.21995696425438,1472,0.22488192794844508,100.0,100.0,0.09220407623797655,0.13416437013074756,0.09598733519669622
146.67465,269,0.0,12800,,100.0,47,0.025853250175714493,,,,128,,,,,,,,,,,,,
148.23528,292,0.0,13600,0.0,100.0,46,0.025885846465826035,3.1144801221607277,0.0,0.0,132,0.07799999999999999,0.3080589775927365,0.0003,40.16935181617737,19.594123393297195,-13.896166682243347,1600,0.20686701918020844,100.0,100.0,0.08742593543138355,0.12926401756703854,0.09229340206366032
148.23528,292,0.0,13600,,100.0,46,0.025885846465826035,,,,136,,,,,,,,,,,,,
149.48076,314,0.0,14400,0.0,100.0,45,0.025917133316397667,3.0969922608516027,0.0,0.0,140,0.07499999999999998,0.302360528614372,0.0003,40.263138711452484,18.371585875749588,-15.142416283488274,1728,0.1989999213255942,100.0,100.0,0.09222692297771573,0.12454812496434897,0.09871804795693606
149.48076,314,0.0,14400,,100.0,45,0.025917133316397667,,,,144,,,,,,,,,,,,,
148.46431,327,0.0,15200,0.0,100.0,46,0.02593197114765644,2.8117267349032637,0.0,0.0,148,0.08099999999999997,0.2978247064165771,0.0003,39.89852315187454,18.04667676985264,-14.903630182147026,1792,0.19971778662875295,100.0,100.0,0.09212553221732378,0.12220013071782887,0.09947682614438236
148.46431,327,0.0,15200,,100.0,46,0.02593197114765644,,,,152,,,,,,,,,,,,,
148.31488,349,0.0,16000,0.0,100.0,45,0.025964057072997093,2.7160040659393023,0.0,0.0,156,0.15299999999999997,0.30105166928842664,0.0003,40.00959986448288,16.98284511268139,-14.532582387328148,1920,0.2004943247884512,100.0,100.0,0.08781123487278819,0.11778372805565596,0.09755777753889561
148.31488,349,0.0,16000,,100.0,45,0.025964057072997093,,,,160,,,,,,,,,,,,,
147.70454,362,0.0,16800,0.0,100.0,46,0.02598027139902115,2.811334217223689,0.0,0.0,164,0.11399999999999999,0.30005599185824394,0.0003,39.59766149520874,15.503885418176651,-15.545668855309486,1984,0.19517304026521742,100.0,100.0,0.08293493103701621,0.11563569167628884,0.09416774346027523
147.70454,362,0.0,16800,,100.0,46,0.02598027139902115,,,,168,,,,,,,,,,,,,
147.42729,384,0.0,17600,0.0,100.0,45,0.026011107489466667,2.6268198293606586,0.0,0.0,172,0.09300000000000001,0.28790158592164516,0.0003,38.526361882686615,13.421113014221191,-15.15068182349205,2112,0.18346440186724067,100.0,100.0,0.08072785916738212,0.11143722757697105,0.09560968726873398
147.42729,384,0.0,17600,,100.0,45,0.026011107489466667,,,,176,,,,,,,,,,,,,
146.98755,397,0.0,18400,0.0,100.0,46,0.026026446372270584,2.4743504637401807,0.0,0.0,180,0.056999999999999995,0.2850066148675978,0.0003,37.996385514736176,12.404586493968964,-16.238751396536827,2176,0.1817194176837802,100.0,100.0,0.0771989367203787,0.10934065678156912,0.09351413475815207
146.98755,397,0.0,18400,,100.0,46,0.026026446372270584,,,,184,,,,,,,,,,,,,
146.3631,419,0.0,19200,0.0,100.0,45,0.02605813555419445,2.5568328606033703,0.0,0.0,188,0.12599999999999997,0.28070905385538936,0.0003,37.2722944021225,10.8771001547575,-15.779054313898087,2304,0.18027880927547812,100.0,100.0,0.07059777004178613,0.10525834572035819,0.09053128678351641
146.3631,419,0.0,19200,,100.0,45,0.02605813555419445,,,,192,,,,,,,,,,,,,
144.86455,441,0.0,20000,0.0,100.0,45,0.026089098304510117,2.436602476421085,0.0,0.0,196,0.09,0.28764239232987165,0.0003,37.85567307472229,10.166111789643764,-16.977175816893578,2432,0.18558333441615105,100.0,100.0,0.06660436629317701,0.10140136675909162,0.08938119921367615
144.86455,441,0.0,20000,,100.0,45,0.026089098304510117,,,,200,,,,,,,,,,,,,
145.29874,454,0.0,20800,0.0,100.0,45,0.026104064658284187,2.937328665851135,0.0,0.0,204,0.04499999999999999,0.287330009508878,0.0003,36.964872777462006,9.360887318849564,-16.765601366758347,2496,0.18844265188090503,98.0,98.0,0.06426960392855108,0.09941554768010974,0.08800486056134105
145.29874,454,0.0,20800,,100.0,45,0.026104064658284187,,,,208,,,,,,,,,,,,,
145.90843,476,0.0,21600,0.0,100.0,45,0.026134068146348,2.3767912442805654,0.0,0.0,212,0.07199999999999998,0.2764010983519256,0.0003,35.43584448099136,6.784842267632484,-16.721441328525543,2624,0.17694616713561118,98.0,98.0,0.05703366355737671,0.09572932578157634,0.08354637795127928
145.90843,476,0.0,21600,,100.0,45,0.026134068146348,,,,216,,,,,,,,,,,,,
146.56985,489,0.0,22400,0.0,100.0,45,0.026150139048695564,2.5508881802718286,0.0,0.0,220,0.18599999999999997,0.27804720448330045,0.0003,35.859588623046875,6.831266798079014,-16.651151224970818,2688,0.17963522556237876,98.0,98.0,0.05855157086625695,0.09396095992997289,0.08619140030350536
146.56985,489,0.0,22400,,100.0,45,0.026150139048695564,,,,224,,,,,,,,,,,,,
145.5097,512,0.0,23200,0.0,100.0,45,0.026181349530816078,2.3911846801580423,0.0,0.0,228,0.15,0.27453826228156686,0.0003,35.61855089664459,5.685303084552288,-16.30244532227516,2816,0.1749979262240231,98.0,98.0,0.05862365453504026,0.09052521910052747,0.08739864954259247
145.5097,512,0.0,23200,,100.0,45,0.026181349530816078,,,,232,,,,,,,,,,,,,
144.3572,525,0.0,24000,0.0,100.0,45,0.026196284219622612,2.826983755924922,0.0,0.0,236,0.03899999999999999,0.275254612788558,0.0003,35.69015824794769,5.023909118026495,-17.37016785144806,2880,0.17434764932841063,98.0,98.0,0.05711039976449683,0.08885720407124609,0.08718127175234258
144.3572,525,0.0,24000,,100.0,45,0.026196284219622612,,,,240,,,,,,,,,,,,,
144.80872,547,0.0,24800,0.0,100.0,45,0.02622644230723381,2.6301248161744657,0.0,0.0,244,0.096,0.2737543545663357,0.0003,35.30818861722946,3.724838502705097,-16.693428054451942,3008,0.17274748487398028,98.0,98.0,0.052216799929738045,0.0856733376858756,0.08480354584753513
144.80872,547,0.0,24800,,100.0,45,0.02622644230723381,,,,248,,,,,,,,,,,,,
145.7929,560,0.0,25600,0.0,100.0,45,0.026242021471261978,2.9013453401691036,0.0,0.0,252,0.03599999999999999,0.2704477761872113,0.0003,35.09483712911606,3.240322671830654,-17.290393114089966,3072,0.17154881497845054,98.0,98.0,0.0522051117150113,0.08412867865990847,0.08570411591790617
145.7929,560,0.0,25600,,100.0,45,0.026242021471261978,,,,256,,,,,,,,,,,,,
146.14613,582,0.0,26400,0.0,100.0,45,0.026272302493453026,3.053559321747808,0.0,0.0,260,0.153,0.2660577790811658,0.0003,34.483364909887314,2.00941639021039,-17.58364586532116,3200,0.16881584166549146,98.0,98.0,0.050357080704998225,0.08104873797856271,0.08352322562132031
146.14613,582,0.0,26400,,100.0,45,0.026272302493453026,,,,264,,,,,,,,,,,,,
146.66103,604,0.0,27200,0.0,100.0,44,0.026301778852939606,2.5795733641908094,0.0,0.0,268,0.12,0.26236205850727856,0.0003,33.98286485671997,0.8789987899363041,-16.895561382174492,3328,0.16595493932254612,98.0,98.0,0.04894171777414158,0.07811123935971409,0.08227689354680479
146.66103,604,0.0,27200,,100.0,44,0.026301778852939606,,,,272,,,,,,,,,,,,,
147.3047,617,0.0,28000,0.0,100.0,45,0.02631707303225994,2.682503151980613,0.0,0.0,276,0.032999999999999995,0.26295012421905994,0.0003,33.94966408610344,0.9161611460149288,-17.903220742940903,3392,0.1703229509294033,98.0,98.0,0.04834916052641347,0.07671648391988128,0.08140929194632918
147.3047,617,0.0,28000,,100.0,45,0.02631707303225994,,,,280,,,,,,,,,,,,,
146.82542,639,0.0,28800,0.0,100.0,45,0.026344431564211845,2.5778219304856145,0.0,0.0,284,0.018000000000000002,0.2644810467027128,0.0003,34.0313286781311,-0.05392933264374733,-18.59078238904476,3520,0.17070241831243038,98.0,98.0,0.0460965508245863,0.073904900229536,0.08068809297401458
146.82542,639,0.0,28800,,100.0,45,0.026344431564211845,,,,288,,,,,,,,,,,,,
148.17426,652,0.0,29600,0.0,100.0,45,0.02635933831334114,2.9390196056083977,0.0,0.0,292,0.14699999999999996,0.2648128247819841,0.0003,34.144088447093964,0.24941087514162064,-17.592618614435196,3584,0.1750622580293566,98.0,98.0,0.047399202652741224,0.07254472188651562,0.08134551555849612
148.17426,652,0.0,29600,,100.0,45,0.02635933831334114,,,,296,,,,,,,,,,,,,
149.08293,674,0.0,30400,0.0,100.0,45,0.026389651000499725,3.018205937441964,0.0,0.0,300,0.11999999999999998,0.26050578127615154,0.0003,33.184229016304016,-1.9409855268895626,-17.89660407602787,3712,0.16814089915715158,98.0,98.0,0.0393174720229581,0.06995010829996318,0.07586567720863968
149.08293,674,0.0,30400,,100.0,45,0.026389651000499725,,,,304,,,,,,,,,,,,,
149.27774,687,0.0,31200,0.0,100.0,45,0.026403997093439102,2.6951591418315313,0.0,0.0,308,0.07799999999999999,0.2632045689970255,0.0003,33.456916481256485,-2.0364161618053913,-17.91589692234993,3776,0.1695035940501839,98.0,98.0,0.040302969806361943,0.06871115253306925,0.07591078523546457
149.27774,687,0.0,31200,,100.0,45,0.026403997093439102,,,,312,,,,,,,,,,,,,
149.57936,709,0.0,32000,0.0,100.0,45,0.026434261351823807,2.530986317949984,0.0,0.0,316,0.0,0.25825798464939,0.0003,33.03021040558815,-3.0589274279773235,-17.573960572481155,3904,0.16687437146902084,98.0,98.0,0.03895430779084563,0.06625943316612393,0.07649690785910934
149.57936,709,0.0,32000,,100.0,45,0.026434261351823807,,,,320,,,,,,,,,,,,,
150.4564,733,0.0,32800,0.0,100.0,44,0.026463331654667854,2.7334978591708716,0.0,0.0,324,0.0,0.25915968604385853,0.0003,32.982085675001144,-3.328491870313883,-18.204316705465317,4032,0.17222022241912782,98.0,98.0,0.038378331635612994,0.06390464887954295,0.07466699660290033
150.4564,733,0.0,32800,,100.0,44,0.026463331654667854,,,,328,,,,,,,,,,,,,
152.10081,745,0.0,33600,0.0,100.0,45,0.02647797390818596,2.8656214819309622,0.0,0.0,332,0.0,0.2617754372768104,0.0003,33.25655287504196,-3.8506599441170692,-18.71584178507328,4096,0.17029593349434435,98.0,98.0,0.038474394619697705,0.06274351215688512,0.07508885621791705
152.10081,745,0.0,33600,,100.0,45,0.02647797390818596,,,,336,,,,,,,,,,,,,
151.79306,768,0.0,34400,0.0,100.0,44,0.02650824747979641,2.8105426104963227,0.0,0.0,340,0.03599999999999999,0.25848261429928243,0.0003,32.918526858091354,-5.389654021710157,-19.191450729966164,4224,0.16410896508023143,98.0,98.0,0.03580519696697593,0.06051286030560732,0.07481483253650367
151.79306,768,0.0,34400,,100.0,44,0.02650824747979641,,,,344,,,,,,,,,,,,,
151.87527,781,0.0,35200,0.0,100.0,45,0.026523416861891747,2.829419565525994,0.0,0.0,348,0.07799999999999999,0.25934517197310925,0.0003,32.78996327519417,-5.565557576715946,-18.168404698371887,4288,0.16534637054428458,98.0,98.0,0.03562209368101321,0.05941213952610269,0.07284991565393284
151.87527,781,0.0,35200,,100.0,45,0.026523416861891747,,,,352,,,,,,,,,,,,,
152.71893,803,0.0,36000,0.0,100.0,44,0.02655300311744213,2.9461753778504742,0.0,0.0,356,0.09,0.2597944657318294,0.0003,32.861085027456284,-6.434668175876141,-17.57852427661419,4416,0.1639413987286389,98.0,98.0,0.03471031683147885,0.05735202052164823,0.07281242101453245
152.71893,803,0.0,36000,,100.0,44,0.02655300311744213,,,,360,,,,,,,,,,,,,
152.37764,816,0.0,36800,0.0,100.0,45,0.026568885892629623,2.71419913821813,0.0,0.0,364,0.075,0.255257083568722,0.0003,32.2561340034008,-6.166420355439186,-17.614405810832977,4480,0.16724431072361767,98.0,98.0,0.03688302088994533,0.05638891365379095,0.07121823588386178
152.37764,816,0.0,36800,,100.0,45,0.026568885892629623,,,,368,,,,,,,,,,,,,
150.84651,838,0.0,37600,0.0,100.0,44,0.02659890241920948,2.57899151955248,0.0,0.0,372,0.04499999999999999,0.2575403396040201,0.0003,32.565527737140656,-6.984362922608852,-19.05528350174427,4608,0.16643087030388415,98.0,98.0,0.036114834452746436,0.05439507495611906,0.07185241876868531
150.84651,838,0.0,37600,,100.0,44,0.02659890241920948,,,,376,,,,,,,,,,,,,
151.96301,851,0.0,38400,0.0,100.0,45,0.026612959802150726,2.9468753899597293,0.0,0.0,380,0.11099999999999997,0.2577568276319653,0.0003,32.470551550388336,-7.673674784600735,-19.556613132357597,4672,0.16450915206223726,98.0,98.0,0.03440131709794514,0.053401954704895616,0.0708381489966996
151.96301,851,0.0,38400,,100.0,45,0.026612959802150726,,,,384,,,,,,,,,,,,,
151.85553,874,0.0,39200,0.0,100.0,44,0.026643546298146248,2.619451403777611,0.0,0.0,388,0.07499999999999998,0.26463245670311153,0.0003,33.531625151634216,-7.941756121814251,-19.598555237054825,4800,0.1680655675008893,98.0,98.0,0.03426208483870141,0.05150323238922283,0.07403429411351681
151.85553,874,0.0,39200,,100.0,44,0.026643546298146248,,,,392,,,,,,,,,,,,,
153.83002,896,0.0,40000,0.0,100.0,44,0.026673199608922005,2.952250490274505,0.0,0.0,396,0.056999999999999995,0.2546526857186109,0.0003,32.25772970914841,-8.68863943964243,-18.267015144228935,4928,0.16638430766761303,98.0,98.0,0.0340657775523141,0.049741910479497164,0.07179284165613353
153.83002,896,0.0,40000,,100.0,44,0.026673199608922005,,,,400,,,,,,,,,,,,,
155.07863,909,0.0,40800,0.0,100.0,44,0.026687638834118843,2.860204077379925,0.0,0.0,404,0.13499999999999998,0.24880184442736208,0.0003,30.950509399175644,-10.194616109132767,-19.44170592725277,4992,0.16099008126184344,96.03999999999999,96.03999999999999,0.03221443871734664,0.04886991623789072,0.07035411079414189
155.07863,909,0.0,40800,,100.0,44,0.026687638834118843,,,,408,,,,,,,,,,,,,
156.64879,932,0.0,41600,0.0,100.0,44,0.02671523205935955,3.266468776877881,0.0,0.0,412,0.15,0.24904308235272765,0.0003,30.915306448936462,-10.520751118659973,-19.817075729370117,5120,0.1629267162643373,96.03999999999999,96.03999999999999,0.03363563588936813,0.04712001251755282,0.06988417526008561
156.64879,932,0.0,41600,,100.0,44,0.02671523205935955,,,,416,,,,,,,,,,,,,
156.96008,945,0.0,42400,0.0,100.0,44,0.026729600504040718,2.7465569434934594,0.0,0.0,420,0.13799999999999998,0.2534273110795766,0.0003,31.17733344435692,-10.379917830228806,-20.134282901883125,5184,0.1678054069634527,96.03999999999999,96.03999999999999,0.033138045197119936,0.04626709094736725,0.06819195649586618
156.96008,945,0.0,42400,,100.0,44,0.026729600504040718,,,,424,,,,,,,,,,,,,
158.04765,967,0.0,43200,0.0,100.0,44,0.02675873227417469,3.006301952836617,0.0,0.0,428,0.192,0.2478525717742741,0.0003,30.567854940891266,-11.66888676583767,-18.854270473122597,5312,0.16232392098754644,96.03999999999999,96.03999999999999,0.03183409833582118,0.04462297132704407,0.06718880479456857
158.04765,967,0.0,43200,,100.0,44,0.02675873227417469,,,,432,,,,,,,,,,,,,
158.34966,980,0.0,44000,0.0,100.0,44,0.02677423506975174,3.0286433061575155,0.0,0.0,436,0.03899999999999999,0.24681837065145373,0.0003,30.321062803268433,-12.380910962820053,-18.866551518440247,5376,0.15891382796689868,96.03999999999999,96.03999999999999,0.030706560908583924,0.043871886271517724,0.06565235333982855
158.34966,980,0.0,44000,,100.0,44,0.02677423506975174,,,,440,,,,,,,,,,,,,
160.58305,1003,0.0,44800,0.0,100.0,44,0.0268029123544693,3.134575544016051,0.0,0.0,444,0.05399999999999999,0.24280786071904004,0.0003,30.02942404150963,-13.267978370189667,-20.005848050117493,5504,0.15570518979802728,96.03999999999999,96.03999999999999,0.03153038799064234,0.04233986197505146,0.06635870749596506
160.58305,1003,0.0,44800,,100.0,44,0.0268029123544693,,,,448,,,,,,,,,,,,,
160.78825,1025,0.0,45600,0.0,100.0,44,0.026831837370991707,3.248236197379153,0.0,0.0,452,0.03599999999999999,0.2413163057062775,0.0003,29.731304734945297,-12.478037133812904,-21.459922164678574,5632,0.16978902299888432,96.03999999999999,96.03999999999999,0.032222226553130895,0.040844596980605274,0.06483499746536836
160.78825,1025,0.0,45600,,100.0,44,0.026831837370991707,,,,456,,,,,,,,,,,,,
163.43239,1038,0.0,46400,0.0,100.0,44,0.02684563398361206,3.719566356559442,0.0,0.0,460,0.147,0.24023857503198087,0.0003,29.469255685806274,-14.141879051923752,-19.628601849079132,5696,0.1582959503866732,96.03999999999999,96.03999999999999,0.02962791547179222,0.040088543319143355,0.06307252694386989
163.43239,1038,0.0,46400,,100.0,44,0.02684563398361206,,,,464,,,,,,,,,,,,,
164.45242,1060,0.0,47200,0.0,100.0,44,0.026875445619225502,2.946124036300177,0.0,0.0,468,0.08399999999999999,0.24199703941121697,0.0003,29.79911443591118,-14.643993780016899,-19.635202407836914,5824,0.15843036375008523,96.03999999999999,96.03999999999999,0.030930983688449487,0.03868898790096864,0.06447931617731228
164.45242,1060,0.0,47200,,100.0,44,0.026875445619225502,,,,472,,,,,,,,,,,,,
165.85516,1073,0.0,48000,0.0,100.0,44,0.02688995935022831,3.0484201620833495,0.0,0.0,476,0.11699999999999999,0.24133858969435096,0.0003,29.540052503347397,-15.166940942406654,-20.670627534389496,5888,0.15662294579669833,96.03999999999999,96.03999999999999,0.030020234786206856,0.03801159362774342,0.06277185882208869
165.85516,1073,0.0,48000,,100.0,44,0.02688995935022831,,,,480,,,,,,,,,,,,,
167.8437,1096,0.0,48800,0.0,100.0,44,0.026916906237602234,3.4719683055159614,0.0,0.0,484,0.23099999999999998,0.2378188909497112,0.0003,29.130544066429138,-15.983768045902252,-20.053081199526787,6016,0.15592019888572395,96.03999999999999,96.03999999999999,0.0287947840988636,0.0366474220645614,0.06166027148719877
167.8437,1096,0.0,48800,,100.0,44,0.026916906237602234,,,,488,,,,,,,,,,,,,
168.67023,1109,0.0,49600,0.0,100.0,44,0.026930993422865868,3.5444448762511094,0.0,0.0,492,0.15,0.23625421850010753,0.0003,28.79603612422943,-15.097733169794083,-19.61169670522213,6080,0.16848902963101864,96.03999999999999,96.03999999999999,0.029186076251789927,0.03601043269736692,0.060034177266061306
168.67023,1109,0.0,49600,,100.0,44,0.026930993422865868,,,,496,,,,,,,,,,,,,
168.14462,1130,0.0,50400,0.0,100.0,44,0.026959426701068878,3.188811506200403,0.0,0.0,500,0.11399999999999999,0.23281576321460307,0.0003,28.66110923886299,-16.513000190258026,-20.415731951594353,6208,0.16051621618680656,96.03999999999999,96.03999999999999,0.028610856912564486,0.03479141677962616,0.061551445454824716
168.14462,1130,0.0,50400,,100.0,44,0.026959426701068878,,,,504,,,,,,,,,,,,,
167.15448,1143,0.0,51200,0.0,100.0,44,0.02697458304464817,3.0499303015544355,0.0,0.0,508,0.141,0.23364602704532444,0.0003,28.67132592201233,-17.13995361328125,-19.016727954149246,6272,0.1575936246663332,96.03999999999999,96.03999999999999,0.02791674350737594,0.034183358133304864,0.06098992272745818
167.15448,1143,0.0,51200,,100.0,44,0.02697458304464817,,,,512,,,,,,,,,,,,,
168.34862,1166,0.0,52000,0.0,100.0,44,0.02700238674879074,3.4751069412387405,0.0,0.0,516,0.18599999999999997,0.22711208113469183,0.0003,27.914093285799026,-17.9436544328928,-19.648253172636032,6400,0.15445175720378757,96.03999999999999,96.03999999999999,0.028702722978778183,0.03304351697443053,0.05953341186977923
168.34862,1166,0.0,52000,,100.0,44,0.02700238674879074,,,,520,,,,,,,,,,,,,
168.72015,1188,0.0,52800,0.0,100.0,44,0.027032950893044472,3.212428698386345,0.0,0.0,524,0.24599999999999997,0.23409187095239758,0.0003,28.67455467581749,-18.084033265709877,-18.219038635492325,6528,0.15886342572048306,96.03999999999999,96.03999999999999,0.02894473061314784,0.03196823055623099,0.06014655582839623
168.72015,1188,0.0,52800,,100.0,44,0.027032950893044472,,,,528,,,,,,,,,,,,,
168.06082,1201,0.0,53600,0.0,100.0,44,0.02704901061952114,3.0865172621594787,0.0,0.0,532,0.147,0.23560754652135074,0.0003,28.74633276462555,-18.291776433587074,-18.36686971783638,6592,0.16145106498152018,96.03999999999999,96.03999999999999,0.02772915444802493,0.03145034212502651,0.059232027910184115
168.06082,1201,0.0,53600,,100.0,44,0.02704901061952114,,,,536,,,,,,,,,,,,,
168.83894,1223,0.0,54400,0.0,100.0,44,0.027077164500951767,3.3788455438980076,0.0,0.0,540,0.096,0.22861000313423574,0.0003,28.208084523677826,-19.256472140550613,-19.38056306540966,6720,0.1567072351463139,96.03999999999999,96.03999999999999,0.028742159105604514,0.03042286989511922,0.060647870996035635
168.83894,1223,0.0,54400,,100.0,44,0.027077164500951767,,,,544,,,,,,,,,,,,,
168.26048,1237,0.0,55200,0.0,100.0,44,0.027091458439826965,3.467254026865736,0.0,0.0,548,0.15599999999999997,0.2289312994107604,0.0003,28.275970697402954,-19.46949738264084,-19.41242665052414,6784,0.15661851619370282,96.03999999999999,96.03999999999999,0.02977716812165454,0.02990630394197069,0.061110750248190016
168.26048,1237,0.0,55200,,100.0,44,0.027091458439826965,,,,552,,,,,,,,,,,,,
169.30467,1261,0.0,56000,0.0,100.0,44,0.027120135724544525,3.276046836388837,0.0,0.0,556,0.09,0.23281494295224547,0.0003,28.326130509376526,-20.190933883190155,-18.097657725214958,6912,0.15779712819494307,96.03999999999999,96.03999999999999,0.026656124624423683,0.028928506653755903,0.05747443385189399
169.30467,1261,0.0,56000,,100.0,44,0.027120135724544525,,,,560,,,,,,,,,,,,,
169.13239,1274,0.0,56800,0.0,100.0,44,0.02713465318083763,3.4385389619804694,0.0,0.0,564,0.25799999999999995,0.2281036323402077,0.0003,27.93926727771759,-20.528033554553986,-18.4154904037714,6976,0.15668930229730904,96.03999999999999,96.03999999999999,0.027208937506657094,0.028460127796279266,0.05764472117880359
169.13239,1274,0.0,56800,,100.0,44,0.02713465318083763,,,,568,,,,,,,,,,,,,
171.47693,1296,0.0,57600,0.0,100.0,44,0.027164192870259285,3.2092361078826688,0.0,0.0,572,0.132,0.23331261705607176,0.0003,28.51086062192917,-21.010737597942352,-18.306392192840576,7104,0.1571690186392516,96.03999999999999,96.03999999999999,0.028726117016049102,0.027535220375284553,0.05856449558632448
171.47693,1296,0.0,57600,,100.0,44,0.027164192870259285,,,,576,,,,,,,,,,,,,
173.14813,1319,0.0,58400,0.0,100.0,44,0.027192359790205956,3.646935865417971,0.0,0.0,580,0.204,0.22658339352346957,0.0003,27.859499990940094,-21.765291929244995,-18.149039700627327,7232,0.15660779224708676,96.03999999999999,96.03999999999999,0.027153354021720588,0.02666323140147142,0.058417369436938316
173.14813,1319,0.0,58400,,100.0,44,0.027192359790205956,,,,584,,,,,,,,,,,,,
171.97557,1332,0.0,59200,0.0,100.0,44,0.027207573875784874,3.302521149457421,0.0,0.0,588,0.18899999999999997,0.22572481795214117,0.0003,27.456091672182083,-21.96134442090988,-17.91896240413189,7296,0.1579966126009822,96.03999999999999,96.03999999999999,0.027190920751309022,0.02624633422237821,0.0553491574828513
171.97557,1332,0.0,59200,,100.0,44,0.027207573875784874,,,,592,,,,,,,,,,,,,
173.335,1355,0.0,60000,0.0,100.0,44,0.027236228808760643,3.9802263129032855,0.0,0.0,596,0.26099999999999995,0.2277764508035034,0.0003,27.7967569231987,-22.72177764773369,-18.071133695542812,7424,0.15604712162166834,96.03999999999999,96.03999999999999,0.02678424955229275,0.02542893245117739,0.056306350335944444
173.335,1355,0.0,60000,,100.0,44,0.027236228808760643,,,,600,,,,,,,,,,,,,
173.94366,1368,0.0,60800,0.0,100.0,44,0.027250180020928383,2.9963666065082486,0.0,0.0,604,0.25199999999999995,0.2288959426805377,0.0003,27.174070298671722,-23.1966735124588,-19.043992593884468,7488,0.15990021405741572,94.11919999999999,94.11919999999999,0.02548754046438262,0.025012842466821894,0.05451501766219735
173.94366,1368,0.0,60800,,100.0,44,0.027250180020928383,,,,608,,,,,,,,,,,,,
174.64182,1391,0.0,61600,0.0,100.0,44,0.027281221002340317,3.3589368673050277,0.0,0.0,612,0.12299999999999997,0.22741299797780812,0.0003,27.05711930990219,-24.3096564412117,-17.129929296672344,7616,0.15424617612734437,94.11919999999999,94.11919999999999,0.024504310684278607,0.02423114376142621,0.05466208007419482
174.64182,1391,0.0,61600,,100.0,44,0.027281221002340317,,,,616,,,,,,,,,,,,,
176.4392,1404,0.0,62400,0.0,100.0,44,0.027296388521790504,3.490911789079029,0.0,0.0,620,0.18899999999999997,0.22904555033892393,0.0003,27.210938274860382,-24.46912321448326,-17.746110692620277,7680,0.1558680161833763,94.11919999999999,94.11919999999999,0.024961805786006153,0.023854869476053864,0.053943748644087464
176.4392,1404,0.0,62400,,100.0,44,0.027296388521790504,,,,624,,,,,,,,,,,,,
177.64832,1426,0.0,63200,0.0,100.0,44,0.027327287942171097,3.506232908275686,0.0,0.0,628,0.162,0.22557134181261063,0.0003,26.643941432237625,-24.73873198032379,-17.987788006663322,7808,0.15947977476753294,94.11919999999999,94.11919999999999,0.024318278970895335,0.02309639533632435,0.052126378344837576
177.64832,1426,0.0,63200,,100.0,44,0.027327287942171097,,,,632,,,,,,,,,,,,,
179.57626,1439,0.0,64000,0.0,100.0,44,0.027340520173311234,3.6423699523500512,0.0,0.0,636,0.22499999999999998,0.2257338936906308,0.0003,26.707631081342697,-25.237041264772415,-18.242011174559593,7872,0.15687908907420933,94.11919999999999,94.11919999999999,0.02479726474848576,0.022721087792888284,0.05236124084331095
179.57626,1439,0.0,64000,,100.0,44,0.027340520173311234,,,,640,,,,,,,,,,,,,
179.57799,1463,0.0,64800,0.0,100.0,44,0.027367431670427322,3.2975983583378228,0.0,0.0,644,0.14399999999999996,0.22325949114747345,0.0003,26.329976350069046,-26.07390069961548,-16.1397665143013,8000,0.15510590956546366,94.11919999999999,94.11919999999999,0.023762484444887377,0.02198894732282497,0.051110273227095604
179.57799,1463,0.0,64800,,100.0,44,0.027367431670427322,,,,648,,,,,,,,,,,,,
179.52762,1485,0.0,65600,0.0,100.0,44,0.02739759348332882,2.99684795291093,0.0,0.0,652,0.14699999999999996,0.22384679387323558,0.0003,26.34608483314514,-26.624250650405884,-18.155176989734173,8128,0.15605865977704525,94.11919999999999,94.11919999999999,0.02258298551896587,0.02130617297370918,0.05007375968853012
179.52762,1485,0.0,65600,,100.0,44,0.02739759348332882,,,,656,,,,,,,,,,,,,
179.81067,1498,0.0,66400,0.0,100.0,44,0.02741275168955326,3.7087178283400664,0.0,0.0,660,0.13799999999999998,0.2220074227079749,0.0003,26.251954197883606,-26.77140310406685,-17.39873068779707,8192,0.15506626688875258,94.11919999999999,94.11919999999999,0.024642730480991304,0.020959949324605986,0.05105675966478884
179.81067,1498,0.0,66400,,100.0,44,0.02741275168955326,,,,664,,,,,,,,,,,,,
179.68332,1521,0.0,67200,0.0,100.0,44,0.02744283899664879,3.115498362218917,0.0,0.0,668,0.15,0.22144994349218905,0.0003,26.205353289842606,-27.132089018821716,-16.95144810527563,8320,0.15613764547742903,94.11919999999999,94.11919999999999,0.026121140486793593,0.020319325878517702,0.050860997929703444
179.68332,1521,0.0,67200,,100.0,44,0.02744283899664879,,,,672,,,,,,,,,,,,,
180.21567,1534,0.0,68000,0.0,100.0,44,0.02745811827480793,3.6682969372213097,0.0,0.0,676,0.19499999999999995,0.23899558861739933,0.0003,28.292624294757843,-27.175911128520966,-17.5974190980196,8384,0.15836584568023682,94.11919999999999,94.11919999999999,0.02461122747627087,0.019993183290353045,0.05351338197942823
180.21567,1534,0.0,68000,,100.0,44,0.02745811827480793,,,,680,,,,,,,,,,,,,
182.56209,1558,0.0,68800,0.0,100.0,44,0.027489032596349716,3.6158773791065153,0.0,0.0,684,0.19799999999999998,0.22024281695485115,0.0003,26.17567351460457,-28.038602352142334,-15.602334931492805,8512,0.15565838292241096,94.11919999999999,94.11919999999999,0.024629099789308384,0.019388761167647317,0.051375807903241366
182.56209,1558,0.0,68800,,100.0,44,0.027489032596349716,,,,688,,,,,,,,,,,,,
180.90659,1571,0.0,69600,0.0,100.0,44,0.02750338241457939,3.414138370022091,0.0,0.0,692,0.15,0.2194129356648773,0.0003,26.00343069434166,-28.249913305044174,-16.360201567411423,8576,0.15678404993377626,94.11919999999999,94.11919999999999,0.024363954755244777,0.019092206755885854,0.0504991466877982
180.90659,1571,0.0,69600,,100.0,44,0.02750338241457939,,,,696,,,,,,,,,,,,,
181.24521,1593,0.0,70400,0.0,100.0,44,0.027534175664186478,3.257264751461907,0.0,0.0,700,0.222,0.22118467488326132,0.0003,25.901624530553818,-28.692412704229355,-16.488805316388607,8704,0.15807268721982837,94.11919999999999,94.11919999999999,0.02353333556675352,0.018509860499762,0.047485232062172145
181.24521,1593,0.0,70400,,100.0,44,0.027534175664186478,,,,704,,,,,,,,,,,,,
181.38751,1616,0.0,71200,0.0,100.0,44,0.027564216405153275,3.2956637967692357,0.0,0.0,708,0.041999999999999996,0.2223271280527115,0.0003,26.05824762582779,-29.303366988897324,-15.263906568288803,8832,0.15780074964277446,94.11919999999999,94.11919999999999,0.023037448365357704,0.017943724669748917,0.04773989861132577
181.38751,1616,0.0,71200,,100.0,44,0.027564216405153275,,,,712,,,,,,,,,,,,,
181.58739,1629,0.0,72000,0.0,100.0,44,0.027577901259064674,3.103338985821819,0.0,0.0,716,0.09899999999999999,0.22284387657418847,0.0003,26.149321407079697,-26.200491458177567,-17.48469303548336,8896,0.1863515805453062,94.11919999999999,94.11919999999999,0.028924826270667836,0.017658268887316808,0.04822701419470832
181.58739,1629,0.0,72000,,100.0,44,0.027577901259064674,,,,720,,,,,,,,,,,,,
182.07364,1653,0.0,72800,0.0,100.0,44,0.02760595828294754,3.706868310696837,0.0,0.0,724,0.165,0.21689028944820166,0.0003,25.76541566848755,-29.68840828537941,-17.415889896452427,9024,0.15693714353255928,94.11919999999999,94.11919999999999,0.026535995202721097,0.017115946975536644,0.049730267375707626
182.07364,1653,0.0,72800,,100.0,44,0.02760595828294754,,,,728,,,,,,,,,,,,,
183.09514,1667,0.0,73600,0.0,100.0,44,0.027619460597634315,3.7858004598766946,0.0,0.0,732,0.144,0.21904377010650933,0.0003,25.79025349020958,-29.629006057977676,-16.47386346757412,9088,0.16099610878154635,94.11919999999999,94.11919999999999,0.02643226194777526,0.01683204129221849,0.04802842187928036
183.09514,1667,0.0,73600,,100.0,44,0.027619460597634315,,,,736,,,,,,,,,,,,,
183.4712,1690,0.0,74400,0.0,100.0,44,0.02764805220067501,3.7070788130508094,0.0,0.0,740,0.25799999999999995,0.21704433346167207,0.0003,25.599537909030914,-30.829776912927628,-14.576593808829784,9216,0.1554100955836475,94.11919999999999,94.11919999999999,0.02452282291778829,0.01631880534114316,0.04803190514212474
183.4712,1690,0.0,74400,,100.0,44,0.02764805220067501,,,,744,,,,,,,,,,,,,
185.78131,1703,0.0,75200,0.09857498547208106,100.0,44,0.02766057848930359,3.6895378008702444,0.0,0.39,748,0.18899999999999997,0.21614651498384774,0.0003,25.477729082107544,-31.168681651353836,-15.934615179896355,9280,0.15552168618887663,94.11919999999999,94.11919999999999,0.02422013526665978,0.016073939157649875,0.04697156371548772
185.78131,1703,0.0,75200,,100.0,44,0.02766057848930359,,,,752,,,,,,,,,,,,,
184.9934,1726,0.0,76000,0.0,100.0,44,0.027686020359396935,2.99849823457878,0.0,0.0,756,0.11099999999999997,0.21850476041436195,0.0003,25.88788366317749,-31.355373710393906,-16.062296841293573,9408,0.15773409232497215,94.11919999999999,94.11919999999999,0.025111228387686424,0.015571233161608689,0.04936092795105651
184.9934,1726,0.0,76000,,100.0,44,0.027686020359396935,,,,760,,,,,,,,,,,,,
185.4206,1741,0.0,76800,0.0,100.0,44,0.027699485421180725,3.5132988420395033,0.0,0.0,764,0.26099999999999995,0.21804277366027236,0.0003,25.9395232796669,-31.441359728574753,-15.023503996431828,9472,0.15870487014763057,94.11919999999999,94.11919999999999,0.025826576544204727,0.015330383117543533,0.04976482369238511
185.4206,1741,0.0,76800,,100.0,44,0.027699485421180725,,,,768,,,,,,,,,,,,,
187.08324,1764,0.0,77600,0.0,100.0,43,0.027726877480745316,3.7053437610269877,0.0,0.0,772,0.14699999999999996,0.21478708111681044,0.0003,25.45074874162674,-32.024195343256,-15.67781326919794,9600,0.15783409168943763,94.11919999999999,94.11919999999999,0.026258105062879622,0.014874618776957504,0.04816236725309864
187.08324,1764,0.0,77600,,100.0,43,0.027726877480745316,,,,776,,,,,,,,,,,,,
186.26604,1786,0.0,78400,0.0,100.0,43,0.02775215357542038,3.4886452728310036,0.0,0.0,780,0.20099999999999998,0.2153006000444293,0.0003,25.492479383945465,-32.55175471305847,-15.703344829380512,9728,0.15741112222895026,94.11919999999999,94.11919999999999,0.02533667249372229,0.014415305035072379,0.04691351077053696
186.26604,1786,0.0,78400,,100.0,43,0.02775215357542038,,,,784,,,,,,,,,,,,,
188.13077,1799,0.0,79200,0.0,100.0,44,0.027765441685914993,3.4348176644572668,0.0,0.0,788,0.153,0.21563968574628234,0.0003,25.432462602853775,-32.88060989975929,-15.23536679148674,9792,0.15854108869098127,94.11919999999999,94.11919999999999,0.024846037093084306,0.01419319590786472,0.04671774053713307
188.13077,1799,0.0,79200,,100.0,44,0.027765441685914993,,,,792,,,,,,,,,,,,,
188.17921,1822,0.0,80000,0.0,100.0,43,0.027793457731604576,3.6243964864805505,0.0,0.0,796,0.153,0.21068314369767904,0.0003,25.033317983150482,-33.28385576605797,-13.410990826785564,9920,0.15716792806051672,94.11919999999999,94.11919999999999,0.026599919685395434,0.013793210659059696,0.04706481454195455
188.17921,1822,0.0,80000,,100.0,43,0.027793457731604576,,,,800,,,,,,,,,,,,,
190.73438,1835,0.0,80800,0.0,100.0,44,0.027808791026473045,4.031900684110583,0.0,0.0,804,0.14699999999999996,0.20869036670774221,0.0003,24.294276028871536,-34.44029426574707,-13.501439161598682,9984,0.1529510235413909,92.23681599999999,92.23681599999999,0.025249747006455436,0.01360466200276278,0.04552582954056561
190.73438,1835,0.0,80800,,100.0,44,0.027808791026473045,,,,808,,,,,,,,,,,,,
191.9006,1858,0.0,81600,0.0,100.0,43,0.027833156287670135,2.9032465596177435,0.0,0.0,812,0.08099999999999997,0.2096513060387224,0.0003,24.314159721136093,-34.906334578990936,-14.012617625296116,10112,0.15352743584662676,92.23681599999999,92.23681599999999,0.024934579560067505,0.013196732732467353,0.04539540089899674
191.9006,1858,0.0,81600,,100.0,43,0.027833156287670135,,,,816,,,,,,,,,,,,,
191.95293,1871,0.0,82400,0.0,100.0,44,0.027848007157444954,3.4289777300219826,0.0,0.0,820,0.17099999999999999,0.211674201535061,0.0003,24.63117653131485,-35.218038976192474,-13.788662642240524,10176,0.15189250535331666,92.23681599999999,92.23681599999999,0.025411613765754737,0.013009925853111781,0.0467850835993886
191.95293,1871,0.0,82400,,100.0,44,0.027848007157444954,,,,824,,,,,,,,,,,,,
192.06802,1893,0.0,83200,0.0,100.0,43,0.027874641120433807,4.081988763705635,0.0,0.0,828,0.18899999999999997,0.2116738515906036,0.0003,24.806792080402374,-35.20494747161865,-14.88177365809679,10304,0.15685132844373584,92.23681599999999,92.23681599999999,0.025839998794253916,0.012611703728907742,0.047912704932969064
192.06802,1893,0.0,83200,,100.0,43,0.027874641120433807,,,,832,,,,,,,,,,,,,
193.02303,1917,0.0,84000,0.0,100.0,43,0.02790253981947899,3.8857705306904364,0.0,0.0,836,0.17099999999999999,0.20693309442140162,0.0003,24.15866842865944,-36.16636437177658,-14.046316012740135,10432,0.15160417184233665,92.23681599999999,92.23681599999999,0.025889952506986447,0.012246940837940201,0.04586400423431769
193.02303,1917,0.0,84000,,100.0,43,0.02790253981947899,,,,840,,,,,,,,,,,,,
191.0257,1930,0.0,84800,0.0,100.0,43,0.027912583202123642,3.1041084394209886,0.0,0.0,844,0.087,0.20862061576917768,0.0003,24.328148066997528,-36.35778695344925,-15.75041127949953,10496,0.15253764763474464,92.23681599999999,92.23681599999999,0.025925654859747738,0.012055707746185362,0.04617132997373119
191.0257,1930,0.0,84800,,100.0,43,0.027912583202123642,,,,848,,,,,,,,,,,,,
191.60855,1952,0.0,85600,0.0,100.0,43,0.027936315163969994,3.992924351210888,0.0,0.0,852,0.24899999999999994,0.20592737360857427,0.0003,23.893043339252472,-36.872846364974976,-14.769371833652258,10624,0.1532594475429505,92.23681599999999,92.23681599999999,0.024735493410844356,0.011682026946800761,0.0434684942883905
191.60855,1952,0.0,85600,,100.0,43,0.027936315163969994,,,,856,,,,,,,,,,,,,
189.81688,1966,0.0,86400,0.0,100.0,43,0.02794707380235195,3.347062781273995,0.0,0.0,860,0.129,0.20751291513442993,0.0003,24.227813690900803,-36.96668028831482,-13.972885366529226,10688,0.1532272247131914,92.23681599999999,92.23681599999999,0.026309280889108777,0.011500725755468011,0.045924050093162805
189.81688,1966,0.0,86400,,100.0,43,0.02794707380235195,,,,864,,,,,,,,,,,,,
190.90381,1989,0.0,87200,0.0,100.0,43,0.02797127328813076,3.5447554607572194,0.0,0.0,868,0.18899999999999997,0.20411566807888448,0.0003,23.619501292705536,-37.28619694709778,-12.410537408664823,10816,0.15673288609832525,92.23681599999999,92.23681599999999,0.024319434858625755,0.011184699411387555,0.042571326543111354
190.90381,1989,0.0,87200,,100.0,43,0.02797127328813076,,,,872,,,,,,,,,,,,,
191.0923,2003,0.0,88000,0.0,100.0,43,0.027983687818050385,3.8566407979024886,0.0,0.0,876,0.14100000000000001,0.2029113406315446,0.0003,23.566316455602646,-38.06465530395508,-13.413323894143105,10880,0.1504362926352769,92.23681599999999,92.23681599999999,0.02464595863420982,0.011032246751710773,0.043177512765396386
191.0923,2003,0.0,88000,,100.0,43,0.027983687818050385,,,,880,,,,,,,,,,,,,
193.06697,2025,0.0,88800,0.0,100.0,43,0.028006741777062416,4.253811144968887,0.0,0.0,884,0.25799999999999995,0.20544121833518147,0.0003,23.838917523622513,-38.581828594207764,-12.479929476976395,11008,0.15157624008134007,92.23681599999999,92.23681599999999,0.023236078763147816,0.010721906728576869,0.04321973450714722
193.06697,2025,0.0,88800,,100.0,43,0.028006741777062416,,,,888,,,,,,,,,,,,,
193.55571,2038,0.0,89600,0.0,100.0,43,0.028017261996865273,4.118204342329377,0.0,0.0,892,0.22199999999999995,0.20447933441028,0.0003,23.749752551317215,-38.91352421045303,-12.871055917814374,11072,0.15008887532167137,92.23681599999999,92.23681599999999,0.024405806296272203,0.010575492327916436,0.04259957012254745
193.55571,2038,0.0,89600,,100.0,43,0.028017261996865273,,,,896,,,,,,,,,,,,,
192.16322,2062,0.0,90400,0.0,100.0,43,0.028039444237947464,4.0497030873623565,0.0,0.0,900,0.165,0.20446939603425562,0.0003,23.701940834522247,-38.646182119846344,-12.547127751167864,11200,0.1578291344922036,92.23681599999999,92.23681599999999,0.024639913550345227,0.010275024746078998,0.04232788074295968
192.16322,2062,0.0,90400,,100.0,43,0.028039444237947464,,,,904,,,,,,,,,,,,,
192.67738,2084,0.0,91200,0.0,100.0,43,0.028061987832188606,3.862355678829831,0.0,0.0,908,0.22799999999999998,0.2001607264392078,0.0003,23.338328570127487,-39.871544659137726,-11.23697587940842,11328,0.15143570117652416,92.23681599999999,92.23681599999999,0.02319804376747925,0.009998912049923092,0.042493384215049446
192.67738,2084,0.0,91200,,100.0,43,0.028061987832188606,,,,912,,,,,,,,,,,,,
194.20789,2098,0.0,92000,0.0,100.0,43,0.02806948870420456,3.7608391984328766,0.0,0.0,916,0.11399999999999999,0.20297460327856243,0.0003,23.684682607650757,-40.20476990938187,-11.993652469129302,11392,0.1490651099011302,92.23681599999999,92.23681599999999,0.023740989534417167,0.009871604517684318,0.04318548337323591
194.20789,2098,0.0,92000,,100.0,43,0.02806948870420456,,,,920,,,,,,,,,,,,,
195.259,2121,0.0,92800,0.0,100.0,43,0.028092416003346443,3.6876269883072696,0.0,0.0,924,0.156,0.20424473215825856,0.0003,23.961801677942276,-40.26332551240921,-8.68670234293677,11520,0.15173255652189255,92.23681599999999,92.23681599999999,0.025388797948835418,0.009622519501135685,0.044531993131386116
195.259,2121,0.0,92800,,100.0,43,0.028092416003346443,,,,928,,,,,,,,,,,,,
194.95593,2134,0.0,93600,0.0,100.0,43,0.02810545638203621,3.8609564992219725,0.0,0.0,932,0.15,0.20434149587526917,0.0003,23.75788500905037,-40.632203340530396,-10.72104843147099,11584,0.1525428870227188,92.23681599999999,92.23681599999999,0.024195952646550722,0.009519455648842268,0.042732472298666835
194.95593,2134,0.0,93600,,100.0,43,0.02810545638203621,,,,936,,,,,,,,,,,,,
196.39622,2157,0.0,94400,0.0,100.0,43,0.028125610202550888,4.0653017092176515,0.0,0.0,940,0.19499999999999995,0.19928538519889116,0.0003,23.281008899211884,-40.98224097490311,-12.345598449464887,11712,0.15232758922502398,92.23681599999999,92.23681599999999,0.024601967335911468,0.009262495179427788,0.04244311834918335
196.39622,2158,0.0,94400,,100.0,43,0.028125610202550888,,,,944,,,,,,,,,,,,,
196.9199,2171,0.0,95200,0.0,100.0,43,0.02813328243792057,3.748314848942562,0.0,0.0,948,0.22799999999999998,0.19856849499046803,0.0003,23.27335834503174,-41.143362402915955,-13.603524666279554,11776,0.1516072389204055,92.23681599999999,92.23681599999999,0.025776097580092028,0.009119348265812732,0.04339322494342923
196.9199,2171,0.0,95200,,100.0,43,0.02813328243792057,,,,952,,,,,,,,,,,,,
197.68427,2194,0.0,96000,0.0,100.0,43,0.028151290491223335,3.792032276859727,0.0,0.0,956,0.22499999999999998,0.19814053364098072,0.0003,23.13718557357788,-41.97400778532028,-12.64678153116256,11904,0.15048343408852816,92.23681599999999,92.23681599999999,0.02350662504613865,0.008875724975951016,0.041876926843542606
197.68427,2194,0.0,96000,,100.0,43,0.028151290491223335,,,,960,,,,,,,,,,,,,
198.61407,2217,0.0,96800,0.0,100.0,43,0.028167936950922012,3.7995509594478176,0.0,0.0,964,0.18599999999999997,0.20570229180157185,0.0003,23.94091534614563,-41.91714304685593,-10.688904376933351,12032,0.15554359019733965,92.23681599999999,92.23681599999999,0.02401714243751485,0.00863117360859178,0.041348884522449225
198.61407,2217,0.0,96800,,100.0,43,0.028167936950922012,,,,968,,,,,,,,,,,,,
200.02676,2230,0.0,97600,0.0,100.0,43,0.028179015964269638,3.718546391238815,0.0,0.0,972,0.264,0.20242229430004954,0.0003,23.44390904903412,-42.02606505155563,-11.24402676243335,12096,0.1562773233745247,92.23681599999999,92.23681599999999,0.02455803747579921,0.00852082525670994,0.040973360009957105
200.02676,2230,0.0,97600,,100.0,43,0.028179015964269638,,,,976,,,,,,,,,,,,,
197.5174,2253,0.0,98400,0.0,100.0,43,0.028192948549985886,3.594017582757818,0.0,0.0,980,0.18599999999999997,0.20141064678318799,0.0003,23.464127779006958,-42.88213133811951,-10.590180670842528,12224,0.15276596159674227,92.23681599999999,92.23681599999999,0.024176280538085848,0.008282285125460476,0.04132113014929928
197.5174,2253,0.0,98400,,100.0,43,0.028192948549985886,,,,984,,,,,,,,,,,,,
197.42284,2266,0.0,99200,0.0,100.0,43,0.028201837092638016,4.144949659796773,0.0,0.0,988,0.22499999999999998,0.20016840705648065,0.0003,23.363088309764862,-41.174956023693085,-8.203543367329985,12288,0.17152704764157534,92.23681599999999,92.23681599999999,0.026961393537931144,0.008180673336028121,0.04079992588958703
197.42284,2266,0.0,99200,,100.0,43,0.028201837092638016,,,,992,,,,,,,,,,,,,
199.35693,2289,0.0,100000,0.0,100.0,43,0.02821894735097885,4.330059678134696,0.0,0.0,996,0.3,0.20134250191040337,0.0003,23.427552968263626,-43.70524221658707,-8.590007888153195,12416,0.15185041399672627,92.23681599999999,92.23681599999999,0.023252902625245042,0.007977471148478799,0.040729110507527366
199.35693,2289,0.0,100000,,100.0,43,0.02821894735097885,,,,1000,,,,,,,,,,,,,
201.80492,2303,0.0,100800,0.1073869925415396,100.0,43,0.028225675225257874,4.577665939594841,0.0,0.39,1004,0.264,0.19840736244805157,0.0003,22.586379528045654,-44.461352705955505,-10.16293974313885,12480,0.15122426906600595,90.39207968,90.39207968,0.022202663589268923,0.007888349253335036,0.03928031033137813
201.80492,2303,0.0,100800,,100.0,43,0.028225675225257874,,,,1008,,,,,,,,,,,,,
203.02017,2326,0.0,101600,0.0,100.0,43,0.028242014348506927,3.8005203061733717,0.0,0.0,1012,0.23999999999999996,0.19735898915678263,0.0003,22.66670498251915,-44.66338092088699,-10.405655914451927,12608,0.15089558344334364,90.39207968,90.39207968,0.02599867884418927,0.007684595686441753,0.04157384758582339
203.02017,2326,0.0,101600,,100.0,43,0.028242014348506927,,,,1016,,,,,,,,,,,,,
205.0209,2340,0.0,102400,0.0,100.0,43,0.02825038507580757,4.457169845128282,0.0,0.0,1020,0.22499999999999998,0.1964972314890474,0.0003,22.65020313858986,-45.130384027957916,-8.685329131316394,12672,0.15005440264940262,90.39207968,90.39207968,0.02421948172559496,0.007592912304971833,0.04198444390203804
205.0209,2340,0.0,102400,,100.0,43,0.02825038507580757,,,,1024,,,,,,,,,,,,,
205.30206,2363,0.0,103200,0.0,100.0,43,0.028264323249459267,4.391328614029715,0.0,0.0,1028,0.22199999999999995,0.19914689101278782,0.0003,22.943103671073914,-45.51964992284775,-9.703481975244358,12800,0.15088365483097732,90.39207968,90.39207968,0.024741785848164,0.007392503699520603,0.04205583824659698
205.30206,2363,0.0,103200,,100.0,43,0.028264323249459267,,,,1032,,,,,,,,,,,,,
206.96515,2385,0.0,104000,0.13395793600102,100.0,43,0.02827860601246357,3.742247078587376,0.0,0.36,1036,0.26099999999999995,0.19760658079758286,0.0003,22.908567905426025,-46.106471478939056,-9.665042142383754,12928,0.1501812122296542,90.39207968,90.39207968,0.025937117141438648,0.007215784244181123,0.04295650913263671
206.96515,2385,0.0,104000,,100.0,43,0.02827860601246357,,,,1040,,,,,,,,,,,,,
207.89737,2398,0.0,104800,0.0,100.0,43,0.028284449130296707,4.038402047803207,0.0,0.0,1044,0.22499999999999998,0.19925997569225729,0.0003,23.141852259635925,-46.51180237531662,-10.860531085636467,12992,0.14849045290611684,90.39207968,90.39207968,0.02546078318846412,0.0071186913482961245,0.04273672998533584
207.89737,2398,0.0,104800,,100.0,43,0.028284449130296707,,,,1048,,,,,,,,,,,,,
209.00998,2421,0.0,105600,0.0,100.0,43,0.028295256197452545,3.839104686522981,0.0,0.0,1052,0.22499999999999998,0.19469452532939613,0.0003,22.539881974458694,-46.68775391578674,-8.412662443472072,13120,0.15133155044168234,90.39207968,90.39207968,0.027158400393091142,0.0069410588694154285,0.04236732894787565
209.00998,2421,0.0,105600,,100.0,43,0.028295256197452545,,,,1056,,,,,,,,,,,,,
207.12627,2434,0.0,106400,0.0,100.0,43,0.02830313891172409,3.6128660589266657,0.0,0.0,1060,0.21599999999999997,0.19606887642294168,0.0003,22.792646169662476,-47.068015396595,-6.747990649309941,13184,0.1510674215387553,90.39207968,90.39207968,0.02580121933715418,0.006871164317999501,0.04219215817283839
207.12627,2434,0.0,106400,,100.0,43,0.02830313891172409,,,,1064,,,,,,,,,,,,,
207.63,2457,0.0,107200,0.0,100.0,43,0.02831878699362278,3.9714818220322723,0.0,0.0,1068,0.18899999999999997,0.19729223102331161,0.0003,22.876391917467117,-47.50945109128952,-7.779094046680257,13312,0.15054554608650506,90.39207968,90.39207968,0.026303460501367226,0.006722086618538015,0.042581116140354425
207.63,2457,0.0,107200,,100.0,43,0.02831878699362278,,,,1072,,,,,,,,,,,,,
207.45268,2470,0.0,108000,0.0,100.0,43,0.02832198329269886,3.425463824049075,0.0,0.0,1076,0.14699999999999996,0.19788282690569758,0.0003,22.662097364664078,-46.65931135416031,-10.76929092220962,13376,0.16323965648189187,90.39207968,90.39207968,0.024914142850320786,0.0066434319742256775,0.0394756278838031
207.45268,2470,0.0,108000,,100.0,43,0.02832198329269886,,,,1080,,,,,,,,,,,,,
207.95569,2493,0.0,108800,0.0,100.0,43,0.02832932025194168,4.177105814485792,0.0,0.0,1084,0.174,0.19777051941491663,0.0003,22.656877011060715,-48.12795054912567,-10.616512628272176,13504,0.15475406777113676,90.39207968,90.39207968,0.02481677255127579,0.006468923485954292,0.03943490661913529
207.95569,2493,0.0,108800,,100.0,43,0.02832932025194168,,,,1088,,,,,,,,,,,,,
209.34807,2516,0.0,109600,0.0,100.0,43,0.028338871896266937,4.620353945522038,0.0,0.0,1092,0.26099999999999995,0.19416314759291708,0.0003,22.426782220602036,-49.20322358608246,-6.41571548441425,13632,0.1483082533814013,90.39207968,90.39207968,0.02434962884581182,0.0063061531545827165,0.04083851448376663
209.34807,2516,0.0,109600,,100.0,43,0.028338871896266937,,,,1096,,,,,,,,,,,,,
208.60722,2529,0.0,110400,0.0,100.0,43,0.028342729434370995,4.417003014045299,0.0,0.0,1100,0.3,0.19798124441877007,0.0003,22.836063355207443,-49.27980649471283,-8.785046299919486,13696,0.14894027658738196,90.39207968,90.39207968,0.02525507879909128,0.0062433090060949326,0.04070711741223931
208.60722,2529,0.0,110400,,100.0,43,0.028342729434370995,,,,1104,,,,,,,,,,,,,
207.23419,2551,0.0,111200,0.0,100.0,43,0.02834426425397396,3.950176172211459,0.0,0.0,1108,0.25199999999999995,0.19895497430115938,0.0003,23.088402271270752,-50.01155358552933,-8.925511869136244,13824,0.14810958062298596,90.39207968,90.39207968,0.024418592307483777,0.006073722237488255,0.04182843380840495
207.23419,2551,0.0,111200,,100.0,43,0.02834426425397396,,,,1112,,,,,,,,,,,,,
205.15791,2564,0.0,112000,0.0,100.0,43,0.028347020968794823,3.6453775463860625,0.0,0.0,1116,0.15599999999999997,0.19302986725233495,0.0003,22.336157649755478,-50.208743929862976,-7.2807837093714625,13888,0.14780571835581213,90.39207968,90.39207968,0.025295138839283027,0.0059997504140483215,0.04009693913394585
205.15791,2564,0.0,112000,,100.0,43,0.028347020968794823,,,,1120,,,,,,,,,,,,,
204.44034,2587,0.0,112800,0.0,100.0,43,0.02835715375840664,3.851538472138307,0.0,0.0,1124,0.26999999999999996,0.19392030709423125,0.0003,22.51355966925621,-50.36343318223953,-6.659012604737654,14016,0.15177355776540935,90.39207968,90.39207968,0.02511579086421989,0.005870623361261096,0.040834940562490374
204.44034,2587,0.0,112800,,100.0,43,0.02835715375840664,,,,1128,,,,,,,,,,,,,
202.08957,2600,0.0,113600,0.0,100.0,43,0.028358832001686096,3.798575913131582,0.0,0.0,1132,0.23099999999999998,0.19344083778560162,0.0003,22.340983241796494,-50.66451847553253,-7.54899475700222,14080,0.15179722686298192,90.39207968,90.39207968,0.025148697925033048,0.005811063259898219,0.04057218783418648
202.08957,2600,0.0,113600,,100.0,43,0.028358832001686096,,,,1136,,,,,,,,,,,,,
201.78592,2622,0.0,114400,0.0,100.0,43,0.028363730758428574,3.4986278810817386,0.0,0.0,1140,0.204,0.19339906703680754,0.0003,22.4120734333992,-51.46014976501465,-8.89945951430127,14208,0.14959495747461915,90.39207968,90.39207968,0.023826462303986773,0.005679093177604955,0.04059786596917547
201.78592,2622,0.0,114400,,100.0,43,0.028363730758428574,,,,1144,,,,,,,,,,,,,
201.40982,2636,0.0,115200,0.0,100.0,43,0.028363879770040512,3.7565103382403295,0.0,0.0,1148,0.264,0.19237438822165132,0.0003,22.343941181898117,-51.629992842674255,-7.850727379322052,14272,0.14922219375148416,90.39207968,90.39207968,0.02485648541187402,0.005616396047116723,0.04018131643533707
201.40982,2636,0.0,115200,,100.0,43,0.028363879770040512,,,,1152,,,,,,,,,,,,,
201.12067,2658,0.0,116000,0.0,100.0,43,0.02836582250893116,3.2771854740708926,0.0,0.0,1156,0.23999999999999996,0.1897378226276487,0.0003,22.07113426923752,-52.06503927707672,-6.992705305106938,14400,0.14902283065021038,90.39207968,90.39207968,0.02574742175056599,0.005489687529916409,0.04058814118616283
201.12067,2658,0.0,116000,,100.0,43,0.02836582250893116,,,,1160,,,,,,,,,,,,,
201.99129,2681,0.0,116800,0.0,100.0,43,0.028368523344397545,4.263180284122402,0.0,0.0,1164,0.26099999999999995,0.1913572889752686,0.0003,22.171882808208466,-52.50805747509003,-5.985485909506679,14528,0.15072664711624384,90.39207968,90.39207968,0.024631825683172792,0.0053755708649987355,0.039109328732592985
201.99129,2681,0.0,116800,,100.0,43,0.028368523344397545,,,,1168,,,,,,,,,,,,,
203.1872,2695,0.0,117600,0.0,100.0,43,0.028369832783937454,4.3015742144553455,0.0,0.0,1172,0.264,0.19141676952131093,0.0003,22.29292941093445,-52.91078597307205,-6.224358164006844,14592,0.14887548726983368,90.39207968,90.39207968,0.024907281331252307,0.005324323305103462,0.04069350374629721
203.1872,2695,0.0,117600,,100.0,43,0.028369832783937454,,,,1176,,,,,,,,,,,,,
206.09837,2718,0.0,118400,0.0,100.0,43,0.028372634202241898,4.209497282965487,0.0,0.0,1180,0.26099999999999995,0.18951208284124732,0.0003,21.989814907312393,-53.68874150514603,-4.786708803731017,14720,0.14687122195027769,90.39207968,90.39207968,0.022978850451181643,0.005224487649684306,0.03928351736976765
206.09837,2718,0.0,118400,,100.0,43,0.028372634202241898,,,,1184,,,,,,,,,,,,,
205.98306,2732,0.0,119200,0.0,100.0,43,0.028372708708047867,4.6098631870602675,0.0,0.0,1188,0.294,0.18940309365279973,0.0003,22.078097373247147,-53.99407505989075,-4.9277349094627425,14784,0.14602777967229486,90.39207968,90.39207968,0.02337207146047149,0.005184022164030466,0.03958789864555001
205.98306,2732,0.0,119200,,100.0,43,0.028372708708047867,,,,1192,,,,,,,,,,,,,
204.1908,2755,0.0,120000,0.0,100.0,43,0.028378445655107498,3.8785849618439965,0.0,0.0,1196,0.195,0.18759387801401317,0.0003,21.80341586470604,-54.9957150220871,-1.785234882379882,14912,0.14360139076597989,90.39207968,90.39207968,0.02182354273099918,0.00511447575991042,0.03847776254406199
204.1908,2755,0.0,120000,,100.0,43,0.028378445655107498,,,,1200,,,,,,,,,,,,,
202.36493,2768,0.0,120800,0.0,100.0,43,0.028384320437908173,3.7618487321721323,0.0,0.0,1204,0.264,0.18998645874671638,0.0003,21.87068772315979,-55.5061394572258,-3.4184695829171687,14976,0.14264731272123754,88.58423808639999,88.58423808639999,0.022422587135224603,0.005095972097478807,0.04153337122988887
202.36493,2768,0.0,120800,,100.0,43,0.028384320437908173,,,,1208,,,,,,,,,,,,,
203.64706,2791,0.0,121600,0.0,100.0,43,0.028385434299707413,4.2733486965617296,0.0,0.0,1212,0.288,0.189171097939834,0.0003,21.517649322748184,-55.858856320381165,-2.947706131497398,15104,0.1446824111044407,88.58423808639999,88.58423808639999,0.02165758550108876,0.005018988529627677,0.038111544417915866
203.64706,2791,0.0,121600,,100.0,43,0.028385434299707413,,,,1216,,,,,,,,,,,,,
203.26846,2813,0.0,122400,0.0,100.0,43,0.028391193598508835,3.8254316881527695,0.0,0.0,1220,0.3,0.18967825220897794,0.0003,21.59355241060257,-55.89104974269867,-2.428570385556668,15232,0.14757289714179933,88.58423808639999,88.58423808639999,0.023582413734402508,0.004962090832123067,0.03834868609555997
203.26846,2813,0.0,122400,,100.0,43,0.028391193598508835,,,,1224,,,,,,,,,,,,,
201.73746,2826,0.0,123200,0.0,100.0,43,0.028394140303134918,3.3375583916688827,0.0,0.0,1228,0.18899999999999997,0.1871528730262071,0.0003,21.466835469007492,-56.3625625371933,-4.6273836782202125,15296,0.14500904409214854,88.58423808639999,88.58423808639999,0.02334696994512342,0.004936628720315639,0.03923210842185654
201.73746,2826,0.0,123200,,100.0,43,0.028394140303134918,,,,1232,,,,,,,,,,,,,
202.74277,2849,0.0,124000,0.0,100.0,43,0.028393303975462914,4.405112377539474,0.0,0.0,1236,0.14699999999999996,0.18750589154660702,0.0003,21.367789924144745,-57.185834527015686,-4.191361440811306,15424,0.14300641999579966,88.58423808639999,88.58423808639999,0.021845389375812374,0.004856636944168713,0.037745473673567176
202.74277,2849,0.0,124000,,100.0,43,0.028393303975462914,,,,1240,,,,,,,,,,,,,
203.48697,2863,0.0,124800,0.0,100.0,43,0.02839590609073639,4.012252228631904,0.0,0.0,1244,0.22799999999999998,0.18692572158761322,0.0003,21.381917595863342,-57.18754541873932,-3.9417140495497733,15488,0.1441567912697792,88.58423808639999,88.58423808639999,0.022879265903611667,0.004824191571970005,0.03835352120222524
203.48697,2863,0.0,124800,,100.0,43,0.02839590609073639,,,,1248,,,,,,,,,,,,,
204.64998,2885,0.0,125600,0.0,100.0,43,0.028400897979736328,4.030375130778063,0.0,0.0,1252,0.291,0.18476415798068047,0.0003,21.15285924077034,-57.65241187810898,-4.097169687971473,15616,0.1446024300530553,88.58423808639999,88.58423808639999,0.023079411388607696,0.004760835428896826,0.03814757036161609
204.64998,2885,0.0,125600,,100.0,43,0.028400897979736328,,,,1256,,,,,,,,,,,,,
204.1912,2899,0.0,126400,0.0,100.0,43,0.02839852310717106,3.7952581181833027,0.0,0.0,1260,0.18899999999999997,0.1878817705437541,0.0003,21.53212657570839,-58.03366428613663,-4.4174692153465,15680,0.14233510638587177,88.58423808639999,88.58423808639999,0.024061081392574124,0.004719306882179808,0.03872211993439123
204.1912,2899,0.0,126400,,100.0,43,0.02839852310717106,,,,1264,,,,,,,,,,,,,
204.27863,2922,0.0,127200,0.0,100.0,43,0.028403015807271004,4.4359862657390305,0.0,0.0,1268,0.26099999999999995,0.18555565061978996,0.0003,21.30031454563141,-57.97671282291412,-2.479189793462865,15808,0.14469886454753578,88.58423808639999,88.58423808639999,0.0255509409471415,0.004672184310038574,0.03834450713475235
204.27863,2922,0.0,127200,,100.0,43,0.028403015807271004,,,,1272,,,,,,,,,,,,,
203.56348,2936,0.0,128000,0.0,100.0,43,0.028405670076608658,4.338961167521846,0.0,0.0,1276,0.3,0.18445183150470257,0.0003,21.273767709732056,-58.5315847992897,-2.4763379362411797,15872,0.14315709774382412,88.58423808639999,88.58423808639999,0.024033225694438443,0.004644865613954607,0.038601137668592855
203.56348,2936,0.0,128000,,100.0,43,0.028405670076608658,,,,1280,,,,,,,,,,,,,
203.78894,2959,0.0,128800,0.0,100.0,43,0.028409559279680252,4.16926027450253,0.0,0.0,1284,0.25499999999999995,0.18467415496706963,0.0003,21.19359490275383,-59.1331188082695,-3.3993601814145222,16000,0.14343987917527556,88.58423808639999,88.58423808639999,0.02426349147572182,0.004585565868183039,0.03805997912422754
203.78894,2959,0.0,128800,,100.0,43,0.028409559279680252,,,,1288,,,,,,,,,,,,,
204.59332,2982,0.0,129600,0.0,100.0,43,0.028415625914931297,4.2872274276005395,0.0,0.0,1292,0.264,0.1855521050747484,0.0003,21.385765194892883,-59.60657697916031,-2.3114401078782976,16128,0.14206548361107707,88.58423808639999,88.58423808639999,0.02402460631856229,0.0045444360439432785,0.038243271759711206
204.59332,2982,0.0,129600,,100.0,43,0.028415625914931297,,,,1296,,,,,,,,,,,,,
206.85182,2995,0.0,130400,0.0,100.0,43,0.028418079018592834,4.611528344051817,0.0,0.0,1300,0.3,0.18257440440356731,0.0003,21.078297078609467,-59.85169833898544,-1.2200827645137906,16192,0.14288124535232782,88.58423808639999,88.58423808639999,0.02442328071629163,0.004530003636318725,0.038400827994337305
206.85182,2995,0.0,130400,,100.0,43,0.028418079018592834,,,,1304,,,,,,,,,,,,,
208.61986,3018,0.0,131200,0.0,100.0,43,0.028421269729733467,4.3533948701191205,0.0,0.0,1308,0.25799999999999995,0.1790280076675117,0.0003,20.58915874361992,-60.89277505874634,-2.7691022423096,16320,0.1375925709726289,88.58423808639999,88.58423808639999,0.02272045709833037,0.004487938975216821,0.03664077373105101
208.61986,3018,0.0,131200,,100.0,43,0.028421269729733467,,,,1312,,,,,,,,,,,,,
208.24573,3031,0.0,132000,0.0,100.0,43,0.02842472679913044,3.9565067100260576,0.0,0.0,1316,0.22799999999999998,0.1795644739177078,0.0003,20.883214384317398,-61.00580567121506,-2.5470951925963163,16384,0.13703684718348086,88.58423808639999,88.58423808639999,0.02331792602490168,0.004468158564122859,0.03882415997213684
208.24573,3031,0.0,132000,,100.0,43,0.02842472679913044,,,,1320,,,,,,,,,,,,,
211.9225,3054,0.0,132800,0.0,100.0,43,0.028421107679605484,4.311538636897696,0.0,0.0,1324,0.22499999999999998,0.1784330466762185,0.0003,20.519044369459152,-61.94622266292572,-2.960240902728401,16512,0.13624556234572083,88.58423808639999,88.58423808639999,0.020899459545034915,0.0044313576581771486,0.035939980938564986
211.9225,3054,0.0,132800,,100.0,43,0.028421107679605484,,,,1328,,,,,,,,,,,,,
210.94427,3067,0.0,133600,0.0,100.0,43,0.028423871845006943,3.8277777582568167,0.0,0.0,1332,0.22499999999999998,0.18092005769722164,0.0003,20.89933082461357,-61.65724676847458,1.4879408776760101,16576,0.1401766745839268,88.58423808639999,88.58423808639999,0.02215232416347135,0.004418710792378988,0.036937557451892644
210.94427,3067,0.0,133600,,100.0,43,0.028423871845006943,,,,1336,,,,,,,,,,,,,
212.75514,3090,0.0,134400,0.046760673927835866,100.0,43,0.02842637151479721,4.341392630226266,0.0,0.21,1340,0.3,0.17817306937649846,0.0003,20.47468653321266,-62.060186207294464,-1.0103015203494579,16704,0.14060180773958564,88.58423808639999,88.58423808639999,0.021914034194196574,0.004416071969899349,0.035581438860390335
212.75514,3090,0.0,134400,,100.0,43,0.02842637151479721,,,,1344,,,,,,,,,,,,,
212.42583,3112,0.0,135200,0.0,100.0,43,0.02843014895915985,3.8999190902441194,0.0,0.0,1348,0.264,0.17919770744629204,0.0003,20.702789157629013,-62.750081181526184,-0.8925756071694195,16832,0.13720606069546193,88.58423808639999,88.58423808639999,0.022255645046243444,0.0043958429887425154,0.0364340070518665
212.42583,3112,0.0,135200,,100.0,43,0.02843014895915985,,,,1352,,,,,,,,,,,,,
213.34677,3126,0.0,136000,0.0,100.0,43,0.028432145714759827,4.161164947145535,0.0,0.0,1356,0.24299999999999997,0.17941714264452457,0.0003,20.745635986328125,-62.37958526611328,-1.7738899912219495,16896,0.1440090883988887,88.58423808639999,88.58423808639999,0.02256380088510923,0.004386500608234201,0.03675046729040332
213.34677,3126,0.0,136000,,100.0,43,0.028432145714759827,,,,1360,,,,,,,,,,,,,
213.55998,3148,0.0,136800,0.0,100.0,43,0.02843707986176014,4.183604533636011,0.0,0.0,1364,0.3,0.17685750778764486,0.0003,20.39081972837448,-63.50533699989319,-1.2354791089892387,17024,0.1378910483326763,88.58423808639999,88.58423808639999,0.02145599012146704,0.0043791540374513716,0.03599617496365681
213.55998,3148,0.0,136800,,100.0,43,0.02843707986176014,,,,1368,,,,,,,,,,,,,
213.4963,3161,0.0,137600,0.0,100.0,43,0.02843979001045227,4.306511917687,0.0,0.0,1372,0.26099999999999995,0.17599788797087967,0.0003,20.227218240499496,-63.941427409648895,-1.1893802201375365,17088,0.1360334240598604,88.58423808639999,88.58423808639999,0.021549435463384725,0.004373021001811139,0.03437863665749319
213.4963,3161,0.0,137600,,100.0,43,0.02843979001045227,,,,1376,,,,,,,,,,,,,
212.0056,3184,0.0,138400,0.0,100.0,43,0.02843947894871235,3.9328409500419355,0.0,0.0,1380,0.264,0.17876212485134602,0.0003,20.58328515291214,-63.899214923381805,-1.2944434040691704,17216,0.1398114690091461,88.58423808639999,88.58423808639999,0.021827330914675258,0.004352518197265454,0.03473219310399145
212.0056,3184,0.0,138400,,100.0,43,0.02843947894871235,,,,1384,,,,,,,,,,,,,
212.11525,3197,0.0,139200,0.0,100.0,43,0.028443552553653717,4.366873608201746,0.0,0.0,1388,0.24299999999999997,0.17784468922764063,0.0003,20.575668960809708,-64.3649964928627,1.1526547002140433,17280,0.13744306890293956,88.58423808639999,88.58423808639999,0.021318984261597507,0.004346466397691984,0.03593463252764195
212.11525,3197,0.0,139200,,100.0,43,0.028443552553653717,,,,1392,,,,,,,,,,,,,
211.47879,3220,0.0,140000,0.0,100.0,43,0.02845207415521145,4.174750257974093,0.0,0.0,1396,0.18899999999999997,0.17710436857305467,0.0003,20.41085723042488,-64.6891981959343,-0.688864866271615,17408,0.13975560350809246,88.58423808639999,88.58423808639999,0.02167513096355833,0.004368834765045904,0.035559070616727695
211.47879,3220,0.0,140000,,100.0,43,0.02845207415521145,,,,1400,,,,,,,,,,,,,
209.5793,3233,0.0,140800,0.0,100.0,43,0.028456391766667366,4.160872961925801,0.0,0.0,1404,0.26099999999999995,0.17594816582277417,0.0003,20.011048138141632,-65.31019568443298,1.452994771185331,17472,0.13712471979670227,86.812553324672,86.812553324672,0.022513281102874316,0.004375543860078324,0.03558870515553281
209.5793,3233,0.0,140800,,100.0,43,0.028456391766667366,,,,1408,,,,,,,,,,,,,
210.8404,3256,0.0,141600,0.1337762291961987,100.0,43,0.02846340276300907,4.490964046599793,0.0,0.39,1412,0.3,0.1756963988300413,0.0003,19.954937875270844,-65.47491526603699,-0.22756480262614787,17600,0.1397788468748331,86.812553324672,86.812553324672,0.023422237631166354,0.004382632483611815,0.035792823415249586
210.8404,3256,0.0,141600,,100.0,43,0.02846340276300907,,,,1416,,,,,,,,,,,,,
209.24289,3279,0.0,142400,0.0,100.0,43,0.028470978140830994,4.047807945940094,0.0,0.0,1420,0.22499999999999998,0.17328179092146456,0.0003,19.75028884410858,-66.1777069568634,0.24956272286362946,17728,0.13625860260799527,86.812553324672,86.812553324672,0.021777065325295553,0.0043842057275469415,0.036005747446324676
209.24289,3279,0.0,142400,,100.0,43,0.028470978140830994,,,,1424,,,,,,,,,,,,,
210.28668,3292,0.0,143200,0.0,100.0,43,0.028475239872932434,4.184989105652403,0.0,0.0,1428,0.26099999999999995,0.17365391785278916,0.0003,19.64744946360588,-66.20524829626083,1.7585177663713694,17792,0.1407293447991833,86.812553324672,86.812553324672,0.02021858327498194,0.0043905845886911266,0.033999107574345544
210.28668,3292,0.0,143200,,100.0,43,0.028475239872932434,,,,1432,,,,,,,,,,,,,
210.02869,3315,0.0,144000,0.0,100.0,43,0.028485776856541634,4.379592737017954,0.0,0.0,1436,0.22199999999999995,0.17212991532869637,0.0003,19.678440988063812,-66.27220726013184,0.6438954648328945,17920,0.14079498616047204,86.812553324672,86.812553324672,0.02195998711977154,0.0044284949617576785,0.03479149437043816
210.02869,3315,0.0,144000,,100.0,43,0.028485776856541634,,,,1440,,,,,,,,,,,,,
208.7785,3328,0.0,144800,0.0,100.0,43,0.028495021164417267,4.120805197333279,0.0,0.0,1444,0.22499999999999998,0.17608922347426414,0.0003,20.078403532505035,-66.70972067117691,2.5837604058906436,17984,0.13779242360033095,86.812553324672,86.812553324672,0.02219443152716849,0.004440260563569609,0.0357760374317877
208.7785,3328,0.0,144800,,100.0,43,0.028495021164417267,,,,1448,,,,,,,,,,,,,
209.55875,3352,0.0,145600,0.0,100.0,43,0.028509292751550674,4.481107094204351,0.0,0.0,1452,0.3,0.1726214080117643,0.0003,19.83075487613678,-66.60685968399048,2.6892846525879577,18112,0.1419282250571996,86.812553324672,86.812553324672,0.02233252966834698,0.004466784950636793,0.03509693528758362
209.55875,3352,0.0,145600,,100.0,43,0.028509292751550674,,,,1456,,,,,,,,,,,,,
210.13428,3365,0.0,146400,0.0,100.0,43,0.028511950746178627,4.174551957002459,0.0,0.0,1460,0.2729999999999999,0.17256424040533602,0.0003,19.705809742212296,-67.46139323711395,0.10891393292695284,18176,0.13504518184345216,86.812553324672,86.812553324672,0.022610012820223346,0.0044841124326922,0.03555751661770046
210.13428,3365,0.0,146400,,100.0,43,0.028511950746178627,,,,1464,,,,,,,,,,,,,
208.12047,3388,0.0,147200,0.0,100.0,43,0.028518715873360634,3.8982612540367607,0.0,0.0,1468,0.162,0.17368407594040036,0.0003,19.91089218854904,-66.49259835481644,1.7936085984110832,18304,0.1476006992161274,86.812553324672,86.812553324672,0.024164938411558978,0.004486726371396799,0.034683580248383805
208.12047,3388,0.0,147200,,100.0,43,0.028518715873360634,,,,1472,,,,,,,,,,,,,
208.74883,3411,0.0,148000,0.0,100.0,43,0.028528930619359016,3.8056849494437817,0.0,0.0,1476,0.22199999999999995,0.1700806252192706,0.0003,19.405326813459396,-68.19640362262726,1.3192372238263488,18432,0.13498956768307835,86.812553324672,86.812553324672,0.02158364563365467,0.0045238437814987265,0.034076364478096366
208.74883,3411,0.0,148000,,100.0,43,0.028528930619359016,,,,1480,,,,,,,,,,,,,
207.81671,3423,0.0,148800,0.0,100.0,43,0.028534995391964912,3.951636031503118,0.0,0.0,1484,0.22499999999999998,0.17359519773162901,0.0003,19.807454109191895,-68.15930390357971,1.3301996472291648,18496,0.13748961524106562,86.812553324672,86.812553324672,0.02222380346211139,0.004528681936790235,0.03494565456639975
207.81671,3423,0.0,148800,,100.0,43,0.028534995391964912,,,,1488,,,,,,,,,,,,,
207.34856,3447,0.0,149600,0.0,100.0,43,0.02854505367577076,4.249411568570486,0.0,0.0,1492,0.264,0.17117667710408568,0.0003,19.41267603635788,-68.92695081233978,0.6957563590840437,18624,0.13460383738856763,86.812553324672,86.812553324672,0.020356064531370066,0.004544748546322808,0.03333518045837991
207.34856,3447,0.0,149600,,100.0,43,0.02854505367577076,,,,1496,,,,,,,,,,,,,
208.29408,3460,0.0,150400,0.0,100.0,43,0.028549054637551308,4.148570233763472,0.0,0.0,1500,0.288,0.1714572082273662,0.0003,19.545086324214935,-69.07266521453857,2.3592969130259007,18688,0.13595795596484095,86.812553324672,86.812553324672,0.019842273351969197,0.004561575085972436,0.03340570325963199
208.29408,3460,0.0,150400,,100.0,43,0.028549054637551308,,,,1504,,,,,,,,,,,,,
210.65561,3483,0.0,151200,0.0,100.0,43,0.028553375974297523,4.355445373481657,0.0,0.0,1508,0.27,0.1718540471047163,0.0003,19.52280679345131,-69.4769366979599,0.4296659731771797,18816,0.13555681623984128,86.812553324672,86.812553324672,0.01999832763976883,0.004589734169712756,0.03279218598618172
210.65561,3483,0.0,151200,,100.0,43,0.028553375974297523,,,,1512,,,,,,,,,,,,,
208.25647,3496,0.0,152000,0.0,100.0,43,0.02855842560529709,3.913568505324765,0.0,0.0,1516,0.22799999999999998,0.16713332757353783,0.0003,19.128640919923782,-70.0756698846817,1.4134033501613885,18880,0.1310170970391482,86.812553324672,86.812553324672,0.02006900568085257,0.004599384847097099,0.03296260040951893
208.25647,3496,0.0,152000,,100.0,43,0.02855842560529709,,,,1520,,,,,,,,,,,,,
208.99316,3519,0.0,152800,0.0,100.0,43,0.028568439185619354,4.405520742115342,0.0,0.0,1524,0.3,0.16961994394659996,0.0003,19.29013204574585,-70.17825841903687,1.6134591810405254,19008,0.13206501037348062,86.812553324672,86.812553324672,0.020670234371209517,0.004632951895473525,0.03232083807233721
208.99316,3519,0.0,152800,,100.0,43,0.028568439185619354,,,,1528,,,,,,,,,,,,,
209.79425,3532,0.0,153600,0.0,100.0,43,0.028571613132953644,4.540734229176448,0.0,0.0,1532,0.3,0.16868379898369312,0.0003,19.233420312404633,-70.63324773311615,-0.34794623288325965,19072,0.13083782384637743,86.812553324672,86.812553324672,0.020252627655281685,0.004637112622731365,0.032284415094181895
209.79425,3532,0.0,153600,,100.0,43,0.028571613132953644,,,,1536,,,,,,,,,,,,,
211.8385,3556,0.0,154400,0.1397191938808396,100.0,43,0.028583796694874763,4.23097329814979,0.0,0.39,1540,0.264,0.16817825473845005,0.0003,19.209055453538895,-70.8282939195633,0.6993642388843,19200,0.1313146153697744,86.812553324672,86.812553324672,0.02188316237879917,0.004663963722123299,0.03348266685497947
211.8385,3556,0.0,154400,,100.0,43,0.028583796694874763,,,,1544,,,,,,,,,,,,,
212.27725,3580,0.0,155200,0.0,100.0,43,0.028594698756933212,4.208435343202114,0.0,0.0,1548,0.3,0.1681346264667809,0.0003,19.374867886304855,-71.4157692193985,2.8146986570209265,19328,0.13064277404919267,86.812553324672,86.812553324672,0.02054510751622729,0.004682180529925972,0.03342925233300775
212.27725,3580,0.0,155200,,100.0,43,0.028594698756933212,,,,1552,,,,,,,,,,,,,
212.22438,3594,0.0,156000,0.10336849082606853,100.0,43,0.028602352365851402,3.9348354514400636,0.0,0.39,1556,0.22799999999999998,0.16733854892663658,0.0003,19.25761702656746,-71.50420784950256,1.4278328190557659,19392,0.1298546587349847,86.812553324672,86.812553324672,0.020766026587807573,0.0047092998793232255,0.03276703041046858
212.22438,3594,0.0,156000,,100.0,43,0.028602352365851402,,,,1560,,,,,,,,,,,,,
213.23065,3618,0.0,156800,0.0,100.0,43,0.028609748929739,4.1853966485791085,0.0,0.0,1564,0.26099999999999995,0.16565743112005293,0.0003,19.174285650253296,-72.01350164413452,0.520204110071063,19520,0.12890279141720384,86.812553324672,86.812553324672,0.01997980472515337,0.004733418740215711,0.03408597098314203
213.23065,3618,0.0,156800,,100.0,43,0.028609748929739,,,,1568,,,,,,,,,,,,,
213.9824,3632,0.0,157600,0.0,100.0,43,0.02861061319708824,4.390746699011129,0.0,0.0,1572,0.3,0.1633462745230645,0.0003,18.945901185274124,-72.16233110427856,-0.49312942125834525,19584,0.1279059340013191,86.812553324672,86.812553324672,0.020534567651338875,0.0047221244385582395,0.03418488314491697
213.9824,3632,0.0,157600,,100.0,43,0.02861061319708824,,,,1576,,,,,,,,,,,,,
215.14871,3655,0.0,158400,0.0,100.0,43,0.02861466258764267,4.6454133593143085,0.0,0.0,1580,0.3,0.1641852653119713,0.0003,18.87822851538658,-72.2354427576065,2.3081376685295254,19712,0.13120199728291482,86.812553324672,86.812553324672,0.01976590574486181,0.004743411009258125,0.03299459919799119
215.14871,3655,0.0,158400,,100.0,43,0.02861466258764267,,,,1584,,,,,,,,,,,,,
217.71902,3668,0.0,159200,0.0,100.0,43,0.02862202376127243,4.582944833279559,0.0,0.0,1588,0.26099999999999995,0.16206255182623863,0.0003,18.771812170743942,-72.86672079563141,1.7068618321791291,19776,0.12678112834692,86.812553324672,86.812553324672,0.01984318604809232,0.004765170313476119,0.03389469863031991
217.71902,3668,0.0,159200,,100.0,43,0.02862202376127243,,,,1592,,,,,,,,,,,,,
219.58672,3692,0.0,160000,0.10878157409490447,100.0,43,0.028636271134018898,4.497344279762131,0.0,0.36,1596,0.3,0.16039049858227372,0.0003,18.584179311990738,-73.22683072090149,1.568955171853304,19904,0.12668674311134964,86.812553324672,86.812553324672,0.01914137796848081,0.004798118876351509,0.033327505632769316
219.58672,3692,0.0,160000,,100.0,43,0.028636271134018898,,,,1600,,,,,,,,,,,,,
219.99866,3716,0.0,160800,0.0,100.0,43,0.02864694781601429,4.646227320934256,0.0,0.0,1604,0.3,0.1595507711172104,0.0003,18.395902007818222,-73.90183818340302,2.4051219432149082,20032,0.12560975644737482,85.07630225817854,85.07630225817854,0.021169341969653033,0.004809571350051556,0.035454530094284564
219.99866,3716,0.0,160800,,100.0,43,0.02864694781601429,,,,1608,,,,,,,,,,,,,
220.2539,3729,0.0,161600,0.0,100.0,43,0.028653183951973915,4.127409243606601,0.0,0.0,1612,0.22799999999999998,0.16110077546909451,0.0003,18.479163646697998,-73.63666415214539,1.79244882799685,20096,0.12818209419492632,85.07630225817854,85.07630225817854,0.022316770657198504,0.004828743192774709,0.034934003837406635
220.2539,3729,0.0,161600,,100.0,43,0.028653183951973915,,,,1616,,,,,,,,,,,,,
221.17007,3752,0.0,162400,0.0,100.0,43,0.028666909784078598,4.471519566796757,0.0,0.0,1620,0.3,0.15859195147641003,0.0003,18.104041770100594,-74.52919244766235,-0.9752421756857075,20224,0.12469566019717604,85.07630225817854,85.07630225817854,0.019478424175758846,0.004866674869845156,0.033383383124601096
221.17007,3752,0.0,162400,,100.0,43,0.028666909784078598,,,,1624,,,,,,,,,,,,,
221.3356,3765,0.0,163200,0.0,100.0,43,0.02867327630519867,4.375708913729072,0.0,0.0,1628,0.23099999999999996,0.1576756495051086,0.0003,18.119027599692345,-74.30547404289246,0.6491487324237823,20288,0.12836031976621598,85.07630225817854,85.07630225817854,0.02060254872776568,0.004860080982325599,0.03394346922868863
221.3356,3765,0.0,163200,,100.0,43,0.02867327630519867,,,,1632,,,,,,,,,,,,,
222.37088,3790,0.0,164000,0.0,100.0,43,0.028686515986919403,4.731485987886598,0.0,0.0,1636,0.3,0.15731488540768623,0.0003,17.94724652171135,-75.0555762052536,0.6862943186424673,20416,0.12285755632910877,85.07630225817854,85.07630225817854,0.021226739074336365,0.004881739943812136,0.03272335458314046
222.37088,3790,0.0,164000,,100.0,43,0.028686515986919403,,,,1640,,,,,,,,,,,,,
221.11441,3803,0.0,164800,0.0,100.0,43,0.02868916653096676,4.507301272518997,0.0,0.0,1644,0.26099999999999995,0.15858992701396346,0.0003,18.22706025838852,-75.03488552570343,-0.23382024792954326,20480,0.12537660379894078,85.07630225817854,85.07630225817854,0.021168177874642424,0.00488473687437363,0.033788053784519434
221.11441,3803,0.0,164800,,100.0,43,0.02868916653096676,,,,1648,,,,,,,,,,,,,
223.64542,3826,0.0,165600,0.0,100.0,43,0.028701744973659515,4.497266218710482,0.0,0.0,1652,0.3,0.15569209144450724,0.0003,17.842525839805603,-75.66787660121918,2.0421673017553985,20608,0.12257983151357621,85.07630225817854,85.07630225817854,0.020709803022327833,0.0049171839345945045,0.03306665609125048
223.64542,3826,0.0,165600,,100.0,43,0.028701744973659515,,,,1656,,,,,,,,,,,,,
223.84569,3842,0.0,166400,0.0,100.0,43,0.028713485226035118,4.343513294600965,0.0,0.0,1660,0.3,0.15671971696428955,0.0003,17.857343286275864,-75.69219613075256,3.764316606801003,20672,0.12485497549641877,85.07630225817854,85.07630225817854,0.01891135360347107,0.00494628660089802,0.031850297818891704
223.84569,3842,0.0,166400,,100.0,43,0.028713485226035118,,,,1664,,,,,,,,,,,,,
223.48027,3864,0.0,167200,0.0,100.0,43,0.028724316507577896,4.3185059536427834,0.0,0.0,1668,0.22499999999999998,0.15398848103359342,0.0003,17.678151607513428,-76.36815524101257,1.6548932902514935,20800,0.12226992391515523,85.07630225817854,85.07630225817854,0.019388177097425796,0.005001739496947266,0.03322785973432474
223.48027,3864,0.0,167200,,100.0,43,0.028724316507577896,,,,1672,,,,,,,,,,,,,
224.12372,3887,0.0,168000,0.0,100.0,43,0.028735851868987083,4.44619880252548,0.0,0.0,1676,0.3,0.15348852961324155,0.0003,17.572906225919724,-76.61628353595734,0.7876700568012893,20928,0.12323466327507049,85.07630225817854,85.07630225817854,0.019654745497973636,0.005042943070293404,0.03250948534696363
224.12372,3887,0.0,168000,,100.0,43,0.028735851868987083,,,,1680,,,,,,,,,,,,,
223.23906,3901,0.0,168800,0.0,100.0,43,0.028740812093019485,4.505739425714165,0.0,0.0,1684,0.294,0.15355895017273724,0.0003,17.478863149881363,-76.83559572696686,0.7462543845176697,20992,0.12398363382089883,85.07630225817854,85.07630225817854,0.01803012564778328,0.005051473235653248,0.031080003100214526
223.23906,3901,0.0,168800,,100.0,43,0.028740812093019485,,,,1688,,,,,,,,,,,,,
221.87569,3923,0.0,169600,0.0,100.0,43,0.02875826694071293,4.326351309628427,0.0,0.0,1692,0.3,0.15174012468196452,0.0003,17.27085004746914,-77.21151399612427,2.124247159692459,21120,0.12159714184235781,85.07630225817854,85.07630225817854,0.018788823654176667,0.005086425539047923,0.03136764312512241
221.87569,3923,0.0,169600,,100.0,43,0.02875826694071293,,,,1696,,,,,,,,,,,,,
221.30603,3937,0.0,170400,0.0,100.0,43,0.028763726353645325,4.236535197253401,0.0,0.0,1700,0.294,0.15153850289061666,0.0003,17.347536742687225,-77.24056053161621,1.2420239285565913,21184,0.12136326672043651,85.07630225817854,85.07630225817854,0.020598904287908226,0.005099540554510895,0.03273674493539147
221.30603,3937,0.0,170400,,100.0,43,0.028763726353645325,,,,1704,,,,,,,,,,,,,
222.50447,3960,0.0,171200,0.0,100.0,43,0.028784822672605515,4.530140682906495,0.0,0.0,1708,0.3,0.15100405341945589,0.0003,17.31333251297474,-77.61016976833344,2.407811752287671,21312,0.12303575489204377,85.07630225817854,85.07630225817854,0.01950558417593129,0.005144187198311556,0.03142999648116529
222.50447,3960,0.0,171200,,100.0,43,0.028784822672605515,,,,1712,,,,,,,,,,,,,
222.87715,3974,0.0,172000,0.0,100.0,43,0.02878897450864315,4.275993181740431,0.0,0.0,1716,0.3,0.1515910434536636,0.0003,17.43449105322361,-78.20061206817627,1.6642606849782169,21376,0.11988326325081289,85.07630225817854,85.07630225817854,0.018570874541183002,0.005164676491403952,0.03144183228141628
222.87715,3974,0.0,172000,,100.0,43,0.02878897450864315,,,,1720,,,,,,,,,,,,,
221.18155,3996,0.0,172800,0.0,100.0,43,0.028804000467061996,3.981148980995383,0.0,0.0,1724,0.26099999999999995,0.15228983364067972,0.0003,17.26808650791645,-78.29792654514313,0.8254662773106247,21504,0.12341149104759097,85.07630225817854,85.07630225817854,0.01811129284033086,0.00522491001902381,0.029691316944081336
221.18155,3996,0.0,172800,,100.0,43,0.028804000467061996,,,,1728,,,,,,,,,,,,,
218.99611,4019,0.0,173600,0.0,100.0,43,0.028819527477025986,4.159882987975288,0.0,0.0,1732,0.24899999999999994,0.1519973138347268,0.0003,17.24770914018154,-78.85570156574249,2.2724389722570777,21632,0.12080060434527695,85.07630225817854,85.07630225817854,0.017414017784176394,0.00525629580806708,0.03041517618112266
218.99611,4019,0.0,173600,,100.0,43,0.028819527477025986,,,,1736,,,,,,,,,,,,,
219.4696,4033,0.0,174400,0.0,100.0,43,0.028831234201788902,4.548841724728712,0.0,0.0,1740,0.3,0.15149455307982862,0.0003,17.375383585691452,-78.76235961914062,4.29997842060402,21696,0.1221137234242633,85.07630225817854,85.07630225817854,0.019276914637885056,0.005290466593578458,0.03138706414029002
219.4696,4033,0.0,174400,,100.0,43,0.028831234201788902,,,,1744,,,,,,,,,,,,,
219.87328,4056,0.0,175200,0.0,100.0,43,0.0288530346006155,4.446656342227466,0.0,0.0,1748,0.3,0.14996195631101727,0.0003,17.15259423851967,-79.35492467880249,2.7822833540849388,21824,0.11933579109609127,85.07630225817854,85.07630225817854,0.01962689304491505,0.005356991074222606,0.03147011614055373
219.87328,4056,0.0,175200,,100.0,43,0.0288530346006155,,,,1752,,,,,,,,,,,,,
216.88135,4069,0.0,176000,0.0,100.0,43,0.028866687789559364,3.8624111948601443,0.0,0.0,1756,0.22199999999999995,0.1500647517386824,0.0003,17.11394974589348,-79.28756833076477,3.5365596566116437,21888,0.1205152542097494,85.07630225817854,85.07630225817854,0.020012894834508188,0.005395771215262357,0.030731068953173235
216.88135,4069,0.0,176000,,100.0,43,0.028866687789559364,,,,1760,,,,,,,,,,,,,
217.26816,4092,0.0,176800,0.0,100.0,43,0.028886916115880013,4.666194876735201,0.0,0.0,1764,0.3,0.15188904851675034,0.0003,17.4213035851717,-79.33277213573456,1.6603422074113041,22016,0.12164977914653718,85.07630225817854,85.07630225817854,0.021210664213867858,0.005454546211694833,0.031202690937789157
217.26816,4092,0.0,176800,,100.0,43,0.028886916115880013,,,,1768,,,,,,,,,,,,,
217.21165,4106,0.0,177600,0.0,100.0,43,0.028897425159811974,4.024241571950925,0.0,0.0,1772,0.22499999999999998,0.14881313685327768,0.0003,17.034517228603363,-79.83262276649475,1.710027668857947,22080,0.12003504298627377,85.07630225817854,85.07630225817854,0.01926569003262557,0.0054716812301194295,0.03024858154822141
217.21165,4106,0.0,177600,,100.0,43,0.028897425159811974,,,,1776,,,,,,,,,,,,,
216.21106,4129,0.0,178400,0.0,100.0,43,0.02892123907804489,4.1697226923462365,0.0,0.0,1780,0.22499999999999998,0.150021847570315,0.0003,17.164576798677444,-80.15072417259216,2.5109341335482895,22208,0.11959169316105545,85.07630225817854,85.07630225817854,0.019944661646150053,0.005528637033421546,0.030064459308050573
216.21106,4129,0.0,178400,,100.0,43,0.02892123907804489,,,,1784,,,,,,,,,,,,,
216.0489,4142,0.0,179200,0.0,100.0,43,0.02893303707242012,4.552061886606589,0.0,0.0,1788,0.3,0.1485898131504655,0.0003,16.88678652048111,-80.2352306842804,3.2053264025598764,22272,0.12020957947243005,85.07630225817854,85.07630225817854,0.019501044167554937,0.005562967809964903,0.029244297475088388
216.0489,4142,0.0,179200,,100.0,43,0.02893303707242012,,,,1792,,,,,,,,,,,,,
216.61755,4165,0.0,180000,0.0,100.0,43,0.028953978791832924,4.1786659321423825,0.0,0.0,1796,0.26099999999999995,0.15090790460817516,0.0003,17.17472232878208,-80.47511661052704,3.700702694244683,22400,0.12167364603374153,85.07630225817854,85.07630225817854,0.020060960174305364,0.005623379605822265,0.030400166840991005
216.61755,4165,0.0,180000,,100.0,43,0.028953978791832924,,,,1800,,,,,,,,,,,,,
215.99197,4188,0.0,180800,0.0,100.0,43,0.02897852286696434,4.508715081930791,0.0,0.0,1804,0.3,0.1485604562330991,0.0003,16.54634180665016,-80.84623265266418,3.828955372562632,22528,0.12172784970607609,83.37477621301498,83.37477621301498,0.019562416375265457,0.005684667710738722,0.029918081359937787
215.99197,4188,0.0,180800,,100.0,43,0.02897852286696434,,,,1808,,,,,,,,,,,,,
216.52339,4202,0.0,181600,0.0,100.0,43,0.028993459418416023,4.486776860304356,0.0,0.0,1812,0.3,0.14640648709610105,0.0003,16.397603794932365,-81.45945191383362,3.5714565282687545,22592,0.11739358957856894,83.37477621301498,83.37477621301498,0.01961345417657867,0.0057347432084498,0.029859071742976084
216.52339,4202,0.0,181600,,100.0,43,0.028993459418416023,,,,1816,,,,,,,,,,,,,
219.5293,4225,0.0,182400,0.293168772477645,100.0,43,0.02901764214038849,4.656615467578077,0.0,0.75,1820,0.26099999999999995,0.14751929114572704,0.0003,16.738922506570816,-81.79512012004852,2.9966799467802048,22720,0.11686993238981813,83.37477621301498,83.37477621301498,0.020268491862225346,0.005811592825921252,0.031283767777495086
219.5293,4225,0.0,182400,,100.0,43,0.02901764214038849,,,,1824,,,,,,,,,,,,,
220.18738,4238,0.0,183200,0.0,100.0,43,0.029032504186034203,4.143513655744299,0.0,0.0,1828,0.3,0.14697802159935236,0.0003,16.938377797603607,-81.9317330121994,4.599784500431269,22784,0.11867659853305668,83.37477621301498,83.37477621301498,0.018953589373268187,0.0058550721951178275,0.03156262740958482
220.18738,4238,0.0,183200,,100.0,43,0.029032504186034203,,,,1832,,,,,,,,,,,,,
220.31392,4263,0.0,184000,0.0,100.0,43,0.02905869483947754,4.4955007385008585,0.0,0.0,1836,0.3,0.1453397104050964,0.0003,16.376582756638527,-82.56093466281891,1.895873412140645,22912,0.11670269072055817,83.37477621301498,83.37477621301498,0.01702548014873173,0.005944750191702042,0.02925041670096107
220.31392,4263,0.0,184000,,100.0,43,0.02905869483947754,,,,1840,,,,,,,,,,,,,
220.73619,4277,0.0,184800,0.0,100.0,43,0.029070790857076645,4.297762599219197,0.0,0.0,1844,0.285,0.1443929213564843,0.0003,16.143479242920876,-82.73377525806427,3.0754131090361625,22976,0.11513392685446888,83.37477621301498,83.37477621301498,0.018687876479816623,0.005969531623122748,0.029155972879379988
220.73619,4277,0.0,184800,,100.0,43,0.029070790857076645,,,,1848,,,,,,,,,,,,,
221.77002,4300,0.0,185600,0.0,100.0,43,0.029102075845003128,4.421195771754454,0.0,0.0,1852,0.3,0.14640566520392895,0.0003,16.47713615000248,-82.52815365791321,2.0794087345711887,23104,0.11901879590004683,83.37477621301498,83.37477621301498,0.01991447874752339,0.006040381602360867,0.029461428057402372
221.77002,4300,0.0,185600,,100.0,43,0.029102075845003128,,,,1856,,,,,,,,,,,,,
222.93466,4323,0.0,186400,0.0,100.0,43,0.029128948226571083,4.553891380299504,0.0,0.0,1860,0.3,0.14266995596699417,0.0003,15.95725966989994,-83.4408347606659,0.6569323680596426,23232,0.11450979753863066,83.37477621301498,83.37477621301498,0.018037496352917515,0.006089191818318795,0.028476930368924513
222.93466,4323,0.0,186400,,100.0,43,0.029128948226571083,,,,1864,,,,,,,,,,,,,
224.51219,4336,0.0,187200,0.0,100.0,43,0.029142022132873535,4.69667560589692,0.0,0.0,1868,0.3,0.14253455749712884,0.0003,15.939287513494492,-83.52837812900543,2.1058209985494614,23296,0.11644476687069982,83.37477621301498,83.37477621301498,0.01832466185442172,0.006101163831772283,0.029034555394900963
224.51219,4336,0.0,187200,,100.0,43,0.029142022132873535,,,,1872,,,,,,,,,,,,,
224.59244,4359,0.0,188000,0.0,100.0,43,0.029168227687478065,4.395820115867682,0.0,0.0,1876,0.26099999999999995,0.14184455340728164,0.0003,15.95046067237854,-83.81166303157806,2.0656148227863014,23424,0.11427882895804942,83.37477621301498,83.37477621301498,0.018605334145831876,0.006147871128632687,0.028885369014460593
224.59244,4359,0.0,188000,,100.0,43,0.029168227687478065,,,,1880,,,,,,,,,,,,,
225.9034,4372,0.0,188800,0.0,100.0,43,0.02918403223156929,4.59813432766881,0.0,0.0,1884,0.3,0.1399121677968651,0.0003,15.898934170603752,-83.8468245267868,2.9460205850191414,23488,0.11557391099631786,83.37477621301498,83.37477621301498,0.019071333241299726,0.006188417799421586,0.02893458984908648
225.9034,4372,0.0,188800,,100.0,43,0.02918403223156929,,,,1888,,,,,,,,,,,,,
225.86479,4397,0.0,189600,0.01779934388435586,100.0,43,0.029212500900030136,4.503516812289224,0.0,0.06,1892,0.3,0.1432948492001742,0.0003,16.305660665035248,-83.74873077869415,0.44722695543896407,23616,0.12060615757945925,83.37477621301498,83.37477621301498,0.01921470589877572,0.006238141126232222,0.03072696740855463
225.86479,4397,0.0,189600,,100.0,43,0.029212500900030136,,,,1896,,,,,,,,,,,,,
225.85399,4411,0.0,190400,0.0,100.0,43,0.029230421409010887,4.188350493073611,0.0,0.0,1900,0.288,0.14344744780100882,0.0003,15.937126964330673,-84.05002474784851,1.7351646849419922,23680,0.11759860324673355,83.37477621301498,83.37477621301498,0.018574907473521307,0.006249179481528699,0.027690327173331752
225.85399,4411,0.0,190400,,100.0,43,0.029230421409010887,,,,1904,,,,,,,,,,,,,
225.22775,4434,0.0,191200,0.0,100.0,43,0.02926742285490036,4.178706012158424,0.0,0.0,1908,0.264,0.1429341830080375,0.0003,15.983755379915237,-84.70892548561096,4.069148074835539,23808,0.11537153122480959,83.37477621301498,83.37477621301498,0.016879521775990725,0.006316007311397698,0.026710309670306742
225.22775,4434,0.0,191200,,100.0,43,0.02926742285490036,,,,1912,,,,,,,,,,,,,
223.97821,4447,0.0,192000,0.0,100.0,43,0.02928309701383114,4.5962167271780805,0.0,0.0,1916,0.282,0.1414360764902085,0.0003,15.737658262252808,-84.67772769927979,2.4215231179259717,23872,0.11515447532292455,83.37477621301498,83.37477621301498,0.01834976178361103,0.006369290109432768,0.027633007091935724
223.97821,4447,0.0,192000,,100.0,43,0.02928309701383114,,,,1920,,,,,,,,,,,,,
223.81375,4469,0.0,192800,0.0,100.0,43,0.029319176450371742,4.614862306965013,0.0,0.0,1924,0.3,0.14128270256333053,0.0003,15.936841532588005,-84.94191455841064,3.1867797451559454,24000,0.11615843698382378,83.37477621301498,83.37477621301498,0.0182273059617728,0.006440610428398941,0.02902584441471845
223.81375,4469,0.0,192800,,100.0,43,0.029319176450371742,,,,1928,,,,,,,,,,,,,
224.92824,4492,0.0,193600,0.0,100.0,43,0.029358264058828354,4.765782101845062,0.0,0.0,1932,0.3,0.1427374588092789,0.0003,16.176034048199654,-85.3258501291275,4.147379731293768,24128,0.11576439312193543,83.37477621301498,83.37477621301498,0.017717699156492017,0.00654928228323115,0.029382342705503106
224.92824,4492,0.0,193600,,100.0,43,0.029358264058828354,,,,1936,,,,,,,,,,,,,
227.39333,4507,0.0,194400,0.11500700432925579,100.0,43,0.029373930767178535,4.9439200121572116,0.0,0.36,1940,0.3,0.1399888115702197,0.0003,15.692562833428383,-85.24106502532959,1.781832898966968,24192,0.11528119398280978,83.37477621301498,83.37477621301498,0.01994106950587593,0.006591762219613884,0.028043435158906505
227.39333,4507,0.0,194400,,100.0,43,0.029373930767178535,,,,1944,,,,,,,,,,,,,
227.05309,4531,0.0,195200,0.0,100.0,43,0.029416125267744064,4.156534831092272,0.0,0.0,1948,0.3,0.14235242642462254,0.0003,15.94801016151905,-85.87565624713898,3.0434678462333977,24320,0.11656214401591569,83.37477621301498,83.37477621301498,0.01683640934061259,0.006694999035971705,0.027366829133825377
227.05309,4531,0.0,195200,,100.0,43,0.029416125267744064,,,,1952,,,,,,,,,,,,,
225.69926,4545,0.0,196000,0.0,100.0,43,0.029436279088258743,4.2463448753432225,0.0,0.0,1956,0.3,0.14356780191883445,0.0003,16.066303074359894,-85.80335366725922,2.7085726838558912,24384,0.11666536924894899,83.37477621301498,83.37477621301498,0.018602418087539263,0.006741464268998243,0.028867195593193173
225.69926,4545,0.0,196000,,100.0,43,0.029436279088258743,,,,1960,,,,,,,,,,,,,
225.4725,4568,0.0,196800,0.0,100.0,43,0.029480338096618652,4.661039350638364,0.0,0.0,1964,0.3,0.1408322504721582,0.0003,15.689136013388634,-86.10990190505981,3.2280664909631014,24512,0.11603882443159819,83.37477621301498,83.37477621301498,0.017465584009187296,0.006850871228380129,0.026782785134855658
225.4725,4568,0.0,196800,,100.0,43,0.029480338096618652,,,,1968,,,,,,,,,,,,,
223.64691,4582,0.0,197600,0.0,100.0,43,0.029503092169761658,3.9906052645944268,0.0,0.0,1972,0.3,0.13927919510751963,0.0003,15.506708770990372,-86.35561978816986,3.3234774279408157,24576,0.11529048648662865,83.37477621301498,83.37477621301498,0.017066354339476675,0.006899694802996237,0.026585966668790206
223.64691,4582,0.0,197600,,100.0,43,0.029503092169761658,,,,1976,,,,,,,,,,,,,
223.06938,4605,0.0,198400,0.0,100.0,43,0.029546787962317467,4.047851122274369,0.0,0.0,1980,0.3,0.14108581165783107,0.0003,15.814380213618279,-86.67573261260986,2.652077174047008,24704,0.11502151703462005,83.37477621301498,83.37477621301498,0.017699537827866152,0.006998299031693023,0.027888311495189555
223.06938,4605,0.0,198400,,100.0,43,0.029546787962317467,,,,1984,,,,,,,,,,,,,
222.03441,4628,0.0,199200,0.0,100.0,43,0.02959381602704525,4.020209184047611,0.0,0.0,1988,0.3,0.13851262594107538,0.0003,15.20352178812027,-87.17976593971252,4.238406533142552,24832,0.11389482743106782,83.37477621301498,83.37477621301498,0.015623362880432978,0.007110544684110209,0.024667414254508913
222.03441,4628,0.0,199200,,100.0,43,0.02959381602704525,,,,1992,,,,,,,,,,,,,
223.01993,4641,0.0,200000,0.0,100.0,43,0.029614947736263275,4.649404024864269,0.0,0.0,1996,0.3,0.13951214007101953,0.0003,15.452987030148506,-87.19275367259979,2.410127399954945,24896,0.11385500570759177,83.37477621301498,83.37477621301498,0.015487436496187001,0.0071646117939963005,0.02483025386754889
223.01993,4641,0.0,200000,,100.0,43,0.029614947736263275,,,,2000,,,,,,,,,,,,,
223.99622,4666,0.0,200800,0.0,100.0,43,0.02966308780014515,4.578926749708374,0.0,0.0,2004,0.3,0.13970778742805123,0.0003,15.248411357402802,-87.70607316493988,4.57185840094462,25024,0.1139881694689393,81.70728068875466,81.70728068875466,0.015672945984988473,0.007262278173584491,0.024918231210904196
223.99622,4666,0.0,200800,,100.0,43,0.02966308780014515,,,,2008,,,,,,,,,,,,,
225.6455,4679,0.0,201600,0.0,100.0,43,0.029688972979784012,4.766923807700267,0.0,0.0,2012,0.3,0.13954918854869902,0.0003,15.20458099246025,-87.85267758369446,4.012491327477619,25088,0.11285531974863261,81.70728068875466,81.70728068875466,0.015914118841465097,0.007338353098020889,0.025501241849269718
225.6455,4679,0.0,201600,,100.0,43,0.029688972979784012,,,,2016,,,,,,,,,,,,,
224.2846,4702,0.0,202400,0.0,100.0,43,0.029736416414380074,3.950789030827224,0.0,0.0,2020,0.26099999999999995,0.13472636556252837,0.0003,14.802346512675285,-88.37370264530182,2.7265174193307757,25216,0.10943659790791571,81.70728068875466,81.70728068875466,0.01577026986342389,0.007436857820721343,0.02528089976112824
224.2846,4702,0.0,202400,,100.0,43,0.029736416414380074,,,,2024,,,,,,,,,,,,,
224.5645,4715,0.0,203200,0.0,100.0,43,0.029758067801594734,4.684785972315357,0.0,0.0,2028,0.3,0.13535487721674144,0.0003,14.79116228222847,-88.17896437644958,3.1959029256831855,25280,0.11260925023816526,81.70728068875466,81.70728068875466,0.015210351193672977,0.007491296521038748,0.024783781831501983
224.5645,4715,0.0,203200,,100.0,43,0.029758067801594734,,,,2032,,,,,,,,,,,,,
223.78598,4738,0.0,204000,0.007793663356375542,100.0,43,0.029800325632095337,4.989900572610086,0.0,0.03,2036,0.3,0.1342729894677177,0.0003,14.778828293085098,-88.20673680305481,1.5219846898689866,25408,0.11357067688368261,81.70728068875466,81.70728068875466,0.01749283037497662,0.007594849761517253,0.02543836273252964
223.78598,4738,0.0,204000,,100.0,43,0.029800325632095337,,,,2040,,,,,,,,,,,,,
223.22284,4751,0.0,204800,0.0,100.0,43,0.02982695773243904,4.337855060219245,0.0,0.0,2044,0.3,0.1347423403058201,0.0003,14.861089900135994,-88.80575978755951,6.741257534362376,25472,0.1100783598376438,81.70728068875466,81.70728068875466,0.01563677166996058,0.007642166885489132,0.02501673114602454
223.22284,4751,0.0,204800,,100.0,43,0.02982695773243904,,,,2048,,,,,,,,,,,,,
224.23067,4773,0.0,205600,0.0,100.0,43,0.029877793043851852,3.991317861472569,0.0,0.0,2052,0.3,0.13615512056276202,0.0003,14.851814061403275,-88.61648917198181,3.8539002323523164,25600,0.11245006159879267,81.70728068875466,81.70728068875466,0.016069834702648222,0.007796941317792516,0.024620616080937907
224.23067,4773,0.0,205600,,100.0,43,0.029877793043851852,,,,2056,,,,,,,,,,,,,
223.4562,4796,0.0,206400,0.0,100.0,43,0.029922643676400185,4.543067630658751,0.0,0.0,2060,0.3,0.13609738228842616,0.0003,14.92644040286541,-88.94471156597137,3.1525878068059683,25728,0.11217379698064178,81.70728068875466,81.70728068875466,0.016755781616666354,0.007894705413491465,0.0248447539343033
223.4562,4796,0.0,206400,,100.0,43,0.029922643676400185,,,,2064,,,,,,,,,,,,,
223.83281,4811,0.0,207200,0.0,100.0,43,0.029949761927127838,4.4600496254814725,0.0,0.0,2068,0.264,0.13367282412946224,0.0003,14.651680707931519,-89.20043337345123,2.664676265907474,25792,0.11158380890265107,81.70728068875466,81.70728068875466,0.01618380585568957,0.007956802335684188,0.024207315218518488
223.83281,4812,0.0,207200,,100.0,43,0.029949761927127838,,,,2072,,,,,,,,,,,,,
224.55872,4835,0.0,208000,0.0,100.0,43,0.030004775151610374,4.407431601671838,0.0,0.0,2076,0.3,0.13344741542823613,0.0003,14.634182319045067,-89.57334184646606,4.708853907650337,25920,0.11171274131629616,81.70728068875466,81.70728068875466,0.015625187050318345,0.008102372754365206,0.024307249463163316
224.55872,4835,0.0,208000,,100.0,43,0.030004775151610374,,,,2080,,,,,,,,,,,,,
226.30757,4848,0.0,208800,0.0,100.0,43,0.03002750501036644,4.422691969893505,0.0,0.0,2084,0.3,0.1334049350116402,0.0003,14.590506330132484,-89.65014410018921,3.7402986362576485,25984,0.11275240371469408,81.70728068875466,81.70728068875466,0.014788013286306523,0.008171780704287812,0.02340694045415148
226.30757,4848,0.0,208800,,100.0,43,0.03002750501036644,,,,2088,,,,,,,,,,,,,
226.6921,4870,0.0,209600,0.0,100.0,43,0.030084267258644104,4.608225427316522,0.0,0.0,2092,0.3,0.1313589516794309,0.0003,14.389071956276894,-90.00460827350616,5.918899642769247,26112,0.10993413568940014,81.70728068875466,81.70728068875466,0.015441106028447393,0.008350743490154855,0.023509839549660683
226.6921,4870,0.0,209600,,100.0,43,0.030084267258644104,,,,2096,,,,,,,,,,,,,
226.71213,4883,0.0,210400,0.0,100.0,43,0.030109604820609093,4.285441875275293,0.0,0.0,2100,0.3,0.13171021547168493,0.0003,14.435355588793755,-90.15231966972351,3.657633981667459,26176,0.1085600508376956,81.70728068875466,81.70728068875466,0.016130099786096253,0.00845270165882539,0.023747953659039922
226.71213,4883,0.0,210400,,100.0,43,0.030109604820609093,,,,2104,,,,,,,,,,,,,
226.6711,4908,0.0,211200,0.0,100.0,43,0.030164936557412148,4.921984541767519,0.0,0.0,2108,0.3,0.13058281189296395,0.0003,14.330944433808327,-90.47938883304596,5.158611138351262,26304,0.10752589255571365,81.70728068875466,81.70728068875466,0.015523628964729141,0.00855813674570527,0.02340846072183922
226.6711,4908,0.0,211200,,100.0,43,0.030164936557412148,,,,2112,,,,,,,,,,,,,
226.72243,4931,0.0,212000,0.0,100.0,42,0.030223745852708817,4.523497689537354,0.0,0.0,2116,0.3,0.12967461720108986,0.0003,14.250613898038864,-91.09530735015869,3.8963461671955884,26432,0.10557856992818415,81.70728068875466,81.70728068875466,0.014956899285607506,0.00873669191787485,0.02311069176357705
226.72243,4931,0.0,212000,,100.0,42,0.030223745852708817,,,,2120,,,,,,,,,,,,,
226.0599,4944,0.0,212800,0.0,100.0,43,0.03024887666106224,4.327207611811983,0.0,0.0,2124,0.3,0.13156949705444276,0.0003,14.400118738412857,-90.88206017017365,2.171424256404862,26496,0.10764896648470312,81.70728068875466,81.70728068875466,0.01530654985253932,0.008782091244938783,0.024374670392717235
226.0599,4944,0.0,212800,,100.0,43,0.03024887666106224,,,,2128,,,,,,,,,,,,,
225.87332,4968,0.0,213600,0.0,100.0,42,0.03030475415289402,4.7523140047738295,0.0,0.0,2132,0.3,0.12921409879345447,0.0003,14.1148092597723,-91.39502668380737,3.058674176223576,26624,0.10554879752453417,81.70728068875466,81.70728068875466,0.013775300118140876,0.008886501003871672,0.022628075821558014
225.87332,4968,0.0,213600,,100.0,42,0.03030475415289402,,,,2136,,,,,,,,,,,,,
225.66087,4980,0.0,214400,0.0,100.0,43,0.030330203473567963,4.7518422545320815,0.0,0.0,2140,0.3,0.12886485632043332,0.0003,14.254267826676369,-90.91651570796967,1.2134523319546133,26688,0.11033487191889435,81.70728068875466,81.70728068875466,0.015998341914382763,0.008933007178711705,0.023693462862866
225.66087,4980,0.0,214400,,100.0,43,0.030330203473567963,,,,2144,,,,,,,,,,,,,
225.89032,5004,0.0,215200,0.0,100.0,43,0.030388526618480682,4.634054361767339,0.0,0.0,2148,0.3,0.12884817051235586,0.0003,14.226772636175156,-91.36362028121948,2.9514144950080663,26816,0.10775076132267714,81.70728068875466,81.70728068875466,0.016697130631655455,0.009028312691953033,0.023704466540948488
225.89032,5004,0.0,215200,,100.0,43,0.030388526618480682,,,,2152,,,,,,,,,,,,,
226.5296,5017,0.0,216000,0.0,100.0,43,0.030415941029787064,4.384711415656859,0.0,0.0,2156,0.294,0.12974112736992538,0.0003,14.549198746681213,-91.24959552288055,1.609212065115571,26880,0.1104397396557033,81.70728068875466,81.70728068875466,0.016666005001752637,0.009068389583262615,0.026582438847981393
226.5296,5017,0.0,216000,,100.0,43,0.030415941029787064,,,,2160,,,,,,,,,,,,,
226.15944,5040,0.0,216800,0.0,100.0,43,0.0304674431681633,4.592322525716576,0.0,0.0,2164,0.3,0.1292298127664253,0.0003,14.25727316737175,-91.93045818805695,1.000281311571598,27008,0.10768687375821173,81.70728068875466,81.70728068875466,0.015466053067939356,0.009108058831770904,0.023559999564895406
226.15944,5040,0.0,216800,,100.0,43,0.0304674431681633,,,,2168,,,,,,,,,,,,,
226.48625,5055,0.0,217600,0.0,100.0,43,0.03049667365849018,4.624662099717539,0.0,0.0,2172,0.26099999999999995,0.12782406364567578,0.0003,14.220121547579765,-92.00657117366791,3.1341001857072115,27072,0.10647259536199272,81.70728068875466,81.70728068875466,0.016022465264541097,0.009150159632554278,0.024812013274640776
226.48625,5055,0.0,217600,,100.0,43,0.03049667365849018,,,,2176,,,,,,,,,,,,,
226.35507,5079,0.0,218400,0.0,100.0,42,0.030561359599232674,4.38307044481486,0.0,0.0,2180,0.3,0.12936517491471022,0.0003,14.33600802719593,-92.04852271080017,4.189393161796033,27200,0.10759873408824205,81.70728068875466,81.70728068875466,0.015763153707666788,0.009277458564611152,0.024675320921232924
226.35507,5079,0.0,218400,,100.0,42,0.030561359599232674,,,,2184,,,,,,,,,,,,,
226.34642,5102,0.0,219200,0.11682944489035471,100.0,42,0.030621808022260666,4.43606915174286,0.0,0.36,2188,0.27899999999999997,0.12923172919545323,0.0003,14.44282791018486,-92.23758602142334,1.6422642960678786,27328,0.10720584425143898,81.70728068875466,81.70728068875466,0.01624916831497103,0.009404486350831576,0.025514885142911226
226.34642,5102,0.0,219200,,100.0,42,0.030621808022260666,,,,2192,,,,,,,,,,,,,
227.35568,5116,0.0,220000,0.07675230212341715,100.0,43,0.030651932582259178,4.384109881205975,0.0,0.24,2196,0.3,0.12855684815440327,0.0003,14.320045217871666,-92.17425835132599,1.837641153484583,27392,0.10858276498038322,81.70728068875466,81.70728068875466,0.01661266406881623,0.009438322624191642,0.025988827081164345
227.35568,5116,0.0,220000,,100.0,43,0.030651932582259178,,,,2200,,,,,,,,,,,,,
227.17232,5138,0.0,220800,0.0,100.0,42,0.03070918843150139,4.809383470211674,0.0,0.0,2204,0.3,0.12593034037854522,0.0003,13.812636762857437,-92.87478482723236,0.7047816663980484,27520,0.1051910996902734,80.07313507497959,80.07313507497959,0.016161819105036557,0.009486758819548413,0.025288378237746656
227.17232,5138,0.0,220800,,100.0,42,0.03070918843150139,,,,2208,,,,,,,,,,,,,
226.44717,5153,0.0,221600,0.0,100.0,43,0.030737146735191345,4.715115000723855,0.0,0.0,2212,0.26099999999999995,0.12583520030602813,0.0003,13.767044618725777,-92.92780804634094,0.6983832027763128,27584,0.10567115410231054,80.07313507497959,80.07313507497959,0.01710947629180737,0.009502614993834868,0.025743990496266633
226.44717,5153,0.0,221600,,100.0,43,0.030737146735191345,,,,2216,,,,,,,,,,,,,
227.93463,5175,0.0,222400,0.1532484487807285,100.0,42,0.030792221426963806,4.436160328694162,0.0,0.39,2220,0.3,0.1278957356698811,0.0003,13.910126760601997,-93.23230314254761,1.6362452423200011,27712,0.1063723445404321,80.07313507497959,80.07313507497959,0.015030344162369147,0.009533107033348642,0.024589182110503316
227.93463,5175,0.0,222400,,100.0,42,0.030792221426963806,,,,2224,,,,,,,,,,,,,
228.274,5189,0.0,223200,0.0,100.0,43,0.030825646594166756,4.6680790356487485,0.0,0.0,2228,0.3,0.12791150039993227,0.0003,13.945884466171265,-93.33879065513611,2.4014494584407657,27776,0.1064831311814487,80.07313507497959,80.07313507497959,0.015400199707073625,0.009582794678863138,0.02499049238394946
228.274,5189,0.0,223200,,100.0,43,0.030825646594166756,,,,2232,,,,,,,,,,,,,
227.16801,5214,0.0,224000,0.0,100.0,42,0.030877212062478065,4.124903409678535,0.0,0.0,2236,0.3,0.1276782745262608,0.0003,13.968054383993149,-93.31218409538269,-1.4703946223016828,27904,0.10849588958080858,80.07313507497959,80.07313507497959,0.016449929680675268,0.009667511665611528,0.025405045147635974
227.16801,5214,0.0,224000,,100.0,42,0.030877212062478065,,,,2240,,,,,,,,,,,,,
226.79172,5237,0.0,224800,0.0,100.0,42,0.03092789091169834,4.527845061524318,0.0,0.0,2244,0.3,0.128238502307795,0.0003,13.831533282995224,-93.90624213218689,0.2546382802538574,28032,0.10618298838380724,80.07313507497959,80.07313507497959,0.014525453909300268,0.00968147354433313,0.022957868699450046
226.79172,5237,0.0,224800,,100.0,42,0.03092789091169834,,,,2248,,,,,,,,,,,,,
227.38533,5250,0.0,225600,0.0,100.0,42,0.030958807095885277,4.730686396688194,0.0,0.0,2252,0.3,0.12867446651216596,0.0003,14.098361268639565,-93.60910928249359,2.0786789203993976,28096,0.10909233137499541,80.07313507497959,80.07313507497959,0.0164781209314242,0.009702553841634654,0.025491660795523785
227.38533,5250,0.0,225600,,100.0,42,0.030958807095885277,,,,2256,,,,,,,,,,,,,
228.1114,5274,0.0,226400,0.0,100.0,42,0.031013647094368935,4.593058604357602,0.0,0.0,2260,0.2729999999999999,0.1256330602336675,0.0003,13.680108323693275,-94.37318277359009,-0.5656720807310194,28224,0.10542835004162043,80.07313507497959,80.07313507497959,0.014446230772591662,0.009765255803358741,0.023922125197714195
228.1114,5274,0.0,226400,,100.0,42,0.031013647094368935,,,,2264,,,,,,,,,,,,,
227.88301,5289,0.0,227200,0.0,100.0,42,0.03103901818394661,4.727698541266141,0.0,0.0,2268,0.3,0.12604156928136945,0.0003,13.605070173740387,-94.30556285381317,-0.5611917765345424,28288,0.10504823783412576,80.07313507497959,80.07313507497959,0.01603332016384229,0.00975705060409382,0.024060237818048336
227.88301,5289,0.0,227200,,100.0,42,0.03103901818394661,,,,2272,,,,,,,,,,,,,
229.9449,5313,0.0,228000,0.11413968079734475,100.0,42,0.031097546219825745,4.524915444342578,0.0,0.39,2276,0.3,0.12545411591418087,0.0003,13.624059230089188,-94.48084902763367,1.9172364473342896,28416,0.10447299340739846,80.07313507497959,80.07313507497959,0.015117555689357687,0.00977534378762357,0.023759895339026116
229.9449,5313,0.0,228000,,100.0,42,0.031097546219825745,,,,2280,,,,,,,,,,,,,
229.97134,5329,0.0,228800,0.0,100.0,42,0.031122732907533646,4.667131471100131,0.0,0.0,2284,0.3,0.1271695550531149,0.0003,13.756520688533783,-94.36069858074188,-0.9584469479741529,28480,0.10677185060922056,80.07313507497959,80.07313507497959,0.01598577270488022,0.009795087287784554,0.023488236547564156
229.97134,5329,0.0,228800,,100.0,42,0.031122732907533646,,,,2288,,,,,,,,,,,,,
228.99971,5354,0.0,229600,0.0,100.0,42,0.031179077923297882,4.752888382159437,0.0,0.0,2292,0.3,0.12492239393759519,0.0003,13.526657611131668,-94.8712717294693,0.04762093583121896,28608,0.10530517541337758,80.07313507497959,80.07313507497959,0.014224809921870474,0.009797281803912483,0.022765445988625288
228.99971,5354,0.0,229600,,100.0,42,0.031179077923297882,,,,2296,,,,,,,,,,,,,
228.33372,5369,0.0,230400,0.0,100.0,42,0.031204821541905403,4.208912490789194,0.0,0.0,2300,0.264,0.12447214731946588,0.0003,13.498189091682434,-95.17116928100586,-0.9148564315401018,28672,0.10280720400623977,80.07313507497959,80.07313507497959,0.014475347074039746,0.009789530406123959,0.0229049109184416
228.33372,5369,0.0,230400,,100.0,42,0.031204821541905403,,,,2304,,,,,,,,,,,,,
227.80597,5393,0.0,231200,0.0,100.0,42,0.031258463859558105,4.176375732047705,0.0,0.0,2308,0.3,0.12631504714954644,0.0003,13.782100290060043,-94.74051606655121,-0.42204732773825526,28800,0.10748426720965654,80.07313507497959,80.07313507497959,0.016375404098653235,0.009769504555151798,0.025275028005125932
227.80597,5393,0.0,231200,,100.0,42,0.031258463859558105,,,,2312,,,,,,,,,,,,,
227.74844,5417,0.0,232000,0.0,100.0,42,0.03130074217915535,4.270626937601495,0.0,0.0,2316,0.3,0.125513102626428,0.0003,13.516465365886688,-95.13845312595367,-1.2151390481740236,28928,0.1056520149577409,80.07313507497959,80.07313507497959,0.015390146989375353,0.009699582820758224,0.02310288924491033
227.74844,5417,0.0,232000,,100.0,42,0.03130074217915535,,,,2320,,,,,,,,,,,,,
227.31664,5431,0.0,232800,0.0,100.0,42,0.031323663890361786,4.8013461917878715,0.0,0.0,2324,0.3,0.12303254404105246,0.0003,13.327449023723602,-95.62668001651764,-1.138984244200401,28992,0.10149904387071729,80.07313507497959,80.07313507497959,0.014453207499173004,0.009661663978477009,0.023026251350529492
227.31664,5431,0.0,232800,,100.0,42,0.031323663890361786,,,,2328,,,,,,,,,,,,,
228.1785,5453,0.0,233600,0.0,100.0,42,0.03137373924255371,4.60894862903961,0.0,0.0,2332,0.26699999999999996,0.12498412979766726,0.0003,13.542646586894989,-95.44198632240295,0.6507035524118692,29120,0.1055921702645719,80.07313507497959,80.07313507497959,0.01410158220824087,0.009605920015019365,0.023479353010770865
228.1785,5453,0.0,233600,,100.0,42,0.03137373924255371,,,,2336,,,,,,,,,,,,,
228.75595,5467,0.0,234400,0.0,100.0,42,0.03140224888920784,4.964722593980374,0.0,0.0,2340,0.3,0.1249809650471434,0.0003,13.55049180984497,-95.38453006744385,0.4444697625003755,29184,0.10735099820885807,80.07313507497959,80.07313507497959,0.01568372469046153,0.00961361639201641,0.023445595346856862
228.75595,5467,0.0,234400,,100.0,42,0.03140224888920784,,,,2344,,,,,,,,,,,,,
230.03168,5491,0.0,235200,0.03638798163589532,100.0,42,0.03144897148013115,4.391230342593795,0.0,0.09,2348,0.26099999999999995,0.12392909917980433,0.0003,13.446819216012955,-95.9505068063736,-1.561831435188651,29312,0.10433036217000335,80.07313507497959,80.07313507497959,0.01434041268657893,0.009577634409652092,0.023550185214844532
230.03168,5491,0.0,235200,,100.0,42,0.03144897148013115,,,,2352,,,,,,,,,,,,,
230.25578,5506,0.0,236000,0.0,100.0,42,0.031470879912376404,4.72853131945455,0.0,0.0,2356,0.26099999999999995,0.12378498713951558,0.0003,13.441883996129036,-95.9506207704544,-2.1381078760605305,29376,0.10517064377199858,80.07313507497959,80.07313507497959,0.01436992664821446,0.009533359407214448,0.023036522325128317
230.25578,5506,0.0,236000,,100.0,42,0.031470879912376404,,,,2360,,,,,,,,,,,,,
230.60316,5531,0.0,236800,0.0813668699957129,100.0,42,0.03152083978056908,4.578012411977706,0.0,0.39,2364,0.3,0.12450164498295635,0.0003,13.51229265332222,-95.68840670585632,-0.790674464427866,29504,0.10775467636995018,80.07313507497959,80.07313507497959,0.017193126492202282,0.009514180535916239,0.024447773641441017
230.60316,5531,0.0,236800,,100.0,42,0.03152083978056908,,,,2368,,,,,,,,,,,,,
231.79239,5555,0.0,237600,0.0,100.0,42,0.03157414495944977,4.951525772801013,0.0,0.0,2372,0.3,0.12385931075550616,0.0003,13.372869342565536,-96.36944258213043,0.45610232651233673,29632,0.1047745116520673,80.07313507497959,80.07313507497959,0.014666788178146817,0.009492139230133034,0.023047754235449247
231.79239,5555,0.0,237600,,100.0,42,0.03157414495944977,,,,2376,,,,,,,,,,,,,
232.02238,5569,0.0,238400,0.0,100.0,42,0.03159714862704277,4.773508028483141,0.0,0.0,2380,0.3,0.12113332783337682,0.0003,13.222614601254463,-96.45820045471191,-1.4056748379953206,29696,0.10372307035140693,80.07313507497959,80.07313507497959,0.0160692091594683,0.009484804977546446,0.02389020899136085
232.02238,5569,0.0,238400,,100.0,42,0.03159714862704277,,,,2384,,,,,,,,,,,,,
231.53328,5593,0.0,239200,0.0,100.0,42,0.03164134919643402,4.86842141333362,0.0,0.0,2388,0.3,0.12310734391212463,0.0003,13.212579876184464,-96.63709795475006,-2.722670543938875,29824,0.10484150645788759,80.07313507497959,80.07313507497959,0.015531089171417989,0.00940600284957327,0.02235884485708084
231.53328,5593,0.0,239200,,100.0,42,0.03164134919643402,,,,2392,,,,,,,,,,,,,
231.53656,5606,0.0,240000,0.0,100.0,42,0.031666629016399384,4.522379607469632,0.0,0.0,2396,0.3,0.12441781838424504,0.0003,13.298746600747108,-96.84276294708252,-0.9395618801936507,29888,0.10426043858751655,80.07313507497959,80.07313507497959,0.013973272769362666,0.009373428605613299,0.022170857613673434
231.53656,5606,0.0,240000,,100.0,42,0.031666629016399384,,,,2400,,,,,,,,,,,,,
232.64613,5629,0.0,240800,0.0,100.0,42,0.03171533718705177,4.6404110219538355,0.0,0.0,2404,0.294,0.12161274999380112,0.0003,12.757819846272469,-97.41159617900848,-1.4952792469412088,30016,0.101692782365717,78.47167237347999,78.47167237347999,0.013929225970059633,0.009287033753935248,0.02157059138698969
232.64613,5629,0.0,240800,,100.0,42,0.03171533718705177,,,,2408,,,,,,,,,,,,,
233.80016,5643,0.0,241600,0.023531735638371156,100.0,42,0.03174079209566116,4.810755275891392,0.0,0.09,2412,0.26999999999999996,0.12348452932201326,0.0003,13.076310351490974,-97.29877853393555,-0.024725840892642736,30080,0.10287566878832877,78.47167237347999,78.47167237347999,0.015475460262678098,0.009255581739125773,0.02354746442870237
233.80016,5643,0.0,241600,,100.0,42,0.03174079209566116,,,,2416,,,,,,,,,,,,,
233.01886,5666,0.0,242400,0.026324900864347044,100.0,42,0.031786225736141205,4.550140356641568,0.0,0.09,2420,0.3,0.12356114876456559,0.0003,13.14518490433693,-97.34292209148407,-2.100379647919908,30208,0.10501498880330473,78.47167237347999,78.47167237347999,0.015541930319159292,0.009164959250483662,0.02417135878931731
233.01886,5666,0.0,242400,,100.0,42,0.031786225736141205,,,,2424,,,,,,,,,,,,,
233.08733,5680,0.0,243200,0.0,100.0,42,0.03180797025561333,4.611808490962382,0.0,0.0,2428,0.27899999999999997,0.11877746670506895,0.0003,12.426472708582878,-97.75553596019745,-3.420771783683449,30272,0.1026363690616563,78.47167237347999,78.47167237347999,0.013560336068621837,0.009113648644415662,0.0206383371114498
233.08733,5680,0.0,243200,,100.0,42,0.03180797025561333,,,,2432,,,,,,,,,,,,,
232.4335,5703,0.0,244000,0.0,100.0,42,0.031848158687353134,4.329760919610801,0.0,0.0,2436,0.264,0.12176299223210663,0.0003,12.934889823198318,-97.65234398841858,-3.9575329549843445,30400,0.10432885366026312,78.47167237347999,78.47167237347999,0.015357760625192896,0.008986502216430381,0.02270167469396256
232.4335,5703,0.0,244000,,100.0,42,0.031848158687353134,,,,2440,,,,,,,,,,,,,
232.29163,5726,0.0,244800,0.0626059003118293,100.0,42,0.03188691288232803,4.759643462642662,0.0,0.18,2444,0.3,0.1236007820116356,0.0003,13.158737480640411,-97.52136266231537,-4.290127623593435,30528,0.10564160533249378,78.47167237347999,78.47167237347999,0.017038055128068663,0.008844222640618682,0.024268645065603778
232.29163,5726,0.0,244800,,100.0,42,0.03188691288232803,,,,2448,,,,,,,,,,,,,
233.05998,5740,0.0,245600,0.0,100.0,42,0.03190797194838524,4.699251675539918,0.0,0.0,2452,0.3,0.1224538522073999,0.0003,13.100335240364075,-98.05846893787384,-3.0729726881254464,30592,0.10276713047642261,78.47167237347999,78.47167237347999,0.014935697472537868,0.008774065572652034,0.02296560887771193
233.05998,5740,0.0,245600,,100.0,42,0.03190797194838524,,,,2456,,,,,,,,,,,,,
232.58682,5764,0.0,246400,0.0,100.0,42,0.0319436639547348,4.2269642094032305,0.0,0.0,2460,0.264,0.12461944797541946,0.0003,13.153455436229706,-98.23730325698853,-3.2595767743187025,30720,0.10423019470181316,78.47167237347999,78.47167237347999,0.014883198542520404,0.00863688717072364,0.022814032548922114
232.58682,5764,0.0,246400,,100.0,42,0.0319436639547348,,,,2464,,,,,,,,,,,,,
231.47107,5778,0.0,247200,0.0,100.0,42,0.03196331113576889,4.621073933962846,0.0,0.0,2468,0.3,0.1211408763192594,0.0003,12.680231839418411,-98.37190508842468,-2.5069837325718254,30784,0.10412443173117936,78.47167237347999,78.47167237347999,0.013563629450800363,0.008581180838518776,0.021173999935854226
231.47107,5778,0.0,247200,,100.0,42,0.03196331113576889,,,,2472,,,,,,,,,,,,,
230.38887,5801,0.0,248000,0.0,100.0,42,0.03200404345989227,4.329493096192054,0.0,0.0,2476,0.22499999999999998,0.12333954696077853,0.0003,13.111844316124916,-98.7383781671524,-3.0419235655572265,30912,0.1022372447187081,78.47167237347999,78.47167237347999,0.013849099646904506,0.008472273431834765,0.02256473207671661
230.38887,5801,0.0,248000,,100.0,42,0.03200404345989227,,,,2480,,,,,,,,,,,,,
230.55554,5815,0.0,248800,0.0,100.0,42,0.032022055238485336,4.624313824742305,0.0,0.0,2484,0.288,0.12458234489895403,0.0003,13.055590957403183,-98.7696430683136,-3.09945192275336,30976,0.1036232786718756,78.47167237347999,78.47167237347999,0.013512963334505912,0.008414848387474194,0.02129723969846964
230.55554,5815,0.0,248800,,100.0,42,0.032022055238485336,,,,2488,,,,,,,,,,,,,
229.06557,5839,0.0,249600,0.0,100.0,42,0.03204881399869919,4.247515217593712,0.0,0.0,2492,0.26099999999999995,0.12180708174128085,0.0003,13.08230745792389,-98.72716879844666,-3.816777207888663,31104,0.10411728895269334,78.47167237347999,78.47167237347999,0.015479451802093536,0.008258541303803213,0.024150405311957
229.06557,5839,0.0,249600,,100.0,42,0.03204881399869919,,,,2496,,,,,,,,,,,,,
229.46295,5862,0.0,250400,0.0,100.0,42,0.03207983821630478,4.9917704834191605,0.0,0.0,2500,0.3,0.12170973944012076,0.0003,12.840518340468407,-99.17911493778229,-3.2846779231913388,31232,0.10250887332949787,78.47167237347999,78.47167237347999,0.01312894466536818,0.008106779860099778,0.022021906333975494
229.46295,5862,0.0,250400,,100.0,42,0.03207983821630478,,,,2504,,,,,,,,,,,,,
230.82458,5876,0.0,251200,0.08890498467203142,100.0,42,0.03209606930613518,4.6549502831302405,0.0,0.39,2508,0.3,0.12101987039204687,0.0003,12.878307461738586,-99.25564730167389,-3.5747857079841197,31296,0.10207184113096446,78.47167237347999,78.47167237347999,0.014229261847503949,0.008048008705372922,0.022771719901356846
230.82458,5876,0.0,251200,,100.0,42,0.03209606930613518,,,,2512,,,,,,,,,,,,,
231.41425,5902,0.0,252000,0.0,100.0,42,0.0321192629635334,4.559843642413884,0.0,0.0,2516,0.3,0.12030132720246911,0.0003,12.825348556041718,-99.40167915821075,-4.564657763112336,31424,0.10181282949633896,78.47167237347999,78.47167237347999,0.015156036301050335,0.007908070503617637,0.022921473588212393
231.41425,5902,0.0,252000,,100.0,42,0.0321192629635334,,,,2520,,,,,,,,,,,,,
231.76581,5916,0.0,252800,0.0,100.0,42,0.03212719410657883,4.704055557196084,0.0,0.0,2524,0.29699999999999993,0.1185251175193116,0.0003,12.682682022452354,-99.81311321258545,-3.844624973833561,31488,0.09899085527285933,78.47167237347999,78.47167237347999,0.01494481104600709,0.00781699649814982,0.023623471774044447
231.76581,5916,0.0,252800,,100.0,42,0.03212719410657883,,,,2528,,,,,,,,,,,,,
232.98178,5939,0.0,253600,0.0,100.0,42,0.03215121850371361,4.737522447625846,0.0,0.0,2532,0.26099999999999995,0.11748625035397708,0.0003,12.538699224591255,-99.98663020133972,-5.315853092819452,31616,0.09867958526592702,78.47167237347999,78.47167237347999,0.014176096316077746,0.007686834658670705,0.022454547477536835
232.98178,5939,0.0,253600,,100.0,42,0.03215121850371361,,,,2536,,,,,,,,,,,,,
231.36865,5953,0.0,254400,0.0,100.0,42,0.032160498201847076,4.226103567694607,0.0,0.0,2540,0.3,0.11880961316637695,0.0003,12.914749532938004,-100.18042278289795,-4.877172238309868,31680,0.09800345893017948,78.47167237347999,78.47167237347999,0.013716109322558623,0.007602246994792949,0.02385892743768636
231.36865,5953,0.0,254400,,100.0,42,0.032160498201847076,,,,2544,,,,,,,,,,,,,
231.1681,5978,0.0,255200,0.0,100.0,42,0.03218645974993706,4.913699374496112,0.0,0.0,2548,0.3,0.12028025684412569,0.0003,12.822518646717072,-100.04200315475464,-3.317829766077921,31808,0.10060166625771672,78.47167237347999,78.47167237347999,0.014865150486002676,0.007487961549486499,0.02327100478578359
231.1681,5978,0.0,255200,,100.0,42,0.03218645974993706,,,,2552,,,,,,,,,,,,,
231.37053,5993,0.0,256000,0.0,100.0,42,0.03219689801335335,4.695327765620473,0.0,0.0,2556,0.3,0.11900380428414792,0.0003,12.72619366645813,-100.14905369281769,-3.9403892322443426,31872,0.10043200652580708,78.47167237347999,78.47167237347999,0.015140643328777514,0.0074356563345645554,0.022128458571387455
231.37053,5993,0.0,256000,,100.0,42,0.03219689801335335,,,,2560,,,,,,,,,,,,,
231.3952,6016,0.0,256800,0.0,100.0,42,0.03221454843878746,4.373979857344072,0.0,0.0,2564,0.3,0.11944106977898628,0.0003,12.864513754844666,-100.58578264713287,-4.582499066949822,32000,0.0989172924309969,78.47167237347999,78.47167237347999,0.014030985243152827,0.007296576426597312,0.023508883750764653
231.3952,6016,0.0,256800,,100.0,42,0.03221454843878746,,,,2568,,,,,,,,,,,,,
231.13687,6040,0.0,257600,0.0,100.0,42,0.032232314348220825,4.378606661654823,0.0,0.0,2572,0.3,0.11975371721200645,0.0003,12.981335178017616,-100.44938373565674,-3.718759744777344,32128,0.10066396440379322,78.47167237347999,78.47167237347999,0.014119713145191781,0.007177971638157032,0.024751426448347047
231.13687,6040,0.0,257600,,100.0,42,0.032232314348220825,,,,2576,,,,,,,,,,,,,
231.21443,6055,0.0,258400,0.08748513315763531,100.0,42,0.0322461798787117,4.448741743116596,0.0,0.27,2580,0.3,0.1185827866429463,0.0003,12.673898935317993,-100.74112927913666,-3.44765455275774,32192,0.09889984491746873,78.47167237347999,78.47167237347999,0.014604318217607215,0.007122674585843924,0.02204208773036953
231.21443,6055,0.0,258400,,100.0,42,0.0322461798787117,,,,2584,,,,,,,,,,,,,
230.21715,6079,0.0,259200,0.07561869762754343,100.0,42,0.0322643518447876,4.280241508919589,0.0,0.39,2588,0.3,0.11709050857461989,0.0003,12.715460762381554,-100.80969440937042,-5.487828705925494,32320,0.0977946458151564,78.47167237347999,78.47167237347999,0.015311433307942934,0.0070112064786371775,0.024186455862945877
230.21715,6079,0.0,259200,,100.0,42,0.0322643518447876,,,,2592,,,,,,,,,,,,,
232.05125,6093,0.0,260000,0.0,100.0,42,0.03226955980062485,4.774694950199739,0.0,0.0,2596,0.3,0.11871470557525754,0.0003,12.805623829364777,-100.71971726417542,-5.3033301865216345,32384,0.10032621142454445,78.47167237347999,78.47167237347999,0.01521797753230203,0.006930117539013736,0.022912403088412248
232.05125,6093,0.0,260000,,100.0,42,0.03226955980062485,,,,2600,,,,,,,,,,,,,
230.37965,6116,0.0,260800,0.0,100.0,42,0.032281968742609024,4.0310244122920755,0.0,0.0,2604,0.2909999999999999,0.11798178008757532,0.0003,12.369606867432594,-101.1585842370987,-2.9545634812675416,32512,0.09793927846476436,76.90223892601038,76.90223892601038,0.014014019790920429,0.006795640765631106,0.02179277883260511
230.37965,6116,0.0,260800,,100.0,42,0.032281968742609024,,,,2608,,,,,,,,,,,,,
228.46861,6129,0.0,261600,0.0,100.0,42,0.03228822350502014,4.650141889146318,0.0,0.0,2612,0.29699999999999993,0.11695454956497997,0.0003,12.353573068976402,-101.35745882987976,-3.8175735666882247,32576,0.09792163933161646,76.90223892601038,76.90223892601038,0.014187086228048429,0.006745987440808676,0.021846633273526095
228.46861,6129,0.0,261600,,100.0,42,0.03228822350502014,,,,2616,,,,,,,,,,,,,
228.96205,6152,0.0,262400,0.0,100.0,42,0.03230086341500282,4.749954501571202,0.0,0.0,2620,0.3,0.117084990022704,0.0003,12.309536695480347,-101.545419216156,-3.190365032060072,32704,0.09737694286741316,76.90223892601038,76.90223892601038,0.013453482926706783,0.006659656988631468,0.022034579844330437
228.96205,6152,0.0,262400,,100.0,42,0.03230086341500282,,,,2624,,,,,,,,,,,,,
228.82121,6176,0.0,263200,0.008253762996862,100.0,42,0.032311808317899704,4.8133069725730095,0.0,0.03,2628,0.3,0.11720857792533934,0.0003,12.393814787268639,-101.66660141944885,-3.2106331198010594,32832,0.09678499237634242,76.90223892601038,76.90223892601038,0.014037818262295332,0.00656025116040837,0.023057864731526934
228.82121,6176,0.0,263200,,100.0,42,0.032311808317899704,,,,2632,,,,,,,,,,,,,
228.43248,6191,0.0,264000,0.0,100.0,42,0.03231428563594818,4.810132871060397,0.0,0.0,2636,0.3,0.11978463409468532,0.0003,12.810412734746933,-101.64971375465393,-3.8474263940006495,32896,0.09762748028151691,76.90223892601038,76.90223892601038,0.015000079962192103,0.006507467507617548,0.02408193692099303
228.43248,6191,0.0,264000,,100.0,42,0.03231428563594818,,,,2640,,,,,,,,,,,,,
229.40898,6215,0.0,264800,0.0,100.0,42,0.032323867082595825,4.742055162752485,0.0,0.0,2644,0.2909999999999999,0.1173644702648744,0.0003,12.384397625923157,-101.92712962627411,-2.691993701271713,33024,0.09569733229000121,76.90223892601038,76.90223892601038,0.013874463184038177,0.006405792002624366,0.02272845974948723
229.40898,6215,0.0,264800,,100.0,42,0.032323867082595825,,,,2648,,,,,,,,,,,,,
229.53215,6230,0.0,265600,0.0,100.0,42,0.03233372047543526,4.559448838538325,0.0,0.0,2652,0.29699999999999993,0.11627149162814021,0.0003,12.236718446016312,-101.8746827840805,-1.3876078519970179,33088,0.09728304680902511,76.90223892601038,76.90223892601038,0.01418443017610116,0.0063778073963476345,0.022297429357422516
229.53215,6230,0.0,265600,,100.0,42,0.03233372047543526,,,,2656,,,,,,,,,,,,,
231.38004,6253,0.0,266400,0.07473899960728415,100.0,42,0.03234438970685005,5.041980617092077,0.0,0.36,2660,0.3,0.11789103725459427,0.0003,12.565185502171516,-101.84429657459259,-3.3497137913946062,33216,0.09848215035162866,76.90223892601038,76.90223892601038,0.014507152256555855,0.006332658515020739,0.02407660015160218
231.38004,6253,0.0,266400,,100.0,42,0.03234438970685005,,,,2664,,,,,,,,,,,,,
232.44606,6267,0.0,267200,0.0,100.0,42,0.03234869986772537,4.767571644837667,0.0,0.0,2668,0.3,0.11693031818140298,0.0003,12.363699972629547,-102.06744730472565,-3.2133643061388284,33280,0.096446089213714,76.90223892601038,76.90223892601038,0.014651098172180355,0.006286728821578436,0.022884285601321608
232.44606,6267,0.0,267200,,100.0,42,0.03234869986772537,,,,2672,,,,,,,,,,,,,
233.56126,6290,0.0,268000,0.0,100.0,42,0.03236367553472519,4.751843411829528,0.0,0.0,2676,0.3,0.11691136111039668,0.0003,12.238269165158272,-102.00004196166992,-0.9610579914879054,33408,0.101009531179443,76.90223892601038,76.90223892601038,0.01354544298374094,0.0062199083622545,0.020970461919205263
233.56126,6290,0.0,268000,,100.0,42,0.03236367553472519,,,,2680,,,,,,,,,,,,,
231.27335,6306,0.0,268800,0.0,100.0,42,0.032370224595069885,4.170196974441001,0.0,0.0,2684,0.3,0.11778382782358676,0.0003,12.51181948184967,-102.22488486766815,-1.8325704224407673,33472,0.09769478207454085,76.90223892601038,76.90223892601038,0.014192338603606913,0.006215201756276656,0.02257124485913664
231.27335,6306,0.0,268800,,100.0,42,0.032370224595069885,,,,2688,,,,,,,,,,,,,
231.59319,6330,0.0,269600,0.0,100.0,42,0.03237856552004814,4.528099748306321,0.0,0.0,2692,0.3,0.11672404420096427,0.0003,12.32478241622448,-102.49351167678833,-2.733226012904197,33600,0.09721404407173395,76.90223892601038,76.90223892601038,0.014260914067563135,0.006144099657831248,0.02232182727311738
231.59319,6330,0.0,269600,,100.0,42,0.03237856552004814,,,,2696,,,,,,,,,,,,,
231.80148,6354,0.0,270400,0.0,100.0,42,0.0323898047208786,4.567575769683345,0.0,0.0,2700,0.264,0.11825451569166034,0.0003,12.56124846637249,-102.55873477458954,-2.744228260475211,33728,0.09747779043391347,76.90223892601038,76.90223892601038,0.014549364386766683,0.0060598798881983384,0.02346687599492725
231.80148,6354,0.0,270400,,100.0,42,0.0323898047208786,,,,2704,,,,,,,,,,,,,
231.84613,6368,0.0,271200,0.0,100.0,42,0.03239734470844269,4.451220963519379,0.0,0.0,2708,0.26099999999999995,0.11872393963858485,0.0003,12.566283956170082,-102.47332286834717,-1.6741892828140408,33792,0.09788672078866512,76.90223892601038,76.90223892601038,0.015039517034892924,0.006034220139554236,0.022860219512949698
231.84613,6368,0.0,271200,,100.0,42,0.03239734470844269,,,,2712,,,,,,,,,,,,,
232.56029,6392,0.0,272000,0.0,100.0,42,0.032395925372838974,4.762306712616368,0.0,0.0,2716,0.3,0.11343311530072242,0.0003,11.90565125644207,-103.23416817188263,-3.176217805943452,33920,0.09464186697732657,76.90223892601038,76.90223892601038,0.011362764220393728,0.005938369293289725,0.020193794232909568
232.56029,6392,0.0,272000,,100.0,42,0.032395925372838974,,,,2720,,,,,,,,,,,,,
232.62105,6406,0.0,272800,0.0,100.0,42,0.03239821642637253,4.746172992480998,0.0,0.0,2724,0.3,0.11568996892310679,0.0003,12.100530102849007,-103.07459723949432,-3.2221204973757267,33984,0.09532111778389663,76.90223892601038,76.90223892601038,0.013787087926175445,0.005903321973164566,0.02143239822180476
232.62105,6406,0.0,272800,,100.0,42,0.03239821642637253,,,,2728,,,,,,,,,,,,,
232.17307,6430,0.0,273600,0.0,100.0,42,0.0324009545147419,4.762026527886983,0.0,0.0,2732,0.264,0.11919372796546668,0.0003,12.482251405715942,-103.16598057746887,-2.2178889042697847,34112,0.09731771249789745,76.90223892601038,76.90223892601038,0.012919903405418154,0.005834490679262672,0.021093957242555916
232.17307,6430,0.0,273600,,100.0,42,0.0324009545147419,,,,2736,,,,,,,,,,,,,
233.54926,6446,0.0,274400,0.0,100.0,42,0.03240282088518143,4.767308777619378,0.0,0.0,2740,0.294,0.1174439697060734,0.0003,12.388456895947456,-103.317547082901,-3.5550797269679606,34176,0.09602196991909295,76.90223892601038,76.90223892601038,0.012781172721588518,0.005799304126412608,0.02195586396555882
233.54926,6446,0.0,274400,,100.0,42,0.03240282088518143,,,,2744,,,,,,,,,,,,,
233.21674,6470,0.0,275200,0.0,100.0,42,0.03240880370140076,4.71329799863731,0.0,0.0,2748,0.3,0.11539799068123102,0.0003,12.210721015930176,-103.48143231868744,-0.5988890435546637,34304,0.0961470928741619,76.90223892601038,76.90223892601038,0.013298029174620751,0.0057413363610976376,0.021762821648735553
233.21674,6470,0.0,275200,,100.0,42,0.03240880370140076,,,,2752,,,,,,,,,,,,,
231.94077,6495,0.0,276000,0.0,100.0,42,0.032419439405202866,4.8393024686238455,0.0,0.0,2756,0.3,0.1134542643558234,0.0003,11.987487375736237,-103.94989252090454,-2.157196529675275,34432,0.09271007077768445,76.90223892601038,76.90223892601038,0.012761645040882286,0.005725995790271554,0.020513002833467908
231.94077,6495,0.0,276000,,100.0,42,0.032419439405202866,,,,2760,,,,,,,,,,,,,
232.49771,6510,0.0,276800,0.06801371343175716,100.0,42,0.03242926672101021,4.802754172721763,0.0,0.36,2764,0.26099999999999995,0.11624866432975978,0.0003,12.178181752562523,-103.25295603275299,0.952942056581378,34496,0.09999211109243333,76.90223892601038,76.90223892601038,0.014062682726944331,0.00571540450619068,0.021144564656424336
232.49771,6510,0.0,276800,,100.0,42,0.03242926672101021,,,,2768,,,,,,,,,,,,,
231.34215,6532,0.0,277600,0.0,100.0,42,0.03243245184421539,4.1527241828734835,0.0,0.0,2772,0.3,0.11587839282583445,0.0003,12.20890997350216,-103.71256029605865,-3.3372259761672467,34624,0.0951568124582991,76.90223892601038,76.90223892601038,0.013517332685296424,0.005681593873305246,0.021802496194140986
231.34215,6532,0.0,277600,,100.0,42,0.03243245184421539,,,,2776,,,,,,,,,,,,,
231.91383,6546,0.0,278400,0.0,100.0,42,0.03243601322174072,4.394878404171772,0.0,0.0,2780,0.255,0.11313784611411393,0.0003,11.918405190110207,-103.90874707698822,-1.7556583446566947,34688,0.09511245717294514,76.90223892601038,76.90223892601038,0.012509159365436062,0.005661248214892112,0.02088198588171508
231.91383,6546,0.0,278400,,100.0,42,0.03243601322174072,,,,2784,,,,,,,,,,,,,
231.06056,6570,0.0,279200,0.05625812645698801,100.0,42,0.03244173899292946,4.599157154647206,0.0,0.24,2788,0.3,0.1138417397160083,0.0003,11.971294477581978,-103.97664749622345,-1.2288267160765827,34816,0.09663063113112003,76.90223892601038,76.90223892601038,0.012640714507142548,0.005613548979454208,0.02069749626389239
231.06056,6570,0.0,279200,,100.0,42,0.03244173899292946,,,,2792,,,,,,,,,,,,,
233.3709,6586,0.0,280000,0.12046121480872934,100.0,42,0.03244824334979057,4.703472817453193,0.0,0.36,2796,0.3,0.11530207982286811,0.0003,12.165854811668396,-103.9934070110321,0.8290306231938303,34880,0.09613371710292995,76.90223892601038,76.90223892601038,0.013121632473485079,0.005607936443993822,0.02116910867334809
233.3709,6586,0.0,280000,,100.0,42,0.03244824334979057,,,,2800,,,,,,,,,,,,,
233.16273,6610,0.0,280800,0.0,100.0,42,0.032452311366796494,4.556492577832748,0.0,0.0,2804,0.29699999999999993,0.11297430121339858,0.0003,11.774711653590202,-104.2980637550354,-0.0640832488425076,35008,0.09409620251972228,75.36419414749017,75.36419414749017,0.013788384312647395,0.0055861919245216995,0.02210091653978452
233.16273,6610,0.0,280800,,100.0,42,0.032452311366796494,,,,2808,,,,,,,,,,,,,
231.46873,6623,0.0,281600,0.018230489224580385,100.0,42,0.03245365619659424,4.347086944247824,0.0,0.09,2812,0.264,0.1159712882945314,0.0003,11.912484660744667,-104.03575599193573,-2.377804840449244,35072,0.09914863191079348,75.36419414749017,75.36419414749017,0.014456886892730836,0.005575144605245441,0.020968300828826614
231.46873,6623,0.0,281600,,100.0,42,0.03245365619659424,,,,2816,,,,,,,,,,,,,
232.86417,6646,0.0,282400,0.0,100.0,42,0.03246214985847473,4.79676684348936,0.0,0.0,2820,0.3,0.11346498283091933,0.0003,11.949669018387794,-104.51717281341553,-1.6523185865953565,35200,0.09492163232062012,75.36419414749017,75.36419414749017,0.013532350545574445,0.00553552336350549,0.023212649626657367
232.86417,6646,0.0,282400,,100.0,42,0.03246214985847473,,,,2824,,,,,,,,,,,,,
232.78522,6670,0.0,283200,0.0,100.0,42,0.03246324509382248,4.608764108418468,0.0,0.0,2828,0.2879999999999999,0.11603108560666442,0.0003,12.000090271234512,-104.65060663223267,-2.500348817091435,35328,0.09386045020073652,75.36419414749017,75.36419414749017,0.01220652735355543,0.005479276871483307,0.02102346799802035
232.78522,6670,0.0,283200,,100.0,42,0.03246324509382248,,,,2832,,,,,,,,,,,,,
231.57394,6684,0.0,284000,0.0,100.0,42,0.032467640936374664,4.651193163752389,0.0,0.0,2836,0.3,0.11620516644325107,0.0003,11.955475598573685,-104.45027136802673,-1.4508428764529526,35392,0.09652595862280577,75.36419414749017,75.36419414749017,0.013788155585643835,0.005464605805173051,0.021373419018345885
231.57394,6684,0.0,284000,,100.0,42,0.032467640936374664,,,,2840,,,,,,,,,,,,,
232.018,6707,0.0,284800,0.1880357066914225,100.0,42,0.03246765583753586,4.543903997109812,0.0,0.57,2844,0.3,0.11600315175019205,0.0003,12.039821550250053,-104.88174593448639,-2.7327236076816916,35520,0.0944825632032007,75.36419414749017,75.36419414749017,0.01264813914167462,0.0054133290686877444,0.021103260733070783
232.018,6707,0.0,284800,,100.0,42,0.03246765583753586,,,,2848,,,,,,,,,,,,,
231.81317,6721,0.0,285600,0.0,100.0,42,0.032465893775224686,4.636300081126153,0.0,0.0,2852,0.3,0.11364214355126023,0.0003,11.930043578147888,-104.88383185863495,-3.1333142640069127,35584,0.0944375372491777,75.36419414749017,75.36419414749017,0.014159925274725538,0.005371848856157158,0.0225584659492597
231.81317,6721,0.0,285600,,100.0,42,0.032465893775224686,,,,2856,,,,,,,,,,,,,
231.5397,6745,0.0,286400,0.0,100.0,42,0.032471656799316406,4.805060005661069,0.0,0.0,2860,0.26099999999999995,0.11429287411738187,0.0003,11.876239731907845,-105.07483661174774,-1.749462018487975,35712,0.0945920730009675,75.36419414749017,75.36419414749017,0.012971951146028005,0.005321239426848479,0.021287466457579285
231.5397,6745,0.0,286400,,100.0,42,0.032471656799316406,,,,2864,,,,,,,,,,,,,
232.70088,6759,0.0,287200,0.1395159709953249,100.0,42,0.03247431665658951,4.74950725233494,0.0,0.39,2868,0.3,0.11503053409978747,0.0003,11.931179583072662,-104.97862470149994,-2.346624602098018,35776,0.09488087880890816,75.36419414749017,75.36419414749017,0.012979859464394394,0.005303420650307089,0.020255406489013694
232.70088,6759,0.0,287200,,100.0,42,0.03247431665658951,,,,2872,,,,,,,,,,,,,
234.99754,6782,0.0,288000,0.0,100.0,42,0.03247523307800293,4.664115498433231,0.0,0.0,2876,0.29699999999999993,0.11284750082995743,0.0003,11.756397306919098,-105.05740058422089,-1.2715643988922238,35904,0.09345640323590487,75.36419414749017,75.36419414749017,0.01316385514655849,0.005247713888820726,0.021523156712646596
234.99754,6782,0.0,288000,,100.0,42,0.03247523307800293,,,,2880,,,,,,,,,,,,,
235.11774,6806,0.0,288800,0.10416405657761323,100.0,42,0.03247474506497383,4.569475785039016,0.0,0.36,2884,0.294,0.11523608793504536,0.0003,11.87969283759594,-104.95267343521118,-1.634728632401675,36032,0.09880564291961491,75.36419414749017,75.36419414749017,0.012596825356013142,0.0052050018348381855,0.020752799915499054
235.11774,6806,0.0,288800,,100.0,42,0.03247474506497383,,,,2888,,,,,,,,,,,,,
235.3255,6819,0.0,289600,0.04723262269135751,100.0,42,0.03248003125190735,4.797771824912849,0.0,0.21,2892,0.24599999999999997,0.11490236734971404,0.0003,11.981296807527542,-105.09860277175903,-0.7082974497461691,36096,0.0964312698924914,75.36419414749017,75.36419414749017,0.012837549737014342,0.005198986487812363,0.021788428814033978
235.3255,6819,0.0,289600,,100.0,42,0.03248003125190735,,,,2896,,,,,,,,,,,,,
233.84863,6843,0.0,290400,0.0,100.0,42,0.032485026866197586,4.398016672817801,0.0,0.0,2900,0.264,0.11311208072584122,0.0003,11.896217465400696,-105.42371046543121,-1.169425381347537,36224,0.0938427223591134,75.36419414749017,75.36419414749017,0.014132372758467682,0.005164414920727722,0.02201770526880864
233.84863,6843,0.0,290400,,100.0,42,0.032485026866197586,,,,2904,,,,,,,,,,,,,
235.09229,6859,0.0,291200,0.0,100.0,42,0.03248563036322594,4.72691718045968,0.0,0.0,2908,0.264,0.1140256243525073,0.0003,11.841045260429382,-105.45825731754303,-1.2734443277586251,36288,0.09423225419595838,75.36419414749017,75.36419414749017,0.01304374973551603,0.0051517190295271575,0.021227017117780633
235.09229,6859,0.0,291200,,100.0,42,0.03248563036322594,,,,2912,,,,,,,,,,,,,
234.7924,6882,0.0,292000,0.0,100.0,42,0.0324891172349453,4.689334180643266,0.0,0.0,2916,0.26099999999999995,0.1135171459754929,0.0003,11.829853549599648,-105.59303772449493,-0.907912471331656,36416,0.0935821944149211,75.36419414749017,75.36419414749017,0.012210727109049913,0.005123266557347961,0.021284680275130086
234.7924,6882,0.0,292000,,100.0,42,0.0324891172349453,,,,2920,,,,,,,,,,,,,
233.78668,6896,0.0,292800,0.0,100.0,42,0.03249044716358185,4.5465906574384025,0.0,0.0,2924,0.26099999999999995,0.11434974893927574,0.0003,12.036877885460854,-105.46112787723541,-1.4394174264743924,36480,0.09688711958006024,75.36419414749017,75.36419414749017,0.013732979619817343,0.005112907609145623,0.022163778077811003
233.78668,6896,0.0,292800,,100.0,42,0.03249044716358185,,,,2928,,,,,,,,,,,,,
234.19293,6921,0.0,293600,0.0,100.0,42,0.032490480691194534,4.358011365908019,0.0,0.0,2932,0.24599999999999997,0.11594141332898289,0.0003,12.052703350782394,-105.74665772914886,-0.9750570980831981,36608,0.09522282250691205,75.36419414749017,75.36419414749017,0.012632721234695055,0.005100406160636339,0.02112149565073196
234.19293,6921,0.0,293600,,100.0,42,0.032490480691194534,,,,2936,,,,,,,,,,,,,
232.93513,6935,0.0,294400,0.0,100.0,42,0.03249317407608032,4.598873836497379,0.0,0.0,2940,0.3,0.11406767321750522,0.0003,11.867774486541748,-105.65262520313263,-0.04011305305175483,36672,0.09488859656266868,75.36419414749017,75.36419414749017,0.012501554439950269,0.005088956102554221,0.021118831398780458
232.93513,6935,0.0,294400,,100.0,42,0.03249317407608032,,,,2944,,,,,,,,,,,,,
231.83598,6958,0.0,295200,0.0,100.0,42,0.032491154968738556,3.945033544449589,0.0,0.0,2948,0.3,0.11335515382234007,0.0003,11.714445367455482,-105.95862996578217,-0.8776619797572494,36800,0.09335119172465056,75.36419414749017,75.36419414749017,0.012465289757528808,0.005067221478384454,0.020078251109225675
231.83598,6958,0.0,295200,,100.0,42,0.032491154968738556,,,,2952,,,,,,,,,,,,,
232.31055,6983,0.0,296000,0.0,100.0,42,0.03250279277563095,4.965025161124154,0.0,0.0,2956,0.2909999999999999,0.11505332705564797,0.0003,11.89274075627327,-105.80402958393097,-0.04999852739274502,36928,0.09863257419783622,75.36419414749017,75.36419414749017,0.012218566873343661,0.005081591538328212,0.02094791823765263
232.31055,6983,0.0,296000,,100.0,42,0.03250279277563095,,,,2960,,,,,,,,,,,,,
232.12358,6999,0.0,296800,0.0,100.0,42,0.03250454366207123,4.645668003224182,0.0,0.0,2964,0.3,0.11447863525245339,0.0003,11.80883526802063,-105.89051961898804,-1.6331254066899419,36992,0.09663783060386777,75.36419414749017,75.36419414749017,0.012334065431787167,0.005079469548945781,0.020554027069010772
232.12358,6999,0.0,296800,,100.0,42,0.03250454366207123,,,,2968,,,,,,,,,,,,,
229.59416,7024,0.0,297600,0.0,100.0,42,0.03250567615032196,4.35722056563899,0.0,0.0,2972,0.264,0.11775549163576216,0.0003,12.35232774913311,-105.88124370574951,0.07902526902034879,37120,0.09788330690935254,75.36419414749017,75.36419414749017,0.012801794458937366,0.005050867162935901,0.0209848483937094
229.59416,7024,0.0,297600,,100.0,42,0.03250567615032196,,,,2976,,,,,,,,,,,,,
228.92236,7037,0.0,298400,0.0,100.0,42,0.032512202858924866,4.427928382849658,0.0,0.0,2980,0.26099999999999995,0.11754698620643467,0.0003,12.387764573097229,-105.90139782428741,3.0812970008701086,37184,0.0967820209916681,75.36419414749017,75.36419414749017,0.013781772344373167,0.005057050715549849,0.022400896981707774
228.92236,7037,0.0,298400,,100.0,42,0.032512202858924866,,,,2984,,,,,,,,,,,,,
228.11864,7061,0.0,299200,0.0,100.0,42,0.03252188488841057,4.39049018704876,0.0,0.0,2988,0.282,0.1146059128222987,0.0003,11.963794261217117,-105.8277051448822,0.15815211134031415,37312,0.09995787031948566,75.36419414749017,75.36419414749017,0.013733755353314336,0.005074325876194052,0.021358522164518945
228.11864,7061,0.0,299200,,100.0,42,0.03252188488841057,,,,2992,,,,,,,,,,,,,
228.47739,7076,0.0,300000,0.0,100.0,42,0.03252459689974785,4.2472989764012015,0.0,0.0,2996,0.3,0.11770774447359145,0.0003,12.300056800246239,-106.13751077651978,-1.5357580550480634,37376,0.09863644314464182,75.36419414749017,75.36419414749017,0.012797748728189617,0.005071936684544198,0.021191374529735185
228.47739,7076,0.0,300000,,100.0,42,0.03252459689974785,,,,3000,,,,,,,,,,,,,
