#{"t_start": 1788620294.0384748, "env_id": null}
r,l,t
147.29881,100,4.349601
125.53972,100,4.349674
145.61975,100,4.349687
151.73332,100,4.349697
139.87137,100,4.349706
139.00743,100,4.349714
149.91486,100,4.349723
103.34422,100,4.349731
140.82794,100,27.276548
146.02484,100,27.276623
101.00877,100,27.276636
98.75486,100,27.276645
135.05232,100,27.276654
140.77997,100,27.276662
132.3742,100,27.27667
105.14468,100,27.276679
132.61356,100,40.35638
136.96933,100,40.356473
107.90638,100,40.356497
129.3168,100,40.356515
145.43439,100,40.356532
128.76508,100,40.356549
144.69594,100,40.356565
119.39492,100,40.356582
112.60435,100,63.08482
141.41199,100,63.084892
100.905266,100,63.084904
107.18806,100,63.084913
87.7928,100,63.084921
146.19003,100,63.084929
138.2558,100,63.084938
92.38294,100,63.084945
156.31303,100,75.7291
126.60596,100,75.729171
88.05593,100,75.729182
103.20059,100,75.729191
141.68704,100,75.7292
123.31858,100,75.729208
138.19464,100,75.729217
160.89769,100,75.729224
143.49321,100,98.064523
77.27846,100,98.064613
123.289314,100,98.064636
209.17891,100,98.064654
140.44875,100,98.06467
145.90852,100,98.064686
149.22566,100,98.064702
147.3582,100,98.064717
127.49748,100,110.80811
122.69327,100,110.808177
119.50795,100,110.808189
120.212875,100,110.808198
128.0935,100,110.808206
141.34106,100,110.808214
129.24129,100,110.808223
108.4895,100,110.808232
133.94719,100,133.408277
149.03711,100,133.408351
131.84283,100,133.408365
113.60509,100,133.408374
146.72923,100,133.408383
116.43591,100,133.408391
128.18542,100,133.4084
146.7918,100,133.408409
134.06447,100,155.989991
131.56563,100,155.990076
139.46956,100,155.990089
155.47362,100,155.990099
151.20323,100,155.990108
117.0444,100,155.990117
107.850044,100,155.990126
141.59598,100,155.990135
125.1587,100,168.63812
141.09297,100,168.638208
79.46526,100,168.638229
107.70594,100,168.638245
145.93793,100,168.638263
139.52654,100,168.638284
155.04744,100,168.638302
125.73891,100,168.638318
134.07585,100,191.297495
120.914185,100,191.297571
133.26416,100,191.297584
87.02993,100,191.297593
139.15996,100,191.297602
141.40718,100,191.297611
141.05971,100,191.29762
135.37302,100,191.297628
138.25734,100,204.627806
113.037254,100,204.627889
195.60571,100,204.62791
136.6577,100,204.627926
147.15366,100,204.627941
136.47725,100,204.627955
144.92296,100,204.627969
133.68927,100,204.627983
139.9335,100,226.947631
129.21788,100,226.94772
114.77962,100,226.947742
141.22217,100,226.947759
132.64136,100,226.947774
148.94275,100,226.947789
59.72596,100,226.947805
144.25467,100,226.94782
138.70343,100,239.816909
141.4649,100,239.816995
129.94872,100,239.817016
119.066025,100,239.817042
142.21785,100,239.817062
145.68823,100,239.817076
143.34749,100,239.817091
136.16972,100,239.817105
155.75409,100,262.226104
137.4403,100,262.226177
123.79575,100,262.226189
144.79814,100,262.226199
106.061745,100,262.226207
134.7137,100,262.226216
151.50778,100,262.226225
87.900314,100,262.226233
108.58742,100,275.050097
109.32846,100,275.05019
141.69405,100,275.05021
139.81917,100,275.050226
134.70079,100,275.050241
166.51852,100,275.050256
107.8158,100,275.050271
148.48244,100,275.050286
128.00499,100,297.67946
135.06007,100,297.67955
131.56097,100,297.67957
155.8033,100,297.679586
130.43745,100,297.679602
140.14246,100,297.679617
148.49599,100,297.679632
107.70102,100,297.679647
142.11555,100,320.093848
114.05623,100,320.093921
140.55168,100,320.093932
143.06567,100,320.093941
99.71055,100,320.09395
117.25909,100,320.093959
135.19337,100,320.093967
139.3723,100,320.093976
171.82253,100,332.728793
131.6295,100,332.728886
149.8462,100,332.728909
131.40556,100,332.728925
151.46613,100,332.728941
129.46484,100,332.728958
134.53265,100,332.728974
123.4302,100,332.728989
139.2002,100,355.516428
148.46642,100,355.516515
118.56916,100,355.516536
127.70767,100,355.516554
140.65689,100,355.516571
150.1426,100,355.516587
117.320366,100,355.516602
147.6726,100,355.516617
176.71071,100,368.554511
144.41695,100,368.554598
153.71469,100,368.554618
137.94768,100,368.554634
145.88307,100,368.554649
143.08867,100,368.554664
146.74811,100,368.554679
133.92166,100,368.554694
144.12646,100,390.965687
143.18666,100,390.96576
132.74948,100,390.965772
132.45663,100,390.965781
143.84718,100,390.965791
122.75316,100,390.965799
122.905876,100,390.965808
101.56214,100,390.965816
127.69573,100,403.753439
135.00908,100,403.753511
76.63361,100,403.753524
144.79182,100,403.753534
165.5588,100,403.753543
155.73975,100,403.753552
114.88521,100,403.753561
123.67262,100,403.753569
144.81116,100,425.98101
132.14363,100,425.981091
110.89248,100,425.981104
118.068954,100,425.981114
136.85548,100,425.981122
156.33997,100,425.981132
140.14832,100,425.98114
125.73225,100,425.981149
132.5354,100,448.504461
106.441696,100,448.504524
136.02988,100,448.504538
108.59095,100,448.504549
135.42592,100,448.504559
136.03787,100,448.504568
139.46326,100,448.504578
86.50733,100,448.504587
133.37253,100,461.264646
138.5685,100,461.264736
97.97394,100,461.264756
127.23525,100,461.264771
135.09909,100,461.264786
144.79323,100,461.2648
133.70354,100,461.264814
135.4568,100,461.264829
85.56032,100,483.842546
119.16763,100,483.842621
143.1072,100,483.842633
138.19421,100,483.842643
140.54195,100,483.842652
138.97849,100,483.842661
123.60265,100,483.842669
136.73563,100,483.842678
108.81354,100,496.597377
142.16907,100,496.59745
140.02068,100,496.597462
137.89296,100,496.597471
140.77643,100,496.59748
122.72509,100,496.597488
114.59293,100,496.597497
132.80595,100,496.597505
140.76424,100,518.996597
146.24503,100,518.99669
129.64111,100,518.996711
134.6829,100,518.996728
152.69644,100,518.996743
132.44684,100,518.996758
135.65535,100,518.996773
130.32848,100,518.996787
150.78825,100,531.536677
86.41981,100,531.536778
121.08752,100,531.536803
80.33138,100,531.536823
166.64438,100,531.536841
156.5766,100,531.53686
155.53319,100,531.536878
130.10571,100,531.536897
108.47979,100,553.818569
144.07458,100,553.81866
140.6265,100,553.818681
154.72499,100,553.818697
147.54929,100,553.818712
124.80936,100,553.818727
136.74529,100,553.818742
111.73134,100,553.818756
124.658195,100,566.731894
141.3233,100,566.731986
188.22018,100,566.732007
128.37245,100,566.732023
136.3662,100,566.732052
113.37581,100,566.732068
140.92596,100,566.732082
145.78198,100,566.732098
148.09798,100,589.11556
134.43768,100,589.115632
130.64984,100,589.115644
131.47446,100,589.115654
135.28426,100,589.115662
125.625275,100,589.115671
125.71561,100,589.115679
156.81215,100,589.115687
126.123055,100,611.718791
100.33481,100,611.718865
127.827644,100,611.718878
141.73145,100,611.718887
158.28859,100,611.718896
121.4781,100,611.718905
132.3252,100,611.718914
163.30699,100,611.718923
155.19725,100,624.417216
116.81215,100,624.417286
134.22343,100,624.417297
132.14572,100,624.417307
144.52867,100,624.417315
147.67302,100,624.417324
128.62338,100,624.417332
129.37933,100,624.41734
106.246216,100,647.45305
84.993935,100,647.453123
287.80545,100,647.453135
135.0418,100,647.453144
149.24713,100,647.453152
143.54514,100,647.45316
138.08107,100,647.453169
102.07943,100,647.453177
132.86728,100,660.336365
145.81438,100,660.336436
128.44107,100,660.336449
100.6484,100,660.336458
139.25925,100,660.336468
112.61403,100,660.336477
143.49745,100,660.336486
134.3334,100,660.336494
140.06668,100,682.798215
125.13585,100,682.798306
131.71558,100,682.798328
125.202225,100,682.798345
133.46506,100,682.798362
132.33925,100,682.798378
137.50368,100,682.798394
132.49757,100,682.79841
208.22792,100,695.899427
150.85944,100,695.899516
87.642166,100,695.899535
158.3973,100,695.89955
151.09117,100,695.899565
137.38113,100,695.899579
102.571175,100,695.899593
140.0893,100,695.899607
109.739265,100,718.216783
140.00986,100,718.216852
130.8696,100,718.216865
142.05705,100,718.216874
129.06027,100,718.216882
147.5365,100,718.216891
132.26529,100,718.2169
100.0829,100,718.216919
140.62457,100,740.770457
73.77879,100,740.770534
145.7786,100,740.770547
131.71582,100,740.770557
135.79668,100,740.770567
132.69089,100,740.770576
141.47136,100,740.770585
138.19475,100,740.770594
90.158905,100,753.704891
136.62965,100,753.704981
170.0136,100,753.705004
150.66975,100,753.705021
128.19995,100,753.705053
156.83238,100,753.70507
141.99513,100,753.705086
127.86513,100,753.705102
111.73802,100,776.176188
123.98775,100,776.176263
124.88101,100,776.176275
153.97253,100,776.176285
134.5037,100,776.176294
141.44269,100,776.176303
136.77037,100,776.176312
139.33794,100,776.176321
124.50272,100,789.018165
91.512276,100,789.018236
144.99219,100,789.018247
146.40921,100,789.018255
116.46377,100,789.018264
100.37007,100,789.018272
138.32996,100,789.01828
122.63528,100,789.018288
139.96088,100,811.30067
125.09539,100,811.300744
141.71902,100,811.300757
135.33098,100,811.300766
131.7247,100,811.300776
144.95018,100,811.300785
120.733604,100,811.300793
97.791405,100,811.300802
126.182,100,823.690454
136.56828,100,823.690523
151.61266,100,823.690536
122.835144,100,823.690545
155.78741,100,823.690554
143.64526,100,823.690562
178.85065,100,823.690571
99.945786,100,823.69058
125.86946,100,845.928973
109.43388,100,845.929075
190.20985,100,845.929098
130.99425,100,845.929115
153.63953,100,845.929131
139.82094,100,845.929147
176.8025,100,845.929163
129.25171,100,845.929178
134.79198,100,859.036479
138.34756,100,859.036562
129.6746,100,859.036578
132.56859,100,859.03659
133.62259,100,859.036602
186.33687,100,859.036612
129.68669,100,859.036622
143.2032,100,859.036631
136.11786,100,881.857346
127.18997,100,881.857432
142.10754,100,881.857445
143.17297,100,881.857455
146.78102,100,881.857465
141.62929,100,881.857474
132.92065,100,881.857483
138.61787,100,881.857493
103.08805,100,904.456811
169.3694,100,904.456883
136.24846,100,904.456896
142.23831,100,904.456905
150.57565,100,904.456914
128.90546,100,904.456923
135.89175,100,904.456931
139.64731,100,904.45694
150.0213,100,917.084561
148.57079,100,917.08465
162.12914,100,917.084672
115.03896,100,917.084689
124.89286,100,917.084706
99.01834,100,917.084721
125.4409,100,917.084736
124.95982,100,917.08475
153.71288,100,939.680966
141.67528,100,939.681046
144.53441,100,939.681062
141.78468,100,939.681072
147.44008,100,939.681081
133.53853,100,939.68109
139.90619,100,939.681099
135.23038,100,939.681108
140.85805,100,952.443056
134.32178,100,952.443129
128.8098,100,952.44314
124.11562,100,952.443149
134.86714,100,952.443158
136.70737,100,952.443166
133.85902,100,952.443174
152.70831,100,952.443182
121.35945,100,975.49386
151.79404,100,975.493934
80.84365,100,975.493947
140.19043,100,975.493956
122.494896,100,975.493965
150.88524,100,975.493974
135.90585,100,975.493983
146.83592,100,975.493991
142.76976,100,988.323838
137.2884,100,988.323914
137.19919,100,988.323927
145.92303,100,988.323937
136.7269,100,988.323946
145.65309,100,988.323955
116.662766,100,988.323964
121.07688,100,988.323972
137.44627,100,1010.881233
135.8986,100,1010.881312
89.39521,100,1010.88133
127.0425,100,1010.881345
136.08011,100,1010.881357
152.70941,100,1010.88137
144.73862,100,1010.881383
153.3716,100,1010.881396
136.23846,100,1033.357662
161.85062,100,1033.357739
173.90971,100,1033.357753
152.98892,100,1033.357764
134.32063,100,1033.357774
134.10461,100,1033.357785
137.56187,100,1033.357794
154.18312,100,1033.357804
135.64491,100,1045.893458
105.52354,100,1045.893527
131.3972,100,1045.893539
165.04955,100,1045.893548
127.61612,100,1045.893557
135.68542,100,1045.893565
142.22783,100,1045.893573
152.82959,100,1045.893581
152.8823,100,1068.076726
142.48676,100,1068.076799
153.7897,100,1068.076811
159.76268,100,1068.076821
102.78342,100,1068.07683
137.8455,100,1068.076839
148.26344,100,1068.076848
147.285,100,1068.076856
156.80455,100,1080.824491
130.70969,100,1080.824568
128.63776,100,1080.82458
122.92241,100,1080.824589
131.41422,100,1080.82461
107.23416,100,1080.824619
135.84705,100,1080.824628
73.83781,100,1080.824636
150.11511,100,1103.221447
72.003784,100,1103.221524
136.05734,100,1103.221536
195.12224,100,1103.221545
147.83662,100,1103.221554
164.99222,100,1103.221563
143.17336,100,1103.221571
147.69618,100,1103.22158
143.15009,100,1115.886547
167.80869,100,1115.886601
133.12839,100,1115.886614
103.942406,100,1115.886623
87.2208,100,1115.886632
140.45892,100,1115.886641
148.23183,100,1115.88665
128.49086,100,1115.886659
152.22829,100,1138.380418
127.34608,100,1138.380524
165.9737,100,1138.380554
146.21713,100,1138.380576
164.37947,100,1138.380599
146.13376,100,1138.38062
111.35583,100,1138.380641
143.70027,100,1138.380663
146.60529,100,1151.612387
87.004875,100,1151.612494
184.43594,100,1151.612525
124.93806,100,1151.612548
190.19696,100,1151.61257
136.46242,100,1151.612591
345.70456,100,1151.612611
134.1726,100,1151.612631
91.82172,100,1174.547279
149.92256,100,1174.547368
132.97314,100,1174.547389
146.55273,100,1174.547405
121.482666,100,1174.54742
132.46046,100,1174.547435
137.6797,100,1174.547449
141.09167,100,1174.547464
129.18222,100,1197.550092
118.876854,100,1197.550166
109.23779,100,1197.550179
64.206055,100,1197.550189
164.94775,100,1197.550198
106.66476,100,1197.550207
166.21275,100,1197.550215
72.080025,100,1197.550224
140.9646,100,1210.239262
99.05532,100,1210.239334
118.98815,100,1210.239347
141.78159,100,1210.239356
138.70001,100,1210.239365
145.27495,100,1210.239374
124.80131,100,1210.239382
140.08295,100,1210.239391
138.3073,100,1232.725561
98.689575,100,1232.725639
199.22517,100,1232.725652
131.45786,100,1232.725662
179.98067,100,1232.725671
124.0243,100,1232.72568
144.39879,100,1232.72569
154.51009,100,1232.725699
151.84529,100,1245.830631
156.84602,100,1245.830718
130.80936,100,1245.83074
126.27516,100,1245.830758
139.77725,100,1245.830773
135.80742,100,1245.830788
149.99084,100,1245.830803
145.98434,100,1245.830818
124.201454,100,1268.494071
129.56114,100,1268.494171
145.7221,100,1268.4942
146.81798,100,1268.494222
141.48103,100,1268.494241
154.68736,100,1268.494262
149.5115,100,1268.494281
142.5977,100,1268.494301
137.51073,100,1281.128734
133.05443,100,1281.128836
121.66299,100,1281.128862
185.84337,100,1281.128882
139.78908,100,1281.1289
146.08434,100,1281.128918
148.51791,100,1281.128936
151.74646,100,1281.128953
151.16304,100,1303.583437
134.3941,100,1303.58351
138.91888,100,1303.583522
114.372375,100,1303.583531
143.94978,100,1303.58354
134.14384,100,1303.583549
104.55942,100,1303.583557
139.1711,100,1303.583566
134.56494,100,1326.123825
145.04388,100,1326.123905
124.63115,100,1326.123918
148.47774,100,1326.123928
135.18674,100,1326.123938
160.26758,100,1326.123947
134.3288,100,1326.123956
139.41214,100,1326.123965
154.34074,100,1339.038172
153.09808,100,1339.038255
115.117325,100,1339.038277
155.21619,100,1339.038295
152.73753,100,1339.038312
137.22278,100,1339.038329
170.9374,100,1339.038345
150.24141,100,1339.038361
136.69183,100,1361.633613
101.927666,100,1361.633686
119.760826,100,1361.633698
134.89542,100,1361.633708
107.5754,100,1361.633717
165.8619,100,1361.633726
138.48631,100,1361.633735
153.13394,100,1361.633743
144.24236,100,1374.17867
140.5391,100,1374.178744
155.4097,100,1374.178756
135.83371,100,1374.178766
133.3936,100,1374.178775
90.27126,100,1374.178783
180.89706,100,1374.178792
155.5415,100,1374.178801
137.83888,100,1397.277748
145.39716,100,1397.277842
125.86263,100,1397.277863
133.73022,100,1397.277879
119.24588,100,1397.277895
149.77481,100,1397.27791
148.85786,100,1397.277925
158.12157,100,1397.27794
156.10223,100,1410.21752
172.00816,100,1410.217608
178.12016,100,1410.21763
70.676544,100,1410.217647
167.73006,100,1410.217663
179.34215,100,1410.217678
111.41358,100,1410.217693
160.56664,100,1410.217708
137.08954,100,1433.577641
173.11282,100,1433.577733
145.51157,100,1433.577754
127.51557,100,1433.57777
161.8732,100,1433.577786
139.81082,100,1433.577817
134.18254,100,1433.577833
156.66182,100,1433.577848
172.85187,100,1446.755486
146.7858,100,1446.755575
154.76894,100,1446.755597
162.9119,100,1446.755615
142.9504,100,1446.755631
110.13068,100,1446.755648
151.28981,100,1446.755664
151.85161,100,1446.75568
149.14487,100,1469.3805
149.85019,100,1469.380591
205.1077,100,1469.380612
164.02245,100,1469.380629
128.67516,100,1469.380645
138.32779,100,1469.38066
137.35979,100,1469.380675
151.65938,100,1469.38069
150.13702,100,1491.963586
145.67885,100,1491.963666
103.127686,100,1491.963679
146.18013,100,1491.96369
151.00247,100,1491.963699
155.7797,100,1491.963709
173.25995,100,1491.963718
128.97176,100,1491.963727
96.925415,100,1504.985778
170.75723,100,1504.985856
183.95375,100,1504.985868
154.73106,100,1504.985878
146.6238,100,1504.985886
155.04643,100,1504.985895
149.64311,100,1504.985904
163.86584,100,1504.985912
194.96896,100,1527.593488
215.0574,100,1527.593565
160.98302,100,1527.593578
121.460365,100,1527.593588
152.20615,100,1527.593597
210.93564,100,1527.593606
181.75273,100,1527.593615
147.5893,100,1527.593624
155.71907,100,1541.076372
147.47868,100,1541.076467
149.84044,100,1541.07649
134.15297,100,1541.076508
129.51054,100,1541.076525
145.93234,100,1541.076541
125.600784,100,1541.076557
169.00485,100,1541.076574
159.75662,100,1564.125707
177.42828,100,1564.125778
180.43008,100,1564.125791
158.27101,100,1564.125801
168.15334,100,1564.12581
146.1662,100,1564.125819
157.19373,100,1564.125828
133.27673,100,1564.125837
142.27986,100,1577.112116
136.52861,100,1577.11219
131.09285,100,1577.112201
173.2505,100,1577.11221
147.33372,100,1577.112219
137.82748,100,1577.112227
90.38276,100,1577.112235
130.52731,100,1577.112243
143.33536,100,1599.573323
178.41518,100,1599.573394
172.00554,100,1599.573406
175.96793,100,1599.573415
134.80168,100,1599.573423
145.82977,100,1599.573432
164.80846,100,1599.57344
159.01279,100,1599.573448
220.84404,100,1622.610274
126.42375,100,1622.610348
225.35852,100,1622.610362
157.81018,100,1622.610372
141.80951,100,1622.610381
143.66129,100,1622.61039
154.20473,100,1622.610399
193.27919,100,1622.610408
140.83638,100,1635.722259
181.74475,100,1635.722347
132.13484,100,1635.722368
144.88307,100,1635.722384
146.21858,100,1635.722399
157.1384,100,1635.722414
151.14177,100,1635.72243
90.65408,100,1635.722445
146.78131,100,1658.190221
145.71507,100,1658.190323
152.69556,100,1658.190353
156.02144,100,1658.190376
209.80309,100,1658.190398
176.38167,100,1658.19042
170.26442,100,1658.190441
137.21127,100,1658.190462
249.07146,100,1672.890405
175.90956,100,1672.89048
143.72874,100,1672.890493
168.50046,100,1672.890503
129.78595,100,1672.890512
185.62068,100,1672.890521
147.96004,100,1672.890529
161.19933,100,1672.890538
173.95708,100,1695.474459
139.40424,100,1695.474547
140.64993,100,1695.474568
170.52692,100,1695.474583
173.97174,100,1695.474598
125.65195,100,1695.474613
165.19322,100,1695.474627
151.21193,100,1695.474642
198.36447,100,1708.649084
183.80383,100,1708.649162
153.6444,100,1708.649174
216.41362,100,1708.649184
117.258,100,1708.649194
156.93561,100,1708.649203
117.54762,100,1708.649212
204.17195,100,1708.64922
178.9715,100,1731.313429
131.10243,100,1731.31352
136.4943,100,1731.313543
136.96716,100,1731.313561
146.298,100,1731.313577
149.12825,100,1731.313594
163.14522,100,1731.31361
193.74094,100,1731.313627
168.71387,100,1744.802173
177.66731,100,1744.80225
171.39903,100,1744.802262
172.64973,100,1744.802271
125.81562,100,1744.80228
142.48906,100,1744.802289
145.7554,100,1744.802297
167.84499,100,1744.802305
149.72379,100,1767.284549
138.4228,100,1767.284638
134.4173,100,1767.284659
133.4594,100,1767.284675
193.86784,100,1767.28469
107.155975,100,1767.284706
158.29643,100,1767.284721
93.090096,100,1767.284736
150.26834,100,1789.82194
165.49802,100,1789.82202
127.588936,100,1789.822046
207.69742,100,1789.822057
156.1179,100,1789.822066
163.65721,100,1789.822076
141.57085,100,1789.822085
170.61876,100,1789.822104
145.71898,100,1803.423079
140.67395,100,1803.423153
154.15292,100,1803.423165
159.52011,100,1803.423174
211.85336,100,1803.423182
190.63652,100,1803.423191
145.46548,100,1803.4232
135.60211,100,1803.423208
167.33565,100,1826.078314
189.51686,100,1826.078417
143.80374,100,1826.078446
155.0628,100,1826.078468
174.56343,100,1826.078488
154.1447,100,1826.078509
162.20619,100,1826.07853
159.58742,100,1826.07855
190.53494,100,1840.075816
158.98888,100,1840.075902
168.07068,100,1840.075923
186.04117,100,1840.075939
134.17838,100,1840.075954
140.81607,100,1840.075969
142.65002,100,1840.075984
162.33833,100,1840.075998
189.09709,100,1863.267471
187.9438,100,1863.267561
153.71706,100,1863.267582
131.61284,100,1863.267598
178.38805,100,1863.267613
134.48685,100,1863.267628
227.81258,100,1863.267642
177.2267,100,1863.267657
123.717316,100,1876.547804
170.87628,100,1876.547892
87.961555,100,1876.547913
181.22911,100,1876.547929
183.05338,100,1876.547945
131.21533,100,1876.547961
158.3484,100,1876.547977
157.05698,100,1876.547993
171.49817,100,1899.251321
156.06726,100,1899.251399
194.189,100,1899.251419
146.03854,100,1899.251435
129.86769,100,1899.251449
146.42227,100,1899.251464
153.20116,100,1899.251478
180.06223,100,1899.251492
134.09572,100,1922.920187
143.30432,100,1922.920264
168.86081,100,1922.920276
177.29655,100,1922.920285
130.35834,100,1922.920294
182.42558,100,1922.920303
186.22807,100,1922.920312
205.0853,100,1922.920321
193.05713,100,1936.606888
166.6459,100,1936.60698
209.10362,100,1936.607002
134.39848,100,1936.607019
153.23651,100,1936.607052
168.92117,100,1936.607069
123.017654,100,1936.607084
190.17622,100,1936.6071
177.07399,100,1960.24327
185.5047,100,1960.243358
174.164,100,1960.243382
142.22621,100,1960.2434
194.10368,100,1960.243418
158.8182,100,1960.243435
241.07468,100,1960.243452
185.63858,100,1960.243468
135.38629,100,1973.742819
142.50746,100,1973.742909
208.60857,100,1973.742932
218.24998,100,1973.74295
112.25405,100,1973.742968
203.92154,100,1973.742984
157.07191,100,1973.743
127.1104,100,1973.743017
176.64911,100,1997.160977
176.23375,100,1997.16108
189.26839,100,1997.161103
172.80203,100,1997.161121
216.66165,100,1997.161138
174.6915,100,1997.161154
185.1286,100,1997.16117
271.40488,100,1997.161186
183.2063,100,2010.433632
161.11702,100,2010.43372
177.71355,100,2010.433741
109.83415,100,2010.433757
183.06909,100,2010.433773
148.44322,100,2010.433789
164.79538,100,2010.433804
196.24557,100,2010.433818
222.08893,100,2033.060285
200.38516,100,2033.060372
138.63194,100,2033.060393
174.01485,100,2033.060409
164.235,100,2033.060425
199.38495,100,2033.06044
157.68785,100,2033.060454
150.60487,100,2033.060469
186.23874,100,2046.005296
178.08015,100,2046.00538
191.67387,100,2046.005402
170.32959,100,2046.005418
150.25612,100,2046.005433
204.0089,100,2046.005448
152.19225,100,2046.005463
213.63022,100,2046.005478
143.86691,100,2068.420371
164.75623,100,2068.420447
156.53699,100,2068.420459
155.98798,100,2068.420468
152.32335,100,2068.420476
154.07506,100,2068.420485
195.72244,100,2068.420493
218.18513,100,2068.420502
165.43195,100,2091.364854
200.10648,100,2091.364926
159.18933,100,2091.364939
185.10623,100,2091.364948
257.45984,100,2091.364957
187.20296,100,2091.364966
210.95099,100,2091.364974
160.10822,100,2091.364983
160.1263,100,2104.420171
186.3423,100,2104.420261
162.89377,100,2104.420282
194.11958,100,2104.420298
169.63707,100,2104.420313
150.67636,100,2104.420328
175.9192,100,2104.420342
161.11714,100,2104.420358
169.72131,100,2127.068943
188.98819,100,2127.069019
96.80397,100,2127.069044
179.57109,100,2127.069056
170.76343,100,2127.069065
168.0577,100,2127.069074
129.33017,100,2127.069084
158.58484,100,2127.069093
146.98865,100,2139.824574
163.01968,100,2139.824669
196.70157,100,2139.82469
206.53961,100,2139.824707
189.4735,100,2139.824723
156.96585,100,2139.824738
216.08562,100,2139.824753
151.606,100,2139.824767
212.46333,100,2162.908177
156.47202,100,2162.90827
157.3818,100,2162.908291
157.42918,100,2162.908307
167.144,100,2162.908322
161.84799,100,2162.908337
142.78363,100,2162.908351
192.89455,100,2162.908365
168.59944,100,2176.877259
203.3244,100,2176.877362
170.65369,100,2176.877393
155.0353,100,2176.877416
173.18843,100,2176.877438
142.63625,100,2176.877458
227.48988,100,2176.877479
143.67636,100,2176.8775
93.51949,100,2199.954002
158.87198,100,2199.954091
217.09924,100,2199.954104
220.75291,100,2199.954113
186.54239,100,2199.954122
122.252075,100,2199.954131
238.21606,100,2199.95414
133.99564,100,2199.954149
178.08669,100,2222.991806
167.81107,100,2222.991881
205.88718,100,2222.991894
111.76074,100,2222.991903
184.95671,100,2222.991912
187.36513,100,2222.991921
208.23119,100,2222.99193
167.02321,100,2222.991939
201.75215,100,2235.967491
188.52895,100,2235.967565
179.83984,100,2235.967577
125.71516,100,2235.967586
215.88383,100,2235.967595
132.42639,100,2235.967603
138.67479,100,2235.967611
197.90413,100,2235.967619
201.99141,100,2258.651319
131.62154,100,2258.651393
219.26888,100,2258.651406
236.0481,100,2258.651415
189.24854,100,2258.651424
188.86942,100,2258.651433
175.30579,100,2258.651441
201.97937,100,2258.65145
175.22842,100,2272.156379
159.22139,100,2272.156469
193.23254,100,2272.15649
219.54161,100,2272.156506
149.86009,100,2272.156521
191.38878,100,2272.156535
181.06094,100,2272.156549
173.88535,100,2272.156564
155.87273,100,2295.023248
143.1282,100,2295.023337
161.79178,100,2295.023358
213.14966,100,2295.023376
169.51228,100,2295.023391
159.02554,100,2295.023406
168.20119,100,2295.023421
200.19678,100,2295.023435
166.00371,100,2308.55015
222.01831,100,2308.550239
176.84181,100,2308.55026
185.89012,100,2308.550276
198.45839,100,2308.550291
169.82693,100,2308.550307
176.92464,100,2308.550322
182.30655,100,2308.550337
202.48665,100,2331.052055
209.73439,100,2331.052123
173.75098,100,2331.052135
191.15477,100,2331.052144
143.69771,100,2331.052153
199.54808,100,2331.052162
176.3826,100,2331.05217
200.89787,100,2331.052178
171.95547,100,2344.702054
180.00293,100,2344.702131
204.8191,100,2344.702143
155.84425,100,2344.702152
219.76532,100,2344.702161
217.2415,100,2344.70217
221.25722,100,2344.702178
157.48209,100,2344.702187
157.47046,100,2368.369979
180.54681,100,2368.370075
170.76736,100,2368.370096
197.1369,100,2368.370111
155.17084,100,2368.370127
224.6287,100,2368.370142
235.67303,100,2368.370156
181.87878,100,2368.370171
252.68304,100,2391.344271
160.16869,100,2391.344342
209.58008,100,2391.344355
186.06747,100,2391.344364
142.45566,100,2391.344373
204.77885,100,2391.344381
164.37181,100,2391.34439
210.37634,100,2391.344399
201.84447,100,2404.529137
191.09445,100,2404.529215
191.73677,100,2404.529227
193.15927,100,2404.529236
190.12221,100,2404.529245
155.86542,100,2404.529254
205.91771,100,2404.529262
174.12201,100,2404.52927
217.57837,100,2428.25821
165.48157,100,2428.258283
181.20937,100,2428.258296
207.80147,100,2428.258305
267.46872,100,2428.258314
191.9291,100,2428.258322
176.44212,100,2428.25833
208.01404,100,2428.258338
202.15703,100,2442.066791
205.9505,100,2442.066863
120.90836,100,2442.066875
195.91605,100,2442.066884
178.81589,100,2442.066893
115.88723,100,2442.066902
179.18616,100,2442.06691
226.44887,100,2442.066919
208.5532,100,2465.437845
221.97675,100,2465.437944
216.73476,100,2465.437973
216.18051,100,2465.437995
171.26364,100,2465.438016
183.66753,100,2465.438052
224.96436,100,2465.438076
180.55566,100,2465.438096
233.52834,100,2478.859169
206.14832,100,2478.859243
163.89554,100,2478.859255
232.87012,100,2478.859264
223.8077,100,2478.859272
185.35703,100,2478.859281
162.36691,100,2478.859289
200.93082,100,2478.859297
194.62135,100,2501.825197
167.9654,100,2501.825299
170.27022,100,2501.825327
164.41924,100,2501.825349
155.3259,100,2501.82537
202.95126,100,2501.825392
167.3712,100,2501.825411
221.68701,100,2501.825431
167.149,100,2524.55922
195.08957,100,2524.559307
205.8754,100,2524.55932
217.07408,100,2524.55933
187.00798,100,2524.55934
203.19273,100,2524.559348
199.83356,100,2524.559357
204.8557,100,2524.559367
221.3116,100,2538.032844
168.15753,100,2538.032917
202.72041,100,2538.03293
195.63058,100,2538.032939
207.97404,100,2538.032948
184.17113,100,2538.032957
171.03926,100,2538.032965
193.48007,100,2538.032973
184.63799,100,2560.441811
143.96982,100,2560.441889
203.5456,100,2560.441902
186.80252,100,2560.441912
174.55241,100,2560.441921
183.37515,100,2560.441931
172.28976,100,2560.441939
174.0411,100,2560.441948
151.55042,100,2573.68886
204.9459,100,2573.688948
218.2595,100,2573.68897
217.78734,100,2573.688986
200.70258,100,2573.689
204.07616,100,2573.689016
135.83815,100,2573.689039
181.36235,100,2573.689058
225.85179,100,2596.179532
202.6935,100,2596.179606
156.28325,100,2596.17962
200.4898,100,2596.17963
213.01387,100,2596.17964
161.63391,100,2596.179649
167.65143,100,2596.179659
216.17415,100,2596.179668
175.6717,100,2609.863789
143.84195,100,2609.863861
189.05502,100,2609.863874
232.03175,100,2609.863883
220.80437,100,2609.863892
220.22058,100,2609.863901
224.82083,100,2609.863909
192.49185,100,2609.863919
226.35924,100,2632.534732
145.79362,100,2632.534831
199.84233,100,2632.534857
195.23062,100,2632.534883
217.83096,100,2632.534903
228.46036,100,2632.534923
188.2463,100,2632.534944
234.0484,100,2632.534964
194.92717,100,2645.870836
206.72644,100,2645.87093
189.46652,100,2645.870951
246.87848,100,2645.870967
218.46442,100,2645.870983
143.61827,100,2645.870998
220.10402,100,2645.871013
168.8241,100,2645.871037
178.53633,100,2668.842539
177.45663,100,2668.84263
175.23965,100,2668.842652
272.24307,100,2668.842668
216.75446,100,2668.842684
90.96957,100,2668.842699
233.43967,100,2668.842715
201.94872,100,2668.84273
200.76457,100,2692.982645
243.45268,100,2692.982715
225.75696,100,2692.982727
165.86383,100,2692.982737
237.51172,100,2692.982746
218.10048,100,2692.982754
226.16003,100,2692.982764
162.66168,100,2692.982772
235.69862,100,2707.882537
216.6876,100,2707.882622
184.92778,100,2707.882643
159.30241,100,2707.882659
160.16368,100,2707.882675
164.57825,100,2707.882689
237.54237,100,2707.882704
161.48872,100,2707.882719
231.82149,100,2731.974812
205.19493,100,2731.974887
229.83743,100,2731.974899
226.88351,100,2731.974909
196.37846,100,2731.974918
218.33601,100,2731.974927
165.48123,100,2731.974936
232.2,100,2731.974945
231.25526,100,2745.423907
196.20177,100,2745.423978
218.53761,100,2745.423991
188.26695,100,2745.424
232.48839,100,2745.424009
220.67517,100,2745.424018
194.97372,100,2745.424026
235.28203,100,2745.42405
197.48083,100,2767.950579
160.57797,100,2767.950671
175.40422,100,2767.950693
181.44424,100,2767.95071
220.92076,100,2767.950726
183.70451,100,2767.950742
243.39754,100,2767.950757
244.97073,100,2767.950773
171.01138,100,2781.832725
137.31067,100,2781.832797
165.89041,100,2781.832809
225.02193,100,2781.832819
243.09967,100,2781.832828
176.32668,100,2781.832837
80.048935,100,2781.832845
230.47844,100,2781.832854
189.75603,100,2806.771294
150.65619,100,2806.77137
235.18024,100,2806.771383
157.85973,100,2806.771392
156.45215,100,2806.771402
142.22429,100,2806.77141
153.23555,100,2806.771419
246.9006,100,2806.771428
198.15182,100,2829.306205
120.48035,100,2829.306281
206.97455,100,2829.306294
193.108,100,2829.306304
185.11383,100,2829.306314
176.72566,100,2829.306322
180.65518,100,2829.306331
190.63373,100,2829.30634
240.9365,100,2843.544857
212.28168,100,2843.544947
176.91537,100,2843.544967
211.9828,100,2843.544983
181.67787,100,2843.544998
192.38354,100,2843.545013
232.26201,100,2843.545027
189.22421,100,2843.545056
210.13036,100,2866.839337
213.78903,100,2866.839416
194.89713,100,2866.839428
224.2238,100,2866.839438
209.44691,100,2866.839447
232.33556,100,2866.839456
252.22534,100,2866.839465
178.60602,100,2866.839473
194.03601,100,2880.884059
220.44443,100,2880.884152
199.94954,100,2880.884175
186.63997,100,2880.884223
198.1821,100,2880.88424
149.82912,100,2880.884257
223.08824,100,2880.884273
203.69357,100,2880.884289
224.59969,100,2903.8207
234.38226,100,2903.820779
221.02475,100,2903.820792
233.98648,100,2903.820802
224.86263,100,2903.820812
177.19934,100,2903.820822
173.7958,100,2903.820831
161.53476,100,2903.820841
208.31886,100,2916.908489
205.22006,100,2916.908566
209.29817,100,2916.908579
221.095,100,2916.90859
129.91327,100,2916.9086
249.42297,100,2916.908611
191.83011,100,2916.908619
223.51414,100,2916.908628
227.58832,100,2940.089731
172.05576,100,2940.089826
229.70583,100,2940.089849
168.18512,100,2940.089866
233.96413,100,2940.089883
162.84422,100,2940.0899
168.50438,100,2940.089916
197.89377,100,2940.089932
223.88498,100,2954.50497
183.5202,100,2954.505066
194.76814,100,2954.505092
136.32298,100,2954.505108
209.70981,100,2954.505123
205.00201,100,2954.505138
140.10855,100,2954.505152
234.16086,100,2954.505167
209.00511,100,2977.142864
206.92131,100,2977.142973
242.35896,100,2977.143005
156.95505,100,2977.143041
189.88164,100,2977.143073
201.8483,100,2977.143097
212.97418,100,2977.14312
213.71068,100,2977.143141
214.57156,100,3001.381175
241.09871,100,3001.381249
213.86609,100,3001.381262
225.2547,100,3001.381272
196.6544,100,3001.381282
200.27065,100,3001.381291
223.13078,100,3001.3813
239.2574,100,3001.381309
201.47375,100,3014.904298
243.93364,100,3014.904383
151.24821,100,3014.904404
210.49615,100,3014.904419
196.60254,100,3014.904434
215.45322,100,3014.904449
214.4177,100,3014.904463
214.57996,100,3014.904477
200.55127,100,3037.458545
230.459,100,3037.458619
179.68217,100,3037.458632
207.87418,100,3037.458641
225.94493,100,3037.45865
238.41182,100,3037.45866
192.14294,100,3037.458668
229.35071,100,3037.458677
239.43117,100,3050.584901
208.66971,100,3050.584979
223.75903,100,3050.584992
203.0327,100,3050.585001
232.9033,100,3050.58501
227.83328,100,3050.585019
251.12955,100,3050.585037
177.90503,100,3050.585053
239.90714,100,3073.60927
198.99048,100,3073.609348
201.82153,100,3073.60936
258.88278,100,3073.609369
243.52245,100,3073.609378
215.42703,100,3073.609387
198.0212,100,3073.609396
209.33093,100,3073.609404
224.40265,100,3086.275943
230.50024,100,3086.276017
166.15103,100,3086.276037
202.88527,100,3086.276049
176.04417,100,3086.276058
219.95482,100,3086.276067
243.29916,100,3086.276075
168.94278,100,3086.276083
229.39616,100,3109.016198
191.51877,100,3109.016275
240.3527,100,3109.016289
190.94612,100,3109.016299
214.16547,100,3109.016307
217.56436,100,3109.016317
221.06125,100,3109.016325
203.77138,100,3109.016335
164.25142,100,3132.930235
231.81218,100,3132.930309
209.58289,100,3132.930321
200.35231,100,3132.93033
199.00848,100,3132.930338
158.78136,100,3132.930346
200.67488,100,3132.930355
247.51988,100,3132.930363
229.71555,100,3146.784935
187.73445,100,3146.785022
231.59096,100,3146.785054
160.80606,100,3146.785071
202.11209,100,3146.785086
165.34065,100,3146.7851
207.45827,100,3146.785115
241.64186,100,3146.78513
218.02939,100,3170.450755
186.39757,100,3170.450827
196.77287,100,3170.45084
208.93146,100,3170.450849
221.1127,100,3170.450858
235.49991,100,3170.450867
195.55304,100,3170.450875
220.4599,100,3170.450884
183.76874,100,3183.799489
176.62466,100,3183.79956
209.05641,100,3183.799572
212.16245,100,3183.799581
216.18336,100,3183.799589
252.27182,100,3183.799598
207.17105,100,3183.799605
181.33356,100,3183.799613
180.58218,100,3206.320941
187.88675,100,3206.321046
203.37834,100,3206.321074
243.49857,100,3206.321092
154.54785,100,3206.321109
205.7851,100,3206.321125
201.97818,100,3206.321141
189.11131,100,3206.321158
242.43266,100,3220.357341
222.27368,100,3220.357413
165.78812,100,3220.357425
175.56987,100,3220.357434
257.39798,100,3220.357444
215.39278,100,3220.357453
216.1938,100,3220.357462
212.63013,100,3220.357471
206.06348,100,3243.955256
215.15433,100,3243.95533
242.47813,100,3243.955342
208.46758,100,3243.955351
174.20041,100,3243.95537
196.0265,100,3243.95538
238.90404,100,3243.955389
160.03287,100,3243.955397
175.64336,100,3257.200238
211.9513,100,3257.20033
212.0672,100,3257.200353
169.86284,100,3257.200372
228.39397,100,3257.200388
208.4727,100,3257.200405
225.80615,100,3257.200421
214.29855,100,3257.200438
206.32431,100,3280.695624
191.36327,100,3280.695697
193.17006,100,3280.695709
146.6246,100,3280.695719
194.08583,100,3280.695728
236.01094,100,3280.695736
193.79243,100,3280.695745
206.21162,100,3280.695753
196.41759,100,3303.52617
182.7632,100,3303.526245
205.2852,100,3303.526257
210.70702,100,3303.526267
186.87201,100,3303.526276
181.22585,100,3303.526284
254.43962,100,3303.526293
221.2864,100,3303.526302
244.00044,100,3317.231827
208.19539,100,3317.23193
217.09827,100,3317.231954
198.39748,100,3317.231972
213.32196,100,3317.23199
235.67442,100,3317.232007
221.80865,100,3317.232024
244.64542,100,3317.232059
193.32932,100,3340.925862
228.8513,100,3340.925947
159.31778,100,3340.925967
200.55467,100,3340.925983
204.83598,100,3340.925997
236.13501,100,3340.926011
208.50323,100,3340.926025
197.52167,100,3340.926053
189.69855,100,3354.471127
198.9982,100,3354.471205
163.30779,100,3354.471219
236.25328,100,3354.471231
249.06602,100,3354.471241
214.54247,100,3354.471252
192.30815,100,3354.471262
228.72763,100,3354.471271
157.46153,100,3377.616828
208.46199,100,3377.616902
198.18884,100,3377.616914
202.13637,100,3377.616924
234.26003,100,3377.616933
169.28734,100,3377.616941
216.5358,100,3377.61695
208.189,100,3377.616959
194.03067,100,3390.618887
177.1469,100,3390.618977
177.3389,100,3390.619
248.87236,100,3390.619017
212.15083,100,3390.619047
201.01459,100,3390.619064
202.60007,100,3390.61908
151.82481,100,3390.619096
176.70357,100,3413.156961
224.26799,100,3413.15704
229.14322,100,3413.157055
179.56064,100,3413.157065
227.81645,100,3413.157073
177.50029,100,3413.157082
241.81256,100,3413.15709
219.48946,100,3413.157099
216.2481,100,3437.139655
227.17236,100,3437.139731
209.59335,100,3437.139743
228.20586,100,3437.139753
169.61276,100,3437.139761
173.4246,100,3437.139769
176.18939,100,3437.139777
235.16304,100,3437.139786
164.89351,100,3450.668705
202.25452,100,3450.668768
251.99934,100,3450.66878
199.2438,100,3450.668789
225.22731,100,3450.668798
190.6658,100,3450.668806
178.2477,100,3450.668815
177.42867,100,3450.668823
243.26721,100,3473.63092
235.69733,100,3473.630996
248.86856,100,3473.631009
190.40726,100,3473.631018
223.16081,100,3473.631027
171.06883,100,3473.631047
211.92822,100,3473.631056
188.01767,100,3473.631064
189.79724,100,3488.381072
242.27509,100,3488.381142
225.91534,100,3488.381154
199.71179,100,3488.381163
190.82834,100,3488.381171
211.55898,100,3488.38118
220.66823,100,3488.381188
244.04756,100,3488.381197
219.96915,100,3510.990111
213.15059,100,3510.990185
160.26468,100,3510.990198
190.97163,100,3510.990207
193.3583,100,3510.990216
197.31033,100,3510.990225
222.84282,100,3510.990233
230.75723,100,3510.990242
227.94386,100,3523.828521
156.95413,100,3523.828589
253.2151,100,3523.828601
202.95377,100,3523.82861
221.69702,100,3523.828619
250.73465,100,3523.828627
222.10542,100,3523.828635
221.95439,100,3523.828643
132.21988,100,3547.392374
153.5636,100,3547.392444
224.10481,100,3547.392456
206.81963,100,3547.392465
222.98494,100,3547.392473
173.24919,100,3547.392482
238.73376,100,3547.392489
191.97617,100,3547.392498
234.36818,100,3560.657115
213.6218,100,3560.657204
219.16776,100,3560.657225
185.58473,100,3560.657241
202.22932,100,3560.657256
213.89194,100,3560.65727
207.50905,100,3560.657285
222.12393,100,3560.6573
191.07417,100,3583.454404
238.681,100,3583.45451
236.1847,100,3583.454539
237.11708,100,3583.454562
211.03659,100,3583.454586
204.149,100,3583.454607
234.36867,100,3583.454629
223.29395,100,3583.454653
199.05908,100,3607.07341
250.78531,100,3607.073484
251.13715,100,3607.073498
168.5566,100,3607.073508
190.2997,100,3607.073517
227.01295,100,3607.073525
192.33563,100,3607.073545
145.13988,100,3607.073554
179.66719,100,3620.600267
215.09119,100,3620.600341
163.19214,100,3620.600354
215.33928,100,3620.600363
180.86948,100,3620.600372
255.81174,100,3620.600381
236.94452,100,3620.600389
194.50063,100,3620.600398
229.54463,100,3643.696369
211.41771,100,3643.69644
236.97078,100,3643.696453
234.77658,100,3643.696463
227.15231,100,3643.696472
241.11812,100,3643.696481
233.5459,100,3643.696489
248.8956,100,3643.696498
261.68542,100,3658.318474
212.56953,100,3658.318573
237.15787,100,3658.31859
205.7774,100,3658.318603
217.51863,100,3658.318615
243.05301,100,3658.318626
195.14941,100,3658.318638
222.33704,100,3658.31865
223.9827,100,3681.012512
244.98282,100,3681.012602
202.67346,100,3681.012623
170.37148,100,3681.012639
214.8348,100,3681.012655
221.14142,100,3681.012669
242.66597,100,3681.012684
181.4872,100,3681.012699
168.09914,100,3694.26543
252.75388,100,3694.265504
236.2619,100,3694.265516
211.11966,100,3694.265525
242.46814,100,3694.265534
229.77956,100,3694.265542
234.99002,100,3694.265551
221.4745,100,3694.265559
235.37642,100,3716.940105
196.04337,100,3716.940175
232.61563,100,3716.940187
204.13438,100,3716.940196
149.68929,100,3716.940206
188.90955,100,3716.940214
234.87236,100,3716.940223
220.71683,100,3716.940231
208.3518,100,3739.575206
248.94609,100,3739.575282
237.52533,100,3739.575295
198.51625,100,3739.575305
244.72928,100,3739.575314
226.66423,100,3739.575323
224.01181,100,3739.575332
221.6471,100,3739.575341
247.5989,100,3752.782946
239.51056,100,3752.783027
204.8454,100,3752.783049
219.53653,100,3752.783058
226.2647,100,3752.783066
199.50363,100,3752.783074
221.19025,100,3752.783082
198.83893,100,3752.78309
233.85164,100,3775.705715
133.51753,100,3775.705803
216.3866,100,3775.705823
227.20607,100,3775.70584
203.16203,100,3775.705855
204.31645,100,3775.70587
224.03506,100,3775.705885
245.39986,100,3775.705899
218.0031,100,3788.737768
187.52348,100,3788.737842
204.61491,100,3788.737855
164.98001,100,3788.737864
243.24168,100,3788.737873
197.72551,100,3788.737882
212.36505,100,3788.73789
222.68282,100,3788.737899
241.455,100,3812.053186
246.36282,100,3812.053256
180.86913,100,3812.053268
193.61852,100,3812.053277
246.20284,100,3812.053286
212.1546,100,3812.053294
250.95834,100,3812.053303
232.81372,100,3812.053311
184.94214,100,3826.084623
251.94127,100,3826.084709
219.1134,100,3826.08473
245.54181,100,3826.084745
225.15802,100,3826.08476
216.93817,100,3826.084775
218.1133,100,3826.08479
263.60736,100,3826.084804
172.44086,100,3848.84186
262.66824,100,3848.841946
234.40015,100,3848.841967
214.08038,100,3848.841982
220.24066,100,3848.841998
181.61931,100,3848.842012
213.89478,100,3848.842026
343.48373,100,3848.842052
247.49266,100,3861.926289
206.15488,100,3861.926378
238.09062,100,3861.926398
173.04713,100,3861.926413
263.90527,100,3861.926428
198.75745,100,3861.926443
152.87044,100,3861.926458
237.25902,100,3861.926474
249.81374,100,3884.499069
240.76915,100,3884.499163
234.18687,100,3884.499186
254.31096,100,3884.499202
213.735,100,3884.499218
201.76633,100,3884.499233
215.70032,100,3884.499249
176.96104,100,3884.499265
287.0497,100,3907.106396
240.3112,100,3907.106474
165.72876,100,3907.106487
257.09622,100,3907.106497
140.55515,100,3907.106505
237.10347,100,3907.106514
307.72446,100,3907.106523
256.2953,100,3907.106532
210.48178,100,3920.932684
247.97034,100,3920.932761
200.83507,100,3920.932774
192.63742,100,3920.932784
231.47629,100,3920.932793
224.68005,100,3920.932802
246.39803,100,3920.932811
185.93427,100,3920.93282
250.20201,100,3944.532806
249.81863,100,3944.532883
262.29126,100,3944.532895
222.51181,100,3944.532905
175.53642,100,3944.532913
214.12794,100,3944.532922
264.46716,100,3944.532931
231.95723,100,3944.532939
207.99698,100,3957.98987
257.06473,100,3957.989968
217.47311,100,3957.989993
220.32744,100,3957.99001
235.43312,100,3957.990026
232.80592,100,3957.990059
144.31436,100,3957.990075
319.99774,100,3957.990105
233.02504,100,3981.644501
236.48912,100,3981.644572
241.23438,100,3981.644585
204.26509,100,3981.644594
213.97458,100,3981.644603
228.7121,100,3981.644612
211.5744,100,3981.64462
251.892,100,3981.644629
215.44942,100,3994.436236
241.74095,100,3994.436311
276.7456,100,3994.436325
229.0799,100,3994.436335
223.09402,100,3994.436346
233.73407,100,3994.436355
214.79181,100,3994.436364
269.38574,100,3994.436374
215.33197,100,4016.98996
238.73445,100,4016.990058
244.14413,100,4016.990083
226.54544,100,4016.990099
221.98967,100,4016.990114
193.85942,100,4016.990129
225.33792,100,4016.990144
246.16006,100,4016.990158
215.41415,100,4039.666927
232.44385,100,4039.667007
199.81404,100,4039.66702
213.24176,100,4039.667062
242.32135,100,4039.667076
225.36757,100,4039.667084
208.05894,100,4039.667094
245.21782,100,4039.667102
201.21472,100,4052.36494
247.08661,100,4052.365037
197.07024,100,4052.365063
214.01147,100,4052.365079
197.73093,100,4052.365096
202.07298,100,4052.365111
256.7124,100,4052.365127
229.85481,100,4052.365142
253.51117,100,4076.388085
221.72276,100,4076.388162
209.41243,100,4076.388175
247.2419,100,4076.388185
168.85469,100,4076.388194
231.38742,100,4076.388202
255.98027,100,4076.388211
228.35315,100,4076.38822
242.66248,100,4088.739804
178.54988,100,4088.739891
258.22083,100,4088.739912
207.78072,100,4088.739928
247.43239,100,4088.739943
207.87976,100,4088.739958
235.03746,100,4088.739973
190.53934,100,4088.739987
217.01637,100,4111.447901
267.09067,100,4111.44799
242.75131,100,4111.448011
170.60992,100,4111.448027
256.94235,100,4111.448054
220.39323,100,4111.44807
216.60391,100,4111.448084
256.43655,100,4111.448098
242.69933,100,4125.238305
204.97658,100,4125.238405
233.5323,100,4125.238436
203.70175,100,4125.238458
245.79149,100,4125.238479
210.0104,100,4125.238499
243.86371,100,4125.238519
250.69826,100,4125.23854
153.43167,100,4148.80472
221.19725,100,4148.804795
222.77493,100,4148.804807
242.35182,100,4148.804817
244.4902,100,4148.804826
188.24167,100,4148.804835
239.06415,100,4148.804843
252.04645,100,4148.804852
225.05417,100,4162.041635
225.40065,100,4162.041744
216.00868,100,4162.041772
235.86108,100,4162.041794
186.61897,100,4162.041816
207.44301,100,4162.041837
218.53279,100,4162.041859
246.95132,100,4162.041882
170.15837,100,4185.291825
249.39954,100,4185.291918
235.38623,100,4185.291942
243.52545,100,4185.291959
214.80396,100,4185.291975
236.579,100,4185.291991
226.17433,100,4185.292008
259.29846,100,4185.292024
248.9067,100,4208.116275
219.54382,100,4208.116352
230.63359,100,4208.116365
224.50673,100,4208.116375
194.50317,100,4208.116385
239.58269,100,4208.116393
197.9888,100,4208.116402
189.30162,100,4208.116411
243.78986,100,4221.635044
155.1017,100,4221.635112
188.82686,100,4221.635135
220.0895,100,4221.635153
236.95479,100,4221.635169
221.0129,100,4221.635185
228.90738,100,4221.635201
222.97699,100,4221.635216
229.53926,100,4244.59958
201.39395,100,4244.599674
225.57603,100,4244.599697
328.35806,100,4244.599715
241.06978,100,4244.599731
231.19405,100,4244.599748
240.90186,100,4244.599764
202.65306,100,4244.599779
228.16164,100,4259.142107
232.84973,100,4259.142196
189.06274,100,4259.142218
259.5613,100,4259.142235
266.8129,100,4259.142252
231.89749,100,4259.14227
207.16577,100,4259.142287
270.34918,100,4259.142303
262.7679,100,4282.12312
138.02744,100,4282.123209
236.30429,100,4282.12323
217.87735,100,4282.123246
229.94135,100,4282.123261
247.78616,100,4282.123276
218.13489,100,4282.123291
251.64243,100,4282.123307
168.88135,100,4295.571011
252.34805,100,4295.571126
259.27924,100,4295.571157
209.05946,100,4295.571182
213.63309,100,4295.571204
237.83496,100,4295.571227
229.37318,100,4295.57125
175.77797,100,4295.571272
246.35306,100,4319.679027
236.75276,100,4319.679111
220.02066,100,4319.679123
283.73123,100,4319.679132
240.02266,100,4319.679141
256.50253,100,4319.679149
230.08138,100,4319.679158
226.44408,100,4319.679166
323.80627,100,4343.187235
167.44214,100,4343.187314
196.22182,100,4343.187327
255.09978,100,4343.187336
246.50523,100,4343.187345
246.10916,100,4343.187354
259.5183,100,4343.187363
259.0561,100,4343.187372
251.1625,100,4356.213509
208.63129,100,4356.213579
203.23122,100,4356.213591
253.03242,100,4356.2136
280.03555,100,4356.213609
241.40031,100,4356.213618
237.3944,100,4356.213626
170.31041,100,4356.213634
236.23338,100,4379.732555
232.33588,100,4379.732634
251.76721,100,4379.732646
211.75363,100,4379.732655
223.63216,100,4379.732663
216.95235,100,4379.732672
236.2546,100,4379.73268
216.70303,100,4379.732689
208.8544,100,4393.521019
262.39438,100,4393.521096
177.37505,100,4393.521109
215.0547,100,4393.521118
245.60869,100,4393.521127
216.2791,100,4393.521136
239.49184,100,4393.521145
197.63063,100,4393.521153
281.24078,100,4417.423179
224.75807,100,4417.423256
252.28448,100,4417.423268
259.27927,100,4417.423277
259.78152,100,4417.423286
234.27124,100,4417.423294
264.29816,100,4417.423303
234.1937,100,4417.423311
226.20023,100,4430.854499
195.67961,100,4430.854568
207.7504,100,4430.85458
245.99055,100,4430.85459
216.94803,100,4430.854598
221.69484,100,4430.854607
250.9344,100,4430.854615
246.22223,100,4430.854624
217.59926,100,4453.267713
230.67555,100,4453.267784
198.53047,100,4453.267797
264.56433,100,4453.267806
266.79507,100,4453.267815
207.07257,100,4453.267824
227.39442,100,4453.267832
259.85403,100,4453.267841
351.47665,100,4465.877574
246.61035,100,4465.877644
270.92654,100,4465.877656
245.70456,100,4465.877666
171.40717,100,4465.877676
241.08528,100,4465.877685
188.99493,100,4465.877694
220.65892,100,4465.877703
220.21275,100,4489.278551
261.9425,100,4489.278642
253.48766,100,4489.278665
240.39929,100,4489.278683
238.30429,100,4489.2787
249.37549,100,4489.278716
242.06836,100,4489.278732
199.99458,100,4489.278748
211.00957,100,4512.681922
212.27834,100,4512.681999
197.46194,100,4512.682012
209.4184,100,4512.682021
193.0413,100,4512.682036
257.73645,100,4512.682048
250.35358,100,4512.682057
221.24539,100,4512.682066
251.59496,100,4526.311312
232.79384,100,4526.311382
226.86166,100,4526.311394
218.69205,100,4526.311403
190.77199,100,4526.311412
158.3629,100,4526.31142
218.21736,100,4526.311429
215.23326,100,4526.311437
201.7535,100,4549.172791
228.20569,100,4549.172878
102.02847,100,4549.172899
224.83229,100,4549.172915
208.02615,100,4549.172929
232.06914,100,4549.172945
233.06532,100,4549.172961
244.17165,100,4549.172978
249.18301,100,4562.330683
211.31027,100,4562.330756
195.02785,100,4562.330769
212.5521,100,4562.330778
313.81454,100,4562.330787
213.8959,100,4562.330796
227.44879,100,4562.330804
251.28635,100,4562.330813
240.0717,100,4586.293754
246.54263,100,4586.29382
242.14278,100,4586.293833
216.29506,100,4586.293842
228.06032,100,4586.293851
236.29942,100,4586.293859
212.5664,100,4586.293868
225.36972,100,4586.293876
234.98172,100,4600.950104
216.37364,100,4600.950191
224.64624,100,4600.950211
260.85645,100,4600.950227
195.92409,100,4600.950242
172.6598,100,4600.950256
240.4329,100,4600.95027
257.2035,100,4600.950284
216.96724,100,4624.731128
215.27248,100,4624.731228
209.12598,100,4624.73125
209.92885,100,4624.731267
156.34052,100,4624.731283
250.53735,100,4624.731299
238.44653,100,4624.731315
215.29018,100,4624.73133
244.17484,100,4647.819142
207.78146,100,4647.819216
255.29549,100,4647.819229
197.32715,100,4647.819239
250.82991,100,4647.819248
281.21048,100,4647.819257
203.4041,100,4647.819266
245.22972,100,4647.819274
290.49463,100,4661.637867
214.65497,100,4661.63794
253.49371,100,4661.637952
229.47058,100,4661.637961
240.07887,100,4661.637969
200.02391,100,4661.637978
211.9659,100,4661.637986
197.3528,100,4661.637994
223.47571,100,4685.359151
188.36893,100,4685.359226
228.37762,100,4685.359238
268.43124,100,4685.359248
228.73401,100,4685.359256
238.31378,100,4685.359264
252.94472,100,4685.359273
244.70474,100,4685.359282
266.69077,100,4699.134235
300.871,100,4699.134347
260.44745,100,4699.134371
284.55093,100,4699.134388
243.77673,100,4699.134403
244.12572,100,4699.134419
204.45503,100,4699.134435
213.19398,100,4699.134451
259.13773,100,4722.190336
225.70836,100,4722.190429
247.37717,100,4722.190452
171.04414,100,4722.19047
211.94383,100,4722.190486
302.16077,100,4722.190502
222.40375,100,4722.190518
259.94836,100,4722.190534
254.52406,100,4737.068878
250.89891,100,4737.068975
252.17836,100,4737.068997
223.44783,100,4737.069015
235.67021,100,4737.06904
293.59305,100,4737.069064
229.1689,100,4737.069086
176.34894,100,4737.069105
274.37582,100,4761.264942
235.65822,100,4761.265046
241.39644,100,4761.265071
260.96844,100,4761.265087
231.0465,100,4761.265102
211.84224,100,4761.265117
224.71808,100,4761.265131
164.3312,100,4761.265146
253.9615,100,4774.51792
245.52455,100,4774.518007
255.75298,100,4774.518039
215.17471,100,4774.518059
241.9912,100,4774.518074
236.57535,100,4774.518088
232.28973,100,4774.518102
256.06592,100,4774.518117
245.72226,100,4797.362209
219.37953,100,4797.362301
183.92757,100,4797.362324
258.86862,100,4797.362342
208.62068,100,4797.362358
216.04921,100,4797.362374
186.5035,100,4797.36239
222.82498,100,4797.362406
230.90526,100,4821.201189
228.92477,100,4821.201262
188.89236,100,4821.201274
247.94121,100,4821.201284
209.73691,100,4821.201293
231.17644,100,4821.201302
220.18976,100,4821.201311
218.72011,100,4821.201319
223.09058,100,4834.919146
190.37794,100,4834.919219
259.92935,100,4834.919231
247.29453,100,4834.91924
251.61404,100,4834.919248
216.03157,100,4834.919256
235.18402,100,4834.919265
239.50618,100,4834.919273
266.04123,100,4859.287825
236.28065,100,4859.287912
356.56628,100,4859.287933
248.77176,100,4859.28795
223.91478,100,4859.287966
253.04251,100,4859.287982
265.92917,100,4859.287998
169.37048,100,4859.288013
285.38196,100,4872.83034
205.9991,100,4872.830428
203.43195,100,4872.83045
221.31157,100,4872.830466
244.26155,100,4872.830483
215.15335,100,4872.830498
255.5418,100,4872.830512
223.7712,100,4872.830526
253.40694,100,4896.994546
196.52266,100,4896.994621
204.17543,100,4896.994634
255.23218,100,4896.994643
218.71544,100,4896.994652
253.77586,100,4896.994661
299.33218,100,4896.994669
229.0675,100,4896.994678
250.476,100,4910.312048
199.33667,100,4910.312148
225.12828,100,4910.312176
242.30347,100,4910.312195
236.27533,100,4910.312211
215.69858,100,4910.312227
335.35443,100,4910.312242
339.52225,100,4910.312258
228.81187,100,4934.89792
311.85284,100,4934.897993
157.05728,100,4934.898005
250.1427,100,4934.898015
261.24832,100,4934.898023
233.34682,100,4934.898043
217.52388,100,4934.898052
213.14636,100,4934.898061
308.51697,100,4958.711005
222.0423,100,4958.711085
217.05768,100,4958.711098
201.29645,100,4958.711108
224.02005,100,4958.711117
267.58606,100,4958.711126
243.78757,100,4958.711134
243.8591,100,4958.711143
238.93896,100,4972.290643
265.599,100,4972.290718
246.61832,100,4972.29073
239.9764,100,4972.290739
242.58578,100,4972.290748
206.97101,100,4972.290756
246.61925,100,4972.290765
259.69873,100,4972.290773
273.07407,100,4996.431104
242.76367,100,4996.431177
241.84566,100,4996.43119
226.9885,100,4996.431199
249.89227,100,4996.431208
229.98032,100,4996.431217
222.37659,100,4996.431225
222.42328,100,4996.431234
244.67476,100,5011.533133
321.64304,100,5011.533205
169.81224,100,5011.533217
243.004,100,5011.533226
151.5205,100,5011.533235
259.56125,100,5011.533244
231.23851,100,5011.533252
241.82034,100,5011.53326
196.68462,100,5034.922341
235.94737,100,5034.922439
185.31223,100,5034.922464
221.47612,100,5034.922484
236.92482,100,5034.922503
206.06915,100,5034.922521
211.36923,100,5034.922539
236.96594,100,5034.922558
214.77773,100,5048.85439
249.51598,100,5048.854465
249.73114,100,5048.854477
245.36697,100,5048.854486
239.93973,100,5048.854495
218.60344,100,5048.854504
204.15439,100,5048.854512
125.05472,100,5048.85452
225.27344,100,5072.293626
236.51636,100,5072.293701
321.2599,100,5072.293725
243.4978,100,5072.293735
208.79195,100,5072.293744
235.51001,100,5072.293752
243.00697,100,5072.293761
220.7115,100,5072.29377
296.2264,100,5086.540883
204.52606,100,5086.540953
284.67896,100,5086.540965
241.98619,100,5086.540973
164.4554,100,5086.540982
264.75705,100,5086.54099
248.44469,100,5086.540999
243.35153,100,5086.541007
221.26599,100,5109.802783
218.07771,100,5109.80286
253.83217,100,5109.802871
129.54225,100,5109.802881
258.227,100,5109.802889
233.31937,100,5109.802897
252.77159,100,5109.802906
234.11345,100,5109.802915
232.43158,100,5133.376184
235.32576,100,5133.376324
231.30089,100,5133.376349
254.68019,100,5133.376367
222.12622,100,5133.376383
251.04605,100,5133.376399
240.62065,100,5133.376415
230.38286,100,5133.376431
188.94258,100,5146.292308
245.40733,100,5146.292377
201.62354,100,5146.29239
203.31816,100,5146.292398
232.95811,100,5146.292407
197.31194,100,5146.292415
216.99733,100,5146.292424
162.71692,100,5146.292432
230.09831,100,5168.996269
237.42348,100,5168.996358
188.61302,100,5168.99638
255.56004,100,5168.996397
240.29477,100,5168.996414
236.13101,100,5168.99643
247.48088,100,5168.996446
225.50172,100,5168.996462
231.78601,100,5183.130528
201.49477,100,5183.130601
222.0987,100,5183.130615
244.34662,100,5183.130623
235.8325,100,5183.130632
225.92458,100,5183.13064
237.46498,100,5183.130649
236.88016,100,5183.130657
218.3613,100,5206.003736
210.03796,100,5206.003808
355.00497,100,5206.003823
185.2896,100,5206.003833
245.0227,100,5206.003843
238.33884,100,5206.003851
191.1294,100,5206.003861
243.01573,100,5206.00387
251.43088,100,5219.648458
248.07524,100,5219.648546
318.7278,100,5219.648569
168.63344,100,5219.648586
242.20685,100,5219.648602
206.26132,100,5219.648618
242.74849,100,5219.648634
204.89688,100,5219.64865
185.30734,100,5243.497247
219.9065,100,5243.497335
251.98698,100,5243.497357
255.95546,100,5243.497373
220.28851,100,5243.497389
219.64685,100,5243.497404
270.00662,100,5243.497419
246.38756,100,5243.497433
253.13393,100,5266.640811
214.96727,100,5266.640882
217.02655,100,5266.640894
215.40862,100,5266.640904
120.74655,100,5266.640913
225.51126,100,5266.640922
197.39827,100,5266.64093
165.36354,100,5266.640939
174.10881,100,5279.343358
219.14465,100,5279.343432
227.9021,100,5279.343446
245.92755,100,5279.343455
184.92177,100,5279.343464
239.93843,100,5279.343473
207.10706,100,5279.343482
340.3458,100,5279.34349
223.67305,100,5303.195763
263.1532,100,5303.195851
233.21521,100,5303.195872
247.73375,100,5303.195888
242.59215,100,5303.195903
248.92401,100,5303.195917
250.37337,100,5303.195932
222.21909,100,5303.195946
239.9678,100,5317.030294
216.03214,100,5317.030392
245.36914,100,5317.030416
257.19437,100,5317.030433
215.41064,100,5317.030449
267.085,100,5317.030466
221.33423,100,5317.030482
234.343,100,5317.030499
288.95956,100,5341.082904
249.18805,100,5341.082992
239.95367,100,5341.08301
219.88432,100,5341.083025
245.0284,100,5341.083054
351.88257,100,5341.083067
218.30698,100,5341.083078
338.23343,100,5341.08309
199.49207,100,5356.299973
229.95805,100,5356.300072
228.67201,100,5356.300095
230.54065,100,5356.300112
234.93085,100,5356.300128
245.12505,100,5356.300143
241.12563,100,5356.300159
247.49734,100,5356.300174
152.46838,100,5381.166926
248.7997,100,5381.167001
249.95285,100,5381.167014
245.01166,100,5381.167024
386.63147,100,5381.167045
372.3343,100,5381.167054
228.39586,100,5381.167064
249.35892,100,5381.167073
214.00336,100,5396.284868
203.39207,100,5396.284954
242.81763,100,5396.284974
235.56277,100,5396.28499
263.83337,100,5396.285005
166.79663,100,5396.285019
426.176,100,5396.285045
296.23117,100,5396.28506
304.44397,100,5420.03515
265.1443,100,5420.035224
268.48843,100,5420.035236
328.25473,100,5420.035245
246.06781,100,5420.035254
159.25795,100,5420.035262
244.5185,100,5420.035271
229.32918,100,5420.035279
188.15932,100,5443.842198
213.18816,100,5443.84229
444.3252,100,5443.842313
236.3654,100,5443.842331
231.45393,100,5443.842363
208.65236,100,5443.842381
245.87529,100,5443.842398
215.75407,100,5443.842413
255.88954,100,5458.254498
254.52103,100,5458.254593
261.57678,100,5458.254614
208.64268,100,5458.254629
226.22806,100,5458.254644
224.6356,100,5458.254658
232.65202,100,5458.254673
254.78651,100,5458.254687
229.30786,100,5481.192361
252.27623,100,5481.192452
202.51663,100,5481.192475
211.33098,100,5481.192492
174.99712,100,5481.192508
235.6237,100,5481.192524
229.96902,100,5481.19254
292.3822,100,5481.192555
246.58151,100,5495.827435
234.70753,100,5495.827509
243.745,100,5495.827522
216.21689,100,5495.82753
161.04265,100,5495.827539
245.14127,100,5495.827548
238.25146,100,5495.827557
252.45747,100,5495.827565
257.2043,100,5519.797618
239.62955,100,5519.797692
256.06952,100,5519.797704
267.11218,100,5519.797713
259.15405,100,5519.797721
297.42957,100,5519.79773
257.02304,100,5519.797739
249.02211,100,5519.797747
241.51215,100,5534.275251
287.88007,100,5534.275348
303.07983,100,5534.27537
221.68962,100,5534.275388
230.28897,100,5534.275405
266.42615,100,5534.27542
204.41185,100,5534.275436
230.12447,100,5534.275452
181.63892,100,5558.905244
180.6701,100,5558.905319
227.86847,100,5558.905333
224.43073,100,5558.905342
333.85315,100,5558.905351
241.3504,100,5558.90536
259.71677,100,5558.905368
235.5881,100,5558.905377
162.18834,100,5583.292169
221.09329,100,5583.292261
362.19208,100,5583.292282
257.3461,100,5583.292298
228.05186,100,5583.292314
264.038,100,5583.292329
341.68488,100,5583.292345
226.33537,100,5583.29236
294.90497,100,5598.774785
65.97365,100,5598.774874
379.7133,100,5598.774894
229.29651,100,5598.774909
232.04495,100,5598.774924
188.46547,100,5598.774938
219.5898,100,5598.774953
189.31557,100,5598.774967
283.57043,100,5622.836926
228.67853,100,5622.837012
184.20613,100,5622.837041
264.1937,100,5622.83706
230.6008,100,5622.837075
237.00256,100,5622.837089
245.29176,100,5622.837104
202.30766,100,5622.837118
367.0312,100,5635.968821
213.5679,100,5635.968908
293.46964,100,5635.96893
269.6745,100,5635.968946
257.1833,100,5635.968962
195.1055,100,5635.968978
212.86781,100,5635.968993
239.09024,100,5635.969008
237.65395,100,5659.47681
245.48262,100,5659.476881
252.46382,100,5659.476893
218.74034,100,5659.476903
185.2982,100,5659.476912
227.42494,100,5659.47692
250.12288,100,5659.476929
204.85509,100,5659.476938
260.8108,100,5673.880191
228.80531,100,5673.88027
224.77126,100,5673.880282
221.19243,100,5673.880291
279.2496,100,5673.8803
495.59137,100,5673.880309
202.82259,100,5673.880318
240.85155,100,5673.880327
193.7773,100,5696.634037
246.14034,100,5696.63411
198.45679,100,5696.634123
242.47934,100,5696.634132
260.4537,100,5696.634141
241.91872,100,5696.63415
213.02449,100,5696.634159
359.4311,100,5696.634167
224.96349,100,5710.163172
192.27428,100,5710.163257
188.1941,100,5710.163278
249.21397,100,5710.163294
263.61844,100,5710.163308
246.94815,100,5710.163323
220.20435,100,5710.163338
249.94856,100,5710.163352
178.18648,100,5734.194416
177.04726,100,5734.194497
219.5183,100,5734.194518
192.61292,100,5734.194534
264.76785,100,5734.194549
261.45547,100,5734.194564
241.41988,100,5734.194579
261.95374,100,5734.194594
238.43858,100,5757.879107
372.34882,100,5757.879177
219.27393,100,5757.87919
258.54752,100,5757.879201
194.63342,100,5757.87921
304.48352,100,5757.879219
251.76773,100,5757.879228
229.43936,100,5757.879237
344.44345,100,5773.340123
260.3497,100,5773.340212
207.35144,100,5773.340233
235.95528,100,5773.340249
242.0931,100,5773.340264
253.52643,100,5773.340279
264.1109,100,5773.340294
215.16048,100,5773.340309
270.146,100,5797.299646
196.44704,100,5797.29974
248.77843,100,5797.299762
265.50732,100,5797.299778
183.6326,100,5797.299792
235.54735,100,5797.299806
275.622,100,5797.29982
257.67563,100,5797.299835
250.13284,100,5811.665901
312.86148,100,5811.665994
354.933,100,5811.666017
196.66104,100,5811.666043
148.38237,100,5811.666062
256.3966,100,5811.666079
242.19992,100,5811.666153
257.68106,100,5811.666172
230.32666,100,5835.492373
214.30522,100,5835.492463
218.15286,100,5835.492483
217.71318,100,5835.492498
251.60048,100,5835.492513
285.9709,100,5835.492527
225.85808,100,5835.492541
356.76886,100,5835.492555
232.78984,100,5849.779623
301.94025,100,5849.779713
233.3627,100,5849.779734
236.91321,100,5849.77975
230.14447,100,5849.779765
187.90228,100,5849.77978
262.73746,100,5849.779795
216.23718,100,5849.779809
253.20433,100,5874.037199
226.19458,100,5874.037271
259.4342,100,5874.037283
309.0233,100,5874.037292
223.74686,100,5874.037301
153.29907,100,5874.037309
213.13644,100,5874.037318
191.39967,100,5874.037326
231.72563,100,5898.885244
235.50829,100,5898.885332
360.01862,100,5898.885353
287.81647,100,5898.88537
249.44064,100,5898.885385
246.81949,100,5898.8854
252.30318,100,5898.885415
295.63913,100,5898.885429
244.60919,100,5914.395051
245.59738,100,5914.395142
270.2639,100,5914.395163
208.85655,100,5914.39518
225.4558,100,5914.395195
257.03555,100,5914.395211
390.78558,100,5914.395225
242.53923,100,5914.39524
363.26877,100,5939.900239
253.9911,100,5939.900312
210.20549,100,5939.900326
369.2162,100,5939.900336
373.98465,100,5939.900346
243.46014,100,5939.900355
231.50276,100,5939.900364
199.98174,100,5939.900373
251.47601,100,5955.415926
196.65204,100,5955.416015
359.4005,100,5955.416051
223.9759,100,5955.41607
248.53484,100,5955.416088
216.42986,100,5955.416103
201.95595,100,5955.416118
258.02167,100,5955.416133
243.80853,100,5978.459792
349.212,100,5978.459864
247.52983,100,5978.459877
199.34656,100,5978.459887
239.61208,100,5978.459895
222.84119,100,5978.459904
259.37296,100,5978.459913
216.90672,100,5978.459921
264.9345,100,5991.894558
200.01207,100,5991.89463
378.85782,100,5991.894643
165.35612,100,5991.894652
194.44246,100,5991.894661
192.85873,100,5991.89467
195.84868,100,5991.894679
221.26962,100,5991.894687
240.97414,100,6016.9692
236.27228,100,6016.969274
353.08273,100,6016.969287
266.3528,100,6016.969296
254.86348,100,6016.969305
250.11642,100,6016.969315
291.6703,100,6016.969323
340.62744,100,6016.969332
334.07336,100,6032.560087
250.6014,100,6032.560161
355.69058,100,6032.560175
225.90086,100,6032.560185
202.56407,100,6032.560194
244.4219,100,6032.560204
216.729,100,6032.560213
210.72394,100,6032.560222
243.58047,100,6055.928381
160.61221,100,6055.928454
210.6592,100,6055.928467
339.56937,100,6055.928477
369.61255,100,6055.928486
268.187,100,6055.928494
250.88548,100,6055.928503
181.54718,100,6055.928512
214.08684,100,6080.149144
272.79095,100,6080.149232
208.09473,100,6080.149253
166.69981,100,6080.14927
231.3241,100,6080.149285
245.829,100,6080.1493
241.81776,100,6080.149315
240.56538,100,6080.14933
306.37085,100,6094.591956
272.29776,100,6094.592047
237.87918,100,6094.592073
238.37044,100,6094.59209
242.7178,100,6094.592105
462.16687,100,6094.592121
255.47267,100,6094.592136
228.68228,100,6094.592151
262.1978,100,6118.748484
244.69463,100,6118.748557
228.74843,100,6118.748571
204.21364,100,6118.74858
148.83855,100,6118.74859
260.47934,100,6118.748599
221.76778,100,6118.748608
213.87714,100,6118.748618
195.8176,100,6133.449074
206.36186,100,6133.449149
386.59094,100,6133.449162
200.68634,100,6133.449172
212.273,100,6133.449182
482.5398,100,6133.449191
224.17438,100,6133.4492
259.18915,100,6133.449209
236.4649,100,6157.070138
172.65028,100,6157.070215
205.81923,100,6157.070228
250.60614,100,6157.070236
249.25269,100,6157.070245
509.20206,100,6157.070254
195.17102,100,6157.070262
238.9282,100,6157.07027
168.96329,100,6170.384587
231.50261,100,6170.384673
233.75385,100,6170.384694
238.1082,100,6170.38471
246.86404,100,6170.384726
300.64407,100,6170.384742
213.26166,100,6170.384756
266.28333,100,6170.384771
183.48723,100,6194.876504
179.26688,100,6194.876589
196.02106,100,6194.876607
247.55524,100,6194.876621
259.40323,100,6194.876634
228.96153,100,6194.876646
254.56421,100,6194.876659
243.13596,100,6194.876671
200.7497,100,6218.916135
263.06155,100,6218.916214
242.90144,100,6218.916227
228.31258,100,6218.916237
243.1296,100,6218.916246
189.27481,100,6218.916256
481.96436,100,6218.916265
219.7336,100,6218.916274
201.10612,100,6233.15885
464.11966,100,6233.158935
331.3902,100,6233.158956
266.56552,100,6233.158971
231.82028,100,6233.158986
229.7844,100,6233.159001
188.24557,100,6233.159016
253.63637,100,6233.159038
242.90671,100,6257.319854
232.27846,100,6257.319943
239.76257,100,6257.319965
211.08511,100,6257.319981
213.26823,100,6257.319996
265.96863,100,6257.320011
246.97726,100,6257.320027
205.45807,100,6257.320058
245.85687,100,6271.091655
244.56898,100,6271.091743
270.72034,100,6271.091764
239.02025,100,6271.09178
539.3814,100,6271.091795
239.68483,100,6271.09181
250.44621,100,6271.091824
265.96585,100,6271.091839
258.6241,100,6295.162925
238.98059,100,6295.162997
249.488,100,6295.163012
288.3185,100,6295.163022
237.96585,100,6295.163044
224.68901,100,6295.163055
189.03593,100,6295.163065
259.0201,100,6295.163074
168.74178,100,6309.671294
255.54604,100,6309.67138
204.20705,100,6309.671401
235.2706,100,6309.671417
218.16588,100,6309.671432
221.05794,100,6309.671448
175.61488,100,6309.671463
238.17969,100,6309.671477
210.13326,100,6333.049486
174.50685,100,6333.049574
256.266,100,6333.049595
256.39,100,6333.049611
223.9781,100,6333.049626
359.5007,100,6333.049641
249.61063,100,6333.049656
282.70422,100,6333.049671
195.99641,100,6347.71888
426.74948,100,6347.718971
193.60803,100,6347.718992
308.60806,100,6347.719009
167.12225,100,6347.719026
249.17212,100,6347.719057
242.80934,100,6347.719073
333.3947,100,6347.719088
254.33961,100,6371.844402
238.74768,100,6371.844473
244.0664,100,6371.844486
206.99803,100,6371.844495
231.81592,100,6371.844504
173.21071,100,6371.844513
246.20659,100,6371.844523
324.44852,100,6371.844532
247.21443,100,6396.147734
225.59607,100,6396.147811
210.64397,100,6396.147823
268.01364,100,6396.147833
367.2537,100,6396.147841
221.7714,100,6396.14785
262.86435,100,6396.147858
227.06798,100,6396.147867
215.23982,100,6410.768439
198.5017,100,6410.768513
228.08382,100,6410.768526
214.38089,100,6410.768535
201.81126,100,6410.768544
217.52606,100,6410.768553
231.63896,100,6410.768562
265.60834,100,6410.76857
257.3613,100,6433.731677
220.72794,100,6433.731767
248.9252,100,6433.731788
244.52989,100,6433.731805
405.6514,100,6433.73182
311.4338,100,6433.731836
243.60234,100,6433.731851
221.03394,100,6433.731866
254.89326,100,6448.013799
211.66388,100,6448.013876
218.49669,100,6448.013889
264.79123,100,6448.013898
263.77463,100,6448.013907
251.59172,100,6448.013917
269.42007,100,6448.013926
248.45013,100,6448.013935
270.16122,100,6473.155598
175.83267,100,6473.155686
289.01736,100,6473.155707
255.2008,100,6473.155723
291.12973,100,6473.155738
341.33456,100,6473.155752
375.199,100,6473.155766
252.65457,100,6473.155781
283.0535,100,6486.583852
210.76703,100,6486.583923
244.57034,100,6486.583936
223.38954,100,6486.583945
251.52815,100,6486.583954
365.77954,100,6486.583963
248.94638,100,6486.583971
193.1862,100,6486.58398
367.39508,100,6510.622767
264.5405,100,6510.622854
264.3405,100,6510.622874
183.52841,100,6510.62289
250.38617,100,6510.622905
212.88336,100,6510.622921
234.77983,100,6510.622936
284.88104,100,6510.62295
202.72281,100,6533.939614
207.03802,100,6533.939689
244.32033,100,6533.939702
203.33429,100,6533.939712
259.69907,100,6533.939721
265.07645,100,6533.93973
294.55493,100,6533.939739
241.13324,100,6533.939748
178.52888,100,6548.789786
259.72623,100,6548.789874
311.70728,100,6548.789896
217.30899,100,6548.789912
338.01535,100,6548.789928
189.61272,100,6548.789943
271.07092,100,6548.789958
289.27844,100,6548.789973
295.84647,100,6573.762159
274.58463,100,6573.762246
246.41315,100,6573.762268
266.76315,100,6573.762284
165.00856,100,6573.7623
240.31331,100,6573.762315
213.61115,100,6573.762331
206.16734,100,6573.762345
266.2348,100,6588.134298
337.51932,100,6588.134413
252.73012,100,6588.134435
263.73993,100,6588.134451
204.03804,100,6588.134466
245.2689,100,6588.134482
268.5377,100,6588.134496
325.62665,100,6588.134511
405.85736,100,6612.577103
251.05412,100,6612.577177
556.94495,100,6612.577191
169.49434,100,6612.577201
200.89279,100,6612.57721
330.13843,100,6612.577219
261.8657,100,6612.577228
188.9283,100,6612.577237
128.46371,100,6628.254603
211.96765,100,6628.254692
243.23364,100,6628.254712
305.3968,100,6628.254729
215.1048,100,6628.254744
425.2086,100,6628.254759
268.34113,100,6628.254773
254.92372,100,6628.254788
354.70813,100,6652.8949
328.85965,100,6652.894987
259.65118,100,6652.895007
365.72128,100,6652.895023
255.46992,100,6652.895058
246.96825,100,6652.895073
239.97993,100,6652.895087
395.3401,100,6652.895101
335.0471,100,6666.071376
315.34464,100,6666.071465
228.7312,100,6666.071486
194.23853,100,6666.071501
244.51482,100,6666.071517
224.43083,100,6666.071532
231.87654,100,6666.071547
256.51163,100,6666.071562
367.64954,100,6691.532102
376.89005,100,6691.53219
253.90094,100,6691.532211
196.5176,100,6691.532228
279.13275,100,6691.532244
233.051,100,6691.532259
246.19409,100,6691.532274
202.64146,100,6691.532289
209.31429,100,6715.579049
256.2161,100,6715.579125
269.47153,100,6715.579138
235.85332,100,6715.579148
254.51508,100,6715.579157
250.4325,100,6715.579166
233.32507,100,6715.579175
306.90112,100,6715.579184
253.02205,100,6729.380478
239.93661,100,6729.380555
396.66415,100,6729.380568
260.18198,100,6729.380578
239.29306,100,6729.380587
214.0506,100,6729.380596
282.70413,100,6729.380605
254.93153,100,6729.380614
209.49927,100,6753.012286
241.5744,100,6753.01236
272.62863,100,6753.012373
205.28627,100,6753.012383
260.21286,100,6753.012393
248.89023,100,6753.012402
189.43776,100,6753.012411
205.39114,100,6753.012421
233.76436,100,6766.586878
244.43018,100,6766.586967
342.09213,100,6766.586987
304.35468,100,6766.587002
246.23788,100,6766.587018
379.43094,100,6766.58704
246.07236,100,6766.58706
357.13037,100,6766.587075
371.60934,100,6791.719821
243.56448,100,6791.719896
266.442,100,6791.719909
263.6166,100,6791.719919
254.82333,100,6791.719928
241.69582,100,6791.719938
262.4394,100,6791.719947
341.49924,100,6791.719956
274.71887,100,6806.910257
221.75478,100,6806.910347
371.832,100,6806.910369
359.88815,100,6806.910385
209.4337,100,6806.9104
210.5484,100,6806.910415
150.4502,100,6806.91043
247.08067,100,6806.910446
249.05284,100,6831.328085
242.1847,100,6831.328173
353.94626,100,6831.328193
220.70949,100,6831.32821
389.9703,100,6831.328225
218.77516,100,6831.32824
321.86902,100,6831.328254
251.02803,100,6831.328269
309.74573,100,6856.503464
273.74048,100,6856.503538
218.4486,100,6856.503551
253.19629,100,6856.50356
239.71063,100,6856.50357
232.3433,100,6856.503579
295.45438,100,6856.503588
396.4185,100,6856.503597
202.58432,100,6870.811355
257.6323,100,6870.811428
196.32999,100,6870.811441
261.06393,100,6870.81145
264.7242,100,6870.81146
207.83105,100,6870.811469
212.75235,100,6870.811478
250.94069,100,6870.811486
249.83743,100,6895.494911
260.83926,100,6895.495002
198.02322,100,6895.495023
246.80432,100,6895.495058
340.6179,100,6895.495076
237.20642,100,6895.495092
259.2545,100,6895.495108
227.3955,100,6895.495122
227.77571,100,6911.590643
220.61125,100,6911.590717
214.74673,100,6911.590729
240.07808,100,6911.59074
242.29137,100,6911.590749
352.70966,100,6911.590758
347.20425,100,6911.590767
365.9711,100,6911.590776
240.66382,100,6934.43477
259.35452,100,6934.434845
255.84969,100,6934.434859
203.48018,100,6934.434868
244.88583,100,6934.434877
209.80106,100,6934.434886
373.465,100,6934.434895
198.36917,100,6934.434904
233.63692,100,6949.681123
235.63547,100,6949.681213
246.22635,100,6949.681234
359.4419,100,6949.68125
255.20671,100,6949.681265
221.12491,100,6949.68128
367.33633,100,6949.681294
185.99403,100,6949.681309
194.7405,100,6974.673892
199.91425,100,6974.673985
288.3324,100,6974.674006
180.48625,100,6974.67406
170.91441,100,6974.674081
243.24103,100,6974.674096
189.36047,100,6974.674111
256.04822,100,6974.674126
353.8389,100,6989.880197
407.372,100,6989.880286
312.42487,100,6989.880309
236.2908,100,6989.880327
318.86026,100,6989.880344
196.41394,100,6989.880361
245.44504,100,6989.880378
236.42232,100,6989.880395
268.04504,100,7013.662245
235.99593,100,7013.662335
296.38248,100,7013.662358
224.57423,100,7013.662374
186.56264,100,7013.66239
381.3097,100,7013.662405
193.20848,100,7013.662421
228.52383,100,7013.662437
314.85608,100,7037.700499
251.1213,100,7037.700573
324.12314,100,7037.700585
251.30045,100,7037.700595
422.00067,100,7037.700603
236.47076,100,7037.700612
242.25595,100,7037.700621
197.43959,100,7037.70063
340.85574,100,7052.736353
341.472,100,7052.736443
240.32648,100,7052.736464
215.2129,100,7052.736481
311.71118,100,7052.736496
266.52167,100,7052.736511
230.70245,100,7052.736526
274.92657,100,7052.736541
370.18106,100,7077.82392
253.3696,100,7077.824009
241.4955,100,7077.82404
136.6947,100,7077.824061
314.04495,100,7077.824077
153.47743,100,7077.824092
219.288,100,7077.824107
231.26184,100,7077.824122
317.65872,100,7091.582552
248.75168,100,7091.582629
254.15085,100,7091.582641
224.47217,100,7091.582651
279.4882,100,7091.582659
245.10326,100,7091.582668
231.98973,100,7091.582677
221.29057,100,7091.582686
216.42206,100,7115.376072
259.5263,100,7115.376146
243.41211,100,7115.376159
223.88237,100,7115.376169
240.27818,100,7115.376178
207.91025,100,7115.376187
229.73755,100,7115.376196
388.48743,100,7115.376206
256.76852,100,7130.430966
239.23997,100,7130.431064
354.37192,100,7130.431086
217.0734,100,7130.431102
241.58636,100,7130.431118
268.07385,100,7130.431133
208.6333,100,7130.431148
247.04019,100,7130.431162
277.15823,100,7155.151215
213.99237,100,7155.15129
239.8106,100,7155.151304
317.3968,100,7155.151314
259.60425,100,7155.151324
257.1934,100,7155.151334
235.79518,100,7155.151344
241.4327,100,7155.151353
231.31555,100,7179.483097
240.56322,100,7179.483188
240.36348,100,7179.483209
226.81929,100,7179.483226
314.61624,100,7179.483241
334.9981,100,7179.483257
198.88655,100,7179.483272
269.80078,100,7179.483286
220.10901,100,7194.157025
196.85982,100,7194.157124
251.13515,100,7194.157145
235.50674,100,7194.157161
325.38867,100,7194.157176
194.77763,100,7194.157191
177.40547,100,7194.157206
248.73822,100,7194.15722
245.037,100,7217.44607
253.90686,100,7217.446143
167.14958,100,7217.446157
357.56866,100,7217.446166
229.48718,100,7217.446175
197.5371,100,7217.446184
206.74289,100,7217.446193
271.51993,100,7217.446201
258.5468,100,7230.8373
250.52312,100,7230.837386
224.9849,100,7230.837407
211.19563,100,7230.837423
173.7827,100,7230.837437
247.39217,100,7230.837452
188.47542,100,7230.837466
232.50656,100,7230.83748
248.1247,100,7255.195014
247.94893,100,7255.195111
231.30002,100,7255.195132
177.04906,100,7255.195148
174.69443,100,7255.195163
257.34702,100,7255.195178
344.2906,100,7255.195193
247.74223,100,7255.195207
249.65334,100,7270.006073
199.74753,100,7270.006145
244.34462,100,7270.006157
309.43054,100,7270.006166
404.68774,100,7270.006175
269.1744,100,7270.006183
229.11594,100,7270.006191
387.2497,100,7270.0062
273.11835,100,7294.465502
233.82692,100,7294.465591
267.21936,100,7294.465611
371.55542,100,7294.465626
201.11832,100,7294.465641
244.34338,100,7294.465655
355.89233,100,7294.46567
254.12892,100,7294.465684
258.24896,100,7308.228501
251.04509,100,7308.228588
239.12982,100,7308.228609
354.86655,100,7308.228625
232.60352,100,7308.22864
248.16805,100,7308.228655
219.7366,100,7308.228669
259.12097,100,7308.228683
159.53604,100,7331.38653
227.92026,100,7331.386624
247.65599,100,7331.386647
257.5551,100,7331.386664
280.80164,100,7331.38668
232.27489,100,7331.386696
236.98344,100,7331.386712
248.02234,100,7331.386727
250.90456,100,7355.321725
261.06677,100,7355.3218
225.967,100,7355.321812
384.01996,100,7355.321821
416.65326,100,7355.32183
286.48044,100,7355.321853
198.9719,100,7355.321862
242.42462,100,7355.321871
380.74796,100,7369.352733
379.66205,100,7369.352829
228.21178,100,7369.352851
264.87744,100,7369.352868
260.73584,100,7369.352884
234.08507,100,7369.3529
351.08878,100,7369.352916
228.7329,100,7369.352932
266.23944,100,7393.92061
437.01764,100,7393.920702
177.81285,100,7393.920724
245.05736,100,7393.920742
282.02512,100,7393.920758
173.68651,100,7393.920773
178.19211,100,7393.920789
377.63004,100,7393.920804
192.35376,100,7407.912562
216.78333,100,7407.912654
221.21278,100,7407.912677
253.20464,100,7407.912694
265.56204,100,7407.912711
215.85501,100,7407.912727
419.37408,100,7407.912743
360.6023,100,7407.912758
390.19208,100,7430.924612
217.485,100,7430.924706
249.05974,100,7430.92473
278.35452,100,7430.924748
216.62363,100,7430.924765
370.53888,100,7430.924781
162.65157,100,7430.924797
207.60307,100,7430.924813
242.6059,100,7444.355026
178.49971,100,7444.355129
241.38899,100,7444.355151
241.99362,100,7444.355167
235.2697,100,7444.355183
273.90326,100,7444.355198
146.70226,100,7444.355214
383.32578,100,7444.35523
245.64581,100,7468.934098
246.04723,100,7468.934187
291.36804,100,7468.93421
349.47372,100,7468.934227
247.67915,100,7468.934244
373.2309,100,7468.93426
221.74039,100,7468.934277
273.69592,100,7468.934292
212.69806,100,7493.401096
338.8791,100,7493.401175
210.10872,100,7493.401188
426.48154,100,7493.401198
269.07324,100,7493.401207
375.6591,100,7493.401217
223.99385,100,7493.401226
258.27454,100,7493.401235
218.08548,100,7507.178499
266.12067,100,7507.178574
229.18675,100,7507.178585
256.03534,100,7507.178594
330.68643,100,7507.178602
244.48514,100,7507.178612
192.79979,100,7507.17862
253.6393,100,7507.17863
256.2863,100,7530.525233
242.1427,100,7530.525302
226.58308,100,7530.525314
308.4375,100,7530.525323
235.29652,100,7530.525332
202.63159,100,7530.52534
366.75092,100,7530.525349
285.13654,100,7530.525357
293.39163,100,7545.571427
361.1368,100,7545.571497
208.94719,100,7545.571509
367.65866,100,7545.571518
253.51505,100,7545.571527
273.4471,100,7545.571536
367.3094,100,7545.571545
211.8112,100,7545.571553
236.94176,100,7570.412604
306.70175,100,7570.412676
234.48073,100,7570.412689
275.6761,100,7570.412699
355.4336,100,7570.412708
247.08508,100,7570.412716
282.79922,100,7570.412725
309.6865,100,7570.412733
338.08823,100,7584.379455
197.11868,100,7584.379524
340.8571,100,7584.379536
252.07776,100,7584.379545
190.59201,100,7584.379554
263.80112,100,7584.379562
273.77567,100,7584.37957
221.69238,100,7584.379578
187.36137,100,7607.665228
250.65814,100,7607.665297
469.8575,100,7607.665309
323.6168,100,7607.665318
419.29385,100,7607.665326
272.60052,100,7607.665334
252.15742,100,7607.665342
325.73242,100,7607.66535
246.32506,100,7621.452628
262.09982,100,7621.452722
246.64812,100,7621.452745
233.48177,100,7621.452762
250.81154,100,7621.452777
246.19125,100,7621.452794
244.887,100,7621.452809
355.5399,100,7621.452825
351.35013,100,7645.148789
170.35558,100,7645.148903
243.03055,100,7645.148935
358.87198,100,7645.148959
176.62065,100,7645.148981
246.68819,100,7645.149003
219.50594,100,7645.149025
252.49689,100,7645.149067
210.52856,100,7668.208603
237.42206,100,7668.208677
256.7268,100,7668.208689
244.07198,100,7668.208699
170.01303,100,7668.208708
146.8998,100,7668.208716
422.53076,100,7668.208725
254.93135,100,7668.208734
345.49753,100,7681.885542
311.4986,100,7681.885629
314.84482,100,7681.885648
244.45685,100,7681.885664
184.70079,100,7681.885678
254.55101,100,7681.885692
336.7303,100,7681.885706
244.25812,100,7681.88572
240.1903,100,7705.350807
139.01526,100,7705.350883
222.29001,100,7705.350894
240.46136,100,7705.350903
416.26694,100,7705.350911
212.19283,100,7705.350919
219.9387,100,7705.350927
274.68066,100,7705.350935
248.77591,100,7719.349357
211.40587,100,7719.34943
216.9671,100,7719.349442
251.62582,100,7719.34945
208.04924,100,7719.349459
253.73604,100,7719.349467
307.49854,100,7719.349503
217.01057,100,7719.349511
278.5848,100,7742.123415
360.0832,100,7742.123506
368.2403,100,7742.123528
275.61874,100,7742.123546
270.0595,100,7742.123562
213.2807,100,7742.123578
234.90674,100,7742.123594
236.31345,100,7742.12361
189.02538,100,7756.178408
280.9817,100,7756.178515
238.26253,100,7756.178547
259.58585,100,7756.178573
281.68964,100,7756.178597
272.90173,100,7756.17862
267.36966,100,7756.178644
243.29442,100,7756.178667
254.38434,100,7780.27944
244.80354,100,7780.279525
258.5999,100,7780.279545
233.26328,100,7780.27956
254.20596,100,7780.279575
150.52168,100,7780.279589
370.20615,100,7780.279602
199.68904,100,7780.279616
263.48526,100,7803.794713
372.6786,100,7803.794782
265.63812,100,7803.794793
375.82172,100,7803.794802
210.5302,100,7803.79481
249.21724,100,7803.794818
259.8345,100,7803.794827
239.23059,100,7803.794835
212.05603,100,7817.509086
212.29375,100,7817.509168
253.92914,100,7817.50918
176.17085,100,7817.509189
235.2305,100,7817.509197
341.58966,100,7817.509206
240.17867,100,7817.509214
252.85144,100,7817.509223
226.06827,100,7840.443168
349.99402,100,7840.44324
221.9031,100,7840.443252
234.49553,100,7840.443262
234.83292,100,7840.443271
382.18375,100,7840.443279
405.88785,100,7840.443288
237.16725,100,7840.443296
330.06708,100,7853.907694
244.70474,100,7853.907788
143.62764,100,7853.90781
219.38646,100,7853.907827
287.83292,100,7853.907843
238.27486,100,7853.907859
328.75732,100,7853.907875
245.08157,100,7853.907891
236.91318,100,7878.380237
341.884,100,7878.380342
215.62097,100,7878.380373
313.82013,100,7878.380398
304.3734,100,7878.380419
255.58829,100,7878.380441
261.75336,100,7878.380465
214.35657,100,7878.380488
245.32387,100,7892.129572
244.05939,100,7892.129664
270.60202,100,7892.129687
343.96442,100,7892.129704
397.69135,100,7892.12972
228.09233,100,7892.129737
367.92245,100,7892.129754
262.3595,100,7892.12977
306.80405,100,7916.071056
195.23741,100,7916.071132
312.65256,100,7916.071144
222.35875,100,7916.071153
174.79509,100,7916.071161
282.34573,100,7916.071169
252.55717,100,7916.071177
249.94164,100,7916.071185
292.28876,100,7931.310164
207.35753,100,7931.310256
240.40085,100,7931.31028
215.89038,100,7931.310298
298.32355,100,7931.310314
251.66309,100,7931.310331
382.29285,100,7931.310346
206.28514,100,7931.310362
265.50705,100,7953.753273
206.63992,100,7953.753369
161.92184,100,7953.753392
305.10452,100,7953.753409
279.02496,100,7953.753425
236.84468,100,7953.753441
212.2939,100,7953.753457
251.31583,100,7953.753473
228.44604,100,7977.454249
238.91127,100,7977.454322
244.35928,100,7977.454335
380.57874,100,7977.454344
339.33572,100,7977.454352
348.06235,100,7977.454361
321.47824,100,7977.454369
261.81168,100,7977.454377
385.73157,100,7992.320508
345.4503,100,7992.320596
323.7744,100,7992.320615
389.07535,100,7992.32063
240.17636,100,7992.320644
246.16135,100,7992.320659
215.86546,100,7992.320672
279.51532,100,7992.320686
317.8653,100,8015.176166
290.50842,100,8015.176239
248.96342,100,8015.176253
344.38217,100,8015.176263
379.09305,100,8015.176273
229.9719,100,8015.176282
253.00055,100,8015.176291
313.32028,100,8015.176301
444.3501,100,8030.25534
451.36407,100,8030.255431
345.20193,100,8030.255454
295.38568,100,8030.255471
205.8042,100,8030.255488
205.6207,100,8030.255504
219.66914,100,8030.25552
240.24963,100,8030.255537
249.46732,100,8053.526927
367.282,100,8053.527015
249.76947,100,8053.527049
248.20952,100,8053.527066
315.8037,100,8053.52708
224.61504,100,8053.527094
268.4099,100,8053.527109
214.74455,100,8053.527122
298.08286,100,8067.353733
323.4384,100,8067.353826
328.15112,100,8067.353848
207.7311,100,8067.353866
442.6126,100,8067.353882
203.70892,100,8067.353899
264.633,100,8067.353914
217.39124,100,8067.35393
310.49426,100,8090.650897
374.00217,100,8090.65099
255.53186,100,8090.651013
220.24535,100,8090.651048
225.31482,100,8090.651071
341.1229,100,8090.651088
249.05313,100,8090.651104
227.38695,100,8090.651119
194.93858,100,8113.167869
252.1856,100,8113.167952
247.61887,100,8113.16797
213.73454,100,8113.167984
230.39243,100,8113.167997
211.70177,100,8113.168009
247.93073,100,8113.168021
416.98233,100,8113.168046
228.28783,100,8127.752064
361.57486,100,8127.752157
242.39203,100,8127.752179
150.03421,100,8127.752196
265.36316,100,8127.752213
293.81964,100,8127.752229
300.72336,100,8127.752244
245.48828,100,8127.75226
225.15672,100,8151.278563
215.40364,100,8151.278637
383.09247,100,8151.27865
306.24988,100,8151.278659
209.58664,100,8151.278668
360.0238,100,8151.278676
274.164,100,8151.278684
186.99438,100,8151.278693
407.73822,100,8166.18482
293.56982,100,8166.184913
186.53615,100,8166.184935
315.8427,100,8166.184951
125.20296,100,8166.184967
244.54372,100,8166.184983
234.81808,100,8166.184998
272.94186,100,8166.185014
235.17421,100,8189.772105
248.41379,100,8189.772196
205.45908,100,8189.772218
216.57346,100,8189.772235
253.91673,100,8189.772251
223.86484,100,8189.772267
201.58202,100,8189.772283
251.81323,100,8189.772298
451.4754,100,8202.743729
216.46353,100,8202.743823
280.34946,100,8202.743846
250.57729,100,8202.743864
226.34093,100,8202.743881
275.26263,100,8202.743897
224.84305,100,8202.743913
213.34271,100,8202.743929
180.55807,100,8227.423813
256.44937,100,8227.423904
212.82755,100,8227.423927
243.44885,100,8227.423945
229.80757,100,8227.423962
343.771,100,8227.423979
256.20453,100,8227.423995
243.14256,100,8227.424012
212.78523,100,8241.821041
318.74915,100,8241.821129
239.42587,100,8241.82115
335.41895,100,8241.821165
254.25444,100,8241.82118
266.66412,100,8241.821194
227.43579,100,8241.821209
229.65845,100,8241.821224
206.01077,100,8264.883242
220.65723,100,8264.883317
229.25078,100,8264.883329
367.1903,100,8264.883337
346.76035,100,8264.883346
243.62419,100,8264.883354
381.63293,100,8264.883362
247.5218,100,8264.88337
244.73793,100,8288.944217
228.76038,100,8288.94431
147.07881,100,8288.944334
393.26843,100,8288.944352
312.29272,100,8288.944369
212.29974,100,8288.944386
246.27087,100,8288.944402
219.3946,100,8288.944417
255.21861,100,8303.612473
230.61823,100,8303.612561
232.24467,100,8303.612581
221.22711,100,8303.612597
255.39543,100,8303.612612
254.81511,100,8303.612627
277.98596,100,8303.612642
293.4957,100,8303.612656
236.41525,100,8328.31058
190.07004,100,8328.310673
236.84595,100,8328.310695
374.69574,100,8328.310712
255.47289,100,8328.310727
230.08632,100,8328.310743
230.73077,100,8328.310758
304.8489,100,8328.310774
329.15845,100,8343.69512
265.9329,100,8343.695196
263.4677,100,8343.695208
209.23126,100,8343.695217
215.18059,100,8343.695225
238.76529,100,8343.695234
301.46066,100,8343.695242
226.7267,100,8343.69525
219.735,100,8368.114603
271.7625,100,8368.114697
375.5556,100,8368.114719
163.78252,100,8368.114736
320.3424,100,8368.114753
237.75276,100,8368.114769
301.27148,100,8368.114785
267.53085,100,8368.1148
429.8049,100,8382.266339
258.2824,100,8382.266416
220.88818,100,8382.266427
249.92778,100,8382.266436
346.24847,100,8382.266444
228.64316,100,8382.266453
207.91542,100,8382.26646
379.33463,100,8382.266469
243.5197,100,8406.110336
232.82863,100,8406.110428
253.32059,100,8406.11045
242.2181,100,8406.110468
256.67868,100,8406.110485
262.45554,100,8406.110501
400.31934,100,8406.110517
424.079,100,8406.110533
391.5648,100,8431.076318
332.423,100,8431.076391
266.2898,100,8431.076403
146.35367,100,8431.076413
274.0559,100,8431.076421
235.97629,100,8431.07643
236.94992,100,8431.076438
224.48163,100,8431.076447
346.36362,100,8445.230723
244.48239,100,8445.230817
211.4675,100,8445.230839
253.90616,100,8445.230856
239.52284,100,8445.230872
427.25327,100,8445.230888
268.33084,100,8445.230903
277.7972,100,8445.230919
268.6312,100,8469.459773
355.19052,100,8469.459863
295.52798,100,8469.459886
245.61162,100,8469.459903
355.9142,100,8469.459919
293.7518,100,8469.459935
241.71854,100,8469.45995
218.62653,100,8469.459966
225.77321,100,8483.623765
379.9724,100,8483.623861
257.416,100,8483.623917
263.8625,100,8483.623935
485.86505,100,8483.623952
270.70584,100,8483.623968
166.39944,100,8483.623984
250.54413,100,8483.623999
183.31357,100,8507.191521
248.7446,100,8507.191614
283.07993,100,8507.191637
256.5145,100,8507.191654
197.57832,100,8507.19167
290.53763,100,8507.191687
221.84898,100,8507.191703
221.18863,100,8507.191719
270.7859,100,8520.350811
252.32426,100,8520.350905
242.24692,100,8520.350928
362.02438,100,8520.350946
207.77779,100,8520.350962
232.42444,100,8520.350978
210.78731,100,8520.350994
267.54852,100,8520.351011
234.61517,100,8543.332455
204.16411,100,8543.332546
258.59494,100,8543.332569
246.67706,100,8543.332587
251.66183,100,8543.332603
273.76785,100,8543.332619
226.16814,100,8543.332635
237.42162,100,8543.332651
260.54153,100,8558.103152
238.13272,100,8558.103245
296.10315,100,8558.103268
276.72437,100,8558.103285
407.16827,100,8558.103301
220.47034,100,8558.103317
170.51218,100,8558.103333
238.62556,100,8558.103349
305.96906,100,8580.626015
297.0082,100,8580.626121
314.06247,100,8580.626146
237.03746,100,8580.626168
245.10612,100,8580.626185
237.8347,100,8580.626201
230.20506,100,8580.626217
202.4542,100,8580.626233
252.00113,100,8605.251964
195.96309,100,8605.252063
206.22426,100,8605.25209
272.57236,100,8605.252107
341.84015,100,8605.252124
214.1334,100,8605.25214
224.7851,100,8605.252155
252.8167,100,8605.25217
368.49872,100,8618.928377
254.96385,100,8618.92845
401.68472,100,8618.928462
171.14034,100,8618.928471
194.54965,100,8618.928479
226.28348,100,8618.928488
242.10475,100,8618.928496
214.07378,100,8618.928504
236.10785,100,8643.037003
235.29636,100,8643.037108
383.4568,100,8643.037131
218.97125,100,8643.037148
385.27682,100,8643.037165
252.39674,100,8643.037181
343.67874,100,8643.037198
226.52194,100,8643.037213
255.78664,100,8658.284308
387.16214,100,8658.2844
250.43893,100,8658.284423
246.32996,100,8658.28444
232.7439,100,8658.284457
254.56255,100,8658.284473
325.27505,100,8658.284489
205.87984,100,8658.284506
227.97319,100,8681.212802
243.11156,100,8681.212877
335.93237,100,8681.212889
180.73192,100,8681.212898
282.67468,100,8681.212907
250.70656,100,8681.212915
204.60834,100,8681.212923
204.62936,100,8681.212932
283.7705,100,8694.919588
244.86957,100,8694.919678
213.03065,100,8694.9197
237.52501,100,8694.919718
251.3726,100,8694.919734
353.12027,100,8694.919751
242.52063,100,8694.919766
254.46786,100,8694.919782
179.05054,100,8719.36227
380.5814,100,8719.362364
239.10739,100,8719.362387
264.69107,100,8719.362404
256.99518,100,8719.362421
265.944,100,8719.362437
368.7517,100,8719.362452
249.99583,100,8719.362468
241.8068,100,8743.448
310.1827,100,8743.448081
149.21721,100,8743.448093
259.78882,100,8743.448102
266.28394,100,8743.448111
148.34851,100,8743.448118
354.8121,100,8743.448127
157.33063,100,8743.448135
205.21127,100,8758.026536
183.29753,100,8758.026632
225.22604,100,8758.026655
443.7941,100,8758.026672
371.49936,100,8758.026689
217.39532,100,8758.026705
221.39087,100,8758.026721
262.8489,100,8758.026737
549.3266,100,8781.581714
202.47481,100,8781.581783
228.72609,100,8781.581795
388.42374,100,8781.581804
221.52228,100,8781.581813
192.48224,100,8781.581821
203.56084,100,8781.581829
306.5726,100,8781.581837
263.93088,100,8797.351944
354.3473,100,8797.352045
278.74664,100,8797.352072
319.7933,100,8797.35209
220.9727,100,8797.352106
169.01396,100,8797.352123
549.21265,100,8797.352139
178.6665,100,8797.352154
206.20435,100,8821.414233
180.06584,100,8821.414328
170.60826,100,8821.41435
251.737,100,8821.414367
246.82878,100,8821.414384
235.00241,100,8821.4144
235.64005,100,8821.414416
250.35225,100,8821.414432
242.86134,100,8834.593404
380.51764,100,8834.593495
248.14401,100,8834.593517
202.57375,100,8834.593534
258.78195,100,8834.59355
241.60889,100,8834.593567
318.66046,100,8834.593583
205.48755,100,8834.593599
222.65944,100,8858.33617
233.7526,100,8858.336262
222.12463,100,8858.336284
216.60135,100,8858.336322
248.37268,100,8858.336339
358.079,100,8858.336355
217.9675,100,8858.336371
244.32288,100,8858.336387
169.76706,100,8873.152571
260.10788,100,8873.152669
399.09232,100,8873.152692
176.17477,100,8873.15271
228.8077,100,8873.152728
183.5601,100,8873.152744
305.85626,100,8873.15276
360.964,100,8873.152776
375.00308,100,8897.669479
349.24686,100,8897.66957
255.47678,100,8897.669592
252.91986,100,8897.669609
230.12312,100,8897.669625
219.27249,100,8897.669641
192.77826,100,8897.669656
177.6104,100,8897.669672
223.64925,100,8921.507903
328.53412,100,8921.507975
138.89038,100,8921.507987
192.78307,100,8921.507996
302.71683,100,8921.508005
592.09265,100,8921.508013
387.837,100,8921.508021
153.28654,100,8921.508037
304.3221,100,8935.610486
221.52644,100,8935.610559
329.56934,100,8935.610571
217.39107,100,8935.61058
214.48215,100,8935.610589
221.08307,100,8935.610598
227.1209,100,8935.610606
229.77742,100,8935.610614
238.288,100,8959.06416
378.2918,100,8959.064258
287.97116,100,8959.064284
222.14067,100,8959.064303
240.88261,100,8959.064319
234.53603,100,8959.064336
320.676,100,8959.064352
231.90503,100,8959.064367
206.68785,100,8974.197465
237.49179,100,8974.197567
225.47385,100,8974.197589
354.6797,100,8974.197606
233.61981,100,8974.197623
252.84105,100,8974.197638
263.2201,100,8974.197654
211.78307,100,8974.197669
236.99571,100,8998.544073
272.94327,100,8998.544166
352.58228,100,8998.544188
201.22626,100,8998.544205
402.87607,100,8998.544221
399.55222,100,8998.544236
261.4548,100,8998.544252
317.4503,100,8998.544267
359.67575,100,9013.066256
274.27658,100,9013.066327
208.02351,100,9013.066339
379.5862,100,9013.066348
308.62872,100,9013.066357
228.91348,100,9013.066365
214.46306,100,9013.066374
215.6096,100,9013.066383
233.56635,100,9036.459681
385.45593,100,9036.459771
242.6365,100,9036.459794
201.40671,100,9036.459811
240.46637,100,9036.459828
336.6095,100,9036.459844
255.34863,100,9036.45986
239.18977,100,9036.459876
397.31357,100,9059.996886
255.14629,100,9059.996956
224.22096,100,9059.996968
280.47745,100,9059.996977
243.3802,100,9059.996985
196.82959,100,9059.996993
218.30608,100,9059.997001
257.75275,100,9059.99701
196.35841,100,9072.372685
195.18274,100,9072.372757
260.12842,100,9072.372769
234.3549,100,9072.372778
371.83502,100,9072.372786
245.46225,100,9072.372794
231.90952,100,9072.372803
233.67076,100,9072.372811
224.50244,100,9096.351958
158.3902,100,9096.352039
287.39,100,9096.352054
217.71544,100,9096.352063
375.59213,100,9096.352072
207.0154,100,9096.35208
336.59366,100,9096.352089
513.1915,100,9096.352097
222.60506,100,9110.758231
196.8601,100,9110.75832
193.13014,100,9110.758343
228.27638,100,9110.75836
228.53896,100,9110.758376
133.33327,100,9110.758393
254.89914,100,9110.758409
266.63693,100,9110.758425
240.2812,100,9133.955548
242.64526,100,9133.955626
260.17654,100,9133.955639
242.1682,100,9133.955648
496.35498,100,9133.955657
221.44585,100,9133.955665
227.63484,100,9133.955673
191.1075,100,9133.955682
303.07275,100,9149.192509
253.55977,100,9149.1926
235.9491,100,9149.192622
367.66177,100,9149.192639
232.486,100,9149.192655
368.40118,100,9149.19267
368.76074,100,9149.192685
238.19855,100,9149.192701
234.28749,100,9173.409423
193.54118,100,9173.409512
296.21225,100,9173.409534
361.43768,100,9173.40955
261.00604,100,9173.409566
476.812,100,9173.409581
237.91885,100,9173.409597
243.46414,100,9173.409612
315.68643,100,9188.512197
237.0306,100,9188.512288
246.83804,100,9188.51231
183.25882,100,9188.512328
266.5021,100,9188.512344
230.88002,100,9188.512361
242.75842,100,9188.512377
237.56667,100,9188.512393
303.23737,100,9212.238696
237.5787,100,9212.238787
177.47997,100,9212.238809
255.40222,100,9212.238826
237.06435,100,9212.238842
176.00005,100,9212.238858
237.8639,100,9212.238873
320.75748,100,9212.238889
238.60384,100,9235.208232
218.03252,100,9235.208305
239.77301,100,9235.208317
178.16434,100,9235.208326
220.2272,100,9235.208335
267.12878,100,9235.208357
218.97289,100,9235.208365
262.46436,100,9235.208374
217.43387,100,9249.97146
226.79135,100,9249.971534
362.55652,100,9249.971547
253.81882,100,9249.971556
340.84625,100,9249.971564
344.47287,100,9249.971573
252.81093,100,9249.971582
264.7477,100,9249.97159
365.93427,100,9272.394501
243.9591,100,9272.394575
207.70096,100,9272.394587
437.0699,100,9272.394595
212.48566,100,9272.394603
273.04257,100,9272.394611
221.28413,100,9272.394619
461.82364,100,9272.394627
232.73724,100,9287.361592
141.98628,100,9287.361665
334.5597,100,9287.361677
229.6633,100,9287.361687
201.73439,100,9287.361696
204.62123,100,9287.361704
343.66098,100,9287.361712
328.2521,100,9287.36172
256.95715,100,9311.170835
264.73758,100,9311.170928
257.05493,100,9311.17095
220.22688,100,9311.170966
396.55322,100,9311.170983
206.58966,100,9311.170999
345.3733,100,9311.171015
215.10898,100,9311.171041
246.95099,100,9325.806582
238.87242,100,9325.806679
355.0251,100,9325.806702
246.2181,100,9325.80672
202.22504,100,9325.806736
243.29614,100,9325.806752
252.34229,100,9325.806767
353.31473,100,9325.806783
333.1493,100,9348.692391
193.01422,100,9348.692462
297.92523,100,9348.692474
224.02594,100,9348.692482
377.55713,100,9348.69249
261.73502,100,9348.692499
243.54538,100,9348.692507
260.9764,100,9348.692515
253.13503,100,9372.452947
390.09845,100,9372.453018
352.59027,100,9372.453038
209.01956,100,9372.45305
377.27814,100,9372.453059
196.0478,100,9372.453068
237.04912,100,9372.453076
235.03925,100,9372.453085
292.58655,100,9385.979971
280.86673,100,9385.980078
382.89636,100,9385.980094
264.5021,100,9385.980103
348.78772,100,9385.980112
221.5053,100,9385.980121
236.83604,100,9385.980129
217.354,100,9385.980138
342.15262,100,9409.561293
237.12373,100,9409.561365
297.50903,100,9409.561377
169.29137,100,9409.561386
236.35803,100,9409.561394
205.66328,100,9409.561402
514.6998,100,9409.56141
203.03764,100,9409.561419
221.90459,100,9423.59436
211.60547,100,9423.594451
304.08627,100,9423.594474
507.2342,100,9423.594492
349.43954,100,9423.594508
223.90111,100,9423.594524
332.81702,100,9423.59454
249.18398,100,9423.594556
220.92226,100,9447.08162
220.77638,100,9447.081707
335.05014,100,9447.081727
255.04541,100,9447.081742
273.80273,100,9447.081757
325.86688,100,9447.081771
248.24669,100,9447.081785
181.1489,100,9447.081799
260.32785,100,9461.46479
272.42917,100,9461.464884
251.85924,100,9461.464907
259.18268,100,9461.464925
328.09515,100,9461.464941
270.85223,100,9461.464958
193.3733,100,9461.464973
174.94238,100,9461.46499
201.93803,100,9486.331944
248.21571,100,9486.332038
317.8117,100,9486.332062
353.58926,100,9486.332078
242.80336,100,9486.332093
518.68555,100,9486.332107
260.21567,100,9486.33212
246.31934,100,9486.332134
283.71173,100,9499.885539
177.85503,100,9499.885628
349.50168,100,9499.885651
242.12491,100,9499.885668
222.705,100,9499.885684
361.93607,100,9499.8857
239.89935,100,9499.885716
187.66914,100,9499.885732
211.69545,100,9525.005641
298.02744,100,9525.005732
206.96404,100,9525.005757
257.22894,100,9525.005775
324.30795,100,9525.005793
232.66759,100,9525.005809
221.31073,100,9525.005824
232.22876,100,9525.00584
322.38837,100,9548.808582
272.72113,100,9548.808672
192.77634,100,9548.808695
257.98026,100,9548.808712
313.7578,100,9548.808728
330.85016,100,9548.808744
295.4887,100,9548.80876
259.73535,100,9548.808776
209.74207,100,9562.769217
183.1869,100,9562.769294
270.4407,100,9562.769306
351.52164,100,9562.769315
211.21277,100,9562.769324
279.33112,100,9562.769332
325.83347,100,9562.76934
234.8858,100,9562.769348
314.29315,100,9586.669417
241.8727,100,9586.66949
293.1483,100,9586.669502
230.86513,100,9586.669511
224.47472,100,9586.669519
236.26923,100,9586.669528
514.2,100,9586.669535
258.68695,100,9586.669544
235.27502,100,9599.781348
248.87476,100,9599.781443
331.39444,100,9599.781465
200.86716,100,9599.781482
230.28244,100,9599.781498
246.15036,100,9599.781514
229.43616,100,9599.78153
303.60986,100,9599.78158
255.3726,100,9622.508837
234.0986,100,9622.508927
206.15016,100,9622.50895
264.60904,100,9622.508967
231.01004,100,9622.508983
194.89447,100,9622.508999
215.6275,100,9622.509015
367.69965,100,9622.509038
320.9146,100,9637.574513
288.16232,100,9637.574605
151.63759,100,9637.574627
208.91125,100,9637.574644
238.11987,100,9637.57466
178.41537,100,9637.574676
201.76897,100,9637.574692
261.68222,100,9637.574708
180.55617,100,9661.988836
229.86372,100,9661.988927
239.00633,100,9661.98895
260.82858,100,9661.988967
354.40707,100,9661.988984
210.48233,100,9661.989
200.26834,100,9661.989017
207.71149,100,9661.989041
260.9723,100,9686.132828
296.40607,100,9686.132901
252.1157,100,9686.132913
210.46678,100,9686.132922
235.2648,100,9686.132931
251.50958,100,9686.132939
188.61958,100,9686.132947
294.21674,100,9686.132956
262.5538,100,9699.547957
354.14795,100,9699.548061
232.3182,100,9699.548089
253.84944,100,9699.548106
211.79614,100,9699.548123
249.80054,100,9699.548138
328.9675,100,9699.548154
349.3665,100,9699.548169
235.71411,100,9723.954587
215.54709,100,9723.954679
225.91087,100,9723.9547
221.78435,100,9723.954718
301.90518,100,9723.954734
215.00648,100,9723.954749
258.98453,100,9723.954765
206.7569,100,9723.95478
392.7778,100,9737.694887
229.30403,100,9737.694979
233.3591,100,9737.695002
236.11356,100,9737.695019
232.0767,100,9737.695047
296.56467,100,9737.695064
258.53104,100,9737.695079
400.50613,100,9737.695095
412.05508,100,9761.61797
345.8873,100,9761.618073
381.24475,100,9761.618096
250.42249,100,9761.618113
220.69183,100,9761.618135
156.3363,100,9761.61815
240.53862,100,9761.618166
253.77176,100,9761.618181
382.97073,100,9776.90788
253.86584,100,9776.907977
250.05737,100,9776.907999
315.0264,100,9776.908016
362.76074,100,9776.908039
183.82254,100,9776.90806
237.07071,100,9776.908076
197.50606,100,9776.908091
351.44913,100,9800.478263
213.21254,100,9800.478332
211.90544,100,9800.478344
239.01921,100,9800.478353
271.69247,100,9800.478362
162.49155,100,9800.47837
417.94034,100,9800.478379
389.07877,100,9800.478388
357.36703,100,9815.172759
167.16125,100,9815.172851
214.4331,100,9815.172873
226.1384,100,9815.172891
384.8372,100,9815.172907
426.44608,100,9815.172924
346.94217,100,9815.17294
223.72054,100,9815.172956
169.39812,100,9839.264676
246.84247,100,9839.26477
242.26157,100,9839.264792
353.93405,100,9839.264809
326.47708,100,9839.264826
337.48755,100,9839.264842
350.01923,100,9839.264857
242.00677,100,9839.264873
237.10915,100,9863.559414
330.0807,100,9863.559508
263.7042,100,9863.559531
404.86478,100,9863.559549
182.70978,100,9863.559565
238.36214,100,9863.559581
201.06612,100,9863.559597
322.5015,100,9863.559613
246.67937,100,9876.706222
238.39067,100,9876.706317
368.0459,100,9876.706339
379.54175,100,9876.706355
272.2634,100,9876.706371
195.1698,100,9876.706386
389.617,100,9876.706401
208.90071,100,9876.706417
214.2569,100,9900.470443
256.4594,100,9900.470523
343.56604,100,9900.470535
375.13672,100,9900.470544
339.97464,100,9900.470552
224.06207,100,9900.470561
305.29953,100,9900.470569
437.16837,100,9900.470578
210.67221,100,9913.381809
205.11737,100,9913.381902
365.54272,100,9913.381925
244.94525,100,9913.381942
251.14685,100,9913.381958
210.99951,100,9913.381974
356.405,100,9913.381989
239.9558,100,9913.382004
164.89815,100,9938.30918
337.08475,100,9938.309254
231.73607,100,9938.309267
227.49852,100,9938.309276
192.22334,100,9938.309285
252.99799,100,9938.309294
266.5419,100,9938.309301
315.5854,100,9938.30931
301.6459,100,9952.773577
199.65388,100,9952.773669
274.90668,100,9952.773691
205.27066,100,9952.773708
202.93736,100,9952.773724
340.19955,100,9952.773739
243.05469,100,9952.773755
290.36053,100,9952.77377
365.71384,100,9977.356892
360.1839,100,9977.356985
247.28023,100,9977.357007
242.89493,100,9977.357024
316.8667,100,9977.357055
227.47807,100,9977.357072
210.30193,100,9977.357087
228.08873,100,9977.357103
261.838,100,10001.397354
256.3661,100,10001.397456
267.9128,100,10001.397476
301.21176,100,10001.397492
299.5283,100,10001.397507
243.67365,100,10001.397522
377.3423,100,10001.397537
366.26517,100,10001.39755
232.35054,100,10014.016948
389.58624,100,10014.017051
414.32825,100,10014.017078
302.23755,100,10014.017097
188.63258,100,10014.017113
203.81511,100,10014.01713
425.1874,100,10014.017147
209.48625,100,10014.017163
176.07533,100,10038.596508
352.7166,100,10038.596597
238.13622,100,10038.59662
388.23917,100,10038.596638
239.26988,100,10038.596655
372.63782,100,10038.596671
229.43292,100,10038.596686
275.33975,100,10038.596702
143.12817,100,10051.828785
257.75073,100,10051.828877
236.48799,100,10051.8289
273.01053,100,10051.828918
217.69434,100,10051.828934
249.67484,100,10051.82895
275.22247,100,10051.828966
213.8182,100,10051.828982
227.19647,100,10076.291042
364.95813,100,10076.291128
387.75708,100,10076.291147
366.0495,100,10076.291162
252.48491,100,10076.291177
269.41196,100,10076.291191
393.37823,100,10076.291205
236.91881,100,10076.291219
226.92955,100,10091.139202
206.77946,100,10091.139298
255.40869,100,10091.139321
224.84343,100,10091.139338
254.64017,100,10091.139354
374.7459,100,10091.13937
233.95819,100,10091.139387
239.9109,100,10091.139403
213.28465,100,10115.951173
380.29413,100,10115.951246
277.2937,100,10115.951257
207.44995,100,10115.951267
331.28232,100,10115.951275
230.60211,100,10115.951283
221.16437,100,10115.951292
262.50314,100,10115.9513
216.74402,100,10129.080567
380.57245,100,10129.080662
201.5371,100,10129.080684
207.50346,100,10129.080701
236.6103,100,10129.080717
260.65775,100,10129.080732
213.15642,100,10129.080748
233.45209,100,10129.080764
232.91678,100,10152.926088
350.3135,100,10152.926182
211.50346,100,10152.926204
185.38957,100,10152.926222
254.75008,100,10152.926238
210.47102,100,10152.926255
249.27408,100,10152.92627
378.93118,100,10152.926286
238.0591,100,10175.58426
413.97278,100,10175.584335
253.744,100,10175.584347
232.13797,100,10175.584356
185.2248,100,10175.584364
206.47665,100,10175.584373
243.1805,100,10175.584381
510.85693,100,10175.584389
335.00873,100,10189.945232
260.76956,100,10189.945307
238.24332,100,10189.94532
240.88704,100,10189.94533
352.68814,100,10189.945338
188.68362,100,10189.945347
366.88153,100,10189.945356
373.5073,100,10189.945364
243.68242,100,10214.244518
313.88174,100,10214.244607
273.87442,100,10214.244629
282.38766,100,10214.244645
375.3842,100,10214.24466
296.25308,100,10214.244676
194.20123,100,10214.244691
213.49318,100,10214.244705
243.24074,100,10227.793259
217.10222,100,10227.793335
248.77956,100,10227.793346
339.08218,100,10227.793355
362.3415,100,10227.793363
229.2412,100,10227.793371
242.36928,100,10227.793379
383.14795,100,10227.793387
242.26923,100,10252.602675
182.19675,100,10252.602764
233.07962,100,10252.602787
232.37392,100,10252.602806
361.22595,100,10252.602822
295.4153,100,10252.602839
243.52151,100,10252.602855
361.98642,100,10252.60287
374.91904,100,10268.054126
202.1791,100,10268.054224
240.11983,100,10268.054247
211.07967,100,10268.054264
249.69698,100,10268.054279
230.07893,100,10268.054295
230.83339,100,10268.05431
255.5965,100,10268.054326
240.22774,100,10292.13868
220.70076,100,10292.13877
249.3704,100,10292.138792
230.17,100,10292.138811
339.16956,100,10292.138828
230.77983,100,10292.138845
248.4361,100,10292.138862
271.8407,100,10292.138878
547.4596,100,10316.00415
235.63202,100,10316.004221
205.75098,100,10316.004233
295.57742,100,10316.004243
308.97476,100,10316.004251
245.78728,100,10316.00426
323.20126,100,10316.004267
277.56604,100,10316.004276
373.40402,100,10330.463422
328.90298,100,10330.463516
327.97403,100,10330.463538
310.54233,100,10330.463554
397.19598,100,10330.46357
231.0706,100,10330.463586
216.0118,100,10330.463601
230.8132,100,10330.463617
164.9811,100,10355.582268
210.15366,100,10355.582342
258.07703,100,10355.582355
219.66747,100,10355.582364
388.7787,100,10355.582372
233.98538,100,10355.582381
147.32672,100,10355.582418
240.4432,100,10355.582427
253.25162,100,10369.943361
399.35284,100,10369.943454
220.2047,100,10369.943477
347.40396,100,10369.943495
234.76323,100,10369.943511
217.52109,100,10369.943527
256.0973,100,10369.943545
156.13911,100,10369.943567
262.62393,100,10393.485776
394.4184,100,10393.485847
336.52893,100,10393.485859
405.07788,100,10393.485868
386.20782,100,10393.485877
243.78209,100,10393.485885
267.4144,100,10393.485893
243.02415,100,10393.485902
230.92769,100,10408.386167
200.48096,100,10408.386263
221.23756,100,10408.386286
218.2799,100,10408.386302
404.11237,100,10408.386318
259.3502,100,10408.386334
244.84503,100,10408.38635
252.16547,100,10408.386366
185.05347,100,10431.50882
383.5384,100,10431.508892
367.6323,100,10431.508905
189.24483,100,10431.508914
202.99539,100,10431.508923
344.55682,100,10431.508931
528.3068,100,10431.50894
209.90356,100,10431.508948
260.76898,100,10446.030262
371.43332,100,10446.030356
316.95425,100,10446.03038
360.60013,100,10446.030397
172.14557,100,10446.030414
382.3151,100,10446.03043
147.7147,100,10446.030447
282.64526,100,10446.030463
253.96669,100,10470.363477
229.6036,100,10470.363568
237.36201,100,10470.363591
295.0641,100,10470.363608
331.68716,100,10470.363624
247.13306,100,10470.363641
258.2767,100,10470.363657
228.93295,100,10470.363672
220.71016,100,10494.934902
256.01385,100,10494.934998
209.82866,100,10494.93502
265.78845,100,10494.935052
257.9959,100,10494.935068
366.27615,100,10494.935085
328.53302,100,10494.9351
234.54437,100,10494.935116
362.79752,100,10510.001931
367.13162,100,10510.002025
224.11337,100,10510.002064
350.46082,100,10510.002082
193.6514,100,10510.002098
273.66,100,10510.002115
354.5513,100,10510.00213
165.06027,100,10510.002146
332.5519,100,10534.462133
231.32915,100,10534.462208
206.37987,100,10534.46222
266.31467,100,10534.462229
263.04242,100,10534.462238
388.7509,100,10534.462246
184.70094,100,10534.462255
255.11555,100,10534.462263
362.41666,100,10549.203018
341.13483,100,10549.203101
274.84753,100,10549.203113
244.41165,100,10549.203122
355.73438,100,10549.20313
389.91602,100,10549.203139
213.82007,100,10549.203147
244.56674,100,10549.203156
316.82874,100,10572.511585
431.19016,100,10572.511683
344.8128,100,10572.511705
220.11258,100,10572.511723
216.62334,100,10572.511739
238.10983,100,10572.511756
204.8786,100,10572.511772
256.57303,100,10572.511787
209.76024,100,10586.960149
285.86932,100,10586.960223
481.2542,100,10586.960235
244.34015,100,10586.960244
358.26974,100,10586.960252
391.5778,100,10586.96026
221.62527,100,10586.960269
275.10913,100,10586.960278
236.49515,100,10610.237071
235.67586,100,10610.237163
261.914,100,10610.237186
281.04492,100,10610.237203
396.9503,100,10610.23722
270.4778,100,10610.237237
275.49933,100,10610.237254
215.61913,100,10610.23727
204.22038,100,10633.053039
258.00024,100,10633.053113
122.682144,100,10633.053125
366.97107,100,10633.053134
241.55104,100,10633.053143
237.52592,100,10633.053152
371.56805,100,10633.053161
193.95518,100,10633.05317
395.44998,100,10646.804269
377.6993,100,10646.80436
358.29532,100,10646.804384
261.69562,100,10646.804402
242.18932,100,10646.804418
371.463,100,10646.804434
284.26898,100,10646.80445
220.47859,100,10646.804466
271.2821,100,10671.100641
218.11946,100,10671.10073
367.98007,100,10671.10075
246.91173,100,10671.100766
232.92165,100,10671.10078
394.45273,100,10671.100795
313.408,100,10671.100809
372.44153,100,10671.100823
225.3366,100,10685.695782
202.51794,100,10685.69588
483.40515,100,10685.695902
262.0061,100,10685.69592
368.8988,100,10685.695937
323.66544,100,10685.695953
363.3212,100,10685.695969
353.5299,100,10685.695985
372.93115,100,10710.502427
279.79446,100,10710.502521
279.18866,100,10710.502544
198.46968,100,10710.502561
233.3335,100,10710.502578
349.74246,100,10710.502594
252.50302,100,10710.50261
213.56775,100,10710.502626
217.84705,100,10723.738559
261.11676,100,10723.738652
400.33847,100,10723.738704
249.06107,100,10723.738723
222.64516,100,10723.738739
354.2465,100,10723.738755
196.0534,100,10723.738771
228.92038,100,10723.738787
216.72871,100,10746.85461
341.36414,100,10746.854718
375.68903,100,10746.854748
251.19858,100,10746.854773
239.99026,100,10746.854795
175.18643,100,10746.854818
257.37006,100,10746.854841
243.87259,100,10746.854863
601.99,100,10760.217086
258.09293,100,10760.217158
201.63026,100,10760.21717
249.3869,100,10760.217179
226.84723,100,10760.217187
235.16306,100,10760.217196
238.5888,100,10760.217204
225.47003,100,10760.217211
384.52676,100,10784.843284
273.54218,100,10784.843363
179.78212,100,10784.843386
203.68001,100,10784.843403
242.08437,100,10784.843419
259.75546,100,10784.843436
244.33553,100,10784.843451
378.19287,100,10784.843467
345.8396,100,10809.921751
414.93787,100,10809.92183
243.88928,100,10809.921844
314.19678,100,10809.921855
354.44348,100,10809.921864
210.80383,100,10809.921873
266.33408,100,10809.921882
160.75995,100,10809.921892
377.84137,100,10824.089545
212.22234,100,10824.089641
315.53653,100,10824.089663
233.36403,100,10824.08968
264.38275,100,10824.089697
419.0282,100,10824.089714
378.94543,100,10824.08973
245.46968,100,10824.089746
300.91464,100,10848.801368
189.5265,100,10848.801445
254.70447,100,10848.801457
227.75912,100,10848.801466
273.78488,100,10848.801475
353.88235,100,10848.801484
246.24855,100,10848.801492
264.2157,100,10848.8015
342.16885,100,10862.174746
179.16281,100,10862.17484
228.67416,100,10862.174863
181.01144,100,10862.17488
358.6842,100,10862.174896
238.53384,100,10862.174912
255.79199,100,10862.174928
208.25314,100,10862.174943
227.40117,100,10884.985046
433.38022,100,10884.985138
175.14069,100,10884.985162
283.65024,100,10884.985178
262.9468,100,10884.985194
210.20305,100,10884.985211
251.48366,100,10884.985227
336.5335,100,10884.985244
243.43655,100,10899.486876
268.24554,100,10899.486972
228.30034,100,10899.486995
174.65662,100,10899.487012
234.51717,100,10899.487037
245.71062,100,10899.487059
258.60184,100,10899.487076
192.26076,100,10899.487092
413.09857,100,10923.079416
260.52634,100,10923.079488
376.3757,100,10923.0795
206.16125,100,10923.079509
246.31479,100,10923.079518
245.56339,100,10923.079526
125.96816,100,10923.079535
239.66855,100,10923.079543
305.0164,100,10947.24986
357.2229,100,10947.249933
243.22287,100,10947.249945
215.03279,100,10947.249954
223.67807,100,10947.249964
300.55737,100,10947.249972
241.70453,100,10947.249981
262.47702,100,10947.249989
234.46541,100,10961.351445
210.81311,100,10961.351533
245.70033,100,10961.351553
260.29782,100,10961.351569
227.45502,100,10961.351583
361.12296,100,10961.351597
243.02559,100,10961.351611
276.41263,100,10961.351624
260.6842,100,10985.433942
408.3391,100,10985.43404
240.84445,100,10985.434067
220.16623,100,10985.434085
240.57466,100,10985.434101
244.73718,100,10985.434117
241.13698,100,10985.434133
355.9101,100,10985.434149
242.034,100,10999.40513
240.42604,100,10999.405203
259.8449,100,10999.405215
232.45651,100,10999.405224
190.97818,100,10999.405233
193.25168,100,10999.405241
262.74463,100,10999.40525
385.37494,100,10999.405259
234.93561,100,11023.815677
259.24716,100,11023.815773
293.76215,100,11023.815795
279.9772,100,11023.815813
242.08102,100,11023.815829
402.57394,100,11023.815845
220.78467,100,11023.815861
196.02187,100,11023.815877
189.68958,100,11038.568952
370.2713,100,11038.569057
247.09917,100,11038.569083
366.40643,100,11038.569101
244.73807,100,11038.569117
218.47693,100,11038.569133
324.95917,100,11038.569149
195.19934,100,11038.569165
232.10353,100,11062.058116
363.0062,100,11062.058189
259.012,100,11062.058201
247.0943,100,11062.05821
290.81277,100,11062.058218
337.16656,100,11062.058227
178.06097,100,11062.058235
209.90437,100,11062.058243
247.1593,100,11077.086325
209.88039,100,11077.086401
234.31827,100,11077.086413
384.2732,100,11077.086422
235.89455,100,11077.08643
259.81415,100,11077.086439
333.58142,100,11077.086471
236.13742,100,11077.086479
250.61827,100,11101.097412
336.39896,100,11101.097509
239.75562,100,11101.097531
357.77982,100,11101.097548
227.90799,100,11101.097564
356.76,100,11101.09758
382.1844,100,11101.097595
209.18039,100,11101.097611
390.18762,100,11124.569807
282.71866,100,11124.569901
252.76048,100,11124.569925
232.22455,100,11124.569943
200.06653,100,11124.569959
242.63455,100,11124.569976
323.75125,100,11124.569991
220.13684,100,11124.570007
251.1407,100,11138.46492
244.3304,100,11138.465011
311.14206,100,11138.465042
279.27335,100,11138.465064
227.96182,100,11138.465081
256.54483,100,11138.465097
165.66106,100,11138.465113
215.48721,100,11138.465128
277.02795,100,11161.233003
237.28384,100,11161.233085
178.79979,100,11161.233098
397.24088,100,11161.233107
217.24065,100,11161.233115
234.20805,100,11161.233123
231.17697,100,11161.233131
181.7219,100,11161.23314
331.5933,100,11174.915803
247.32404,100,11174.915891
273.87622,100,11174.915913
230.7352,100,11174.91593
295.90103,100,11174.915946
261.2828,100,11174.915963
427.67627,100,11174.915978
379.11102,100,11174.915994
239.09969,100,11198.982016
347.75327,100,11198.982092
290.46506,100,11198.982104
236.67665,100,11198.982114
189.68793,100,11198.982122
336.86078,100,11198.98213
248.95613,100,11198.982139
244.20685,100,11198.982147
187.82733,100,11213.947821
440.53452,100,11213.947892
282.56042,100,11213.947904
245.22878,100,11213.947914
289.00128,100,11213.947922
386.0791,100,11213.947931
248.64813,100,11213.947939
453.62888,100,11213.947948
212.27577,100,11237.673103
268.78735,100,11237.673185
219.62836,100,11237.673208
265.50793,100,11237.673226
275.51242,100,11237.673243
455.30377,100,11237.673259
264.47382,100,11237.673275
298.804,100,11237.673291
244.58923,100,11260.437404
248.93077,100,11260.437484
242.46396,100,11260.437496
208.61311,100,11260.437505
367.11597,100,11260.437513
416.21973,100,11260.437522
274.19232,100,11260.43753
234.31943,100,11260.437539
365.4172,100,11274.142492
229.38686,100,11274.142561
349.22214,100,11274.142573
331.3593,100,11274.142582
335.5411,100,11274.142591
382.89038,100,11274.142599
305.3914,100,11274.142607
272.83243,100,11274.142615
225.60226,100,11297.168006
383.4896,100,11297.168114
259.62524,100,11297.168137
214.90807,100,11297.168155
177.54391,100,11297.168172
206.41513,100,11297.168188
240.38528,100,11297.168204
258.7792,100,11297.168219
283.11234,100,11311.984421
231.19273,100,11311.984511
250.17322,100,11311.984533
217.91457,100,11311.98455
350.75583,100,11311.984566
209.13936,100,11311.984582
297.99722,100,11311.984598
237.01382,100,11311.984613
382.02335,100,11337.278402
235.46744,100,11337.278498
189.86397,100,11337.278521
281.6214,100,11337.278537
447.24216,100,11337.278553
267.85477,100,11337.278569
219.71196,100,11337.278584
245.90918,100,11337.2786
237.15181,100,11350.94697
244.92615,100,11350.947077
194.97177,100,11350.947101
250.90894,100,11350.947118
233.9101,100,11350.947135
223.28346,100,11350.947151
248.38028,100,11350.947168
198.46547,100,11350.947184
217.89096,100,11374.766953
191.73,100,11374.767043
226.52194,100,11374.767066
227.82072,100,11374.767082
207.96152,100,11374.767097
251.37053,100,11374.767111
371.98724,100,11374.767125
218.84645,100,11374.767139
201.48483,100,11387.220126
225.58441,100,11387.220196
172.5353,100,11387.220207
215.82555,100,11387.220216
212.72672,100,11387.220224
339.56845,100,11387.220233
286.5889,100,11387.220241
215.00253,100,11387.220249
378.00848,100,11410.548028
171.12709,100,11410.548124
233.76653,100,11410.548136
212.66434,100,11410.548145
243.11165,100,11410.548154
223.745,100,11410.548162
181.32115,100,11410.548171
289.38528,100,11410.548179
387.65894,100,11433.894056
240.16942,100,11433.89415
252.50473,100,11433.894173
225.19196,100,11433.894191
225.16037,100,11433.894207
223.2046,100,11433.894224
213.53374,100,11433.894241
258.82108,100,11433.894257
287.7149,100,11447.775149
208.37514,100,11447.775244
184.47418,100,11447.775275
232.85408,100,11447.775293
196.5034,100,11447.77531
248.85141,100,11447.775326
190.86978,100,11447.775342
331.29,100,11447.775357
232.1646,100,11471.140638
228.63605,100,11471.140726
454.85794,100,11471.140749
253.4372,100,11471.140767
218.601,100,11471.140784
249.69803,100,11471.1408
291.72318,100,11471.140816
211.48764,100,11471.140832
181.63622,100,11484.860786
301.71588,100,11484.860859
234.00558,100,11484.860871
226.91808,100,11484.86088
257.00726,100,11484.860889
393.07828,100,11484.860897
304.08334,100,11484.860905
248.8879,100,11484.860914
232.90717,100,11508.842099
263.2551,100,11508.842172
232.29788,100,11508.842184
254.5346,100,11508.842193
198.32187,100,11508.842201
207.2457,100,11508.84221
237.2183,100,11508.842218
243.53821,100,11508.842226
314.47992,100,11523.308003
300.553,100,11523.308086
330.52112,100,11523.308099
241.67632,100,11523.308108
297.44775,100,11523.308116
240.22678,100,11523.308124
384.7793,100,11523.308132
164.71332,100,11523.308141
242.1181,100,11547.769444
286.69647,100,11547.769532
213.11732,100,11547.769555
252.32639,100,11547.769572
355.15945,100,11547.769588
356.92328,100,11547.769603
216.91307,100,11547.769619
239.99406,100,11547.769634
195.31247,100,11571.508721
372.70038,100,11571.508795
251.89659,100,11571.508808
371.50616,100,11571.508816
217.41217,100,11571.508825
243.8762,100,11571.508833
187.97923,100,11571.508842
244.06773,100,11571.50885
212.5342,100,11584.62728
238.94914,100,11584.627357
212.99976,100,11584.627372
231.77115,100,11584.627381
317.40686,100,11584.627389
227.12222,100,11584.627398
373.4987,100,11584.627406
254.28549,100,11584.627414
247.59619,100,11607.437339
444.88165,100,11607.437411
263.85245,100,11607.437423
203.00067,100,11607.437432
494.24283,100,11607.43744
233.98973,100,11607.437449
443.22006,100,11607.437457
230.68742,100,11607.437465
324.88196,100,11622.501981
264.1145,100,11622.50206
369.82642,100,11622.502073
217.60031,100,11622.502083
227.141,100,11622.502092
213.38887,100,11622.502101
260.99597,100,11622.50211
294.32913,100,11622.502119
241.45653,100,11646.091309
367.15866,100,11646.0914
203.479,100,11646.091424
370.12384,100,11646.091441
314.11624,100,11646.091458
238.3826,100,11646.091475
257.24677,100,11646.091491
222.12402,100,11646.091507
413.12378,100,11660.804419
257.8903,100,11660.804511
176.41812,100,11660.804533
172.54755,100,11660.804551
349.69104,100,11660.804567
248.27986,100,11660.804583
404.766,100,11660.804599
379.1173,100,11660.804615
203.99718,100,11683.986844
374.65634,100,11683.986944
351.62198,100,11683.986967
238.08073,100,11683.986985
379.6949,100,11683.987002
201.12338,100,11683.987018
227.76703,100,11683.987049
432.5663,100,11683.987067
317.42242,100,11696.721973
249.27377,100,11696.722074
346.58136,100,11696.722098
292.04477,100,11696.722116
249.81157,100,11696.722132
245.51477,100,11696.722149
343.6564,100,11696.722165
242.83104,100,11696.722181
272.68845,100,11720.151233
263.6286,100,11720.151325
239.16263,100,11720.151348
242.70966,100,11720.151366
228.2769,100,11720.151383
348.27032,100,11720.151399
253.3774,100,11720.151414
266.57205,100,11720.15143
348.55728,100,11743.712868
272.24887,100,11743.712939
258.1137,100,11743.71295
387.8589,100,11743.71296
254.35406,100,11743.712968
216.59325,100,11743.712976
217.9497,100,11743.712985
240.58673,100,11743.712993
231.50378,100,11758.028966
396.4142,100,11758.029072
255.85149,100,11758.029098
378.70044,100,11758.029117
272.56357,100,11758.029135
369.27744,100,11758.029154
246.60277,100,11758.029171
370.423,100,11758.029187
251.9643,100,11780.796369
207.91393,100,11780.796449
225.30421,100,11780.796463
349.80542,100,11780.796472
202.2122,100,11780.79648
248.83557,100,11780.796489
372.39835,100,11780.796497
227.41579,100,11780.796505
216.18889,100,11795.253963
250.79077,100,11795.254067
239.1718,100,11795.25409
278.16528,100,11795.254108
250.92162,100,11795.254124
249.99136,100,11795.254141
382.6974,100,11795.254175
363.77725,100,11795.254192
320.08435,100,11819.886796
373.26306,100,11819.886892
227.41603,100,11819.886915
216.01082,100,11819.886934
186.34846,100,11819.886951
224.1554,100,11819.886968
215.36165,100,11819.886985
366.62918,100,11819.887002
376.9275,100,11834.354429
391.22952,100,11834.354519
205.96548,100,11834.354542
218.29755,100,11834.354559
252.53809,100,11834.354576
299.59457,100,11834.354592
452.80896,100,11834.354608
241.5571,100,11834.354625
278.25964,100,11857.784551
380.5026,100,11857.784634
331.0879,100,11857.784646
229.4568,100,11857.784656
271.47342,100,11857.784664
292.16852,100,11857.784673
262.43375,100,11857.784681
254.13556,100,11857.784689
234.36299,100,11881.173567
329.6833,100,11881.173655
284.12448,100,11881.173674
211.23865,100,11881.17369
236.00267,100,11881.173704
411.9695,100,11881.173718
377.4247,100,11881.173732
218.6312,100,11881.173746
345.48135,100,11895.019403
241.62982,100,11895.019476
253.44966,100,11895.019489
281.44406,100,11895.019498
265.05386,100,11895.019506
157.31796,100,11895.019515
254.48674,100,11895.019524
234.92781,100,11895.019532
363.3225,100,11919.548792
185.2807,100,11919.548885
255.14967,100,11919.548908
275.17145,100,11919.548926
254.94086,100,11919.548943
191.68109,100,11919.548959
380.14032,100,11919.548975
351.28625,100,11919.548991
238.69725,100,11932.614345
230.17294,100,11932.614416
348.44492,100,11932.614428
297.3436,100,11932.614436
219.83852,100,11932.614444
422.89166,100,11932.614453
245.89738,100,11932.614461
208.54514,100,11932.614469
218.80003,100,11955.363194
253.26112,100,11955.363285
301.8733,100,11955.363308
382.77237,100,11955.363325
248.7585,100,11955.363342
206.20323,100,11955.363358
247.97548,100,11955.363374
325.64566,100,11955.36339
228.2301,100,11969.957477
307.05478,100,11969.95757
348.87833,100,11969.957593
238.42572,100,11969.95761
205.89575,100,11969.957627
370.65543,100,11969.957643
236.10498,100,11969.957659
317.9337,100,11969.957675
262.579,100,11993.387017
240.23811,100,11993.387123
233.37485,100,11993.387146
218.96536,100,11993.387163
446.85538,100,11993.387179
259.66678,100,11993.387194
314.702,100,11993.38721
237.9111,100,11993.387226
243.37756,100,12006.686125
385.9898,100,12006.686204
249.9056,100,12006.686217
238.89351,100,12006.686227
170.67021,100,12006.686235
205.69803,100,12006.686244
388.69604,100,12006.686252
231.64447,100,12006.68626
257.95935,100,12030.670436
321.90326,100,12030.670514
194.07103,100,12030.670525
313.54648,100,12030.670534
264.78833,100,12030.670542
251.03049,100,12030.670551
168.15424,100,12030.670559
241.2011,100,12030.670567
251.81206,100,12053.950111
294.93604,100,12053.950186
305.16913,100,12053.950198
252.54466,100,12053.950207
206.11148,100,12053.950215
237.92432,100,12053.950224
237.42047,100,12053.950232
294.7669,100,12053.95024
250.60199,100,12068.733619
335.99493,100,12068.733693
358.80167,100,12068.733705
222.48085,100,12068.733715
382.8064,100,12068.733723
371.3542,100,12068.733732
279.41818,100,12068.73374
232.06158,100,12068.733749
224.27771,100,12092.806601
257.93045,100,12092.806703
285.29132,100,12092.806726
196.50383,100,12092.806743
241.30069,100,12092.80676
174.20164,100,12092.806776
288.64246,100,12092.806792
220.4736,100,12092.806808
196.69601,100,12107.514214
237.52086,100,12107.514305
276.5103,100,12107.514327
356.70358,100,12107.514345
238.5437,100,12107.514362
217.01175,100,12107.514378
236.07747,100,12107.514394
375.43286,100,12107.51441
278.29083,100,12130.382359
234.07568,100,12130.382449
223.3084,100,12130.382472
228.54556,100,12130.382489
375.18073,100,12130.382505
199.10606,100,12130.382522
371.12793,100,12130.382538
308.14072,100,12130.382554
257.21088,100,12143.589112
258.5648,100,12143.589204
223.81268,100,12143.589226
230.72385,100,12143.589243
236.81595,100,12143.58926
221.32419,100,12143.589276
228.86574,100,12143.589292
193.37886,100,12143.589308
266.16263,100,12167.431104
265.81744,100,12167.431198
280.1835,100,12167.431245
247.20276,100,12167.431263
389.98563,100,12167.43128
242.23337,100,12167.431297
180.06711,100,12167.431313
213.7029,100,12167.431329
222.93573,100,12190.142848
222.492,100,12190.142921
242.19098,100,12190.142933
176.10262,100,12190.142942
322.86053,100,12190.142951
271.4084,100,12190.142959
248.3767,100,12190.142967
195.48253,100,12190.142976
263.2934,100,12203.998462
257.24872,100,12203.998535
271.50595,100,12203.998547
151.53922,100,12203.998556
385.49036,100,12203.998564
152.31407,100,12203.998574
192.39185,100,12203.998582
185.84135,100,12203.99859
323.38483,100,12228.456664
188.46936,100,12228.456757
200.34416,100,12228.456779
253.70729,100,12228.456796
136.27339,100,12228.456812
284.58908,100,12228.456828
195.03816,100,12228.456844
387.7974,100,12228.45686
160.35576,100,12241.892523
263.93185,100,12241.892593
238.43529,100,12241.892605
259.51718,100,12241.892614
257.85074,100,12241.892622
216.56578,100,12241.89263
268.5922,100,12241.892639
215.28172,100,12241.892647
253.49706,100,12264.831916
269.84503,100,12264.832006
424.00565,100,12264.832028
261.0709,100,12264.83206
261.2476,100,12264.832078
250.87714,100,12264.832093
217.17651,100,12264.83211
244.03186,100,12264.832127
369.05066,100,12278.371693
254.08156,100,12278.371786
328.47787,100,12278.371809
205.48927,100,12278.371827
171.96318,100,12278.371844
238.83682,100,12278.37186
231.62709,100,12278.371876
235.77304,100,12278.371892
234.77457,100,12301.009736
249.57364,100,12301.00981
351.51276,100,12301.009823
230.80673,100,12301.009833
252.27551,100,12301.009843
241.3933,100,12301.009852
236.86504,100,12301.009862
162.25688,100,12301.009871
227.06326,100,12314.878238
157.86324,100,12314.878332
298.12112,100,12314.878356
224.08763,100,12314.878375
159.95137,100,12314.878393
372.65955,100,12314.878411
228.3139,100,12314.878427
265.5796,100,12314.878444
196.70436,100,12337.207449
279.14334,100,12337.207546
250.62428,100,12337.207568
304.9092,100,12337.207585
242.51025,100,12337.207601
207.48122,100,12337.207617
158.21278,100,12337.207633
166.26642,100,12337.207648
450.26517,100,12360.966583
248.08763,100,12360.96666
375.4497,100,12360.966673
223.13531,100,12360.966682
255.32812,100,12360.966691
252.85202,100,12360.9667
255.66751,100,12360.966709
271.32404,100,12360.966718
178.3672,100,12375.929047
282.2589,100,12375.929141
248.71715,100,12375.929163
386.01242,100,12375.929181
225.67639,100,12375.929198
368.85126,100,12375.929214
206.7613,100,12375.92923
223.11243,100,12375.929246
250.51036,100,12399.392015
210.15913,100,12399.392096
228.23537,100,12399.392108
309.11963,100,12399.392118
243.54108,100,12399.392127
236.2487,100,12399.392135
230.83952,100,12399.392144
354.47427,100,12399.392152
234.33522,100,12414.271939
223.66022,100,12414.272046
259.7986,100,12414.272074
193.56104,100,12414.272092
227.45706,100,12414.272109
261.87073,100,12414.272125
296.40274,100,12414.272141
173.83015,100,12414.272157
285.2749,100,12438.818644
263.99,100,12438.818735
212.73174,100,12438.818757
226.09175,100,12438.818774
379.38544,100,12438.81879
234.4856,100,12438.818806
256.41315,100,12438.818822
250.78299,100,12438.818837
372.36578,100,12453.091147
140.68256,100,12453.091238
247.18054,100,12453.091261
267.02994,100,12453.091278
257.32324,100,12453.091295
292.9208,100,12453.091311
319.1878,100,12453.091327
297.6406,100,12453.091342
223.12625,100,12476.452756
218.74422,100,12476.452832
388.40237,100,12476.452849
380.83994,100,12476.452861
402.22614,100,12476.452873
242.91647,100,12476.452884
386.33298,100,12476.452895
219.92592,100,12476.452906
250.57867,100,12499.168602
356.09586,100,12499.168694
331.6609,100,12499.168724
240.7638,100,12499.168743
403.8731,100,12499.168761
275.91623,100,12499.168777
266.60208,100,12499.168794
219.5684,100,12499.16881
560.4274,100,12513.100488
334.45197,100,12513.100581
303.78943,100,12513.100601
364.08273,100,12513.100617
402.2569,100,12513.100632
244.6925,100,12513.100647
250.8295,100,12513.100679
192.08531,100,12513.100694
444.76028,100,12537.094543
263.22595,100,12537.094641
223.92624,100,12537.094664
203.94937,100,12537.094681
315.6084,100,12537.094697
227.04327,100,12537.094713
253.1113,100,12537.094729
342.51675,100,12537.094744
304.12506,100,12551.05885
250.6528,100,12551.058942
244.88724,100,12551.058965
163.98555,100,12551.058982
209.36243,100,12551.058999
275.86172,100,12551.059015
200.88495,100,12551.059039
218.52391,100,12551.059059
260.7852,100,12575.747634
256.31943,100,12575.747705
351.19446,100,12575.747719
246.9907,100,12575.747729
233.22968,100,12575.747739
252.82211,100,12575.747748
248.60974,100,12575.747757
195.83212,100,12575.747766
270.32678,100,12590.813411
212.14539,100,12590.813505
263.66718,100,12590.813528
270.45447,100,12590.813546
227.52277,100,12590.813563
268.5201,100,12590.813579
262.82532,100,12590.813595
221.67075,100,12590.813611
394.17126,100,12613.772461
219.63258,100,12613.772554
252.85353,100,12613.772577
290.3491,100,12613.772594
252.01775,100,12613.77261
187.32227,100,12613.772626
253.39261,100,12613.772642
226.3696,100,12613.772658
271.24954,100,12628.698161
250.12483,100,12628.698234
211.18608,100,12628.698246
217.19136,100,12628.698256
194.27405,100,12628.698264
260.72263,100,12628.698272
387.54993,100,12628.69828
256.09207,100,12628.698289
261.98422,100,12651.59838
174.46988,100,12651.598473
241.2461,100,12651.598495
239.3797,100,12651.598513
216.82852,100,12651.598529
231.22058,100,12651.598545
261.80002,100,12651.598561
265.06744,100,12651.598577
403.23004,100,12675.175467
242.959,100,12675.175558
338.81717,100,12675.175581
217.0125,100,12675.175598
320.97626,100,12675.175614
348.5198,100,12675.17563
348.03693,100,12675.175646
235.39833,100,12675.175662
202.26363,100,12689.264323
188.72548,100,12689.264398
358.98254,100,12689.26441
345.67877,100,12689.264419
397.4002,100,12689.264427
262.54272,100,12689.264436
365.67203,100,12689.264444
254.6653,100,12689.264452
229.26335,100,12713.016772
243.96567,100,12713.016867
380.10376,100,12713.016889
199.85167,100,12713.016907
248.57556,100,12713.016924
249.97784,100,12713.01694
280.42288,100,12713.016956
238.95593,100,12713.016972
256.9481,100,12727.697652
233.23804,100,12727.697744
230.11436,100,12727.697767
201.87012,100,12727.697785
176.33556,100,12727.697801
337.11264,100,12727.697818
234.87883,100,12727.697834
523.9507,100,12727.69785
240.44788,100,12750.862562
226.46318,100,12750.862631
226.95886,100,12750.862643
475.9818,100,12750.862652
238.99992,100,12750.862661
358.16895,100,12750.862669
245.85483,100,12750.862678
187.57555,100,12750.862686
373.13547,100,12764.904275
188.78302,100,12764.904351
260.8266,100,12764.904364
212.36688,100,12764.904374
267.59198,100,12764.904383
215.79755,100,12764.904392
242.48216,100,12764.9044
142.49033,100,12764.904409
355.93582,100,12787.597648
396.55447,100,12787.597722
253.54259,100,12787.597733
237.649,100,12787.597743
309.64005,100,12787.597751
228.5361,100,12787.597759
234.14857,100,12787.597768
403.20795,100,12787.597776
377.14923,100,12811.912065
234.24776,100,12811.912155
339.81787,100,12811.912178
227.14313,100,12811.912195
257.5516,100,12811.912212
223.62306,100,12811.912229
254.18567,100,12811.912245
370.4207,100,12811.912261
186.253,100,12824.948867
243.04839,100,12824.948944
250.1159,100,12824.948957
224.94783,100,12824.948968
350.58298,100,12824.948977
269.90936,100,12824.948986
237.89568,100,12824.948996
215.58734,100,12824.949004
320.12814,100,12847.917934
292.78882,100,12847.918002
222.51422,100,12847.918015
260.82468,100,12847.918024
333.57278,100,12847.918044
376.49744,100,12847.918053
250.44762,100,12847.918062
245.27983,100,12847.918071
303.9025,100,12861.812292
357.57394,100,12861.812366
232.31561,100,12861.812378
269.52655,100,12861.812387
229.84563,100,12861.812395
221.63037,100,12861.812404
328.16946,100,12861.812412
241.84068,100,12861.812421
264.3874,100,12885.690495
243.076,100,12885.690587
242.13403,100,12885.690619
250.70667,100,12885.690638
254.63039,100,12885.690655
382.11612,100,12885.690672
231.31297,100,12885.690688
268.52597,100,12885.690704
189.94102,100,12899.088453
555.1019,100,12899.088551
276.56827,100,12899.088575
289.94614,100,12899.088592
219.62056,100,12899.088609
267.28076,100,12899.088625
263.9548,100,12899.088641
160.56937,100,12899.088657
175.14832,100,12921.778971
495.5365,100,12921.779051
335.772,100,12921.779067
231.7448,100,12921.779077
339.4608,100,12921.779086
234.97331,100,12921.779095
215.0842,100,12921.779104
409.531,100,12921.779113
389.61823,100,12936.047251
244.03416,100,12936.047345
238.3921,100,12936.047368
361.3452,100,12936.047385
237.52979,100,12936.047402
508.32104,100,12936.047418
369.79263,100,12936.047435
282.57755,100,12936.047451
229.69156,100,12959.842746
401.64456,100,12959.842838
254.73586,100,12959.84286
284.114,100,12959.842878
245.48236,100,12959.842895
337.61,100,12959.842911
228.7091,100,12959.842927
405.44833,100,12959.842943
327.4235,100,12983.952519
296.69757,100,12983.952615
257.15356,100,12983.952638
245.96753,100,12983.952656
266.83,100,12983.952672
345.35294,100,12983.952688
415.71295,100,12983.952704
303.7471,100,12983.95272
302.57397,100,12997.874789
315.00345,100,12997.874861
374.69894,100,12997.874873
344.1482,100,12997.874882
227.56766,100,12997.874891
243.96703,100,12997.874899
507.39285,100,12997.874907
186.61443,100,12997.874916
236.86913,100,13021.025936
319.25836,100,13021.026015
223.17792,100,13021.026035
372.24893,100,13021.026048
241.10336,100,13021.026058
311.43802,100,13021.026066
329.22113,100,13021.026075
262.0197,100,13021.026084
247.09256,100,13034.784935
257.29858,100,13034.785025
246.75034,100,13034.78506
363.55133,100,13034.785078
245.44763,100,13034.785095
240.41927,100,13034.785111
284.06317,100,13034.785128
352.20447,100,13034.785143
229.82121,100,13057.866109
394.17426,100,13057.866203
252.27875,100,13057.866226
205.4756,100,13057.866244
236.01749,100,13057.86626
364.0787,100,13057.866277
379.56525,100,13057.866293
193.12921,100,13057.866308
240.80794,100,13071.181506
266.65024,100,13071.181599
240.31932,100,13071.181621
234.87172,100,13071.181638
226.26309,100,13071.181654
247.97806,100,13071.18167
213.9889,100,13071.181685
235.65788,100,13071.1817
232.45988,100,13095.629966
246.5935,100,13095.63007
190.74251,100,13095.630094
309.88773,100,13095.630112
212.95282,100,13095.630129
404.01056,100,13095.630145
232.75838,100,13095.630161
229.89235,100,13095.630177
263.25186,100,13118.652658
253.1377,100,13118.652735
198.24388,100,13118.652748
232.12636,100,13118.652757
235.75804,100,13118.652767
225.05238,100,13118.652776
399.13516,100,13118.652785
224.86365,100,13118.652793
406.36435,100,13131.870441
268.39783,100,13131.870512
218.3395,100,13131.870524
290.22952,100,13131.870533
231.75015,100,13131.870542
335.52338,100,13131.87055
213.96552,100,13131.870559
269.25024,100,13131.870566
240.84595,100,13155.436293
324.58408,100,13155.436388
207.09224,100,13155.436411
233.31415,100,13155.436428
311.5645,100,13155.436445
246.54265,100,13155.436461
242.88878,100,13155.436478
268.96158,100,13155.436494
171.33705,100,13168.695463
251.57008,100,13168.695557
189.09216,100,13168.69558
201.42075,100,13168.695598
358.90674,100,13168.695615
239.40875,100,13168.695631
234.40332,100,13168.695647
249.27028,100,13168.695663
521.25024,100,13192.146168
199.52873,100,13192.146243
206.73772,100,13192.146256
219.4549,100,13192.146265
233.2823,100,13192.146275
221.96944,100,13192.146283
416.13907,100,13192.146292
223.12772,100,13192.146302
225.2958,100,13206.652815
240.56964,100,13206.652889
245.22372,100,13206.652904
362.3156,100,13206.652913
244.3173,100,13206.652922
375.34784,100,13206.65293
234.93475,100,13206.652939
349.8131,100,13206.652947
215.99826,100,13230.494042
206.98354,100,13230.494139
236.09741,100,13230.494162
353.7608,100,13230.494178
245.88068,100,13230.494194
287.99112,100,13230.49421
221.83643,100,13230.494253
220.99734,100,13230.49427
354.55508,100,13244.854853
351.49115,100,13244.854942
245.57643,100,13244.854964
233.60515,100,13244.854981
259.63803,100,13244.854997
228.32204,100,13244.855014
372.52567,100,13244.855042
261.91162,100,13244.855063
214.93921,100,13267.354421
207.75027,100,13267.354501
224.81543,100,13267.354513
204.05972,100,13267.354522
187.15295,100,13267.354532
299.9267,100,13267.35454
237.87033,100,13267.354549
390.87918,100,13267.354558
193.2206,100,13291.029826
253.77411,100,13291.029897
223.35394,100,13291.02991
337.71017,100,13291.029919
424.13947,100,13291.029928
164.87164,100,13291.029937
359.74365,100,13291.029945
193.06297,100,13291.029953
228.67697,100,13303.700077
236.05592,100,13303.70015
267.4399,100,13303.700162
371.68677,100,13303.700171
419.79382,100,13303.700179
224.61269,100,13303.700187
327.12762,100,13303.700195
358.8038,100,13303.700203
237.80457,100,13327.505429
218.74771,100,13327.505535
288.76312,100,13327.505566
347.45587,100,13327.505591
404.08322,100,13327.505615
293.45898,100,13327.505637
365.5417,100,13327.505659
258.46017,100,13327.505682
143.08627,100,13342.128047
309.31436,100,13342.12814
302.78616,100,13342.128162
299.54648,100,13342.128179
214.89452,100,13342.128196
260.49655,100,13342.128212
298.94342,100,13342.128228
218.92339,100,13342.128244
245.25755,100,13365.046748
219.18666,100,13365.046843
228.91573,100,13365.046866
206.01558,100,13365.046883
248.94049,100,13365.046899
367.18045,100,13365.046916
382.69232,100,13365.046932
194.9423,100,13365.046947
352.72177,100,13378.698751
330.80753,100,13378.698842
220.01704,100,13378.698865
167.57437,100,13378.698883
205.41594,100,13378.698899
192.4789,100,13378.698915
270.02286,100,13378.698931
238.18567,100,13378.698947
206.2332,100,13402.622066
305.1606,100,13402.622139
214.343,100,13402.622151
251.79242,100,13402.622159
235.04149,100,13402.622168
263.7093,100,13402.622177
221.15628,100,13402.622185
365.24658,100,13402.622193
246.93047,100,13425.616273
413.1299,100,13425.616349
241.54807,100,13425.616362
518.9514,100,13425.616371
212.16599,100,13425.61638
361.7648,100,13425.616389
217.50073,100,13425.616398
319.1917,100,13425.616407
225.76566,100,13439.032923
403.52817,100,13439.033002
322.093,100,13439.033015
258.9261,100,13439.033024
225.20518,100,13439.033042
242.90114,100,13439.033052
225.36517,100,13439.033061
268.85168,100,13439.033069
253.38089,100,13463.23006
265.82794,100,13463.230153
209.22166,100,13463.230175
244.88727,100,13463.230194
258.15854,100,13463.230211
301.45947,100,13463.230227
376.5039,100,13463.230243
261.73895,100,13463.23026
223.5317,100,13477.416277
239.56203,100,13477.416368
226.50034,100,13477.41639
268.49268,100,13477.416408
369.99167,100,13477.416425
211.34055,100,13477.416441
358.2641,100,13477.416457
315.039,100,13477.416473
225.53723,100,13500.263798
246.2001,100,13500.263868
309.22342,100,13500.26388
224.033,100,13500.26389
240.71199,100,13500.263899
359.389,100,13500.263908
273.94528,100,13500.263916
420.02927,100,13500.263925
211.35283,100,13515.06464
254.66185,100,13515.064708
353.458,100,13515.064719
225.20036,100,13515.064728
292.25223,100,13515.064737
379.6454,100,13515.064745
197.18835,100,13515.064754
223.53043,100,13515.064762
378.03427,100,13538.526853
244.36131,100,13538.526945
233.76938,100,13538.526968
303.89258,100,13538.526985
254.09193,100,13538.527002
181.64987,100,13538.527018
237.86243,100,13538.527047
295.31186,100,13538.527064
242.32501,100,13552.244793
338.8404,100,13552.244889
232.21518,100,13552.244911
254.21622,100,13552.244927
228.69215,100,13552.244943
277.04788,100,13552.244959
261.13147,100,13552.244975
259.85007,100,13552.24499
363.1799,100,13575.635063
221.79541,100,13575.635133
303.31128,100,13575.635145
338.79395,100,13575.635154
353.50327,100,13575.635163
233.72305,100,13575.635171
268.03958,100,13575.635179
296.11987,100,13575.635187
350.62326,100,13598.353741
248.58246,100,13598.353818
217.05258,100,13598.353837
152.97221,100,13598.353847
390.74634,100,13598.353856
222.92706,100,13598.353865
253.0194,100,13598.353873
235.6285,100,13598.353883
236.83939,100,13611.381381
246.04431,100,13611.381453
274.2044,100,13611.381465
158.35461,100,13611.381474
237.61108,100,13611.381483
299.4676,100,13611.381492
396.2381,100,13611.3815
290.7867,100,13611.381509
227.33539,100,13634.270524
242.18481,100,13634.270596
280.0692,100,13634.270607
247.69098,100,13634.270617
437.37006,100,13634.270625
235.28014,100,13634.270633
389.24323,100,13634.270641
203.56247,100,13634.270649
197.75928,100,13647.7685
209.25827,100,13647.768598
244.874,100,13647.768628
289.8824,100,13647.768651
429.2433,100,13647.768674
230.0073,100,13647.768693
206.60742,100,13647.76871
389.0146,100,13647.768727
230.82182,100,13670.670934
252.96748,100,13670.671025
228.38239,100,13670.67106
351.01364,100,13670.671078
219.12895,100,13670.671095
255.70348,100,13670.671111
199.44621,100,13670.671127
338.16052,100,13670.671143
169.47943,100,13685.020232
184.84386,100,13685.020313
489.58072,100,13685.020325
421.46622,100,13685.020334
256.1007,100,13685.020343
237.64775,100,13685.020352
360.7048,100,13685.02036
192.95042,100,13685.020368
369.07913,100,13707.801435
230.04626,100,13707.801508
191.3799,100,13707.801521
387.82855,100,13707.801531
240.8104,100,13707.801539
167.96324,100,13707.801548
199.21959,100,13707.801556
204.19304,100,13707.801565
337.63303,100,13731.149902
275.852,100,13731.149973
333.84317,100,13731.149985
283.28384,100,13731.149994
255.18701,100,13731.150003
234.43187,100,13731.150011
245.5104,100,13731.150019
340.95007,100,13731.150027
259.85175,100,13743.53299
249.03249,100,13743.533088
279.43924,100,13743.533109
220.04974,100,13743.533124
243.31577,100,13743.53314
176.62079,100,13743.533155
247.68645,100,13743.53317
241.89905,100,13743.533185
382.305,100,13767.126246
263.4618,100,13767.12632
220.20026,100,13767.126332
264.71872,100,13767.126341
208.88936,100,13767.12635
221.82123,100,13767.126358
197.2864,100,13767.126367
387.16818,100,13767.126375
366.11264,100,13780.915611
148.00723,100,13780.915684
383.85068,100,13780.915696
250.54967,100,13780.915706
266.86404,100,13780.915715
241.36955,100,13780.915724
238.76257,100,13780.915733
492.587,100,13780.915742
220.06082,100,13803.799447
190.28787,100,13803.799539
235.04134,100,13803.799562
220.82175,100,13803.799581
225.3615,100,13803.799598
197.50136,100,13803.799615
381.37344,100,13803.799632
341.51062,100,13803.799648
202.46497,100,13817.858778
255.62152,100,13817.85887
339.58148,100,13817.858893
354.1142,100,13817.85891
203.70808,100,13817.858927
400.8286,100,13817.858943
343.97437,100,13817.858958
382.8115,100,13817.858974
258.63318,100,13842.460527
405.4346,100,13842.460597
228.25749,100,13842.460609
238.67284,100,13842.460617
343.14648,100,13842.460626
213.06511,100,13842.460634
234.7673,100,13842.460642
394.6353,100,13842.46065
262.10184,100,13856.67366
261.68726,100,13856.673749
253.70967,100,13856.673772
318.8596,100,13856.67379
260.34424,100,13856.673806
202.03603,100,13856.673823
216.47398,100,13856.67384
230.61087,100,13856.673856
371.23145,100,13879.231183
394.09445,100,13879.231277
241.0246,100,13879.2313
280.62088,100,13879.231317
210.62085,100,13879.231333
246.3452,100,13879.23135
203.30916,100,13879.231366
246.8583,100,13879.231382
229.1319,100,13902.401305
222.43913,100,13902.401381
321.61356,100,13902.401393
211.21997,100,13902.401402
241.6103,100,13902.401411
287.2263,100,13902.40142
231.18832,100,13902.401428
249.42593,100,13902.401437
357.44403,100,13916.345959
391.13058,100,13916.346062
411.409,100,13916.346092
433.93347,100,13916.346111
307.6937,100,13916.346128
241.06093,100,13916.346144
229.4833,100,13916.34616
255.95123,100,13916.346176
213.91782,100,13938.978849
231.71645,100,13938.978923
326.10538,100,13938.978935
374.31842,100,13938.978944
209.75845,100,13938.978952
365.9982,100,13938.978961
265.72064,100,13938.978969
247.43741,100,13938.978992
201.35059,100,13952.813569
375.3665,100,13952.813666
181.32678,100,13952.813689
201.60707,100,13952.813706
229.82674,100,13952.813723
265.21555,100,13952.813739
329.13943,100,13952.813755
401.61337,100,13952.813771
229.3903,100,13977.029775
253.24771,100,13977.029848
339.04266,100,13977.02986
376.15265,100,13977.029869
240.80687,100,13977.029877
278.29974,100,13977.029886
242.86629,100,13977.029894
354.29373,100,13977.029902
226.76396,100,13990.361048
205.95845,100,13990.361142
294.56885,100,13990.361165
235.95795,100,13990.361182
393.23813,100,13990.361199
255.18466,100,13990.361215
288.0703,100,13990.361232
368.7323,100,13990.361248
353.08746,100,14014.039628
228.46802,100,14014.039735
277.9637,100,14014.039767
342.9228,100,14014.039792
365.2178,100,14014.039815
219.89845,100,14014.039836
404.4129,100,14014.03986
218.25342,100,14014.039882
218.00058,100,14037.843904
428.3433,100,14037.843984
264.15283,100,14037.843997
355.87448,100,14037.844006
267.88577,100,14037.844015
303.21173,100,14037.844023
230.44652,100,14037.844043
398.92407,100,14037.844052
372.303,100,14050.962776
223.53258,100,14050.96285
254.41736,100,14050.962862
337.37177,100,14050.962872
314.74368,100,14050.96288
202.96646,100,14050.962889
271.84308,100,14050.962898
353.62704,100,14050.962906
302.82812,100,14073.784451
242.58081,100,14073.784529
271.33026,100,14073.784542
386.79196,100,14073.784553
212.93967,100,14073.784562
381.788,100,14073.784572
375.05225,100,14073.78458
228.45692,100,14073.784589
389.02316,100,14088.625283
248.31583,100,14088.625352
401.03015,100,14088.625365
243.85847,100,14088.625373
281.06808,100,14088.625382
242.86592,100,14088.62539
188.51833,100,14088.625398
237.44547,100,14088.625407
247.86522,100,14111.906186
341.44855,100,14111.906275
280.5907,100,14111.906298
650.0853,100,14111.906316
204.72571,100,14111.906332
350.7989,100,14111.906348
181.70993,100,14111.906365
209.4869,100,14111.90638
220.57896,100,14125.761681
338.94366,100,14125.76175
227.07257,100,14125.761763
264.7539,100,14125.761773
190.5744,100,14125.761782
297.92892,100,14125.761791
342.82596,100,14125.7618
236.69118,100,14125.761809
216.78482,100,14149.549972
215.23872,100,14149.550073
316.20572,100,14149.550097
222.10443,100,14149.550115
510.03778,100,14149.550131
385.13553,100,14149.550148
242.6827,100,14149.550164
216.28404,100,14149.55018
230.95805,100,14162.953475
239.22987,100,14162.95355
227.1073,100,14162.953564
244.6167,100,14162.953575
339.0519,100,14162.953584
252.35149,100,14162.953595
231.9018,100,14162.953605
218.26364,100,14162.953614
231.83978,100,14185.983267
236.31541,100,14185.983361
183.84027,100,14185.983384
341.44583,100,14185.983401
257.2769,100,14185.983417
238.44806,100,14185.983434
341.68356,100,14185.983449
395.93558,100,14185.983465
311.941,100,14209.075001
207.88345,100,14209.075117
395.04547,100,14209.07513
280.18396,100,14209.075139
237.84122,100,14209.075148
216.0914,100,14209.075156
226.73055,100,14209.075165
400.18472,100,14209.075174
288.24847,100,14223.503622
223.50691,100,14223.503695
234.56505,100,14223.503706
237.34451,100,14223.503715
264.5668,100,14223.503723
342.28375,100,14223.503732
375.59552,100,14223.50374
190.27245,100,14223.503749
222.82849,100,14246.326777
207.08966,100,14246.326854
242.24887,100,14246.326866
254.98302,100,14246.326875
187.45453,100,14246.326884
246.55339,100,14246.326892
246.0798,100,14246.326901
261.22607,100,14246.326909
425.35495,100,14259.88238
184.55461,100,14259.882459
222.46742,100,14259.882471
251.57123,100,14259.882481
205.4654,100,14259.882489
246.18211,100,14259.882498
241.16669,100,14259.882506
246.91898,100,14259.882515
241.27559,100,14282.789797
237.7841,100,14282.789891
281.26987,100,14282.789914
243.09448,100,14282.789931
231.73506,100,14282.789947
387.5812,100,14282.789963
368.11874,100,14282.789979
246.931,100,14282.789995
241.37535,100,14297.723299
198.15225,100,14297.723394
252.97868,100,14297.723419
252.85963,100,14297.723466
245.67282,100,14297.723486
356.43622,100,14297.723502
215.18929,100,14297.723519
362.68118,100,14297.723535
217.9737,100,14320.519899
246.82181,100,14320.519994
237.48636,100,14320.520017
228.0149,100,14320.520051
278.38327,100,14320.520069
232.38373,100,14320.520086
184.93245,100,14320.520102
231.15247,100,14320.520118
249.46782,100,14343.000076
204.22736,100,14343.000155
194.9379,100,14343.000168
394.66415,100,14343.000178
224.88211,100,14343.000187
496.66797,100,14343.000196
221.1785,100,14343.000205
248.25682,100,14343.000214
215.07695,100,14357.473196
243.17632,100,14357.473267
259.2286,100,14357.47328
232.2657,100,14357.473289
239.42378,100,14357.473298
249.28381,100,14357.473306
255.14375,100,14357.473315
255.85138,100,14357.473323
273.14255,100,14380.719143
371.7324,100,14380.719216
252.67346,100,14380.719229
242.68684,100,14380.719238
219.39244,100,14380.719247
248.2355,100,14380.719256
189.98088,100,14380.719265
403.55664,100,14380.719273
207.58015,100,14394.723264
213.56044,100,14394.723355
241.15439,100,14394.723378
221.90385,100,14394.723395
249.89008,100,14394.723412
354.1221,100,14394.723428
236.4352,100,14394.723444
396.8415,100,14394.72346
227.17433,100,14418.55056
391.58945,100,14418.550653
379.71786,100,14418.550676
214.5211,100,14418.550694
390.0676,100,14418.550711
265.63367,100,14418.550728
373.01456,100,14418.550745
241.25923,100,14418.550761
229.59427,100,14432.318435
310.76517,100,14432.318527
206.41354,100,14432.318549
354.33862,100,14432.318566
317.43988,100,14432.318582
269.10977,100,14432.318597
308.6157,100,14432.318613
336.15298,100,14432.318629
224.63353,100,14455.216058
257.4946,100,14455.216133
246.9264,100,14455.216145
125.1061,100,14455.216154
260.41754,100,14455.216162
200.2611,100,14455.216171
272.32684,100,14455.21618
216.35919,100,14455.216188
572.1981,100,14468.561384
368.53305,100,14468.561475
224.0843,100,14468.561498
235.59834,100,14468.561515
239.78577,100,14468.561532
211.60298,100,14468.561548
246.28426,100,14468.561563
222.05872,100,14468.561579
212.61235,100,14491.712364
253.51352,100,14491.712461
365.7748,100,14491.712485
234.84215,100,14491.712502
246.67738,100,14491.712517
257.9546,100,14491.712533
246.3875,100,14491.712549
210.30586,100,14491.712564
205.61865,100,14515.399527
390.90555,100,14515.399619
228.95279,100,14515.399642
230.79358,100,14515.399659
336.36084,100,14515.399676
243.5362,100,14515.399693
202.27373,100,14515.39971
305.51694,100,14515.399727
208.64958,100,14528.756351
196.83763,100,14528.756442
214.15338,100,14528.756465
217.03703,100,14528.756483
209.01398,100,14528.756498
217.46727,100,14528.756515
233.54105,100,14528.75653
263.68152,100,14528.756547
268.2425,100,14552.182003
234.54974,100,14552.182082
384.944,100,14552.182095
190.16016,100,14552.182104
211.67308,100,14552.182112
359.01834,100,14552.182121
369.32333,100,14552.18213
243.51723,100,14552.182138
187.00131,100,14565.14124
275.8398,100,14565.141332
334.7006,100,14565.141355
363.14642,100,14565.141373
260.65292,100,14565.14139
226.705,100,14565.141406
176.05453,100,14565.141422
235.35349,100,14565.141438
259.9855,100,14587.724118
215.6811,100,14587.724211
391.87564,100,14587.724232
224.86705,100,14587.72425
226.56953,100,14587.724266
264.03412,100,14587.724282
249.69478,100,14587.724298
185.36525,100,14587.724314
353.77692,100,14601.545237
264.6348,100,14601.54533
294.6922,100,14601.545354
247.58351,100,14601.545372
193.68697,100,14601.545388
180.43945,100,14601.545404
391.13794,100,14601.54542
199.8212,100,14601.545437
264.2157,100,14625.635621
204.07652,100,14625.635701
264.34128,100,14625.635713
356.16705,100,14625.635722
241.37836,100,14625.63573
254.18959,100,14625.635739
193.79922,100,14625.635747
217.11794,100,14625.635755
201.56834,100,14649.130955
358.1484,100,14649.131055
382.82553,100,14649.131083
219.85176,100,14649.131102
217.32274,100,14649.131119
213.17856,100,14649.131136
242.35852,100,14649.131153
252.80898,100,14649.131187
276.61786,100,14664.001452
208.74399,100,14664.001547
240.55505,100,14664.00157
177.19884,100,14664.001588
224.90237,100,14664.001605
229.7614,100,14664.001622
331.97565,100,14664.001638
378.30338,100,14664.001654
333.11047,100,14686.999633
256.46313,100,14686.99972
231.91293,100,14686.999741
238.14117,100,14686.999757
247.1248,100,14686.999772
352.1783,100,14686.999787
211.71776,100,14686.999802
245.43057,100,14686.999816
162.70569,100,14701.174412
251.58447,100,14701.174505
230.1162,100,14701.174528
177.82971,100,14701.174545
316.76074,100,14701.174562
232.75575,100,14701.174578
264.55634,100,14701.174594
530.25433,100,14701.17461
226.323,100,14725.849301
377.76434,100,14725.849374
379.58127,100,14725.849386
491.91855,100,14725.849395
240.55606,100,14725.849403
241.9196,100,14725.849412
322.76624,100,14725.84942
248.68965,100,14725.849429
365.75327,100,14741.17095
213.259,100,14741.171024
359.22333,100,14741.171048
357.02063,100,14741.171058
162.04617,100,14741.171066
332.10748,100,14741.171075
240.89447,100,14741.171083
367.03098,100,14741.171092
205.49496,100,14764.705265
180.06166,100,14764.70536
328.1608,100,14764.705383
279.6722,100,14764.7054
207.33005,100,14764.705417
294.59253,100,14764.705434
216.16992,100,14764.705449
366.43375,100,14764.705466
409.34473,100,14778.304916
175.73557,100,14778.30499
208.61002,100,14778.305002
273.79742,100,14778.305012
237.81107,100,14778.30502
256.74033,100,14778.305035
243.22089,100,14778.305047
383.19104,100,14778.305055
373.4691,100,14801.690562
232.47578,100,14801.690636
244.02145,100,14801.69065
237.32408,100,14801.69066
210.01834,100,14801.690669
257.2148,100,14801.690677
262.12393,100,14801.690686
236.5239,100,14801.690694
271.57153,100,14826.54041
254.9608,100,14826.540481
374.3834,100,14826.540494
265.05795,100,14826.540503
352.3604,100,14826.540512
438.4328,100,14826.540521
512.35187,100,14826.540529
228.15424,100,14826.540538
345.72186,100,14840.39212
240.76183,100,14840.392192
431.16956,100,14840.392204
401.56866,100,14840.392213
251.44576,100,14840.392222
254.44614,100,14840.392231
376.61716,100,14840.392239
358.41714,100,14840.392247
163.53944,100,14863.464771
365.93735,100,14863.464846
109.48795,100,14863.464859
201.47003,100,14863.464868
232.75552,100,14863.464877
257.6464,100,14863.464886
317.74243,100,14863.464895
248.49106,100,14863.464904
270.6283,100,14876.29675
247.0882,100,14876.296842
395.46738,100,14876.296865
401.28586,100,14876.296882
234.07127,100,14876.296899
231.3488,100,14876.296915
240.37558,100,14876.296931
241.12062,100,14876.296947
274.30057,100,14900.401124
271.01178,100,14900.40122
384.29156,100,14900.401242
345.97104,100,14900.401259
348.89233,100,14900.401275
239.19623,100,14900.40129
388.58566,100,14900.401306
182.79802,100,14900.401321
259.09467,100,14913.578176
395.67023,100,14913.578251
411.85434,100,14913.578263
254.3532,100,14913.578273
367.14056,100,14913.578282
273.9875,100,14913.57829
388.78732,100,14913.578299
319.1761,100,14913.578307
253.40192,100,14936.831304
228.6604,100,14936.831399
189.07397,100,14936.831422
204.9821,100,14936.83144
253.80186,100,14936.831457
243.26764,100,14936.831473
303.61465,100,14936.83149
190.97401,100,14936.831506
262.8489,100,14960.738959
292.34705,100,14960.73906
350.8981,100,14960.739086
244.75739,100,14960.739102
342.21887,100,14960.739118
249.23615,100,14960.739132
445.72647,100,14960.739146
185.07133,100,14960.739161
243.81856,100,14974.866109
367.80853,100,14974.866202
288.079,100,14974.866225
232.58952,100,14974.866243
240.39243,100,14974.86626
227.59871,100,14974.866276
241.09319,100,14974.866293
242.84361,100,14974.866309
235.76665,100,14999.340446
225.5981,100,14999.340541
338.91724,100,14999.340564
266.18985,100,14999.340582
364.83282,100,14999.340599
384.15353,100,14999.340615
348.19476,100,14999.340631
360.3066,100,14999.340648
232.33252,100,15013.176771
197.70467,100,15013.176865
234.47911,100,15013.176887
376.59583,100,15013.176924
211.50836,100,15013.176942
274.2759,100,15013.176958
241.65419,100,15013.176974
287.7819,100,15013.17699
480.50763,100,15036.887823
422.59097,100,15036.887913
292.10437,100,15036.887936
230.2421,100,15036.887954
379.66855,100,15036.88797
149.58939,100,15036.887987
386.81998,100,15036.888002
263.44785,100,15036.888019
226.71411,100,15051.145877
355.83603,100,15051.145971
326.8612,100,15051.145993
383.14645,100,15051.146011
210.2833,100,15051.146027
242.11931,100,15051.146059
262.279,100,15051.146075
273.9851,100,15051.146091
380.86325,100,15074.641501
264.47427,100,15074.641595
264.34528,100,15074.641617
226.72014,100,15074.641635
201.82295,100,15074.641652
244.51964,100,15074.641669
356.28708,100,15074.641685
251.02855,100,15074.641701
265.1877,100,15089.091576
241.01665,100,15089.09165
219.83145,100,15089.091663
210.06068,100,15089.091673
231.90997,100,15089.091684
412.5163,100,15089.091692
373.5289,100,15089.0917
256.62238,100,15089.091708
265.5731,100,15111.59706
247.45035,100,15111.597137
194.63202,100,15111.59715
323.62372,100,15111.597159
205.29594,100,15111.597168
389.14,100,15111.597177
272.9276,100,15111.597185
224.36662,100,15111.597193
250.85124,100,15134.551415
211.4056,100,15134.55149
327.89188,100,15134.551502
346.25095,100,15134.551511
248.10266,100,15134.551519
383.99606,100,15134.551527
177.22377,100,15134.551536
295.32703,100,15134.551544
165.07774,100,15148.301554
239.79092,100,15148.301649
144.2789,100,15148.301672
280.75446,100,15148.301689
388.43668,100,15148.301705
235.32056,100,15148.301721
254.80225,100,15148.301736
380.46707,100,15148.301752
184.82332,100,15172.233716
265.03152,100,15172.2338
303.895,100,15172.233816
212.46822,100,15172.233829
374.7759,100,15172.233839
207.04828,100,15172.23385
243.96619,100,15172.233861
294.37805,100,15172.233871
232.73833,100,15185.355978
238.93634,100,15185.356083
350.16498,100,15185.356106
247.07954,100,15185.356122
436.30807,100,15185.356139
232.93677,100,15185.356155
222.62134,100,15185.35617
258.79123,100,15185.356188
301.03934,100,15209.684535
235.7939,100,15209.684627
256.45648,100,15209.68465
226.22253,100,15209.684668
383.0872,100,15209.684685
265.64993,100,15209.684701
252.14104,100,15209.684717
180.65517,100,15209.684733
207.91548,100,15223.766047
256.3264,100,15223.766141
403.45752,100,15223.766165
213.45204,100,15223.766182
240.01064,100,15223.766199
259.64978,100,15223.766217
252.5627,100,15223.766233
346.2092,100,15223.766249
221.58083,100,15247.806583
380.39432,100,15247.806676
174.41136,100,15247.8067
248.3421,100,15247.806717
229.52167,100,15247.806734
224.14717,100,15247.806751
306.32437,100,15247.806767
405.82388,100,15247.806782
363.82153,100,15271.419204
270.4158,100,15271.419295
261.93167,100,15271.419319
369.1784,100,15271.419337
247.5335,100,15271.419353
240.14975,100,15271.41937
379.76425,100,15271.419386
242.74399,100,15271.419402
322.51715,100,15286.567228
385.68442,100,15286.567327
187.83145,100,15286.56735
241.04898,100,15286.567368
566.89355,100,15286.567384
216.68393,100,15286.5674
191.64935,100,15286.567416
345.01004,100,15286.567432
220.24745,100,15310.814285
234.04599,100,15310.814357
391.3284,100,15310.814368
370.56512,100,15310.814377
276.53067,100,15310.814385
271.32443,100,15310.814393
356.1002,100,15310.814401
243.40434,100,15310.814409
255.20648,100,15324.376607
183.98763,100,15324.376714
156.91235,100,15324.376744
261.158,100,15324.376767
357.3281,100,15324.376789
231.3696,100,15324.376811
255.71411,100,15324.376832
308.56052,100,15324.376853
203.1579,100,15347.534482
219.32613,100,15347.534554
262.16608,100,15347.534566
128.08595,100,15347.534574
338.12085,100,15347.534582
356.01126,100,15347.53459
254.60641,100,15347.534599
394.02267,100,15347.534607
258.1466,100,15362.285055
350.51273,100,15362.285148
303.10037,100,15362.285171
411.73483,100,15362.285189
356.96344,100,15362.285206
241.84125,100,15362.285222
269.42267,100,15362.285238
324.1363,100,15362.285253
253.91737,100,15386.498384
188.23315,100,15386.498476
266.14618,100,15386.498498
264.48788,100,15386.498516
252.63252,100,15386.498538
297.38757,100,15386.49856
249.00778,100,15386.498577
254.46196,100,15386.498593
366.90854,100,15399.747723
200.3511,100,15399.747798
406.5822,100,15399.747811
609.7402,100,15399.747819
224.90242,100,15399.747828
211.76772,100,15399.747837
305.9862,100,15399.747845
221.66739,100,15399.747854
249.71227,100,15422.836651
250.75446,100,15422.836724
168.11325,100,15422.836736
251.20035,100,15422.836745
372.78857,100,15422.836753
273.73032,100,15422.836761
239.8012,100,15422.83677
236.70331,100,15422.836778
260.36945,100,15446.167856
250.18454,100,15446.167928
365.28708,100,15446.16794
233.80801,100,15446.16795
327.43457,100,15446.167959
242.45656,100,15446.167967
210.78929,100,15446.167975
241.58418,100,15446.167983
289.42447,100,15459.53105
191.08157,100,15459.531142
250.86931,100,15459.531165
189.93481,100,15459.531182
225.66988,100,15459.531198
489.80176,100,15459.531214
267.05978,100,15459.53123
224.30853,100,15459.531247
214.0713,100,15483.124375
254.69955,100,15483.124476
253.15903,100,15483.124501
231.18317,100,15483.124518
192.32526,100,15483.124534
227.4154,100,15483.12455
244.04329,100,15483.124566
450.58173,100,15483.124582
302.37335,100,15496.688622
203.58238,100,15496.688717
355.49738,100,15496.68874
295.82025,100,15496.688758
366.1341,100,15496.688775
210.50783,100,15496.688791
277.25568,100,15496.688808
254.83711,100,15496.688824
183.70184,100,15521.122239
253.618,100,15521.122313
191.09323,100,15521.122325
246.55852,100,15521.122335
397.26666,100,15521.122344
393.1884,100,15521.122352
259.73746,100,15521.12236
235.70921,100,15521.122368
322.53064,100,15535.202588
274.14093,100,15535.202684
355.28485,100,15535.202706
349.30417,100,15535.202724
378.7962,100,15535.20274
222.65198,100,15535.202756
338.52542,100,15535.202772
393.45938,100,15535.202788
237.44829,100,15558.39963
257.41776,100,15558.399726
242.6452,100,15558.399748
235.59897,100,15558.399765
239.95424,100,15558.399782
207.95288,100,15558.399798
246.91692,100,15558.399814
356.1507,100,15558.39983
285.51505,100,15582.598182
369.95172,100,15582.598256
239.0927,100,15582.598268
234.69852,100,15582.598277
352.99924,100,15582.598285
382.97644,100,15582.598294
353.3823,100,15582.598302
284.72937,100,15582.598311
312.601,100,15596.176676
245.115,100,15596.176769
228.88594,100,15596.176793
236.44177,100,15596.176811
358.5613,100,15596.176827
407.58948,100,15596.176843
271.7107,100,15596.17686
242.39944,100,15596.176876
281.23874,100,15619.523399
235.42412,100,15619.523487
266.60654,100,15619.523509
380.02972,100,15619.523527
399.297,100,15619.523543
251.22937,100,15619.523559
220.8751,100,15619.523575
274.68216,100,15619.523591
249.97122,100,15633.401585
249.12437,100,15633.401677
283.272,100,15633.4017
392.52237,100,15633.401717
257.37643,100,15633.401733
221.019,100,15633.401749
223.78258,100,15633.401765
251.64433,100,15633.401781
187.99977,100,15656.210879
216.36984,100,15656.21099
228.43694,100,15656.211021
229.03152,100,15656.211066
357.28583,100,15656.211091
204.06764,100,15656.211113
259.8045,100,15656.211135
234.7772,100,15656.211158
238.50603,100,15670.520851
264.80655,100,15670.520926
247.42374,100,15670.520938
258.07507,100,15670.520948
381.6768,100,15670.520957
352.3614,100,15670.520965
222.60992,100,15670.520974
233.29327,100,15670.520983
232.14502,100,15693.367291
467.52554,100,15693.367383
354.8657,100,15693.367405
262.55063,100,15693.367422
339.15198,100,15693.367439
196.21573,100,15693.367455
262.2208,100,15693.367471
315.88995,100,15693.367486
206.30461,100,15708.399844
361.24506,100,15708.399914
264.44476,100,15708.399926
204.97028,100,15708.399936
390.13226,100,15708.399945
315.28558,100,15708.399953
198.12262,100,15708.399962
381.43326,100,15708.39997
254.36926,100,15730.775338
250.20488,100,15730.775423
243.40605,100,15730.775445
222.67749,100,15730.775462
187.95457,100,15730.77551
120.856575,100,15730.775526
261.42755,100,15730.775542
166.89816,100,15730.775557
371.05145,100,15754.047812
229.60359,100,15754.047905
205.63643,100,15754.047929
232.74611,100,15754.047946
433.41925,100,15754.047963
232.26463,100,15754.04798
247.70906,100,15754.047996
248.51578,100,15754.048012
242.19257,100,15767.988128
260.00558,100,15767.988224
211.6054,100,15767.988246
230.31117,100,15767.988264
250.93465,100,15767.988281
206.788,100,15767.988297
234.5671,100,15767.988312
225.6829,100,15767.988328
231.81912,100,15791.296703
339.57648,100,15791.29678
279.3313,100,15791.296792
284.32074,100,15791.296801
223.43643,100,15791.29681
400.0417,100,15791.296818
244.13759,100,15791.296826
187.90176,100,15791.296834
365.8893,100,15805.923
376.96158,100,15805.92308
210.26465,100,15805.923091
364.02466,100,15805.923101
273.4328,100,15805.923109
180.42964,100,15805.923117
224.75879,100,15805.923126
226.82942,100,15805.923134
338.9806,100,15829.555714
233.63547,100,15829.555811
355.7981,100,15829.555833
239.37349,100,15829.55585
169.06487,100,15829.555866
348.61285,100,15829.555882
337.4708,100,15829.555897
367.65497,100,15829.555913
239.62944,100,15844.293543
397.51337,100,15844.293636
236.36191,100,15844.293657
380.16925,100,15844.293674
220.01308,100,15844.29369
202.03175,100,15844.293706
346.80322,100,15844.293721
263.36325,100,15844.293737
246.17862,100,15868.383462
240.57208,100,15868.383538
368.04706,100,15868.383553
238.52792,100,15868.383564
246.53236,100,15868.383575
268.9412,100,15868.383585
343.77582,100,15868.383595
365.4563,100,15868.383603
181.93405,100,15892.41835
231.1891,100,15892.418422
223.49654,100,15892.418434
466.4148,100,15892.418443
247.90462,100,15892.418453
249.7679,100,15892.418461
290.9473,100,15892.41847
370.351,100,15892.418478
137.28062,100,15907.345943
388.2531,100,15907.34605
312.71417,100,15907.346077
185.10747,100,15907.346095
216.43517,100,15907.346111
379.46225,100,15907.346127
312.1766,100,15907.346143
195.08769,100,15907.346159
416.00912,100,15931.620789
294.32666,100,15931.620883
369.68295,100,15931.620906
393.02872,100,15931.620924
332.5012,100,15931.62094
409.79935,100,15931.620957
290.8892,100,15931.620973
253.88037,100,15931.620989
353.489,100,15945.789814
219.25803,100,15945.789911
246.30034,100,15945.789933
318.3673,100,15945.789951
239.81685,100,15945.789968
177.99194,100,15945.789984
252.82419,100,15945.790001
170.56592,100,15945.790017
380.90424,100,15968.570683
275.78082,100,15968.570773
380.80652,100,15968.570795
257.5338,100,15968.570811
384.1106,100,15968.570827
211.57303,100,15968.570843
330.36423,100,15968.570858
193.16289,100,15968.570874
202.45753,100,15981.859873
206.15268,100,15981.859964
180.61644,100,15981.859987
233.66956,100,15981.860005
312.08746,100,15981.860021
502.24963,100,15981.860054
202.55081,100,15981.860071
244.97282,100,15981.860087
368.49335,100,16006.243917
262.8259,100,16006.243993
367.70013,100,16006.244007
363.2467,100,16006.244018
185.01265,100,16006.244035
282.8819,100,16006.244048
237.42212,100,16006.244058
221.51279,100,16006.244067
324.91873,100,16020.710214
242.7374,100,16020.710305
356.0353,100,16020.710327
229.62012,100,16020.710345
203.50044,100,16020.710361
250.69507,100,16020.710378
239.06001,100,16020.710394
360.84286,100,16020.710409
165.17282,100,16044.221506
259.192,100,16044.221577
218.82097,100,16044.22159
218.37488,100,16044.221598
249.19763,100,16044.221607
265.52042,100,16044.221615
406.89212,100,16044.221623
228.41373,100,16044.221632
334.15976,100,16067.474545
274.10876,100,16067.474621
257.8667,100,16067.474634
255.6482,100,16067.474647
241.35895,100,16067.474656
309.352,100,16067.474665
249.35104,100,16067.474673
429.66266,100,16067.474682
202.99008,100,16080.34107
243.79703,100,16080.341162
225.45186,100,16080.341185
250.58528,100,16080.341202
284.0069,100,16080.341219
223.46341,100,16080.341235
342.24335,100,16080.341251
232.94826,100,16080.341267
379.85373,100,16104.782816
219.78745,100,16104.782888
282.99835,100,16104.7829
219.70554,100,16104.782909
262.21698,100,16104.782917
308.32312,100,16104.782926
272.91034,100,16104.782934
169.96814,100,16104.782943
409.77036,100,16119.784763
268.2611,100,16119.784834
280.73502,100,16119.784847
437.20782,100,16119.784856
366.51895,100,16119.784864
401.45654,100,16119.784872
213.91997,100,16119.784881
256.87692,100,16119.784889
346.66675,100,16143.642835
363.79413,100,16143.642908
238.30153,100,16143.64292
317.6732,100,16143.642929
302.3284,100,16143.642938
309.71484,100,16143.642946
222.60484,100,16143.642954
347.06326,100,16143.642962
338.37253,100,16157.266271
393.35593,100,16157.266365
231.61763,100,16157.266388
485.39957,100,16157.266406
290.67932,100,16157.266422
331.1877,100,16157.266439
221.9814,100,16157.266454
265.14523,100,16157.26647
227.39783,100,16180.378223
245.1885,100,16180.378316
251.35938,100,16180.378339
453.3601,100,16180.378357
350.84714,100,16180.378374
188.075,100,16180.37839
255.08673,100,16180.378406
162.83054,100,16180.378422
264.028,100,16202.823683
261.95502,100,16202.823769
234.33195,100,16202.823788
280.05792,100,16202.823802
373.2124,100,16202.823814
229.23927,100,16202.823827
246.83731,100,16202.823838
330.43896,100,16202.82385
312.85208,100,16217.26643
287.8197,100,16217.266524
395.94476,100,16217.266547
406.18475,100,16217.266564
202.2923,100,16217.266581
169.92986,100,16217.266597
376.3784,100,16217.266613
185.91331,100,16217.266629
150.33582,100,16241.200707
382.90073,100,16241.200802
190.89496,100,16241.200826
322.04272,100,16241.200844
403.11838,100,16241.200861
244.5619,100,16241.200878
218.37968,100,16241.200894
256.65085,100,16241.200911
260.0565,100,16254.819375
352.50653,100,16254.819471
257.13858,100,16254.819494
244.02237,100,16254.819511
217.14964,100,16254.819528
237.79646,100,16254.819544
247.35556,100,16254.81956
358.47858,100,16254.819576
251.06465,100,16277.388722
356.69897,100,16277.388795
272.06732,100,16277.388807
359.57043,100,16277.388816
232.01929,100,16277.388824
208.36647,100,16277.388833
203.0424,100,16277.388841
317.02975,100,16277.388849
368.29538,100,16290.110168
372.64606,100,16290.110245
369.1089,100,16290.110259
321.54553,100,16290.110271
252.37569,100,16290.110281
247.69568,100,16290.110291
182.46002,100,16290.110302
302.376,100,16290.110312
295.58597,100,16313.973356
231.78311,100,16313.97345
253.65646,100,16313.973473
271.40833,100,16313.973491
342.5444,100,16313.973507
274.40518,100,16313.973524
404.27216,100,16313.97354
378.19687,100,16313.973556
213.65834,100,16327.669552
428.2842,100,16327.669647
262.49637,100,16327.669669
384.00125,100,16327.669686
242.90558,100,16327.669702
447.7299,100,16327.669717
223.07426,100,16327.669733
258.04733,100,16327.669748
235.35042,100,16351.932912
236.77881,100,16351.932987
242.86269,100,16351.932999
325.0957,100,16351.933008
256.1822,100,16351.933017
401.78226,100,16351.933026
145.9303,100,16351.933043
396.126,100,16351.933052
228.44472,100,16374.758429
567.338,100,16374.758507
200.65883,100,16374.758519
285.26144,100,16374.758529
268.28238,100,16374.758538
210.36105,100,16374.758546
261.99728,100,16374.758555
231.26982,100,16374.758563
280.2541,100,16388.411988
253.91585,100,16388.412091
293.5572,100,16388.412114
292.2951,100,16388.412131
228.76065,100,16388.412146
298.71545,100,16388.412162
213.77325,100,16388.412177
329.6341,100,16388.412193
250.96849,100,16411.936486
339.16666,100,16411.936575
226.62753,100,16411.936597
366.94727,100,16411.936614
242.07439,100,16411.93663
246.42697,100,16411.936647
251.4575,100,16411.936663
226.50056,100,16411.936679
192.95793,100,16425.370513
395.74536,100,16425.370604
190.69226,100,16425.370628
330.35596,100,16425.370645
228.42368,100,16425.370661
408.66898,100,16425.370677
403.53696,100,16425.370693
188.96704,100,16425.370709
212.03339,100,16449.601416
341.1002,100,16449.601508
245.69344,100,16449.601531
438.11948,100,16449.601548
331.2159,100,16449.601593
257.91794,100,16449.60161
467.1496,100,16449.601627
325.17645,100,16449.601643
464.72272,100,16463.235197
266.46255,100,16463.235269
241.5585,100,16463.235281
255.13495,100,16463.235289
319.30786,100,16463.235298
379.28183,100,16463.235306
259.65094,100,16463.235315
218.13603,100,16463.235323
181.62637,100,16486.419619
307.34708,100,16486.419712
345.19186,100,16486.419735
300.74463,100,16486.419752
311.6488,100,16486.419768
298.6336,100,16486.419784
410.74252,100,16486.419799
409.5452,100,16486.419815
383.71872,100,16509.648957
324.63965,100,16509.64904
415.21545,100,16509.649055
232.89735,100,16509.649064
356.47733,100,16509.649073
273.12515,100,16509.649082
373.2765,100,16509.64909
321.37314,100,16509.649099
233.0628,100,16523.752491
262.78882,100,16523.752587
276.19543,100,16523.75261
242.28854,100,16523.752627
307.98938,100,16523.752644
159.72015,100,16523.752661
258.1268,100,16523.752676
226.26103,100,16523.752693
237.78404,100,16548.26645
250.25864,100,16548.266544
256.6802,100,16548.266567
392.99786,100,16548.266584
232.2088,100,16548.266601
227.70758,100,16548.266617
248.08838,100,16548.266633
369.0172,100,16548.266649
265.07803,100,16562.605323
188.3098,100,16562.605415
346.2373,100,16562.605437
260.10815,100,16562.605455
246.26219,100,16562.605471
245.36688,100,16562.605488
233.68625,100,16562.605504
238.047,100,16562.60552
257.37888,100,16586.237273
279.81052,100,16586.237368
226.27567,100,16586.237391
173.23822,100,16586.237408
256.04953,100,16586.237425
245.01668,100,16586.237442
236.33902,100,16586.237458
349.122,100,16586.237474
173.24857,100,16599.518493
256.07495,100,16599.518571
256.06866,100,16599.518583
259.46854,100,16599.518592
267.72873,100,16599.518601
205.2347,100,16599.51861
216.1962,100,16599.518619
225.94978,100,16599.518628
384.88867,100,16621.973738
165.95358,100,16621.973812
313.58188,100,16621.973824
394.58496,100,16621.973833
298.31927,100,16621.973842
176.87456,100,16621.97385
245.88538,100,16621.973859
282.69702,100,16621.973867
199.3471,100,16636.814837
396.81717,100,16636.814908
258.8677,100,16636.81492
349.22675,100,16636.814929
241.33429,100,16636.814937
161.58484,100,16636.814945
215.8118,100,16636.814954
227.39876,100,16636.814962
250.9521,100,16660.479594
370.86438,100,16660.479668
235.7817,100,16660.47968
229.49509,100,16660.47969
406.78412,100,16660.479699
206.27641,100,16660.479707
354.84686,100,16660.479716
277.11603,100,16660.479724
281.71274,100,16682.978557
268.2857,100,16682.978645
249.74593,100,16682.978666
251.14539,100,16682.978682
251.67276,100,16682.978696
332.91608,100,16682.97871
203.02237,100,16682.978724
355.5524,100,16682.978738
394.73413,100,16696.598837
238.82904,100,16696.598943
149.21405,100,16696.598972
295.94183,100,16696.598994
381.9427,100,16696.599014
391.54294,100,16696.599052
217.55956,100,16696.599076
206.8301,100,16696.599097
191.58559,100,16720.387195
237.55763,100,16720.387291
273.99185,100,16720.387314
288.982,100,16720.387332
437.41177,100,16720.387348
461.31415,100,16720.387365
185.60693,100,16720.387381
316.25375,100,16720.387397
235.85783,100,16735.200398
418.35568,100,16735.200493
236.06146,100,16735.200516
458.08615,100,16735.200532
366.01965,100,16735.200549
359.0886,100,16735.200565
225.07286,100,16735.200581
261.18564,100,16735.200597
239.25166,100,16758.273978
259.9372,100,16758.27408
231.90591,100,16758.274103
218.2023,100,16758.274121
252.90694,100,16758.274138
206.67105,100,16758.27416
328.3321,100,16758.27418
286.73633,100,16758.274199
264.9047,100,16773.012685
301.0298,100,16773.012762
335.42072,100,16773.012774
273.6666,100,16773.012783
294.47018,100,16773.012791
197.3049,100,16773.0128
393.13956,100,16773.012808
199.20618,100,16773.012816
239.83203,100,16797.178089
287.49097,100,16797.178184
300.8657,100,16797.178207
280.63736,100,16797.178224
339.41882,100,16797.17824
272.87207,100,16797.178257
374.10126,100,16797.178273
362.3336,100,16797.178288
259.1981,100,16821.165756
391.82025,100,16821.165866
228.25174,100,16821.165889
352.91797,100,16821.165907
263.92703,100,16821.165923
271.63425,100,16821.165939
194.22833,100,16821.165955
198.72858,100,16821.165971
346.8323,100,16835.070072
262.4757,100,16835.070146
248.81912,100,16835.070158
231.05371,100,16835.070167
472.9408,100,16835.070175
382.78067,100,16835.070183
373.69034,100,16835.070191
310.80008,100,16835.070199
243.68858,100,16858.912681
330.18753,100,16858.912759
249.59665,100,16858.912771
384.1423,100,16858.91278
325.44003,100,16858.912788
250.38612,100,16858.912797
218.00745,100,16858.912805
328.06433,100,16858.912813
284.5352,100,16872.929308
213.75026,100,16872.929402
369.01187,100,16872.929424
315.0985,100,16872.92944
220.73892,100,16872.929457
299.23962,100,16872.929472
218.38985,100,16872.929487
483.11966,100,16872.929503
265.59686,100,16896.50201
456.8419,100,16896.502124
213.54784,100,16896.502147
229.30388,100,16896.502165
280.86853,100,16896.502182
222.38295,100,16896.502198
157.84937,100,16896.502213
225.50893,100,16896.502229
302.32504,100,16910.291818
284.32324,100,16910.291889
348.01132,100,16910.291905
299.60388,100,16910.291914
247.11308,100,16910.291923
240.78668,100,16910.291932
355.5081,100,16910.29194
277.88614,100,16910.291949
213.69655,100,16932.85443
229.85265,100,16932.854521
212.42368,100,16932.854543
342.2196,100,16932.85456
244.21895,100,16932.854578
291.6049,100,16932.854594
411.44824,100,16932.854611
286.57788,100,16932.854627
241.68253,100,16947.104335
219.34128,100,16947.104412
265.15652,100,16947.104424
245.54321,100,16947.104433
329.50113,100,16947.104442
351.12408,100,16947.10445
368.4041,100,16947.104459
233.5525,100,16947.104468
257.50583,100,16969.956377
221.74667,100,16969.956474
431.47437,100,16969.956496
236.08116,100,16969.956513
230.31744,100,16969.95653
195.85867,100,16969.956547
172.40039,100,16969.956562
325.7716,100,16969.956578
316.16748,100,16993.759979
175.62271,100,16993.760082
241.34541,100,16993.760105
207.75548,100,16993.760123
243.44899,100,16993.76014
237.551,100,16993.760157
207.49557,100,16993.760173
330.52222,100,16993.760189
350.94754,100,17007.949148
339.93823,100,17007.949222
291.8498,100,17007.949234
209.47209,100,17007.949244
244.76184,100,17007.949253
209.56937,100,17007.949263
141.19696,100,17007.949272
367.6508,100,17007.94928
280.6721,100,17030.521684
396.3865,100,17030.521758
310.7549,100,17030.521771
264.58322,100,17030.521781
219.2163,100,17030.521791
338.2806,100,17030.521799
202.07011,100,17030.521808
229.93768,100,17030.521817
204.153,100,17044.095634
236.11334,100,17044.095729
423.6532,100,17044.095752
349.07004,100,17044.09577
219.09099,100,17044.095786
213.47804,100,17044.095803
531.67334,100,17044.095819
264.57986,100,17044.095834
281.20328,100,17067.369786
470.7428,100,17067.369862
189.53421,100,17067.369874
271.04254,100,17067.369883
226.73262,100,17067.369892
360.83752,100,17067.3699
250.14693,100,17067.369908
240.01376,100,17067.369917
245.79393,100,17081.918806
239.46481,100,17081.918895
253.50534,100,17081.918918
340.4353,100,17081.918935
342.3633,100,17081.918952
387.53052,100,17081.918968
226.67566,100,17081.918984
254.12213,100,17081.919
234.28644,100,17106.402366
365.5419,100,17106.402456
204.82817,100,17106.402479
315.23782,100,17106.402496
368.90262,100,17106.402512
221.74953,100,17106.402528
332.8454,100,17106.402544
239.54602,100,17106.40256
241.48305,100,17129.403019
263.88626,100,17129.403097
269.63443,100,17129.403109
228.48854,100,17129.403119
387.3557,100,17129.403127
274.57285,100,17129.403136
254.47284,100,17129.403144
379.43,100,17129.403152
256.24017,100,17142.696983
404.74017,100,17142.697082
412.3999,100,17142.697105
206.32123,100,17142.697123
177.53938,100,17142.697139
328.24142,100,17142.697155
296.38495,100,17142.697172
402.66595,100,17142.697187
254.47906,100,17167.498545
257.13696,100,17167.498637
396.44937,100,17167.498659
251.93117,100,17167.498677
134.0381,100,17167.498693
252.21852,100,17167.498726
356.1028,100,17167.498744
218.81535,100,17167.49876
217.77406,100,17181.937418
439.72308,100,17181.93751
381.53394,100,17181.937532
224.88083,100,17181.937549
233.31973,100,17181.937564
224.32243,100,17181.93758
360.216,100,17181.937596
349.6682,100,17181.937611
226.9649,100,17205.607334
390.35324,100,17205.607408
258.3356,100,17205.60742
370.92776,100,17205.60743
323.06824,100,17205.607438
257.12225,100,17205.607447
414.40082,100,17205.607455
372.47113,100,17205.607463
256.22604,100,17218.551592
591.22516,100,17218.551686
256.1544,100,17218.551709
284.7335,100,17218.551726
274.5867,100,17218.551742
246.7544,100,17218.551758
248.18869,100,17218.551774
259.28668,100,17218.551789
246.6265,100,17241.122277
350.92645,100,17241.122369
221.33452,100,17241.122391
231.7359,100,17241.122409
202.62541,100,17241.122425
250.47818,100,17241.122441
288.13446,100,17241.122457
269.35437,100,17241.122473
191.18877,100,17255.040174
233.331,100,17255.040272
315.9142,100,17255.040294
234.51495,100,17255.040312
407.30563,100,17255.040329
336.55295,100,17255.040346
343.94217,100,17255.040362
258.42023,100,17255.040378
282.87408,100,17278.663228
398.5945,100,17278.663302
212.93237,100,17278.663315
393.05536,100,17278.663324
384.7691,100,17278.663333
311.56015,100,17278.663342
272.19043,100,17278.663351
188.91194,100,17278.663359
427.10376,100,17302.180999
231.75505,100,17302.181082
392.42957,100,17302.181095
333.12216,100,17302.181104
204.5408,100,17302.181113
218.38774,100,17302.181122
252.83174,100,17302.18113
173.25496,100,17302.181139
251.00853,100,17315.093532
205.48354,100,17315.093631
217.981,100,17315.093654
358.15082,100,17315.093671
199.67694,100,17315.093688
252.36403,100,17315.093704
230.3407,100,17315.09372
224.07132,100,17315.093736
421.56177,100,17338.57596
258.2854,100,17338.576039
335.03036,100,17338.576054
152.80095,100,17338.576064
300.47916,100,17338.576072
214.14574,100,17338.576081
245.90483,100,17338.576089
358.6292,100,17338.576097
239.2902,100,17352.268979
235.39618,100,17352.269079
354.72162,100,17352.269103
241.73624,100,17352.26912
389.0916,100,17352.269137
212.08594,100,17352.269152
377.70084,100,17352.269168
341.43408,100,17352.269184
236.64946,100,17375.887444
360.0346,100,17375.887525
198.4793,100,17375.887538
225.57918,100,17375.887547
245.6346,100,17375.887556
208.94124,100,17375.887564
274.281,100,17375.887573
249.02257,100,17375.887581
250.13875,100,17389.039591
393.3992,100,17389.039683
369.68945,100,17389.039706
239.1603,100,17389.039724
170.7016,100,17389.03974
241.99104,100,17389.039757
385.3902,100,17389.039773
251.67406,100,17389.039788
230.67592,100,17412.955055
299.8148,100,17412.955148
341.3592,100,17412.955171
209.16264,100,17412.955188
238.06323,100,17412.955205
368.22778,100,17412.955221
270.76254,100,17412.955237
329.9761,100,17412.955253
223.8367,100,17435.787768
223.34557,100,17435.787847
259.5087,100,17435.787861
165.16022,100,17435.787871
224.6415,100,17435.78788
243.35684,100,17435.787889
392.48523,100,17435.787898
190.21729,100,17435.787906
216.97757,100,17448.644322
357.29794,100,17448.644413
259.1232,100,17448.644435
381.14868,100,17448.644454
331.14124,100,17448.64447
389.20544,100,17448.644486
240.9108,100,17448.644502
211.53032,100,17448.644518
403.6522,100,17472.851492
234.38591,100,17472.851584
345.01022,100,17472.851607
400.1234,100,17472.851624
241.99776,100,17472.85164
348.05328,100,17472.851656
234.928,100,17472.851672
396.4864,100,17472.851688
239.82718,100,17485.752307
309.9678,100,17485.752399
263.1118,100,17485.752421
240.39842,100,17485.752439
163.99706,100,17485.752455
257.72873,100,17485.752471
220.21964,100,17485.752487
178.46323,100,17485.752503
210.41963,100,17509.217364
250.08743,100,17509.217436
209.6873,100,17509.217448
287.96667,100,17509.217457
262.95944,100,17509.217466
332.28033,100,17509.217474
161.55649,100,17509.217483
293.88046,100,17509.217491
231.36742,100,17522.879441
258.57202,100,17522.879525
254.45314,100,17522.879537
346.7998,100,17522.879546
288.50528,100,17522.879554
138.21234,100,17522.879563
232.69884,100,17522.879571
394.4884,100,17522.879579
276.96414,100,17546.621419
203.51877,100,17546.621501
324.43634,100,17546.621513
304.073,100,17546.621522
278.8556,100,17546.621531
271.03537,100,17546.621539
342.76785,100,17546.621547
209.79042,100,17546.621556
261.99396,100,17560.414101
224.19775,100,17560.414191
351.51788,100,17560.414217
390.64316,100,17560.41424
239.58739,100,17560.414259
226.1336,100,17560.414277
248.44458,100,17560.414294
541.2025,100,17560.414311
231.62428,100,17584.048559
230.29382,100,17584.048648
474.033,100,17584.04867
447.07574,100,17584.048687
299.943,100,17584.048704
337.55627,100,17584.04872
457.19308,100,17584.048736
210.25464,100,17584.048752
347.11597,100,17608.217963
250.21924,100,17608.218061
390.48547,100,17608.218089
380.21368,100,17608.218107
127.05721,100,17608.218124
346.75864,100,17608.21814
236.22684,100,17608.218157
225.14606,100,17608.218172
341.8419,100,17622.502771
259.96735,100,17622.502841
219.49269,100,17622.502852
297.79858,100,17622.502861
174.318,100,17622.502869
254.22218,100,17622.502878
389.2981,100,17622.502886
166.23534,100,17622.502894
279.59058,100,17645.400416
233.76044,100,17645.400489
379.53445,100,17645.400501
174.24509,100,17645.400509
310.29773,100,17645.400518
186.22086,100,17645.400526
273.33963,100,17645.400534
322.8407,100,17645.400543
384.4826,100,17659.912626
252.29019,100,17659.912715
364.9139,100,17659.912737
300.43866,100,17659.912755
380.7724,100,17659.912771
222.84761,100,17659.912787
301.61496,100,17659.912803
253.62444,100,17659.912819
333.18115,100,17683.934173
258.61337,100,17683.934269
376.70462,100,17683.934291
207.90715,100,17683.934308
256.79248,100,17683.934325
197.55716,100,17683.934341
540.98193,100,17683.934357
240.0173,100,17683.934373
254.66876,100,17698.62513
378.53864,100,17698.62522
357.15817,100,17698.625242
358.9161,100,17698.625261
202.57768,100,17698.625283
264.10715,100,17698.625304
187.34099,100,17698.62532
397.37418,100,17698.625337
136.471,100,17722.101625
360.3207,100,17722.101717
393.20245,100,17722.101739
247.66275,100,17722.101757
261.22006,100,17722.101773
220.20004,100,17722.101789
347.34128,100,17722.101804
268.77722,100,17722.10182
355.8082,100,17746.42007
342.46442,100,17746.420143
252.79163,100,17746.420154
327.43808,100,17746.420163
226.85725,100,17746.420171
244.50821,100,17746.420179
264.10623,100,17746.420187
207.991,100,17746.420195
285.3949,100,17759.840134
434.27368,100,17759.840232
239.99596,100,17759.840255
364.66714,100,17759.840272
373.36603,100,17759.840289
253.76878,100,17759.840305
242.42447,100,17759.840322
362.6521,100,17759.840338
397.91394,100,17783.248461
256.47357,100,17783.248533
212.95981,100,17783.248544
356.69763,100,17783.248554
348.94897,100,17783.248562
309.34943,100,17783.24857
249.45102,100,17783.248579
185.58588,100,17783.248587
213.69283,100,17796.520495
245.57906,100,17796.520603
211.15988,100,17796.520634
290.14337,100,17796.520658
321.9008,100,17796.52068
253.12769,100,17796.520704
400.79044,100,17796.520727
212.9001,100,17796.520749
286.2066,100,17820.718781
398.26822,100,17820.718855
244.23636,100,17820.718867
384.29837,100,17820.718876
291.29727,100,17820.718885
245.8777,100,17820.718894
355.07172,100,17820.718902
221.40187,100,17820.718911
243.59593,100,17834.892935
123.001,100,17834.893024
258.75385,100,17834.89306
273.8235,100,17834.893078
270.38776,100,17834.893095
170.64244,100,17834.893111
250.90866,100,17834.893127
378.7374,100,17834.893143
182.11234,100,17858.082952
260.14838,100,17858.083044
309.27124,100,17858.083067
212.0876,100,17858.083083
222.51677,100,17858.083097
386.0133,100,17858.083111
205.08583,100,17858.083125
419.1262,100,17858.083139
213.22763,100,17871.761061
270.3212,100,17871.76116
270.57706,100,17871.761182
381.86523,100,17871.761199
171.3516,100,17871.761216
183.49213,100,17871.761232
460.80893,100,17871.761267
235.54434,100,17871.761284
223.11687,100,17894.723896
343.79956,100,17894.723971
280.7769,100,17894.723982
214.7133,100,17894.723991
379.2422,100,17894.723999
264.18307,100,17894.72401
254.5103,100,17894.724018
248.5258,100,17894.724028
279.16513,100,17918.020208
252.52347,100,17918.020283
410.03903,100,17918.020295
234.29364,100,17918.020304
246.42593,100,17918.020312
165.46857,100,17918.02032
189.30869,100,17918.020329
219.33383,100,17918.020337
391.9444,100,17931.266731
212.71675,100,17931.266802
363.2752,100,17931.266814
414.83563,100,17931.266823
378.72406,100,17931.266831
358.6182,100,17931.26684
267.0509,100,17931.266849
374.3634,100,17931.266857
381.37323,100,17955.077246
209.11687,100,17955.077331
377.783,100,17955.077351
237.65607,100,17955.077366
245.76617,100,17955.077381
187.64421,100,17955.077395
208.51027,100,17955.077409
169.3423,100,17955.077423
264.16678,100,17969.748999
306.17368,100,17969.749084
264.77942,100,17969.749097
387.94208,100,17969.749105
256.57816,100,17969.749113
239.54134,100,17969.749121
250.9634,100,17969.749129
248.93864,100,17969.749137
322.97943,100,17992.845775
185.65257,100,17992.845865
250.41368,100,17992.845887
257.7929,100,17992.845905
241.65623,100,17992.845922
303.37106,100,17992.845938
197.80359,100,17992.845954
252.11244,100,17992.845969
357.66962,100,18006.431124
336.20007,100,18006.431218
252.2058,100,18006.43124
222.9848,100,18006.431258
328.03293,100,18006.431274
239.03606,100,18006.431291
219.84187,100,18006.431307
269.8923,100,18006.431324
195.77168,100,18029.726931
401.09143,100,18029.727026
363.20477,100,18029.727061
253.32347,100,18029.727079
245.61679,100,18029.727094
252.84494,100,18029.72711
558.7904,100,18029.727127
298.26453,100,18029.727142
244.10262,100,18052.632449
363.4977,100,18052.632522
242.75581,100,18052.632535
218.58275,100,18052.632545
228.3121,100,18052.632554
319.70233,100,18052.632563
406.7695,100,18052.632572
300.57632,100,18052.63258
273.2446,100,18066.460352
399.05148,100,18066.460423
222.00124,100,18066.460435
251.74953,100,18066.460443
232.4512,100,18066.460452
237.43092,100,18066.46046
252.45152,100,18066.460469
241.99033,100,18066.460477
216.70177,100,18089.786808
274.94165,100,18089.786888
227.2976,100,18089.7869
176.70386,100,18089.786909
325.3731,100,18089.786917
332.59058,100,18089.786926
233.9989,100,18089.786934
348.48193,100,18089.786942
209.11833,100,18103.544908
335.3017,100,18103.544977
239.4112,100,18103.544989
229.30962,100,18103.544998
193.78598,100,18103.545007
230.58977,100,18103.545016
352.87762,100,18103.545024
216.77051,100,18103.545044
197.78683,100,18127.152787
237.62665,100,18127.152862
241.82193,100,18127.152874
285.6608,100,18127.152884
228.02371,100,18127.152893
313.38364,100,18127.152902
263.0427,100,18127.15291
296.97897,100,18127.152919
194.61569,100,18141.358285
248.95142,100,18141.358375
356.3688,100,18141.358396
324.96793,100,18141.358413
176.93074,100,18141.35843
241.52328,100,18141.358445
384.14243,100,18141.35846
312.27908,100,18141.358475
448.4824,100,18165.06046
208.47604,100,18165.060537
239.37775,100,18165.060551
375.62262,100,18165.060561
248.83853,100,18165.060571
271.7488,100,18165.06058
347.10852,100,18165.06059
297.24643,100,18165.060599
248.87839,100,18178.984332
373.5591,100,18178.984419
313.00345,100,18178.98444
217.07019,100,18178.984457
319.11115,100,18178.984472
278.4154,100,18178.984487
202.55867,100,18178.984502
188.26208,100,18178.984517
206.73193,100,18203.807814
242.6511,100,18203.807886
194.3474,100,18203.807899
379.39624,100,18203.807909
283.193,100,18203.807918
388.43527,100,18203.807926
253.8337,100,18203.807935
300.6076,100,18203.807944
197.6564,100,18228.469224
254.73738,100,18228.46931
281.84732,100,18228.469331
233.19318,100,18228.469347
207.81229,100,18228.469361
269.1479,100,18228.469376
253.61327,100,18228.46939
253.66336,100,18228.469404
249.27422,100,18241.757329
206.18687,100,18241.757418
272.83844,100,18241.757449
219.57106,100,18241.757467
233.57611,100,18241.757483
179.4975,100,18241.757498
259.45856,100,18241.757513
292.09344,100,18241.757528
164.42726,100,18264.447952
329.9132,100,18264.448038
234.5758,100,18264.448053
214.79291,100,18264.448063
230.3078,100,18264.448073
225.40103,100,18264.448082
144.80052,100,18264.448091
175.22507,100,18264.4481
277.50006,100,18278.554992
347.6318,100,18278.555089
225.30627,100,18278.55511
249.29135,100,18278.555125
394.18448,100,18278.55514
235.82579,100,18278.555155
206.73375,100,18278.555171
210.4156,100,18278.555187
387.30826,100,18302.927111
311.43524,100,18302.927184
267.69946,100,18302.927197
370.69507,100,18302.927206
351.0735,100,18302.927215
319.37598,100,18302.927224
215.55302,100,18302.927233
232.48604,100,18302.927241
338.28766,100,18318.485457
253.05093,100,18318.485531
326.36646,100,18318.485544
251.09245,100,18318.485554
284.1257,100,18318.485562
195.33562,100,18318.485571
170.61243,100,18318.48558
280.2075,100,18318.485589
377.11172,100,18342.400363
323.20578,100,18342.400433
332.223,100,18342.400446
200.96904,100,18342.400455
318.53824,100,18342.400464
238.3201,100,18342.400473
230.8772,100,18342.400481
382.39108,100,18342.40049
372.90097,100,18365.583097
362.68484,100,18365.583169
233.571,100,18365.583182
145.77531,100,18365.583191
353.84235,100,18365.5832
347.24725,100,18365.583209
260.50925,100,18365.583217
201.67894,100,18365.583226
333.66125,100,18379.834975
289.6203,100,18379.835057
228.10687,100,18379.835073
336.8921,100,18379.835083
298.48016,100,18379.835092
373.815,100,18379.835101
243.7797,100,18379.83511
325.7765,100,18379.835119
236.58891,100,18402.349203
262.5559,100,18402.349278
346.96103,100,18402.349291
269.84586,100,18402.349301
211.57904,100,18402.34931
287.57425,100,18402.349319
195.07524,100,18402.349328
434.8627,100,18402.349337
341.0811,100,18416.391405
216.76942,100,18416.391476
244.05469,100,18416.391489
398.34595,100,18416.391497
245.15689,100,18416.391506
356.21835,100,18416.391514
385.5283,100,18416.391522
262.66498,100,18416.391531
106.88549,100,18440.7138
230.35553,100,18440.713873
255.742,100,18440.713886
231.74103,100,18440.713896
374.27362,100,18440.713905
243.21063,100,18440.713913
245.90677,100,18440.713922
238.22913,100,18440.71393
339.2318,100,18454.368604
138.64488,100,18454.368699
408.3653,100,18454.368721
394.179,100,18454.368737
260.4088,100,18454.368752
255.58946,100,18454.368766
214.07335,100,18454.368781
245.39673,100,18454.368795
177.65219,100,18476.696024
206.65529,100,18476.696112
138.65701,100,18476.696124
177.30147,100,18476.696134
191.82303,100,18476.696143
251.44221,100,18476.696152
241.35129,100,18476.69616
254.39659,100,18476.696169
364.14716,100,18490.942336
384.89368,100,18490.942409
298.1415,100,18490.942422
254.54372,100,18490.942431
248.85336,100,18490.94244
241.5992,100,18490.942449
210.72678,100,18490.942457
219.6383,100,18490.942466
383.43536,100,18514.714392
90.26609,100,18514.714484
357.1351,100,18514.714505
263.7521,100,18514.714521
388.9829,100,18514.714536
364.8304,100,18514.714551
314.43915,100,18514.714566
361.14606,100,18514.714581
396.70602,100,18538.740591
207.50632,100,18538.740664
200.44798,100,18538.740677
330.42755,100,18538.740687
330.96414,100,18538.740696
138.511,100,18538.740704
250.85991,100,18538.740713
434.7184,100,18538.740722
203.45375,100,18553.350875
254.16344,100,18553.350948
389.11725,100,18553.35096
367.33936,100,18553.35097
227.0226,100,18553.350979
274.69315,100,18553.350987
196.6559,100,18553.350996
287.30966,100,18553.351005
262.49338,100,18576.748477
333.51492,100,18576.748551
352.93207,100,18576.748564
481.25528,100,18576.748574
368.8107,100,18576.748583
230.04655,100,18576.748591
363.02005,100,18576.7486
175.59566,100,18576.748609
219.61276,100,18591.181869
303.66763,100,18591.181963
331.9994,100,18591.181987
259.71436,100,18591.182004
328.04227,100,18591.182021
64.73757,100,18591.182055
362.98538,100,18591.182072
219.6913,100,18591.182109
421.01547,100,18614.34466
253.02731,100,18614.344737
239.38643,100,18614.344749
212.46826,100,18614.344759
261.6509,100,18614.344768
242.14473,100,18614.344777
218.3043,100,18614.344785
247.01173,100,18614.344794
418.2558,100,18628.7503
259.22836,100,18628.750372
232.55434,100,18628.750385
363.8498,100,18628.750395
274.03687,100,18628.750404
202.44533,100,18628.750413
303.73648,100,18628.750422
175.27008,100,18628.75043
350.90555,100,18653.096499
383.25757,100,18653.096573
402.3697,100,18653.096585
244.24193,100,18653.096594
224.26099,100,18653.096603
242.20506,100,18653.096611
239.23024,100,18653.09662
310.3332,100,18653.096629
193.13268,100,18676.126559
228.37605,100,18676.126637
232.25282,100,18676.12665
248.36566,100,18676.12666
224.019,100,18676.126669
173.77675,100,18676.126679
223.48369,100,18676.126688
532.7865,100,18676.126697
340.91547,100,18690.175149
175.52443,100,18690.17522
210.19293,100,18690.175232
254.0999,100,18690.175241
394.31622,100,18690.17525
221.25554,100,18690.175259
349.05447,100,18690.175267
350.33493,100,18690.175276
302.8022,100,18713.016387
254.78333,100,18713.01646
224.04517,100,18713.016472
266.40744,100,18713.016481
178.91368,100,18713.01649
248.56102,100,18713.016499
336.8173,100,18713.016508
215.71696,100,18713.016516
240.76898,100,18727.587249
255.25757,100,18727.587324
247.03516,100,18727.587336
207.15123,100,18727.587346
320.03278,100,18727.587355
210.77396,100,18727.587363
258.5554,100,18727.587372
299.51767,100,18727.58738
218.65402,100,18750.199597
108.48164,100,18750.199677
369.16855,100,18750.19969
285.74475,100,18750.1997
206.61855,100,18750.199709
196.18753,100,18750.199718
204.5757,100,18750.199727
402.6118,100,18750.199735
248.01447,100,18764.001608
260.038,100,18764.001681
327.9565,100,18764.001693
236.58955,100,18764.001702
258.4448,100,18764.001711
240.59732,100,18764.001719
242.49277,100,18764.001727
225.77882,100,18764.001735
247.74545,100,18787.645311
308.33765,100,18787.645398
349.95798,100,18787.645421
355.75027,100,18787.645439
240.00879,100,18787.645455
243.0989,100,18787.645471
381.85785,100,18787.645488
212.93352,100,18787.645504
376.57385,100,18801.83978
242.06204,100,18801.83987
174.5369,100,18801.839893
276.73212,100,18801.839911
213.94197,100,18801.839927
224.9095,100,18801.839943
259.8251,100,18801.83996
364.1373,100,18801.839975
415.46008,100,18826.696572
310.5582,100,18826.696644
237.24055,100,18826.696656
242.99966,100,18826.696665
265.6267,100,18826.696674
403.0901,100,18826.696682
234.52249,100,18826.696691
229.82025,100,18826.696699
302.20288,100,18851.140082
252.99571,100,18851.140155
198.01935,100,18851.140167
230.95528,100,18851.140176
212.3196,100,18851.140185
231.3745,100,18851.140193
261.03613,100,18851.140201
363.08063,100,18851.14021
370.8254,100,18865.362416
249.99347,100,18865.362506
274.07538,100,18865.362527
201.27623,100,18865.362543
252.20854,100,18865.362558
370.57047,100,18865.362572
247.34288,100,18865.362587
215.2134,100,18865.362602
208.59207,100,18888.887949
465.2915,100,18888.888021
274.4484,100,18888.888046
236.15741,100,18888.888057
261.43594,100,18888.888066
384.23154,100,18888.888076
309.78268,100,18888.888084
277.62863,100,18888.888093
358.84573,100,18902.946527
230.05492,100,18902.946623
172.2849,100,18902.946647
213.2666,100,18902.946666
222.70415,100,18902.946682
314.2902,100,18902.946699
223.16043,100,18902.946715
263.24292,100,18902.946732
229.87479,100,18926.51063
356.92368,100,18926.5107
238.87807,100,18926.510713
342.89932,100,18926.510722
262.5583,100,18926.510731
212.89134,100,18926.51074
319.64,100,18926.510748
238.65924,100,18926.510756
351.58987,100,18940.272195
363.8062,100,18940.272295
327.40265,100,18940.272319
237.13121,100,18940.272342
242.24916,100,18940.272359
208.30618,100,18940.272379
237.49393,100,18940.272397
255.55199,100,18940.272415
249.11795,100,18963.238796
424.72324,100,18963.238867
227.96484,100,18963.238879
228.06953,100,18963.238917
223.35277,100,18963.238925
190.38242,100,18963.238935
231.38995,100,18963.238943
322.48383,100,18963.238953
371.71277,100,18986.497441
301.96942,100,18986.497516
365.61603,100,18986.497529
241.21936,100,18986.497538
222.82855,100,18986.497547
223.70271,100,18986.497556
176.20773,100,18986.497564
237.54031,100,18986.497573
345.44806,100,19000.854107
259.55487,100,19000.85418
385.59866,100,19000.854193
294.49002,100,19000.854203
237.51665,100,19000.854212
226.72334,100,19000.854221
235.02426,100,19000.854229
252.84572,100,19000.854239
271.3552,100,19024.013706
216.7469,100,19024.013785
446.55713,100,19024.013798
236.45798,100,19024.013808
216.99013,100,19024.013817
382.70987,100,19024.013827
205.69435,100,19024.013835
252.52136,100,19024.013844
242.55531,100,19038.372668
227.7084,100,19038.372756
283.83337,100,19038.372776
226.26093,100,19038.372793
248.94661,100,19038.372807
254.9164,100,19038.372822
278.9625,100,19038.372837
258.17896,100,19038.372851
241.10349,100,19062.583638
353.2378,100,19062.583713
189.31204,100,19062.583725
205.31178,100,19062.583735
203.17577,100,19062.583744
233.74583,100,19062.583752
239.62634,100,19062.583761
292.67432,100,19062.58377
257.9251,100,19076.618318
382.9409,100,19076.618411
256.4868,100,19076.618434
287.16965,100,19076.618451
245.6507,100,19076.618468
240.80037,100,19076.618484
325.37518,100,19076.6185
225.61542,100,19076.618516
224.56352,100,19100.305686
123.63347,100,19100.305758
245.40736,100,19100.30577
300.43848,100,19100.305779
174.90012,100,19100.305788
401.9501,100,19100.305797
527.07336,100,19100.305805
306.0695,100,19100.305813
311.02835,100,19114.523169
349.4464,100,19114.523241
316.0566,100,19114.523253
234.1933,100,19114.523262
244.93248,100,19114.52327
339.63147,100,19114.523278
378.04343,100,19114.523287
299.47827,100,19114.523294
250.58379,100,19137.293044
369.44913,100,19137.29312
395.72604,100,19137.293132
269.0265,100,19137.29314
247.9166,100,19137.293149
232.99786,100,19137.293157
377.43347,100,19137.293165
224.15189,100,19137.293174
146.2699,100,19162.694133
182.26639,100,19162.694204
386.70322,100,19162.694217
379.52948,100,19162.694226
362.4175,100,19162.694236
270.6218,100,19162.694245
325.28384,100,19162.694256
542.3141,100,19162.694266
236.52252,100,19176.402022
352.3251,100,19176.402107
201.04008,100,19176.402119
257.6723,100,19176.402129
265.42484,100,19176.402138
357.9806,100,19176.402147
214.68613,100,19176.402156
269.27875,100,19176.402165
364.8635,100,19200.547576
255.56926,100,19200.547647
256.67102,100,19200.54766
134.93744,100,19200.547669
203.62013,100,19200.547678
390.42715,100,19200.547687
371.83508,100,19200.547696
243.10716,100,19200.547704
261.16202,100,19213.32701
377.46362,100,19213.327095
325.83286,100,19213.327107
272.61832,100,19213.327117
230.80212,100,19213.327126
252.84802,100,19213.327134
345.60428,100,19213.327143
247.93819,100,19213.327152
219.63437,100,19237.002234
363.84177,100,19237.002318
266.17145,100,19237.002338
279.5366,100,19237.002353
203.11568,100,19237.002368
187.69217,100,19237.002383
426.58652,100,19237.002397
141.75462,100,19237.002411
254.24026,100,19251.508736
245.79457,100,19251.508812
510.19385,100,19251.508825
251.36176,100,19251.508834
304.65482,100,19251.508843
266.9182,100,19251.508852
413.97644,100,19251.508861
237.11958,100,19251.508869
227.27654,100,19275.84405
226.19606,100,19275.844139
404.9149,100,19275.84416
317.06076,100,19275.844176
211.38347,100,19275.844191
343.94504,100,19275.844206
277.68384,100,19275.844221
233.9281,100,19275.844236
396.37457,100,19299.585386
231.3385,100,19299.58546
224.40666,100,19299.585472
214.49203,100,19299.585481
348.34967,100,19299.58549
261.28235,100,19299.585499
219.4013,100,19299.585508
332.29663,100,19299.585516
337.05078,100,19312.44646
277.23138,100,19312.446547
186.35233,100,19312.446568
290.01968,100,19312.446584
226.57689,100,19312.4466
326.50912,100,19312.446615
226.42044,100,19312.44663
310.4478,100,19312.44666
328.95648,100,19336.262389
200.19185,100,19336.262472
215.5959,100,19336.262487
241.57999,100,19336.262497
346.79507,100,19336.262506
180.12001,100,19336.262515
191.72935,100,19336.262524
281.41418,100,19336.262532
250.43169,100,19350.632967
227.76758,100,19350.633048
186.33748,100,19350.633062
249.03937,100,19350.633072
292.42776,100,19350.63308
278.73633,100,19350.633089
250.87997,100,19350.633097
238.4309,100,19350.633105
230.27023,100,19373.4093
214.84401,100,19373.409375
237.68886,100,19373.409388
263.74863,100,19373.409398
230.20258,100,19373.409407
204.66844,100,19373.409416
223.26436,100,19373.409428
227.60393,100,19373.409437
312.09814,100,19386.725424
231.16382,100,19386.725495
233.35704,100,19386.725507
202.23758,100,19386.725517
200.60222,100,19386.725526
251.78354,100,19386.725534
226.72261,100,19386.725543
205.73349,100,19386.725551
251.75624,100,19409.630346
204.92291,100,19409.630418
262.35986,100,19409.63043
105.80052,100,19409.63044
395.20837,100,19409.630449
195.77155,100,19409.630458
221.14716,100,19409.630467
258.47357,100,19409.630476
201.30838,100,19423.432866
339.95236,100,19423.43296
247.37933,100,19423.432982
184.37653,100,19423.433
409.26233,100,19423.433017
256.99966,100,19423.433045
277.84198,100,19423.433062
188.17094,100,19423.433078
246.89124,100,19446.478301
330.79724,100,19446.478378
220.08936,100,19446.47839
238.061,100,19446.478401
192.15576,100,19446.47841
228.59523,100,19446.478419
195.63982,100,19446.478429
224.25258,100,19446.478437
258.30798,100,19468.787405
222.8483,100,19468.78748
381.96613,100,19468.787492
370.76065,100,19468.787502
245.18654,100,19468.787511
211.65605,100,19468.787519
245.20746,100,19468.787528
193.311,100,19468.787537
215.04204,100,19481.982012
178.19066,100,19481.982094
348.76816,100,19481.982106
245.78598,100,19481.982115
331.4254,100,19481.982124
212.15291,100,19481.982133
527.37665,100,19481.982141
282.47223,100,19481.982149
246.6658,100,19504.902369
273.3162,100,19504.902443
220.17235,100,19504.902455
243.21817,100,19504.902464
402.86734,100,19504.902473
216.46759,100,19504.902481
327.98697,100,19504.90249
316.91458,100,19504.902498
261.90155,100,19519.365504
276.62872,100,19519.36559
223.811,100,19519.365611
329.6019,100,19519.365627
203.22272,100,19519.365642
234.23708,100,19519.365657
356.85272,100,19519.365672
415.48715,100,19519.365686
237.05066,100,19543.413757
261.15866,100,19543.41383
199.73091,100,19543.413843
246.42534,100,19543.413852
311.12048,100,19543.413861
203.00378,100,19543.41387
399.70206,100,19543.413878
232.05978,100,19543.413887
375.23047,100,19557.65008
244.21463,100,19557.65016
266.48575,100,19557.650172
298.6049,100,19557.650182
365.10025,100,19557.650191
219.43777,100,19557.650199
219.38954,100,19557.650208
184.01782,100,19557.650216
239.82912,100,19581.188326
461.9155,100,19581.1884
254.44148,100,19581.188413
348.00452,100,19581.188422
227.02122,100,19581.188431
395.66638,100,19581.18844
346.68658,100,19581.188449
226.24564,100,19581.188458
264.6704,100,19604.025723
253.36414,100,19604.025799
362.87347,100,19604.025813
360.0584,100,19604.025823
212.89482,100,19604.025832
296.5685,100,19604.025841
248.32877,100,19604.02585
232.87254,100,19604.02586
245.97359,100,19617.229418
234.17258,100,19617.229512
219.59053,100,19617.229535
242.84967,100,19617.229552
369.7192,100,19617.229569
231.42685,100,19617.229585
333.01843,100,19617.229602
411.85342,100,19617.229618
226.03755,100,19641.345709
263.41513,100,19641.345779
342.76178,100,19641.345792
377.38104,100,19641.345802
268.06546,100,19641.345811
395.065,100,19641.345821
321.3441,100,19641.345829
264.66147,100,19641.345839
256.93427,100,19655.957446
360.0801,100,19655.957531
349.6012,100,19655.957551
355.44952,100,19655.957566
236.45784,100,19655.957581
243.17769,100,19655.957595
246.79187,100,19655.957609
350.39825,100,19655.957623
196.15332,100,19680.751783
283.61182,100,19680.751877
250.36357,100,19680.751899
189.5459,100,19680.751939
202.59059,100,19680.751956
363.94553,100,19680.751973
199.47388,100,19680.751988
252.382,100,19680.752004
239.16891,100,19695.100859
237.00053,100,19695.100932
241.51642,100,19695.100944
260.73242,100,19695.100953
195.92343,100,19695.100961
378.8207,100,19695.100969
230.60428,100,19695.100978
369.30807,100,19695.100986
289.29245,100,19718.921302
204.05319,100,19718.921393
262.71582,100,19718.921416
485.91177,100,19718.921432
399.9091,100,19718.921449
255.7106,100,19718.921465
262.71866,100,19718.92148
357.60712,100,19718.921496
379.93683,100,19732.969187
215.09462,100,19732.96926
357.1966,100,19732.969272
195.94336,100,19732.969281
258.26987,100,19732.96929
252.74568,100,19732.969298
293.12534,100,19732.969306
251.73976,100,19732.969315
223.21318,100,19757.524384
374.83304,100,19757.524484
220.23457,100,19757.524512
248.30118,100,19757.524534
233.16417,100,19757.524554
272.67838,100,19757.524574
377.4378,100,19757.524593
370.18808,100,19757.524613
345.89047,100,19781.312477
190.14594,100,19781.312548
248.76683,100,19781.31256
364.36697,100,19781.312569
343.3199,100,19781.312577
226.21614,100,19781.312585
231.7321,100,19781.312593
199.82616,100,19781.312601
301.2266,100,19795.33239
271.31274,100,19795.332497
239.60825,100,19795.332528
319.72348,100,19795.332553
377.93634,100,19795.332576
195.45645,100,19795.332598
307.8104,100,19795.33262
396.07584,100,19795.332642
357.85703,100,19819.205417
226.40587,100,19819.205509
377.19595,100,19819.205532
409.19058,100,19819.205549
351.60544,100,19819.205566
271.59802,100,19819.205583
228.25229,100,19819.205599
338.33344,100,19819.205615
208.67882,100,19833.787511
304.28564,100,19833.787582
245.49109,100,19833.787594
357.96658,100,19833.787604
263.935,100,19833.787612
252.49649,100,19833.787621
270.8972,100,19833.787631
246.08783,100,19833.78764
253.26741,100,19858.214037
238.81245,100,19858.214128
194.31413,100,19858.214148
233.46942,100,19858.214163
262.30078,100,19858.214178
245.26727,100,19858.214192
242.12164,100,19858.214206
359.53247,100,19858.214221
211.21846,100,19871.463195
532.76807,100,19871.463272
235.42603,100,19871.463284
231.75137,100,19871.463294
216.04146,100,19871.463303
251.6767,100,19871.463311
217.0542,100,19871.46332
257.34677,100,19871.463329
373.1248,100,19894.954022
214.82474,100,19894.954106
252.35744,100,19894.954119
353.1127,100,19894.954129
256.36523,100,19894.95414
240.59335,100,19894.95415
227.17715,100,19894.95416
377.6392,100,19894.95417
242.48161,100,19918.018333
354.89148,100,19918.018409
361.37973,100,19918.018423
391.8617,100,19918.018433
215.9372,100,19918.018442
176.95284,100,19918.018452
238.25574,100,19918.018461
163.36374,100,19918.01847
197.54398,100,19932.3298
251.79338,100,19932.329877
220.19989,100,19932.329892
206.54147,100,19932.329904
228.37082,100,19932.329915
251.77333,100,19932.329924
214.27599,100,19932.329933
248.52466,100,19932.329942
236.04665,100,19955.717281
276.45667,100,19955.717356
252.53008,100,19955.717369
215.42578,100,19955.717377
241.11488,100,19955.717386
311.43164,100,19955.717395
212.70438,100,19955.717403
221.92992,100,19955.717411
248.64397,100,19970.099215
361.77405,100,19970.099309
342.27368,100,19970.099332
238.4125,100,19970.099349
157.88614,100,19970.099366
205.52138,100,19970.099383
252.32814,100,19970.099399
336.57693,100,19970.099416
355.60098,100,19993.990506
232.30737,100,19993.990611
222.06708,100,19993.990643
244.50848,100,19993.990666
206.16206,100,19993.990686
230.65479,100,19993.990705
241.35126,100,19993.990725
259.41406,100,19993.990743
380.2388,100,20007.415044
310.72964,100,20007.415131
253.61324,100,20007.415152
216.89127,100,20007.415168
213.10947,100,20007.415183
293.46182,100,20007.415198
275.5812,100,20007.415212
355.5242,100,20007.415228
367.61337,100,20031.33531
300.76614,100,20031.335397
312.58295,100,20031.335417
222.35059,100,20031.335433
162.59305,100,20031.335449
272.92545,100,20031.335463
244.17989,100,20031.335477
245.57802,100,20031.335516
207.0012,100,20045.140543
223.62593,100,20045.140646
250.7505,100,20045.14067
322.58682,100,20045.140688
255.24162,100,20045.140704
367.98383,100,20045.140721
245.08806,100,20045.140737
480.75052,100,20045.140753
200.85812,100,20068.274502
279.50598,100,20068.274594
310.08398,100,20068.274617
186.83385,100,20068.274634
360.12912,100,20068.274651
379.24683,100,20068.274667
237.33917,100,20068.274683
290.21,100,20068.274699
247.71962,100,20092.034831
241.45589,100,20092.034906
235.60774,100,20092.034918
251.57275,100,20092.034928
398.50876,100,20092.034937
211.10373,100,20092.034946
269.35303,100,20092.034955
253.94391,100,20092.034963
220.22903,100,20106.702695
408.18323,100,20106.702769
256.8287,100,20106.702782
362.1301,100,20106.702792
289.7144,100,20106.702801
435.2635,100,20106.70281
278.25485,100,20106.702819
261.79553,100,20106.702827
242.8487,100,20129.992063
200.78798,100,20129.992165
322.5992,100,20129.992193
215.68007,100,20129.992215
357.36365,100,20129.992237
214.76923,100,20129.992257
247.47871,100,20129.992277
357.16776,100,20129.992296
327.56384,100,20143.872865
385.96484,100,20143.872955
182.51997,100,20143.872976
250.19937,100,20143.872992
320.19266,100,20143.873007
265.0092,100,20143.873022
244.34914,100,20143.873053
372.87183,100,20143.873068
238.36795,100,20167.583434
208.52774,100,20167.583515
180.25624,100,20167.583533
244.37762,100,20167.583547
287.47986,100,20167.583559
387.5718,100,20167.583571
230.15344,100,20167.583584
300.0922,100,20167.583596
213.05148,100,20181.714086
225.19415,100,20181.714184
360.89664,100,20181.714207
381.439,100,20181.714223
276.19247,100,20181.714239
235.1587,100,20181.714254
244.2566,100,20181.71427
269.75912,100,20181.714286
412.89108,100,20205.91473
246.83008,100,20205.914829
243.26079,100,20205.914853
371.1171,100,20205.91487
321.74377,100,20205.914885
303.31744,100,20205.914901
395.2818,100,20205.914916
397.23682,100,20205.91493
174.3876,100,20229.008112
217.25453,100,20229.008184
336.50882,100,20229.008198
202.5302,100,20229.008208
239.68767,100,20229.008218
253.95119,100,20229.008227
379.3503,100,20229.008237
250.76752,100,20229.008246
202.96281,100,20242.799997
386.81998,100,20242.8001
402.40796,100,20242.800123
297.14346,100,20242.800141
196.95915,100,20242.800157
327.75873,100,20242.800173
250.49156,100,20242.800189
177.58409,100,20242.800205
254.10272,100,20265.867897
254.47356,100,20265.867969
249.57376,100,20265.867982
340.63232,100,20265.867992
342.94724,100,20265.868001
234.15512,100,20265.868011
235.75632,100,20265.868019
383.87558,100,20265.868036
224.92961,100,20279.493388
247.30357,100,20279.493489
232.31578,100,20279.493513
448.14853,100,20279.49353
414.8093,100,20279.493547
209.20421,100,20279.493564
276.13095,100,20279.493581
215.04953,100,20279.493598
212.60497,100,20303.492713
282.62128,100,20303.492787
256.31296,100,20303.4928
216.6721,100,20303.49281
383.3962,100,20303.492822
239.13531,100,20303.492832
223.89967,100,20303.49284
175.20692,100,20303.49285
350.3762,100,20317.201199
289.85992,100,20317.201293
203.4427,100,20317.201316
313.27194,100,20317.201334
222.69308,100,20317.201351
366.774,100,20317.201367
244.54077,100,20317.201384
272.11017,100,20317.2014
222.6666,100,20340.890342
180.17232,100,20340.890414
194.40694,100,20340.890426
247.34576,100,20340.890435
259.8423,100,20340.890444
246.32066,100,20340.890452
211.7861,100,20340.890461
253.38869,100,20340.890469
231.9394,100,20354.627891
383.48904,100,20354.627965
220.4277,100,20354.627977
243.531,100,20354.627986
237.1911,100,20354.627995
396.4174,100,20354.628003
207.0627,100,20354.628011
367.95755,100,20354.62802
340.32065,100,20377.260709
309.60522,100,20377.260802
260.71988,100,20377.260825
331.49426,100,20377.260843
336.87268,100,20377.260859
236.208,100,20377.260876
223.48839,100,20377.260892
274.8172,100,20377.260909
352.23236,100,20401.299984
245.35284,100,20401.300069
322.38904,100,20401.300082
229.46786,100,20401.300091
544.27155,100,20401.300117
267.34183,100,20401.300126
366.8663,100,20401.300134
330.79764,100,20401.300143
194.91005,100,20414.612569
225.89034,100,20414.612644
230.83556,100,20414.612656
249.04448,100,20414.612665
178.8831,100,20414.612674
266.98,100,20414.612684
394.0771,100,20414.612692
221.80536,100,20414.612701
178.19228,100,20437.775203
209.62526,100,20437.775296
248.21466,100,20437.775317
403.6825,100,20437.775333
392.86615,100,20437.775348
363.50922,100,20437.775363
220.8362,100,20437.775378
273.44208,100,20437.775393
299.56964,100,20451.695208
317.77264,100,20451.695284
245.69089,100,20451.695297
208.8374,100,20451.695306
243.41087,100,20451.695315
207.90755,100,20451.695323
257.56955,100,20451.695332
359.27316,100,20451.695341
265.25726,100,20475.301833
250.07042,100,20475.30191
248.86537,100,20475.301923
379.86142,100,20475.301933
343.75168,100,20475.301942
228.56639,100,20475.301951
357.99594,100,20475.30196
260.75668,100,20475.301969
241.89699,100,20489.164689
253.62924,100,20489.164775
277.65997,100,20489.164796
210.3366,100,20489.164812
213.71991,100,20489.164827
177.73198,100,20489.164842
184.04889,100,20489.164856
208.40022,100,20489.164871
229.50897,100,20512.928903
257.40323,100,20512.928976
191.42557,100,20512.928989
316.01852,100,20512.928998
258.42438,100,20512.929007
254.42322,100,20512.929016
234.38332,100,20512.929025
231.63083,100,20512.929043
233.3902,100,20535.779891
222.47621,100,20535.77997
181.87564,100,20535.779984
230.84065,100,20535.779994
248.80574,100,20535.780004
368.16318,100,20535.780013
226.61192,100,20535.780022
172.77939,100,20535.780043
384.72113,100,20549.639839
231.30449,100,20549.639928
248.60431,100,20549.639949
275.7489,100,20549.639965
256.9613,100,20549.63998
180.73053,100,20549.639995
176.27542,100,20549.64001
233.34805,100,20549.640025
253.4121,100,20572.53028
217.7763,100,20572.530356
219.17,100,20572.530369
222.07108,100,20572.530379
205.86122,100,20572.530388
250.01068,100,20572.530397
157.11908,100,20572.530406
241.98631,100,20572.530415
386.70078,100,20588.013831
229.57199,100,20588.013909
388.85614,100,20588.013922
422.30563,100,20588.013932
342.2154,100,20588.013941
241.90512,100,20588.01395
263.8258,100,20588.013959
264.14575,100,20588.013968
271.67072,100,20611.52513
370.47925,100,20611.525206
234.08104,100,20611.525219
223.78508,100,20611.525229
247.3505,100,20611.525238
255.35951,100,20611.525247
259.76617,100,20611.525256
224.59229,100,20611.525265
282.5111,100,20624.87061
336.94345,100,20624.870691
252.20937,100,20624.870704
209.5793,100,20624.870713
233.8278,100,20624.870722
341.08356,100,20624.87073
220.87187,100,20624.870738
179.37204,100,20624.870747
409.44208,100,20647.812185
165.2597,100,20647.812257
237.63823,100,20647.81227
216.40181,100,20647.812279
249.53445,100,20647.812289
191.5921,100,20647.812298
252.85925,100,20647.812306
246.68254,100,20647.812315
204.47765,100,20661.594739
392.015,100,20661.594825
279.93475,100,20661.594847
372.19067,100,20661.594864
186.47694,100,20661.594881
227.31693,100,20661.594897
233.4682,100,20661.594913
354.4127,100,20661.594929
211.64926,100,20684.926472
332.30652,100,20684.926545
372.92807,100,20684.926558
237.66176,100,20684.926569
242.03645,100,20684.92658
419.56143,100,20684.926589
168.33417,100,20684.926598
439.06763,100,20684.926607
232.44028,100,20708.593431
233.46332,100,20708.593508
177.07962,100,20708.59352
339.94348,100,20708.59353
240.29611,100,20708.593539
439.59073,100,20708.593548
373.96478,100,20708.593556
408.63846,100,20708.593565
221.61868,100,20722.563902
388.34253,100,20722.563972
205.39268,100,20722.563985
255.94626,100,20722.563994
243.51772,100,20722.564005
214.58667,100,20722.564014
264.20764,100,20722.564023
450.30005,100,20722.564039
241.79915,100,20746.246909
188.10928,100,20746.246976
340.7475,100,20746.246989
258.59576,100,20746.246999
277.91483,100,20746.247007
239.19055,100,20746.247017
274.2658,100,20746.247025
346.42282,100,20746.247047
366.07553,100,20760.349903
238.77507,100,20760.349972
222.7242,100,20760.349984
257.46625,100,20760.349993
311.504,100,20760.350002
219.60277,100,20760.350011
275.7838,100,20760.35002
548.02094,100,20760.350036
349.1299,100,20783.557582
328.81802,100,20783.557655
349.57016,100,20783.557668
273.41718,100,20783.557677
472.65698,100,20783.557686
342.06845,100,20783.557694
206.03465,100,20783.557703
385.41168,100,20783.557712
370.24017,100,20797.547995
265.3568,100,20797.548095
377.39374,100,20797.548117
261.07794,100,20797.548133
278.69434,100,20797.548149
221.6082,100,20797.548164
308.11768,100,20797.548179
241.90588,100,20797.548194
305.6633,100,20820.653002
194.79607,100,20820.653115
345.8307,100,20820.653142
271.52274,100,20820.653164
224.46771,100,20820.653187
242.59793,100,20820.653207
270.82242,100,20820.653228
381.50366,100,20820.653248
253.45587,100,20843.861733
378.29813,100,20843.861809
385.44443,100,20843.861824
378.34885,100,20843.861834
216.67928,100,20843.861843
212.4624,100,20843.861852
223.7791,100,20843.86186
301.72427,100,20843.861869
227.07669,100,20857.720941
389.91196,100,20857.721015
234.82672,100,20857.721028
343.9394,100,20857.721049
376.9448,100,20857.721058
304.28857,100,20857.721066
349.30194,100,20857.721075
246.70755,100,20857.721084
279.95392,100,20882.282898
242.14821,100,20882.282973
252.25926,100,20882.282986
224.25844,100,20882.282995
280.5362,100,20882.283005
352.82828,100,20882.283014
427.51257,100,20882.283023
420.2685,100,20882.283041
239.89551,100,20896.317283
236.97357,100,20896.317364
265.1726,100,20896.317382
377.896,100,20896.317395
212.20932,100,20896.317406
273.114,100,20896.317418
206.9695,100,20896.31743
342.98563,100,20896.317442
223.02515,100,20920.520724
337.77838,100,20920.520797
247.09111,100,20920.520813
320.45956,100,20920.520823
228.34402,100,20920.520832
277.68115,100,20920.520841
261.59244,100,20920.52085
225.97475,100,20920.520859
251.79324,100,20933.919753
415.3659,100,20933.91985
235.50928,100,20933.919873
318.87518,100,20933.919891
262.68295,100,20933.919908
243.44476,100,20933.919924
203.65932,100,20933.91994
228.8515,100,20933.919956
250.28976,100,20956.866089
272.72678,100,20956.866165
255.82388,100,20956.866182
259.0592,100,20956.866191
276.52106,100,20956.866199
204.2283,100,20956.866208
247.75839,100,20956.866216
262.44424,100,20956.866225
251.73,100,20971.090863
361.0511,100,20971.090935
483.46277,100,20971.090949
259.2355,100,20971.09096
249.91025,100,20971.09097
332.69006,100,20971.09098
363.5061,100,20971.09099
265.10928,100,20971.091
246.9574,100,20994.704817
252.42137,100,20994.704892
247.3544,100,20994.704904
267.89484,100,20994.704914
418.6299,100,20994.704923
244.41594,100,20994.704932
377.63806,100,20994.704941
420.82733,100,20994.70495
221.14137,100,21018.888845
260.15845,100,21018.88892
360.14703,100,21018.888933
378.61652,100,21018.888942
384.1916,100,21018.888952
199.15936,100,21018.88896
214.8477,100,21018.888969
241.08603,100,21018.888978
241.07234,100,21033.067445
383.35733,100,21033.067522
235.51814,100,21033.067534
221.15263,100,21033.067544
377.45734,100,21033.067553
242.19893,100,21033.067561
258.4377,100,21033.06757
224.19724,100,21033.067579
239.66658,100,21056.403516
309.74228,100,21056.403593
378.02408,100,21056.403606
225.71654,100,21056.403616
354.64447,100,21056.403625
351.94305,100,21056.403633
232.26617,100,21056.403643
376.2061,100,21056.403651
369.28796,100,21070.248406
242.58543,100,21070.248498
219.72675,100,21070.248521
239.54675,100,21070.248538
340.789,100,21070.248555
354.87155,100,21070.248572
393.21805,100,21070.248588
278.89017,100,21070.248607
235.61682,100,21093.446797
253.21509,100,21093.446872
348.57498,100,21093.446887
256.09018,100,21093.446898
228.33421,100,21093.446908
241.7488,100,21093.446916
380.26218,100,21093.446925
227.77737,100,21093.446933
365.09796,100,21107.739634
370.27695,100,21107.739725
417.41687,100,21107.739748
237.19011,100,21107.739765
244.09277,100,21107.739813
239.2482,100,21107.73983
391.5885,100,21107.739847
229.70374,100,21107.739863
374.6273,100,21131.748439
220.10986,100,21131.748514
250.60385,100,21131.748529
188.7462,100,21131.748538
403.66177,100,21131.748548
212.51521,100,21131.748556
252.57579,100,21131.748565
248.6743,100,21131.748573
244.07747,100,21155.264803
199.11906,100,21155.264875
254.40363,100,21155.264887
368.41507,100,21155.264896
248.163,100,21155.264904
183.34775,100,21155.264913
212.30264,100,21155.264921
300.21423,100,21155.264929
231.52832,100,21169.838575
365.62125,100,21169.838655
247.5559,100,21169.838671
376.62256,100,21169.838682
178.19876,100,21169.838691
231.4684,100,21169.838699
358.9856,100,21169.838708
264.15024,100,21169.838716
262.45273,100,21194.105053
249.27982,100,21194.105123
337.94214,100,21194.105135
218.71567,100,21194.105144
437.80444,100,21194.105153
306.98846,100,21194.105161
250.96811,100,21194.10517
232.94272,100,21194.105179
377.26022,100,21207.767726
253.42506,100,21207.767799
397.89886,100,21207.767812
169.7302,100,21207.767821
381.57486,100,21207.767829
247.3451,100,21207.767838
356.40732,100,21207.767846
385.37466,100,21207.767854
168.56384,100,21232.282525
223.58044,100,21232.282595
301.7594,100,21232.282607
383.50858,100,21232.282616
217.14648,100,21232.282625
303.17587,100,21232.282633
378.5315,100,21232.282642
243.19423,100,21232.28265
305.3051,100,21247.559759
238.17935,100,21247.559849
382.2596,100,21247.559871
219.30933,100,21247.559889
239.57167,100,21247.559906
253.99747,100,21247.559922
251.71458,100,21247.559938
217.39525,100,21247.559954
233.65277,100,21270.995692
217.88785,100,21270.995765
223.26204,100,21270.995778
375.9341,100,21270.995787
522.145,100,21270.995796
228.37715,100,21270.995804
207.89934,100,21270.995812
394.26233,100,21270.995821
286.91693,100,21286.378472
230.35991,100,21286.378542
235.53416,100,21286.378554
410.76675,100,21286.378563
316.8682,100,21286.378572
222.7949,100,21286.37858
344.97382,100,21286.378588
458.3359,100,21286.378596
275.90204,100,21310.277211
212.44797,100,21310.277283
245.0139,100,21310.277295
266.2184,100,21310.277304
356.66238,100,21310.277313
260.00937,100,21310.277322
174.0013,100,21310.27733
425.58655,100,21310.277338
224.1506,100,21335.434885
229.01822,100,21335.434957
228.27496,100,21335.43497
233.82454,100,21335.434979
291.18192,100,21335.434988
221.00197,100,21335.434997
274.69543,100,21335.435006
382.64865,100,21335.435015
233.91821,100,21348.578872
218.37883,100,21348.578945
313.7298,100,21348.578959
209.342,100,21348.57897
223.80128,100,21348.57898
265.47632,100,21348.57899
402.7473,100,21348.579
245.4141,100,21348.579009
270.29657,100,21372.963985
417.21698,100,21372.964084
250.69914,100,21372.964106
274.80777,100,21372.964122
370.01047,100,21372.964138
376.35596,100,21372.964153
388.0824,100,21372.964168
428.35114,100,21372.964182
361.06958,100,21387.83642
313.28812,100,21387.836493
221.38275,100,21387.836505
263.32,100,21387.836514
332.07443,100,21387.836523
245.19398,100,21387.836532
219.16069,100,21387.83654
265.44296,100,21387.836549
286.26297,100,21411.695483
221.016,100,21411.695566
237.93237,100,21411.695587
361.48743,100,21411.695603
291.8207,100,21411.695618
199.08977,100,21411.695633
323.9071,100,21411.695647
322.22403,100,21411.695662
340.7551,100,21424.844699
255.9396,100,21424.844772
211.18578,100,21424.844785
227.33937,100,21424.844794
257.81903,100,21424.844803
198.09009,100,21424.844812
264.09177,100,21424.844821
305.1818,100,21424.84483
344.1231,100,21449.254363
262.11966,100,21449.254433
296.01077,100,21449.254446
265.72034,100,21449.254456
534.1571,100,21449.254465
391.99927,100,21449.254473
225.81462,100,21449.254482
240.87347,100,21449.254491
283.94693,100,21472.727348
245.24644,100,21472.727421
145.65924,100,21472.727434
273.957,100,21472.727444
232.06767,100,21472.727453
245.71495,100,21472.727462
358.0652,100,21472.72747
253.6197,100,21472.727479
217.1359,100,21486.682509
266.36636,100,21486.682595
262.38492,100,21486.682613
271.7821,100,21486.682626
527.4685,100,21486.682639
222.31758,100,21486.682651
238.88359,100,21486.682663
209.49153,100,21486.682675
341.06427,100,21511.346407
489.10522,100,21511.346508
360.8483,100,21511.346534
392.79767,100,21511.346556
274.7038,100,21511.346576
260.94052,100,21511.346596
349.50293,100,21511.346617
333.9435,100,21511.346638
215.9829,100,21524.714273
267.404,100,21524.71435
189.57054,100,21524.714362
206.07047,100,21524.714371
360.13535,100,21524.714381
400.82626,100,21524.714389
191.98764,100,21524.714398
317.6198,100,21524.714406
246.88661,100,21548.116784
329.5635,100,21548.11686
225.32463,100,21548.116873
358.6327,100,21548.116882
326.7451,100,21548.116891
206.12001,100,21548.116899
281.56894,100,21548.116909
182.47505,100,21548.116917
345.14017,100,21562.319075
343.65002,100,21562.319176
221.90744,100,21562.319205
321.1623,100,21562.319227
235.84581,100,21562.319247
373.86267,100,21562.319266
262.57968,100,21562.319285
249.1754,100,21562.319305
199.41261,100,21585.846765
221.22833,100,21585.846836
244.37988,100,21585.846852
347.2967,100,21585.846862
213.51521,100,21585.846871
242.69682,100,21585.846879
383.0766,100,21585.846888
391.37964,100,21585.846896
311.5146,100,21600.413218
368.0485,100,21600.41329
400.72485,100,21600.413303
238.55408,100,21600.413312
389.52505,100,21600.413321
328.54306,100,21600.41333
367.68002,100,21600.413338
213.49101,100,21600.413347
279.92468,100,21624.049792
267.9792,100,21624.049868
379.05975,100,21624.049881
350.81906,100,21624.04989
431.89795,100,21624.0499
304.97104,100,21624.049909
342.30048,100,21624.049919
281.20795,100,21624.049928
322.16138,100,21648.096604
287.57452,100,21648.09668
297.7058,100,21648.096693
296.2086,100,21648.096702
339.80557,100,21648.096711
214.04036,100,21648.09672
273.4224,100,21648.096728
205.64038,100,21648.096737
252.4029,100,21661.855281
229.45003,100,21661.855376
314.85437,100,21661.855401
235.57123,100,21661.85542
223.58876,100,21661.855439
234.94084,100,21661.855456
270.68347,100,21661.855474
261.60858,100,21661.855491
176.63786,100,21684.86237
236.48578,100,21684.862452
243.54523,100,21684.862465
201.86537,100,21684.862476
331.89,100,21684.862485
212.79799,100,21684.862495
389.4605,100,21684.862504
244.81856,100,21684.862513
308.1908,100,21699.186321
260.44135,100,21699.186414
205.19794,100,21699.186435
363.59274,100,21699.186452
374.60788,100,21699.186467
629.69385,100,21699.186482
267.06796,100,21699.186496
323.22586,100,21699.186511
223.43272,100,21723.102481
268.57236,100,21723.102551
242.45125,100,21723.102565
239.97774,100,21723.102574
372.34552,100,21723.102583
257.90054,100,21723.102592
263.2635,100,21723.102601
265.37152,100,21723.10261
230.33234,100,21737.416066
250.64517,100,21737.416139
220.7689,100,21737.416152
321.4651,100,21737.416161
382.10452,100,21737.416169
248.24727,100,21737.416178
346.14246,100,21737.416187
222.65082,100,21737.416195
337.06543,100,21761.765703
389.00012,100,21761.765796
332.98618,100,21761.765819
183.98352,100,21761.765836
408.0681,100,21761.765852
380.49957,100,21761.765869
379.59814,100,21761.765885
252.57564,100,21761.765901
253.94475,100,21785.022223
350.33264,100,21785.022295
339.52768,100,21785.022308
206.81194,100,21785.022317
255.83318,100,21785.022326
234.91003,100,21785.022336
424.9749,100,21785.022344
400.66312,100,21785.022354
325.98688,100,21798.32236
234.74803,100,21798.322434
225.77162,100,21798.322447
366.93222,100,21798.322457
373.25726,100,21798.322466
266.23538,100,21798.322475
374.941,100,21798.322484
306.0938,100,21798.322493
288.8415,100,21820.920354
369.0486,100,21820.920427
176.3381,100,21820.92044
247.92296,100,21820.920449
361.62656,100,21820.920459
377.37817,100,21820.920467
264.65524,100,21820.920476
208.818,100,21820.920484
264.88986,100,21835.648793
252.72858,100,21835.648865
242.46014,100,21835.648878
365.36197,100,21835.648887
287.57764,100,21835.648896
399.6626,100,21835.648919
251.51126,100,21835.648928
262.78098,100,21835.648937
223.63087,100,21858.841494
279.01593,100,21858.841568
192.06912,100,21858.841581
260.90872,100,21858.84159
249.45477,100,21858.841599
423.29767,100,21858.841607
253.38924,100,21858.841616
232.48662,100,21858.841624
366.10324,100,21872.149136
356.79047,100,21872.149227
201.69727,100,21872.149248
266.47006,100,21872.149263
391.4902,100,21872.149278
352.32925,100,21872.149292
379.67245,100,21872.149307
371.44354,100,21872.149324
199.10805,100,21895.97611
328.816,100,21895.976197
331.20218,100,21895.976218
394.24176,100,21895.976233
231.93805,100,21895.976248
245.46364,100,21895.976263
248.55263,100,21895.976277
493.4248,100,21895.976291
197.40253,100,21910.184296
340.91183,100,21910.184368
226.75589,100,21910.18438
215.24623,100,21910.184389
229.08658,100,21910.184398
305.36612,100,21910.184407
245.00743,100,21910.184416
334.71515,100,21910.184426
179.63297,100,21933.899742
399.7365,100,21933.899822
181.9587,100,21933.899835
216.17503,100,21933.899847
246.37465,100,21933.899857
317.7765,100,21933.899867
402.2085,100,21933.899876
325.04037,100,21933.899886
436.7832,100,21958.282754
257.84845,100,21958.282825
193.47989,100,21958.282838
279.7522,100,21958.282847
243.09843,100,21958.282856
420.4967,100,21958.282864
409.48294,100,21958.282872
211.40361,100,21958.282881
328.0269,100,21972.571606
285.39688,100,21972.571679
225.31354,100,21972.571692
259.36917,100,21972.571701
197.59863,100,21972.57171
227.67297,100,21972.571719
221.9798,100,21972.571728
189.51297,100,21972.571736
265.32672,100,21995.70599
247.87451,100,21995.706075
277.25806,100,21995.706089
294.14435,100,21995.706099
363.33957,100,21995.706108
249.03644,100,21995.706117
320.03976,100,21995.706126
245.79652,100,21995.706135
298.97812,100,22010.239901
254.3209,100,22010.240006
240.86687,100,22010.24005
298.71124,100,22010.240073
364.2666,100,22010.240094
240.78227,100,22010.240114
248.63158,100,22010.240135
476.9939,100,22010.240157
392.89282,100,22034.437568
349.32355,100,22034.437642
427.04736,100,22034.437654
401.39545,100,22034.437663
388.19815,100,22034.437671
204.94193,100,22034.437679
313.6895,100,22034.437687
407.81985,100,22034.437696
338.8199,100,22048.59258
256.62228,100,22048.592654
264.1933,100,22048.592667
284.306,100,22048.592677
208.28525,100,22048.592686
327.41724,100,22048.592695
262.81815,100,22048.592704
242.10683,100,22048.592712
300.33,100,22072.298466
283.77335,100,22072.298538
252.782,100,22072.298551
231.7963,100,22072.298561
215.03607,100,22072.29857
159.8429,100,22072.298579
219.97108,100,22072.298588
284.2465,100,22072.298596
231.0805,100,22097.158808
359.95697,100,22097.15888
239.1116,100,22097.158892
236.98242,100,22097.158901
378.29797,100,22097.15891
249.19374,100,22097.158918
208.45073,100,22097.158927
389.2003,100,22097.158936
333.93274,100,22112.029775
353.71893,100,22112.029863
248.65936,100,22112.029884
452.73416,100,22112.0299
355.8351,100,22112.029915
197.05678,100,22112.02993
327.79272,100,22112.029944
332.44858,100,22112.029959
271.3428,100,22136.417371
266.87744,100,22136.417446
236.72284,100,22136.417458
356.51306,100,22136.417468
254.98712,100,22136.417476
226.74654,100,22136.417485
256.50043,100,22136.417493
370.60037,100,22136.417502
275.72095,100,22150.202893
263.566,100,22150.202964
218.80772,100,22150.202976
322.07812,100,22150.202986
187.4694,100,22150.202994
406.8243,100,22150.203002
438.755,100,22150.203011
204.99487,100,22150.203019
283.40408,100,22173.526839
379.48038,100,22173.526926
239.71902,100,22173.526947
334.59335,100,22173.526963
243.00816,100,22173.526978
312.4555,100,22173.526993
363.75537,100,22173.527007
379.8473,100,22173.527022
234.55142,100,22187.441789
346.14285,100,22187.441861
330.95465,100,22187.441873
309.1117,100,22187.441882
236.64046,100,22187.44189
331.2711,100,22187.441898
241.35165,100,22187.441907
271.26193,100,22187.441915
425.44638,100,22211.364944
237.02228,100,22211.365049
289.61438,100,22211.365065
282.65576,100,22211.365075
228.05324,100,22211.365084
235.0024,100,22211.365092
325.28732,100,22211.365101
226.04773,100,22211.365109
189.93181,100,22224.206769
466.88574,100,22224.206848
257.6807,100,22224.206862
232.28673,100,22224.206872
195.26485,100,22224.206882
208.27647,100,22224.206891
438.55957,100,22224.2069
220.39804,100,22224.206911
250.19579,100,22247.259831
236.0233,100,22247.259903
239.04134,100,22247.259916
228.4329,100,22247.259925
180.02534,100,22247.259934
431.53006,100,22247.259943
267.31628,100,22247.259952
465.1895,100,22247.259964
254.91072,100,22270.637744
243.30588,100,22270.637845
502.2439,100,22270.637868
202.97078,100,22270.637885
494.51822,100,22270.637901
223.25989,100,22270.637917
218.1027,100,22270.637932
205.1759,100,22270.637941
354.36963,100,22284.540732
189.8004,100,22284.540822
458.37973,100,22284.540843
215.78989,100,22284.54086
504.52298,100,22284.540875
526.6718,100,22284.540891
396.97076,100,22284.540905
402.57874,100,22284.54092
241.24121,100,22309.302814
338.81677,100,22309.302901
367.97437,100,22309.302921
371.0583,100,22309.302937
251.1441,100,22309.302952
457.6865,100,22309.302967
240.10071,100,22309.302981
256.33832,100,22309.302995
251.69945,100,22323.167567
220.54456,100,22323.167642
397.27927,100,22323.167654
360.11246,100,22323.167663
273.61435,100,22323.167671
259.5428,100,22323.16768
506.765,100,22323.167688
288.03214,100,22323.167696
245.44649,100,22345.497853
238.86508,100,22345.497926
381.3702,100,22345.497938
383.94748,100,22345.497948
348.06778,100,22345.497957
220.84218,100,22345.497966
180.92947,100,22345.497974
265.30518,100,22345.497983
263.1974,100,22359.143257
223.6452,100,22359.143327
201.77249,100,22359.14334
271.30423,100,22359.143349
184.83165,100,22359.143358
333.6302,100,22359.143367
403.80978,100,22359.143375
229.71736,100,22359.143384
236.36206,100,22382.724211
310.18372,100,22382.724282
215.43936,100,22382.724294
258.05957,100,22382.724304
254.8915,100,22382.724313
224.58026,100,22382.724322
399.163,100,22382.72433
243.18513,100,22382.724339
199.778,100,22407.146814
292.24857,100,22407.146883
261.24054,100,22407.146896
335.67004,100,22407.146905
409.96674,100,22407.146914
378.58243,100,22407.146922
385.12775,100,22407.146931
214.31058,100,22407.146939
189.67917,100,22420.420363
206.53998,100,22420.420439
221.91402,100,22420.420452
226.02458,100,22420.420461
224.33249,100,22420.420471
228.30527,100,22420.42048
238.99663,100,22420.420489
241.81308,100,22420.420498
387.3804,100,22443.065577
203.18437,100,22443.065659
261.03848,100,22443.065676
308.63663,100,22443.06569
249.37653,100,22443.065703
228.20804,100,22443.065714
235.7221,100,22443.065726
354.1929,100,22443.065736
288.7932,100,22457.515141
173.24463,100,22457.515228
210.8553,100,22457.515249
247.52405,100,22457.515265
440.1639,100,22457.515279
366.46722,100,22457.515294
244.74731,100,22457.515309
276.88538,100,22457.515323
329.96786,100,22481.426736
329.7206,100,22481.426811
234.05766,100,22481.426823
197.18056,100,22481.426832
333.52045,100,22481.426841
350.8138,100,22481.426849
266.0562,100,22481.426858
267.60806,100,22481.426866
345.23688,100,22495.465358
562.433,100,22495.46543
309.7777,100,22495.465442
221.93236,100,22495.465451
242.9267,100,22495.465461
380.53754,100,22495.465469
258.59265,100,22495.465477
400.71042,100,22495.465486
269.8472,100,22518.758683
293.28177,100,22518.758757
191.16559,100,22518.758769
343.98477,100,22518.758779
242.73053,100,22518.758788
361.59967,100,22518.758797
231.64929,100,22518.758806
231.47983,100,22518.758815
285.22086,100,22534.093488
236.80112,100,22534.093581
374.64572,100,22534.093605
271.59326,100,22534.093622
368.54514,100,22534.093639
361.31836,100,22534.093656
210.9937,100,22534.093672
298.0224,100,22534.093688
179.86171,100,22557.519116
345.74945,100,22557.519209
232.98082,100,22557.519229
162.44392,100,22557.519244
240.24283,100,22557.51926
384.0135,100,22557.519307
232.65974,100,22557.519323
302.9044,100,22557.519342
172.04707,100,22581.353403
380.6764,100,22581.353479
480.47842,100,22581.353492
302.73245,100,22581.353502
371.43637,100,22581.353511
281.8564,100,22581.353519
267.1558,100,22581.353528
233.38916,100,22581.353537
383.55112,100,22596.141857
330.02475,100,22596.141943
236.0579,100,22596.141964
315.9429,100,22596.14198
275.32147,100,22596.141995
231.21501,100,22596.14201
340.64767,100,22596.142025
390.07697,100,22596.142055
508.1402,100,22620.207469
386.35034,100,22620.207542
304.5157,100,22620.207555
282.67844,100,22620.207565
244.09027,100,22620.207574
251.41595,100,22620.207584
251.71165,100,22620.207593
245.15898,100,22620.207602
170.34787,100,22634.11983
439.54688,100,22634.119903
422.16995,100,22634.119915
196.15112,100,22634.119925
353.07828,100,22634.119934
345.028,100,22634.119942
245.18396,100,22634.119951
303.60107,100,22634.11996
245.22466,100,22658.036983
360.22662,100,22658.037061
343.0329,100,22658.037074
284.3271,100,22658.037083
247.01595,100,22658.037091
252.57443,100,22658.0371
348.73984,100,22658.037109
254.91226,100,22658.037117
253.53166,100,22671.955402
235.39761,100,22671.955484
245.32538,100,22671.9555
361.93323,100,22671.955512
196.62718,100,22671.955523
190.37035,100,22671.955534
253.42676,100,22671.955545
259.08453,100,22671.955556
339.24588,100,22694.52978
359.2986,100,22694.529857
275.3881,100,22694.529871
284.2721,100,22694.529881
287.77728,100,22694.529891
244.02542,100,22694.529901
206.53464,100,22694.52991
282.96155,100,22694.529919
186.80598,100,22717.845486
186.78128,100,22717.845571
271.14606,100,22717.845589
254.85866,100,22717.845602
268.79327,100,22717.845615
399.30148,100,22717.845628
266.31052,100,22717.84564
352.23468,100,22717.845653
321.02206,100,22732.110888
390.78006,100,22732.110979
344.79663,100,22732.111001
231.32137,100,22732.111018
271.8765,100,22732.111048
215.46039,100,22732.111066
217.33789,100,22732.111082
249.02571,100,22732.111098
255.9663,100,22755.207077
167.31174,100,22755.207149
242.81346,100,22755.207162
265.20258,100,22755.207171
330.5041,100,22755.20718
336.9212,100,22755.207189
195.4441,100,22755.207197
182.73505,100,22755.207206
174.37137,100,22768.992378
201.02347,100,22768.992455
229.82597,100,22768.992468
204.6343,100,22768.992477
197.0707,100,22768.992486
148.34557,100,22768.992494
215.97261,100,22768.992503
232.78316,100,22768.992511
393.66296,100,22792.590228
259.43,100,22792.590299
391.50378,100,22792.590311
219.73354,100,22792.59032
362.43832,100,22792.590329
272.8546,100,22792.590338
257.49234,100,22792.590346
311.70746,100,22792.590355
240.78384,100,22805.530993
347.43872,100,22805.531096
257.36996,100,22805.531117
238.399,100,22805.531134
240.3579,100,22805.531149
540.94824,100,22805.531164
366.37833,100,22805.531179
265.08066,100,22805.531194
282.2079,100,22828.62279
150.73737,100,22828.622864
303.52664,100,22828.622878
201.7972,100,22828.622887
219.01794,100,22828.622897
202.02515,100,22828.622905
343.0406,100,22828.622915
269.47098,100,22828.622923
328.68332,100,22842.817323
249.32925,100,22842.817413
231.89676,100,22842.817434
373.17392,100,22842.81745
540.32227,100,22842.817465
363.21384,100,22842.81748
378.47128,100,22842.817494
261.47406,100,22842.817509
304.49164,100,22867.086752
234.53134,100,22867.086842
213.49725,100,22867.086863
217.20384,100,22867.086879
266.55957,100,22867.086893
414.77264,100,22867.086908
202.29262,100,22867.086922
263.99216,100,22867.086936
457.88864,100,22890.2809
247.89537,100,22890.280996
234.05995,100,22890.281017
236.81775,100,22890.281055
314.09137,100,22890.281076
376.14545,100,22890.281091
482.33908,100,22890.281106
304.1777,100,22890.281121
288.5834,100,22903.620271
250.79356,100,22903.620347
250.67711,100,22903.62036
401.25272,100,22903.62037
289.49985,100,22903.620378
344.3638,100,22903.620387
239.79036,100,22903.620395
240.86465,100,22903.620404
278.09036,100,22926.941125
301.11316,100,22926.9412
290.17435,100,22926.941224
194.81546,100,22926.941234
240.38702,100,22926.941244
240.36948,100,22926.941252
531.64746,100,22926.941261
203.43448,100,22926.941269
249.2605,100,22941.368172
268.64343,100,22941.368249
549.8931,100,22941.368262
385.07718,100,22941.368271
342.44638,100,22941.368279
365.24545,100,22941.368288
236.03342,100,22941.368297
202.24985,100,22941.368305
389.14062,100,22965.242855
276.96658,100,22965.24293
514.55286,100,22965.242945
485.43088,100,22965.242955
249.9657,100,22965.242964
229.08643,100,22965.242972
332.3462,100,22965.242981
239.72057,100,22965.24299
385.13007,100,22979.046192
190.62158,100,22979.04628
212.95084,100,22979.046301
345.8757,100,22979.046317
533.23975,100,22979.046332
233.58447,100,22979.046347
220.16232,100,22979.046362
397.4157,100,22979.046377
158.2061,100,23003.212473
240.38399,100,23003.212543
361.5502,100,23003.212555
271.84583,100,23003.212564
273.53058,100,23003.212572
211.69492,100,23003.212581
213.51399,100,23003.212589
311.19934,100,23003.212597
249.10217,100,23026.999283
247.29274,100,23026.999358
268.14343,100,23026.999371
172.25572,100,23026.99938
239.93953,100,23026.999389
231.86462,100,23026.999398
230.40869,100,23026.999406
339.69382,100,23026.999415
293.58316,100,23039.760167
270.73026,100,23039.760244
396.0378,100,23039.760257
224.94975,100,23039.760267
242.21071,100,23039.760276
187.03177,100,23039.760285
364.6987,100,23039.760293
201.56627,100,23039.760302
307.77426,100,23062.668936
301.93872,100,23062.669008
203.13396,100,23062.669021
228.02542,100,23062.669041
226.91393,100,23062.669051
220.43556,100,23062.66906
290.18707,100,23062.669069
198.81255,100,23062.669077
338.87152,100,23075.891099
222.41418,100,23075.891188
185.46373,100,23075.891211
165.23877,100,23075.891227
251.33182,100,23075.891244
216.77034,100,23075.891261
302.00806,100,23075.891277
163.75484,100,23075.891292
296.08316,100,23100.203718
249.68929,100,23100.203794
331.4457,100,23100.203808
268.27136,100,23100.203817
220.7736,100,23100.203826
211.35759,100,23100.203835
310.58517,100,23100.203844
367.5568,100,23100.203852
264.9642,100,23114.513695
341.51715,100,23114.513766
292.7668,100,23114.513779
259.9129,100,23114.513788
202.15402,100,23114.513797
204.78604,100,23114.513806
387.55847,100,23114.513814
304.4384,100,23114.513824
236.99298,100,23137.600573
374.36276,100,23137.600647
205.65797,100,23137.600659
626.3902,100,23137.600669
203.42368,100,23137.600678
225.48601,100,23137.600689
185.9999,100,23137.600699
168.93309,100,23137.600709
351.25717,100,23150.915357
288.3811,100,23150.915448
395.44495,100,23150.915471
215.17577,100,23150.915488
399.46118,100,23150.915505
244.12608,100,23150.915522
563.74194,100,23150.915538
376.29434,100,23150.915554
358.1199,100,23174.563412
362.39322,100,23174.563506
239.92412,100,23174.56353
203.21156,100,23174.563548
179.3802,100,23174.563565
295.2098,100,23174.563581
241.74956,100,23174.563597
361.00452,100,23174.563614
243.90558,100,23197.705191
354.89032,100,23197.705261
250.52393,100,23197.705273
464.70062,100,23197.705282
166.07767,100,23197.705292
162.64816,100,23197.7053
207.14708,100,23197.705309
219.40425,100,23197.705318
388.91937,100,23211.791932
192.84122,100,23211.792006
213.81494,100,23211.792019
191.22069,100,23211.792039
338.00366,100,23211.792051
356.61182,100,23211.79206
354.68396,100,23211.792069
216.132,100,23211.792078
319.4799,100,23237.210316
304.19937,100,23237.210386
229.37975,100,23237.210398
233.01639,100,23237.210407
238.50455,100,23237.210415
340.12286,100,23237.210423
248.83673,100,23237.210432
308.43658,100,23237.21044
279.24557,100,23252.34059
298.26367,100,23252.340686
264.35022,100,23252.340708
343.36115,100,23252.340726
418.38046,100,23252.340743
364.79428,100,23252.34076
369.5662,100,23252.340776
194.24255,100,23252.340791
384.42514,100,23277.311958
340.95044,100,23277.312064
225.64304,100,23277.312079
205.59032,100,23277.312089
235.80463,100,23277.312098
251.23198,100,23277.312123
409.5365,100,23277.312132
375.9705,100,23277.31214
228.79451,100,23291.022301
222.22775,100,23291.022374
368.4391,100,23291.022386
220.0614,100,23291.022396
381.27826,100,23291.022405
337.54547,100,23291.022413
459.79895,100,23291.022422
195.61644,100,23291.022431
211.2698,100,23315.387364
298.79044,100,23315.387458
302.0724,100,23315.387479
390.10693,100,23315.387495
224.89473,100,23315.38751
216.17499,100,23315.387525
222.83514,100,23315.387539
261.9629,100,23315.387554
250.14342,100,23340.156409
268.55713,100,23340.156481
418.84915,100,23340.156493
363.73093,100,23340.156502
192.22258,100,23340.156511
357.57233,100,23340.156519
411.39426,100,23340.156527
207.59277,100,23340.156535
211.5573,100,23355.203346
264.229,100,23355.203419
360.02393,100,23355.203432
208.86739,100,23355.203442
395.26715,100,23355.203451
298.68896,100,23355.203459
394.1073,100,23355.203468
254.85437,100,23355.203477
231.76509,100,23378.279528
218.67741,100,23378.2796
227.44913,100,23378.279613
229.08328,100,23378.279623
204.67706,100,23378.279632
219.18764,100,23378.27964
417.74844,100,23378.279649
262.532,100,23378.279657
216.23479,100,23391.908015
197.32245,100,23391.908095
206.89433,100,23391.908108
254.29951,100,23391.908118
360.6827,100,23391.908127
198.70352,100,23391.908136
440.25458,100,23391.908144
250.2279,100,23391.908153
364.75204,100,23416.048175
174.14854,100,23416.048253
391.153,100,23416.048265
154.79773,100,23416.048275
254.7633,100,23416.048283
317.4412,100,23416.048292
225.4,100,23416.048301
307.63666,100,23416.048309
225.39897,100,23430.292778
240.04482,100,23430.292851
307.11996,100,23430.292864
376.97058,100,23430.292874
245.32584,100,23430.292883
201.7648,100,23430.292891
262.4979,100,23430.2929
268.34586,100,23430.292909
561.1283,100,23453.585835
242.66183,100,23453.585913
238.07732,100,23453.585926
255.85469,100,23453.585936
248.28526,100,23453.585945
224.18195,100,23453.585954
203.5209,100,23453.585963
325.66766,100,23453.585971
421.75748,100,23466.740725
348.58167,100,23466.740797
210.73318,100,23466.740809
231.34277,100,23466.740818
319.70126,100,23466.740826
235.45569,100,23466.740835
293.52103,100,23466.740843
375.34796,100,23466.740851
261.84283,100,23490.808237
376.41107,100,23490.808333
276.154,100,23490.808356
343.69263,100,23490.808373
262.22565,100,23490.80839
198.65215,100,23490.808407
257.74545,100,23490.808423
193.97394,100,23490.80844
332.95706,100,23514.869323
375.65677,100,23514.869398
245.16855,100,23514.86941
255.87276,100,23514.86942
234.50352,100,23514.869429
206.014,100,23514.869438
373.98532,100,23514.869446
269.2188,100,23514.869455
254.9603,100,23529.021054
354.58487,100,23529.021129
272.0212,100,23529.021142
430.7787,100,23529.021151
275.83948,100,23529.02116
207.27243,100,23529.021169
252.41537,100,23529.021178
390.77353,100,23529.021187
202.89627,100,23551.886958
361.77087,100,23551.88704
251.0038,100,23551.887056
240.31424,100,23551.887065
244.68301,100,23551.887074
390.36023,100,23551.887082
217.96216,100,23551.887091
237.82953,100,23551.8871
181.70175,100,23564.958703
257.3911,100,23564.958775
374.7493,100,23564.958787
230.01648,100,23564.958797
229.80144,100,23564.958806
211.49152,100,23564.958815
342.51437,100,23564.958824
367.65674,100,23564.958833
232.23787,100,23589.003236
190.1693,100,23589.003315
236.46533,100,23589.003329
258.2973,100,23589.003338
346.50195,100,23589.003348
242.07103,100,23589.003357
206.822,100,23589.003366
269.49817,100,23589.003375
252.64204,100,23602.241956
381.5021,100,23602.242059
180.47589,100,23602.242087
258.1567,100,23602.242105
205.68263,100,23602.242121
368.68576,100,23602.242138
203.4379,100,23602.242154
264.3693,100,23602.24217
324.38046,100,23626.039767
293.32837,100,23626.039842
247.89256,100,23626.039854
261.0232,100,23626.039864
418.7849,100,23626.039872
334.11353,100,23626.039881
241.63795,100,23626.03989
400.9821,100,23626.039898
233.11844,100,23649.773488
251.5058,100,23649.773561
182.04147,100,23649.773587
392.68604,100,23649.773597
261.8928,100,23649.773606
192.7176,100,23649.773614
166.14536,100,23649.773623
332.32205,100,23649.773632
219.1078,100,23662.619079
240.45667,100,23662.619173
490.58032,100,23662.619197
207.89047,100,23662.619216
192.1596,100,23662.619237
248.91585,100,23662.619253
411.64505,100,23662.61927
235.33275,100,23662.619287
272.00168,100,23687.201478
228.13089,100,23687.201571
216.89246,100,23687.201595
242.33717,100,23687.201613
231.5741,100,23687.20163
409.73633,100,23687.201647
349.53964,100,23687.201663
304.79184,100,23687.20168
217.23317,100,23700.72529
234.6399,100,23700.725366
228.56187,100,23700.725379
262.85214,100,23700.725388
234.95522,100,23700.725397
421.76337,100,23700.725406
219.41086,100,23700.725415
235.56285,100,23700.725424
280.3084,100,23724.936687
219.43494,100,23724.936783
244.10829,100,23724.936805
250.8632,100,23724.936823
251.39369,100,23724.93684
214.08604,100,23724.936856
273.2318,100,23724.936872
339.34933,100,23724.936888
243.10141,100,23739.127797
220.67122,100,23739.127871
232.61937,100,23739.127883
178.45613,100,23739.127893
265.15067,100,23739.127902
557.0758,100,23739.127911
266.43164,100,23739.12792
264.4104,100,23739.127929
261.30365,100,23762.270946
204.35344,100,23762.271021
257.06396,100,23762.271045
267.7529,100,23762.271055
315.88055,100,23762.271065
343.44757,100,23762.271075
331.5687,100,23762.271084
324.6628,100,23762.271093
507.7193,100,23776.225345
254.32011,100,23776.225447
210.42366,100,23776.22547
169.55724,100,23776.225489
546.9319,100,23776.225507
368.7371,100,23776.225523
360.93985,100,23776.22554
457.53995,100,23776.225557
185.6103,100,23800.04994
406.4929,100,23800.050063
520.0336,100,23800.050108
290.40015,100,23800.050135
498.37543,100,23800.050157
260.70917,100,23800.050178
198.2158,100,23800.0502
385.1473,100,23800.050226
295.12076,100,23823.747701
251.35402,100,23823.747772
252.79149,100,23823.747784
316.44128,100,23823.747793
227.93909,100,23823.747802
248.93846,100,23823.747811
228.95033,100,23823.747819
202.66245,100,23823.747827
364.12222,100,23837.314593
253.60811,100,23837.314669
215.97914,100,23837.314682
258.58594,100,23837.314691
207.24805,100,23837.3147
379.76614,100,23837.314709
247.67413,100,23837.314717
388.41458,100,23837.314726
245.53262,100,23861.280195
258.26944,100,23861.280288
200.35983,100,23861.280309
237.71939,100,23861.280325
181.43796,100,23861.28034
374.87973,100,23861.280355
497.49664,100,23861.28037
252.33443,100,23861.280385
295.20807,100,23875.901381
221.4551,100,23875.901473
353.007,100,23875.901495
205.5186,100,23875.901513
399.49512,100,23875.901529
216.02257,100,23875.901546
233.03592,100,23875.901561
205.44626,100,23875.901577
194.87497,100,23899.459717
228.17902,100,23899.459792
174.51376,100,23899.459805
242.20238,100,23899.459814
311.29385,100,23899.459823
214.46173,100,23899.459831
235.66943,100,23899.45984
209.17482,100,23899.459849
325.23703,100,23913.143964
337.33926,100,23913.144045
205.75989,100,23913.144061
369.58728,100,23913.14407
238.44215,100,23913.144079
197.31616,100,23913.144088
338.86688,100,23913.144097
214.33696,100,23913.144105
212.80605,100,23936.921492
214.55466,100,23936.921571
312.04434,100,23936.921584
190.49762,100,23936.921594
231.88405,100,23936.921603
254.04396,100,23936.921612
348.30527,100,23936.921621
254.72548,100,23936.921629
232.95062,100,23961.46644
349.4397,100,23961.466517
271.77167,100,23961.46653
457.63992,100,23961.466539
307.77304,100,23961.466547
366.4906,100,23961.466556
236.47452,100,23961.466565
209.40816,100,23961.466573
376.0297,100,23976.702523
482.4975,100,23976.702594
237.14441,100,23976.702606
199.51108,100,23976.702615
214.62279,100,23976.702624
292.75565,100,23976.702633
307.42017,100,23976.702641
300.0461,100,23976.702649
255.43674,100,24000.119903
192.0117,100,24000.119979
394.7903,100,24000.119992
329.35016,100,24000.120002
275.4496,100,24000.120012
235.94724,100,24000.12002
166.91414,100,24000.120049
527.13855,100,24000.120062
196.80443,100,24013.323508
272.2232,100,24013.323583
331.258,100,24013.323596
551.53784,100,24013.323606
269.60013,100,24013.323617
272.23312,100,24013.323626
245.45712,100,24013.323636
226.75801,100,24013.323645
374.93106,100,24037.451519
254.01402,100,24037.451619
245.57304,100,24037.451641
245.05124,100,24037.451658
381.91684,100,24037.451674
211.29477,100,24037.45169
301.77066,100,24037.451706
337.53723,100,24037.451722
230.15157,100,24052.169322
396.72906,100,24052.169391
392.4965,100,24052.169404
269.67468,100,24052.169414
310.52142,100,24052.169422
236.2252,100,24052.16943
268.03607,100,24052.169438
339.0393,100,24052.169447
391.97278,100,24075.960743
226.12057,100,24075.960817
354.26138,100,24075.960829
262.09015,100,24075.960838
213.95648,100,24075.960847
219.20483,100,24075.960855
256.22733,100,24075.960863
414.11813,100,24075.960872
286.89432,100,24089.938532
209.5692,100,24089.938605
255.649,100,24089.938617
255.26848,100,24089.938627
274.87964,100,24089.938636
221.09563,100,24089.938644
354.4626,100,24089.938653
301.21594,100,24089.938661
248.09387,100,24113.649845
256.94296,100,24113.649917
363.09183,100,24113.64993
252.47339,100,24113.649939
243.94301,100,24113.649948
192.88034,100,24113.649956
249.85645,100,24113.649965
208.62798,100,24113.649973
239.5704,100,24138.344889
195.67685,100,24138.344961
274.10028,100,24138.344973
340.31186,100,24138.344982
246.1671,100,24138.344991
187.62445,100,24138.345
191.87054,100,24138.345009
567.36707,100,24138.345018
343.35034,100,24152.403919
249.8196,100,24152.403991
258.00348,100,24152.404002
283.10687,100,24152.404012
201.29927,100,24152.404021
398.42227,100,24152.404042
222.76338,100,24152.404053
477.1875,100,24152.404062
276.1151,100,24176.873983
241.39517,100,24176.874061
356.24164,100,24176.874073
270.14072,100,24176.874082
247.26033,100,24176.874091
377.72852,100,24176.874099
225.98412,100,24176.874108
315.88885,100,24176.874116
224.16344,100,24190.153226
264.2809,100,24190.153299
379.9813,100,24190.153311
385.28098,100,24190.153321
251.27519,100,24190.15333
232.90399,100,24190.153339
331.65814,100,24190.153347
381.59964,100,24190.153356
266.30884,100,24213.663578
340.76004,100,24213.663673
253.76894,100,24213.663694
404.61078,100,24213.66371
369.87228,100,24213.663725
253.59227,100,24213.66374
227.4947,100,24213.663754
366.1568,100,24213.663769
317.47687,100,24227.669455
340.48495,100,24227.669548
229.79729,100,24227.66957
182.9837,100,24227.669588
288.19815,100,24227.669604
295.89398,100,24227.669621
513.41113,100,24227.669636
316.6385,100,24227.669652
224.92221,100,24250.802784
299.08392,100,24250.802878
299.88693,100,24250.802902
283.46402,100,24250.802921
180.6445,100,24250.802938
344.95087,100,24250.802954
189.45406,100,24250.802971
230.87854,100,24250.802987
460.62875,100,24274.082531
397.3399,100,24274.082605
260.0181,100,24274.082618
487.2708,100,24274.082626
244.41333,100,24274.082635
224.04654,100,24274.082643
198.66144,100,24274.082651
257.86234,100,24274.082659
353.30228,100,24288.995589
217.27672,100,24288.995682
310.44247,100,24288.995706
374.393,100,24288.995724
234.67664,100,24288.995741
434.47934,100,24288.995758
279.43277,100,24288.995774
258.59033,100,24288.99579
382.16556,100,24311.401132
371.3763,100,24311.401209
238.72282,100,24311.401222
241.46072,100,24311.401231
218.72845,100,24311.40124
221.67172,100,24311.401249
223.17494,100,24311.401258
222.9199,100,24311.401266
512.67053,100,24325.673441
337.73383,100,24325.673519
218.03583,100,24325.673531
264.20908,100,24325.67354
241.35019,100,24325.673548
234.01593,100,24325.673557
261.14377,100,24325.673565
247.46715,100,24325.673573
252.53938,100,24348.927425
229.17618,100,24348.927504
300.3949,100,24348.927519
327.93588,100,24348.927531
284.31564,100,24348.927542
483.9136,100,24348.927553
411.25262,100,24348.927564
406.7744,100,24348.927576
313.30563,100,24363.117504
315.92078,100,24363.117576
255.15349,100,24363.117603
274.57245,100,24363.117613
395.26697,100,24363.117622
208.49538,100,24363.117631
365.84256,100,24363.117639
257.28308,100,24363.117647
285.20047,100,24387.490592
202.2865,100,24387.490677
376.15317,100,24387.490693
195.06018,100,24387.490705
368.9265,100,24387.490716
234.68108,100,24387.490728
187.23067,100,24387.490739
240.977,100,24387.49075
249.16502,100,24400.908687
240.88286,100,24400.908759
546.45044,100,24400.908771
328.90182,100,24400.908781
254.43611,100,24400.908789
251.02322,100,24400.908798
237.75111,100,24400.908807
328.61417,100,24400.908815
306.84192,100,24424.133846
239.37029,100,24424.133916
181.01877,100,24424.133928
246.21312,100,24424.133937
261.22043,100,24424.133946
237.07831,100,24424.133955
206.48903,100,24424.133963
269.3974,100,24424.133971
263.6317,100,24447.45688
240.63971,100,24447.45697
229.85413,100,24447.456991
234.59125,100,24447.457007
455.9806,100,24447.457023
252.4062,100,24447.457053
228.55882,100,24447.457068
265.23764,100,24447.457082
183.1421,100,24460.307914
286.06918,100,24460.307997
256.09973,100,24460.308015
171.56598,100,24460.308027
239.53487,100,24460.308051
428.72086,100,24460.308065
229.55647,100,24460.308076
231.30803,100,24460.308089
229.54692,100,24484.116554
230.34682,100,24484.116627
229.26326,100,24484.116639
228.95206,100,24484.116649
232.52367,100,24484.116657
231.29402,100,24484.116666
193.05963,100,24484.116674
313.8362,100,24484.116683
244.74089,100,24498.161018
272.04,100,24498.161098
239.33736,100,24498.16111
308.7866,100,24498.16112
327.08777,100,24498.161129
241.10153,100,24498.161137
410.73917,100,24498.161145
229.60555,100,24498.161154
283.1721,100,24522.559879
237.0389,100,24522.559959
235.23021,100,24522.559971
263.23865,100,24522.55998
229.14825,100,24522.559989
409.52206,100,24522.559997
312.21896,100,24522.560006
251.5829,100,24522.560014
440.52304,100,24536.153046
467.44305,100,24536.153126
202.46548,100,24536.153138
367.87723,100,24536.153147
240.56613,100,24536.153155
385.68994,100,24536.153163
289.37738,100,24536.153171
275.7044,100,24536.153179
363.95547,100,24558.831534
290.30414,100,24558.83164
275.18884,100,24558.831669
259.6006,100,24558.831692
246.03746,100,24558.831712
397.54385,100,24558.831734
311.00653,100,24558.831754
210.66362,100,24558.831774
265.4479,100,24581.207057
244.03967,100,24581.207137
206.52881,100,24581.207149
258.99152,100,24581.207159
187.98447,100,24581.207167
247.00096,100,24581.207176
262.99847,100,24581.207185
257.51178,100,24581.207194
223.96294,100,24595.302423
319.20486,100,24595.302497
242.68936,100,24595.30251
312.76236,100,24595.302519
327.88037,100,24595.302527
216.17976,100,24595.302535
266.48953,100,24595.302544
238.1829,100,24595.302552
244.75812,100,24618.122777
212.42313,100,24618.122871
245.29073,100,24618.122893
101.6458,100,24618.122909
305.8053,100,24618.122924
213.9221,100,24618.122939
211.00565,100,24618.122955
547.9061,100,24618.122971
335.67996,100,24632.529949
251.80211,100,24632.530021
247.97444,100,24632.530044
359.22406,100,24632.530054
415.58463,100,24632.530063
547.5786,100,24632.530072
210.01083,100,24632.530081
262.36688,100,24632.53009
254.74716,100,24655.974218
258.036,100,24655.974293
253.39786,100,24655.974306
257.27722,100,24655.974316
248.85765,100,24655.974325
300.54108,100,24655.974334
218.94408,100,24655.974343
224.98909,100,24655.974351
412.552,100,24669.015983
223.301,100,24669.016084
415.3842,100,24669.016107
173.62215,100,24669.016124
238.6475,100,24669.016141
232.44171,100,24669.016157
247.06013,100,24669.016173
252.82681,100,24669.01619
317.03506,100,24692.535969
227.64655,100,24692.53606
270.168,100,24692.536076
343.48187,100,24692.536088
231.88945,100,24692.536097
261.701,100,24692.536106
254.91612,100,24692.536116
385.4386,100,24692.536125
336.71274,100,24706.16466
209.01956,100,24706.164731
519.83466,100,24706.164743
408.71106,100,24706.164752
403.5536,100,24706.164761
230.00868,100,24706.164769
207.36774,100,24706.164791
366.3368,100,24706.1648
220.00494,100,24729.828142
426.6294,100,24729.828236
160.50648,100,24729.828258
292.4993,100,24729.828274
237.46233,100,24729.82829
241.56525,100,24729.828306
323.01373,100,24729.828321
275.62646,100,24729.828336
265.17874,100,24754.128808
137.35764,100,24754.12888
220.02234,100,24754.128892
509.43817,100,24754.128901
371.35486,100,24754.12891
205.06818,100,24754.128919
216.42204,100,24754.128927
268.06,100,24754.128936
251.4381,100,24768.85152
251.99275,100,24768.851592
271.35956,100,24768.851604
303.53748,100,24768.851613
452.40955,100,24768.851622
222.5653,100,24768.85163
271.6529,100,24768.851639
408.59818,100,24768.851647
221.78923,100,24792.139671
205.07,100,24792.139746
402.3293,100,24792.139758
236.48637,100,24792.139767
318.80273,100,24792.139776
247.3469,100,24792.139785
365.28198,100,24792.139794
217.64719,100,24792.139802
224.90562,100,24805.580346
246.40366,100,24805.58042
256.8041,100,24805.580433
255.12653,100,24805.580443
339.89938,100,24805.580452
449.8209,100,24805.580461
216.97316,100,24805.580469
255.17096,100,24805.580478
344.10703,100,24829.489545
271.495,100,24829.489617
306.99026,100,24829.48963
393.94275,100,24829.48964
367.48462,100,24829.489648
215.34358,100,24829.489657
212.38089,100,24829.489665
221.6155,100,24829.489674
236.80907,100,24842.658559
633.45386,100,24842.658645
392.2485,100,24842.658666
178.14243,100,24842.658683
383.87573,100,24842.658697
335.21942,100,24842.658712
256.30286,100,24842.658726
466.10812,100,24842.658741
218.17189,100,24865.761296
245.71478,100,24865.761369
248.6447,100,24865.761381
442.1462,100,24865.76139
350.16812,100,24865.761399
250.92908,100,24865.761407
345.3017,100,24865.761416
256.91675,100,24865.761424
309.60324,100,24889.925678
275.00653,100,24889.925761
197.5158,100,24889.925773
236.70636,100,24889.925782
343.45523,100,24889.925791
420.55133,100,24889.925799
346.68597,100,24889.925807
289.0187,100,24889.925816
258.20142,100,24902.9209
359.43018,100,24902.920987
188.28928,100,24902.921008
168.25438,100,24902.921025
394.14972,100,24902.921055
159.16519,100,24902.921071
230.8495,100,24902.921085
215.70064,100,24902.921101
208.89986,100,24926.660572
416.71912,100,24926.660643
327.56735,100,24926.660655
604.5322,100,24926.660665
401.44507,100,24926.660673
120.13561,100,24926.660682
278.8393,100,24926.66069
247.21631,100,24926.660699
318.23904,100,24940.254997
542.1502,100,24940.25511
269.63037,100,24940.255139
161.0727,100,24940.25516
258.6128,100,24940.255181
422.90436,100,24940.2552
406.29736,100,24940.255219
262.06067,100,24940.255239
232.62094,100,24963.391196
324.49762,100,24963.391292
372.3188,100,24963.391315
458.51483,100,24963.391334
213.78981,100,24963.391351
314.4978,100,24963.391368
485.43616,100,24963.391384
265.84137,100,24963.3914
254.35799,100,24977.413267
227.9222,100,24977.41334
342.60294,100,24977.413352
360.70773,100,24977.413362
164.24602,100,24977.41337
262.98267,100,24977.413378
241.14305,100,24977.413386
297.71243,100,24977.413395
211.34795,100,25001.424838
237.96867,100,25001.424911
400.33688,100,25001.424924
439.2473,100,25001.424933
259.71667,100,25001.424941
265.98438,100,25001.42495
293.98184,100,25001.424958
198.79346,100,25001.424967
264.5244,100,25016.569159
232.36974,100,25016.569234
380.8793,100,25016.569247
216.30267,100,25016.569256
248.89026,100,25016.569265
398.81158,100,25016.569273
262.5739,100,25016.569282
541.013,100,25016.56929
256.8244,100,25040.011637
285.503,100,25040.01173
214.5751,100,25040.011753
357.85715,100,25040.011771
312.8581,100,25040.011788
543.87494,100,25040.011805
453.7219,100,25040.011821
534.1217,100,25040.011837
344.2182,100,25063.668431
220.72165,100,25063.668503
276.0121,100,25063.668516
254.7863,100,25063.668525
228.81908,100,25063.668534
439.77435,100,25063.668542
411.3721,100,25063.668551
331.42194,100,25063.66856
360.4119,100,25077.399795
140.27939,100,25077.399868
260.23572,100,25077.399881
413.51047,100,25077.399918
254.56293,100,25077.399928
254.2434,100,25077.399936
296.6008,100,25077.399945
412.7902,100,25077.399953
245.89557,100,25101.815174
200.67079,100,25101.815265
382.10126,100,25101.815288
224.5369,100,25101.815305
395.6982,100,25101.815321
276.14334,100,25101.815338
222.16919,100,25101.815354
331.36774,100,25101.81537
390.34537,100,25116.346682
338.59906,100,25116.346753
502.34396,100,25116.346766
268.99945,100,25116.346775
284.31723,100,25116.346783
369.0186,100,25116.346792
232.06427,100,25116.346801
452.30603,100,25116.346809
230.62648,100,25140.138361
385.34964,100,25140.138435
261.36377,100,25140.138447
270.12067,100,25140.138456
222.63579,100,25140.138465
110.762825,100,25140.138474
393.78235,100,25140.138482
252.58173,100,25140.138491
241.51434,100,25153.696754
312.5778,100,25153.696828
359.05627,100,25153.696841
314.9306,100,25153.69685
570.15533,100,25153.696859
266.67786,100,25153.696868
187.30013,100,25153.696877
258.3714,100,25153.696885
220.37674,100,25176.556594
228.89328,100,25176.556672
123.95392,100,25176.556685
404.43066,100,25176.556696
505.08636,100,25176.556705
322.69873,100,25176.556715
221.31361,100,25176.556725
246.62541,100,25176.556734
226.36308,100,25199.559038
193.8877,100,25199.559113
274.64935,100,25199.559124
227.52611,100,25199.559133
257.7125,100,25199.559141
214.88638,100,25199.559149
239.53372,100,25199.559157
355.00754,100,25199.559165
328.1947,100,25213.104957
150.84213,100,25213.105037
219.82231,100,25213.105053
229.98885,100,25213.105062
406.77353,100,25213.105071
123.0075,100,25213.105079
260.4902,100,25213.105088
392.68716,100,25213.105096
195.36855,100,25237.04651
308.94315,100,25237.046582
312.91107,100,25237.046594
321.86206,100,25237.046603
264.9866,100,25237.046612
204.12721,100,25237.04662
233.9923,100,25237.046628
252.42654,100,25237.046637
368.43774,100,25251.12046
527.9485,100,25251.120578
224.94868,100,25251.120619
347.62405,100,25251.120651
228.45534,100,25251.120682
209.89302,100,25251.120714
247.68806,100,25251.120744
250.9459,100,25251.120774
239.74525,100,25274.908212
216.98833,100,25274.908288
428.83597,100,25274.908302
340.31702,100,25274.908311
327.2381,100,25274.908321
258.52466,100,25274.90833
222.8035,100,25274.90834
169.07991,100,25274.90835
244.3859,100,25288.344009
337.87686,100,25288.344091
209.40594,100,25288.344103
187.58421,100,25288.344112
268.98422,100,25288.34412
207.02371,100,25288.344128
377.81647,100,25288.344137
246.03996,100,25288.344145
232.92918,100,25311.644562
451.72925,100,25311.644634
268.58493,100,25311.644646
363.13162,100,25311.644654
232.47215,100,25311.644663
219.18639,100,25311.644671
395.53354,100,25311.644679
326.83838,100,25311.644687
212.86452,100,25325.055249
223.60126,100,25325.055327
217.33157,100,25325.055341
424.69174,100,25325.055351
171.74069,100,25325.05536
292.7337,100,25325.05537
262.4308,100,25325.055379
254.3849,100,25325.055388
178.38464,100,25347.957639
184.52606,100,25347.957717
242.05925,100,25347.957729
204.06781,100,25347.957738
259.1579,100,25347.957746
374.45282,100,25347.957755
253.37105,100,25347.957763
388.11362,100,25347.957772
179.60431,100,25371.49417
292.31982,100,25371.494246
228.2589,100,25371.494259
210.38852,100,25371.494268
411.1693,100,25371.494277
216.60893,100,25371.494286
235.144,100,25371.494294
563.86597,100,25371.494303
237.77077,100,25385.569587
219.54614,100,25385.569658
182.03935,100,25385.56967
355.64633,100,25385.56968
357.67764,100,25385.56969
239.84402,100,25385.569698
581.4391,100,25385.569706
226.53285,100,25385.569715
335.81943,100,25409.086325
237.74663,100,25409.086415
376.51254,100,25409.086436
568.09485,100,25409.086452
219.58118,100,25409.086467
182.4551,100,25409.086482
250.21228,100,25409.086496
355.2178,100,25409.086512
212.9563,100,25422.628427
211.25609,100,25422.628492
320.53027,100,25422.628505
210.22786,100,25422.628515
407.97855,100,25422.628525
246.91612,100,25422.628534
288.98724,100,25422.628543
161.92526,100,25422.628563
373.9917,100,25445.481399
258.15756,100,25445.481473
339.74927,100,25445.481485
223.24734,100,25445.481494
252.65892,100,25445.481503
381.8799,100,25445.481512
214.61682,100,25445.48152
376.04492,100,25445.481529
311.3407,100,25459.380271
425.52988,100,25459.380343
195.87578,100,25459.380357
265.71762,100,25459.380366
270.5701,100,25459.380375
381.68784,100,25459.380384
266.42603,100,25459.380392
255.51027,100,25459.380401
377.61682,100,25482.825933
205.82166,100,25482.826025
201.56042,100,25482.826064
511.6323,100,25482.826081
252.32423,100,25482.826098
261.68158,100,25482.826114
348.84647,100,25482.82613
222.09282,100,25482.826146
228.77428,100,25506.6183
271.58926,100,25506.618373
370.16895,100,25506.618386
261.26715,100,25506.618395
408.85455,100,25506.618404
223.95938,100,25506.618413
271.76328,100,25506.618422
341.88763,100,25506.61843
345.65863,100,25520.727618
496.32233,100,25520.727716
362.2601,100,25520.727741
196.52382,100,25520.727759
241.6033,100,25520.727776
242.52805,100,25520.727793
270.29138,100,25520.727809
178.30203,100,25520.727825
224.90967,100,25544.247652
235.44804,100,25544.247725
379.6339,100,25544.247738
329.07523,100,25544.247747
243.6695,100,25544.247756
357.1518,100,25544.247765
203.73994,100,25544.247773
393.82666,100,25544.247782
338.49866,100,25557.211528
226.60103,100,25557.211603
291.94785,100,25557.211615
250.27643,100,25557.211624
231.26324,100,25557.211633
337.23843,100,25557.211641
267.02716,100,25557.211649
255.29955,100,25557.211658
424.23746,100,25580.494739
396.4944,100,25580.494835
253.67421,100,25580.494859
258.7726,100,25580.494883
532.46106,100,25580.494903
241.1569,100,25580.49492
222.55505,100,25580.494936
376.70392,100,25580.494952
328.95963,100,25593.852921
427.88837,100,25593.852996
229.59634,100,25593.853009
249.36223,100,25593.853018
260.87814,100,25593.853027
294.83804,100,25593.853046
261.13922,100,25593.853055
276.9615,100,25593.853064
230.78052,100,25618.698742
247.9876,100,25618.698815
241.05545,100,25618.698828
266.62753,100,25618.698838
259.81256,100,25618.698846
287.63165,100,25618.698854
410.4741,100,25618.698862
324.1458,100,25618.698871
229.05656,100,25632.688599
368.69376,100,25632.688692
222.0177,100,25632.688715
268.53494,100,25632.688733
187.9242,100,25632.68875
255.29713,100,25632.688766
296.21976,100,25632.688783
212.67711,100,25632.688799
232.86888,100,25655.801536
209.1568,100,25655.80161
199.77249,100,25655.801622
240.78131,100,25655.801632
352.0561,100,25655.801641
202.69763,100,25655.801649
316.8199,100,25655.801658
256.651,100,25655.801667
258.0598,100,25679.335246
240.02754,100,25679.33532
218.09523,100,25679.335332
212.97766,100,25679.335341
309.7465,100,25679.33535
225.08992,100,25679.335359
275.4083,100,25679.335367
244.08383,100,25679.335375
259.10336,100,25693.715267
361.5531,100,25693.715338
555.69586,100,25693.715349
265.3101,100,25693.715358
353.5446,100,25693.715367
526.9238,100,25693.715375
209.92819,100,25693.715383
226.12831,100,25693.715391
473.36017,100,25717.001522
347.02365,100,25717.001593
239.11609,100,25717.001606
244.83301,100,25717.001615
244.24301,100,25717.001623
222.4232,100,25717.001632
218.51024,100,25717.00164
257.24957,100,25717.001648
229.44774,100,25730.48852
186.5073,100,25730.488611
224.33218,100,25730.488634
247.80153,100,25730.488652
481.41986,100,25730.488669
548.0852,100,25730.488685
236.2707,100,25730.488701
198.6371,100,25730.488717
288.4068,100,25754.234526
457.68365,100,25754.234601
256.83304,100,25754.234614
251.95207,100,25754.234624
249.86163,100,25754.234633
221.34085,100,25754.234642
289.96756,100,25754.234651
228.07327,100,25754.23466
348.3703,100,25768.412058
176.6647,100,25768.412152
234.4774,100,25768.412175
254.25038,100,25768.412193
187.44151,100,25768.41221
196.9743,100,25768.412226
262.00992,100,25768.412243
305.8801,100,25768.412259
262.12955,100,25791.295254
230.58305,100,25791.295349
206.5006,100,25791.295372
417.24124,100,25791.295389
281.7571,100,25791.295439
221.58832,100,25791.295456
243.02649,100,25791.295472
360.03882,100,25791.295487
288.14517,100,25814.923638
248.35963,100,25814.923712
390.76517,100,25814.923723
352.84094,100,25814.923733
305.5653,100,25814.923742
225.40797,100,25814.92375
352.64764,100,25814.923759
458.414,100,25814.923768
222.1914,100,25828.956307
251.81271,100,25828.956381
240.44185,100,25828.956393
250.27179,100,25828.956403
455.7751,100,25828.956412
248.12674,100,25828.95642
306.37283,100,25828.956429
237.51414,100,25828.956437
262.92035,100,25852.70013
252.01886,100,25852.700228
259.74347,100,25852.700251
320.00342,100,25852.700269
247.57062,100,25852.700286
354.89337,100,25852.700303
342.17258,100,25852.700319
220.71869,100,25852.700335
278.80008,100,25867.740104
253.35698,100,25867.740175
207.74203,100,25867.740188
401.818,100,25867.740197
220.44067,100,25867.740206
239.6086,100,25867.740215
220.20537,100,25867.740223
264.0511,100,25867.740231
246.1424,100,25890.917923
285.46976,100,25890.917996
216.55989,100,25890.918009
194.38094,100,25890.918019
288.6695,100,25890.918028
296.1724,100,25890.918049
268.81366,100,25890.918058
415.17557,100,25890.918067
224.79242,100,25904.576323
211.24371,100,25904.576407
202.1638,100,25904.576419
304.28674,100,25904.576427
232.76042,100,25904.576436
213.08366,100,25904.576444
344.59335,100,25904.576453
335.1447,100,25904.576461
249.0768,100,25927.664216
361.44592,100,25927.664304
272.86273,100,25927.664325
229.58311,100,25927.664341
212.73238,100,25927.664356
253.2037,100,25927.66437
439.09836,100,25927.664385
251.75276,100,25927.664399
279.4539,100,25941.445337
210.83836,100,25941.445434
214.5419,100,25941.445456
222.3003,100,25941.445474
250.92549,100,25941.44549
233.18303,100,25941.445507
235.52943,100,25941.445523
263.09766,100,25941.445539
273.9618,100,25964.337365
214.92459,100,25964.337453
241.81529,100,25964.337475
201.65152,100,25964.337492
235.46231,100,25964.337509
268.9335,100,25964.337525
255.28658,100,25964.337541
232.8331,100,25964.337556
255.11069,100,25987.88983
243.74014,100,25987.889905
489.4427,100,25987.889918
500.11932,100,25987.889928
546.36414,100,25987.889936
275.68207,100,25987.889945
139.02933,100,25987.889953
264.2824,100,25987.889962
238.66223,100,26002.378044
332.91708,100,26002.378113
250.02586,100,26002.378124
403.58444,100,26002.378133
192.08311,100,26002.378142
348.06128,100,26002.37815
239.5989,100,26002.378159
256.95297,100,26002.378166
444.1742,100,26025.860518
560.0254,100,26025.86059
415.7542,100,26025.860602
286.47018,100,26025.860612
341.3437,100,26025.860621
237.91306,100,26025.86063
212.67113,100,26025.860638
257.25012,100,26025.860647
253.155,100,26040.045435
208.12639,100,26040.045505
309.63382,100,26040.045517
237.97864,100,26040.045527
317.64423,100,26040.045535
222.60309,100,26040.045543
230.32153,100,26040.045552
229.06206,100,26040.04556
248.0399,100,26063.390927
254.79692,100,26063.391003
234.14273,100,26063.391017
262.21478,100,26063.391027
242.15935,100,26063.391052
178.32748,100,26063.391062
243.42752,100,26063.391072
179.72185,100,26063.391081
220.9967,100,26077.467171
360.2105,100,26077.467263
379.1662,100,26077.467287
342.11487,100,26077.467304
191.3636,100,26077.46732
371.05814,100,26077.467337
239.82272,100,26077.467353
235.19026,100,26077.467369
234.55362,100,26100.778529
220.82472,100,26100.778622
307.05704,100,26100.778645
351.7957,100,26100.778663
280.0337,100,26100.778681
251.17245,100,26100.778697
322.41013,100,26100.778714
236.72618,100,26100.77873
531.1508,100,26124.349567
277.54306,100,26124.349642
362.8985,100,26124.349655
452.86148,100,26124.349665
270.95273,100,26124.349674
269.08966,100,26124.349682
503.61636,100,26124.349691
238.53256,100,26124.3497
254.02393,100,26138.192652
325.36133,100,26138.192742
457.9754,100,26138.192763
235.07994,100,26138.192779
258.6276,100,26138.192794
223.04457,100,26138.192809
217.23775,100,26138.192824
301.322,100,26138.192839
569.61365,100,26161.88085
252.22316,100,26161.880923
250.14566,100,26161.880935
250.80205,100,26161.880944
217.14488,100,26161.880953
228.52206,100,26161.880961
250.29443,100,26161.880969
219.31087,100,26161.880977
458.2233,100,26175.572753
281.4931,100,26175.572825
217.79572,100,26175.572837
165.08334,100,26175.572846
250.68358,100,26175.572855
253.26326,100,26175.572863
574.95245,100,26175.572871
617.68225,100,26175.57288
203.05466,100,26199.762627
370.844,100,26199.7627
300.99136,100,26199.762712
256.25793,100,26199.762722
241.78586,100,26199.76273
221.6464,100,26199.762739
502.69647,100,26199.762747
303.1623,100,26199.762756
245.75116,100,26213.773945
520.46216,100,26213.774017
193.64243,100,26213.774035
225.7737,100,26213.774048
247.34029,100,26213.774057
244.09628,100,26213.774065
305.6857,100,26213.774074
285.10297,100,26213.774082
477.50482,100,26237.1462
522.01514,100,26237.146273
231.13138,100,26237.146286
359.84195,100,26237.146297
184.13141,100,26237.146306
500.26834,100,26237.146314
331.26123,100,26237.146323
246.82213,100,26237.146331
376.56647,100,26251.509708
237.07585,100,26251.509799
353.18808,100,26251.509821
136.3318,100,26251.509836
328.9776,100,26251.509851
569.219,100,26251.509866
238.8825,100,26251.50988
230.55168,100,26251.509895
301.22406,100,26275.051505
244.56448,100,26275.05158
594.7786,100,26275.051592
233.63531,100,26275.051601
340.57007,100,26275.05161
260.8943,100,26275.051619
229.80614,100,26275.051627
236.30583,100,26275.051635
225.20619,100,26298.155566
250.61493,100,26298.155645
271.0245,100,26298.155658
515.49286,100,26298.155668
317.559,100,26298.155677
224.41246,100,26298.155687
307.33783,100,26298.155696
267.79886,100,26298.155705
248.88278,100,26312.461655
377.8559,100,26312.461727
219.9072,100,26312.461739
431.9848,100,26312.461748
327.24017,100,26312.461756
174.15855,100,26312.461765
196.03702,100,26312.461773
240.53462,100,26312.461782
287.3592,100,26336.077348
264.3505,100,26336.07742
253.9672,100,26336.077433
191.3806,100,26336.077442
463.91843,100,26336.077451
505.98514,100,26336.07746
185.64047,100,26336.077469
347.97217,100,26336.077477
460.086,100,26350.248735
183.82202,100,26350.248809
278.66754,100,26350.248822
234.13371,100,26350.248832
359.08627,100,26350.24884
498.53058,100,26350.248849
367.5244,100,26350.248858
216.54826,100,26350.248867
273.0787,100,26373.909119
255.84398,100,26373.909192
263.61917,100,26373.909206
196.40422,100,26373.909215
228.13506,100,26373.909225
516.70605,100,26373.909234
389.6651,100,26373.909243
212.96877,100,26373.909252
494.30627,100,26387.74877
176.87328,100,26387.748843
251.17825,100,26387.748856
283.47644,100,26387.748865
269.9474,100,26387.748875
420.94147,100,26387.748884
297.2904,100,26387.748893
546.76465,100,26387.748902
186.5291,100,26411.051454
467.33722,100,26411.05153
298.81897,100,26411.051543
216.27405,100,26411.051552
268.27438,100,26411.051561
214.71971,100,26411.051569
324.44608,100,26411.051578
227.41425,100,26411.051587
200.54686,100,26434.643215
233.22008,100,26434.643289
339.50803,100,26434.643301
234.90388,100,26434.643311
240.14272,100,26434.64332
319.5087,100,26434.643329
331.51694,100,26434.643337
450.55273,100,26434.643346
223.94656,100,26449.213533
218.8266,100,26449.21362
280.2535,100,26449.213642
240.25471,100,26449.213658
211.99641,100,26449.213673
235.49265,100,26449.213688
219.27579,100,26449.213702
326.1136,100,26449.213717
259.51556,100,26473.216295
222.2988,100,26473.216369
252.87369,100,26473.216381
401.43735,100,26473.21639
453.60538,100,26473.216399
260.23767,100,26473.216408
516.3783,100,26473.216416
364.2706,100,26473.216425
228.80867,100,26486.863015
187.42155,100,26486.863097
307.51407,100,26486.86311
575.48315,100,26486.863119
247.90327,100,26486.863128
278.6831,100,26486.863136
400.52194,100,26486.863144
260.37497,100,26486.863153
272.67377,100,26509.826026
256.97922,100,26509.826105
240.62956,100,26509.826117
284.93408,100,26509.826126
372.617,100,26509.826149
215.652,100,26509.826158
270.49554,100,26509.826166
262.36166,100,26509.826175
170.12752,100,26522.776904
301.63022,100,26522.776976
227.00674,100,26522.776989
301.104,100,26522.776998
318.37207,100,26522.777008
484.23218,100,26522.777017
239.78989,100,26522.777025
200.29869,100,26522.777045
223.45273,100,26546.801497
494.4532,100,26546.801593
258.83035,100,26546.801615
164.95175,100,26546.801634
210.76926,100,26546.80165
259.24933,100,26546.801667
403.92,100,26546.801683
363.56824,100,26546.801699
562.11304,100,26561.887706
196.72295,100,26561.887781
341.61743,100,26561.887793
372.2934,100,26561.887802
520.19385,100,26561.887811
243.7458,100,26561.88782
467.3883,100,26561.887828
278.55127,100,26561.887837
355.24384,100,26585.132996
517.44714,100,26585.133102
372.21118,100,26585.133128
270.80286,100,26585.133146
530.6502,100,26585.133163
278.91467,100,26585.133178
243.67285,100,26585.133193
536.786,100,26585.133208
247.54356,100,26607.971912
489.34073,100,26607.971987
181.42406,100,26607.972
249.9624,100,26607.972009
173.84618,100,26607.972018
357.18362,100,26607.972027
229.96048,100,26607.972075
537.2335,100,26607.972085
218.46698,100,26621.681185
369.25198,100,26621.681275
431.14355,100,26621.681296
222.63115,100,26621.681312
254.5079,100,26621.681327
292.50647,100,26621.681342
242.85399,100,26621.681356
219.39455,100,26621.681371
171.70944,100,26644.390941
284.30847,100,26644.391014
266.1638,100,26644.391027
342.146,100,26644.39105
264.52667,100,26644.39106
412.69052,100,26644.39107
519.06085,100,26644.391079
435.87994,100,26644.391089
292.7268,100,26658.51993
264.62592,100,26658.520002
407.4615,100,26658.520015
268.89832,100,26658.520025
245.28369,100,26658.520042
518.4111,100,26658.520051
517.2581,100,26658.52006
227.12936,100,26658.520069
222.3394,100,26681.34536
240.79736,100,26681.345435
154.44185,100,26681.345447
250.8144,100,26681.345456
320.56006,100,26681.345465
234.6135,100,26681.345473
209.82515,100,26681.345481
224.37752,100,26681.345489
246.69981,100,26695.262111
495.88165,100,26695.262187
204.48615,100,26695.262199
259.43106,100,26695.262208
319.42374,100,26695.262216
267.91757,100,26695.262225
331.084,100,26695.262233
190.29672,100,26695.262241
383.22028,100,26718.957935
182.99937,100,26718.958025
428.4897,100,26718.958063
433.34763,100,26718.958079
300.4126,100,26718.958093
429.74924,100,26718.958108
249.94217,100,26718.958123
175.59787,100,26718.958138
246.16588,100,26743.156744
535.163,100,26743.156833
268.50778,100,26743.156856
198.55362,100,26743.156873
390.25357,100,26743.156889
210.61674,100,26743.156905
260.80457,100,26743.156921
415.04807,100,26743.156936
457.67224,100,26757.718967
370.27756,100,26757.719071
175.79817,100,26757.719095
251.93753,100,26757.719113
527.227,100,26757.719129
378.9858,100,26757.719146
405.14725,100,26757.719162
292.86713,100,26757.719178
223.22824,100,26781.61576
379.56696,100,26781.615834
516.35114,100,26781.615846
287.87576,100,26781.615856
273.9696,100,26781.615864
258.76013,100,26781.615873
243.52782,100,26781.615881
289.0797,100,26781.61589
214.52356,100,26794.935939
240.592,100,26794.936014
255.61955,100,26794.936026
215.86885,100,26794.936045
368.45538,100,26794.936054
245.31596,100,26794.936063
243.20193,100,26794.936071
152.91814,100,26794.93608
263.23837,100,26819.93558
359.19785,100,26819.935672
237.15738,100,26819.935694
138.91522,100,26819.935712
337.62305,100,26819.935728
450.22668,100,26819.935745
272.24463,100,26819.935761
251.54099,100,26819.935777
194.50388,100,26833.460952
204.57272,100,26833.461027
396.87,100,26833.46105
267.14813,100,26833.46106
461.58167,100,26833.461069
191.29192,100,26833.461078
215.78072,100,26833.461087
440.9815,100,26833.461095
209.13219,100,26856.027722
257.59412,100,26856.027792
530.7101,100,26856.027804
211.65721,100,26856.027813
213.2582,100,26856.027821
177.57129,100,26856.02783
240.91913,100,26856.027838
498.34622,100,26856.027846
242.80893,100,26869.962529
215.83385,100,26869.962658
189.43771,100,26869.962692
497.53882,100,26869.962715
261.53748,100,26869.962737
540.0689,100,26869.96276
246.06905,100,26869.962784
234.66573,100,26869.962806
307.90143,100,26893.675404
294.998,100,26893.675499
230.11029,100,26893.675522
192.03128,100,26893.675539
229.12039,100,26893.675557
237.64757,100,26893.675574
395.99786,100,26893.67559
254.9381,100,26893.675606
256.22052,100,26917.462383
377.24307,100,26917.462456
254.91539,100,26917.462467
203.0781,100,26917.462476
229.6807,100,26917.462485
505.78973,100,26917.462494
234.18585,100,26917.462502
164.3977,100,26917.462511
245.9202,100,26931.298736
253.55211,100,26931.298811
239.55899,100,26931.298823
176.01321,100,26931.298832
213.97507,100,26931.298842
324.77042,100,26931.298852
501.02945,100,26931.298861
251.76064,100,26931.298872
222.10605,100,26954.338685
230.41667,100,26954.338762
252.88245,100,26954.338774
351.8948,100,26954.338784
348.7264,100,26954.338793
571.99866,100,26954.338802
441.87317,100,26954.33881
277.68665,100,26954.338819
163.81276,100,26968.29742
515.0244,100,26968.297494
207.2794,100,26968.297507
199.33472,100,26968.297516
495.3401,100,26968.297525
424.56836,100,26968.297533
504.01746,100,26968.297541
241.26205,100,26968.29755
211.19626,100,26991.607625
277.6998,100,26991.607696
171.12802,100,26991.607708
261.27338,100,26991.607718
292.80557,100,26991.607726
281.9133,100,26991.607735
431.5818,100,26991.607743
227.35521,100,26991.607751
248.53023,100,27005.252385
126.759125,100,27005.25246
260.30554,100,27005.252472
302.5205,100,27005.252481
213.58595,100,27005.25249
473.88376,100,27005.252498
175.40955,100,27005.252506
254.46054,100,27005.252515
262.24777,100,27029.306056
499.3405,100,27029.306133
232.6806,100,27029.306145
251.6867,100,27029.306154
291.0659,100,27029.306162
209.31075,100,27029.30617
250.96957,100,27029.306179
292.5392,100,27029.306187
260.91306,100,27053.568066
312.82596,100,27053.568139
436.1944,100,27053.568151
240.68225,100,27053.568161
228.70102,100,27053.56817
258.62543,100,27053.568179
260.28928,100,27053.568187
237.59972,100,27053.568196
222.7584,100,27067.17491
259.7481,100,27067.174981
335.23483,100,27067.174993
549.6212,100,27067.175002
390.7863,100,27067.175011
342.97894,100,27067.175019
231.60394,100,27067.175027
369.98935,100,27067.175051
357.3049,100,27090.54513
474.19006,100,27090.545203
247.20514,100,27090.545216
249.1754,100,27090.545225
235.35303,100,27090.545234
554.171,100,27090.545243
400.64084,100,27090.545252
309.98035,100,27090.54526
246.75244,100,27104.516942
339.7727,100,27104.517043
200.9269,100,27104.517068
437.7082,100,27104.517084
239.76022,100,27104.517098
511.01266,100,27104.517113
512.092,100,27104.517127
265.22543,100,27104.517141
300.28677,100,27127.496441
243.11798,100,27127.496516
422.18277,100,27127.496529
240.28613,100,27127.496538
235.04854,100,27127.496547
472.67438,100,27127.496556
182.71616,100,27127.496565
392.19632,100,27127.496574
233.0607,100,27140.813728
453.17874,100,27140.813806
216.21873,100,27140.813818
237.23364,100,27140.813828
292.67828,100,27140.813837
255.04156,100,27140.813845
210.44621,100,27140.813854
263.7347,100,27140.813862
516.9818,100,27163.463495
244.29114,100,27163.463571
255.17818,100,27163.463584
289.77252,100,27163.463593
253.6207,100,27163.463603
254.40239,100,27163.463611
262.36252,100,27163.46362
240.04787,100,27163.463629
349.7844,100,27176.667741
177.08214,100,27176.667816
257.46735,100,27176.667828
231.66031,100,27176.667837
419.13245,100,27176.667845
210.97913,100,27176.667854
271.98224,100,27176.667862
488.58896,100,27176.667871
250.3312,100,27200.363531
180.9913,100,27200.363603
243.5974,100,27200.363615
231.15738,100,27200.363624
554.67346,100,27200.363633
367.28613,100,27200.363642
232.08568,100,27200.36365
251.88708,100,27200.363658
306.55124,100,27223.519608
266.21848,100,27223.519705
384.93124,100,27223.519729
501.6485,100,27223.519747
309.3384,100,27223.519764
257.69,100,27223.519781
210.82857,100,27223.519817
183.48686,100,27223.519834
230.2419,100,27237.248982
210.32547,100,27237.249065
304.96558,100,27237.249078
457.0839,100,27237.249086
483.91376,100,27237.249095
193.91197,100,27237.249104
525.05273,100,27237.249112
276.76276,100,27237.249121
216.8547,100,27261.135216
243.85237,100,27261.135288
232.05664,100,27261.135301
239.57059,100,27261.13531
260.39676,100,27261.135319
276.68372,100,27261.135328
248.32733,100,27261.135336
280.17746,100,27261.135345
253.85115,100,27275.569554
230.79459,100,27275.569631
229.22305,100,27275.569643
252.58122,100,27275.569652
380.48413,100,27275.569661
219.01012,100,27275.569669
283.7248,100,27275.569678
226.76158,100,27275.569686
166.9304,100,27298.76741
237.42322,100,27298.767481
248.28629,100,27298.767493
422.04095,100,27298.767502
267.2318,100,27298.767511
172.78775,100,27298.767519
488.7894,100,27298.767527
194.77512,100,27298.767536
346.88956,100,27312.072853
221.52309,100,27312.072948
182.24261,100,27312.072978
446.70514,100,27312.072998
445.81653,100,27312.073018
201.98473,100,27312.073056
233.13655,100,27312.073074
248.86798,100,27312.073091
195.33102,100,27335.788685
201.80855,100,27335.788757
517.31915,100,27335.788769
415.81622,100,27335.788779
243.01524,100,27335.788787
199.45988,100,27335.788796
344.87387,100,27335.788805
217.92668,100,27335.788813
432.25876,100,27359.818331
225.25827,100,27359.818407
147.04185,100,27359.818419
379.64127,100,27359.818429
513.98425,100,27359.818438
442.44022,100,27359.818447
279.04587,100,27359.818455
285.3192,100,27359.818464
254.84607,100,27373.96961
229.14577,100,27373.969684
210.91501,100,27373.969697
166.05174,100,27373.969706
243.65,100,27373.969715
145.00322,100,27373.969723
519.4873,100,27373.969732
524.84766,100,27373.969741
254.72824,100,27397.827394
231.73782,100,27397.827483
222.77103,100,27397.827504
351.28043,100,27397.827519
142.61482,100,27397.827534
246.44502,100,27397.827549
277.68024,100,27397.827563
245.44308,100,27397.827578
296.87042,100,27412.097127
152.71132,100,27412.097229
491.71112,100,27412.097259
202.84648,100,27412.09728
336.39426,100,27412.0973
307.71808,100,27412.097319
448.48175,100,27412.097337
291.82843,100,27412.097357
225.63278,100,27434.613344
275.84592,100,27434.613419
215.65257,100,27434.613432
180.05524,100,27434.613441
258.94662,100,27434.61345
216.64482,100,27434.613459
270.38583,100,27434.613468
408.9005,100,27434.613477
216.45137,100,27449.368577
209.79362,100,27449.368665
393.13058,100,27449.368685
317.4401,100,27449.3687
228.64455,100,27449.368716
221.42397,100,27449.36873
319.83432,100,27449.368745
333.26535,100,27449.368759
287.2582,100,27472.643985
407.09753,100,27472.644065
257.7573,100,27472.644078
304.10696,100,27472.644087
383.02313,100,27472.644095
194.66985,100,27472.644103
263.4358,100,27472.644112
249.45741,100,27472.64412
301.7899,100,27486.468183
451.9678,100,27486.468256
286.6497,100,27486.468268
254.7776,100,27486.468277
244.93173,100,27486.468286
195.42743,100,27486.468295
153.91457,100,27486.468303
486.87433,100,27486.468312
371.25647,100,27508.857659
208.73119,100,27508.857743
281.26035,100,27508.857756
593.6636,100,27508.857766
381.16458,100,27508.857775
162.8857,100,27508.857785
332.49768,100,27508.857794
219.4014,100,27508.857803
220.26686,100,27531.942719
245.75018,100,27531.942795
256.93597,100,27531.942807
252.87752,100,27531.942816
250.70975,100,27531.942825
179.58377,100,27531.942833
333.64108,100,27531.942842
241.85658,100,27531.94285
341.5144,100,27545.898235
452.00818,100,27545.898313
321.47348,100,27545.898325
532.6896,100,27545.898335
537.5755,100,27545.898343
232.99168,100,27545.898352
220.27864,100,27545.89836
445.86932,100,27545.898369
424.27216,100,27569.336303
217.88472,100,27569.336375
249.77144,100,27569.336386
213.61952,100,27569.336396
194.72652,100,27569.336404
208.18175,100,27569.336413
376.7009,100,27569.336421
233.89421,100,27569.336429
293.32208,100,27583.758872
252.50996,100,27583.758994
231.86566,100,27583.759019
245.88148,100,27583.759051
335.73886,100,27583.759069
289.12906,100,27583.759085
259.1199,100,27583.759102
631.4989,100,27583.759119
186.55344,100,27608.136801
241.31535,100,27608.136902
363.17004,100,27608.136925
273.8313,100,27608.136944
231.15752,100,27608.136961
507.36484,100,27608.136982
211.09882,100,27608.137005
292.6123,100,27608.137025
264.54828,100,27621.384213
236.99286,100,27621.384291
293.24164,100,27621.384303
262.10544,100,27621.384313
529.31146,100,27621.384321
259.06534,100,27621.38433
191.25368,100,27621.384339
226.13788,100,27621.384348
225.7207,100,27645.776379
263.78052,100,27645.776455
488.59137,100,27645.776468
306.719,100,27645.776478
456.4004,100,27645.776486
303.1391,100,27645.776495
216.00758,100,27645.776504
253.29979,100,27645.776512
196.91196,100,27669.167527
222.25255,100,27669.167605
220.01118,100,27669.167619
434.0615,100,27669.167628
184.49886,100,27669.167637
219.29071,100,27669.167646
575.9314,100,27669.167655
287.41873,100,27669.167664
200.20464,100,27682.786956
231.9435,100,27682.787027
410.365,100,27682.787054
214.61569,100,27682.787065
329.59436,100,27682.787074
222.68938,100,27682.787083
199.47075,100,27682.787093
358.20938,100,27682.787103
246.31853,100,27707.43797
239.84198,100,27707.438071
212.15016,100,27707.438096
195.36807,100,27707.438113
350.53354,100,27707.43813
557.8257,100,27707.438147
255.49431,100,27707.438162
193.55104,100,27707.438178
225.71165,100,27721.232767
276.84772,100,27721.23284
324.2482,100,27721.232853
641.5825,100,27721.232862
475.08963,100,27721.232871
287.01465,100,27721.232879
202.776,100,27721.232888
438.5786,100,27721.232896
493.31055,100,27745.009204
493.89102,100,27745.009277
295.38452,100,27745.009288
320.4775,100,27745.009297
211.1869,100,27745.009305
408.29944,100,27745.009314
217.996,100,27745.009322
253.88861,100,27745.009331
195.19421,100,27759.376999
206.64136,100,27759.377079
448.94202,100,27759.377092
234.52924,100,27759.377101
236.19574,100,27759.37711
303.89758,100,27759.377118
250.80298,100,27759.377127
237.70874,100,27759.377135
190.19339,100,27782.769287
257.15036,100,27782.769358
402.31006,100,27782.76937
457.687,100,27782.76938
332.6268,100,27782.769388
242.02557,100,27782.769397
258.30978,100,27782.769405
345.47696,100,27782.769414
255.91068,100,27796.458592
186.1328,100,27796.458663
441.81348,100,27796.458675
203.49423,100,27796.458683
230.2208,100,27796.458692
200.68774,100,27796.4587
252.96309,100,27796.458709
185.41063,100,27796.458717
246.63327,100,27820.018123
216.90352,100,27820.018194
465.8482,100,27820.018205
243.21771,100,27820.018214
296.6243,100,27820.018223
494.9204,100,27820.018231
491.76736,100,27820.01824
526.5669,100,27820.018248
289.60635,100,27844.050479
334.77316,100,27844.050565
209.59108,100,27844.050585
252.03763,100,27844.0506
277.22052,100,27844.050615
474.53943,100,27844.050629
301.99002,100,27844.050642
541.1252,100,27844.050656
436.60773,100,27857.909261
255.72523,100,27857.909355
197.27534,100,27857.909377
401.0788,100,27857.909394
242.0146,100,27857.90941
396.65814,100,27857.909426
266.74268,100,27857.909442
209.01764,100,27857.909458
381.82645,100,27880.674764
467.27667,100,27880.674842
245.92603,100,27880.674853
160.17215,100,27880.674862
427.97064,100,27880.67487
499.945,100,27880.674879
286.24228,100,27880.674887
494.13452,100,27880.674895
539.60364,100,27894.423165
227.98799,100,27894.423236
406.64075,100,27894.423248
227.7491,100,27894.423257
525.3452,100,27894.423265
209.28499,100,27894.423273
215.95424,100,27894.423282
379.86334,100,27894.42329
572.353,100,27917.759328
458.80634,100,27917.759418
235.97238,100,27917.759441
330.2843,100,27917.759458
298.69296,100,27917.759475
317.75366,100,27917.759491
246.7631,100,27917.759507
203.438,100,27917.759523
236.67943,100,27931.188355
220.7662,100,27931.188431
555.9676,100,27931.188442
221.63411,100,27931.188452
176.9169,100,27931.18846
329.84055,100,27931.188469
286.2674,100,27931.188489
263.97858,100,27931.188498
230.66971,100,27953.392376
240.1173,100,27953.392448
209.95872,100,27953.392461
225.53943,100,27953.39247
398.78293,100,27953.392479
193.6707,100,27953.392487
348.80658,100,27953.392496
318.43304,100,27953.392504
298.0999,100,27977.483412
392.40833,100,27977.483485
262.5557,100,27977.483498
242.76534,100,27977.483508
498.28046,100,27977.483518
220.50891,100,27977.483528
337.83154,100,27977.483537
276.09503,100,27977.483547
448.15115,100,27991.588164
262.06177,100,27991.588236
209.37589,100,27991.588248
348.89685,100,27991.588257
210.58173,100,27991.588265
245.92303,100,27991.588274
235.77107,100,27991.588282
206.18259,100,27991.58829
231.61134,100,28015.233001
258.18002,100,28015.233078
248.53654,100,28015.23309
245.66621,100,28015.233099
255.59303,100,28015.233107
199.76836,100,28015.233116
310.8381,100,28015.233125
224.08244,100,28015.233133
204.78976,100,28028.937708
282.5071,100,28028.937798
481.54187,100,28028.937819
333.58466,100,28028.937835
213.5511,100,28028.93785
517.17096,100,28028.937865
518.50195,100,28028.93788
217.93483,100,28028.937894
245.75572,100,28051.987905
276.62512,100,28051.987985
210.49074,100,28051.988003
224.2229,100,28051.988017
564.47406,100,28051.988037
270.84982,100,28051.988055
252.77211,100,28051.988068
538.3325,100,28051.98808
235.7248,100,28065.64273
222.29417,100,28065.642822
292.65707,100,28065.642845
342.30557,100,28065.642863
341.83035,100,28065.64288
201.15248,100,28065.642896
221.15916,100,28065.642912
374.00214,100,28065.642928
224.53954,100,28089.11661
191.9714,100,28089.116711
267.22696,100,28089.116741
365.97397,100,28089.116763
186.38037,100,28089.116785
252.50554,100,28089.116805
280.11392,100,28089.116825
369.32736,100,28089.116843
226.87326,100,28103.397754
320.5102,100,28103.397851
301.18652,100,28103.397874
260.1478,100,28103.397892
236.42995,100,28103.397909
384.34882,100,28103.397926
244.7626,100,28103.397942
238.07582,100,28103.397958
224.46191,100,28126.30392
324.05847,100,28126.304013
344.8389,100,28126.30405
200.0169,100,28126.304069
237.94707,100,28126.304085
459.68036,100,28126.304102
226.09598,100,28126.304118
223.10912,100,28126.304134
223.06789,100,28150.162822
237.16115,100,28150.162901
385.47003,100,28150.162915
459.42365,100,28150.162924
174.89471,100,28150.162933
191.40817,100,28150.162941
270.12744,100,28150.16295
200.3186,100,28150.162959
424.49768,100,28163.99904
326.92786,100,28163.99911
485.57214,100,28163.999122
203.1713,100,28163.999131
483.23022,100,28163.999139
569.7805,100,28163.999147
277.17706,100,28163.999156
325.05756,100,28163.999164
367.1584,100,28186.692334
507.08548,100,28186.692407
214.72531,100,28186.69242
244.42009,100,28186.69243
221.40356,100,28186.692438
232.38084,100,28186.692447
384.87744,100,28186.692456
399.2103,100,28186.692465
440.06686,100,28200.427298
272.06262,100,28200.427373
515.50854,100,28200.427386
311.7422,100,28200.427395
467.88727,100,28200.427404
150.54707,100,28200.427412
517.2458,100,28200.427421
389.0782,100,28200.427429
481.2437,100,28224.01309
258.88864,100,28224.013176
378.16852,100,28224.013197
213.08101,100,28224.013213
219.53896,100,28224.013227
467.08563,100,28224.013242
205.65509,100,28224.013257
236.8318,100,28224.013271
208.04639,100,28237.630059
338.079,100,28237.630153
491.80823,100,28237.630175
231.53593,100,28237.630192
169.9752,100,28237.630208
508.04846,100,28237.630225
196.63588,100,28237.63024
288.47775,100,28237.630256
279.16196,100,28260.569697
218.3645,100,28260.569788
238.4549,100,28260.569811
247.02783,100,28260.569829
293.7991,100,28260.569846
238.97215,100,28260.569862
206.25438,100,28260.569879
340.25565,100,28260.569895
437.40112,100,28283.774269
252.37692,100,28283.77434
411.40027,100,28283.774352
464.25635,100,28283.774362
227.58362,100,28283.774371
270.2353,100,28283.774379
453.88135,100,28283.774388
273.54495,100,28283.774396
196.32956,100,28297.593158
205.00952,100,28297.593247
140.40627,100,28297.593302
238.86049,100,28297.593319
140.3257,100,28297.593334
233.13336,100,28297.593349
387.78998,100,28297.593363
320.67944,100,28297.593379
194.18497,100,28321.467319
455.5573,100,28321.467412
301.6736,100,28321.467434
248.30234,100,28321.467451
288.43,100,28321.467467
263.57535,100,28321.467483
242.88629,100,28321.467499
245.16757,100,28321.467514
220.87962,100,28335.743695
214.12929,100,28335.743771
514.2916,100,28335.743784
242.22899,100,28335.743794
177.92487,100,28335.743803
390.44305,100,28335.743813
227.70981,100,28335.743822
223.31136,100,28335.743831
520.7146,100,28360.184696
349.6473,100,28360.184769
335.02484,100,28360.184782
266.1909,100,28360.184791
241.84546,100,28360.1848
263.88443,100,28360.184809
445.26434,100,28360.184818
257.5369,100,28360.184827
321.83133,100,28374.23669
246.88713,100,28374.236807
224.59682,100,28374.236849
243.26332,100,28374.236882
516.10925,100,28374.236912
290.67105,100,28374.236942
310.3223,100,28374.236972
586.00616,100,28374.237
189.96301,100,28397.653214
251.38142,100,28397.653312
241.00656,100,28397.653336
433.34705,100,28397.653353
289.83035,100,28397.65337
335.97287,100,28397.653387
432.45837,100,28397.653403
431.4111,100,28397.653419
260.4585,100,28411.688017
535.74817,100,28411.688125
257.46555,100,28411.688137
245.8147,100,28411.688146
238.88176,100,28411.688154
432.57404,100,28411.688163
599.9398,100,28411.688171
278.4209,100,28411.688179
283.026,100,28435.365051
228.07693,100,28435.365127
261.34708,100,28435.365139
200.77673,100,28435.365149
196.39001,100,28435.365157
248.04044,100,28435.365165
336.12158,100,28435.365174
435.95767,100,28435.365182
209.54613,100,28458.741414
373.4685,100,28458.741492
244.42204,100,28458.741504
225.6361,100,28458.741513
240.67307,100,28458.741522
268.23648,100,28458.74153
328.87048,100,28458.741539
246.11417,100,28458.741547
224.80951,100,28472.023533
246.76581,100,28472.023607
204.71474,100,28472.023619
429.85266,100,28472.023628
400.09225,100,28472.023637
239.86159,100,28472.023645
226.43422,100,28472.023654
318.96732,100,28472.023662
275.45288,100,28495.698246
230.0098,100,28495.698321
300.0764,100,28495.698333
507.67798,100,28495.698342
280.27225,100,28495.69835
302.61438,100,28495.698359
249.02959,100,28495.698367
268.92462,100,28495.698375
340.57388,100,28509.626773
245.7516,100,28509.626844
180.06006,100,28509.626856
373.21725,100,28509.626865
304.08282,100,28509.626874
207.99109,100,28509.626882
150.29303,100,28509.626891
160.63477,100,28509.626899
415.0572,100,28532.442989
237.68033,100,28532.443072
250.93129,100,28532.443086
296.66772,100,28532.443096
253.48372,100,28532.443105
417.15524,100,28532.443114
207.00342,100,28532.443123
246.21045,100,28532.443131
254.32214,100,28546.621289
570.0492,100,28546.621382
352.5198,100,28546.621405
296.13776,100,28546.621423
228.29715,100,28546.621439
262.6279,100,28546.621456
439.53772,100,28546.621472
440.89636,100,28546.621488
230.08505,100,28569.73205
266.10754,100,28569.732145
237.95917,100,28569.73217
360.95264,100,28569.732189
169.38676,100,28569.732206
369.8044,100,28569.732221
583.8163,100,28569.732238
211.94804,100,28569.732254
283.25064,100,28593.69922
266.10715,100,28593.699291
154.18996,100,28593.699303
293.7093,100,28593.699312
476.40735,100,28593.699321
493.21808,100,28593.699329
492.12912,100,28593.699337
454.4071,100,28593.699346
238.85251,100,28607.317635
223.36586,100,28607.317708
415.81305,100,28607.31772
179.18515,100,28607.317729
556.41486,100,28607.317737
369.7656,100,28607.317746
284.48553,100,28607.317754
357.98877,100,28607.317762
239.28171,100,28630.5273
295.05704,100,28630.527382
488.38007,100,28630.527395
491.00305,100,28630.527406
224.50061,100,28630.527416
219.84204,100,28630.527426
198.26334,100,28630.527435
188.02022,100,28630.527445
249.4612,100,28644.344859
398.6742,100,28644.344929
274.55096,100,28644.34494
254.12624,100,28644.344949
356.8121,100,28644.344958
283.35672,100,28644.344966
564.11835,100,28644.345
138.12344,100,28644.345009
307.03638,100,28667.147301
531.04816,100,28667.147385
219.16411,100,28667.147406
366.2595,100,28667.147422
195.61092,100,28667.147437
248.41321,100,28667.147452
262.16928,100,28667.147466
348.70026,100,28667.147481
174.59001,100,28680.940976
255.17422,100,28680.941061
234.07808,100,28680.941075
550.32166,100,28680.941084
224.0013,100,28680.941092
219.04797,100,28680.941101
436.24933,100,28680.941109
532.8933,100,28680.941117
355.41382,100,28704.405973
254.32394,100,28704.40605
283.9354,100,28704.406067
361.30365,100,28704.406077
214.81882,100,28704.406087
479.16864,100,28704.406095
204.89119,100,28704.406104
500.81635,100,28704.406112
311.34946,100,28718.464594
233.87221,100,28718.464677
222.89642,100,28718.46469
487.056,100,28718.4647
279.49707,100,28718.464709
306.61023,100,28718.464718
579.94556,100,28718.464727
224.23222,100,28718.464736
560.48267,100,28742.06268
407.33368,100,28742.06279
183.17615,100,28742.062823
240.5414,100,28742.062847
201.67981,100,28742.06287
363.27414,100,28742.062892
214.67836,100,28742.062914
251.0253,100,28742.062937
233.92438,100,28764.871894
197.5606,100,28764.87197
225.75314,100,28764.871984
211.68362,100,28764.871994
314.19907,100,28764.872003
206.82901,100,28764.872012
208.28757,100,28764.872021
257.6335,100,28764.872041
197.04129,100,28778.613648
489.9599,100,28778.613722
283.9433,100,28778.613734
534.6916,100,28778.613743
186.99779,100,28778.613752
192.78778,100,28778.61376
228.2877,100,28778.613769
250.36859,100,28778.613777
298.43057,100,28801.915022
256.12115,100,28801.915123
446.47537,100,28801.915146
223.47267,100,28801.915163
464.41824,100,28801.91518
466.04205,100,28801.915196
484.42783,100,28801.915212
354.7182,100,28801.915228
279.8112,100,28816.238886
243.91873,100,28816.238957
284.6961,100,28816.238969
263.23917,100,28816.238978
252.07071,100,28816.238987
264.4064,100,28816.238995
406.39426,100,28816.239004
389.86832,100,28816.239012
231.2242,100,28839.205277
223.3259,100,28839.205347
237.67543,100,28839.205359
185.85109,100,28839.205368
251.27429,100,28839.205376
246.20265,100,28839.205384
209.24657,100,28839.205392
313.2345,100,28839.205401
340.7402,100,28852.744631
509.13306,100,28852.744719
205.10826,100,28852.744742
232.48273,100,28852.744759
213.44202,100,28852.744776
232.88768,100,28852.744792
230.98085,100,28852.744809
351.974,100,28852.744825
247.23761,100,28876.306804
368.25238,100,28876.306894
247.4066,100,28876.306916
344.58417,100,28876.306935
233.82343,100,28876.306952
316.0582,100,28876.306969
264.42136,100,28876.306985
266.14218,100,28876.307002
223.9341,100,28899.824194
189.64442,100,28899.824268
372.7188,100,28899.824281
224.3447,100,28899.82429
446.1333,100,28899.824299
236.90402,100,28899.824307
319.9639,100,28899.824316
254.34274,100,28899.824324
275.88113,100,28914.005491
372.97205,100,28914.005584
299.34448,100,28914.005608
406.67084,100,28914.005625
254.44882,100,28914.005643
194.43405,100,28914.005659
321.8566,100,28914.005675
282.45486,100,28914.005691
172.62077,100,28937.270297
293.90137,100,28937.270371
284.9166,100,28937.270383
269.6399,100,28937.270393
424.95297,100,28937.270401
366.30887,100,28937.270411
251.7103,100,28937.270419
209.0186,100,28937.270427
293.1313,100,28951.322522
251.52115,100,28951.322591
407.6932,100,28951.322603
171.52563,100,28951.322612
252.62468,100,28951.322621
240.40971,100,28951.322629
328.1533,100,28951.322638
200.81976,100,28951.322646
441.66937,100,28975.156348
223.43515,100,28975.156422
230.17838,100,28975.156436
233.99815,100,28975.156446
213.98792,100,28975.156456
220.32086,100,28975.156466
270.651,100,28975.156475
199.19847,100,28975.156484
461.988,100,28988.997862
275.41846,100,28988.997946
244.98323,100,28988.997965
244.81622,100,28988.997979
211.76355,100,28988.997993
472.30276,100,28988.998008
191.03207,100,28988.998023
238.66864,100,28988.998054
238.58244,100,29011.682747
249.38525,100,29011.682818
238.53116,100,29011.68283
192.09862,100,29011.682856
349.80655,100,29011.682865
235.48524,100,29011.682873
531.1367,100,29011.682882
513.2069,100,29011.68289
260.99854,100,29025.371239
241.6723,100,29025.371313
371.14935,100,29025.371325
255.95094,100,29025.371335
445.70154,100,29025.371344
160.8822,100,29025.371353
513.55005,100,29025.371362
241.9915,100,29025.371371
300.8862,100,29048.844343
147.53215,100,29048.844437
411.9552,100,29048.84446
271.22998,100,29048.844479
258.13837,100,29048.844495
296.1637,100,29048.844511
417.95422,100,29048.844527
175.7808,100,29048.844543
275.72797,100,29071.378475
268.32968,100,29071.378548
262.9963,100,29071.37856
187.46738,100,29071.37857
228.92946,100,29071.378578
163.99756,100,29071.378587
210.4129,100,29071.378596
263.58533,100,29071.378604
233.09703,100,29085.782709
227.62302,100,29085.782808
184.30174,100,29085.782832
199.57323,100,29085.78285
185.79631,100,29085.782867
310.38675,100,29085.782885
388.99683,100,29085.782901
462.93036,100,29085.782918
197.86258,100,29109.833841
142.50356,100,29109.83394
425.40222,100,29109.833962
545.1595,100,29109.83398
317.79364,100,29109.833997
259.62036,100,29109.834013
459.31525,100,29109.834039
190.67274,100,29109.834061
231.69426,100,29123.917635
225.94054,100,29123.91771
240.91791,100,29123.917722
201.44165,100,29123.917732
233.76231,100,29123.917742
241.25893,100,29123.91775
208.64148,100,29123.917759
267.0414,100,29123.917767
299.39465,100,29147.454109
417.33282,100,29147.454185
301.53287,100,29147.454201
216.82832,100,29147.454212
482.0708,100,29147.454222
196.54237,100,29147.454234
478.45624,100,29147.454244
244.40034,100,29147.454253
205.44995,100,29160.288016
234.71252,100,29160.288127
306.60315,100,29160.288151
269.49948,100,29160.288167
545.9334,100,29160.288181
309.63046,100,29160.288196
394.51944,100,29160.288211
259.92023,100,29160.288226
246.52228,100,29184.109383
239.77759,100,29184.109486
240.52676,100,29184.109509
260.9278,100,29184.109527
285.24585,100,29184.109544
263.01144,100,29184.10956
187.3031,100,29184.109577
267.6461,100,29184.109593
176.72691,100,29207.415931
316.16193,100,29207.416005
226.37964,100,29207.416018
211.55524,100,29207.416027
490.23825,100,29207.416046
225.8437,100,29207.416055
456.6729,100,29207.416064
474.05402,100,29207.416072
260.8892,100,29221.613399
442.55823,100,29221.613487
280.5501,100,29221.613508
156.50417,100,29221.613524
276.2202,100,29221.613539
437.4214,100,29221.613553
236.66794,100,29221.613568
167.0619,100,29221.613582
216.13564,100,29245.290472
264.0368,100,29245.290543
411.62955,100,29245.290555
214.7266,100,29245.290565
323.09155,100,29245.290573
506.59384,100,29245.290582
219.11989,100,29245.290591
177.72609,100,29245.2906
313.76773,100,29259.254447
308.69595,100,29259.254519
252.55885,100,29259.254531
244.00491,100,29259.25454
494.28595,100,29259.25455
448.45963,100,29259.254558
193.96217,100,29259.254567
223.17415,100,29259.254575
257.13205,100,29282.285894
486.89005,100,29282.285966
187.03255,100,29282.285978
143.64116,100,29282.285987
307.4788,100,29282.285995
243.18596,100,29282.286004
234.79086,100,29282.286012
468.62476,100,29282.286021
217.85637,100,29295.818142
209.85243,100,29295.81824
382.27737,100,29295.818263
319.4059,100,29295.818281
279.51526,100,29295.818297
470.35602,100,29295.818313
181.57849,100,29295.818329
176.75941,100,29295.818345
202.01431,100,29319.002232
237.92194,100,29319.002304
263.03867,100,29319.002316
245.39276,100,29319.002326
443.8095,100,29319.002341
295.4366,100,29319.002356
191.13123,100,29319.002371
348.70923,100,29319.002386
204.17169,100,29332.603385
233.07611,100,29332.603461
258.09872,100,29332.603473
257.89148,100,29332.603482
250.19888,100,29332.603491
245.0531,100,29332.603499
223.42761,100,29332.603508
209.74683,100,29332.603516
230.55734,100,29355.845706
256.91663,100,29355.845783
211.25377,100,29355.845795
403.71594,100,29355.845805
281.6086,100,29355.845814
370.4709,100,29355.845822
251.20212,100,29355.845831
203.71451,100,29355.845855
167.96371,100,29379.076732
227.49571,100,29379.076825
189.72809,100,29379.076848
183.32172,100,29379.076865
288.93408,100,29379.076882
220.64314,100,29379.076898
244.98842,100,29379.076914
206.13918,100,29379.07693
274.73672,100,29392.663857
325.3536,100,29392.663928
254.46954,100,29392.66394
230.41559,100,29392.663949
482.4425,100,29392.663959
302.17258,100,29392.663967
260.178,100,29392.663975
373.18863,100,29392.663983
111.585655,100,29415.921473
440.36832,100,29415.921554
274.4574,100,29415.921566
254.10005,100,29415.921576
327.0101,100,29415.921584
531.06396,100,29415.921592
631.4119,100,29415.921601
208.00974,100,29415.921609
269.89816,100,29430.025881
255.56583,100,29430.025955
211.68701,100,29430.025967
234.72942,100,29430.025977
228.48636,100,29430.025986
267.45892,100,29430.025995
271.64276,100,29430.026003
226.68639,100,29430.026012
232.40129,100,29453.175884
200.04504,100,29453.17596
248.13136,100,29453.175972
264.24976,100,29453.175981
455.99762,100,29453.17599
252.9893,100,29453.175998
244.55197,100,29453.176006
250.42378,100,29453.176015
302.01645,100,29466.187845
477.9425,100,29466.187938
218.01912,100,29466.187961
262.0631,100,29466.187978
198.9068,100,29466.187994
177.13577,100,29466.18801
204.84865,100,29466.188027
233.95172,100,29466.188055
233.89227,100,29489.577952
416.53387,100,29489.578023
209.33455,100,29489.578051
246.81593,100,29489.578062
229.89272,100,29489.578071
200.47273,100,29489.57808
277.3897,100,29489.578089
269.26883,100,29489.578097
225.63707,100,29512.690257
237.00009,100,29512.690349
410.53546,100,29512.69037
232.83546,100,29512.690386
194.42989,100,29512.690402
260.61728,100,29512.690416
259.95908,100,29512.690431
198.12193,100,29512.690446
252.25745,100,29525.987945
241.91103,100,29525.988021
382.77734,100,29525.988042
209.53517,100,29525.988052
229.22815,100,29525.988061
232.37282,100,29525.98807
281.8872,100,29525.988079
453.799,100,29525.988088
296.9452,100,29549.539216
350.74155,100,29549.539289
255.47118,100,29549.539301
561.2401,100,29549.53931
473.5709,100,29549.539319
446.6068,100,29549.539328
259.87433,100,29549.539336
231.69745,100,29549.539345
465.25684,100,29562.457751
234.80484,100,29562.457835
505.83368,100,29562.457855
242.90045,100,29562.457871
229.09181,100,29562.457886
220.3741,100,29562.457901
237.02232,100,29562.457916
264.52707,100,29562.457931
202.53545,100,29585.889793
499.03656,100,29585.889866
251.37364,100,29585.889879
563.4342,100,29585.889889
423.06573,100,29585.889898
369.1283,100,29585.889907
245.69824,100,29585.889916
537.29895,100,29585.889925
566.8653,100,29599.946314
263.71588,100,29599.946384
389.99512,100,29599.946396
300.87912,100,29599.946405
380.68423,100,29599.946414
236.35214,100,29599.946423
246.44102,100,29599.94643
518.5387,100,29599.946439
481.05093,100,29623.352321
224.35075,100,29623.352395
378.7436,100,29623.352408
447.8792,100,29623.352417
277.4613,100,29623.352426
584.94775,100,29623.352435
401.6444,100,29623.352444
253.91606,100,29623.352453
233.93503,100,29637.136729
313.04916,100,29637.136799
528.6913,100,29637.136812
211.76624,100,29637.136821
249.21652,100,29637.13683
262.1951,100,29637.136838
225.77126,100,29637.136847
229.41148,100,29637.136855
306.727,100,29659.645428
264.66486,100,29659.645514
267.67188,100,29659.645535
262.63602,100,29659.645551
564.0301,100,29659.645566
521.3302,100,29659.645581
210.57336,100,29659.645596
470.62128,100,29659.645611
496.50372,100,29682.932356
222.89447,100,29682.932429
246.90256,100,29682.932441
233.64923,100,29682.932451
266.71457,100,29682.93246
489.47726,100,29682.932469
227.92165,100,29682.932478
530.24,100,29682.932487
284.99866,100,29696.312912
330.56598,100,29696.312993
337.68768,100,29696.313006
271.803,100,29696.313015
287.01385,100,29696.313025
230.54024,100,29696.313045
309.3211,100,29696.313054
541.42053,100,29696.313063
259.95758,100,29719.214958
242.23972,100,29719.215092
226.28261,100,29719.215137
439.9319,100,29719.215216
232.29994,100,29719.215253
197.54678,100,29719.215284
489.217,100,29719.215314
223.58774,100,29719.215343
483.8879,100,29733.117333
246.99155,100,29733.117407
234.53462,100,29733.11742
308.98407,100,29733.11743
189.00795,100,29733.11744
240.06755,100,29733.117449
201.03253,100,29733.117458
489.57367,100,29733.117467
242.55473,100,29756.586633
442.94376,100,29756.586705
237.84877,100,29756.586718
157.09315,100,29756.586727
253.67035,100,29756.586736
248.39612,100,29756.586745
389.69214,100,29756.586753
244.08594,100,29756.586761
550.64307,100,29770.467236
206.1989,100,29770.467326
544.35144,100,29770.46735
253.32025,100,29770.467368
314.93896,100,29770.467385
441.80997,100,29770.467402
303.40826,100,29770.467419
411.20032,100,29770.467435
301.19308,100,29794.089875
238.71986,100,29794.089948
261.17477,100,29794.089962
263.8367,100,29794.089971
237.45786,100,29794.089981
261.30655,100,29794.08999
402.90482,100,29794.089999
456.29626,100,29794.090008
237.35626,100,29818.000639
260.40204,100,29818.000707
403.46167,100,29818.00072
243.96257,100,29818.00073
442.98257,100,29818.00074
230.8884,100,29818.00075
445.03384,100,29818.00076
208.38904,100,29818.000769
215.67589,100,29832.652
240.77681,100,29832.652102
274.6484,100,29832.652128
226.6259,100,29832.652146
256.94296,100,29832.652161
395.802,100,29832.652176
213.24156,100,29832.65219
508.69568,100,29832.652205
253.59154,100,29856.454236
266.40262,100,29856.454311
248.74925,100,29856.454323
255.62355,100,29856.454333
262.33972,100,29856.454342
246.17941,100,29856.454351
400.2928,100,29856.45436
210.07689,100,29856.45437
263.296,100,29869.727153
233.09155,100,29869.727226
250.05367,100,29869.72724
286.93793,100,29869.72725
244.08368,100,29869.727259
244.98491,100,29869.727268
261.8184,100,29869.727277
237.10059,100,29869.727286
205.11058,100,29892.66906
239.91412,100,29892.669131
293.84003,100,29892.669143
324.08444,100,29892.669153
513.0741,100,29892.669162
174.2591,100,29892.669171
506.49884,100,29892.66918
268.66788,100,29892.669188
247.7226,100,29907.216332
246.33066,100,29907.21642
313.9009,100,29907.216441
560.8528,100,29907.216457
285.59506,100,29907.216471
541.0032,100,29907.216487
530.65173,100,29907.216501
193.51236,100,29907.216516
251.2333,100,29930.546243
461.57007,100,29930.54632
253.83688,100,29930.546333
240.21504,100,29930.546343
533.6584,100,29930.546352
447.4818,100,29930.546361
267.81845,100,29930.54637
228.42258,100,29930.546379
251.43405,100,29944.644611
212.99202,100,29944.6447
265.12943,100,29944.644721
268.84827,100,29944.644737
253.06181,100,29944.644752
249.44887,100,29944.644767
241.80104,100,29944.644782
249.41573,100,29944.644796
272.3389,100,29967.623562
238.85022,100,29967.623637
222.9516,100,29967.623651
268.2132,100,29967.623661
243.41344,100,29967.623669
552.1795,100,29967.623678
198.39268,100,29967.623687
490.4275,100,29967.623696
344.1631,100,29991.306085
531.3755,100,29991.306162
276.43118,100,29991.306176
486.44345,100,29991.306186
246.72417,100,29991.306195
213.24039,100,29991.306205
497.22833,100,29991.306214
316.45218,100,29991.306223
333.0008,100,30005.65064
220.07246,100,30005.650734
168.6573,100,30005.650757
466.17114,100,30005.650774
237.13293,100,30005.650791
414.39838,100,30005.650807
269.36453,100,30005.650823
209.4094,100,30005.650839
253.9154,100,30029.225487
316.11023,100,30029.225561
225.38107,100,30029.225575
205.1515,100,30029.225585
253.30841,100,30029.225595
561.0626,100,30029.225605
162.87015,100,30029.225616
230.011,100,30029.225626
214.18053,100,30042.207228
398.74863,100,30042.207315
208.13785,100,30042.207335
327.4662,100,30042.207351
177.90648,100,30042.207371
252.55096,100,30042.207385
509.42548,100,30042.2074
205.85405,100,30042.207414
295.67743,100,30065.59462
204.51628,100,30065.594698
463.77393,100,30065.594711
300.92447,100,30065.59472
360.46765,100,30065.594729
152.41365,100,30065.594738
247.16858,100,30065.594747
224.94333,100,30065.594756
551.8493,100,30079.712213
257.4248,100,30079.712284
295.46738,100,30079.712295
254.201,100,30079.712304
223.82124,100,30079.712312
388.42368,100,30079.712321
205.97012,100,30079.712329
329.02933,100,30079.712337
264.36066,100,30102.609788
282.8661,100,30102.60988
210.32367,100,30102.609905
203.47496,100,30102.609923
213.50385,100,30102.60994
232.47363,100,30102.609957
188.80984,100,30102.609973
207.19606,100,30102.609989
257.91055,100,30126.370949
266.35916,100,30126.37102
302.01886,100,30126.371043
302.0394,100,30126.371053
346.66476,100,30126.371063
271.77197,100,30126.371072
234.52654,100,30126.371081
350.07874,100,30126.371089
287.70798,100,30140.665438
353.73096,100,30140.665512
210.4589,100,30140.665525
366.4302,100,30140.665534
228.94128,100,30140.665543
328.03046,100,30140.665552
233.2763,100,30140.66556
349.71814,100,30140.665569
170.96239,100,30163.219251
224.101,100,30163.219327
173.29547,100,30163.219341
171.51,100,30163.219351
469.84265,100,30163.21936
242.38013,100,30163.219369
129.5773,100,30163.219378
234.57013,100,30163.219388
260.38043,100,30177.211535
221.04678,100,30177.211626
271.53812,100,30177.21164
331.7687,100,30177.211651
491.65436,100,30177.211661
249.43692,100,30177.211671
350.27243,100,30177.21168
475.9574,100,30177.21169
250.95155,100,30201.143907
256.90045,100,30201.143978
242.26012,100,30201.14399
234.04347,100,30201.144
253.16351,100,30201.144008
490.2829,100,30201.144017
358.63312,100,30201.144026
305.79153,100,30201.144045
218.99312,100,30214.417204
266.45615,100,30214.417304
284.02646,100,30214.417331
177.8072,100,30214.417352
456.23315,100,30214.417375
218.38353,100,30214.417396
213.0412,100,30214.417418
280.2361,100,30214.417439
239.64848,100,30238.454343
306.05768,100,30238.454421
195.06407,100,30238.454434
236.5268,100,30238.454444
322.5308,100,30238.454453
444.85675,100,30238.454463
198.6055,100,30238.454471
233.45744,100,30238.45448
275.92627,100,30252.278424
408.30728,100,30252.278502
243.62296,100,30252.278515
235.96892,100,30252.278525
472.48212,100,30252.278534
217.63615,100,30252.278543
255.79138,100,30252.278551
290.46103,100,30252.27856
310.47754,100,30276.501791
163.57007,100,30276.501864
248.3277,100,30276.501877
420.9344,100,30276.501887
277.20135,100,30276.501896
200.72667,100,30276.501905
411.5667,100,30276.501914
455.7318,100,30276.501923
499.96313,100,30299.783133
236.07681,100,30299.783205
231.956,100,30299.783218
245.82344,100,30299.783228
210.37518,100,30299.783237
215.33731,100,30299.783246
531.81714,100,30299.783255
557.5027,100,30299.783264
417.40317,100,30313.487279
421.07275,100,30313.487352
241.89635,100,30313.487364
285.93704,100,30313.487373
214.33844,100,30313.487382
234.44838,100,30313.487391
210.08734,100,30313.4874
241.83022,100,30313.487409
187.90436,100,30336.074991
212.08508,100,30336.075091
218.0891,100,30336.075115
353.05457,100,30336.075133
251.83484,100,30336.075149
248.27614,100,30336.075166
253.12776,100,30336.075182
269.06625,100,30336.075197
396.6253,100,30349.872802
260.42154,100,30349.872901
248.75307,100,30349.87293
229.60709,100,30349.872953
175.20221,100,30349.872976
327.62616,100,30349.872996
281.2581,100,30349.873016
452.96576,100,30349.873059
220.75006,100,30373.658682
212.90785,100,30373.65876
278.1347,100,30373.658773
243.15326,100,30373.658783
488.25565,100,30373.658793
297.58954,100,30373.658802
370.12427,100,30373.65881
476.04306,100,30373.658819
346.50296,100,30388.634617
230.83014,100,30388.634692
501.3637,100,30388.634705
239.90732,100,30388.634715
230.43985,100,30388.634724
370.81616,100,30388.634733
260.96548,100,30388.634742
200.54851,100,30388.63475
253.77975,100,30411.439957
217.74205,100,30411.440043
426.63422,100,30411.440059
198.41072,100,30411.440069
281.50055,100,30411.440078
238.16837,100,30411.440088
534.7069,100,30411.440097
231.14398,100,30411.440106
207.06607,100,30435.127386
234.53035,100,30435.127461
310.0159,100,30435.127474
371.83838,100,30435.127484
242.5513,100,30435.127507
350.80206,100,30435.127517
247.38042,100,30435.127527
220.63788,100,30435.127536
196.23714,100,30448.025759
239.16377,100,30448.025846
438.57816,100,30448.025866
219.98091,100,30448.025882
200.62976,100,30448.025896
581.99774,100,30448.025911
456.56784,100,30448.025926
439.15186,100,30448.02594
463.2904,100,30471.956435
216.75987,100,30471.956507
201.38747,100,30471.95652
312.1912,100,30471.95653
154.15236,100,30471.956539
258.51523,100,30471.956549
533.17395,100,30471.956558
268.11624,100,30471.956568
308.04697,100,30486.29801
253.28355,100,30486.29811
201.16856,100,30486.298132
540.5766,100,30486.298149
275.16602,100,30486.298164
251.02428,100,30486.298179
232.90894,100,30486.298194
339.40335,100,30486.298208
580.35614,100,30509.753693
162.84062,100,30509.753766
201.62102,100,30509.753779
254.42818,100,30509.753788
528.5001,100,30509.753797
244.1328,100,30509.753805
417.55728,100,30509.753814
177.16286,100,30509.753822
262.6698,100,30523.769704
479.20154,100,30523.769777
276.44897,100,30523.769789
241.49387,100,30523.769799
471.23883,100,30523.769808
320.01602,100,30523.769817
264.14258,100,30523.769826
499.49603,100,30523.769835
261.17346,100,30547.025035
564.8541,100,30547.02511
254.84592,100,30547.025123
250.98058,100,30547.025133
463.36005,100,30547.025143
272.4333,100,30547.025152
214.21521,100,30547.025161
549.2521,100,30547.02517
377.031,100,30561.536852
219.89067,100,30561.536947
222.2051,100,30561.536968
209.91711,100,30561.536984
242.05083,100,30561.536999
261.27502,100,30561.537014
249.4286,100,30561.537039
280.8464,100,30561.537061
263.18927,100,30584.833162
206.84492,100,30584.833234
206.38501,100,30584.833246
289.57727,100,30584.833256
244.905,100,30584.833265
300.93045,100,30584.833275
232.4203,100,30584.833283
422.3627,100,30584.833292
515.66254,100,30608.719077
431.2928,100,30608.719148
340.75787,100,30608.71916
368.46234,100,30608.719169
404.703,100,30608.719178
234.97946,100,30608.719186
202.48637,100,30608.719195
213.26498,100,30608.719203
177.26814,100,30622.442741
289.64932,100,30622.442831
280.9148,100,30622.442854
507.0776,100,30622.442872
212.31339,100,30622.442888
305.80557,100,30622.442904
178.23228,100,30622.442921
352.61414,100,30622.442936
217.11192,100,30645.474118
289.15683,100,30645.474194
269.69025,100,30645.474207
243.04433,100,30645.474217
238.86125,100,30645.474227
442.47076,100,30645.474236
239.09012,100,30645.474245
242.21994,100,30645.474254
254.12177,100,30658.618095
220.06837,100,30658.618184
202.21046,100,30658.618204
515.9424,100,30658.61822
308.9453,100,30658.618235
223.45956,100,30658.61825
247.40642,100,30658.618264
222.2199,100,30658.618278
537.1115,100,30681.211608
258.5726,100,30681.211699
459.6194,100,30681.211722
333.14954,100,30681.211739
209.6719,100,30681.211753
239.13652,100,30681.211767
509.629,100,30681.21178
200.49225,100,30681.211793
243.63266,100,30694.376339
343.23483,100,30694.376442
340.71942,100,30694.376472
217.25778,100,30694.376495
251.88615,100,30694.376517
248.92354,100,30694.376537
235.12346,100,30694.376559
218.5669,100,30694.376581
250.14925,100,30718.317934
244.82288,100,30718.318006
133.74707,100,30718.318019
262.4253,100,30718.318036
238.37172,100,30718.31805
258.53897,100,30718.318059
221.47813,100,30718.318069
216.62238,100,30718.318077
210.21837,100,30741.726249
243.345,100,30741.726338
250.37016,100,30741.72636
414.12622,100,30741.726376
366.61185,100,30741.726392
426.7634,100,30741.726407
387.60544,100,30741.726422
605.8688,100,30741.726437
271.856,100,30755.169871
216.74332,100,30755.169962
445.4286,100,30755.169983
229.81311,100,30755.17
290.9278,100,30755.170015
235.9126,100,30755.170041
177.82275,100,30755.170062
305.76874,100,30755.170077
471.86047,100,30778.697568
249.3744,100,30778.697665
232.44553,100,30778.697687
589.67175,100,30778.697704
267.50793,100,30778.69772
371.5178,100,30778.697736
235.88603,100,30778.697752
153.60063,100,30778.697767
152.31499,100,30792.382408
301.19424,100,30792.382516
460.44925,100,30792.382535
187.02725,100,30792.382549
233.41669,100,30792.382562
241.29524,100,30792.382574
266.0791,100,30792.382587
243.91447,100,30792.382599
547.86426,100,30816.316913
446.25275,100,30816.316986
259.61597,100,30816.317
217.34456,100,30816.31701
226.01248,100,30816.317019
218.01361,100,30816.317039
333.85196,100,30816.317052
243.56631,100,30816.317062
197.25642,100,30830.726363
514.62305,100,30830.726456
413.77402,100,30830.726483
538.03864,100,30830.726501
225.61256,100,30830.726516
566.6874,100,30830.726531
478.1632,100,30830.726547
426.49414,100,30830.726561
214.36504,100,30853.860388
329.41022,100,30853.860463
235.9864,100,30853.860476
252.19997,100,30853.860487
415.7923,100,30853.860496
248.17754,100,30853.860505
481.18652,100,30853.860515
251.59335,100,30853.860524
373.24792,100,30867.574187
527.3415,100,30867.574276
215.9579,100,30867.5743
530.85364,100,30867.574317
249.292,100,30867.574334
228.27666,100,30867.574351
237.69719,100,30867.574367
332.53098,100,30867.574383
336.1741,100,30891.66891
248.52258,100,30891.669
310.43573,100,30891.669021
226.1376,100,30891.66905
498.87787,100,30891.669066
429.41968,100,30891.669081
366.45163,100,30891.669096
246.38524,100,30891.669111
257.54544,100,30915.436168
234.80673,100,30915.43624
307.5951,100,30915.436253
560.5391,100,30915.436262
357.64062,100,30915.436272
485.64417,100,30915.43628
213.13889,100,30915.436289
254.71872,100,30915.436298
324.778,100,30928.259577
489.45306,100,30928.259668
510.56186,100,30928.25969
236.69955,100,30928.259708
183.59192,100,30928.259724
513.7971,100,30928.25974
262.84167,100,30928.259757
431.72693,100,30928.259773
251.1862,100,30951.251045
264.5364,100,30951.251131
200.26253,100,30951.25115
208.67505,100,30951.251165
229.97049,100,30951.251179
258.60068,100,30951.251192
203.63548,100,30951.251205
426.88885,100,30951.251218
260.293,100,30964.72832
468.76605,100,30964.72841
172.01337,100,30964.728433
534.42505,100,30964.72845
267.91574,100,30964.728466
247.6527,100,30964.728481
192.99005,100,30964.728497
232.84006,100,30964.728512
255.20155,100,30987.651908
195.7337,100,30987.651983
428.0078,100,30987.651996
224.29982,100,30987.652005
236.39653,100,30987.652014
544.45905,100,30987.652023
293.70697,100,30987.652043
393.6983,100,30987.652052
254.26901,100,31001.079817
221.26224,100,31001.079896
258.43988,100,31001.079909
488.2118,100,31001.079919
461.16675,100,31001.079929
484.3509,100,31001.079938
301.96115,100,31001.079947
223.05705,100,31001.079957
494.61304,100,31024.88252
490.3459,100,31024.882592
602.6704,100,31024.882605
256.97797,100,31024.882614
480.49506,100,31024.882623
218.95189,100,31024.882632
405.4112,100,31024.882641
261.10666,100,31024.882649
256.4506,100,31048.965536
220.87057,100,31048.965603
461.46643,100,31048.965616
530.9601,100,31048.965625
512.5278,100,31048.965634
332.40045,100,31048.965643
282.71664,100,31048.965652
237.0787,100,31048.96566
269.80832,100,31062.452196
237.5859,100,31062.45227
253.0644,100,31062.452283
590.08093,100,31062.452293
485.09744,100,31062.452302
174.7739,100,31062.452312
211.04744,100,31062.45232
318.47467,100,31062.452329
241.45113,100,31085.852592
411.5212,100,31085.852664
177.52882,100,31085.852678
315.76685,100,31085.852688
185.1258,100,31085.852697
489.12714,100,31085.852706
241.43982,100,31085.852715
223.1616,100,31085.852724
244.77176,100,31099.398669
300.36093,100,31099.398748
210.49518,100,31099.398761
254.50156,100,31099.39877
514.3962,100,31099.39878
212.173,100,31099.398789
273.90567,100,31099.398798
228.38588,100,31099.398807
204.25153,100,31123.566963
259.07947,100,31123.567062
272.03574,100,31123.56709
252.74873,100,31123.567106
436.62357,100,31123.567122
221.18863,100,31123.567137
237.7601,100,31123.567152
268.82364,100,31123.567167
331.92395,100,31137.331737
262.62817,100,31137.331827
288.87418,100,31137.331848
289.6023,100,31137.331865
479.73822,100,31137.33188
275.35242,100,31137.331924
248.18742,100,31137.33194
252.36755,100,31137.331955
232.62903,100,31160.301848
276.52115,100,31160.301918
249.62299,100,31160.30193
519.8521,100,31160.301939
245.37065,100,31160.301948
225.20897,100,31160.301958
260.78812,100,31160.301966
336.74448,100,31160.301975
373.93088,100,31174.006708
503.68872,100,31174.006809
208.1401,100,31174.006838
240.59348,100,31174.006859
250.55925,100,31174.006878
330.2225,100,31174.006895
247.91753,100,31174.006912
214.5595,100,31174.006931
218.00154,100,31197.468536
275.90445,100,31197.46861
487.72293,100,31197.468624
237.51912,100,31197.468633
522.57666,100,31197.468642
572.9918,100,31197.468652
225.03403,100,31197.468661
506.4037,100,31197.46867
210.65149,100,31220.955877
276.38745,100,31220.955953
421.93753,100,31220.955966
418.647,100,31220.955976
296.51373,100,31220.955985
430.6723,100,31220.955994
236.12442,100,31220.956003
217.89528,100,31220.956012
250.1796,100,31234.055958
281.35788,100,31234.056075
216.2688,100,31234.056108
237.32327,100,31234.056133
456.85034,100,31234.056155
230.90094,100,31234.056177
471.09537,100,31234.056199
251.30167,100,31234.056221
202.44125,100,31257.016925
240.93187,100,31257.017014
186.30592,100,31257.017048
227.88364,100,31257.017064
478.52228,100,31257.01708
217.94443,100,31257.017095
214.84819,100,31257.017109
285.14783,100,31257.017124
243.55656,100,31271.25326
258.4595,100,31271.253334
255.05165,100,31271.253347
272.67038,100,31271.253357
263.9705,100,31271.253366
237.2916,100,31271.253376
200.65274,100,31271.253385
199.89786,100,31271.253394
360.58536,100,31294.379591
254.29027,100,31294.379682
213.20985,100,31294.379706
248.49721,100,31294.379724
401.89563,100,31294.37974
223.71622,100,31294.379756
418.8184,100,31294.379772
496.4079,100,31294.379788
400.35834,100,31308.800191
228.97011,100,31308.80026
235.74385,100,31308.800272
326.9541,100,31308.800282
311.19528,100,31308.800291
524.2234,100,31308.8003
323.39703,100,31308.800308
166.29167,100,31308.800317
240.0054,100,31331.741389
177.63077,100,31331.741489
232.72578,100,31331.741513
258.8106,100,31331.741531
540.6004,100,31331.741548
466.34744,100,31331.741564
253.92422,100,31331.741581
316.77267,100,31331.741597
441.7645,100,31355.809264
269.56714,100,31355.80934
324.98193,100,31355.809352
260.79852,100,31355.809362
241.85919,100,31355.809372
254.34883,100,31355.809381
208.88925,100,31355.80939
298.62158,100,31355.809399
229.73318,100,31370.651858
456.421,100,31370.65193
312.37418,100,31370.651942
511.0672,100,31370.651952
323.74823,100,31370.651961
200.59418,100,31370.65197
271.9211,100,31370.651979
362.63147,100,31370.651988
262.36334,100,31393.910771
239.80713,100,31393.910846
377.31622,100,31393.910859
163.67285,100,31393.910868
265.08887,100,31393.910877
217.25928,100,31393.910885
412.90845,100,31393.910894
245.9248,100,31393.910903
220.36212,100,31408.936556
520.5067,100,31408.936634
250.79948,100,31408.936647
242.54002,100,31408.936656
250.02997,100,31408.936665
221.0592,100,31408.936673
187.28902,100,31408.936682
244.53816,100,31408.936691
284.53177,100,31432.762825
334.84525,100,31432.762898
439.6118,100,31432.76291
251.75374,100,31432.762919
269.41617,100,31432.762928
466.59253,100,31432.762936
335.5989,100,31432.762945
407.0852,100,31432.762954
254.40112,100,31446.900438
341.78262,100,31446.900527
208.20018,100,31446.900548
254.4744,100,31446.900564
298.68686,100,31446.90058
262.3788,100,31446.900595
258.0369,100,31446.90061
201.02948,100,31446.900625
234.99777,100,31470.115965
213.72934,100,31470.116046
355.8548,100,31470.116063
457.85947,100,31470.116073
289.72476,100,31470.116082
208.28142,100,31470.116091
222.29416,100,31470.1161
397.12912,100,31470.116109
233.03145,100,31484.110423
242.0701,100,31484.110495
453.05923,100,31484.110508
222.34773,100,31484.110518
243.6813,100,31484.110527
323.33603,100,31484.110536
447.82678,100,31484.110544
274.27032,100,31484.110553
242.4696,100,31509.051709
508.03738,100,31509.051803
234.16377,100,31509.051848
260.65497,100,31509.051866
246.88449,100,31509.051883
510.03,100,31509.0519
566.61304,100,31509.051917
230.18765,100,31509.051933
270.29398,100,31532.92696
229.79689,100,31532.927039
236.2985,100,31532.927056
450.16064,100,31532.927066
181.99815,100,31532.927075
233.47081,100,31532.927084
520.36835,100,31532.927093
254.06075,100,31532.927101
265.83618,100,31547.434197
222.82684,100,31547.434272
246.04063,100,31547.434285
225.3994,100,31547.434295
480.844,100,31547.434304
255.73428,100,31547.434313
255.22743,100,31547.434322
312.18207,100,31547.43433
235.64534,100,31570.297483
325.84824,100,31570.297555
240.03685,100,31570.297568
235.7292,100,31570.297577
265.14752,100,31570.297586
274.79303,100,31570.297594
266.82748,100,31570.297602
208.46594,100,31570.297611
200.96701,100,31584.526881
251.4335,100,31584.526952
240.3737,100,31584.526964
455.8835,100,31584.526974
484.04468,100,31584.526983
208.68784,100,31584.526992
336.63196,100,31584.527
240.2416,100,31584.527009
268.06866,100,31608.890757
233.77594,100,31608.890828
241.98418,100,31608.89084
212.12221,100,31608.89085
265.1998,100,31608.890858
303.4655,100,31608.890867
258.07922,100,31608.890876
475.95956,100,31608.890884
586.475,100,31623.230728
306.35294,100,31623.230814
295.93924,100,31623.230834
235.27681,100,31623.23085
506.3067,100,31623.230865
458.0814,100,31623.23088
410.09943,100,31623.230895
359.4689,100,31623.230909
264.48853,100,31646.732428
494.81317,100,31646.732522
242.26125,100,31646.732547
322.25128,100,31646.732565
387.31635,100,31646.732583
495.073,100,31646.732601
251.52815,100,31646.732618
276.53052,100,31646.732635
237.74681,100,31671.562903
240.78893,100,31671.562993
246.49901,100,31671.563015
373.77805,100,31671.563044
225.40866,100,31671.563063
253.73276,100,31671.563079
252.5846,100,31671.563094
330.61835,100,31671.563109
240.6922,100,31684.462311
470.80444,100,31684.462401
240.1486,100,31684.462423
257.31833,100,31684.462439
250.98166,100,31684.462454
232.96124,100,31684.462469
214.70033,100,31684.462484
518.0896,100,31684.462499
239.06308,100,31707.951965
234.2185,100,31707.952044
264.13345,100,31707.952059
245.21333,100,31707.952069
585.5807,100,31707.952078
257.02264,100,31707.952086
232.47235,100,31707.952095
231.5627,100,31707.952103
218.63214,100,31721.620171
373.6577,100,31721.620246
260.49167,100,31721.620259
316.93497,100,31721.620269
280.04742,100,31721.620277
239.44511,100,31721.620287
235.24666,100,31721.620295
190.8137,100,31721.620304
209.78505,100,31745.912428
267.8789,100,31745.912516
372.4702,100,31745.912538
138.34549,100,31745.912554
229.39977,100,31745.91257
329.08243,100,31745.912585
339.44797,100,31745.912601
378.66138,100,31745.912616
249.43227,100,31759.662237
413.99365,100,31759.662311
211.07892,100,31759.662325
198.23906,100,31759.662336
255.34872,100,31759.662345
235.92499,100,31759.662354
269.30066,100,31759.662363
244.2455,100,31759.662372
244.72263,100,31783.611833
182.10168,100,31783.611927
230.1783,100,31783.611949
239.84229,100,31783.611966
221.58353,100,31783.611981
207.47157,100,31783.611997
511.10953,100,31783.612012
515.5354,100,31783.612027
220.6498,100,31798.506344
226.73763,100,31798.506429
265.7228,100,31798.50645
287.81107,100,31798.506466
237.21861,100,31798.506481
464.36954,100,31798.506496
221.09918,100,31798.50651
427.7564,100,31798.506525
225.11922,100,31821.08009
239.22166,100,31821.080164
173.37158,100,31821.080177
438.35373,100,31821.080186
249.50902,100,31821.080194
214.46695,100,31821.080203
221.7276,100,31821.080211
213.50438,100,31821.08022
536.03516,100,31845.378544
233.78316,100,31845.378622
341.4093,100,31845.378645
459.33395,100,31845.378663
150.53688,100,31845.37868
195.6669,100,31845.378696
159.70673,100,31845.378712
481.03522,100,31845.378729
249.98317,100,31858.84698
230.52966,100,31858.847063
255.83037,100,31858.847076
302.1121,100,31858.847085
335.09442,100,31858.847095
256.775,100,31858.847104
347.28687,100,31858.847129
237.5267,100,31858.847139
388.87808,100,31882.932347
298.07364,100,31882.932419
252.06042,100,31882.932431
291.80658,100,31882.93244
504.55646,100,31882.932449
329.5635,100,31882.932457
249.42398,100,31882.932466
247.14699,100,31882.932474
404.2437,100,31897.410931
500.7564,100,31897.411023
430.04526,100,31897.411062
354.25482,100,31897.411081
480.84775,100,31897.411097
306.86734,100,31897.411114
344.19354,100,31897.41113
239.27951,100,31897.411146
482.53296,100,31921.318024
307.93872,100,31921.318104
513.7689,100,31921.318117
181.51917,100,31921.318126
302.27078,100,31921.318136
244.61148,100,31921.318145
234.99507,100,31921.318154
442.08823,100,31921.318162
248.1754,100,31934.279259
179.03398,100,31934.279332
541.36554,100,31934.279345
218.08965,100,31934.279354
210.20058,100,31934.279363
182.44823,100,31934.279372
523.2361,100,31934.279381
166.4529,100,31934.279389
251.3253,100,31957.906098
219.70164,100,31957.906172
242.55948,100,31957.906184
208.85722,100,31957.906194
372.2223,100,31957.906202
232.07599,100,31957.906211
362.3046,100,31957.90622
230.67732,100,31957.906229
249.39575,100,31980.588137
243.51256,100,31980.588207
259.7585,100,31980.58822
211.36716,100,31980.588229
438.85336,100,31980.588238
305.28683,100,31980.588247
578.38196,100,31980.588255
528.4297,100,31980.588264
236.33257,100,31995.006559
254.11684,100,31995.006634
301.53574,100,31995.006646
539.157,100,31995.006656
227.18745,100,31995.006665
362.1705,100,31995.006674
253.43506,100,31995.006683
258.81226,100,31995.006692
232.51472,100,32018.013753
238.11023,100,32018.013827
217.94531,100,32018.013839
266.50076,100,32018.013849
503.25513,100,32018.013858
248.26709,100,32018.013867
469.48068,100,32018.013876
275.7766,100,32018.013885
240.37683,100,32031.91029
227.5887,100,32031.910381
237.99367,100,32031.910405
231.12263,100,32031.910424
561.1017,100,32031.910441
551.59924,100,32031.910458
261.09354,100,32031.910474
289.14935,100,32031.91049
303.7189,100,32055.226762
180.9331,100,32055.226848
454.38983,100,32055.226869
245.55316,100,32055.226886
222.23293,100,32055.226902
311.57767,100,32055.226916
406.409,100,32055.226931
258.5373,100,32055.226946
302.01648,100,32069.061574
391.71323,100,32069.061647
226.40706,100,32069.06166
177.27151,100,32069.061669
175.09482,100,32069.061678
369.21045,100,32069.061687
217.56908,100,32069.061695
141.42827,100,32069.061704
583.66003,100,32093.552876
173.02246,100,32093.552972
160.06874,100,32093.552995
336.54117,100,32093.553011
215.43903,100,32093.55304
465.07367,100,32093.553063
381.6147,100,32093.553079
231.30162,100,32093.553094
221.6805,100,32107.866251
188.94598,100,32107.866328
227.74736,100,32107.86634
562.48413,100,32107.86635
319.3285,100,32107.866359
237.35236,100,32107.866368
529.2036,100,32107.866377
145.12395,100,32107.866387
233.90363,100,32131.002128
248.27338,100,32131.002213
232.64915,100,32131.002232
256.83972,100,32131.002246
488.42636,100,32131.002259
282.614,100,32131.002271
234.77214,100,32131.002284
236.33377,100,32131.002297
375.0839,100,32154.575664
255.17871,100,32154.575737
224.78265,100,32154.57575
377.1871,100,32154.57576
248.1252,100,32154.57577
500.08536,100,32154.575779
421.75067,100,32154.575788
245.20529,100,32154.575796
475.20468,100,32168.690483
133.2853,100,32168.690554
452.08554,100,32168.690566
223.88985,100,32168.690575
256.985,100,32168.690583
255.64241,100,32168.690593
423.53204,100,32168.690602
255.81258,100,32168.690611
225.04092,100,32192.643247
455.07983,100,32192.643324
266.51627,100,32192.643338
254.2431,100,32192.643348
339.83783,100,32192.643358
215.68236,100,32192.643368
497.42914,100,32192.643377
532.66614,100,32192.643386
253.71173,100,32206.509165
244.24185,100,32206.509243
232.85794,100,32206.509256
418.464,100,32206.509266
139.40855,100,32206.509275
352.38046,100,32206.509284
242.4011,100,32206.509293
236.00056,100,32206.509302
261.01505,100,32229.742271
262.5508,100,32229.742347
258.81754,100,32229.742365
218.69348,100,32229.742375
352.65698,100,32229.742383
251.56119,100,32229.742392
195.88383,100,32229.7424
234.24556,100,32229.742409
490.73096,100,32243.028774
301.74863,100,32243.028842
255.13454,100,32243.028854
265.5379,100,32243.028863
161.03384,100,32243.028872
286.2599,100,32243.02888
507.18326,100,32243.028889
337.90866,100,32243.028897
172.08728,100,32266.508651
262.58835,100,32266.508723
288.9289,100,32266.508736
237.5957,100,32266.508746
289.75214,100,32266.508755
220.7586,100,32266.508764
270.7329,100,32266.508773
248.28728,100,32266.508781
214.33424,100,32290.409909
208.46896,100,32290.409981
526.1267,100,32290.409993
260.3693,100,32290.410002
271.99582,100,32290.410011
170.55049,100,32290.41002
569.80774,100,32290.410035
242.68748,100,32290.410047
571.7065,100,32304.234648
237.20876,100,32304.23472
535.59296,100,32304.234733
441.1506,100,32304.234742
259.8941,100,32304.234751
165.81718,100,32304.23476
209.4576,100,32304.234769
463.65994,100,32304.234778
413.0471,100,32327.365204
268.72107,100,32327.365292
244.66718,100,32327.365312
210.90953,100,32327.365329
533.8916,100,32327.365343
247.701,100,32327.365358
236.2018,100,32327.365373
184.55894,100,32327.365388
219.93228,100,32340.578465
225.05501,100,32340.578534
279.29993,100,32340.578546
313.54303,100,32340.578555
553.03973,100,32340.578564
214.21883,100,32340.578573
247.56859,100,32340.578581
261.8601,100,32340.578589
166.35577,100,32365.042199
260.11136,100,32365.042257
523.23474,100,32365.04227
226.70909,100,32365.04228
233.67805,100,32365.04229
193.84628,100,32365.042299
187.97806,100,32365.042308
244.20528,100,32365.042317
236.1631,100,32379.6778
377.1901,100,32379.677879
234.80327,100,32379.677891
197.8534,100,32379.677901
293.47513,100,32379.67791
135.96786,100,32379.677919
255.67325,100,32379.677927
176.93932,100,32379.677936
238.99214,100,32402.710348
267.86368,100,32402.710418
237.25659,100,32402.71043
240.61494,100,32402.71044
210.4441,100,32402.710449
197.13908,100,32402.710458
195.65385,100,32402.710467
224.4441,100,32402.710475
308.69833,100,32416.526294
254.18414,100,32416.526371
217.65503,100,32416.526384
577.48535,100,32416.526394
240.44324,100,32416.526402
264.4422,100,32416.526412
245.26135,100,32416.52642
451.79514,100,32416.526429
251.42928,100,32440.054026
241.6361,100,32440.054125
248.931,100,32440.054147
200.4519,100,32440.054165
220.67108,100,32440.054182
260.11508,100,32440.054199
221.66475,100,32440.054215
266.94983,100,32440.05423
257.92886,100,32463.323589
193.1805,100,32463.323664
207.79047,100,32463.323677
186.11925,100,32463.323687
395.2928,100,32463.323695
231.28847,100,32463.323704
244.39066,100,32463.323713
291.08508,100,32463.323721
222.36595,100,32476.857502
239.76018,100,32476.85759
554.8374,100,32476.857611
258.73657,100,32476.857627
518.2943,100,32476.857642
439.92285,100,32476.857657
510.87335,100,32476.857671
247.84471,100,32476.857686
214.93379,100,32499.448251
202.95221,100,32499.448327
256.53995,100,32499.44834
226.34154,100,32499.448351
252.65216,100,32499.44836
235.60373,100,32499.448369
227.60313,100,32499.448378
246.91356,100,32499.448388
251.7286,100,32513.036909
244.47958,100,32513.036983
300.7967,100,32513.036996
283.56598,100,32513.037006
573.63116,100,32513.037015
133.10289,100,32513.037024
480.63995,100,32513.037042
197.91031,100,32513.037052
427.08258,100,32536.76306
251.30614,100,32536.763151
283.86658,100,32536.763174
321.68713,100,32536.763192
199.91174,100,32536.763208
210.93744,100,32536.763224
220.41917,100,32536.76324
275.89554,100,32536.763262
453.08572,100,32551.18471
209.30508,100,32551.184784
227.9896,100,32551.184797
274.07065,100,32551.184806
370.49124,100,32551.184814
270.6598,100,32551.184824
229.69301,100,32551.184832
526.1083,100,32551.18484
316.9893,100,32575.468978
227.35776,100,32575.469055
204.15752,100,32575.46907
227.371,100,32575.469079
210.86726,100,32575.469089
204.93996,100,32575.469097
539.04974,100,32575.469106
200.47011,100,32575.469121
197.96739,100,32598.401962
252.61775,100,32598.40204
536.8613,100,32598.402055
221.82158,100,32598.402065
263.8146,100,32598.402074
229.91649,100,32598.402082
214.65057,100,32598.402091
408.4509,100,32598.402099
467.53818,100,32612.394511
255.9984,100,32612.394583
298.08002,100,32612.394596
192.82866,100,32612.394605
235.82402,100,32612.394614
324.77295,100,32612.394623
236.16795,100,32612.394632
222.44568,100,32612.39464
269.8202,100,32635.7582
341.7029,100,32635.758275
238.43747,100,32635.758289
304.4074,100,32635.758299
332.9959,100,32635.758308
241.54285,100,32635.758317
257.82007,100,32635.758326
373.23016,100,32635.758335
225.19789,100,32649.541483
276.60754,100,32649.54156
368.8833,100,32649.541573
238.09735,100,32649.541582
293.25876,100,32649.541591
513.21265,100,32649.5416
246.35098,100,32649.541608
260.3756,100,32649.541617
205.46301,100,32673.130653
384.84497,100,32673.130726
245.4932,100,32673.130737
286.41098,100,32673.130747
239.82587,100,32673.130755
237.77559,100,32673.130763
273.4734,100,32673.130771
218.69069,100,32673.130779
194.83565,100,32686.887979
200.82463,100,32686.888063
386.02377,100,32686.888077
202.12558,100,32686.888087
262.0163,100,32686.888097
220.36363,100,32686.888106
440.66885,100,32686.888115
258.75793,100,32686.888125
187.4321,100,32709.74262
115.9091,100,32709.742695
508.60678,100,32709.742708
260.56674,100,32709.742718
261.33136,100,32709.742726
237.84152,100,32709.742734
234.67918,100,32709.742743
340.74536,100,32709.742751
232.7079,100,32723.413689
251.35661,100,32723.41376
520.1718,100,32723.413773
204.51756,100,32723.413783
242.12787,100,32723.413792
558.77185,100,32723.4138
158.8866,100,32723.41381
219.06839,100,32723.413819
254.56062,100,32745.997193
238.4919,100,32745.997269
444.46655,100,32745.997282
220.89911,100,32745.997292
247.7479,100,32745.997301
294.00116,100,32745.997313
190.93289,100,32745.997322
221.51468,100,32745.997331
248.9307,100,32768.343363
268.95242,100,32768.343437
472.76874,100,32768.343451
221.90996,100,32768.34346
198.37561,100,32768.343469
218.76294,100,32768.343478
249.71553,100,32768.343486
184.31781,100,32768.343495
253.71901,100,32781.854842
323.16034,100,32781.854917
148.96375,100,32781.85493
377.481,100,32781.85494
517.99927,100,32781.854949
146.39192,100,32781.854958
245.80727,100,32781.854967
494.68384,100,32781.854976
219.02505,100,32805.271354
327.27054,100,32805.271428
229.39894,100,32805.271441
501.36627,100,32805.271451
259.93274,100,32805.27146
455.8766,100,32805.271469
257.11273,100,32805.271477
257.41293,100,32805.271485
241.07932,100,32818.895016
255.31886,100,32818.895099
222.00467,100,32818.895112
468.68683,100,32818.895122
225.55879,100,32818.895131
337.0028,100,32818.895141
245.5056,100,32818.895149
231.58835,100,32818.895158
185.60791,100,32841.957583
248.32257,100,32841.957677
345.68912,100,32841.9577
536.7219,100,32841.957717
255.18936,100,32841.957734
532.8472,100,32841.957751
252.88725,100,32841.957766
234.22263,100,32841.957782
82.24155,100,32856.096179
486.98828,100,32856.096251
540.14124,100,32856.096263
286.24564,100,32856.096273
527.0906,100,32856.096281
239.5949,100,32856.09629
240.70526,100,32856.096299
223.72278,100,32856.096308
516.0891,100,32879.766253
243.26234,100,32879.766323
218.56334,100,32879.766335
241.89876,100,32879.766344
197.17516,100,32879.766353
426.46997,100,32879.766361
140.11826,100,32879.76637
406.0706,100,32879.766378
141.60934,100,32903.070835
245.81944,100,32903.070912
436.98508,100,32903.070925
179.81546,100,32903.070935
174.09825,100,32903.070944
311.47534,100,32903.070953
248.6727,100,32903.070962
319.37057,100,32903.070971
226.36722,100,32916.737574
447.56012,100,32916.737665
208.78404,100,32916.737688
279.15768,100,32916.737705
239.50804,100,32916.737721
223.46199,100,32916.737737
142.1617,100,32916.737753
537.7681,100,32916.737769
133.14912,100,32940.206062
243.26784,100,32940.206138
257.41318,100,32940.20615
217.68463,100,32940.206173
261.45685,100,32940.206182
189.10658,100,32940.206191
236.50618,100,32940.206199
189.6878,100,32940.206207
195.48145,100,32953.269877
503.16995,100,32953.269949
244.0784,100,32953.269962
468.0929,100,32953.269971
534.42114,100,32953.26998
231.05255,100,32953.269989
287.86697,100,32953.269999
229.49927,100,32953.270008
559.2641,100,32976.057164
314.62375,100,32976.057235
194.4922,100,32976.057247
547.885,100,32976.057257
255.41507,100,32976.057265
222.95299,100,32976.057274
255.20375,100,32976.057282
228.58241,100,32976.057291
226.81186,100,32989.705737
230.07823,100,32989.705829
249.02216,100,32989.705851
363.8636,100,32989.70587
209.16632,100,32989.705886
461.87866,100,32989.705903
375.63507,100,32989.705919
466.67987,100,32989.705935
247.09776,100,33013.572213
208.78893,100,33013.572299
259.58322,100,33013.57232
247.16156,100,33013.572335
191.02823,100,33013.57235
239.15875,100,33013.572365
274.37683,100,33013.57238
332.5518,100,33013.572394
244.48492,100,33027.857589
267.83923,100,33027.857688
253.18245,100,33027.857711
248.13528,100,33027.857728
213.58078,100,33027.857745
271.37527,100,33027.857761
245.33328,100,33027.857778
179.541,100,33027.857794
213.69843,100,33051.532064
235.49722,100,33051.532139
237.90154,100,33051.532152
299.3443,100,33051.532161
539.7241,100,33051.532171
409.21277,100,33051.53218
224.68748,100,33051.532188
234.35312,100,33051.532197
218.75273,100,33075.16958
268.9732,100,33075.169666
226.64732,100,33075.169684
264.69702,100,33075.169699
239.68886,100,33075.169713
522.81213,100,33075.169726
342.63416,100,33075.169739
264.8388,100,33075.169752
470.8156,100,33088.735568
247.09662,100,33088.735641
528.88306,100,33088.735653
220.70312,100,33088.735662
235.74382,100,33088.735671
351.6848,100,33088.73568
285.29163,100,33088.735688
246.1439,100,33088.735697
210.98534,100,33111.62207
285.15845,100,33111.622148
369.1781,100,33111.622179
237.53758,100,33111.622189
217.47481,100,33111.622198
224.0418,100,33111.622206
238.10912,100,33111.622215
228.09164,100,33111.622224
232.852,100,33125.171238
214.13797,100,33125.171312
249.04697,100,33125.171324
189.36969,100,33125.171333
365.12894,100,33125.171342
250.30956,100,33125.17135
202.19095,100,33125.171359
280.19928,100,33125.171367
222.42606,100,33149.036917
541.4726,100,33149.03699
236.76964,100,33149.037003
222.70401,100,33149.037012
226.47816,100,33149.037021
241.9332,100,33149.03704
441.77603,100,33149.037051
359.9574,100,33149.03706
229.98822,100,33162.164042
596.66266,100,33162.164118
169.13254,100,33162.164131
215.99991,100,33162.16414
521.6159,100,33162.16415
207.43726,100,33162.164158
273.65634,100,33162.164167
249.646,100,33162.164175
248.23991,100,33185.81743
519.6311,100,33185.817503
189.3478,100,33185.817516
235.65201,100,33185.817525
241.17915,100,33185.817533
213.69788,100,33185.817542
256.32947,100,33185.817551
241.35812,100,33185.817559
196.04466,100,33209.579383
150.48212,100,33209.579472
247.72716,100,33209.579495
240.02324,100,33209.579512
197.47273,100,33209.579529
427.56836,100,33209.579544
301.61484,100,33209.57956
191.89378,100,33209.579576
189.87158,100,33224.011422
412.53064,100,33224.011501
276.0916,100,33224.011513
226.83646,100,33224.011523
198.70688,100,33224.011532
409.7285,100,33224.01154
202.71796,100,33224.011549
519.3994,100,33224.011558
240.08882,100,33246.930877
196.89845,100,33246.930948
225.44768,100,33246.930961
432.9931,100,33246.93097
178.83882,100,33246.930979
483.81512,100,33246.930988
239.65114,100,33246.930996
284.77368,100,33246.931005
420.49457,100,33261.501108
261.08008,100,33261.501204
228.7777,100,33261.501226
240.29945,100,33261.501244
193.19661,100,33261.501261
219.25073,100,33261.501277
249.11014,100,33261.501292
328.00174,100,33261.501308
378.13043,100,33284.433592
139.73492,100,33284.433665
235.48671,100,33284.433677
263.23502,100,33284.433687
247.19662,100,33284.433696
189.47067,100,33284.433705
229.48853,100,33284.433714
230.98698,100,33284.433722
256.43185,100,33298.572765
433.1414,100,33298.572859
177.91031,100,33298.572882
395.3648,100,33298.5729
238.02805,100,33298.572916
229.91907,100,33298.572932
232.32826,100,33298.572949
234.90149,100,33298.572965
203.72122,100,33321.564262
196.10982,100,33321.564348
173.28606,100,33321.564369
360.4536,100,33321.564384
277.35574,100,33321.564399
192.42976,100,33321.564415
459.07214,100,33321.564429
181.00781,100,33321.564444
295.81848,100,33335.128448
209.7138,100,33335.128521
199.88332,100,33335.128534
208.13676,100,33335.128544
230.92023,100,33335.128553
203.06491,100,33335.128563
280.5369,100,33335.128571
386.3988,100,33335.12858
206.10489,100,33358.432621
412.12634,100,33358.432713
244.20764,100,33358.432736
233.05911,100,33358.432754
233.55812,100,33358.43277
204.29233,100,33358.432787
254.99966,100,33358.432804
362.9607,100,33358.43282
375.68033,100,33381.836575
237.90561,100,33381.836647
240.26521,100,33381.83666
237.76952,100,33381.836669
308.3914,100,33381.836678
307.5068,100,33381.836687
245.02748,100,33381.836695
212.8322,100,33381.836703
185.92305,100,33394.956884
271.9728,100,33394.956957
523.85657,100,33394.95697
351.13223,100,33394.95698
361.85803,100,33394.956989
216.78609,100,33394.956998
226.92136,100,33394.957006
243.8924,100,33394.957015
422.06546,100,33418.147822
255.46701,100,33418.147917
232.81566,100,33418.147939
250.34337,100,33418.147957
176.55641,100,33418.147973
252.99297,100,33418.14799
236.54298,100,33418.148006
151.10765,100,33418.148022
524.1566,100,33432.290869
337.75473,100,33432.290945
240.90987,100,33432.290958
236.08073,100,33432.290968
478.16708,100,33432.290977
270.61478,100,33432.290986
235.7317,100,33432.290995
197.22443,100,33432.291003
306.8539,100,33456.621847
305.70242,100,33456.621944
218.1693,100,33456.621965
532.9969,100,33456.621982
236.75113,100,33456.621998
193.94876,100,33456.622013
234.15639,100,33456.622028
339.42712,100,33456.622057
249.60944,100,33470.426229
449.96698,100,33470.42632
390.23422,100,33470.426343
385.0063,100,33470.426361
308.75394,100,33470.426377
451.70435,100,33470.426394
186.88054,100,33470.426409
244.43732,100,33470.426425
288.6782,100,33494.144671
255.97224,100,33494.144742
440.5903,100,33494.144754
372.61713,100,33494.144763
240.97296,100,33494.144772
204.9128,100,33494.144781
234.79231,100,33494.14479
262.75357,100,33494.144798
254.96883,100,33517.271437
223.62454,100,33517.271528
528.4855,100,33517.271549
251.00111,100,33517.271565
247.19197,100,33517.27158
199.46692,100,33517.271595
347.75897,100,33517.271609
468.15326,100,33517.271624
332.08798,100,33530.654145
222.71753,100,33530.654223
219.18129,100,33530.654236
215.62112,100,33530.654245
183.05302,100,33530.654254
208.88428,100,33530.654263
144.49178,100,33530.654272
148.58311,100,33530.654281
427.687,100,33553.796972
285.03836,100,33553.797049
376.12073,100,33553.797065
268.04272,100,33553.797074
303.1354,100,33553.797083
219.58635,100,33553.797091
270.88104,100,33553.797099
224.79716,100,33553.797108
192.22147,100,33567.864722
213.45396,100,33567.864798
261.43997,100,33567.86481
337.45737,100,33567.864821
376.23566,100,33567.86483
252.12943,100,33567.864839
217.09966,100,33567.864848
247.85562,100,33567.864856
224.58643,100,33590.881777
457.98953,100,33590.88185
453.91486,100,33590.881863
222.1937,100,33590.881871
506.18936,100,33590.88188
202.11957,100,33590.881888
251.78818,100,33590.881896
277.74234,100,33590.881905
273.87802,100,33604.853739
225.50644,100,33604.853834
460.76202,100,33604.853857
259.43015,100,33604.853875
236.03253,100,33604.853892
268.3957,100,33604.853908
310.68628,100,33604.853925
588.7894,100,33604.853941
206.59895,100,33627.94678
353.99463,100,33627.946864
218.62485,100,33627.946877
266.39917,100,33627.946886
199.0381,100,33627.946895
215.4198,100,33627.946904
353.485,100,33627.946912
201.4968,100,33627.946921
227.87045,100,33641.273602
246.30577,100,33641.273673
272.51108,100,33641.273685
459.34604,100,33641.273694
507.41138,100,33641.273716
373.83948,100,33641.273725
269.07916,100,33641.273733
233.41595,100,33641.273741
190.91711,100,33665.017973
145.80562,100,33665.018053
327.86963,100,33665.018067
426.20535,100,33665.018077
492.8482,100,33665.018085
234.14482,100,33665.018094
260.13663,100,33665.018102
519.72955,100,33665.018111
219.95789,100,33687.677784
492.63828,100,33687.677858
290.7243,100,33687.677871
249.55678,100,33687.67788
331.96793,100,33687.67789
332.18924,100,33687.677899
286.59552,100,33687.677907
398.22534,100,33687.677916
195.35414,100,33701.491385
238.16779,100,33701.491456
244.93474,100,33701.491469
235.5181,100,33701.491478
430.80728,100,33701.491487
434.83344,100,33701.491496
527.5947,100,33701.491505
262.4618,100,33701.491513
534.35144,100,33725.025514
159.36697,100,33725.025609
571.2971,100,33725.025632
223.73653,100,33725.025651
312.3116,100,33725.025667
248.18454,100,33725.025684
521.0681,100,33725.0257
611.3899,100,33725.025717
205.37912,100,33739.487835
258.63925,100,33739.487904
149.90948,100,33739.487916
186.03203,100,33739.487925
471.90363,100,33739.487933
189.68665,100,33739.487942
248.90854,100,33739.48795
292.60452,100,33739.487959
235.19415,100,33762.514248
187.92993,100,33762.514321
250.93723,100,33762.514332
200.34991,100,33762.514341
348.4149,100,33762.514349
381.9053,100,33762.514358
277.64426,100,33762.514366
239.26857,100,33762.514374
257.11688,100,33776.232494
266.92853,100,33776.232568
234.43094,100,33776.23258
247.83394,100,33776.232589
436.1475,100,33776.232598
260.5609,100,33776.232607
290.84726,100,33776.232615
280.26492,100,33776.232624
374.32718,100,33799.309268
469.96594,100,33799.30935
264.32275,100,33799.309368
426.29782,100,33799.309381
251.79541,100,33799.309393
503.3647,100,33799.309405
322.6031,100,33799.309417
178.54398,100,33799.309428
310.72998,100,33822.466946
242.99983,100,33822.467016
241.16518,100,33822.467035
254.83984,100,33822.467047
279.11942,100,33822.467056
204.26306,100,33822.467065
211.32718,100,33822.467073
275.38696,100,33822.467081
270.99268,100,33835.785417
242.63412,100,33835.785492
181.8828,100,33835.785504
230.77551,100,33835.785513
229.28522,100,33835.785522
236.77815,100,33835.78553
267.55637,100,33835.785538
254.6831,100,33835.785547
205.4539,100,33858.92335
264.17233,100,33858.923427
277.6895,100,33858.92344
542.1707,100,33858.923449
357.21896,100,33858.923457
219.05266,100,33858.923466
241.2942,100,33858.923475
541.0221,100,33858.923483
484.2625,100,33871.965702
432.69702,100,33871.965794
214.19745,100,33871.965817
229.70702,100,33871.965834
441.4363,100,33871.965851
237.14783,100,33871.965868
447.437,100,33871.965883
435.99387,100,33871.965899
514.3856,100,33895.429653
188.99014,100,33895.429725
211.5913,100,33895.429737
521.50757,100,33895.429746
273.74573,100,33895.429755
212.54019,100,33895.429763
255.72177,100,33895.429771
452.89636,100,33895.429779
482.01703,100,33908.85272
240.38524,100,33908.852791
248.31532,100,33908.852803
196.71277,100,33908.852811
256.65475,100,33908.85282
219.0781,100,33908.852828
251.20181,100,33908.852837
251.55037,100,33908.852845
170.86267,100,33932.02945
220.21913,100,33932.029521
187.93292,100,33932.029533
457.25977,100,33932.029542
241.4447,100,33932.029551
406.01724,100,33932.02956
235.63887,100,33932.029568
194.9939,100,33932.029576
185.72447,100,33946.210769
293.74915,100,33946.210842
580.38245,100,33946.210855
541.7507,100,33946.210864
477.47784,100,33946.210872
244.68414,100,33946.210881
298.12305,100,33946.210889
270.85855,100,33946.210897
234.25156,100,33969.975123
279.27136,100,33969.975196
376.16525,100,33969.975208
209.84348,100,33969.975217
275.9012,100,33969.975226
227.09506,100,33969.975235
245.06078,100,33969.975243
494.133,100,33969.975251
243.33325,100,33994.540831
500.14896,100,33994.540903
449.92545,100,33994.540915
407.21732,100,33994.540924
548.34796,100,33994.540932
275.87277,100,33994.540941
206.30777,100,33994.540949
516.5004,100,33994.540957
289.41455,100,34008.59931
229.77484,100,34008.599384
206.28552,100,34008.599396
230.68306,100,34008.599405
244.23453,100,34008.599413
241.39125,100,34008.599421
255.72084,100,34008.599429
228.77504,100,34008.599437
431.21423,100,34031.463118
180.53705,100,34031.463192
178.63246,100,34031.463205
371.23334,100,34031.463214
200.20943,100,34031.463223
273.15463,100,34031.463231
254.69003,100,34031.46324
196.12486,100,34031.463248
247.35931,100,34045.564253
251.05988,100,34045.564329
511.04596,100,34045.564342
258.05734,100,34045.564351
207.7265,100,34045.564359
220.1464,100,34045.564368
233.39127,100,34045.564377
243.20055,100,34045.564385
169.69733,100,34067.846698
246.10904,100,34067.846771
253.48552,100,34067.846783
303.54025,100,34067.846792
541.361,100,34067.8468
517.78766,100,34067.846809
243.84859,100,34067.84682
250.97809,100,34067.846829
464.6479,100,34081.067884
166.55083,100,34081.067956
243.7793,100,34081.067968
232.8901,100,34081.067977
220.52246,100,34081.067986
536.0846,100,34081.067994
218.07495,100,34081.068002
214.87572,100,34081.06801
258.26624,100,34104.289593
194.47043,100,34104.289668
239.62634,100,34104.289679
254.30457,100,34104.289688
347.70453,100,34104.289696
192.7684,100,34104.289705
454.9477,100,34104.289713
228.99101,100,34104.289721
269.95273,100,34126.552195
234.92351,100,34126.552275
229.26271,100,34126.552288
573.16626,100,34126.552297
223.56009,100,34126.552305
164.7377,100,34126.552314
188.71236,100,34126.552323
322.61975,100,34126.552331
228.698,100,34140.053055
225.52882,100,34140.053124
217.11177,100,34140.053136
162.07487,100,34140.053144
205.64821,100,34140.053153
477.13217,100,34140.053162
202.61255,100,34140.05317
144.33618,100,34140.053178
242.10065,100,34163.231856
225.98087,100,34163.231929
270.24557,100,34163.231942
230.10773,100,34163.231951
298.39978,100,34163.23196
237.85179,100,34163.231969
162.9609,100,34163.231977
337.79343,100,34163.231986
192.77745,100,34177.32495
347.19736,100,34177.325061
394.8247,100,34177.325089
181.69698,100,34177.325107
261.5798,100,34177.325124
303.84845,100,34177.32514
262.68405,100,34177.325156
221.31314,100,34177.325172
236.80765,100,34200.903307
273.57965,100,34200.903409
456.2756,100,34200.903439
202.85342,100,34200.903462
494.3401,100,34200.903483
571.49506,100,34200.903504
543.7058,100,34200.903527
275.26102,100,34200.903547
198.496,100,34214.832583
491.1527,100,34214.832655
147.57314,100,34214.832668
508.10327,100,34214.832677
366.50342,100,34214.832686
242.94382,100,34214.832695
214.36728,100,34214.832703
239.42564,100,34214.832713
507.7436,100,34237.887268
355.69165,100,34237.887339
472.50415,100,34237.887352
206.40468,100,34237.887361
274.45114,100,34237.88737
185.91754,100,34237.887378
183.97781,100,34237.887387
568.7373,100,34237.887395
220.05656,100,34251.519071
231.37833,100,34251.519176
283.59152,100,34251.519208
179.99728,100,34251.519231
276.28674,100,34251.519252
477.8412,100,34251.519273
226.3893,100,34251.519293
453.0989,100,34251.519313
365.65134,100,34275.3181
239.95358,100,34275.31821
231.40755,100,34275.318243
308.89993,100,34275.318268
428.7355,100,34275.318291
343.70743,100,34275.318315
258.0929,100,34275.318337
284.14285,100,34275.318359
228.34612,100,34298.1361
160.18867,100,34298.136172
218.5102,100,34298.136184
196.20561,100,34298.136193
376.36404,100,34298.136202
524.6581,100,34298.13621
206.20052,100,34298.136219
414.2984,100,34298.136227
212.59012,100,34311.688925
582.1185,100,34311.689017
436.17194,100,34311.689055
205.49329,100,34311.689073
241.23518,100,34311.689089
256.4415,100,34311.689106
351.37766,100,34311.689121
108.61848,100,34311.689137
231.5901,100,34334.387455
206.98093,100,34334.387532
248.8454,100,34334.387545
218.22777,100,34334.387554
356.33994,100,34334.387563
180.40965,100,34334.387572
288.23843,100,34334.387581
365.4557,100,34334.387589
252.48763,100,34348.14706
516.2237,100,34348.147131
228.1903,100,34348.147143
303.761,100,34348.147152
209.93083,100,34348.14717
133.62996,100,34348.147179
260.79434,100,34348.147187
250.93816,100,34348.147195
154.8877,100,34371.171384
245.81177,100,34371.171459
481.06903,100,34371.171472
536.191,100,34371.171481
242.58038,100,34371.17149
376.01535,100,34371.171499
215.74101,100,34371.171507
262.1557,100,34371.171515
506.2696,100,34385.068589
322.18463,100,34385.068663
247.97273,100,34385.068676
381.92114,100,34385.068685
223.35231,100,34385.068694
413.03845,100,34385.068703
296.05032,100,34385.068712
173.84326,100,34385.06872
330.60034,100,34408.685668
386.3506,100,34408.685741
409.864,100,34408.685754
189.6438,100,34408.685763
270.55435,100,34408.685771
301.02948,100,34408.68578
220.36475,100,34408.685788
299.78085,100,34408.685797
229.64003,100,34432.42177
307.84543,100,34432.421845
494.29904,100,34432.421858
260.4376,100,34432.421867
255.6541,100,34432.421877
182.09293,100,34432.421886
229.15047,100,34432.421895
245.50621,100,34432.421903
211.32935,100,34446.583228
287.21182,100,34446.583303
277.27835,100,34446.583316
166.62204,100,34446.583325
389.81497,100,34446.583334
279.86713,100,34446.583343
493.1955,100,34446.583352
220.22452,100,34446.583361
241.40733,100,34469.38063
224.13501,100,34469.380706
343.4152,100,34469.380719
527.80115,100,34469.380728
250.02356,100,34469.380738
235.43684,100,34469.380746
209.10837,100,34469.380756
273.69684,100,34469.380764
399.6714,100,34483.499767
273.6432,100,34483.49984
368.09818,100,34483.499853
232.56735,100,34483.499862
447.70853,100,34483.499871
221.02321,100,34483.49988
336.0362,100,34483.499889
491.12656,100,34483.499898
147.67496,100,34506.782127
232.64133,100,34506.782221
218.91719,100,34506.782242
469.33096,100,34506.782259
236.91826,100,34506.782274
254.8845,100,34506.782289
208.60223,100,34506.782305
280.16953,100,34506.78232
177.8891,100,34520.422882
214.33861,100,34520.422982
290.34726,100,34520.423005
286.95917,100,34520.423023
227.46118,100,34520.423052
586.5342,100,34520.423069
449.78934,100,34520.423085
151.28418,100,34520.423102
207.52429,100,34543.846159
495.02985,100,34543.846232
551.5998,100,34543.846245
504.81985,100,34543.846254
568.30853,100,34543.846262
262.2791,100,34543.846271
371.02386,100,34543.84628
220.05151,100,34543.846288
212.17517,100,34557.87499
205.14252,100,34557.875073
427.15143,100,34557.875087
196.18118,100,34557.875096
235.36337,100,34557.875105
216.80841,100,34557.875114
245.5328,100,34557.875123
497.7047,100,34557.875132
337.2917,100,34581.456173
254.76749,100,34581.456245
347.53583,100,34581.456258
210.23064,100,34581.456268
377.36127,100,34581.456277
203.71829,100,34581.456286
199.44762,100,34581.456295
315.1091,100,34581.456304
229.79448,100,34604.82117
223.28065,100,34604.821246
351.29938,100,34604.821259
284.03546,100,34604.821269
266.7867,100,34604.821278
234.19882,100,34604.821287
244.88918,100,34604.821296
237.70734,100,34604.821305
198.77094,100,34618.54154
234.71127,100,34618.541615
473.289,100,34618.541628
298.61087,100,34618.541638
235.57236,100,34618.541646
504.3835,100,34618.541656
532.22986,100,34618.541665
271.6487,100,34618.541674
243.13763,100,34642.810964
397.47717,100,34642.811044
192.72252,100,34642.811059
245.36896,100,34642.81107
245.7079,100,34642.811079
229.55042,100,34642.811088
237.25407,100,34642.811097
192.6615,100,34642.811106
235.31566,100,34656.472158
244.96274,100,34656.472236
527.34015,100,34656.47225
210.13388,100,34656.47226
209.55948,100,34656.472269
148.16508,100,34656.472277
253.71533,100,34656.472286
333.7344,100,34656.472295
267.3405,100,34679.688674
240.99646,100,34679.688765
210.05278,100,34679.688786
137.85701,100,34679.688802
208.79399,100,34679.688817
223.18025,100,34679.688832
203.23328,100,34679.688846
175.38684,100,34679.688861
201.8459,100,34693.845154
217.15317,100,34693.845231
256.9935,100,34693.845244
256.53592,100,34693.845254
487.47827,100,34693.845263
377.59448,100,34693.845273
245.89595,100,34693.845281
554.55945,100,34693.84529
406.2816,100,34717.337536
473.13245,100,34717.337617
238.25156,100,34717.337631
250.98817,100,34717.337641
287.71216,100,34717.33765
208.55849,100,34717.33766
210.42426,100,34717.337669
222.42558,100,34717.337678
244.17319,100,34740.984087
211.0345,100,34740.98416
215.63237,100,34740.984173
162.68434,100,34740.984183
425.7603,100,34740.984192
234.49829,100,34740.9842
248.33597,100,34740.98421
237.54846,100,34740.984218
232.13867,100,34754.147194
416.9216,100,34754.147264
180.04945,100,34754.147276
252.12332,100,34754.147286
141.75827,100,34754.147295
204.6436,100,34754.147304
506.888,100,34754.147313
468.87067,100,34754.147321
235.89261,100,34777.760993
517.15137,100,34777.761075
369.76047,100,34777.761088
239.34329,100,34777.761098
272.6289,100,34777.761107
505.3056,100,34777.761116
217.06982,100,34777.761125
264.9005,100,34777.761133
249.29109,100,34790.833856
283.64996,100,34790.833932
202.61621,100,34790.833945
202.09042,100,34790.833954
282.5765,100,34790.833964
216.8085,100,34790.833974
216.77621,100,34790.833983
299.68506,100,34790.833993
246.21826,100,34814.267349
534.9085,100,34814.267438
136.81453,100,34814.267459
220.19717,100,34814.267475
421.36905,100,34814.267491
311.54166,100,34814.267506
438.95056,100,34814.267522
503.45212,100,34814.267537
258.28983,100,34828.697674
473.8194,100,34828.697747
179.8584,100,34828.697761
143.79948,100,34828.697771
389.08502,100,34828.69778
520.7577,100,34828.69779
230.51921,100,34828.697799
263.72754,100,34828.697808
218.67105,100,34852.391515
228.34492,100,34852.39159
175.24171,100,34852.391604
516.13086,100,34852.391614
224.38202,100,34852.391624
537.82837,100,34852.391633
236.15793,100,34852.391642
295.85162,100,34852.391652
253.29059,100,34868.058143
533.16693,100,34868.058226
185.2229,100,34868.058243
264.72513,100,34868.058256
494.85913,100,34868.058269
572.0898,100,34868.058281
486.50717,100,34868.058293
339.018,100,34868.058305
149.13437,100,34892.353737
248.56552,100,34892.353812
115.26243,100,34892.353826
159.16438,100,34892.353837
412.54675,100,34892.353847
253.37251,100,34892.353857
266.23227,100,34892.353867
394.35385,100,34892.353878
199.88998,100,34916.068329
251.10983,100,34916.068406
508.14136,100,34916.068419
209.80106,100,34916.068429
200.35835,100,34916.068439
228.72202,100,34916.068448
216.62799,100,34916.068457
262.01843,100,34916.068466
325.68008,100,34929.819584
262.0027,100,34929.81966
274.78494,100,34929.819673
445.3452,100,34929.819682
478.76398,100,34929.819691
306.21283,100,34929.8197
316.3742,100,34929.819709
197.97427,100,34929.819718
233.73203,100,34953.281876
531.8822,100,34953.281956
242.46341,100,34953.28197
175.84508,100,34953.281982
264.73386,100,34953.281992
231.95744,100,34953.282002
559.7993,100,34953.282012
452.90436,100,34953.282022
212.65373,100,34967.011627
435.03787,100,34967.011704
360.28833,100,34967.011718
209.52821,100,34967.011729
253.68126,100,34967.011738
533.0831,100,34967.011748
490.2669,100,34967.011757
492.6161,100,34967.011767
240.12978,100,34990.351781
337.45596,100,34990.351858
550.91626,100,34990.351871
250.11081,100,34990.351882
451.4262,100,34990.351892
270.78485,100,34990.351901
225.40997,100,34990.35191
183.80463,100,34990.35192
558.2959,100,35004.298589
428.34045,100,35004.298676
227.00595,100,35004.298698
169.85068,100,35004.298713
285.71997,100,35004.29873
331.6703,100,35004.298747
343.3421,100,35004.298762
160.6855,100,35004.298777
219.6932,100,35028.183939
271.70688,100,35028.184009
267.30325,100,35028.184021
181.32759,100,35028.184038
522.2661,100,35028.184049
227.42877,100,35028.184059
310.85748,100,35028.184067
338.64676,100,35028.184076
198.70125,100,35052.574413
298.3231,100,35052.574486
286.57495,100,35052.574501
240.45737,100,35052.574512
233.71231,100,35052.574522
293.07007,100,35052.574532
197.32355,100,35052.574541
169.31189,100,35052.574551
179.95543,100,35066.273024
380.1938,100,35066.273111
205.64638,100,35066.273127
340.6045,100,35066.27314
287.96893,100,35066.27316
187.42712,100,35066.273173
561.22876,100,35066.273185
489.1057,100,35066.273198
245.07504,100,35090.192688
317.05563,100,35090.192759
255.43344,100,35090.192772
270.4211,100,35090.192781
535.44653,100,35090.19279
302.5189,100,35090.192799
225.79228,100,35090.192807
208.36667,100,35090.192816
194.49751,100,35104.456334
285.23334,100,35104.456408
368.92932,100,35104.45642
268.5101,100,35104.45643
171.7933,100,35104.456439
296.83273,100,35104.456449
152.89964,100,35104.456458
225.07527,100,35104.456466
446.02966,100,35130.055723
249.07475,100,35130.055798
327.42172,100,35130.055812
261.91214,100,35130.055822
200.35275,100,35130.055831
293.0656,100,35130.05584
197.21964,100,35130.055849
409.03674,100,35130.055859
264.195,100,35143.610944
266.9846,100,35143.611019
212.70511,100,35143.611038
500.0314,100,35143.611049
253.00296,100,35143.611058
463.9548,100,35143.611066
377.28506,100,35143.611074
199.37086,100,35143.611082
254.78117,100,35168.281588
259.6817,100,35168.281677
226.95892,100,35168.281698
317.96213,100,35168.281714
288.90817,100,35168.281729
217.38799,100,35168.281744
213.8729,100,35168.28176
352.98917,100,35168.281775
204.5567,100,35182.742596
220.83551,100,35182.742667
340.10562,100,35182.74268
232.83798,100,35182.742689
303.19193,100,35182.742697
231.62248,100,35182.742706
194.05238,100,35182.742714
313.84695,100,35182.742723
307.69757,100,35206.076329
397.98538,100,35206.076403
225.7044,100,35206.076416
507.6731,100,35206.076426
474.28287,100,35206.076435
477.64923,100,35206.076444
237.93864,100,35206.076453
519.5281,100,35206.076462
175.8523,100,35230.777521
185.82773,100,35230.777596
310.5061,100,35230.777609
287.1764,100,35230.777619
183.24635,100,35230.777629
148.70036,100,35230.777638
279.99,100,35230.777647
218.01205,100,35230.777656
224.46391,100,35244.090558
407.30383,100,35244.090633
204.5325,100,35244.090647
228.4794,100,35244.090657
438.62476,100,35244.090667
231.47981,100,35244.090676
191.5422,100,35244.090685
524.6889,100,35244.090694
348.0989,100,35267.03424
218.19217,100,35267.034311
268.16138,100,35267.034323
467.59595,100,35267.034332
183.21104,100,35267.034341
131.2658,100,35267.034349
361.32156,100,35267.034357
258.8059,100,35267.034366
344.91837,100,35280.532706
255.11641,100,35280.532775
235.31282,100,35280.532787
320.0331,100,35280.532797
270.62622,100,35280.532805
508.44226,100,35280.532814
300.5167,100,35280.532822
294.15723,100,35280.532831
159.74387,100,35304.147415
307.2872,100,35304.147502
224.6416,100,35304.147522
346.2295,100,35304.147537
502.18002,100,35304.147552
238.04114,100,35304.147566
309.88464,100,35304.14758
356.19754,100,35304.147594
213.16971,100,35318.423995
509.6963,100,35318.424093
481.5052,100,35318.424116
257.25058,100,35318.424133
503.5949,100,35318.42415
292.64084,100,35318.424165
223.57405,100,35318.424182
237.3594,100,35318.424198
246.63304,100,35341.766558
169.58461,100,35341.76663
261.43307,100,35341.766642
436.04642,100,35341.766652
258.981,100,35341.76666
186.2919,100,35341.766669
330.1685,100,35341.766677
524.75336,100,35341.766685
535.2698,100,35365.74661
293.2648,100,35365.746683
458.86868,100,35365.746695
274.0076,100,35365.746705
156.11896,100,35365.746715
237.48601,100,35365.746724
217.46939,100,35365.746733
508.58936,100,35365.746742
191.82968,100,35379.334415
259.02396,100,35379.334489
349.91495,100,35379.3345
191.06648,100,35379.33451
248.41199,100,35379.334518
397.29126,100,35379.334527
214.95473,100,35379.334535
187.28723,100,35379.334543
166.73984,100,35402.533115
218.30519,100,35402.533185
270.20682,100,35402.533197
467.3342,100,35402.533206
216.93082,100,35402.533215
238.83443,100,35402.533224
88.19419,100,35402.533232
425.82898,100,35402.533241
501.82477,100,35415.765367
230.76021,100,35415.765441
514.7211,100,35415.765455
290.4524,100,35415.765465
216.81256,100,35415.765474
316.57358,100,35415.765483
235.13385,100,35415.765492
262.42877,100,35415.765501
540.16254,100,35439.6392
257.3347,100,35439.639286
145.39491,100,35439.639298
271.14758,100,35439.639307
250.96068,100,35439.639316
365.9912,100,35439.639324
264.47543,100,35439.639333
223.66318,100,35439.639341
283.82224,100,35453.16068
234.31113,100,35453.160769
249.76628,100,35453.160788
418.40063,100,35453.160804
491.0913,100,35453.160819
243.1431,100,35453.160834
388.6659,100,35453.160848
346.3344,100,35453.160862
586.32275,100,35476.563803
242.89806,100,35476.563909
524.7059,100,35476.56394
224.25316,100,35476.563963
209.54604,100,35476.563984
291.6692,100,35476.564004
308.00906,100,35476.564025
341.04822,100,35476.564063
234.02734,100,35490.650815
184.12769,100,35490.650911
390.80286,100,35490.650934
288.3262,100,35490.650952
218.83698,100,35490.650969
433.8952,100,35490.650985
310.9901,100,35490.651
233.68832,100,35490.651017
188.87347,100,35514.144083
319.11377,100,35514.144172
299.394,100,35514.144195
424.53894,100,35514.144212
246.40604,100,35514.144227
251.7444,100,35514.144241
215.97298,100,35514.144255
179.0459,100,35514.144269
531.7395,100,35538.677877
232.59917,100,35538.677952
351.4793,100,35538.677964
384.66077,100,35538.677974
244.5064,100,35538.677983
469.88843,100,35538.677991
219.6082,100,35538.677999
251.97946,100,35538.678008
243.47255,100,35552.562701
221.62012,100,35552.562775
468.32288,100,35552.562787
414.55585,100,35552.562796
268.4942,100,35552.562805
354.1886,100,35552.562813
310.4529,100,35552.562821
231.5493,100,35552.562829
493.43304,100,35575.602309
186.95123,100,35575.602386
208.62042,100,35575.602398
259.26178,100,35575.602408
200.84428,100,35575.602416
256.46198,100,35575.602425
271.81958,100,35575.602433
289.65182,100,35575.602441
279.8115,100,35589.260056
185.36357,100,35589.260128
388.96472,100,35589.26014
184.86041,100,35589.26015
202.70555,100,35589.260158
443.22186,100,35589.260167
255.44208,100,35589.260175
504.65594,100,35589.260183
258.0695,100,35612.763238
417.37683,100,35612.763307
319.792,100,35612.763319
229.99617,100,35612.763328
204.93779,100,35612.763337
390.7925,100,35612.763345
347.44144,100,35612.763353
432.73248,100,35612.763361
490.40118,100,35626.600071
592.8111,100,35626.600141
263.664,100,35626.600153
312.07703,100,35626.600163
249.89375,100,35626.600171
186.80072,100,35626.60018
355.08505,100,35626.600188
270.06522,100,35626.600196
233.16933,100,35649.558128
247.93205,100,35649.558242
319.00604,100,35649.558281
200.69704,100,35649.558313
258.75702,100,35649.558343
294.1344,100,35649.558372
294.6078,100,35649.5584
235.1467,100,35649.558429
360.13275,100,35673.215723
580.4814,100,35673.215796
257.06458,100,35673.21581
538.0742,100,35673.215819
430.03055,100,35673.215828
219.18488,100,35673.215836
161.93808,100,35673.215845
246.20955,100,35673.215853
248.57893,100,35686.799775
245.85362,100,35686.799846
263.57047,100,35686.799857
242.42767,100,35686.799866
254.81474,100,35686.799875
329.45013,100,35686.799884
249.8476,100,35686.799892
318.69043,100,35686.799901
382.59943,100,35710.053526
250.2167,100,35710.053599
278.7714,100,35710.053612
197.6435,100,35710.053623
245.83206,100,35710.053633
291.90955,100,35710.053642
167.58762,100,35710.053653
251.34834,100,35710.053664
258.35492,100,35723.586932
325.29794,100,35723.587046
241.44449,100,35723.587078
263.492,100,35723.587101
259.52786,100,35723.587123
335.5107,100,35723.587145
204.02081,100,35723.587166
415.6065,100,35723.587188
195.51013,100,35746.564845
537.33105,100,35746.564932
202.91418,100,35746.564955
214.18335,100,35746.564971
200.97379,100,35746.564986
213.02997,100,35746.565001
500.52805,100,35746.565016
198.90236,100,35746.565042
237.72285,100,35761.167062
236.44519,100,35761.167135
474.67163,100,35761.167146
412.40564,100,35761.167155
151.55511,100,35761.167164
202.84363,100,35761.167172
490.3163,100,35761.16718
249.83415,100,35761.167188
379.23517,100,35783.498073
196.63452,100,35783.498144
450.75098,100,35783.498157
444.94522,100,35783.498166
362.14572,100,35783.498175
223.15881,100,35783.498184
197.63469,100,35783.498213
253.92046,100,35783.498222
458.60275,100,35797.319078
465.80786,100,35797.319171
227.06694,100,35797.319194
239.6351,100,35797.319212
337.3057,100,35797.319229
399.82278,100,35797.319246
190.5709,100,35797.319262
161.36093,100,35797.319278
386.76636,100,35820.5529
296.3151,100,35820.552992
250.46439,100,35820.553016
226.2642,100,35820.55305
233.41182,100,35820.553068
508.7333,100,35820.553085
194.98228,100,35820.553102
248.50845,100,35820.553118
286.91232,100,35844.228477
401.48785,100,35844.228568
187.90952,100,35844.228587
251.97238,100,35844.228603
454.24213,100,35844.228618
257.90823,100,35844.228632
527.9859,100,35844.228647
285.97958,100,35844.228662
393.60883,100,35858.327788
452.26776,100,35858.32786
252.13022,100,35858.327873
464.3637,100,35858.327881
223.38467,100,35858.32789
608.2857,100,35858.327899
545.37683,100,35858.327907
222.66327,100,35858.327915
283.7843,100,35881.20891
210.85771,100,35881.208999
210.00395,100,35881.209022
220.60107,100,35881.209055
244.20845,100,35881.209073
232.92429,100,35881.20909
285.31363,100,35881.209106
410.63574,100,35881.209122
232.65474,100,35894.659885
234.97052,100,35894.659957
225.10449,100,35894.65997
196.71169,100,35894.659979
236.90628,100,35894.659988
199.10002,100,35894.659997
440.3249,100,35894.660006
249.0064,100,35894.660015
214.91524,100,35918.053308
260.72427,100,35918.053394
227.45724,100,35918.053417
224.77898,100,35918.053434
232.21468,100,35918.053451
341.0897,100,35918.053467
451.24512,100,35918.053483
263.08728,100,35918.053499
210.92606,100,35932.160991
216.4603,100,35932.161093
187.96965,100,35932.161117
274.4041,100,35932.161135
397.70578,100,35932.161152
439.80603,100,35932.161168
304.87918,100,35932.161185
262.21997,100,35932.1612
315.3613,100,35955.26489
215.07529,100,35955.264965
479.17468,100,35955.264978
187.29906,100,35955.264988
275.25906,100,35955.264998
181.17374,100,35955.265007
248.13312,100,35955.265017
403.7826,100,35955.265027
432.27466,100,35978.901483
298.71457,100,35978.901559
233.05591,100,35978.901572
312.18408,100,35978.901582
330.35364,100,35978.901591
237.07547,100,35978.9016
285.99643,100,35978.90161
169.76814,100,35978.901619
377.404,100,35993.625717
224.66458,100,35993.625811
255.4285,100,35993.625836
266.9455,100,35993.625854
447.69684,100,35993.625871
279.19046,100,35993.625888
252.45323,100,35993.625905
292.46548,100,35993.625921
274.13184,100,36018.693087
210.17572,100,36018.693156
219.39265,100,36018.693169
255.90726,100,36018.693178
250.40285,100,36018.693186
474.06876,100,36018.693195
238.84056,100,36018.693203
249.32562,100,36018.693211
191.6561,100,36032.596441
206.73184,100,36032.59651
258.31906,100,36032.596523
218.49553,100,36032.596532
482.32452,100,36032.596541
524.34375,100,36032.596549
239.60056,100,36032.596558
421.58072,100,36032.596566
245.42676,100,36056.303723
363.61572,100,36056.303819
215.07713,100,36056.303845
256.10495,100,36056.303867
532.28314,100,36056.303889
380.84067,100,36056.303909
248.65234,100,36056.303929
283.51624,100,36056.303948
229.27913,100,36071.20078
261.63278,100,36071.200851
215.20694,100,36071.200863
338.40277,100,36071.200872
237.78151,100,36071.200881
235.48222,100,36071.200889
568.68066,100,36071.200897
296.97604,100,36071.200905
288.8432,100,36094.088062
176.47989,100,36094.088132
192.55646,100,36094.088145
382.50195,100,36094.088155
503.3865,100,36094.088163
197.61034,100,36094.088172
214.4919,100,36094.088181
455.52704,100,36094.088189
170.80038,100,36108.121942
447.48782,100,36108.12205
447.42618,100,36108.122085
286.2382,100,36108.122108
337.60364,100,36108.122129
251.50603,100,36108.122149
349.31302,100,36108.12217
248.91512,100,36108.12219
299.6558,100,36131.900829
320.6152,100,36131.900904
343.88293,100,36131.900917
510.53674,100,36131.900927
245.08109,100,36131.900936
229.06128,100,36131.900944
216.56575,100,36131.900953
250.80324,100,36131.900961
230.87494,100,36156.379728
167.29567,100,36156.379812
210.42307,100,36156.379825
306.84625,100,36156.379834
253.97742,100,36156.379843
213.69183,100,36156.379851
277.44336,100,36156.379859
253.22026,100,36156.379867
194.80815,100,36169.885616
304.46524,100,36169.885688
248.05942,100,36169.8857
416.00482,100,36169.885709
407.28705,100,36169.885718
251.69766,100,36169.885727
217.55911,100,36169.885735
284.49802,100,36169.885744
501.0199,100,36192.720242
250.96204,100,36192.720315
216.7676,100,36192.720328
259.95636,100,36192.720338
220.68898,100,36192.720348
505.0421,100,36192.720356
225.28662,100,36192.720366
243.37444,100,36192.720375
231.46938,100,36206.797259
286.73108,100,36206.79735
509.90884,100,36206.797374
295.14792,100,36206.797392
200.36603,100,36206.797409
456.31085,100,36206.797426
281.02927,100,36206.797443
204.17488,100,36206.797459
283.3077,100,36229.693315
221.44162,100,36229.693387
204.91986,100,36229.693399
224.16222,100,36229.693409
612.8967,100,36229.693418
188.33142,100,36229.693426
221.50673,100,36229.693434
381.0603,100,36229.693443
546.27045,100,36243.780309
234.8785,100,36243.78038
237.9057,100,36243.780393
502.59616,100,36243.780402
219.16704,100,36243.780411
297.66525,100,36243.78042
188.82121,100,36243.780429
204.3094,100,36243.780438
350.94608,100,36267.221164
490.33188,100,36267.221235
214.77988,100,36267.221247
484.5094,100,36267.221256
221.21095,100,36267.221265
235.43222,100,36267.221274
240.88779,100,36267.221282
190.1252,100,36267.221291
322.37137,100,36290.473553
249.31303,100,36290.473626
220.23264,100,36290.473638
505.09814,100,36290.473648
363.02213,100,36290.473656
494.52643,100,36290.473665
288.82892,100,36290.473674
402.81345,100,36290.473683
202.75023,100,36303.152964
610.41925,100,36303.153089
194.12622,100,36303.153129
240.41585,100,36303.15316
333.1356,100,36303.153187
250.01443,100,36303.153212
220.51196,100,36303.15324
150.2149,100,36303.153267
250.68132,100,36326.929459
227.63383,100,36326.929554
215.49861,100,36326.929586
260.72504,100,36326.92961
290.22272,100,36326.929628
189.97954,100,36326.929644
301.84598,100,36326.929661
260.46252,100,36326.929676
269.9356,100,36341.44432
236.39307,100,36341.444389
437.44177,100,36341.444401
316.12332,100,36341.44441
238.38628,100,36341.444418
249.79106,100,36341.444427
216.81133,100,36341.444435
355.18176,100,36341.444443
234.53604,100,36365.264391
198.25578,100,36365.264465
332.13397,100,36365.264477
233.03455,100,36365.264486
236.46532,100,36365.264495
249.10103,100,36365.264504
250.26399,100,36365.264512
264.97247,100,36365.264521
184.74054,100,36379.9998
363.30988,100,36379.999874
257.8036,100,36379.999887
203.01732,100,36379.999897
523.91,100,36379.999906
169.76582,100,36379.999914
409.77164,100,36379.999923
251.86809,100,36379.999931
217.0722,100,36403.589959
493.82013,100,36403.590042
340.514,100,36403.590057
255.49094,100,36403.590066
354.20486,100,36403.590075
358.46762,100,36403.590084
149.58191,100,36403.590092
272.2013,100,36403.590101
283.15967,100,36416.972587
283.60443,100,36416.972657
422.73294,100,36416.972669
369.83795,100,36416.972678
215.88745,100,36416.972686
234.06732,100,36416.972694
372.9874,100,36416.972702
307.54208,100,36416.97271
262.1996,100,36441.13079
484.21802,100,36441.13086
161.93054,100,36441.130872
271.55478,100,36441.130882
446.95532,100,36441.13089
202.93843,100,36441.130898
203.61678,100,36441.130907
250.64996,100,36441.130916
243.94606,100,36463.620329
262.99805,100,36463.620405
283.6673,100,36463.620419
192.15833,100,36463.620428
268.99017,100,36463.620438
160.12677,100,36463.620447
309.70642,100,36463.620456
547.6034,100,36463.620465
260.494,100,36478.11482
241.69621,100,36478.114908
264.37018,100,36478.114928
600.237,100,36478.114944
369.55923,100,36478.114959
505.77072,100,36478.114973
262.99585,100,36478.114988
256.3008,100,36478.115002
171.32332,100,36501.162047
527.61456,100,36501.16212
220.44524,100,36501.162133
336.60068,100,36501.162143
214.63431,100,36501.162153
326.81635,100,36501.162162
184.84746,100,36501.162201
460.32758,100,36501.16221
233.22041,100,36515.491895
263.17438,100,36515.491981
251.55183,100,36515.492001
223.97601,100,36515.492017
302.12735,100,36515.49204
200.96547,100,36515.492059
415.37094,100,36515.492074
234.4215,100,36515.492089
235.79065,100,36540.102836
185.22534,100,36540.102911
237.62411,100,36540.102925
310.3517,100,36540.102934
253.31714,100,36540.102942
492.14804,100,36540.10295
235.89061,100,36540.102959
223.561,100,36540.102969
149.6965,100,36553.965077
203.31425,100,36553.965147
259.36456,100,36553.96516
253.60895,100,36553.96517
255.04198,100,36553.965178
414.07593,100,36553.965187
529.24976,100,36553.965196
219.03899,100,36553.965204
251.50749,100,36576.915413
525.17017,100,36576.915484
209.04446,100,36576.915496
207.64659,100,36576.915506
224.9681,100,36576.915514
233.29591,100,36576.915524
243.329,100,36576.915532
249.56343,100,36576.915541
199.28998,100,36599.654293
267.15872,100,36599.654367
298.52936,100,36599.654381
223.40404,100,36599.65439
198.67815,100,36599.6544
215.16052,100,36599.654409
528.4132,100,36599.654418
204.63902,100,36599.654427
258.58032,100,36613.327204
558.63824,100,36613.327276
282.89365,100,36613.327288
217.44246,100,36613.327297
250.45706,100,36613.327306
250.2028,100,36613.327314
472.8912,100,36613.327322
375.24023,100,36613.327331
412.33475,100,36636.567371
231.19705,100,36636.56744
243.29433,100,36636.567453
224.45685,100,36636.567463
419.73248,100,36636.567472
233.45921,100,36636.567481
454.22687,100,36636.567489
459.0133,100,36636.567498
514.5602,100,36651.245117
260.7425,100,36651.245193
328.61768,100,36651.245205
187.46103,100,36651.245214
451.40613,100,36651.245222
292.2379,100,36651.24523
243.34688,100,36651.245239
262.64658,100,36651.245247
268.83398,100,36675.033168
233.94922,100,36675.03324
247.25693,100,36675.033252
174.39194,100,36675.033262
194.97467,100,36675.033271
227.18414,100,36675.033279
242.02399,100,36675.033288
264.5861,100,36675.033296
232.44238,100,36688.480121
169.04556,100,36688.480194
283.78018,100,36688.480206
490.66678,100,36688.480216
252.7883,100,36688.480224
553.4762,100,36688.480233
245.43127,100,36688.480241
245.95145,100,36688.48025
321.16046,100,36712.068564
221.05023,100,36712.068634
253.17021,100,36712.068647
217.56955,100,36712.068655
401.1499,100,36712.068664
204.76955,100,36712.068673
200.84819,100,36712.068681
232.42844,100,36712.068689
257.41183,100,36726.046498
538.82227,100,36726.046573
291.0001,100,36726.046585
181.38658,100,36726.046594
406.71295,100,36726.046602
244.49086,100,36726.046611
242.05042,100,36726.046619
237.31963,100,36726.046627
194.15149,100,36748.997643
222.86417,100,36748.997714
287.4772,100,36748.997726
228.02988,100,36748.997735
226.98006,100,36748.997744
220.49646,100,36748.997752
214.77632,100,36748.99776
332.5694,100,36748.997769
330.7226,100,36772.64563
281.88104,100,36772.645702
246.95158,100,36772.645714
266.30988,100,36772.645724
259.25458,100,36772.645732
348.1679,100,36772.64574
234.4556,100,36772.645748
254.7206,100,36772.645756
285.11838,100,36787.47684
341.8195,100,36787.476911
282.26758,100,36787.476924
305.57162,100,36787.476933
249.87256,100,36787.476942
171.06456,100,36787.47695
244.20682,100,36787.476959
216.52095,100,36787.476968
250.60123,100,36810.977791
202.66765,100,36810.977883
217.88538,100,36810.977907
405.8629,100,36810.977925
336.88202,100,36810.977942
450.66705,100,36810.977959
240.02397,100,36810.977975
478.1141,100,36810.977991
234.1015,100,36825.715117
557.68756,100,36825.71521
461.89215,100,36825.715234
401.6435,100,36825.715252
478.13593,100,36825.715269
233.91206,100,36825.715285
239.48526,100,36825.715302
236.36594,100,36825.715317
228.45065,100,36849.466532
277.1969,100,36849.466609
233.4437,100,36849.466622
372.40817,100,36849.466632
245.1052,100,36849.466641
374.69275,100,36849.466649
176.20987,100,36849.466658
218.27289,100,36849.466667
209.24005,100,36862.628549
230.05753,100,36862.628656
405.75558,100,36862.628713
440.02826,100,36862.628741
290.95535,100,36862.628764
210.60342,100,36862.628788
547.59265,100,36862.628811
276.13483,100,36862.628833
202.14638,100,36887.221678
271.06122,100,36887.221785
248.94151,100,36887.221817
508.37915,100,36887.221842
229.00667,100,36887.221865
238.14613,100,36887.221887
225.62793,100,36887.22191
286.18604,100,36887.221934
261.28796,100,36911.847716
192.22325,100,36911.847787
182.37476,100,36911.8478
333.41757,100,36911.847811
270.49628,100,36911.84782
226.85605,100,36911.847829
407.28406,100,36911.847838
232.23148,100,36911.847847
179.60374,100,36926.191571
557.0508,100,36926.19164
319.54102,100,36926.191652
244.47287,100,36926.191662
510.73193,100,36926.19167
231.39465,100,36926.191679
226.22473,100,36926.191688
228.89136,100,36926.191696
322.47977,100,36950.221719
188.03514,100,36950.221804
220.46329,100,36950.221825
400.61163,100,36950.221842
309.68018,100,36950.221857
243.61938,100,36950.221872
167.25009,100,36950.221887
363.52994,100,36950.221901
260.166,100,36963.545645
252.7328,100,36963.545736
464.6504,100,36963.545759
264.68192,100,36963.545777
249.23558,100,36963.545794
295.9606,100,36963.54581
195.63005,100,36963.545826
303.97742,100,36963.545842
267.8018,100,36987.621425
247.36041,100,36987.621517
319.56125,100,36987.621542
498.61823,100,36987.62156
434.02487,100,36987.621576
236.8381,100,36987.621593
262.2416,100,36987.621609
330.0057,100,36987.621624
615.38635,100,37001.768187
270.31445,100,37001.768281
259.58875,100,37001.768302
228.52838,100,37001.768319
255.44122,100,37001.768335
218.69296,100,37001.768351
225.20285,100,37001.768368
233.34901,100,37001.768384
145.90327,100,37024.774772
203.76785,100,37024.774841
265.401,100,37024.774854
319.75662,100,37024.774864
185.41243,100,37024.774873
203.02214,100,37024.774882
355.5264,100,37024.77489
173.68762,100,37024.774899
231.27025,100,37038.460815
170.15982,100,37038.460895
232.4743,100,37038.460912
235.83708,100,37038.460928
442.07404,100,37038.46094
280.06958,100,37038.460952
235.5711,100,37038.460963
233.62321,100,37038.460973
226.86435,100,37061.839291
262.89493,100,37061.839361
181.68181,100,37061.839374
192.30305,100,37061.839383
222.14618,100,37061.839392
267.2056,100,37061.8394
353.18063,100,37061.839409
492.72156,100,37061.839418
262.5444,100,37085.126682
260.35193,100,37085.126755
547.25525,100,37085.126768
316.08267,100,37085.126777
179.03273,100,37085.126786
562.2059,100,37085.126795
495.01135,100,37085.126804
499.9543,100,37085.126813
236.38522,100,37099.037507
203.5336,100,37099.037582
248.00984,100,37099.037596
240.67355,100,37099.037607
411.80905,100,37099.037618
501.95538,100,37099.037628
264.2889,100,37099.037638
245.63986,100,37099.037648
451.26517,100,37122.912374
247.60529,100,37122.912445
262.53787,100,37122.912457
487.54202,100,37122.912466
342.03546,100,37122.912474
447.60583,100,37122.912483
490.644,100,37122.912491
212.24533,100,37122.9125
256.6443,100,37137.362947
210.59908,100,37137.363019
472.21613,100,37137.36304
371.2725,100,37137.363051
348.50537,100,37137.36306
532.84033,100,37137.363069
233.08835,100,37137.363077
516.3145,100,37137.363086
214.96245,100,37160.854128
202.7106,100,37160.854218
246.90619,100,37160.854239
338.0705,100,37160.854254
263.68604,100,37160.85427
246.72597,100,37160.854285
385.11594,100,37160.8543
269.10583,100,37160.854315
233.6346,100,37173.587311
243.93994,100,37173.587382
264.2452,100,37173.587394
311.01993,100,37173.587404
246.28209,100,37173.587412
212.65741,100,37173.58742
245.52112,100,37173.587429
230.02269,100,37173.587437
209.19139,100,37197.116326
252.00746,100,37197.116397
373.94342,100,37197.116409
247.60008,100,37197.116418
260.84412,100,37197.116427
500.95142,100,37197.116436
392.15677,100,37197.116444
226.24553,100,37197.116452
460.39667,100,37220.531488
415.99634,100,37220.531561
254.84618,100,37220.531573
236.8989,100,37220.531582
243.85574,100,37220.531591
176.0818,100,37220.531599
575.53845,100,37220.531614
246.99971,100,37220.531622
252.08739,100,37234.562893
214.15083,100,37234.562964
252.7017,100,37234.562976
258.70114,100,37234.562985
197.18399,100,37234.562994
207.8344,100,37234.563003
340.85205,100,37234.563011
568.06226,100,37234.56302
243.2399,100,37257.239849
242.84073,100,37257.239921
230.09528,100,37257.239935
290.56564,100,37257.239944
415.73016,100,37257.239954
139.6311,100,37257.239963
525.09015,100,37257.239972
492.10858,100,37257.239981
285.25842,100,37270.470905
418.4671,100,37270.470974
336.20792,100,37270.470986
258.45667,100,37270.470995
510.7365,100,37270.471004
231.61331,100,37270.471012
232.99164,100,37270.47102
355.08957,100,37270.471036
213.71007,100,37293.105244
181.32242,100,37293.105318
211.78741,100,37293.10533
209.34265,100,37293.10534
319.11032,100,37293.105348
189.90833,100,37293.105357
264.66254,100,37293.105366
239.20213,100,37293.105374
226.41592,100,37306.411164
303.0965,100,37306.411241
266.5112,100,37306.411254
230.93362,100,37306.411263
195.82071,100,37306.411272
258.73227,100,37306.41128
444.71234,100,37306.411289
330.36484,100,37306.411298
275.70374,100,37330.795931
219.02264,100,37330.796003
274.9417,100,37330.796015
289.28305,100,37330.796025
220.56328,100,37330.796043
440.86972,100,37330.796052
401.17896,100,37330.796061
256.55228,100,37330.79607
475.88947,100,37344.898769
416.5901,100,37344.898836
237.28815,100,37344.898849
226.85768,100,37344.898858
248.73178,100,37344.898867
217.06711,100,37344.898875
255.89432,100,37344.898884
257.80807,100,37344.898892
220.51337,100,37367.74139
298.7509,100,37367.741486
542.8123,100,37367.741509
334.16245,100,37367.741526
229.71573,100,37367.741544
311.5192,100,37367.74156
238.5729,100,37367.741576
224.20581,100,37367.741592
264.56628,100,37391.947095
213.55255,100,37391.947165
214.865,100,37391.947178
526.021,100,37391.947189
228.23064,100,37391.947197
217.80696,100,37391.947206
463.43845,100,37391.947214
184.27303,100,37391.947222
288.60117,100,37404.907235
231.50682,100,37404.90731
228.03764,100,37404.907322
417.60892,100,37404.907331
218.23055,100,37404.90734
484.59406,100,37404.907348
483.44644,100,37404.907357
437.92725,100,37404.907365
297.58643,100,37428.846481
272.76248,100,37428.846552
229.37198,100,37428.846565
205.60753,100,37428.846574
314.41043,100,37428.846583
335.43677,100,37428.846592
243.93736,100,37428.8466
246.15797,100,37428.846608
266.03467,100,37442.144883
435.60086,100,37442.144959
194.78053,100,37442.144972
205.18373,100,37442.144981
270.53128,100,37442.14499
219.93158,100,37442.144999
162.61038,100,37442.145007
180.8573,100,37442.145016
487.0708,100,37465.69562
198.90283,100,37465.695693
250.2964,100,37465.695706
195.7234,100,37465.695715
166.10652,100,37465.695724
523.6124,100,37465.695733
392.08902,100,37465.695741
238.83354,100,37465.69575
419.2761,100,37480.057237
134.876,100,37480.057325
449.4797,100,37480.05735
202.72609,100,37480.057366
225.29681,100,37480.057382
203.69131,100,37480.057397
589.5803,100,37480.057413
223.49446,100,37480.05743
182.38493,100,37503.668356
502.3922,100,37503.668426
459.82394,100,37503.668438
208.37651,100,37503.668447
206.77458,100,37503.668456
225.49367,100,37503.668464
241.94452,100,37503.668473
192.14793,100,37503.668481
495.663,100,37527.070199
266.5555,100,37527.070274
244.41216,100,37527.070287
250.64937,100,37527.070296
242.82156,100,37527.070305
351.53308,100,37527.070314
557.1553,100,37527.070322
246.45695,100,37527.070331
236.38525,100,37541.038226
388.69302,100,37541.038316
248.84592,100,37541.038339
241.03021,100,37541.038357
248.6435,100,37541.038374
204.57954,100,37541.038391
464.52686,100,37541.038407
169.02892,100,37541.038424
244.64284,100,37565.307408
262.9723,100,37565.307502
540.32544,100,37565.307524
509.54846,100,37565.307542
331.32507,100,37565.307559
228.77588,100,37565.307575
539.6594,100,37565.307591
329.21002,100,37565.307607
394.10287,100,37578.411371
235.37915,100,37578.411446
250.61075,100,37578.411472
208.42162,100,37578.411483
287.81375,100,37578.411491
234.62596,100,37578.4115
357.20462,100,37578.411509
319.51733,100,37578.411517
263.26877,100,37601.544313
229.6671,100,37601.544385
257.39163,100,37601.544398
552.54474,100,37601.544408
242.85489,100,37601.544417
229.214,100,37601.544426
462.68228,100,37601.544435
233.54482,100,37601.544444
451.81982,100,37614.555999
222.9955,100,37614.556081
165.63164,100,37614.556094
449.70187,100,37614.556103
251.33524,100,37614.556111
213.74069,100,37614.556119
214.59877,100,37614.556128
257.1278,100,37614.556136
411.28085,100,37637.722998
178.5845,100,37637.72308
239.2724,100,37637.723093
231.85532,100,37637.723103
264.94815,100,37637.723112
234.57239,100,37637.723121
253.87645,100,37637.72313
485.82248,100,37637.723139
279.80536,100,37651.294374
517.8706,100,37651.294462
213.10751,100,37651.294483
191.31795,100,37651.294498
404.2848,100,37651.294513
232.99744,100,37651.294528
479.25952,100,37651.294543
230.91959,100,37651.294557
198.33939,100,37674.789667
511.35803,100,37674.789768
495.30566,100,37674.789798
220.37398,100,37674.789819
435.7448,100,37674.78984
253.63089,100,37674.78986
421.36993,100,37674.78988
243.16586,100,37674.789901
459.54785,100,37698.041503
246.12688,100,37698.041575
269.42032,100,37698.041587
450.28247,100,37698.041596
225.5568,100,37698.041605
495.35413,100,37698.041614
253.42548,100,37698.041622
230.26123,100,37698.041631
231.9349,100,37711.687178
320.9545,100,37711.68725
247.94052,100,37711.687262
235.14043,100,37711.687275
522.50574,100,37711.687287
497.13235,100,37711.687297
268.21954,100,37711.687305
234.38219,100,37711.687314
237.81528,100,37735.44971
219.8694,100,37735.449786
416.39908,100,37735.449799
430.61975,100,37735.449808
483.85327,100,37735.449817
213.56168,100,37735.449826
237.59451,100,37735.449834
293.4302,100,37735.449843
220.32304,100,37748.87282
527.28174,100,37748.872891
216.42795,100,37748.872904
259.2006,100,37748.872913
262.19537,100,37748.872923
216.12814,100,37748.872932
219.38048,100,37748.872942
331.10202,100,37748.872952
259.19376,100,37772.489849
318.83145,100,37772.489921
469.04764,100,37772.489933
242.8591,100,37772.489942
219.51309,100,37772.489951
204.67009,100,37772.489959
396.26547,100,37772.489967
285.1585,100,37772.489976
422.20837,100,37786.069773
402.32626,100,37786.06986
194.1415,100,37786.069881
246.68054,100,37786.069897
534.35016,100,37786.069913
203.4482,100,37786.069929
263.35782,100,37786.069944
153.56537,100,37786.069958
261.50488,100,37809.075441
262.0676,100,37809.075513
257.363,100,37809.075526
496.0235,100,37809.075536
314.1647,100,37809.075545
249.99196,100,37809.075553
355.39545,100,37809.075562
296.87903,100,37809.075571
258.74362,100,37832.450503
219.6584,100,37832.450576
242.02257,100,37832.450589
203.67883,100,37832.4506
318.93903,100,37832.450609
415.1313,100,37832.450618
272.88498,100,37832.450628
342.249,100,37832.450636
270.34378,100,37845.951228
209.51443,100,37845.951299
408.9922,100,37845.951311
174.73291,100,37845.95132
403.48245,100,37845.951329
165.44615,100,37845.951337
252.97394,100,37845.951345
177.5418,100,37845.951354
421.20117,100,37869.014217
223.34866,100,37869.014288
267.5464,100,37869.014301
150.86876,100,37869.014311
334.35748,100,37869.014321
249.03679,100,37869.01433
279.68338,100,37869.014339
228.49426,100,37869.014348
306.7605,100,37883.029829
255.18901,100,37883.029924
239.94983,100,37883.029948
259.55896,100,37883.029964
231.91292,100,37883.02998
559.07587,100,37883.029997
242.07803,100,37883.030013
216.22601,100,37883.03004
244.86572,100,37906.729208
345.03183,100,37906.729278
327.51996,100,37906.72929
450.05588,100,37906.7293
349.558,100,37906.729309
283.02133,100,37906.729317
294.3937,100,37906.729326
187.2774,100,37906.729334
337.69168,100,37921.158183
239.31508,100,37921.158264
466.8275,100,37921.158277
222.11609,100,37921.158286
540.67737,100,37921.158294
319.43936,100,37921.158303
554.17004,100,37921.158331
286.727,100,37921.15834
209.72025,100,37945.248521
431.58035,100,37945.24859
376.38132,100,37945.248602
329.65604,100,37945.248611
177.78268,100,37945.24862
208.30115,100,37945.248629
229.16275,100,37945.248637
352.9275,100,37945.248645
202.73978,100,37958.405089
230.72034,100,37958.405164
276.2933,100,37958.405176
238.00436,100,37958.405186
187.27954,100,37958.405195
234.73007,100,37958.405204
477.92883,100,37958.405212
290.4011,100,37958.405221
243.63383,100,37981.691986
256.43826,100,37981.69207
337.9072,100,37981.692083
226.6858,100,37981.692093
283.6702,100,37981.692102
240.0928,100,37981.692111
204.99695,100,37981.69212
236.00412,100,37981.692129
370.05664,100,38004.388197
195.39478,100,38004.388266
206.71297,100,38004.388279
255.16284,100,38004.388288
195.14122,100,38004.388297
246.32776,100,38004.388306
236.6055,100,38004.388314
227.94588,100,38004.388323
307.2822,100,38019.139644
432.02118,100,38019.139715
247.83302,100,38019.139728
544.1237,100,38019.139737
278.29587,100,38019.139746
233.28387,100,38019.139755
270.18896,100,38019.139763
285.47446,100,38019.139771
167.46718,100,38042.100483
240.81175,100,38042.100576
277.12576,100,38042.100598
249.56964,100,38042.100615
218.1509,100,38042.100632
347.92914,100,38042.100648
238.35077,100,38042.100664
490.4693,100,38042.10068
265.47263,100,38056.381193
188.11742,100,38056.381271
252.30606,100,38056.381284
216.58974,100,38056.381294
245.45522,100,38056.381302
251.45457,100,38056.381311
251.24684,100,38056.38132
242.2773,100,38056.381328
197.58606,100,38080.030505
255.33054,100,38080.03058
438.56717,100,38080.030593
153.33507,100,38080.030603
229.03244,100,38080.030612
300.833,100,38080.030621
558.6179,100,38080.03063
423.61362,100,38080.030639
275.29996,100,38093.935575
270.1643,100,38093.935649
321.91647,100,38093.935662
229.4466,100,38093.935672
246.50578,100,38093.935681
202.25986,100,38093.93569
273.0125,100,38093.935699
202.2628,100,38093.935708
213.87712,100,38116.826269
247.05428,100,38116.826341
376.54425,100,38116.826354
252.9428,100,38116.826364
245.23738,100,38116.826373
533.4818,100,38116.826383
213.76595,100,38116.826392
248.76851,100,38116.8264
219.50365,100,38140.242467
208.98718,100,38140.242541
333.0599,100,38140.242553
440.51566,100,38140.242563
376.78323,100,38140.242571
296.49484,100,38140.24258
277.09122,100,38140.242589
180.92493,100,38140.242597
186.56512,100,38153.315645
244.09843,100,38153.315751
207.23253,100,38153.315779
252.00952,100,38153.315801
232.67667,100,38153.315823
191.62146,100,38153.315845
160.82164,100,38153.315866
248.8379,100,38153.315888
315.89026,100,38176.672439
259.8148,100,38176.67251
488.8379,100,38176.672522
215.85619,100,38176.672531
223.2889,100,38176.672539
434.4104,100,38176.672548
470.3916,100,38176.672556
323.79135,100,38176.672564
273.74356,100,38190.385476
219.66408,100,38190.385571
547.13025,100,38190.385595
246.2307,100,38190.385613
260.64267,100,38190.38563
242.67679,100,38190.385646
480.30542,100,38190.385662
203.72757,100,38190.385678
224.80568,100,38214.009537
233.60358,100,38214.009609
192.21918,100,38214.009621
253.96544,100,38214.009631
227.29492,100,38214.00964
242.63881,100,38214.009648
436.68814,100,38214.009657
275.4102,100,38214.009665
265.12814,100,38227.981761
230.2615,100,38227.981847
257.87305,100,38227.981867
247.46497,100,38227.981882
248.46014,100,38227.981897
536.46277,100,38227.981911
240.93811,100,38227.981926
228.45198,100,38227.981941
406.45953,100,38251.224654
247.99936,100,38251.22474
193.44481,100,38251.22476
232.72687,100,38251.224775
263.90976,100,38251.224791
307.07068,100,38251.224805
239.62425,100,38251.22482
266.80655,100,38251.224834
173.08626,100,38264.912992
282.18848,100,38264.913077
224.23557,100,38264.91309
535.6381,100,38264.9131
234.83136,100,38264.913109
206.92772,100,38264.913118
207.05994,100,38264.913127
251.53165,100,38264.913135
236.31047,100,38287.630697
303.47253,100,38287.630772
197.63074,100,38287.630785
193.03114,100,38287.630823
224.63211,100,38287.630832
215.60513,100,38287.630841
148.45732,100,38287.630849
243.8506,100,38287.630858
180.55475,100,38310.488804
239.16365,100,38310.488878
172.4774,100,38310.488891
539.9429,100,38310.4889
240.0021,100,38310.48891
197.98007,100,38310.48892
282.31155,100,38310.488929
216.30034,100,38310.488938
496.96436,100,38323.639337
183.89613,100,38323.639412
205.2218,100,38323.639426
523.0486,100,38323.639436
240.71404,100,38323.639445
201.9658,100,38323.639455
235.18623,100,38323.639464
225.06586,100,38323.639472
423.91333,100,38347.600975
300.17172,100,38347.601057
390.75122,100,38347.601072
282.72388,100,38347.601082
218.91103,100,38347.60109
242.21786,100,38347.601099
241.64577,100,38347.601108
234.84077,100,38347.601117
309.58792,100,38361.763351
218.36734,100,38361.763427
248.62556,100,38361.76344
572.84033,100,38361.763449
266.76895,100,38361.763458
188.8901,100,38361.763467
240.35287,100,38361.763475
402.1969,100,38361.763484
243.03445,100,38384.410539
216.2079,100,38384.410625
236.79257,100,38384.410646
248.2649,100,38384.410663
150.02599,100,38384.410679
164.36487,100,38384.410694
181.85573,100,38384.410709
434.63196,100,38384.410724
207.05858,100,38398.104169
228.27573,100,38398.104239
275.06732,100,38398.104251
234.11914,100,38398.10426
187.07664,100,38398.10427
267.1919,100,38398.104278
402.16727,100,38398.104287
174.23195,100,38398.104295
352.99384,100,38422.112771
221.73724,100,38422.11286
413.4715,100,38422.112881
262.49588,100,38422.112897
186.70465,100,38422.112913
236.6137,100,38422.112928
459.9073,100,38422.112943
232.54643,100,38422.112958
184.24738,100,38445.898023
467.74023,100,38445.898103
198.70824,100,38445.898116
246.66432,100,38445.898126
247.52963,100,38445.898134
239.69617,100,38445.898144
443.19116,100,38445.898152
436.82916,100,38445.898161
252.39432,100,38459.244815
260.9672,100,38459.2449
224.35126,100,38459.244919
429.21817,100,38459.244934
226.80203,100,38459.244947
234.05994,100,38459.24496
336.45703,100,38459.244973
567.1474,100,38459.244985
228.8017,100,38482.907268
239.09642,100,38482.907346
190.98082,100,38482.907358
217.96307,100,38482.907367
533.8676,100,38482.907376
238.4284,100,38482.907385
274.09,100,38482.907393
351.78574,100,38482.907401
252.83392,100,38497.368305
362.18735,100,38497.368389
154.31664,100,38497.368408
320.84866,100,38497.368423
215.72382,100,38497.368438
547.5963,100,38497.368452
435.90277,100,38497.368465
242.52872,100,38497.368479
291.88223,100,38520.287361
228.88016,100,38520.287438
174.0472,100,38520.287451
202.69409,100,38520.28746
242.42195,100,38520.287469
253.04616,100,38520.287478
313.71854,100,38520.287487
486.2,100,38520.287496
321.5297,100,38533.672386
353.91653,100,38533.672458
229.40675,100,38533.672471
197.44014,100,38533.672481
277.53995,100,38533.672489
229.12738,100,38533.672498
270.15295,100,38533.672507
176.34447,100,38533.672516
254.14508,100,38557.066398
462.15445,100,38557.066467
467.12976,100,38557.066479
324.29877,100,38557.066489
257.81827,100,38557.066497
487.63324,100,38557.066505
210.07397,100,38557.066514
211.69244,100,38557.066522
224.61377,100,38570.481415
451.05188,100,38570.481502
244.47646,100,38570.481525
371.24738,100,38570.481543
220.97346,100,38570.48156
222.45508,100,38570.481577
230.69228,100,38570.481593
281.88052,100,38570.481609
493.7552,100,38593.21982
454.14185,100,38593.219893
287.8742,100,38593.219906
209.10295,100,38593.219915
452.6623,100,38593.219924
227.25476,100,38593.219933
224.37491,100,38593.219942
226.483,100,38593.219951
418.32578,100,38616.332098
515.6112,100,38616.332186
240.18141,100,38616.332208
228.05234,100,38616.332226
148.16302,100,38616.332242
197.57216,100,38616.332258
252.59181,100,38616.332273
322.6035,100,38616.332289
412.57922,100,38629.495147
244.45094,100,38629.495217
383.61725,100,38629.495229
365.62485,100,38629.495238
188.28326,100,38629.495247
334.82507,100,38629.495255
516.22656,100,38629.495263
276.49582,100,38629.495287
265.61823,100,38652.904418
349.5469,100,38652.904491
239.15506,100,38652.904503
221.64317,100,38652.904512
519.75916,100,38652.904521
359.54346,100,38652.90453
437.16223,100,38652.904538
302.3617,100,38652.904546
221.46321,100,38666.526312
245.6214,100,38666.526407
528.42395,100,38666.526431
554.3864,100,38666.52645
217.5752,100,38666.526467
543.56964,100,38666.526484
223.48952,100,38666.5265
225.6201,100,38666.526517
256.3459,100,38690.163054
228.18263,100,38690.163157
298.36108,100,38690.16318
289.43326,100,38690.163203
252.81178,100,38690.163228
248.23303,100,38690.163248
489.60522,100,38690.163265
233.36751,100,38690.163281
242.05927,100,38704.103276
246.41687,100,38704.103349
237.65135,100,38704.103362
294.54132,100,38704.103371
263.53503,100,38704.10338
206.2543,100,38704.103389
266.7589,100,38704.103398
279.82162,100,38704.103406
268.05795,100,38727.77512
517.9975,100,38727.775196
208.01213,100,38727.775208
242.1916,100,38727.775217
425.74756,100,38727.775226
525.90576,100,38727.775234
157.25307,100,38727.775243
289.4775,100,38727.775251
221.2001,100,38751.672205
186.90387,100,38751.672277
530.87024,100,38751.672289
256.4588,100,38751.672298
257.5714,100,38751.672306
249.70827,100,38751.672315
266.2483,100,38751.672323
523.48206,100,38751.672331
222.68349,100,38766.219588
500.55872,100,38766.219662
263.57556,100,38766.219675
225.16193,100,38766.219684
459.31516,100,38766.219692
233.74129,100,38766.219701
515.51843,100,38766.219709
519.64136,100,38766.219718
288.09656,100,38789.543858
254.83487,100,38789.543936
164.0756,100,38789.543948
209.61151,100,38789.543958
195.03366,100,38789.543967
389.91922,100,38789.543976
263.0597,100,38789.543986
505.96014,100,38789.543995
416.40735,100,38803.33497
241.7799,100,38803.335066
265.36105,100,38803.335087
229.07066,100,38803.335103
174.36559,100,38803.335118
224.12541,100,38803.335132
241.37485,100,38803.335146
296.18347,100,38803.335161
201.33784,100,38826.903015
258.36703,100,38826.903117
307.62457,100,38826.903139
270.32202,100,38826.903155
432.55524,100,38826.903171
222.68112,100,38826.903187
473.28265,100,38826.903203
217.25787,100,38826.903218
327.8749,100,38840.877552
266.10883,100,38840.877642
381.76074,100,38840.877664
376.92664,100,38840.877682
547.4066,100,38840.877698
303.81815,100,38840.877714
191.22833,100,38840.877731
219.79282,100,38840.877746
305.07535,100,38864.147066
235.59245,100,38864.147161
271.9183,100,38864.147184
264.02527,100,38864.147202
282.82043,100,38864.147219
305.6407,100,38864.147236
462.1576,100,38864.147252
233.52486,100,38864.147269
240.11752,100,38878.405921
227.63951,100,38878.405992
285.42703,100,38878.406005
223.61201,100,38878.406014
269.92203,100,38878.406023
482.36902,100,38878.406043
224.56311,100,38878.406053
239.89003,100,38878.406061
471.95612,100,38901.106064
269.84427,100,38901.106138
229.39653,100,38901.10615
564.7904,100,38901.10616
214.25717,100,38901.106169
520.3073,100,38901.106177
276.30447,100,38901.106186
224.90193,100,38901.106194
177.55827,100,38923.506629
130.7439,100,38923.506708
445.73676,100,38923.506725
215.10786,100,38923.506738
255.42177,100,38923.506751
237.19879,100,38923.506762
289.52667,100,38923.506774
246.0958,100,38923.506785
304.8937,100,38936.976471
238.83308,100,38936.97654
245.49289,100,38936.976552
248.51295,100,38936.976561
254.18123,100,38936.97657
215.00638,100,38936.976578
256.31686,100,38936.976586
237.81421,100,38936.976595
204.31131,100,38961.144001
280.80173,100,38961.144098
305.97574,100,38961.144118
219.5921,100,38961.144134
241.1417,100,38961.144149
501.5565,100,38961.144163
244.28574,100,38961.144177
537.18976,100,38961.144191
500.5896,100,38975.412091
225.51094,100,38975.412161
242.61105,100,38975.412173
292.46088,100,38975.412183
245.07886,100,38975.412191
118.647705,100,38975.412199
234.88739,100,38975.412208
160.06415,100,38975.412216
562.11127,100,38999.230088
509.2549,100,38999.23016
226.12724,100,38999.230172
536.613,100,38999.230188
247.76709,100,38999.230197
284.89166,100,38999.230206
183.24933,100,38999.230214
292.80783,100,38999.230222
536.89294,100,39012.045156
248.34496,100,39012.045232
257.22977,100,39012.045245
280.22858,100,39012.045254
217.89642,100,39012.045263
172.30493,100,39012.045271
214.67299,100,39012.04528
250.83635,100,39012.045288
206.18768,100,39035.344981
480.19116,100,39035.345066
381.097,100,39035.345079
258.86337,100,39035.345089
240.49556,100,39035.345098
254.51091,100,39035.345107
338.1502,100,39035.345115
339.2744,100,39035.345124
260.09433,100,39059.311065
261.34244,100,39059.31115
214.49911,100,39059.311169
294.1624,100,39059.311185
218.78702,100,39059.311199
194.70573,100,39059.311213
283.1291,100,39059.311227
435.11462,100,39059.31124
408.9151,100,39072.768281
575.8764,100,39072.768357
268.5765,100,39072.768369
213.35735,100,39072.768378
225.22752,100,39072.768387
210.34486,100,39072.768395
233.39009,100,39072.768403
226.87537,100,39072.768412
499.85223,100,39096.365243
390.0211,100,39096.365331
291.92664,100,39096.365351
250.85928,100,39096.365366
225.21628,100,39096.365381
478.86722,100,39096.365396
234.38922,100,39096.36541
302.39832,100,39096.365424
314.0363,100,39110.659429
304.08014,100,39110.659509
239.36829,100,39110.659523
261.14554,100,39110.659532
389.12488,100,39110.659541
242.7322,100,39110.659549
235.81322,100,39110.659558
575.1578,100,39110.659566
540.58264,100,39133.864392
277.026,100,39133.864465
232.89362,100,39133.864477
119.21448,100,39133.864487
237.54602,100,39133.864495
269.644,100,39133.864504
238.3767,100,39133.864513
205.81659,100,39133.864521
228.75562,100,39147.989409
144.17726,100,39147.989482
297.14584,100,39147.989495
250.70837,100,39147.989504
258.796,100,39147.989513
490.0503,100,39147.989522
329.9713,100,39147.989531
347.88217,100,39147.989539
285.70242,100,39171.72642
216.83806,100,39171.726496
117.024574,100,39171.72651
202.3435,100,39171.72652
501.4375,100,39171.72653
188.12907,100,39171.726539
256.9564,100,39171.726549
311.2929,100,39171.726559
274.9661,100,39185.128938
221.7675,100,39185.129016
237.4753,100,39185.129038
425.47827,100,39185.12905
263.89838,100,39185.129059
274.80267,100,39185.129067
235.64484,100,39185.129076
241.0386,100,39185.129085
554.86365,100,39208.321065
253.7626,100,39208.321143
374.7608,100,39208.321157
283.9932,100,39208.321167
273.3297,100,39208.321176
451.12778,100,39208.321185
193.49985,100,39208.321194
447.6695,100,39208.321203
470.5998,100,39232.025389
272.12543,100,39232.025482
184.01108,100,39232.025504
177.44345,100,39232.02552
254.70476,100,39232.025536
261.6895,100,39232.025551
261.60803,100,39232.025566
478.65308,100,39232.025581
384.57355,100,39246.65929
218.67972,100,39246.659366
337.76544,100,39246.65938
219.00671,100,39246.65939
409.59055,100,39246.6594
345.9712,100,39246.65941
229.78854,100,39246.659419
241.23344,100,39246.659428
243.32397,100,39270.122889
220.0234,100,39270.122968
236.27829,100,39270.122982
214.00908,100,39270.122992
237.81856,100,39270.123001
436.24945,100,39270.12301
170.20119,100,39270.123019
231.80232,100,39270.123037
378.22943,100,39283.975437
253.40024,100,39283.975515
410.3851,100,39283.975528
237.41824,100,39283.975538
441.5106,100,39283.975547
611.67584,100,39283.975556
516.41095,100,39283.975565
248.097,100,39283.975574
559.1383,100,39307.333138
542.5636,100,39307.333228
245.17152,100,39307.33325
249.12428,100,39307.333265
248.12654,100,39307.333281
256.86996,100,39307.333297
249.51514,100,39307.333312
160.97229,100,39307.333328
312.3406,100,39321.262467
307.43372,100,39321.262548
237.70403,100,39321.262561
230.86076,100,39321.262571
481.80392,100,39321.26258
380.79056,100,39321.262589
283.82364,100,39321.262598
168.71808,100,39321.262606
229.27386,100,39344.401502
266.55453,100,39344.401578
235.53471,100,39344.401592
235.17969,100,39344.401602
338.94763,100,39344.401612
266.23267,100,39344.401621
300.3692,100,39344.40163
266.31073,100,39344.401652
247.26901,100,39368.164602
471.64273,100,39368.164676
286.6376,100,39368.16469
231.1236,100,39368.1647
348.68216,100,39368.16471
231.32054,100,39368.16472
527.427,100,39368.164729
221.66544,100,39368.164738
230.73827,100,39381.596516
272.00076,100,39381.596592
172.55446,100,39381.596606
235.77318,100,39381.596617
294.40186,100,39381.596626
523.3355,100,39381.596636
214.02864,100,39381.596645
236.91577,100,39381.596655
269.24448,100,39405.539084
247.47295,100,39405.539157
434.9175,100,39405.53917
475.85864,100,39405.53918
329.69818,100,39405.539189
204.39645,100,39405.539198
205.23003,100,39405.539206
221.10054,100,39405.539215
278.91022,100,39419.119731
237.38332,100,39419.119819
287.07025,100,39419.11984
548.8914,100,39419.119854
393.73816,100,39419.119869
206.60127,100,39419.119882
163.00131,100,39419.119897
248.78123,100,39419.119912
267.3518,100,39442.858964
584.2683,100,39442.859051
240.59506,100,39442.859067
270.8495,100,39442.859077
209.96518,100,39442.859086
245.82555,100,39442.859095
569.4292,100,39442.859104
256.44684,100,39442.859114
264.3879,100,39457.594204
338.56345,100,39457.594274
255.99538,100,39457.594286
331.94376,100,39457.594296
207.20604,100,39457.594306
267.479,100,39457.594314
179.7317,100,39457.594323
256.68375,100,39457.594332
230.73969,100,39481.332093
242.75908,100,39481.332171
248.39426,100,39481.332184
581.9414,100,39481.332194
460.9296,100,39481.332203
317.06433,100,39481.332212
217.87572,100,39481.332221
305.84607,100,39481.332231
162.84862,100,39495.546649
655.3326,100,39495.546738
284.06744,100,39495.546756
231.0248,100,39495.54677
271.63245,100,39495.546783
233.494,100,39495.546797
256.78052,100,39495.546809
253.94849,100,39495.546823
278.0505,100,39519.862248
304.54205,100,39519.862329
271.57028,100,39519.862349
254.08763,100,39519.862363
194.0377,100,39519.862377
481.29858,100,39519.862391
262.75204,100,39519.862404
214.7646,100,39519.862418
233.363,100,39543.389585
408.5866,100,39543.389664
241.04767,100,39543.389677
492.3551,100,39543.389687
198.47736,100,39543.389696
392.06314,100,39543.389705
290.7531,100,39543.389714
418.02484,100,39543.389723
307.4844,100,39556.575539
232.63802,100,39556.575615
566.4335,100,39556.57563
152.80258,100,39556.57564
214.32832,100,39556.575651
322.99612,100,39556.575661
522.83026,100,39556.57567
261.59293,100,39556.57568
297.49854,100,39579.259402
210.03087,100,39579.259476
252.26152,100,39579.25949
317.1892,100,39579.259499
230.56319,100,39579.259508
190.67278,100,39579.259517
257.2719,100,39579.259526
166.56694,100,39579.259534
409.39563,100,39593.394181
306.0521,100,39593.394256
525.68835,100,39593.394269
273.0063,100,39593.39428
410.22742,100,39593.394289
477.58884,100,39593.394299
385.45026,100,39593.394309
257.22937,100,39593.394319
544.6636,100,39617.328244
264.96115,100,39617.328329
256.77988,100,39617.328349
491.6028,100,39617.328365
234.92334,100,39617.328379
265.05615,100,39617.328393
207.4971,100,39617.328407
226.14493,100,39617.328421
240.22597,100,39631.124883
240.2222,100,39631.124956
441.65784,100,39631.124969
361.92062,100,39631.124979
149.77748,100,39631.124989
223.15718,100,39631.124998
470.30267,100,39631.125007
195.58153,100,39631.125016
507.51584,100,39654.921939
531.97534,100,39654.922028
342.47537,100,39654.922069
394.14444,100,39654.922087
254.39334,100,39654.922103
428.5061,100,39654.92212
264.095,100,39654.922136
262.11246,100,39654.922151
184.06923,100,39677.770983
426.40344,100,39677.771068
495.06302,100,39677.771083
165.77765,100,39677.771093
216.41168,100,39677.771103
527.4325,100,39677.771112
191.2928,100,39677.771122
328.90646,100,39677.771132
221.00818,100,39691.730891
167.14752,100,39691.730976
228.99141,100,39691.730996
262.38626,100,39691.73101
267.60406,100,39691.731023
216.83781,100,39691.731048
226.18922,100,39691.731061
248.32796,100,39691.731074
272.71576,100,39716.07885
441.95428,100,39716.078928
269.76263,100,39716.078941
236.80984,100,39716.078951
277.72574,100,39716.078981
506.03885,100,39716.078991
291.28427,100,39716.079
257.5116,100,39716.079009
396.5126,100,39730.149643
193.55293,100,39730.149735
227.88916,100,39730.149757
255.5415,100,39730.149774
181.84906,100,39730.149789
415.08218,100,39730.149805
544.45917,100,39730.149821
284.63776,100,39730.149837
534.8089,100,39753.953505
202.44933,100,39753.953595
248.08667,100,39753.953617
237.6981,100,39753.953634
205.26625,100,39753.95365
247.46619,100,39753.953666
263.7842,100,39753.953681
128.20517,100,39753.953696
257.69623,100,39768.251966
244.71669,100,39768.252052
261.9685,100,39768.252069
295.223,100,39768.252083
244.95093,100,39768.252094
310.3113,100,39768.252103
485.94516,100,39768.252113
430.7968,100,39768.252123
265.71866,100,39792.15569
394.72778,100,39792.155773
385.86725,100,39792.155791
549.32117,100,39792.155806
483.7762,100,39792.15582
319.25446,100,39792.155833
493.8246,100,39792.155846
419.586,100,39792.155859
256.9124,100,39807.256294
272.6511,100,39807.25637
385.553,100,39807.256383
461.9972,100,39807.256394
492.1137,100,39807.256403
202.77794,100,39807.256412
246.90506,100,39807.256421
216.1539,100,39807.25643
202.67004,100,39830.465011
248.66266,100,39830.465097
264.37195,100,39830.465109
162.72194,100,39830.465118
276.0959,100,39830.465128
375.01822,100,39830.465136
241.46895,100,39830.465145
207.66411,100,39830.465154
290.52475,100,39854.729894
432.99643,100,39854.72997
318.53864,100,39854.729983
178.32288,100,39854.729993
314.5789,100,39854.730002
358.92203,100,39854.730012
189.38388,100,39854.730021
469.5504,100,39854.730036
187.1757,100,39868.162321
263.48166,100,39868.162429
256.16528,100,39868.16246
187.41243,100,39868.162483
373.86993,100,39868.162503
527.05634,100,39868.162525
235.48302,100,39868.162545
242.98264,100,39868.162566
203.57347,100,39891.86556
558.476,100,39891.865648
256.40414,100,39891.86567
548.48004,100,39891.865688
476.82642,100,39891.865704
556.4347,100,39891.865719
242.97644,100,39891.865735
219.69055,100,39891.865751
339.0415,100,39906.685895
301.745,100,39906.685965
445.7121,100,39906.685978
128.31796,100,39906.685988
197.66664,100,39906.685997
417.1975,100,39906.686006
229.81241,100,39906.686015
180.8223,100,39906.686024
236.22952,100,39930.222415
177.83282,100,39930.22249
223.93689,100,39930.222503
405.95047,100,39930.222514
244.35301,100,39930.222524
179.94377,100,39930.222533
258.48236,100,39930.222542
263.76688,100,39930.222552
381.15982,100,39945.077987
246.35187,100,39945.078074
317.95117,100,39945.078087
200.37657,100,39945.078097
249.05124,100,39945.078107
246.43163,100,39945.078117
156.97984,100,39945.078126
550.38635,100,39945.078135
283.01865,100,39968.564689
284.41718,100,39968.564777
246.23265,100,39968.564799
245.77518,100,39968.564815
219.33676,100,39968.56483
233.32887,100,39968.564846
255.4372,100,39968.564861
400.01602,100,39968.564877
264.64383,100,39992.531019
514.8734,100,39992.531099
235.22208,100,39992.531111
263.14386,100,39992.53112
229.33366,100,39992.531129
150.76157,100,39992.531137
508.48178,100,39992.531146
308.59265,100,39992.531154
141.23422,100,40006.740397
354.3747,100,40006.74047
284.18655,100,40006.740483
204.94043,100,40006.740492
242.10782,100,40006.740501
158.01845,100,40006.74051
211.7676,100,40006.740518
303.4718,100,40006.740527
240.3079,100,40030.103659
390.23334,100,40030.10375
217.05927,100,40030.103772
493.1775,100,40030.103789
228.16191,100,40030.103804
443.92792,100,40030.103819
513.7995,100,40030.103834
96.76843,100,40030.103848
506.8012,100,40043.682984
276.44208,100,40043.683064
239.86682,100,40043.683077
505.88065,100,40043.683087
445.83627,100,40043.683095
243.24782,100,40043.683104
287.9607,100,40043.683113
263.04016,100,40043.683121
538.3395,100,40067.022561
240.91626,100,40067.022631
515.1134,100,40067.022644
163.81638,100,40067.022653
405.457,100,40067.022662
497.12595,100,40067.022671
247.33656,100,40067.022679
258.4831,100,40067.022688
156.92876,100,40079.599154
171.21507,100,40079.599233
460.9464,100,40079.599246
245.09029,100,40079.599255
571.6397,100,40079.599263
321.5991,100,40079.599271
411.99097,100,40079.59928
524.5878,100,40079.599288
304.41824,100,40103.443696
260.67947,100,40103.443767
259.70322,100,40103.44378
140.94832,100,40103.44379
204.88441,100,40103.443799
331.00882,100,40103.443808
365.5576,100,40103.443816
202.6869,100,40103.443824
272.01642,100,40116.565667
459.75473,100,40116.565741
189.48375,100,40116.565753
379.5335,100,40116.565763
280.04495,100,40116.565772
255.98232,100,40116.565781
205.177,100,40116.56579
424.01013,100,40116.565798
207.95488,100,40140.466697
254.24406,100,40140.466767
389.66638,100,40140.466779
155.78331,100,40140.466788
370.2901,100,40140.466796
219.31015,100,40140.466805
254.27168,100,40140.466813
248.09209,100,40140.466821
191.22484,100,40163.776061
94.34029,100,40163.776134
425.40668,100,40163.776148
245.54596,100,40163.776158
279.34085,100,40163.776167
571.88446,100,40163.776176
256.22412,100,40163.776184
493.6515,100,40163.776193
172.75658,100,40176.931062
246.096,100,40176.931152
253.26056,100,40176.931175
220.28726,100,40176.931193
185.736,100,40176.93121
195.60922,100,40176.931226
140.75941,100,40176.931243
558.39307,100,40176.931259
409.57794,100,40199.978752
451.4882,100,40199.978823
195.47888,100,40199.978836
225.9073,100,40199.978846
505.19516,100,40199.978855
243.60345,100,40199.978863
388.468,100,40199.978872
262.23145,100,40199.978881
212.20679,100,40214.215316
223.95685,100,40214.21539
473.0833,100,40214.215403
535.88,100,40214.215412
242.90579,100,40214.215422
547.1057,100,40214.215431
249.4624,100,40214.21544
219.20355,100,40214.215449
251.52687,100,40238.282897
526.9592,100,40238.282974
385.6917,100,40238.282987
599.2627,100,40238.282996
112.0947,100,40238.283004
569.91223,100,40238.283013
255.76324,100,40238.283021
510.52444,100,40238.283037
259.01028,100,40252.510243
240.18695,100,40252.510333
545.28687,100,40252.510356
494.57812,100,40252.510374
488.65186,100,40252.510391
440.8664,100,40252.510408
248.31975,100,40252.510425
244.27841,100,40252.510441
268.8329,100,40276.335398
245.75742,100,40276.335489
415.89584,100,40276.33551
256.8226,100,40276.335525
347.70032,100,40276.335541
275.02435,100,40276.335556
292.10532,100,40276.33557
214.3649,100,40276.335585
189.31001,100,40300.443004
242.23741,100,40300.44309
503.79456,100,40300.443104
448.43842,100,40300.443113
283.01144,100,40300.443122
294.23944,100,40300.443131
391.2701,100,40300.44314
217.81354,100,40300.443149
257.8379,100,40314.821708
181.20361,100,40314.82178
252.61046,100,40314.821793
415.6078,100,40314.821802
440.29764,100,40314.821811
536.8778,100,40314.82182
232.21786,100,40314.821829
260.38882,100,40314.821837
115.88347,100,40337.845797
361.32846,100,40337.845866
294.53265,100,40337.845879
258.13544,100,40337.845888
320.9808,100,40337.845897
168.9922,100,40337.845905
312.3266,100,40337.845914
225.13876,100,40337.845922
252.54416,100,40351.851598
258.2031,100,40351.851668
270.2046,100,40351.85168
337.5318,100,40351.85169
236.56207,100,40351.851698
246.55225,100,40351.851707
275.43,100,40351.851715
385.27194,100,40351.851723
504.2418,100,40375.28528
263.59024,100,40375.285351
481.36157,100,40375.285364
431.45065,100,40375.285373
346.03998,100,40375.285381
281.81653,100,40375.28539
255.80457,100,40375.285398
251.28726,100,40375.285407
105.18212,100,40389.789974
260.86597,100,40389.790079
532.4531,100,40389.790102
246.07101,100,40389.790118
244.37288,100,40389.790133
510.83704,100,40389.790147
247.24158,100,40389.790161
360.14017,100,40389.790175
228.80898,100,40413.112791
470.60327,100,40413.112881
351.69904,100,40413.112905
269.3096,100,40413.112922
502.93042,100,40413.112939
573.2177,100,40413.112955
183.76494,100,40413.112972
245.65378,100,40413.112988
220.57314,100,40426.457938
254.43948,100,40426.458012
273.22412,100,40426.458027
212.6469,100,40426.458048
223.90852,100,40426.458058
179.5642,100,40426.458081
214.17036,100,40426.45809
443.00372,100,40426.458099
202.21625,100,40450.122942
462.12247,100,40450.123022
144.19073,100,40450.123054
202.83047,100,40450.123068
267.13235,100,40450.123081
431.4115,100,40450.123093
432.6599,100,40450.123105
443.6911,100,40450.123116
495.04608,100,40473.09911
219.28897,100,40473.099187
244.53088,100,40473.0992
258.936,100,40473.09921
215.08873,100,40473.099219
245.66391,100,40473.099229
243.45871,100,40473.099238
545.1072,100,40473.099247
210.56638,100,40487.241264
425.64557,100,40487.241338
195.24916,100,40487.241351
249.93796,100,40487.241361
366.46356,100,40487.241369
170.87656,100,40487.241379
253.61317,100,40487.241388
529.18787,100,40487.241397
248.0232,100,40510.688322
275.79105,100,40510.688423
253.93645,100,40510.688448
209.61029,100,40510.688465
309.0579,100,40510.688483
237.35321,100,40510.6885
227.11362,100,40510.688517
542.6056,100,40510.688533
355.7729,100,40525.907776
231.41649,100,40525.907863
546.6743,100,40525.907885
220.63655,100,40525.907902
445.76596,100,40525.907918
250.0848,100,40525.907934
151.3327,100,40525.907949
228.3692,100,40525.907965
240.21574,100,40549.633603
206.8669,100,40549.633674
216.08179,100,40549.633686
233.40894,100,40549.633696
237.82791,100,40549.633705
200.84747,100,40549.633715
375.12265,100,40549.633724
361.06076,100,40549.633733
192.00331,100,40563.078332
245.29103,100,40563.078405
490.84955,100,40563.078418
513.8242,100,40563.078427
268.4005,100,40563.078436
205.2906,100,40563.078444
257.5095,100,40563.078453
218.78212,100,40563.078461
164.53986,100,40586.638422
219.4396,100,40586.638493
481.32782,100,40586.638505
385.4978,100,40586.638515
387.06528,100,40586.638524
227.243,100,40586.638532
185.61139,100,40586.638541
559.9965,100,40586.638549
242.5838,100,40609.912599
292.34152,100,40609.912671
396.0026,100,40609.912683
506.91675,100,40609.912693
486.32004,100,40609.912702
244.7682,100,40609.912711
253.53717,100,40609.912719
332.89807,100,40609.912728
319.47433,100,40623.714952
302.69092,100,40623.715037
405.19702,100,40623.715053
217.40094,100,40623.715063
238.73044,100,40623.715072
563.98816,100,40623.71508
264.35016,100,40623.715089
259.66965,100,40623.715098
431.02396,100,40646.167712
515.48004,100,40646.167786
252.81291,100,40646.167799
483.57053,100,40646.167809
256.8496,100,40646.167818
158.02133,100,40646.167827
227.27957,100,40646.167835
187.0492,100,40646.167844
365.27777,100,40660.757344
271.38815,100,40660.757435
376.60742,100,40660.757458
328.19928,100,40660.757477
394.46997,100,40660.757493
210.04997,100,40660.757509
467.2954,100,40660.757525
506.94385,100,40660.757541
208.6334,100,40684.254205
252.2022,100,40684.254278
247.98749,100,40684.254291
254.68953,100,40684.254301
203.33386,100,40684.254311
490.92282,100,40684.25432
531.8384,100,40684.254329
273.68546,100,40684.254339
217.1214,100,40698.034417
262.52795,100,40698.034487
245.14339,100,40698.034499
504.45807,100,40698.034508
196.15208,100,40698.034518
381.7043,100,40698.034527
195.40878,100,40698.034536
241.46783,100,40698.034544
222.73335,100,40721.983543
324.14856,100,40721.983633
162.80397,100,40721.983656
241.20059,100,40721.983674
253.61899,100,40721.983691
306.9477,100,40721.983707
256.01892,100,40721.983724
343.57013,100,40721.98374
396.63275,100,40735.862598
532.99207,100,40735.862668
171.77936,100,40735.86268
338.18213,100,40735.862689
190.17558,100,40735.862698
535.26697,100,40735.862706
248.99828,100,40735.862715
174.54102,100,40735.862723
545.45337,100,40759.527891
480.7679,100,40759.527988
481.32053,100,40759.528017
211.70232,100,40759.528055
208.65195,100,40759.528079
551.02246,100,40759.528101
231.14864,100,40759.528123
247.49377,100,40759.528143
251.65178,100,40782.464205
327.2692,100,40782.464299
236.1195,100,40782.464324
208.99481,100,40782.464341
230.89198,100,40782.464357
319.2014,100,40782.464371
586.6522,100,40782.464387
167.8116,100,40782.464403
288.0673,100,40796.40143
239.03503,100,40796.401507
201.08798,100,40796.401547
525.9031,100,40796.401557
483.65802,100,40796.401567
289.1753,100,40796.401576
334.0888,100,40796.401585
394.01294,100,40796.401593
237.31558,100,40819.709557
276.0503,100,40819.70963
532.1549,100,40819.709643
207.25441,100,40819.709653
194.01523,100,40819.709663
549.8983,100,40819.709671
247.487,100,40819.70968
208.69351,100,40819.709689
214.47365,100,40833.372448
242.80249,100,40833.372541
241.51689,100,40833.372563
527.2114,100,40833.372581
209.94447,100,40833.372598
237.82315,100,40833.372614
251.28596,100,40833.372631
247.78088,100,40833.372647
321.49866,100,40857.549304
224.84258,100,40857.549414
204.57724,100,40857.549453
256.8047,100,40857.549483
159.11667,100,40857.54951
216.06606,100,40857.549538
230.26712,100,40857.549565
456.13242,100,40857.549592
185.52988,100,40871.131082
246.73051,100,40871.131151
299.36722,100,40871.131163
432.21692,100,40871.131173
175.76863,100,40871.131181
221.04773,100,40871.13119
198.55849,100,40871.131199
475.99454,100,40871.131207
179.10536,100,40894.165575
232.94998,100,40894.16565
180.0769,100,40894.165663
512.00555,100,40894.165673
136.00171,100,40894.165683
256.93408,100,40894.165692
245.59549,100,40894.165701
503.24658,100,40894.165709
249.33676,100,40918.350273
265.1225,100,40918.350344
252.81659,100,40918.350358
522.6357,100,40918.350369
391.333,100,40918.350378
203.12962,100,40918.350388
188.5444,100,40918.350397
423.39398,100,40918.350407
511.73264,100,40932.876156
239.98506,100,40932.876248
491.83514,100,40932.876269
251.21432,100,40932.876285
494.31262,100,40932.8763
261.68134,100,40932.876315
227.51758,100,40932.876329
219.10762,100,40932.876344
317.22528,100,40956.38641
197.2028,100,40956.386481
497.05847,100,40956.386494
219.47943,100,40956.386503
179.5696,100,40956.386512
240.42827,100,40956.386521
364.98422,100,40956.38653
244.42322,100,40956.386539
278.7048,100,40970.358881
233.18803,100,40970.358956
381.6333,100,40970.358969
171.68213,100,40970.358978
316.5379,100,40970.358988
170.4123,100,40970.358997
536.7174,100,40970.359005
188.88449,100,40970.359014
247.1329,100,40993.920764
148.03464,100,40993.920858
486.84247,100,40993.920881
252.83723,100,40993.920898
268.22922,100,40993.920914
220.8254,100,40993.920931
391.54816,100,40993.920947
232.32962,100,40993.920963
259.6963,100,41007.64072
497.7796,100,41007.640818
182.5546,100,41007.640843
215.81784,100,41007.640861
252.83278,100,41007.640878
233.41656,100,41007.640899
327.52292,100,41007.640919
244.76257,100,41007.640936
311.43442,100,41031.465168
238.97163,100,41031.46524
284.04535,100,41031.465253
255.05046,100,41031.465263
222.33455,100,41031.465272
290.41742,100,41031.465281
234.03503,100,41031.46529
255.66336,100,41031.465299
536.3083,100,41045.294367
554.1349,100,41045.294459
329.01236,100,41045.294481
385.2921,100,41045.294498
234.00752,100,41045.294514
237.8133,100,41045.294529
247.53534,100,41045.294545
411.17606,100,41045.294559
220.24396,100,41068.036804
206.92883,100,41068.036893
396.18756,100,41068.036913
496.69626,100,41068.036929
477.27905,100,41068.036944
571.66644,100,41068.036958
222.50447,100,41068.036973
244.4078,100,41068.036987
223.31306,100,41091.478624
492.32928,100,41091.478698
295.61322,100,41091.478711
214.09305,100,41091.478721
222.03647,100,41091.47873
509.51257,100,41091.47874
200.48932,100,41091.478749
253.89796,100,41091.478758
495.3462,100,41104.749563
238.50899,100,41104.749635
179.32208,100,41104.749647
313.27658,100,41104.749656
204.81702,100,41104.749665
204.8845,100,41104.749674
238.40118,100,41104.749683
249.51826,100,41104.749691
518.31726,100,41128.580571
228.97826,100,41128.580645
245.77693,100,41128.580658
244.12808,100,41128.580669
288.78177,100,41128.580678
447.62817,100,41128.580689
176.2329,100,41128.580699
278.1368,100,41128.580708
261.83856,100,41143.011954
219.70741,100,41143.012055
227.79752,100,41143.01208
409.9224,100,41143.012097
365.1036,100,41143.012112
338.36386,100,41143.012127
440.13535,100,41143.012173
253.37311,100,41143.012188
217.8253,100,41166.133518
236.99821,100,41166.133593
283.3625,100,41166.133605
198.85033,100,41166.133615
495.3829,100,41166.133623
159.03314,100,41166.133632
277.87067,100,41166.13364
253.00719,100,41166.133648
388.21234,100,41180.562894
250.16637,100,41180.562964
292.87842,100,41180.562976
452.41052,100,41180.562985
282.872,100,41180.562994
306.44244,100,41180.563003
524.62915,100,41180.563011
230.46428,100,41180.56302
229.27866,100,41204.197666
204.60863,100,41204.197738
403.92987,100,41204.197751
231.80339,100,41204.197761
276.66928,100,41204.19777
327.5862,100,41204.197779
213.47292,100,41204.197787
225.98065,100,41204.197796
355.3341,100,41227.286572
231.23723,100,41227.286642
205.39526,100,41227.286655
201.3648,100,41227.286664
261.528,100,41227.286673
244.66557,100,41227.286682
202.58444,100,41227.286691
224.47977,100,41227.286699
214.33124,100,41241.106488
292.66687,100,41241.106561
453.28516,100,41241.106574
261.4396,100,41241.106583
204.60086,100,41241.106592
239.7901,100,41241.106601
167.60191,100,41241.10661
373.577,100,41241.106618
235.91016,100,41264.22597
269.63696,100,41264.226051
547.7235,100,41264.22607
553.28394,100,41264.226083
261.17822,100,41264.226094
176.54654,100,41264.226105
565.3655,100,41264.226116
499.9661,100,41264.226127
134.24104,100,41277.547597
189.08307,100,41277.547664
273.38876,100,41277.547676
579.99457,100,41277.547685
249.50482,100,41277.547694
278.02853,100,41277.547703
238.53754,100,41277.547711
591.30237,100,41277.547719
200.57166,100,41301.346784
198.2205,100,41301.346857
422.794,100,41301.346869
286.77002,100,41301.346879
378.1628,100,41301.346888
335.70813,100,41301.346897
206.38217,100,41301.346905
133.6874,100,41301.346914
158.38965,100,41315.586739
332.5451,100,41315.586828
249.38255,100,41315.586848
225.85469,100,41315.586865
305.1319,100,41315.58688
291.31473,100,41315.586895
251.57034,100,41315.58691
511.41965,100,41315.586924
282.00345,100,41339.310858
540.07385,100,41339.310933
335.7755,100,41339.310947
551.99976,100,41339.310957
252.76678,100,41339.310966
554.82886,100,41339.310976
253.24043,100,41339.310985
542.1691,100,41339.310994
218.50558,100,41352.84775
214.45895,100,41352.847831
233.79524,100,41352.847845
307.36447,100,41352.847856
607.70123,100,41352.847866
219.91624,100,41352.847876
484.4112,100,41352.847885
278.52744,100,41352.847894
295.2302,100,41376.529947
450.96704,100,41376.530017
223.85608,100,41376.530036
289.38815,100,41376.530048
304.63937,100,41376.530056
397.207,100,41376.530065
467.01184,100,41376.530074
339.2276,100,41376.530082
581.35626,100,41399.931272
184.34824,100,41399.931347
218.49294,100,41399.93136
330.73547,100,41399.93137
534.433,100,41399.931379
244.77333,100,41399.931388
358.68976,100,41399.931397
362.7715,100,41399.931406
492.4458,100,41414.317784
279.11136,100,41414.317868
494.86667,100,41414.317889
352.48175,100,41414.317905
543.99066,100,41414.31792
491.1384,100,41414.317935
272.2373,100,41414.31795
263.68597,100,41414.317965
292.51178,100,41438.115159
256.9589,100,41438.11523
312.8547,100,41438.115242
255.98679,100,41438.115251
412.97006,100,41438.115259
248.78947,100,41438.115268
446.75577,100,41438.115276
277.4952,100,41438.115284
223.56297,100,41451.848961
227.38998,100,41451.849047
248.3865,100,41451.849063
209.21785,100,41451.849072
463.1233,100,41451.849081
493.70444,100,41451.849089
465.0026,100,41451.849098
508.71365,100,41451.849106
225.42966,100,41475.991107
307.43823,100,41475.991203
248.23978,100,41475.991227
253.29497,100,41475.991243
234.10902,100,41475.991258
261.6836,100,41475.991273
254.72224,100,41475.991288
237.21483,100,41475.991303
422.28888,100,41490.470913
256.91458,100,41490.470984
242.86284,100,41490.470996
248.02925,100,41490.471005
158.83331,100,41490.471014
262.30377,100,41490.471023
223.95117,100,41490.471046
205.5036,100,41490.471055
602.2414,100,41513.991313
429.09128,100,41513.991393
208.21538,100,41513.991423
222.95082,100,41513.991436
241.68279,100,41513.991446
203.11255,100,41513.991457
269.07504,100,41513.991468
214.42174,100,41513.991478
380.7695,100,41537.431055
210.2623,100,41537.431134
235.32787,100,41537.431148
253.58412,100,41537.431157
552.9998,100,41537.431167
157.70154,100,41537.431176
122.2733,100,41537.431184
248.23123,100,41537.431193
466.09525,100,41551.29039
527.07263,100,41551.290463
303.32758,100,41551.290476
193.55977,100,41551.290485
218.53102,100,41551.290495
350.49066,100,41551.290504
212.96165,100,41551.290513
235.25941,100,41551.290522
543.32367,100,41574.837716
264.13995,100,41574.83779
478.28055,100,41574.837803
179.06155,100,41574.837813
491.22726,100,41574.837822
314.96967,100,41574.837831
246.9843,100,41574.83784
425.86707,100,41574.837849
254.57841,100,41588.087687
274.3694,100,41588.08776
277.9089,100,41588.087773
220.93086,100,41588.087782
269.38156,100,41588.087791
215.24539,100,41588.0878
206.3306,100,41588.087808
195.656,100,41588.087817
573.8843,100,41611.912341
242.19688,100,41611.912433
320.0384,100,41611.912454
242.89204,100,41611.91247
323.93225,100,41611.912485
231.20757,100,41611.9125
536.8411,100,41611.912515
153.52191,100,41611.91253
317.94073,100,41625.733351
216.84119,100,41625.733439
222.43571,100,41625.73346
297.72745,100,41625.733477
489.7879,100,41625.733492
263.38303,100,41625.733507
294.58533,100,41625.733521
583.06726,100,41625.733536
495.54584,100,41649.086341
291.43713,100,41649.086415
583.8246,100,41649.086429
222.27321,100,41649.086438
241.15947,100,41649.086447
235.72151,100,41649.086456
221.641,100,41649.086465
231.21323,100,41649.086474
331.87543,100,41662.496427
253.92029,100,41662.496523
358.21582,100,41662.496544
237.63104,100,41662.49656
529.24866,100,41662.496575
481.40247,100,41662.49659
426.2235,100,41662.496604
256.0125,100,41662.496619
393.81473,100,41686.743664
312.24173,100,41686.743755
438.17264,100,41686.743778
358.89188,100,41686.743796
200.0168,100,41686.743812
256.12665,100,41686.743829
186.94623,100,41686.743845
249.38506,100,41686.743861
473.5716,100,41709.800916
262.93726,100,41709.800989
337.20932,100,41709.801002
206.77272,100,41709.801011
492.15118,100,41709.801021
175.24281,100,41709.801035
522.541,100,41709.801048
233.35318,100,41709.801058
311.1959,100,41723.17184
279.8485,100,41723.171911
270.5182,100,41723.171923
242.83882,100,41723.171932
223.44594,100,41723.171941
413.827,100,41723.17195
250.7679,100,41723.171958
237.69861,100,41723.171967
246.50682,100,41746.293201
207.44298,100,41746.293305
286.16772,100,41746.293334
237.64508,100,41746.293357
270.0021,100,41746.293377
260.49435,100,41746.293399
282.12296,100,41746.293419
376.33533,100,41746.293439
233.62962,100,41760.418935
225.45035,100,41760.419011
223.51274,100,41760.419024
460.7497,100,41760.419044
254.05164,100,41760.419054
249.46275,100,41760.419063
457.81305,100,41760.419072
318.88626,100,41760.41908
232.04948,100,41784.862017
220.80205,100,41784.862117
191.18126,100,41784.862138
533.5084,100,41784.862154
227.71779,100,41784.862169
422.176,100,41784.862185
438.45587,100,41784.862199
182.91728,100,41784.862214
510.2211,100,41798.76512
131.84006,100,41798.765215
158.04243,100,41798.76524
488.30334,100,41798.765258
556.402,100,41798.765275
393.0888,100,41798.765291
279.3902,100,41798.765308
282.0408,100,41798.765325
227.98239,100,41822.777845
188.04234,100,41822.777929
495.097,100,41822.777945
252.22809,100,41822.777956
153.17741,100,41822.777967
197.84094,100,41822.777979
368.52127,100,41822.77799
215.17271,100,41822.778001
227.9317,100,41846.174477
160.67482,100,41846.174546
201.59079,100,41846.174559
246.01678,100,41846.174569
233.19565,100,41846.174577
198.43546,100,41846.174586
187.36478,100,41846.174595
259.31235,100,41846.174603
374.1681,100,41860.530872
146.55115,100,41860.530946
554.07965,100,41860.530959
244.4154,100,41860.530969
221.9686,100,41860.530978
187.24591,100,41860.530986
308.4211,100,41860.530995
549.1843,100,41860.531016
223.83978,100,41883.693698
383.64526,100,41883.69377
593.79297,100,41883.693783
235.91608,100,41883.693793
196.5698,100,41883.693802
153.82536,100,41883.693811
319.49118,100,41883.69382
249.07343,100,41883.693829
192.29211,100,41897.187393
249.6022,100,41897.187466
310.4999,100,41897.187479
252.57315,100,41897.187489
443.50122,100,41897.187498
230.49911,100,41897.187508
242.85056,100,41897.187516
467.48846,100,41897.187525
273.48224,100,41920.090121
255.69458,100,41920.090192
178.13861,100,41920.090205
303.95718,100,41920.090214
223.0977,100,41920.090223
254.54436,100,41920.090232
521.9315,100,41920.09024
251.37558,100,41920.090249
215.04736,100,41933.424272
247.16885,100,41933.42436
235.34761,100,41933.42438
311.22018,100,41933.424396
209.50371,100,41933.424411
247.16415,100,41933.424425
243.74634,100,41933.42444
214.9659,100,41933.424454
421.9648,100,41956.919055
248.989,100,41956.91913
255.04962,100,41956.919143
200.20526,100,41956.919153
228.42522,100,41956.919162
249.07686,100,41956.919171
185.91563,100,41956.91918
548.50037,100,41956.919189
217.00075,100,41970.646501
215.88773,100,41970.646574
233.11871,100,41970.646587
496.41464,100,41970.646597
424.89975,100,41970.646606
300.42346,100,41970.646615
520.9404,100,41970.646624
274.24063,100,41970.646633
319.9567,100,41994.289867
488.64056,100,41994.289944
239.23659,100,41994.289956
533.506,100,41994.289964
248.3219,100,41994.289973
349.48752,100,41994.289981
543.5637,100,41994.289989
238.62474,100,41994.289997
209.36284,100,42018.212939
376.945,100,42018.213016
362.31784,100,42018.213037
173.21294,100,42018.213049
242.76614,100,42018.213058
330.93567,100,42018.213068
544.1425,100,42018.213076
242.05847,100,42018.213085
273.9576,100,42031.502478
348.68826,100,42031.502552
505.64514,100,42031.502565
284.67285,100,42031.502574
217.12589,100,42031.502583
219.97069,100,42031.502592
195.88606,100,42031.502601
233.0512,100,42031.50261
357.25998,100,42055.250823
251.69276,100,42055.250897
230.1934,100,42055.250911
549.1017,100,42055.25092
341.8495,100,42055.250929
338.28964,100,42055.250939
430.7258,100,42055.250947
229.28629,100,42055.250956
586.37305,100,42068.863734
333.34012,100,42068.863811
251.8735,100,42068.863824
305.14667,100,42068.863834
204.00444,100,42068.863842
289.60886,100,42068.863851
246.11455,100,42068.86386
319.9172,100,42068.863869
259.15988,100,42091.856396
252.06071,100,42091.856467
255.7481,100,42091.85648
603.2284,100,42091.85649
268.80255,100,42091.856499
531.57196,100,42091.856508
231.87018,100,42091.856517
240.51418,100,42091.856525
266.10428,100,42106.165976
225.23306,100,42106.166058
226.56369,100,42106.166073
261.59576,100,42106.166083
253.37671,100,42106.166091
257.0055,100,42106.166101
245.15363,100,42106.166109
207.81848,100,42106.166118
200.57079,100,42129.907327
259.95673,100,42129.907403
328.08264,100,42129.907416
270.0631,100,42129.907426
342.38568,100,42129.907435
233.98122,100,42129.907444
266.16663,100,42129.907452
391.35968,100,42129.907461
219.71675,100,42153.857052
526.2803,100,42153.857124
221.7864,100,42153.857136
277.69092,100,42153.857146
466.54044,100,42153.857154
306.98032,100,42153.857162
304.69623,100,42153.857171
528.41656,100,42153.857179
336.5734,100,42167.876037
374.32684,100,42167.876115
243.4939,100,42167.876129
256.29205,100,42167.876139
237.47375,100,42167.876149
525.42316,100,42167.87616
218.6389,100,42167.87617
244.71397,100,42167.876179
270.00018,100,42191.69168
243.97293,100,42191.691763
219.53313,100,42191.69178
357.87933,100,42191.691794
588.9331,100,42191.691807
521.492,100,42191.691819
255.00108,100,42191.691832
531.8634,100,42191.691844
227.48874,100,42205.57651
253.61957,100,42205.576583
479.04785,100,42205.576596
244.45375,100,42205.576605
290.99234,100,42205.576614
488.5067,100,42205.576623
220.10434,100,42205.576632
465.98178,100,42205.57664
286.42868,100,42228.957483
447.41333,100,42228.957555
231.67802,100,42228.957568
204.7584,100,42228.957608
395.66907,100,42228.957618
469.03345,100,42228.957627
197.40659,100,42228.957636
480.6738,100,42228.957645
233.48499,100,42243.431697
287.94275,100,42243.431767
243.23715,100,42243.431779
209.58667,100,42243.431788
217.72626,100,42243.431797
188.44746,100,42243.431805
502.53204,100,42243.431814
257.54025,100,42243.431823
431.76447,100,42267.378897
227.68416,100,42267.378976
354.08908,100,42267.378989
318.03763,100,42267.378999
578.3605,100,42267.379008
624.2615,100,42267.379017
176.73915,100,42267.379026
226.39186,100,42267.379046
258.05276,100,42281.860384
178.17725,100,42281.860461
516.2197,100,42281.860473
299.19864,100,42281.860482
270.10345,100,42281.860491
548.31696,100,42281.8605
449.88254,100,42281.860509
483.5182,100,42281.860517
325.5589,100,42304.182142
256.7821,100,42304.182217
217.06137,100,42304.18223
231.64856,100,42304.18224
169.49814,100,42304.18225
206.54268,100,42304.18226
243.07388,100,42304.182269
224.20877,100,42304.182279
218.2344,100,42327.669045
381.5818,100,42327.669135
529.48566,100,42327.669158
216.34299,100,42327.669175
256.27853,100,42327.669192
240.08058,100,42327.669208
444.7465,100,42327.669224
462.00012,100,42327.66924
197.33888,100,42341.901109
453.47632,100,42341.901201
218.32097,100,42341.901224
269.9553,100,42341.901242
244.02715,100,42341.901259
435.90973,100,42341.901276
550.99023,100,42341.901292
205.00797,100,42341.901308
199.04675,100,42365.313255
240.30609,100,42365.313327
353.94867,100,42365.31334
226.57408,100,42365.31335
534.0408,100,42365.313359
255.78186,100,42365.313368
468.5432,100,42365.313377
263.0638,100,42365.313385
333.68393,100,42378.310423
489.47327,100,42378.310517
423.2362,100,42378.310541
255.28337,100,42378.310558
230.60785,100,42378.310574
211.73918,100,42378.310589
197.31075,100,42378.310605
277.4684,100,42378.31062
240.26508,100,42402.82812
468.26956,100,42402.828191
351.06702,100,42402.828204
212.15762,100,42402.828213
374.30734,100,42402.828222
322.07404,100,42402.828231
237.49936,100,42402.82824
211.8856,100,42402.828248
312.89166,100,42416.815324
230.81354,100,42416.815397
254.11063,100,42416.815411
193.84413,100,42416.815421
484.1558,100,42416.81543
216.31168,100,42416.815439
174.66104,100,42416.815448
455.79132,100,42416.815458
428.65515,100,42439.978169
502.0317,100,42439.978252
461.31207,100,42439.978273
267.61392,100,42439.978289
327.48557,100,42439.978304
244.8464,100,42439.978318
254.13579,100,42439.978333
173.50104,100,42439.978348
555.9509,100,42463.676689
186.47292,100,42463.676764
432.20306,100,42463.676777
356.15512,100,42463.676787
211.91335,100,42463.676797
239.76947,100,42463.676806
585.2655,100,42463.676815
512.15924,100,42463.676825
267.8962,100,42477.508066
265.8395,100,42477.50814
309.82037,100,42477.508152
321.70215,100,42477.508162
354.68787,100,42477.50817
230.11855,100,42477.508179
543.10205,100,42477.508188
214.17264,100,42477.508197
488.51385,100,42501.411949
200.0573,100,42501.412021
223.2593,100,42501.412045
391.3571,100,42501.412055
238.29837,100,42501.412064
208.90991,100,42501.412073
251.59427,100,42501.412081
517.5287,100,42501.412089
468.35034,100,42514.781607
403.94415,100,42514.781693
523.5,100,42514.781712
238.05411,100,42514.781726
498.04504,100,42514.78174
248.70448,100,42514.781754
245.09772,100,42514.781767
275.73096,100,42514.78178
321.1545,100,42538.363126
276.02078,100,42538.363204
400.59155,100,42538.363218
260.29257,100,42538.363227
385.47733,100,42538.363236
241.3813,100,42538.363245
236.84604,100,42538.363254
343.0497,100,42538.363263
220.83273,100,42551.425703
248.55508,100,42551.425781
277.4856,100,42551.425795
357.63736,100,42551.425805
242.71916,100,42551.425813
254.51077,100,42551.425822
156.67934,100,42551.425831
248.45076,100,42551.42584
222.66403,100,42574.830578
203.56067,100,42574.830653
437.22913,100,42574.830666
261.75732,100,42574.830676
495.92847,100,42574.830686
242.98097,100,42574.830695
232.12796,100,42574.830704
147.82094,100,42574.830714
591.5954,100,42590.428039
431.33725,100,42590.428108
231.28447,100,42590.42812
570.4408,100,42590.428129
503.61774,100,42590.428138
282.033,100,42590.428146
378.67734,100,42590.428154
193.60014,100,42590.428163
206.95995,100,42614.269517
260.23618,100,42614.269614
299.85,100,42614.269634
539.12854,100,42614.269651
482.05057,100,42614.269666
292.38177,100,42614.269683
545.11,100,42614.269698
518.45593,100,42614.269712
363.8039,100,42638.230627
274.69315,100,42638.230697
199.47414,100,42638.23071
261.3984,100,42638.230719
219.6945,100,42638.230728
208.55525,100,42638.230737
223.34863,100,42638.230745
427.00748,100,42638.230753
247.28755,100,42652.418699
211.04709,100,42652.41877
503.0206,100,42652.418782
305.98456,100,42652.418791
503.0017,100,42652.4188
259.71982,100,42652.418808
262.05643,100,42652.418817
552.1028,100,42652.418825
344.20325,100,42676.145473
504.09006,100,42676.14556
458.59387,100,42676.145581
316.99313,100,42676.145597
202.28427,100,42676.145612
280.88943,100,42676.145626
300.05634,100,42676.145641
269.814,100,42676.145655
425.4599,100,42690.490027
237.95973,100,42690.490128
423.54327,100,42690.490148
279.3099,100,42690.490165
232.52382,100,42690.49018
282.66492,100,42690.490196
440.54984,100,42690.490211
253.37791,100,42690.490226
226.94104,100,42713.817787
339.6487,100,42713.817873
262.2815,100,42713.817893
341.522,100,42713.817909
422.0983,100,42713.817923
580.6699,100,42713.817937
255.75468,100,42713.81795
149.27895,100,42713.817965
200.50005,100,42727.601441
259.06012,100,42727.601512
233.09856,100,42727.601525
556.24634,100,42727.601534
502.07068,100,42727.601543
203.7969,100,42727.601552
245.73883,100,42727.601561
191.6478,100,42727.60157
188.33372,100,42752.059641
372.29407,100,42752.059719
439.6242,100,42752.059731
262.79672,100,42752.059741
241.99011,100,42752.05975
305.09396,100,42752.059759
193.80586,100,42752.059767
507.2392,100,42752.059775
225.86737,100,42776.573719
273.51248,100,42776.573788
219.54881,100,42776.573801
289.22842,100,42776.57381
427.80453,100,42776.573818
233.27577,100,42776.573827
533.32874,100,42776.573835
486.88486,100,42776.573843
529.0205,100,42789.572128
249.4851,100,42789.572199
203.48422,100,42789.572211
199.69458,100,42789.57222
219.97548,100,42789.572229
525.93555,100,42789.572237
513.3885,100,42789.572245
268.06046,100,42789.572254
580.6101,100,42813.042942
564.2281,100,42813.043016
240.8288,100,42813.043036
337.5909,100,42813.043049
518.1275,100,42813.043058
192.0523,100,42813.043067
403.35135,100,42813.043075
492.2278,100,42813.043083
282.5132,100,42826.295099
365.50302,100,42826.295179
209.08566,100,42826.295192
331.98627,100,42826.295201
366.08557,100,42826.295209
238.0817,100,42826.295218
227.33325,100,42826.295227
504.3598,100,42826.295235
218.47705,100,42849.091038
200.69923,100,42849.091116
224.88504,100,42849.091128
499.82196,100,42849.091138
524.3568,100,42849.091147
166.68362,100,42849.091156
510.74557,100,42849.091164
281.3943,100,42849.091172
261.87378,100,42863.083365
288.94644,100,42863.083439
322.24545,100,42863.083452
244.38345,100,42863.083463
430.08154,100,42863.083472
289.73083,100,42863.083482
240.7212,100,42863.083492
244.79356,100,42863.0835
218.99228,100,42886.763682
178.28468,100,42886.763756
270.91562,100,42886.763768
510.5708,100,42886.763778
236.93878,100,42886.763787
231.61777,100,42886.763796
257.6175,100,42886.763804
562.09064,100,42886.763813
246.91309,100,42900.97966
248.72272,100,42900.979728
197.97835,100,42900.979741
372.4002,100,42900.97975
261.10913,100,42900.979759
243.81288,100,42900.979768
410.69403,100,42900.979777
255.15984,100,42900.979786
232.09595,100,42923.979402
157.00795,100,42923.979473
238.76663,100,42923.979485
172.54169,100,42923.979494
210.23753,100,42923.979503
211.0505,100,42923.979511
240.83255,100,42923.97952
514.17395,100,42923.979529
247.15694,100,42946.86534
205.74564,100,42946.865418
269.96094,100,42946.865431
274.41312,100,42946.86544
250.6329,100,42946.865456
235.32529,100,42946.865466
548.5684,100,42946.865474
164.70822,100,42946.865483
391.72217,100,42960.773479
160.03561,100,42960.773553
164.90926,100,42960.773565
261.13147,100,42960.773575
216.94476,100,42960.773583
227.06131,100,42960.773592
223.38945,100,42960.7736
420.80075,100,42960.773609
329.85843,100,42983.867532
240.92854,100,42983.867626
253.6215,100,42983.86765
245.98381,100,42983.867669
239.81755,100,42983.867687
238.38177,100,42983.867704
428.751,100,42983.867721
247.77489,100,42983.867737
207.30219,100,42998.082913
237.85165,100,42998.082985
361.22,100,42998.082998
213.24942,100,42998.083008
244.07043,100,42998.083017
555.8269,100,42998.083026
146.97339,100,42998.083045
258.98346,100,42998.083054
476.45718,100,43021.12408
202.40636,100,43021.124151
161.25444,100,43021.124164
357.04895,100,43021.124173
264.6421,100,43021.124182
352.08148,100,43021.124191
298.0885,100,43021.124199
235.31982,100,43021.124208
284.1245,100,43034.788541
196.34239,100,43034.788612
216.0442,100,43034.788625
182.07674,100,43034.788634
557.07367,100,43034.788643
266.90842,100,43034.788652
210.25069,100,43034.788661
238.75124,100,43034.788669
254.59207,100,43058.385986
250.26308,100,43058.386092
365.8564,100,43058.386105
244.30849,100,43058.386115
367.2185,100,43058.386124
368.89807,100,43058.386132
263.73843,100,43058.386141
229.338,100,43058.386149
365.52524,100,43082.04163
201.21463,100,43082.04171
240.46107,100,43082.041723
259.91803,100,43082.041733
256.38242,100,43082.041741
268.1281,100,43082.04175
359.30698,100,43082.041759
235.25406,100,43082.041768
247.04256,100,43094.872542
425.4784,100,43094.872618
259.2613,100,43094.872631
193.74359,100,43094.87264
121.679054,100,43094.872649
228.90355,100,43094.872658
178.75598,100,43094.872667
252.06985,100,43094.872676
216.48923,100,43117.465236
243.7374,100,43117.465311
439.19952,100,43117.465324
453.18698,100,43117.465334
232.96523,100,43117.465343
235.31969,100,43117.465352
214.67732,100,43117.465362
235.05688,100,43117.465371
254.05539,100,43131.308332
253.4371,100,43131.308412
579.9002,100,43131.308424
563.16583,100,43131.308433
479.4104,100,43131.308442
260.38477,100,43131.308451
520.87634,100,43131.308459
218.43607,100,43131.308468
245.79114,100,43154.435019
169.50851,100,43154.435102
213.79472,100,43154.435114
427.41882,100,43154.435123
248.05814,100,43154.435132
567.2268,100,43154.43514
252.36478,100,43154.435149
229.57816,100,43154.435157
273.3917,100,43168.344592
277.9989,100,43168.344664
491.8775,100,43168.344676
225.5119,100,43168.344686
536.4379,100,43168.344694
365.1617,100,43168.344702
245.13808,100,43168.344711
280.14133,100,43168.344719
273.5217,100,43191.16278
452.93982,100,43191.162851
217.88438,100,43191.162864
264.80698,100,43191.162873
171.01247,100,43191.162882
183.91646,100,43191.162891
516.6172,100,43191.162899
271.31073,100,43191.162908
240.79442,100,43204.74505
346.57755,100,43204.745124
169.2919,100,43204.745136
240.33826,100,43204.745145
236.49103,100,43204.745155
432.15338,100,43204.745163
266.64233,100,43204.745172
494.59723,100,43204.74518
227.0568,100,43228.108369
187.80186,100,43228.108442
249.86256,100,43228.108455
268.37125,100,43228.108464
219.67967,100,43228.108473
569.3447,100,43228.108482
267.2401,100,43228.108491
494.2852,100,43228.1085
245.39886,100,43251.829764
326.3932,100,43251.829837
238.96298,100,43251.829849
269.52798,100,43251.829859
341.2548,100,43251.829868
515.7754,100,43251.829877
549.67194,100,43251.829886
262.067,100,43251.829894
257.5917,100,43265.565134
253.79678,100,43265.565215
216.9943,100,43265.565232
243.92953,100,43265.565245
256.6435,100,43265.565257
258.87415,100,43265.565268
264.01273,100,43265.56528
567.31006,100,43265.565292
405.1749,100,43288.210765
387.6997,100,43288.210854
159.39357,100,43288.210876
536.9938,100,43288.210892
232.88704,100,43288.210907
407.81464,100,43288.210922
306.04123,100,43288.210937
242.92485,100,43288.210952
481.46838,100,43301.648087
300.67535,100,43301.64821
227.04419,100,43301.648234
258.78546,100,43301.648251
253.44221,100,43301.648268
439.35144,100,43301.648284
504.8115,100,43301.6483
269.96872,100,43301.648316
226.72229,100,43325.324332
293.951,100,43325.324421
247.34114,100,43325.324441
433.04065,100,43325.324456
276.2154,100,43325.324471
483.11472,100,43325.324486
225.88467,100,43325.3245
216.34033,100,43325.324514
217.43436,100,43339.263381
292.2093,100,43339.263471
219.77324,100,43339.263494
346.96622,100,43339.263512
167.67883,100,43339.263529
235.57939,100,43339.263545
236.57181,100,43339.263561
230.56476,100,43339.263577
236.36523,100,43362.679753
251.5029,100,43362.679845
262.85675,100,43362.679868
315.92868,100,43362.679884
494.34412,100,43362.679901
573.69104,100,43362.679916
235.34473,100,43362.679933
276.91412,100,43362.679948
262.98923,100,43386.45628
358.04623,100,43386.456349
211.89833,100,43386.456362
210.71303,100,43386.456371
500.1598,100,43386.45638
503.34824,100,43386.456389
228.77324,100,43386.456398
223.08908,100,43386.456406
177.25665,100,43400.780912
252.6609,100,43400.780991
459.1009,100,43400.781007
317.3313,100,43400.781016
502.73917,100,43400.781025
272.11,100,43400.781043
333.4294,100,43400.781052
227.70157,100,43400.781061
247.62254,100,43423.965758
459.026,100,43423.965835
478.43924,100,43423.965847
211.42735,100,43423.965857
420.8656,100,43423.965866
247.59808,100,43423.965874
345.46622,100,43423.965883
229.61928,100,43423.965892
262.08142,100,43436.806524
219.41953,100,43436.806611
241.58424,100,43436.806633
268.5697,100,43436.806648
266.28406,100,43436.806663
537.5211,100,43436.806677
245.50142,100,43436.806692
274.76685,100,43436.806706
355.9693,100,43459.793283
180.79877,100,43459.793354
215.41165,100,43459.793366
450.2575,100,43459.793375
228.7444,100,43459.793384
240.01834,100,43459.793393
257.82245,100,43459.793401
196.40154,100,43459.79341
248.04707,100,43474.590489
303.42645,100,43474.590561
372.52454,100,43474.590573
251.37439,100,43474.590581
218.43837,100,43474.59059
258.2849,100,43474.590598
216.33763,100,43474.590607
307.35785,100,43474.590615
236.84044,100,43497.449883
247.05644,100,43497.449992
246.241,100,43497.450021
244.38487,100,43497.450066
493.11145,100,43497.450092
234.2905,100,43497.450116
543.3043,100,43497.450139
265.06277,100,43497.450162
226.23318,100,43511.255632
483.38733,100,43511.255724
255.61548,100,43511.255746
222.47879,100,43511.255763
151.61368,100,43511.255779
236.27348,100,43511.255795
143.56317,100,43511.255811
531.8779,100,43511.255827
269.68018,100,43533.621923
155.24763,100,43533.622015
213.71979,100,43533.622051
474.73282,100,43533.622069
266.6148,100,43533.622086
437.73434,100,43533.622102
258.10345,100,43533.622119
158.8615,100,43533.622136
249.5878,100,43556.913755
459.5327,100,43556.913851
185.78378,100,43556.913874
456.5786,100,43556.913891
233.60239,100,43556.913908
206.04688,100,43556.913924
189.8804,100,43556.913941
304.96393,100,43556.913957
256.37134,100,43570.22087
444.98288,100,43570.220942
218.6807,100,43570.220954
246.76402,100,43570.220963
223.75891,100,43570.220973
556.3523,100,43570.220981
243.01889,100,43570.22099
240.51314,100,43570.220998
221.61307,100,43593.350737
478.57614,100,43593.350824
285.58316,100,43593.350844
527.16223,100,43593.350859
199.05511,100,43593.350873
273.16354,100,43593.350888
238.67078,100,43593.350902
564.3075,100,43593.350915
236.01381,100,43607.254808
226.47673,100,43607.25488
266.65363,100,43607.254892
335.8268,100,43607.254901
231.69016,100,43607.254909
256.98907,100,43607.254917
231.74344,100,43607.254925
290.1227,100,43607.254933
242.42737,100,43630.647969
202.88521,100,43630.64809
320.1331,100,43630.648124
255.8035,100,43630.648151
161.95131,100,43630.648175
446.62323,100,43630.648197
158.36897,100,43630.648219
433.29565,100,43630.648241
227.45946,100,43644.25731
266.3443,100,43644.257384
253.75406,100,43644.257397
196.00777,100,43644.257406
207.499,100,43644.257415
256.59235,100,43644.257437
349.02426,100,43644.257446
239.99704,100,43644.257455
236.78734,100,43668.494758
434.4679,100,43668.49483
222.338,100,43668.494842
210.74612,100,43668.494851
266.98657,100,43668.49486
318.12762,100,43668.494869
170.09537,100,43668.494877
223.31369,100,43668.494886
255.95708,100,43691.053376
252.37312,100,43691.05345
230.93727,100,43691.053463
362.5648,100,43691.053472
537.59143,100,43691.053481
545.0338,100,43691.05349
204.85693,100,43691.053498
248.81474,100,43691.053507
196.52663,100,43704.520407
518.5738,100,43704.520501
287.15408,100,43704.520524
465.88358,100,43704.520542
239.03703,100,43704.520559
226.68845,100,43704.520575
231.82811,100,43704.520591
211.8846,100,43704.520607
300.78992,100,43727.753837
551.0503,100,43727.75391
263.68536,100,43727.753922
255.08292,100,43727.753932
307.30463,100,43727.753941
243.56303,100,43727.753949
264.08902,100,43727.753958
266.3273,100,43727.753966
426.6445,100,43740.121319
208.80788,100,43740.121393
442.61478,100,43740.121405
254.45364,100,43740.121415
448.80292,100,43740.121423
528.3798,100,43740.121432
243.96713,100,43740.12144
138.50739,100,43740.121449
323.4353,100,43763.119316
193.40247,100,43763.119407
516.3705,100,43763.119429
248.16248,100,43763.119447
245.0649,100,43763.119463
499.9782,100,43763.119479
298.83926,100,43763.119495
217.95717,100,43763.11951
225.1086,100,43776.144489
401.22156,100,43776.144582
218.77386,100,43776.144604
213.54987,100,43776.144621
250.07358,100,43776.144637
550.0332,100,43776.144654
240.90732,100,43776.144669
220.3864,100,43776.144685
264.01102,100,43799.241394
224.83965,100,43799.241487
265.57404,100,43799.241509
235.84065,100,43799.241526
199.11159,100,43799.241543
151.06566,100,43799.241559
270.05267,100,43799.241575
227.41733,100,43799.241592
239.08322,100,43813.260224
337.48267,100,43813.260316
249.77838,100,43813.260339
494.82224,100,43813.260356
278.85724,100,43813.260372
218.53069,100,43813.260388
217.3065,100,43813.260404
240.14317,100,43813.26042
253.59479,100,43836.070385
226.3298,100,43836.070477
215.09242,100,43836.0705
579.8285,100,43836.070518
198.78403,100,43836.070534
466.89862,100,43836.07055
165.4488,100,43836.070566
364.10736,100,43836.070582
266.88846,100,43858.820675
392.23593,100,43858.820751
535.77155,100,43858.820764
234.97652,100,43858.820774
215.28236,100,43858.820784
296.8019,100,43858.820794
233.67111,100,43858.820803
200.7444,100,43858.820812
246.80804,100,43872.320291
168.84746,100,43872.320379
211.68158,100,43872.320403
447.04257,100,43872.32042
245.75737,100,43872.320436
437.77222,100,43872.320452
230.33417,100,43872.320468
224.04189,100,43872.320484
271.45486,100,43895.162302
214.63062,100,43895.162374
311.77667,100,43895.162386
238.31967,100,43895.162395
527.78986,100,43895.162403
221.73169,100,43895.162412
238.45697,100,43895.16242
246.34953,100,43895.162428
447.18127,100,43908.885978
238.7234,100,43908.886058
229.80031,100,43908.886071
167.23578,100,43908.886081
230.82642,100,43908.886089
214.42339,100,43908.886097
339.66858,100,43908.886106
230.127,100,43908.886114
496.79578,100,43932.739244
277.29355,100,43932.739314
243.96515,100,43932.739326
243.0544,100,43932.739335
274.86264,100,43932.739344
349.2716,100,43932.739352
169.20113,100,43932.73936
369.20258,100,43932.739368
339.10657,100,43946.059823
172.12296,100,43946.059916
551.848,100,43946.059938
214.21844,100,43946.059956
225.62933,100,43946.059972
230.3524,100,43946.059988
212.0983,100,43946.060004
244.96407,100,43946.06002
355.2577,100,43968.679169
247.77791,100,43968.679243
187.33226,100,43968.679255
255.27539,100,43968.679264
240.09558,100,43968.679272
208.93628,100,43968.679281
529.0436,100,43968.679289
242.33818,100,43968.679297
370.01523,100,43992.106763
248.9151,100,43992.106833
235.88959,100,43992.106845
242.6807,100,43992.106855
240.0117,100,43992.106863
466.67816,100,43992.106872
540.4646,100,43992.10688
237.42947,100,43992.106888
260.19366,100,44005.320458
259.4629,100,44005.32055
190.22542,100,44005.320608
137.02487,100,44005.320626
581.0821,100,44005.320642
250.39261,100,44005.320658
228.04146,100,44005.320673
203.20125,100,44005.320688
573.73816,100,44028.499805
214.13644,100,44028.499878
209.6174,100,44028.49989
208.10225,100,44028.4999
394.93896,100,44028.499909
301.4343,100,44028.499918
364.3825,100,44028.499927
212.17941,100,44028.499935
234.65564,100,44042.096965
191.44273,100,44042.097045
219.94742,100,44042.097059
234.50774,100,44042.097069
200.93329,100,44042.097077
214.35152,100,44042.097085
278.41388,100,44042.097094
191.57661,100,44042.097102
296.0403,100,44065.43723
386.63205,100,44065.4373
246.88803,100,44065.437312
242.95361,100,44065.437321
184.96037,100,44065.43733
229.825,100,44065.437339
303.60266,100,44065.437347
218.10454,100,44065.437355
213.18489,100,44078.696651
201.96094,100,44078.696721
253.48796,100,44078.696733
211.24107,100,44078.696743
375.924,100,44078.696751
305.4127,100,44078.69676
424.5943,100,44078.696769
346.97223,100,44078.696777
238.6321,100,44101.511418
256.97427,100,44101.51151
309.7606,100,44101.511533
152.25943,100,44101.511551
240.01326,100,44101.511568
252.7357,100,44101.511583
238.89775,100,44101.511599
253.07701,100,44101.511614
258.14984,100,44114.736679
216.8011,100,44114.736771
220.80579,100,44114.736793
400.87057,100,44114.73681
215.85512,100,44114.736827
304.70596,100,44114.736843
411.1574,100,44114.736859
519.63074,100,44114.736874
236.05939,100,44137.927825
262.3886,100,44137.927923
260.58542,100,44137.927946
212.18266,100,44137.927963
240.93172,100,44137.92798
230.32248,100,44137.927996
463.67416,100,44137.928012
225.76477,100,44137.928037
199.98962,100,44161.504939
232.65277,100,44161.505042
423.2377,100,44161.505069
182.35304,100,44161.505087
225.85239,100,44161.505104
333.96622,100,44161.50512
448.10504,100,44161.505136
198.72607,100,44161.505152
235.91397,100,44175.161011
214.81836,100,44175.161119
338.8504,100,44175.161141
354.37097,100,44175.161159
555.218,100,44175.161175
240.19992,100,44175.161191
246.18661,100,44175.161207
232.8948,100,44175.161223
345.0954,100,44198.423785
264.43146,100,44198.423876
462.70828,100,44198.423898
247.26582,100,44198.423914
318.11722,100,44198.42393
398.93143,100,44198.423946
238.31783,100,44198.423963
443.98416,100,44198.423979
215.1471,100,44212.397719
228.19534,100,44212.397795
225.22711,100,44212.397807
244.41649,100,44212.397816
324.03632,100,44212.397825
300.0226,100,44212.397833
282.89282,100,44212.397842
271.3392,100,44212.39785
504.37256,100,44236.5841
307.69763,100,44236.584194
288.60947,100,44236.584217
232.52676,100,44236.584234
245.97308,100,44236.584251
239.82626,100,44236.584267
219.53087,100,44236.584283
259.62775,100,44236.584299
247.60132,100,44249.74273
511.98492,100,44249.742801
197.81883,100,44249.742814
227.90701,100,44249.742824
259.5606,100,44249.742833
389.8095,100,44249.742842
254.00926,100,44249.74285
168.5032,100,44249.742859
249.6769,100,44273.820362
263.30038,100,44273.820429
412.84344,100,44273.820441
333.175,100,44273.820451
262.429,100,44273.82046
234.6981,100,44273.820469
390.2868,100,44273.820478
182.77263,100,44273.820487
212.89305,100,44295.881078
230.67073,100,44295.881154
460.27008,100,44295.881167
188.27661,100,44295.881177
209.77444,100,44295.881186
347.0431,100,44295.881196
161.1486,100,44295.881204
361.71698,100,44295.881214
193.50136,100,44308.830675
248.56,100,44308.830766
546.0925,100,44308.830788
265.61368,100,44308.830805
259.24728,100,44308.830821
213.3884,100,44308.830837
307.79404,100,44308.830852
213.63239,100,44308.830868
213.04369,100,44332.305572
340.25662,100,44332.305642
249.55037,100,44332.305655
208.7616,100,44332.305665
243.11005,100,44332.305674
243.13028,100,44332.305682
486.84348,100,44332.305691
229.59167,100,44332.3057
501.6548,100,44347.204939
217.50319,100,44347.205055
260.5031,100,44347.205092
394.14688,100,44347.205116
453.40405,100,44347.205136
457.20108,100,44347.205156
116.36726,100,44347.205203
265.4276,100,44347.205226
303.15723,100,44370.508821
583.6583,100,44370.508894
229.34918,100,44370.508907
452.19095,100,44370.508917
268.62927,100,44370.508926
267.49954,100,44370.508935
240.19029,100,44370.508944
164.52707,100,44370.508953
280.84885,100,44384.629449
271.50058,100,44384.629523
240.46388,100,44384.629536
319.9837,100,44384.629546
270.03244,100,44384.629555
429.69415,100,44384.629564
555.2112,100,44384.629573
245.88643,100,44384.629582
266.2784,100,44406.97912
199.70695,100,44406.979192
243.23094,100,44406.979206
601.0631,100,44406.979216
283.72772,100,44406.979226
238.98952,100,44406.979235
230.3453,100,44406.979245
222.35915,100,44406.979254
474.11414,100,44420.499434
242.34656,100,44420.499509
253.49194,100,44420.499522
247.18808,100,44420.499531
248.03122,100,44420.49954
208.92142,100,44420.499549
230.88332,100,44420.499557
245.83662,100,44420.499566
223.55278,100,44443.536564
240.6216,100,44443.53664
170.41243,100,44443.536653
370.17032,100,44443.536663
291.72025,100,44443.536672
219.18362,100,44443.536682
234.94678,100,44443.536691
333.0983,100,44443.536699
501.59305,100,44467.036597
241.38014,100,44467.036672
257.83374,100,44467.036685
234.1815,100,44467.036695
175.83853,100,44467.036704
530.36346,100,44467.036713
248.33286,100,44467.036722
520.91156,100,44467.03673
498.31534,100,44481.323053
178.54897,100,44481.323127
361.67456,100,44481.323139
243.09619,100,44481.323148
331.93756,100,44481.323157
549.4254,100,44481.323166
246.22195,100,44481.323175
420.99225,100,44481.323183
460.83722,100,44504.119313
394.57904,100,44504.119385
211.59885,100,44504.119398
189.77626,100,44504.119407
211.91289,100,44504.119416
533.33075,100,44504.119425
197.49008,100,44504.119433
246.36957,100,44504.119442
224.07243,100,44517.828183
209.35217,100,44517.828258
482.42175,100,44517.828272
439.8699,100,44517.828281
212.17647,100,44517.82829
254.72284,100,44517.8283
259.84558,100,44517.828309
496.28302,100,44517.828318
257.59146,100,44540.83254
553.4296,100,44540.832615
383.95807,100,44540.832628
239.91597,100,44540.832638
241.31883,100,44540.832647
189.6706,100,44540.832656
251.72168,100,44540.832664
203.97264,100,44540.832673
219.08405,100,44554.727896
231.14078,100,44554.727987
319.72992,100,44554.728008
260.66278,100,44554.728024
336.08337,100,44554.728055
253.13835,100,44554.72807
540.2501,100,44554.728085
159.89102,100,44554.728101
432.0927,100,44578.797933
247.8497,100,44578.798024
287.55545,100,44578.798063
273.38953,100,44578.798081
500.02853,100,44578.798097
242.11035,100,44578.798114
265.64493,100,44578.798131
285.78867,100,44578.798147
257.29852,100,44602.08033
240.05263,100,44602.080407
165.72876,100,44602.08042
421.63342,100,44602.08043
240.8841,100,44602.080439
244.23418,100,44602.080448
257.2948,100,44602.080457
328.8973,100,44602.080466
190.40665,100,44615.487316
238.34709,100,44615.487391
237.27762,100,44615.487404
542.7067,100,44615.487413
191.77904,100,44615.487422
250.20808,100,44615.487431
241.0576,100,44615.48744
205.02034,100,44615.487449
364.56213,100,44639.636056
255.78796,100,44639.636134
267.53983,100,44639.636148
258.57602,100,44639.636158
294.5265,100,44639.636168
205.0733,100,44639.636177
217.12457,100,44639.636187
243.13414,100,44639.636196
251.77356,100,44653.941883
376.43558,100,44653.941961
210.01593,100,44653.941974
407.546,100,44653.941984
504.57343,100,44653.941993
196.34494,100,44653.942002
205.76578,100,44653.942012
238.16205,100,44653.94202
259.99127,100,44677.385173
235.93323,100,44677.385273
221.04515,100,44677.385294
174.2309,100,44677.38531
441.9204,100,44677.385325
362.35583,100,44677.38534
244.77124,100,44677.385355
240.62843,100,44677.38537
214.88086,100,44691.147698
245.16652,100,44691.14779
454.26135,100,44691.147812
499.7245,100,44691.147828
493.3881,100,44691.147843
237.0758,100,44691.147859
208.71231,100,44691.147873
233.38252,100,44691.147888
499.48233,100,44714.382724
247.84381,100,44714.382802
261.7263,100,44714.382822
168.26028,100,44714.382832
561.1659,100,44714.382842
262.92157,100,44714.382851
256.72372,100,44714.38286
279.93033,100,44714.382869
486.21286,100,44728.271113
281.8592,100,44728.271202
233.9471,100,44728.271224
237.32812,100,44728.27124
193.73705,100,44728.271256
299.77225,100,44728.271271
262.65442,100,44728.271286
154.1565,100,44728.271301
248.81706,100,44751.195895
211.02495,100,44751.195997
238.77765,100,44751.196022
229.70909,100,44751.196057
240.76439,100,44751.196079
527.2317,100,44751.196099
285.9723,100,44751.196118
240.35126,100,44751.196138
225.46117,100,44774.159692
202.25558,100,44774.159765
223.46384,100,44774.159779
254.20656,100,44774.159788
169.59561,100,44774.159797
238.58577,100,44774.159806
287.05313,100,44774.159815
198.63393,100,44774.159824
472.09042,100,44787.93962
459.20828,100,44787.939693
184.96802,100,44787.939706
245.94824,100,44787.939716
312.99973,100,44787.939725
431.40515,100,44787.939734
259.44577,100,44787.939742
193.94284,100,44787.939751
240.7706,100,44811.196487
600.60675,100,44811.196564
280.65637,100,44811.196577
203.49203,100,44811.196588
156.01543,100,44811.196597
185.79799,100,44811.196606
247.63698,100,44811.196615
145.1267,100,44811.196624
156.4025,100,44824.586149
269.07388,100,44824.586221
167.41609,100,44824.586233
266.69672,100,44824.586242
254.96121,100,44824.586251
202.06924,100,44824.586259
305.2162,100,44824.586268
197.4885,100,44824.586276
194.45674,100,44847.601139
524.4117,100,44847.601215
215.12624,100,44847.601228
282.9331,100,44847.601238
214.04564,100,44847.601248
206.33035,100,44847.601257
366.77722,100,44847.601266
306.48743,100,44847.601275
260.85513,100,44861.509449
230.1392,100,44861.509521
234.94208,100,44861.509534
208.9637,100,44861.509543
196.18256,100,44861.509552
433.7359,100,44861.50956
221.20181,100,44861.509569
219.45958,100,44861.509578
245.84944,100,44884.716578
250.49658,100,44884.716671
223.07253,100,44884.716698
188.27359,100,44884.716719
326.64404,100,44884.716737
228.78716,100,44884.716755
516.2202,100,44884.716773
510.47595,100,44884.716789
281.6092,100,44908.002368
223.63727,100,44908.002439
294.15485,100,44908.002451
249.92683,100,44908.002461
195.6898,100,44908.00247
214.4121,100,44908.002479
185.29706,100,44908.002487
283.72394,100,44908.002496
274.46793,100,44920.938134
533.65857,100,44920.93821
241.5716,100,44920.938222
304.16852,100,44920.938232
226.98434,100,44920.938241
429.96762,100,44920.93825
237.63934,100,44920.938258
484.89972,100,44920.938267
263.0311,100,44943.663116
466.08612,100,44943.663193
271.69513,100,44943.663207
202.44969,100,44943.663216
227.64299,100,44943.663225
344.39285,100,44943.663234
338.67572,100,44943.663243
276.59167,100,44943.663252
247.72997,100,44957.230106
156.70729,100,44957.230196
338.30374,100,44957.230222
266.62347,100,44957.230241
248.32587,100,44957.230258
484.3733,100,44957.230275
256.0256,100,44957.230291
236.61124,100,44957.230308
191.35718,100,44981.357948
465.31976,100,44981.358021
213.25784,100,44981.358045
187.91273,100,44981.358055
254.39682,100,44981.358064
473.5656,100,44981.358073
238.92317,100,44981.358082
498.47263,100,44981.35809
492.48352,100,44994.462258
236.94887,100,44994.462329
247.54977,100,44994.462341
240.14711,100,44994.46235
298.66376,100,44994.462359
205.65506,100,44994.462368
238.6428,100,44994.462376
451.40942,100,44994.462385
238.2575,100,45018.457699
201.75075,100,45018.457772
317.7335,100,45018.457784
258.56787,100,45018.457793
288.5515,100,45018.457802
254.17899,100,45018.457811
212.82265,100,45018.457819
225.0632,100,45018.457828
264.50833,100,45032.093376
220.33537,100,45032.093468
219.70732,100,45032.093488
374.38602,100,45032.093504
541.0606,100,45032.093519
188.49164,100,45032.093534
278.20206,100,45032.093548
396.0354,100,45032.093563
289.2095,100,45054.849109
218.25902,100,45054.849184
258.05557,100,45054.849197
267.9085,100,45054.849206
478.87512,100,45054.849216
248.97055,100,45054.849225
230.79332,100,45054.84924
256.98602,100,45054.849249
217.99077,100,45078.123426
200.62903,100,45078.12352
258.94324,100,45078.123542
233.04297,100,45078.123558
338.59995,100,45078.123573
204.82266,100,45078.123588
254.59671,100,45078.123603
92.455475,100,45078.123618
332.28088,100,45091.678422
185.97131,100,45091.678494
432.8515,100,45091.678508
232.48225,100,45091.678517
271.58487,100,45091.678526
298.6792,100,45091.678535
251.67125,100,45091.678544
461.32074,100,45091.678553
481.13724,100,45115.514456
475.8694,100,45115.514527
223.52084,100,45115.514539
169.86664,100,45115.514549
215.93333,100,45115.514558
526.59814,100,45115.514567
535.9414,100,45115.514575
251.37314,100,45115.514584
206.17052,100,45129.570975
216.09015,100,45129.571057
247.38628,100,45129.571073
234.80933,100,45129.571082
262.15973,100,45129.571091
206.77211,100,45129.571099
222.0821,100,45129.571108
213.34096,100,45129.571116
181.79623,100,45152.812281
255.46729,100,45152.812375
355.1454,100,45152.812397
290.86765,100,45152.812415
535.2644,100,45152.812431
240.00432,100,45152.812448
249.56313,100,45152.812464
179.91406,100,45152.812479
258.75183,100,45166.672527
252.02145,100,45166.6726
190.76735,100,45166.672613
583.8839,100,45166.672622
241.87613,100,45166.672632
460.87946,100,45166.67264
522.4762,100,45166.672649
519.37085,100,45166.672657
249.08363,100,45190.006965
199.26405,100,45190.007058
178.2151,100,45190.007083
517.34906,100,45190.007099
224.4762,100,45190.007114
238.01231,100,45190.007129
484.84027,100,45190.007143
208.68567,100,45190.007158
196.8531,100,45213.802261
229.14876,100,45213.80234
421.39825,100,45213.802352
295.29855,100,45213.802361
239.6489,100,45213.80237
530.7093,100,45213.802378
242.00572,100,45213.802386
268.6863,100,45213.802395
246.3384,100,45226.866614
265.20343,100,45226.866686
170.89752,100,45226.866699
486.2537,100,45226.866708
215.45642,100,45226.866717
346.291,100,45226.866726
279.29105,100,45226.866734
442.95682,100,45226.866743
235.79405,100,45250.228341
227.11871,100,45250.228413
264.63275,100,45250.228426
548.5437,100,45250.228436
245.1455,100,45250.228446
225.98477,100,45250.228455
221.9753,100,45250.228464
245.5679,100,45250.228473
209.36894,100,45263.86042
175.48752,100,45263.860496
509.56494,100,45263.860511
320.325,100,45263.86052
152.62062,100,45263.860529
243.98068,100,45263.860538
285.55737,100,45263.860547
231.35913,100,45263.860556
214.36641,100,45287.255698
262.53104,100,45287.255769
439.6634,100,45287.255782
223.0541,100,45287.255792
257.69434,100,45287.2558
372.1928,100,45287.255809
240.095,100,45287.255818
493.07382,100,45287.255826
200.7978,100,45300.777904
247.66972,100,45300.777978
251.20755,100,45300.777991
301.7286,100,45300.778
251.22975,100,45300.77801
391.99112,100,45300.778018
242.71504,100,45300.778027
211.11682,100,45300.778048
199.56673,100,45324.360996
259.9796,100,45324.361095
233.40988,100,45324.361116
537.3257,100,45324.361132
346.44397,100,45324.361148
231.42636,100,45324.361163
448.13666,100,45324.361177
247.4868,100,45324.361192
185.3601,100,45339.350079
194.01071,100,45339.350153
191.61324,100,45339.350166
536.1327,100,45339.350175
227.17361,100,45339.350184
407.52295,100,45339.350193
180.49187,100,45339.350202
229.11691,100,45339.350211
249.83871,100,45362.379992
216.74886,100,45362.380078
219.74904,100,45362.380092
221.76422,100,45362.380102
557.9799,100,45362.380111
613.2402,100,45362.38012
180.63718,100,45362.380129
523.77905,100,45362.380138
449.86475,100,45385.636603
308.56287,100,45385.636679
552.73004,100,45385.636691
300.34296,100,45385.636701
245.44937,100,45385.63671
505.72205,100,45385.636719
210.229,100,45385.636728
577.28973,100,45385.636737
216.13777,100,45399.433464
293.63068,100,45399.433537
407.9224,100,45399.433549
222.34642,100,45399.433558
212.45874,100,45399.433567
219.64703,100,45399.433576
397.9899,100,45399.433585
196.05954,100,45399.433593
257.1318,100,45423.400671
241.10667,100,45423.400743
247.20683,100,45423.400756
601.4635,100,45423.400778
238.23637,100,45423.400788
188.41547,100,45423.400796
246.56142,100,45423.400805
296.02457,100,45423.400813
467.1212,100,45437.236069
204.27483,100,45437.236138
234.49081,100,45437.23615
531.35565,100,45437.236159
345.11554,100,45437.236168
473.82224,100,45437.236176
250.3723,100,45437.236185
247.27708,100,45437.236193
368.89297,100,45460.542881
205.00299,100,45460.542954
273.8696,100,45460.542967
466.41586,100,45460.542977
422.10345,100,45460.542986
249.93431,100,45460.542995
200.66277,100,45460.543004
229.9641,100,45460.543013
243.31992,100,45473.706678
149.73647,100,45473.70677
186.43214,100,45473.706792
247.94777,100,45473.706809
263.20895,100,45473.706825
216.21577,100,45473.706841
378.297,100,45473.706856
370.65152,100,45473.706872
546.12256,100,45496.61201
401.10913,100,45496.612091
523.1783,100,45496.612103
249.01732,100,45496.612112
232.21838,100,45496.61212
593.1616,100,45496.612129
260.2256,100,45496.612137
245.92563,100,45496.612145
191.76924,100,45519.358973
220.62395,100,45519.359073
342.15756,100,45519.359096
241.43953,100,45519.359114
232.79128,100,45519.359131
543.55035,100,45519.359147
223.50174,100,45519.359163
251.5628,100,45519.35918
224.56544,100,45532.889776
421.11316,100,45532.889866
201.44482,100,45532.889888
241.87587,100,45532.889904
204.12924,100,45532.889921
199.77803,100,45532.889936
521.80505,100,45532.889951
185.58167,100,45532.889967
221.63602,100,45556.932083
248.61554,100,45556.932171
169.87564,100,45556.932198
301.09033,100,45556.932216
246.93872,100,45556.932233
520.6946,100,45556.93225
209.14348,100,45556.932267
214.9955,100,45556.932283
237.09386,100,45570.016386
248.00046,100,45570.016462
268.19397,100,45570.016474
274.3167,100,45570.016484
199.23203,100,45570.016493
348.51822,100,45570.016501
254.9463,100,45570.01651
209.17874,100,45570.016519
372.98828,100,45592.571167
223.86472,100,45592.571239
175.2375,100,45592.571251
462.05087,100,45592.571261
396.7611,100,45592.57127
226.39066,100,45592.57128
229.25,100,45592.571288
577.1583,100,45592.571298
236.61998,100,45606.103498
206.82507,100,45606.103572
211.2462,100,45606.103584
213.4833,100,45606.103594
248.31947,100,45606.103602
573.94495,100,45606.103611
303.65186,100,45606.10362
619.62665,100,45606.103628
245.5586,100,45629.702446
266.82373,100,45629.702538
292.2538,100,45629.70256
255.6247,100,45629.702578
257.9111,100,45629.702594
571.33264,100,45629.70261
238.33522,100,45629.702626
396.9823,100,45629.702642
503.07245,100,45644.742269
469.01205,100,45644.742363
239.80067,100,45644.742386
285.69012,100,45644.742404
196.24406,100,45644.742421
436.18845,100,45644.742438
165.1231,100,45644.742454
333.13538,100,45644.74247
214.08597,100,45668.31206
213.44914,100,45668.312145
272.205,100,45668.312168
224.98982,100,45668.312185
222.08046,100,45668.312201
352.6326,100,45668.312217
281.8952,100,45668.312233
249.80785,100,45668.31225
214.42146,100,45691.070233
239.55139,100,45691.070306
225.64334,100,45691.070319
342.8603,100,45691.070328
254.91315,100,45691.070337
405.1163,100,45691.070346
256.61917,100,45691.070355
296.1493,100,45691.070364
222.68762,100,45703.801371
189.35309,100,45703.801443
195.49913,100,45703.801457
483.66925,100,45703.801466
469.03564,100,45703.801475
277.90756,100,45703.801485
233.18054,100,45703.801493
255.91858,100,45703.801502
391.6443,100,45727.097089
191.71945,100,45727.097171
294.07608,100,45727.097184
218.14207,100,45727.097194
235.73254,100,45727.097203
390.39294,100,45727.097212
433.93335,100,45727.097221
594.5299,100,45727.09723
272.46243,100,45741.193304
196.4667,100,45741.193376
368.48633,100,45741.193388
215.27989,100,45741.193398
335.9162,100,45741.193408
264.42273,100,45741.193417
298.26376,100,45741.193425
232.03587,100,45741.193434
184.91814,100,45765.554293
377.58575,100,45765.554384
372.84354,100,45765.55441
136.89221,100,45765.554429
579.10815,100,45765.554447
220.90778,100,45765.554465
322.2306,100,45765.554482
205.64336,100,45765.554515
193.2068,100,45779.896456
220.6133,100,45779.896527
216.55356,100,45779.89654
209.7571,100,45779.896549
336.70712,100,45779.896558
203.9305,100,45779.896568
209.04172,100,45779.896576
245.04512,100,45779.896586
224.2222,100,45803.045977
262.22003,100,45803.046093
221.13214,100,45803.046109
592.64215,100,45803.046118
254.28683,100,45803.046127
211.86034,100,45803.046136
277.041,100,45803.046145
210.42758,100,45803.046153
452.1385,100,45826.251684
575.99225,100,45826.251754
239.76132,100,45826.251766
224.58545,100,45826.251776
236.12794,100,45826.251784
246.0893,100,45826.251793
209.547,100,45826.251801
252.25555,100,45826.25181
284.8814,100,45839.866369
433.3565,100,45839.866439
251.3256,100,45839.866452
230.35303,100,45839.866461
294.18774,100,45839.86647
227.63905,100,45839.866479
245.7126,100,45839.866487
250.90494,100,45839.866496
207.83725,100,45862.773728
293.086,100,45862.773803
196.45811,100,45862.773816
228.67677,100,45862.773826
240.77454,100,45862.773835
252.78445,100,45862.773845
245.17618,100,45862.773854
484.4472,100,45862.773863
495.0334,100,45877.240129
170.0425,100,45877.240201
562.23706,100,45877.240213
479.93585,100,45877.240223
238.54231,100,45877.240232
215.65036,100,45877.240241
285.63235,100,45877.24025
445.4931,100,45877.240258
204.06705,100,45901.68739
194.9335,100,45901.687484
283.02444,100,45901.687509
248.79617,100,45901.687528
420.28546,100,45901.687545
232.35559,100,45901.687561
262.27927,100,45901.687577
212.21184,100,45901.687593
465.42206,100,45915.965526
493.08527,100,45915.965623
251.14061,100,45915.965652
266.65045,100,45915.965672
229.31206,100,45915.965689
369.55084,100,45915.965706
560.2794,100,45915.965722
523.77136,100,45915.965739
213.39584,100,45939.29831
478.8996,100,45939.298402
225.31982,100,45939.298425
242.03845,100,45939.298442
271.62738,100,45939.298459
217.84766,100,45939.298475
223.93959,100,45939.298491
425.3704,100,45939.298507
221.96194,100,45952.518924
431.31287,100,45952.518997
241.57938,100,45952.519011
250.10367,100,45952.519021
240.90906,100,45952.519036
539.0704,100,45952.519047
258.3505,100,45952.519057
451.4452,100,45952.519066
477.1859,100,45975.784555
232.8266,100,45975.78463
455.66083,100,45975.784643
232.71298,100,45975.784653
201.08257,100,45975.784662
241.70164,100,45975.784672
314.78168,100,45975.78468
264.52557,100,45975.784689
196.90369,100,45998.609998
263.49988,100,45998.610084
329.9845,100,45998.610098
212.67447,100,45998.610107
242.35052,100,45998.610116
288.21188,100,45998.610125
199.8063,100,45998.610134
289.59256,100,45998.610143
317.81308,100,46011.508624
226.59227,100,46011.508698
200.74525,100,46011.508712
271.71692,100,46011.508722
403.1007,100,46011.508731
242.81506,100,46011.508741
500.42017,100,46011.50875
246.59676,100,46011.508759
227.03227,100,46034.589311
421.4426,100,46034.589388
201.93748,100,46034.589404
476.21042,100,46034.589417
170.45561,100,46034.589428
271.15347,100,46034.58944
247.33504,100,46034.589451
490.44858,100,46034.589463
226.81984,100,46048.562559
223.64613,100,46048.562632
234.43571,100,46048.562644
525.8456,100,46048.562653
598.31866,100,46048.562662
243.25316,100,46048.562671
391.47076,100,46048.562679
429.40784,100,46048.562688
521.93634,100,46072.504935
247.86554,100,46072.505011
271.43866,100,46072.505023
244.2318,100,46072.505042
229.35588,100,46072.505051
528.476,100,46072.505059
379.27362,100,46072.505068
247.8759,100,46072.505076
232.3382,100,46086.266121
225.96867,100,46086.266215
602.7902,100,46086.266239
424.43277,100,46086.266257
245.37984,100,46086.266274
80.90826,100,46086.266291
197.1381,100,46086.266307
203.59709,100,46086.266325
245.81065,100,46109.202185
251.00798,100,46109.202279
562.7991,100,46109.202303
241.60518,100,46109.202321
236.06046,100,46109.202337
213.50044,100,46109.202354
241.6775,100,46109.20237
515.3565,100,46109.202386
215.48485,100,46132.389003
399.0418,100,46132.38908
462.10852,100,46132.389093
250.54175,100,46132.389119
226.76413,100,46132.389129
256.56497,100,46132.389137
227.27126,100,46132.389146
221.85864,100,46132.389155
167.29126,100,46146.647442
499.2476,100,46146.647537
251.57124,100,46146.64756
522.6913,100,46146.647578
234.15308,100,46146.647595
512.588,100,46146.647612
450.4032,100,46146.647629
199.03395,100,46146.647645
305.82645,100,46171.153724
240.57133,100,46171.153796
263.38208,100,46171.153808
233.9516,100,46171.153818
140.8245,100,46171.153826
205.85956,100,46171.153834
299.21304,100,46171.153843
225.63393,100,46171.153852
240.82646,100,46184.740232
331.54727,100,46184.740303
232.63327,100,46184.740316
231.91444,100,46184.740325
238.23148,100,46184.740334
223.36661,100,46184.740342
245.12514,100,46184.740351
124.65138,100,46184.740359
348.7566,100,46207.834865
222.6102,100,46207.834935
440.73373,100,46207.834948
263.8371,100,46207.834957
274.77185,100,46207.834966
314.17737,100,46207.834975
248.41087,100,46207.834983
233.80144,100,46207.834991
221.0359,100,46220.957276
259.74564,100,46220.957351
210.9922,100,46220.957365
244.99557,100,46220.957375
401.9101,100,46220.957384
253.88034,100,46220.957393
235.32648,100,46220.957402
113.74148,100,46220.957412
268.0592,100,46244.442248
252.23427,100,46244.442321
258.04095,100,46244.442334
217.49667,100,46244.442343
517.4255,100,46244.442352
244.5205,100,46244.442361
191.58095,100,46244.442369
260.9797,100,46244.442378
263.0602,100,46258.336027
488.4331,100,46258.336111
306.40866,100,46258.336124
204.97325,100,46258.336134
231.83763,100,46258.336142
232.60912,100,46258.336151
239.50624,100,46258.33616
445.89612,100,46258.336168
354.9622,100,46281.56448
254.07799,100,46281.564559
253.9493,100,46281.564572
209.83578,100,46281.564582
274.31946,100,46281.564591
245.4355,100,46281.5646
564.9523,100,46281.56461
214.48218,100,46281.564619
200.90916,100,46304.15125
269.48706,100,46304.151322
240.19116,100,46304.151335
245.95464,100,46304.151344
175.28531,100,46304.151353
239.8138,100,46304.151362
244.24002,100,46304.151371
266.47012,100,46304.15138
222.33606,100,46317.338648
293.90488,100,46317.338721
177.67542,100,46317.338733
333.9278,100,46317.338743
276.09137,100,46317.338752
244.10358,100,46317.338761
487.30634,100,46317.33877
266.75015,100,46317.338778
258.64407,100,46340.449296
204.24313,100,46340.449388
252.50882,100,46340.449412
522.0413,100,46340.44943
253.55132,100,46340.449448
472.13452,100,46340.449465
396.74625,100,46340.449481
240.13861,100,46340.449497
391.09338,100,46353.664078
322.4557,100,46353.664152
567.609,100,46353.664165
246.55357,100,46353.664174
416.3021,100,46353.664182
250.63245,100,46353.664191
247.48663,100,46353.6642
151.5114,100,46353.664208
416.81046,100,46377.148361
491.6815,100,46377.148434
520.475,100,46377.148447
535.58997,100,46377.148456
232.8182,100,46377.148465
222.61377,100,46377.148473
181.08449,100,46377.148482
248.322,100,46377.14849
262.8486,100,46391.298457
467.13327,100,46391.298534
244.50461,100,46391.298546
216.63771,100,46391.298556
240.77165,100,46391.298564
227.18066,100,46391.298573
146.98645,100,46391.298581
474.0893,100,46391.29859
233.48648,100,46414.972394
223.78401,100,46414.972486
362.3644,100,46414.97251
202.00092,100,46414.972527
255.8474,100,46414.972544
245.43214,100,46414.97256
208.54811,100,46414.972576
246.67017,100,46414.972592
375.65985,100,46438.596015
253.65068,100,46438.596099
235.40797,100,46438.596112
458.21674,100,46438.596121
354.6667,100,46438.59613
235.84138,100,46438.596139
523.5721,100,46438.596147
376.7846,100,46438.596156
260.90918,100,46452.375993
223.11288,100,46452.37607
329.24863,100,46452.376083
347.4333,100,46452.376092
414.21997,100,46452.376101
255.49727,100,46452.376109
249.6452,100,46452.376117
226.28195,100,46452.376126
249.50824,100,46475.008848
461.8335,100,46475.008919
236.44676,100,46475.008931
209.36342,100,46475.008941
224.89348,100,46475.00895
301.40845,100,46475.008958
271.7306,100,46475.008967
191.25114,100,46475.008976
227.66762,100,46488.781273
494.34845,100,46488.78135
568.60486,100,46488.781362
516.78577,100,46488.781372
231.63753,100,46488.781381
271.29858,100,46488.78139
533.3066,100,46488.781399
298.95276,100,46488.781407
230.7901,100,46512.333483
254.75702,100,46512.333553
205.18098,100,46512.333565
257.4231,100,46512.333575
475.99338,100,46512.333583
215.43506,100,46512.333592
185.59175,100,46512.3336
291.21448,100,46512.333609
265.68417,100,46526.025407
204.92064,100,46526.025478
204.16055,100,46526.02549
222.09802,100,46526.0255
280.73993,100,46526.025509
169.2496,100,46526.025518
226.05919,100,46526.025527
241.64285,100,46526.025535
301.039,100,46549.43208
282.3971,100,46549.432172
414.40524,100,46549.432195
534.722,100,46549.432214
461.71924,100,46549.432231
534.92664,100,46549.432247
303.68045,100,46549.432263
278.83722,100,46549.43228
453.58588,100,46562.793311
232.92009,100,46562.793403
307.56613,100,46562.793424
574.42456,100,46562.793441
245.14586,100,46562.793456
380.26184,100,46562.79347
259.04172,100,46562.793485
212.384,100,46562.793499
252.00702,100,46585.876319
221.82664,100,46585.876392
239.06206,100,46585.876404
317.48276,100,46585.876414
414.1203,100,46585.876422
244.2851,100,46585.876431
230.31189,100,46585.87644
431.53738,100,46585.876448
240.22975,100,46609.753838
408.32513,100,46609.753908
463.99707,100,46609.753921
488.0769,100,46609.753931
262.053,100,46609.753939
251.45525,100,46609.753948
395.8187,100,46609.753956
275.88504,100,46609.753965
537.5685,100,46623.122088
219.87308,100,46623.122145
227.04626,100,46623.122157
245.76477,100,46623.122166
488.6039,100,46623.122175
236.00504,100,46623.122184
566.7398,100,46623.122193
246.9579,100,46623.122201
355.8247,100,46646.915465
442.6519,100,46646.915537
464.02533,100,46646.915549
494.6787,100,46646.915558
577.8656,100,46646.915567
226.72174,100,46646.915576
227.54018,100,46646.915585
412.04138,100,46646.915594
425.39346,100,46660.983072
240.133,100,46660.983142
222.23866,100,46660.983154
240.69382,100,46660.983163
239.59856,100,46660.983172
408.33594,100,46660.98318
243.30782,100,46660.983188
219.73824,100,46660.983197
252.92136,100,46684.13732
252.87276,100,46684.137393
246.8478,100,46684.137405
197.08908,100,46684.137415
486.55176,100,46684.137424
345.20135,100,46684.137433
249.32684,100,46684.137441
237.62276,100,46684.13745
243.9933,100,46697.662073
235.85846,100,46697.66216
250.34822,100,46697.662181
266.5965,100,46697.662197
222.65654,100,46697.662212
375.98514,100,46697.662226
466.5113,100,46697.662241
259.9249,100,46697.662255
458.95355,100,46722.012787
256.2531,100,46722.01288
287.99905,100,46722.012903
264.34586,100,46722.012921
254.54324,100,46722.012938
240.3171,100,46722.012954
164.14609,100,46722.012971
417.67853,100,46722.012987
242.21437,100,46745.168346
268.5227,100,46745.168418
281.42676,100,46745.168431
215.59433,100,46745.168441
190.8926,100,46745.168451
316.5579,100,46745.16846
392.7561,100,46745.168469
242.52943,100,46745.168478
374.0379,100,46758.761663
465.74115,100,46758.761735
197.99641,100,46758.761748
215.89616,100,46758.761757
366.90732,100,46758.761766
534.9654,100,46758.761775
391.58768,100,46758.761784
246.21187,100,46758.761792
205.31879,100,46782.353149
233.39752,100,46782.353219
255.17744,100,46782.353231
510.4757,100,46782.35324
177.51855,100,46782.353249
268.1626,100,46782.353257
443.04602,100,46782.353266
515.9739,100,46782.353274
275.7225,100,46796.426743
233.39954,100,46796.426816
191.12778,100,46796.42683
454.59778,100,46796.426839
553.01465,100,46796.426848
380.7993,100,46796.426858
202.47388,100,46796.426867
195.69394,100,46796.426876
392.1313,100,46819.01189
305.51596,100,46819.011966
223.41441,100,46819.011979
185.24261,100,46819.011988
237.9469,100,46819.011997
324.8048,100,46819.012006
240.3251,100,46819.012014
320.87317,100,46819.012023
399.31235,100,46834.518857
601.485,100,46834.518934
225.1399,100,46834.518949
281.34225,100,46834.518959
383.14856,100,46834.518968
206.09142,100,46834.518992
248.14484,100,46834.519002
242.41405,100,46834.519012
368.77417,100,46858.057942
486.39355,100,46858.058041
516.6967,100,46858.058068
193.59503,100,46858.058086
594.8175,100,46858.058103
216.7799,100,46858.058119
243.50061,100,46858.058135
407.21503,100,46858.058151
588.1945,100,46872.220943
245.98273,100,46872.221015
216.85962,100,46872.221028
520.02094,100,46872.221047
206.89778,100,46872.221057
228.37917,100,46872.221066
248.7469,100,46872.221074
237.12971,100,46872.221083
445.5036,100,46895.6666
226.4334,100,46895.666677
497.5725,100,46895.66669
368.1122,100,46895.6667
439.9613,100,46895.666709
548.1802,100,46895.666718
493.32782,100,46895.666727
215.95143,100,46895.666736
560.3921,100,46919.759204
308.28232,100,46919.759274
245.23036,100,46919.759286
212.87889,100,46919.759295
565.9829,100,46919.759304
245.5315,100,46919.759313
409.48236,100,46919.759322
284.6805,100,46919.759331
486.40292,100,46932.894596
246.1068,100,46932.894673
460.53998,100,46932.894687
468.49133,100,46932.894697
448.52402,100,46932.894707
535.54,100,46932.894716
227.78287,100,46932.894726
546.3884,100,46932.894735
237.75984,100,46955.486766
290.20087,100,46955.486842
242.19781,100,46955.486855
342.01544,100,46955.486865
225.36855,100,46955.486874
545.6532,100,46955.486883
213.23117,100,46955.486892
548.5433,100,46955.486901
265.2157,100,46969.409847
228.07838,100,46969.40992
235.86136,100,46969.409933
257.2229,100,46969.409943
223.7235,100,46969.409952
428.0975,100,46969.409962
204.8078,100,46969.409971
245.617,100,46969.40998
332.9869,100,46992.966358
451.99792,100,46992.96643
248.51793,100,46992.966442
450.5497,100,46992.966451
430.98007,100,46992.96646
202.66985,100,46992.966468
238.85884,100,46992.966477
535.84155,100,46992.966485
234.15024,100,47006.700076
446.61987,100,47006.70015
222.28236,100,47006.700162
233.53598,100,47006.700172
241.54068,100,47006.700181
151.78047,100,47006.70019
228.95186,100,47006.700198
228.41382,100,47006.700207
386.10852,100,47029.641938
251.3876,100,47029.642014
272.74997,100,47029.642026
470.97165,100,47029.642047
236.49019,100,47029.642056
300.00174,100,47029.642065
527.329,100,47029.642074
498.31918,100,47029.642082
176.99312,100,47052.370191
178.72385,100,47052.370273
603.7851,100,47052.370291
246.36787,100,47052.370305
200.82112,100,47052.370318
294.90045,100,47052.370331
221.0177,100,47052.370343
398.22083,100,47052.370356
168.13805,100,47067.418151
408.52972,100,47067.418221
359.018,100,47067.418233
148.79579,100,47067.418242
494.18146,100,47067.418251
237.14894,100,47067.418259
216.73425,100,47067.418267
290.78806,100,47067.418275
516.4158,100,47090.442012
212.2484,100,47090.442094
488.7528,100,47090.442106
144.65694,100,47090.442116
264.31226,100,47090.442125
235.53278,100,47090.442133
367.54645,100,47090.442142
229.22282,100,47090.442151
400.83142,100,47104.405328
156.7986,100,47104.405417
206.21419,100,47104.405438
262.52734,100,47104.405454
234.34875,100,47104.405468
205.71518,100,47104.405483
485.6602,100,47104.405497
496.16858,100,47104.405511
321.08667,100,47126.494831
191.75589,100,47126.494907
218.04874,100,47126.494919
152.01152,100,47126.494929
140.98892,100,47126.494938
213.91913,100,47126.494947
225.98123,100,47126.494956
190.69768,100,47126.494965
230.86807,100,47139.66681
221.01765,100,47139.666887
198.3428,100,47139.666899
461.91315,100,47139.666909
503.986,100,47139.666917
262.9151,100,47139.666925
279.82047,100,47139.666934
351.2582,100,47139.666942
367.77103,100,47162.577168
230.7897,100,47162.577268
215.07936,100,47162.577296
260.42166,100,47162.57732
250.14894,100,47162.577341
422.90024,100,47162.577361
246.68488,100,47162.577383
570.99945,100,47162.577403
204.00217,100,47175.353055
192.6154,100,47175.353143
176.85281,100,47175.353165
243.92152,100,47175.353182
228.14375,100,47175.353198
237.68445,100,47175.353214
227.34105,100,47175.353229
213.85426,100,47175.353244
232.75859,100,47198.699196
631.31226,100,47198.699271
515.3863,100,47198.699296
242.0198,100,47198.699306
269.67773,100,47198.699315
544.534,100,47198.699324
232.43074,100,47198.699333
560.5121,100,47198.699342
497.10684,100,47222.164259
217.69653,100,47222.164332
211.60411,100,47222.164344
380.56677,100,47222.164354
204.41644,100,47222.164363
490.75787,100,47222.164372
209.96486,100,47222.16438
246.81326,100,47222.16439
258.64813,100,47236.738106
231.3857,100,47236.738194
281.1516,100,47236.738214
248.11005,100,47236.73823
263.69467,100,47236.738245
483.17355,100,47236.73826
277.75787,100,47236.738274
194.87894,100,47236.738288
215.83592,100,47260.40369
198.40599,100,47260.403762
276.6169,100,47260.403775
242.45647,100,47260.403785
263.95923,100,47260.403793
246.58386,100,47260.403802
175.5051,100,47260.403811
225.96825,100,47260.403819
224.60605,100,47273.436893
206.45036,100,47273.436963
436.0282,100,47273.436975
278.33713,100,47273.436985
235.0207,100,47273.436993
256.5616,100,47273.437001
127.5113,100,47273.43701
540.69666,100,47273.437018
215.67445,100,47296.93148
241.76917,100,47296.931573
539.90717,100,47296.931596
527.34796,100,47296.931614
226.58797,100,47296.931631
541.09717,100,47296.931648
207.04285,100,47296.931664
285.6416,100,47296.93168
500.13544,100,47310.858049
590.41583,100,47310.858124
244.7122,100,47310.858138
237.78177,100,47310.858148
195.4814,100,47310.858157
150.64484,100,47310.858166
229.95732,100,47310.858176
430.98727,100,47310.858184
228.93376,100,47334.292083
363.5255,100,47334.292163
537.9548,100,47334.292176
490.81104,100,47334.292186
233.94742,100,47334.292195
219.57161,100,47334.292203
262.40805,100,47334.292212
469.02182,100,47334.292221
250.24176,100,47357.846683
333.8132,100,47357.846756
416.51697,100,47357.846769
224.65776,100,47357.846779
393.36713,100,47357.846788
266.5948,100,47357.846796
263.6692,100,47357.846806
504.58725,100,47357.846814
255.78302,100,47371.609513
468.79956,100,47371.609587
229.00914,100,47371.6096
228.07863,100,47371.60961
354.0997,100,47371.609619
189.89906,100,47371.609628
221.45314,100,47371.609637
232.49762,100,47371.609646
222.7999,100,47394.183352
93.53488,100,47394.183428
465.72107,100,47394.18344
194.73564,100,47394.18345
237.51604,100,47394.183459
252.99759,100,47394.183467
542.8174,100,47394.183477
615.54755,100,47394.183486
383.1222,100,47408.104129
509.9496,100,47408.104226
471.1842,100,47408.10425
162.52663,100,47408.104268
225.84059,100,47408.104285
491.1958,100,47408.104301
241.19995,100,47408.104318
458.38525,100,47408.104334
251.51549,100,47431.71085
452.281,100,47431.710939
288.46854,100,47431.71096
238.01859,100,47431.710977
228.16934,100,47431.710992
213.56125,100,47431.711007
565.5219,100,47431.711021
321.009,100,47431.711059
135.56892,100,47445.677193
270.92346,100,47445.677261
500.148,100,47445.677274
232.90514,100,47445.677284
204.61552,100,47445.677293
275.05548,100,47445.677302
257.39584,100,47445.67731
238.66808,100,47445.677319
414.71237,100,47468.254869
358.6373,100,47468.254946
353.89285,100,47468.25496
409.93823,100,47468.25497
274.86176,100,47468.254979
524.5793,100,47468.254988
231.33908,100,47468.254997
460.85333,100,47468.255006
245.14436,100,47482.108563
247.80804,100,47482.108636
271.5946,100,47482.108649
446.8904,100,47482.108659
195.71255,100,47482.108668
365.39053,100,47482.108677
225.36394,100,47482.108686
222.82756,100,47482.108695
260.0184,100,47505.270831
244.15854,100,47505.270903
237.63037,100,47505.270916
482.82993,100,47505.270925
217.95825,100,47505.270934
418.13208,100,47505.270943
265.42154,100,47505.270951
337.21777,100,47505.27096
216.52885,100,47528.75789
510.5474,100,47528.757964
379.60513,100,47528.757977
204.5626,100,47528.757987
137.62207,100,47528.757995
209.18156,100,47528.758004
244.06087,100,47528.758013
315.33038,100,47528.758022
209.48021,100,47542.827868
480.00183,100,47542.82794
504.1029,100,47542.827953
486.3587,100,47542.827962
178.27303,100,47542.827971
222.42412,100,47542.827981
248.28046,100,47542.827997
266.08255,100,47542.828007
238.18051,100,47566.778468
252.83868,100,47566.778558
416.47455,100,47566.778579
503.7825,100,47566.778595
257.1865,100,47566.77861
414.99738,100,47566.778625
581.8816,100,47566.77864
230.96793,100,47566.778654
385.07755,100,47580.930784
439.30673,100,47580.930856
371.5385,100,47580.930869
461.87927,100,47580.930878
198.92943,100,47580.930887
238.92137,100,47580.930895
155.91273,100,47580.930903
485.4093,100,47580.930912
324.93918,100,47604.694169
420.2139,100,47604.694261
195.67473,100,47604.694284
208.67712,100,47604.694302
506.4671,100,47604.694319
563.718,100,47604.694334
206.00963,100,47604.694349
195.07957,100,47604.694364
250.85541,100,47619.136248
476.97556,100,47619.136323
407.5786,100,47619.136335
260.5836,100,47619.136344
418.06775,100,47619.136353
171.80373,100,47619.136362
229.82463,100,47619.13637
216.36926,100,47619.136379
217.80121,100,47642.266384
231.37108,100,47642.266461
276.88498,100,47642.266474
513.3191,100,47642.266484
562.1482,100,47642.266493
252.16414,100,47642.266502
224.35573,100,47642.26651
273.40506,100,47642.266519
292.85947,100,47665.483296
283.24356,100,47665.483366
233.1965,100,47665.483378
335.04092,100,47665.483388
234.85172,100,47665.483396
474.49655,100,47665.483405
259.5504,100,47665.483413
165.11322,100,47665.483422
407.64804,100,47677.930603
185.84363,100,47677.930676
380.09955,100,47677.930688
248.92587,100,47677.930697
241.07051,100,47677.930706
247.03879,100,47677.930715
403.85577,100,47677.930723
222.33195,100,47677.930732
234.11066,100,47700.357543
233.02544,100,47700.357623
249.53886,100,47700.357637
246.53197,100,47700.357647
223.5488,100,47700.357656
288.17368,100,47700.357666
245.05527,100,47700.357675
197.46475,100,47700.357684
231.14851,100,47714.282257
275.66183,100,47714.282329
350.36133,100,47714.282341
267.16513,100,47714.282351
168.00586,100,47714.282361
216.69948,100,47714.28237
199.15446,100,47714.282379
302.1091,100,47714.282388
268.41177,100,47737.016966
462.87274,100,47737.017051
214.99422,100,47737.017066
322.45248,100,47737.017075
456.89072,100,47737.017084
447.76697,100,47737.017093
193.80887,100,47737.017102
199.06416,100,47737.017111
226.55728,100,47750.758938
246.93686,100,47750.759026
270.03955,100,47750.75906
224.0572,100,47750.759077
230.20073,100,47750.759092
441.49835,100,47750.759107
454.1524,100,47750.759122
162.553,100,47750.759136
156.06718,100,47773.333115
511.02588,100,47773.333189
232.9143,100,47773.333202
204.06544,100,47773.333211
259.12735,100,47773.333219
212.7847,100,47773.333228
143.7231,100,47773.333236
232.58255,100,47773.333244
285.4773,100,47786.683635
227.93144,100,47786.683706
220.69489,100,47786.683719
232.89107,100,47786.683729
373.33813,100,47786.683738
229.761,100,47786.683746
340.71478,100,47786.683755
249.86734,100,47786.683764
244.00406,100,47810.589196
527.0987,100,47810.589269
414.62506,100,47810.589282
157.67372,100,47810.589291
472.07703,100,47810.5893
338.42105,100,47810.589309
215.43552,100,47810.589318
386.78467,100,47810.589327
217.86102,100,47834.273966
244.0758,100,47834.274053
229.57982,100,47834.274074
261.2943,100,47834.274087
246.94183,100,47834.2741
250.9432,100,47834.274112
417.91943,100,47834.274124
230.22925,100,47834.274136
278.01288,100,47848.090468
198.57497,100,47848.090561
211.35991,100,47848.090585
170.72014,100,47848.090602
232.05914,100,47848.090619
413.61493,100,47848.090635
224.54884,100,47848.090651
220.66267,100,47848.090667
218.87134,100,47871.219352
273.7591,100,47871.219428
210.25609,100,47871.21944
287.26047,100,47871.21945
305.89304,100,47871.219458
189.71019,100,47871.219467
263.12476,100,47871.219476
137.96542,100,47871.219484
190.14185,100,47885.010777
224.52107,100,47885.010869
247.93744,100,47885.01089
215.86389,100,47885.010906
506.453,100,47885.010921
523.58887,100,47885.010936
275.05496,100,47885.010952
528.9791,100,47885.010967
287.48105,100,47908.161341
243.63905,100,47908.161413
184.13338,100,47908.161438
208.27364,100,47908.161448
503.47174,100,47908.161457
221.50882,100,47908.161465
232.33873,100,47908.161474
175.35464,100,47908.161482
394.92944,100,47921.023265
263.99036,100,47921.02334
229.50102,100,47921.023353
521.43964,100,47921.023363
191.70367,100,47921.023372
200.23497,100,47921.023381
196.91884,100,47921.023389
185.69124,100,47921.023398
246.861,100,47944.939549
208.72144,100,47944.939622
527.5835,100,47944.939635
152.92285,100,47944.939644
226.65593,100,47944.939653
200.17932,100,47944.939662
229.8484,100,47944.93967
205.22285,100,47944.939679
175.04247,100,47967.690108
238.79993,100,47967.690179
532.3883,100,47967.690192
223.17174,100,47967.690202
212.28334,100,47967.690211
227.47026,100,47967.690219
186.59915,100,47967.690228
251.42726,100,47967.690237
198.9634,100,47981.562515
205.8958,100,47981.562604
221.05138,100,47981.562627
295.28918,100,47981.562644
219.09964,100,47981.56266
255.12752,100,47981.562676
341.7896,100,47981.562691
236.01897,100,47981.562707
291.54794,100,48004.587461
231.75493,100,48004.587535
218.6593,100,48004.587548
482.4731,100,48004.587559
321.84103,100,48004.587569
196.68169,100,48004.587578
244.2348,100,48004.587588
260.24072,100,48004.587596
221.67345,100,48017.572105
252.64595,100,48017.572193
240.89444,100,48017.572216
390.45078,100,48017.57224
195.9567,100,48017.572258
233.06819,100,48017.572275
446.39026,100,48017.572293
365.994,100,48017.572309
546.84985,100,48040.138315
277.46152,100,48040.138388
237.64738,100,48040.138401
431.78354,100,48040.13841
133.2496,100,48040.138419
517.0197,100,48040.138427
297.31824,100,48040.138436
385.4078,100,48040.138445
192.44763,100,48053.877697
434.022,100,48053.87777
192.53148,100,48053.877782
231.10971,100,48053.877792
491.73172,100,48053.8778
238.18658,100,48053.877809
241.04095,100,48053.877818
497.66052,100,48053.877826
373.55194,100,48075.74495
274.3114,100,48075.745025
241.67503,100,48075.745048
306.00308,100,48075.745058
217.14803,100,48075.745067
494.62112,100,48075.745076
530.4072,100,48075.745085
216.05739,100,48075.745093
267.60773,100,48088.439573
238.45879,100,48088.43965
211.82341,100,48088.439664
338.21417,100,48088.439674
147.29178,100,48088.439685
103.83501,100,48088.439696
230.2763,100,48088.439705
252.10927,100,48088.439714
207.90138,100,48111.229667
243.32141,100,48111.229742
244.16156,100,48111.229755
261.46973,100,48111.229765
94.779144,100,48111.229774
226.76909,100,48111.229783
282.9754,100,48111.229791
196.55275,100,48111.2298
294.56693,100,48133.927687
488.22314,100,48133.927756
220.0628,100,48133.927769
555.311,100,48133.927778
133.30583,100,48133.927787
519.5072,100,48133.927795
223.02539,100,48133.927804
238.96138,100,48133.927812
391.36047,100,48147.647125
555.27026,100,48147.647197
270.53372,100,48147.647209
540.59845,100,48147.647219
233.29242,100,48147.647228
221.06688,100,48147.647236
291.17065,100,48147.647245
232.96634,100,48147.647254
301.80975,100,48171.497871
221.93723,100,48171.497963
246.81982,100,48171.497984
243.53447,100,48171.498001
476.23526,100,48171.498017
224.29103,100,48171.498044
249.92792,100,48171.498063
253.83076,100,48171.498078
224.17308,100,48185.073064
492.8545,100,48185.073139
187.99725,100,48185.073153
246.42877,100,48185.073162
293.69583,100,48185.073171
267.5613,100,48185.07318
229.44246,100,48185.073189
228.77362,100,48185.073198
319.16617,100,48208.217388
226.40411,100,48208.21746
208.62346,100,48208.217473
346.58038,100,48208.217483
353.38815,100,48208.217492
259.6669,100,48208.217501
510.4494,100,48208.217509
306.71194,100,48208.217518
256.98315,100,48221.969851
368.80414,100,48221.969927
200.3352,100,48221.96994
216.02162,100,48221.96995
213.48317,100,48221.96996
380.18842,100,48221.969969
221.51968,100,48221.969979
228.25916,100,48221.969988
390.71246,100,48245.138156
259.23718,100,48245.138242
592.0819,100,48245.138258
258.80936,100,48245.13827
191.20166,100,48245.138282
337.8296,100,48245.138294
186.91336,100,48245.138323
238.27643,100,48245.138336
233.2602,100,48268.573538
254.23343,100,48268.573612
172.3658,100,48268.573626
246.28331,100,48268.573636
215.57042,100,48268.573644
266.96893,100,48268.573654
254.37982,100,48268.573663
240.38379,100,48268.573671
234.94504,100,48281.694858
289.30817,100,48281.694952
248.72322,100,48281.694978
222.63106,100,48281.694998
207.01102,100,48281.695015
261.1153,100,48281.695042
207.84105,100,48281.695064
254.94586,100,48281.695082
232.08127,100,48305.059886
408.0911,100,48305.059964
288.59772,100,48305.059977
205.47859,100,48305.059987
248.96352,100,48305.059996
219.6467,100,48305.060005
260.421,100,48305.060014
198.15282,100,48305.060023
159.52234,100,48318.905459
290.4178,100,48318.905533
200.1159,100,48318.905546
218.68521,100,48318.905555
219.89592,100,48318.905564
139.89752,100,48318.905573
207.14282,100,48318.905581
395.59906,100,48318.90559
260.1426,100,48342.520499
192.7889,100,48342.520574
211.48181,100,48342.520587
176.05103,100,48342.520597
515.26074,100,48342.520606
246.31613,100,48342.520615
191.38875,100,48342.520624
200.59323,100,48342.520633
516.1411,100,48356.189928
513.25525,100,48356.190003
529.3552,100,48356.190016
243.32117,100,48356.190026
233.39764,100,48356.190045
226.86357,100,48356.190054
242.5489,100,48356.190063
305.91504,100,48356.190072
205.17224,100,48378.533126
241.31247,100,48378.533203
256.56476,100,48378.533216
231.54042,100,48378.533224
205.94336,100,48378.533233
277.75955,100,48378.533242
260.17023,100,48378.53325
224.29208,100,48378.533259
220.1327,100,48392.063748
310.1573,100,48392.063821
227.10794,100,48392.063833
243.3549,100,48392.063843
225.13939,100,48392.063852
259.10724,100,48392.06386
259.61618,100,48392.063869
234.7412,100,48392.063878
224.44243,100,48415.096136
219.88057,100,48415.096214
272.06583,100,48415.096227
221.66899,100,48415.096236
241.34187,100,48415.096245
254.584,100,48415.096254
540.2252,100,48415.096263
533.7773,100,48415.096271
238.3458,100,48437.932544
183.28212,100,48437.932615
546.04706,100,48437.932628
251.1961,100,48437.932638
188.08784,100,48437.932648
302.3351,100,48437.932657
240.69942,100,48437.932666
299.35107,100,48437.932675
184.50464,100,48451.973192
286.6865,100,48451.973266
260.62366,100,48451.973279
439.1717,100,48451.97329
393.45856,100,48451.973299
258.16425,100,48451.973308
241.20522,100,48451.973317
252.94522,100,48451.973326
244.42264,100,48475.635779
239.25058,100,48475.635851
265.124,100,48475.635865
248.95796,100,48475.635874
199.94034,100,48475.635883
270.94598,100,48475.635891
329.726,100,48475.6359
267.16913,100,48475.635908
442.12442,100,48488.688504
255.36133,100,48488.688596
243.55453,100,48488.688618
288.08725,100,48488.688635
204.93279,100,48488.688652
285.19156,100,48488.688668
136.8512,100,48488.688684
225.95375,100,48488.6887
260.13843,100,48513.416355
210.93642,100,48513.416426
235.35216,100,48513.416438
200.09015,100,48513.416446
206.85858,100,48513.416455
485.45145,100,48513.416463
484.35474,100,48513.416471
244.24954,100,48513.416479
234.96486,100,48526.337676
243.03085,100,48526.337749
254.84761,100,48526.337761
470.36133,100,48526.33777
220.82938,100,48526.33778
203.10548,100,48526.337789
246.59605,100,48526.337798
223.93423,100,48526.337806
215.93051,100,48550.28708
266.67767,100,48550.287157
265.82355,100,48550.287169
587.4273,100,48550.287179
222.78044,100,48550.287188
541.2764,100,48550.287197
195.6747,100,48550.287206
311.8134,100,48550.287215
220.00514,100,48573.623574
251.30598,100,48573.62365
183.75536,100,48573.623663
202.16873,100,48573.623673
297.6264,100,48573.623683
185.83865,100,48573.623692
254.82271,100,48573.623701
223.73347,100,48573.62371
240.02603,100,48587.446594
445.0072,100,48587.446684
230.30644,100,48587.446709
259.79224,100,48587.446728
456.81857,100,48587.446745
221.6564,100,48587.446761
185.90291,100,48587.446777
203.2906,100,48587.446793
177.29762,100,48609.795227
495.9302,100,48609.795322
215.37614,100,48609.795347
167.32289,100,48609.795384
284.2098,100,48609.795405
186.14082,100,48609.795424
160.09103,100,48609.795441
192.31537,100,48609.79546
180.12337,100,48622.860624
248.51967,100,48622.860701
221.1477,100,48622.860714
275.28452,100,48622.860724
243.74185,100,48622.860734
242.469,100,48622.860743
483.53406,100,48622.860752
274.23923,100,48622.860761
209.56458,100,48646.591318
216.91063,100,48646.59139
255.65515,100,48646.591403
498.1479,100,48646.591413
252.40073,100,48646.591422
248.79805,100,48646.591431
239.83035,100,48646.591439
244.16068,100,48646.591448
239.62305,100,48661.129047
524.48206,100,48661.129142
467.18442,100,48661.129165
241.89384,100,48661.129182
218.8457,100,48661.129199
256.04892,100,48661.129215
217.70699,100,48661.129231
131.00803,100,48661.129247
254.98268,100,48683.806922
489.20984,100,48683.807005
441.0064,100,48683.807022
571.1715,100,48683.807045
152.53438,100,48683.80706
388.00732,100,48683.807073
530.458,100,48683.807085
294.05057,100,48683.807097
469.67828,100,48697.591026
246.97772,100,48697.591123
239.79492,100,48697.591145
351.96252,100,48697.591161
247.12617,100,48697.591177
531.36804,100,48697.591192
259.71155,100,48697.591206
242.4015,100,48697.591221
345.56052,100,48722.036246
236.65654,100,48722.036317
236.77687,100,48722.03633
273.1963,100,48722.03634
185.44604,100,48722.036348
552.3229,100,48722.036356
228.55394,100,48722.036365
553.5223,100,48722.036373
196.93777,100,48745.788141
400.55872,100,48745.788218
240.47017,100,48745.788231
228.88168,100,48745.78824
480.34387,100,48745.788249
232.30908,100,48745.788258
231.58484,100,48745.788266
412.76834,100,48745.788275
227.1002,100,48759.875181
457.48517,100,48759.87526
193.81183,100,48759.875274
535.66766,100,48759.875286
205.21065,100,48759.875296
199.86897,100,48759.875306
301.57922,100,48759.875316
268.70938,100,48759.875326
206.26077,100,48782.692599
219.4674,100,48782.692673
282.75766,100,48782.692687
254.82445,100,48782.692697
129.66945,100,48782.692705
217.5837,100,48782.692714
187.01166,100,48782.692724
362.2947,100,48782.692732
252.0296,100,48795.785927
188.02805,100,48795.786019
219.44633,100,48795.786057
563.1837,100,48795.786075
175.89665,100,48795.786092
233.39754,100,48795.786108
224.30046,100,48795.786123
255.35939,100,48795.786137
237.20786,100,48819.419598
267.71472,100,48819.419691
238.9332,100,48819.419713
282.5602,100,48819.419731
224.48407,100,48819.419747
362.21375,100,48819.419764
221.68665,100,48819.41978
241.36366,100,48819.419796
252.98315,100,48832.979099
159.66136,100,48832.979175
502.3493,100,48832.979187
494.2996,100,48832.979197
489.02805,100,48832.979206
296.0583,100,48832.979215
219.79721,100,48832.979224
380.634,100,48832.979232
219.76266,100,48856.552303
250.8369,100,48856.552374
233.35692,100,48856.552387
254.61234,100,48856.552396
174.52547,100,48856.552405
215.25053,100,48856.552414
259.1908,100,48856.552422
232.81429,100,48856.552431
269.36163,100,48880.149004
303.2451,100,48880.149087
241.24516,100,48880.1491
411.8954,100,48880.14911
228.03201,100,48880.149119
156.92685,100,48880.149128
237.3148,100,48880.149137
518.328,100,48880.149145
236.82515,100,48894.334609
388.21158,100,48894.334684
197.2749,100,48894.334697
447.56122,100,48894.334707
249.85724,100,48894.334716
365.56262,100,48894.334724
211.59976,100,48894.334733
241.12865,100,48894.334741
494.36346,100,48918.549013
254.75304,100,48918.549114
293.70245,100,48918.549137
147.54378,100,48918.549155
249.10509,100,48918.549172
229.06497,100,48918.549188
342.71484,100,48918.549205
487.87772,100,48918.549225
454.9406,100,48932.189205
262.93588,100,48932.189282
286.09814,100,48932.189295
211.77228,100,48932.189305
222.7499,100,48932.189313
205.6331,100,48932.189322
245.02412,100,48932.189331
202.55888,100,48932.18934
267.44266,100,48955.136193
155.56517,100,48955.13627
278.21216,100,48955.136283
270.6876,100,48955.136292
263.79056,100,48955.136302
217.3386,100,48955.13631
262.0232,100,48955.136319
237.73769,100,48955.136357
215.5273,100,48968.596568
529.34924,100,48968.596661
237.17764,100,48968.596684
246.95303,100,48968.596702
199.41649,100,48968.596719
253.61302,100,48968.596735
225.79605,100,48968.596751
597.9877,100,48968.596767
476.76566,100,48991.076513
215.67093,100,48991.076606
172.63612,100,48991.076627
315.10965,100,48991.076644
255.12387,100,48991.07666
404.67438,100,48991.076676
193.51938,100,48991.076691
442.64465,100,48991.076706
213.59505,100,49004.357177
195.84117,100,49004.357253
505.90637,100,49004.357266
223.89558,100,49004.357275
514.29083,100,49004.357284
312.64072,100,49004.357293
244.13165,100,49004.357302
237.44553,100,49004.357311
529.2442,100,49027.099641
430.46646,100,49027.099716
546.5796,100,49027.099729
239.35738,100,49027.099738
190.87541,100,49027.099746
256.1345,100,49027.099755
256.98413,100,49027.099764
240.37065,100,49027.099772
206.29898,100,49050.620297
246.99876,100,49050.620369
225.0422,100,49050.620382
232.82854,100,49050.620392
189.1954,100,49050.6204
392.94867,100,49050.620409
223.70149,100,49050.620418
246.7498,100,49050.620427
236.04665,100,49064.348483
286.64847,100,49064.348557
366.90598,100,49064.34857
224.99684,100,49064.348579
237.35835,100,49064.348588
282.45404,100,49064.348596
232.29007,100,49064.348605
310.997,100,49064.348613
489.605,100,49089.151713
249.7603,100,49089.151802
237.0493,100,49089.151824
248.47403,100,49089.151839
428.3329,100,49089.151855
234.9558,100,49089.15187
208.41917,100,49089.151885
360.1237,100,49089.1519
219.66621,100,49103.324377
264.26636,100,49103.324467
283.3248,100,49103.324488
258.92352,100,49103.324506
165.73706,100,49103.324522
261.41745,100,49103.324538
365.4711,100,49103.324553
245.64235,100,49103.324572
467.4353,100,49128.177817
271.4434,100,49128.177891
221.11345,100,49128.177903
316.45038,100,49128.177912
258.6429,100,49128.177921
237.69122,100,49128.17793
213.09633,100,49128.177938
243.06947,100,49128.177947
374.58746,100,49142.295316
424.27216,100,49142.295388
201.56601,100,49142.2954
180.00977,100,49142.295409
302.64673,100,49142.295417
232.26859,100,49142.295426
251.77917,100,49142.295434
261.12143,100,49142.295442
487.0144,100,49165.26376
232.11586,100,49165.263848
316.25757,100,49165.26387
207.9039,100,49165.263886
158.07527,100,49165.263902
240.98148,100,49165.263917
562.1328,100,49165.263932
256.33292,100,49165.263947
255.01039,100,49188.699643
281.30618,100,49188.699714
229.17743,100,49188.699726
400.88766,100,49188.699736
242.19807,100,49188.699745
276.06696,100,49188.699754
453.80728,100,49188.699762
394.5769,100,49188.699771
248.40045,100,49202.704674
243.22589,100,49202.704765
492.51376,100,49202.704786
381.11823,100,49202.704802
247.6372,100,49202.704817
487.04523,100,49202.704833
517.28076,100,49202.704848
380.0101,100,49202.704863
198.90106,100,49226.514615
410.04437,100,49226.514691
585.3081,100,49226.514704
206.05473,100,49226.514714
368.4773,100,49226.514723
309.5178,100,49226.514731
287.49875,100,49226.51474
397.03586,100,49226.514749
213.25665,100,49239.625883
578.81793,100,49239.625975
254.41687,100,49239.625996
231.56317,100,49239.626012
404.74802,100,49239.626026
196.28319,100,49239.626055
217.8296,100,49239.626069
405.3427,100,49239.626083
449.83942,100,49262.913236
351.06833,100,49262.913324
232.95317,100,49262.913345
297.29193,100,49262.913361
257.70856,100,49262.913376
158.77275,100,49262.91339
254.5981,100,49262.913405
540.36633,100,49262.91342
478.13037,100,49276.191302
321.00635,100,49276.191375
523.0676,100,49276.191387
244.0452,100,49276.191397
208.58257,100,49276.191406
210.9534,100,49276.191415
515.02905,100,49276.191423
397.21207,100,49276.191432
218.5591,100,49299.9126
386.21497,100,49299.912673
263.55457,100,49299.912685
306.3882,100,49299.912695
232.15913,100,49299.912704
560.9186,100,49299.912713
217.84004,100,49299.912721
268.735,100,49299.91273
379.92386,100,49313.952388
253.47551,100,49313.952464
197.94917,100,49313.952478
187.57497,100,49313.952492
292.63498,100,49313.952502
263.83496,100,49313.952511
358.31293,100,49313.952519
236.92426,100,49313.952528
352.21643,100,49337.414683
227.87291,100,49337.414779
218.6332,100,49337.414803
210.70978,100,49337.414821
355.44067,100,49337.414838
321.35913,100,49337.414855
410.9708,100,49337.414871
247.35635,100,49337.414888
209.29799,100,49360.19117
268.7498,100,49360.191242
203.90614,100,49360.191256
200.25134,100,49360.191266
236.36064,100,49360.191275
455.71857,100,49360.191285
270.77533,100,49360.191294
279.91995,100,49360.191303
244.75838,100,49374.194772
178.82474,100,49374.194847
255.45552,100,49374.19486
227.62859,100,49374.19487
383.39417,100,49374.19488
396.7222,100,49374.194889
234.29787,100,49374.194899
188.1309,100,49374.194908
211.33952,100,49396.980154
222.02689,100,49396.980227
261.1206,100,49396.98024
407.3791,100,49396.98025
195.48589,100,49396.980258
209.18396,100,49396.980267
219.9452,100,49396.980276
521.8895,100,49396.980285
242.77646,100,49410.367373
209.68767,100,49410.367467
480.33743,100,49410.367489
562.51404,100,49410.367507
490.48157,100,49410.367523
430.69705,100,49410.367539
457.58847,100,49410.367555
209.05125,100,49410.367571
309.16467,100,49433.624399
322.30203,100,49433.624476
217.86627,100,49433.62449
258.47617,100,49433.624501
279.46506,100,49433.624511
209.4271,100,49433.624521
247.40454,100,49433.62453
241.48384,100,49433.62454
237.8821,100,49446.754608
413.7465,100,49446.754697
219.8808,100,49446.754723
243.65497,100,49446.754742
303.76443,100,49446.754759
243.44821,100,49446.754777
365.8333,100,49446.754794
493.8533,100,49446.75481
229.56557,100,49470.216332
223.49817,100,49470.216403
210.34364,100,49470.216415
342.72513,100,49470.216425
251.92932,100,49470.216433
200.09462,100,49470.216442
238.07693,100,49470.21645
185.01312,100,49470.216459
318.37146,100,49493.548268
424.0305,100,49493.548343
217.04211,100,49493.548356
226.31528,100,49493.548366
204.95709,100,49493.548375
172.40065,100,49493.548384
231.01959,100,49493.548393
250.43825,100,49493.548402
304.75662,100,49507.701152
187.36539,100,49507.701223
394.55435,100,49507.701236
261.1165,100,49507.701246
491.77866,100,49507.701255
229.79138,100,49507.701264
189.31763,100,49507.701272
191.8888,100,49507.701281
190.82796,100,49531.111907
256.7658,100,49531.111979
201.83922,100,49531.111991
330.23593,100,49531.112
256.15915,100,49531.112009
231.29405,100,49531.112018
333.6882,100,49531.112026
277.20535,100,49531.112043
236.24971,100,49544.814441
277.9523,100,49544.814516
196.55705,100,49544.814528
192.71652,100,49544.814538
293.07663,100,49544.814547
143.29108,100,49544.814557
189.77477,100,49544.814566
448.0418,100,49544.814574
299.55975,100,49568.010707
249.3125,100,49568.010781
227.93907,100,49568.010794
529.1509,100,49568.010804
256.17368,100,49568.010814
206.272,100,49568.010823
246.81064,100,49568.010832
246.65213,100,49568.010841
400.83585,100,49582.338721
251.35295,100,49582.338813
189.98982,100,49582.338834
254.169,100,49582.33885
291.23923,100,49582.338866
179.5912,100,49582.338881
233.9558,100,49582.338895
269.888,100,49582.338909
268.30957,100,49604.930336
216.9031,100,49604.93041
219.54788,100,49604.930423
379.67017,100,49604.930433
240.65382,100,49604.930443
133.5545,100,49604.930452
359.72827,100,49604.930461
235.87181,100,49604.93047
206.09683,100,49619.818959
534.56604,100,49619.819055
576.25037,100,49619.819079
555.20557,100,49619.819094
192.56364,100,49619.819109
241.61589,100,49619.819124
359.4099,100,49619.819138
233.89244,100,49619.819153
380.53,100,49643.201766
348.0451,100,49643.201857
385.90344,100,49643.201879
268.67993,100,49643.201895
230.9131,100,49643.20191
173.62996,100,49643.201932
491.97626,100,49643.20195
425.95145,100,49643.201967
256.2014,100,49666.151769
210.65074,100,49666.151843
459.30786,100,49666.151855
215.10303,100,49666.151865
521.8183,100,49666.151874
272.14124,100,49666.151883
246.32803,100,49666.151892
235.01166,100,49666.1519
264.82138,100,49679.975331
242.922,100,49679.975403
337.1209,100,49679.975415
486.23004,100,49679.975424
243.98195,100,49679.975433
250.7108,100,49679.975441
207.76678,100,49679.97545
244.59569,100,49679.975459
460.55466,100,49703.780447
235.91566,100,49703.780521
258.65247,100,49703.780535
499.27853,100,49703.780545
181.76306,100,49703.780555
249.97644,100,49703.780564
567.20496,100,49703.780574
192.20517,100,49703.780584
255.84448,100,49718.062062
211.6677,100,49718.06215
288.50745,100,49718.06217
226.67542,100,49718.062186
425.268,100,49718.0622
315.62833,100,49718.062215
289.37164,100,49718.062229
494.05496,100,49718.062244
386.49454,100,49741.549183
255.23091,100,49741.549254
371.22388,100,49741.549268
243.50264,100,49741.54928
168.63173,100,49741.54929
214.39821,100,49741.549299
445.6076,100,49741.549308
240.96988,100,49741.549317
250.35896,100,49755.797253
427.24887,100,49755.797323
302.1559,100,49755.797336
234.40227,100,49755.797346
470.15915,100,49755.797354
513.4816,100,49755.797363
510.22418,100,49755.797371
191.17152,100,49755.79738
265.5196,100,49779.83644
244.62883,100,49779.836528
229.40877,100,49779.83655
330.4749,100,49779.836567
503.33215,100,49779.836583
251.75537,100,49779.8366
191.27592,100,49779.836615
224.88588,100,49779.836632
268.70462,100,49802.446159
289.0878,100,49802.446234
317.86865,100,49802.446248
456.813,100,49802.446258
295.0387,100,49802.446268
402.113,100,49802.446277
524.9929,100,49802.446286
175.04819,100,49802.446296
207.58778,100,49816.133837
293.4321,100,49816.133908
272.2526,100,49816.133921
197.27051,100,49816.133931
290.46707,100,49816.13394
421.6761,100,49816.133949
257.6424,100,49816.133958
247.45244,100,49816.133966
558.0027,100,49839.007544
220.79955,100,49839.007615
332.9665,100,49839.007629
272.18143,100,49839.007638
234.33492,100,49839.007648
220.53763,100,49839.007657
505.03036,100,49839.007666
528.8175,100,49839.007675
263.03812,100,49852.734133
223.4868,100,49852.734204
357.87744,100,49852.734216
455.21686,100,49852.734225
229.07008,100,49852.734234
264.71292,100,49852.734242
388.74353,100,49852.734251
419.33093,100,49852.734259
237.4528,100,49876.10162
274.00217,100,49876.101691
536.7371,100,49876.101703
474.47144,100,49876.101712
221.95349,100,49876.101721
135.17848,100,49876.101729
231.48083,100,49876.101738
257.14172,100,49876.101747
214.04227,100,49889.542673
298.7693,100,49889.542759
217.00656,100,49889.542781
311.30853,100,49889.542797
227.74217,100,49889.542812
137.2946,100,49889.542828
250.8953,100,49889.542843
600.8756,100,49889.542858
496.79605,100,49913.920645
181.73347,100,49913.920734
225.6026,100,49913.920755
398.9214,100,49913.92077
466.2143,100,49913.920786
252.94386,100,49913.920801
254.31668,100,49913.920816
504.98932,100,49913.92083
221.58698,100,49927.979098
276.0562,100,49927.979189
227.95248,100,49927.979211
161.88893,100,49927.979227
195.80359,100,49927.979243
380.86905,100,49927.979258
245.08885,100,49927.979273
243.42166,100,49927.979289
216.57158,100,49951.019078
358.34738,100,49951.019152
504.71475,100,49951.019165
521.5559,100,49951.019174
235.56047,100,49951.019183
241.45206,100,49951.019192
238.1591,100,49951.019201
259.9083,100,49951.019209
174.44157,100,49973.955513
566.77295,100,49973.95559
220.46594,100,49973.955603
419.23422,100,49973.955613
355.33905,100,49973.955622
214.94719,100,49973.955631
206.32315,100,49973.955641
452.94257,100,49973.95565
277.75,100,49987.681585
449.52814,100,49987.68166
509.03754,100,49987.681673
314.33368,100,49987.681682
294.88977,100,49987.681692
330.1736,100,49987.681701
199.10716,100,49987.68171
244.57726,100,49987.68172
321.53226,100,50011.213824
230.75473,100,50011.213901
230.8149,100,50011.213913
470.05273,100,50011.213924
224.06494,100,50011.213933
551.5116,100,50011.213943
242.12509,100,50011.213952
157.58641,100,50011.213961
559.51404,100,50024.9039
260.18326,100,50024.903974
182.94116,100,50024.903987
233.07321,100,50024.903996
531.0725,100,50024.904005
440.10486,100,50024.904042
197.45084,100,50024.904055
220.33107,100,50024.904064
278.93033,100,50048.3666
251.49486,100,50048.366671
263.8698,100,50048.366682
192.81721,100,50048.366692
456.87454,100,50048.3667
174.29791,100,50048.36671
211.34302,100,50048.366718
226.40498,100,50048.366726
222.98366,100,50061.849613
252.87027,100,50061.849687
242.4042,100,50061.849699
239.46442,100,50061.849708
266.4446,100,50061.849717
253.21805,100,50061.849725
245.00667,100,50061.849734
199.54703,100,50061.849742
176.8378,100,50085.010977
494.64188,100,50085.011058
191.13997,100,50085.011073
223.51984,100,50085.011082
240.31201,100,50085.011091
230.14627,100,50085.0111
266.44345,100,50085.011109
209.2004,100,50085.011118
245.07022,100,50108.40048
387.42377,100,50108.400552
249.18646,100,50108.400565
337.92032,100,50108.400574
250.79715,100,50108.400583
210.00311,100,50108.400592
299.7983,100,50108.4006
232.3105,100,50108.400609
296.04803,100,50122.658552
426.51074,100,50122.658625
243.93498,100,50122.658638
205.60312,100,50122.658647
248.51167,100,50122.658656
224.69283,100,50122.658664
429.863,100,50122.658673
498.2432,100,50122.658682
319.69797,100,50146.118548
549.2192,100,50146.118618
469.82495,100,50146.11863
248.51869,100,50146.118639
196.21748,100,50146.118648
497.50232,100,50146.118656
185.81941,100,50146.118665
407.2339,100,50146.118673
328.77472,100,50159.553078
307.9831,100,50159.553155
135.45393,100,50159.553168
483.8462,100,50159.553179
211.5243,100,50159.553188
307.7668,100,50159.553197
228.06577,100,50159.553206
272.73923,100,50159.553216
437.22607,100,50182.720581
239.57619,100,50182.72065
261.63748,100,50182.720662
435.71948,100,50182.720671
187.45918,100,50182.72068
197.74736,100,50182.720689
236.1125,100,50182.720698
211.85754,100,50182.720706
489.03622,100,50196.64221
543.6865,100,50196.642277
316.6388,100,50196.642291
230.848,100,50196.6423
320.0339,100,50196.64231
244.62573,100,50196.642318
258.3666,100,50196.642328
220.67987,100,50196.642336
275.81366,100,50219.97224
298.00522,100,50219.972329
194.52676,100,50219.97235
255.07645,100,50219.972367
221.91176,100,50219.972382
488.7735,100,50219.972398
350.73676,100,50219.972413
243.87764,100,50219.972428
321.9385,100,50234.903929
275.9426,100,50234.904003
541.3287,100,50234.904016
230.61005,100,50234.904025
577.4759,100,50234.904044
227.92741,100,50234.904053
235.46016,100,50234.904061
250.38818,100,50234.90407
241.04668,100,50258.872511
233.51973,100,50258.872582
247.50807,100,50258.872594
290.5955,100,50258.872603
281.18475,100,50258.872612
306.50812,100,50258.872621
151.02353,100,50258.872629
155.7497,100,50258.872638
276.1246,100,50281.473553
218.26616,100,50281.473627
273.9416,100,50281.47364
266.14798,100,50281.47365
172.48752,100,50281.473659
462.97766,100,50281.473668
216.64899,100,50281.473677
467.45544,100,50281.473685
293.40323,100,50295.279535
247.84088,100,50295.279608
474.49197,100,50295.279621
330.7733,100,50295.27963
187.27129,100,50295.279639
259.0999,100,50295.279647
475.37204,100,50295.279656
265.5612,100,50295.279665
208.78793,100,50318.388979
306.89023,100,50318.389054
191.792,100,50318.389069
256.9965,100,50318.389078
336.97388,100,50318.389087
217.47809,100,50318.389096
327.54492,100,50318.389104
378.96417,100,50318.389113
295.99283,100,50332.082388
562.02386,100,50332.082459
271.22418,100,50332.082472
247.93358,100,50332.082482
189.512,100,50332.082491
240.21342,100,50332.082499
265.25385,100,50332.082508
137.71036,100,50332.082517
259.8317,100,50355.618951
509.4575,100,50355.619021
538.6624,100,50355.619042
411.94864,100,50355.619052
555.06604,100,50355.619062
254.3282,100,50355.619071
155.03516,100,50355.619079
235.17526,100,50355.619088
275.7054,100,50369.432312
188.85162,100,50369.432385
468.8677,100,50369.432398
184.97365,100,50369.432407
189.34906,100,50369.432416
501.14133,100,50369.432425
231.05632,100,50369.432433
285.91135,100,50369.432442
257.30173,100,50392.402982
242.88293,100,50392.403071
212.11548,100,50392.403085
203.73624,100,50392.403095
271.1998,100,50392.403104
420.78616,100,50392.403113
213.09872,100,50392.403121
582.6795,100,50392.40313
170.53601,100,50415.835545
565.6592,100,50415.835619
273.22955,100,50415.835632
176.72002,100,50415.835642
282.546,100,50415.835651
197.76389,100,50415.83566
454.93607,100,50415.835668
244.17393,100,50415.835677
298.2491,100,50429.247627
236.99347,100,50429.24771
247.86769,100,50429.247731
247.27472,100,50429.247747
330.21567,100,50429.247761
457.26492,100,50429.247776
303.31274,100,50429.24779
239.35045,100,50429.247805
168.1657,100,50452.810502
268.078,100,50452.810576
276.9182,100,50452.81059
216.08572,100,50452.8106
277.43674,100,50452.810609
192.92229,100,50452.810619
233.01112,100,50452.810628
244.02765,100,50452.810637
240.47502,100,50465.732255
199.87074,100,50465.732325
576.85266,100,50465.732338
268.50125,100,50465.732347
253.12306,100,50465.732356
322.3515,100,50465.732365
531.3301,100,50465.732374
297.08826,100,50465.732383
295.8172,100,50488.41137
237.76912,100,50488.411443
495.49347,100,50488.411456
496.18146,100,50488.411466
266.06122,100,50488.411475
509.17926,100,50488.411484
226.72684,100,50488.411492
178.38832,100,50488.411501
397.21704,100,50502.704435
284.96323,100,50502.704525
436.92087,100,50502.704549
312.49576,100,50502.704566
225.83968,100,50502.704583
229.35072,100,50502.7046
481.46106,100,50502.704618
491.22354,100,50502.704635
221.62189,100,50526.581166
460.54752,100,50526.581239
543.36365,100,50526.581252
213.69162,100,50526.581262
492.67523,100,50526.581271
466.82068,100,50526.58128
497.97476,100,50526.581289
379.8007,100,50526.581298
178.4349,100,50540.891735
211.70325,100,50540.891826
268.93683,100,50540.891847
249.66121,100,50540.891863
386.782,100,50540.891879
160.68439,100,50540.891894
375.64642,100,50540.891909
451.29453,100,50540.891923
268.81174,100,50564.273974
278.6885,100,50564.274057
445.60977,100,50564.274073
312.7327,100,50564.274082
201.52464,100,50564.274091
524.52136,100,50564.2741
255.98555,100,50564.274109
282.93594,100,50564.274119
475.19205,100,50587.44635
214.62137,100,50587.446424
388.78168,100,50587.446437
261.23322,100,50587.446448
380.08627,100,50587.446457
170.1925,100,50587.446466
333.90894,100,50587.446475
492.0407,100,50587.446484
180.90424,100,50601.72672
465.29623,100,50601.726794
275.9724,100,50601.726806
318.107,100,50601.726816
201.20523,100,50601.726825
224.425,100,50601.726834
250.88715,100,50601.726843
457.45108,100,50601.726851
268.99115,100,50624.813515
307.1784,100,50624.813585
220.71268,100,50624.813598
241.69019,100,50624.813608
184.26913,100,50624.813617
302.97534,100,50624.813626
221.10521,100,50624.813635
280.62735,100,50624.813644
161.42764,100,50638.611515
515.32263,100,50638.611608
456.89706,100,50638.611632
208.9305,100,50638.61165
243.65771,100,50638.611667
491.54108,100,50638.611685
254.46414,100,50638.611701
378.33032,100,50638.611716
564.971,100,50662.114591
478.504,100,50662.114667
336.36462,100,50662.11468
232.24727,100,50662.11469
223.66551,100,50662.114699
333.3442,100,50662.114708
236.4807,100,50662.114717
265.4724,100,50662.114725
427.85394,100,50675.957958
234.84984,100,50675.95804
538.87134,100,50675.958056
258.17664,100,50675.958066
252.05609,100,50675.958075
217.52975,100,50675.958084
251.40977,100,50675.958093
261.23148,100,50675.958102
398.09402,100,50700.159862
614.0559,100,50700.15995
204.79787,100,50700.159971
424.42474,100,50700.159987
194.81543,100,50700.160002
330.70404,100,50700.160018
253.71382,100,50700.160047
232.95253,100,50700.160063
231.59819,100,50723.959994
215.67917,100,50723.960078
339.15958,100,50723.960094
375.67325,100,50723.960106
211.20976,100,50723.960115
383.08054,100,50723.960123
267.34167,100,50723.960132
250.4383,100,50723.96014
208.79877,100,50737.672881
191.89424,100,50737.672951
581.22314,100,50737.672964
288.43524,100,50737.672973
528.3322,100,50737.672982
449.66052,100,50737.672991
527.349,100,50737.673012
173.10178,100,50737.673021
213.45367,100,50760.699918
244.37248,100,50760.699991
279.52765,100,50760.700004
222.63513,100,50760.700015
407.3685,100,50760.700023
505.42938,100,50760.700042
254.85466,100,50760.700052
496.95087,100,50760.700061
487.6414,100,50774.216369
231.3295,100,50774.216439
311.32272,100,50774.216452
414.44006,100,50774.216461
244.67767,100,50774.21647
245.4794,100,50774.216479
249.62756,100,50774.216487
256.91888,100,50774.216496
425.14786,100,50797.544648
218.91847,100,50797.544735
177.995,100,50797.544756
266.7864,100,50797.544773
450.87985,100,50797.544788
219.37062,100,50797.544804
169.31892,100,50797.544819
237.82909,100,50797.544835
285.50366,100,50810.512937
247.50485,100,50810.513024
378.68503,100,50810.51306
233.5167,100,50810.513078
243.28741,100,50810.513094
211.90567,100,50810.51311
230.37619,100,50810.513125
240.67607,100,50810.51314
226.8243,100,50834.33458
319.47195,100,50834.334669
209.47424,100,50834.33469
418.07333,100,50834.334706
436.88904,100,50834.334721
254.36812,100,50834.334736
264.6059,100,50834.334751
290.32526,100,50834.334765
358.84756,100,50847.859713
241.98877,100,50847.859783
229.14638,100,50847.859795
195.60013,100,50847.859804
200.59981,100,50847.859813
227.35233,100,50847.859822
242.99829,100,50847.85983
247.7637,100,50847.859839
433.884,100,50872.018961
257.4049,100,50872.019059
283.46268,100,50872.019085
230.95952,100,50872.019102
244.96864,100,50872.019117
197.17671,100,50872.019132
226.42804,100,50872.019147
488.32275,100,50872.019161
251.79572,100,50895.920651
218.05565,100,50895.92074
252.69385,100,50895.920761
397.90964,100,50895.920777
245.19583,100,50895.920792
189.25043,100,50895.920807
174.58174,100,50895.920822
263.05057,100,50895.920838
253.73717,100,50909.881425
227.67653,100,50909.881496
238.56544,100,50909.881509
332.63232,100,50909.881518
254.59325,100,50909.881527
477.53293,100,50909.881536
247.92737,100,50909.881544
443.02682,100,50909.881553
218.55586,100,50932.92117
410.21655,100,50932.921241
380.4339,100,50932.921253
348.59338,100,50932.921262
219.81435,100,50932.921271
392.71136,100,50932.92128
505.06116,100,50932.921288
630.3665,100,50932.921296
263.34006,100,50946.176564
236.96638,100,50946.176672
572.2674,100,50946.176703
493.48108,100,50946.176726
203.3675,100,50946.176746
217.80937,100,50946.176768
236.67741,100,50946.176788
203.49985,100,50946.176808
217.50739,100,50969.168834
253.87479,100,50969.16891
246.53705,100,50969.168922
221.11488,100,50969.168932
488.86658,100,50969.168941
223.6832,100,50969.16895
246.31723,100,50969.168959
234.04552,100,50969.168967
382.22314,100,50982.876131
398.79578,100,50982.876205
219.30832,100,50982.876218
388.9618,100,50982.876227
268.9255,100,50982.876236
214.93358,100,50982.876245
269.9383,100,50982.876254
258.02222,100,50982.876264
215.71608,100,51005.986462
441.96967,100,51005.986537
364.10034,100,51005.98655
193.51578,100,51005.98656
305.768,100,51005.986569
217.86975,100,51005.986579
440.9954,100,51005.986588
223.82768,100,51005.986597
261.18402,100,51028.651898
514.2769,100,51028.651972
254.14775,100,51028.651985
425.67947,100,51028.651996
374.12314,100,51028.652005
360.66248,100,51028.652014
167.03291,100,51028.652024
245.77061,100,51028.652044
231.71982,100,51042.962067
242.87567,100,51042.962141
445.2737,100,51042.962154
230.2512,100,51042.962163
210.1256,100,51042.962172
183.59523,100,51042.96218
272.83057,100,51042.962189
215.12767,100,51042.962198
246.58862,100,51066.667583
421.15372,100,51066.667656
217.60577,100,51066.667669
254.72441,100,51066.667678
279.84393,100,51066.667687
260.38907,100,51066.667696
345.36624,100,51066.667705
253.12096,100,51066.667714
464.55804,100,51080.136052
466.7003,100,51080.136131
452.06726,100,51080.136144
208.1277,100,51080.136153
214.9043,100,51080.136163
260.50336,100,51080.136172
271.44153,100,51080.136181
229.22142,100,51080.13619
247.31633,100,51103.519795
305.4131,100,51103.519864
485.76392,100,51103.519896
427.142,100,51103.519907
240.16359,100,51103.519917
254.01292,100,51103.519926
256.52332,100,51103.519936
211.55528,100,51103.519944
253.23625,100,51116.977981
185.75027,100,51116.978064
231.63597,100,51116.978077
477.2732,100,51116.978087
510.87396,100,51116.978095
219.08582,100,51116.978104
232.98047,100,51116.978112
589.3352,100,51116.978121
269.21484,100,51139.381149
261.50558,100,51139.381243
248.7267,100,51139.381269
216.31651,100,51139.381288
225.01587,100,51139.381306
299.01556,100,51139.381324
237.10333,100,51139.381342
205.45726,100,51139.381359
366.58392,100,51153.153124
382.2567,100,51153.153198
210.41658,100,51153.15321
222.63905,100,51153.15322
272.25076,100,51153.153229
218.1096,100,51153.153238
241.1515,100,51153.153247
226.61519,100,51153.153256
538.42993,100,51176.663264
208.6373,100,51176.663339
269.39017,100,51176.663353
324.1833,100,51176.663363
200.89368,100,51176.663372
395.01135,100,51176.663382
220.31586,100,51176.663391
303.08453,100,51176.6634
209.10896,100,51199.801144
237.24045,100,51199.801236
214.35497,100,51199.801257
268.50827,100,51199.801272
189.28781,100,51199.801287
248.68651,100,51199.801301
407.68658,100,51199.801315
244.59511,100,51199.801329
227.82869,100,51212.865247
137.74387,100,51212.865315
536.07434,100,51212.865328
204.64857,100,51212.865337
250.4727,100,51212.865346
300.54797,100,51212.865355
219.28831,100,51212.865364
238.84476,100,51212.865373
185.14182,100,51236.49478
338.52933,100,51236.494857
300.83667,100,51236.494869
234.63087,100,51236.494879
223.43532,100,51236.494888
235.00084,100,51236.494897
195.03036,100,51236.494906
206.21771,100,51236.494915
515.968,100,51251.331281
160.75111,100,51251.331356
226.8751,100,51251.331369
356.51562,100,51251.331378
223.9918,100,51251.331388
184.0811,100,51251.331396
248.53316,100,51251.331405
564.00696,100,51251.331414
204.02063,100,51274.992181
214.65685,100,51274.992258
448.89862,100,51274.992272
212.94214,100,51274.992286
212.75635,100,51274.992295
159.09077,100,51274.992305
222.32253,100,51274.992314
259.03943,100,51274.992323
154.09955,100,51288.129109
244.00087,100,51288.12918
229.76442,100,51288.129193
254.52336,100,51288.129203
202.4028,100,51288.129212
247.56822,100,51288.129221
308.65158,100,51288.12923
173.27084,100,51288.129238
250.60184,100,51310.877894
211.51122,100,51310.877964
543.3312,100,51310.877977
253.93372,100,51310.877987
276.0508,100,51310.877996
214.88098,100,51310.878005
240.05122,100,51310.878014
176.41728,100,51310.878023
361.43607,100,51334.30245
268.7801,100,51334.302524
281.48627,100,51334.302538
412.8567,100,51334.302548
397.3014,100,51334.302558
247.77908,100,51334.302567
251.0744,100,51334.302577
228.95638,100,51334.302586
239.95683,100,51349.521679
251.30484,100,51349.521752
504.86267,100,51349.521765
325.60513,100,51349.521775
370.83383,100,51349.521784
340.24124,100,51349.521792
188.56732,100,51349.521801
411.3297,100,51349.52181
249.6381,100,51372.417174
170.28973,100,51372.417244
232.95953,100,51372.417257
215.7054,100,51372.417267
260.64682,100,51372.417276
498.1764,100,51372.417286
248.58582,100,51372.417295
182.6031,100,51372.417304
268.53552,100,51386.041475
238.97516,100,51386.041549
165.00148,100,51386.041562
233.75891,100,51386.041572
249.01837,100,51386.041581
261.6954,100,51386.04159
235.7006,100,51386.041598
293.94833,100,51386.041607
220.85942,100,51409.122107
188.95815,100,51409.12218
222.23003,100,51409.122193
234.43889,100,51409.122203
241.4641,100,51409.122212
363.54886,100,51409.122221
148.08755,100,51409.12223
493.27826,100,51409.122238
236.10979,100,51424.284621
525.57983,100,51424.284714
182.38463,100,51424.284737
249.42436,100,51424.284755
309.8121,100,51424.284772
410.90512,100,51424.284788
428.7305,100,51424.284805
401.31894,100,51424.284821
187.77661,100,51447.325866
218.53754,100,51447.32594
196.01485,100,51447.325954
205.76389,100,51447.325964
242.3044,100,51447.325973
543.6951,100,51447.325982
216.13779,100,51447.326005
225.591,100,51447.326014
204.31273,100,51461.555307
262.92584,100,51461.555399
243.8541,100,51461.555422
285.82675,100,51461.555441
141.0199,100,51461.555458
227.04597,100,51461.555474
483.57953,100,51461.55549
302.42285,100,51461.555507
179.91148,100,51485.195854
440.28564,100,51485.19593
357.88782,100,51485.195944
328.62137,100,51485.195956
223.21988,100,51485.195966
242.34335,100,51485.195976
245.21109,100,51485.195986
288.96378,100,51485.195995
269.2492,100,51507.864813
489.6887,100,51507.864897
196.79187,100,51507.864917
243.523,100,51507.864931
225.65134,100,51507.864944
194.96486,100,51507.864957
176.156,100,51507.86497
496.73007,100,51507.864984
389.87744,100,51521.757504
429.5207,100,51521.757578
417.61093,100,51521.757591
257.77823,100,51521.7576
215.31805,100,51521.757609
254.76218,100,51521.757618
256.94733,100,51521.757627
216.93884,100,51521.757635
220.58327,100,51545.568515
224.65913,100,51545.568586
242.80095,100,51545.568599
515.0455,100,51545.568608
278.6564,100,51545.568617
421.16248,100,51545.568626
221.29417,100,51545.568635
246.93219,100,51545.568644
540.17957,100,51558.583359
268.354,100,51558.583438
194.77097,100,51558.583451
232.10455,100,51558.583461
210.68425,100,51558.583471
543.09735,100,51558.58348
219.52974,100,51558.58349
164.32004,100,51558.583499
467.90125,100,51583.178397
192.02025,100,51583.178482
230.24928,100,51583.178504
359.20728,100,51583.178522
241.14766,100,51583.178537
255.29042,100,51583.178553
550.03076,100,51583.178569
360.61603,100,51583.178585
204.67462,100,51596.347294
501.67297,100,51596.347368
465.14246,100,51596.34738
317.11218,100,51596.347389
250.77312,100,51596.347397
199.36035,100,51596.347405
249.5604,100,51596.347414
259.8045,100,51596.347422
596.8541,100,51619.334053
218.0879,100,51619.334132
466.89865,100,51619.334145
274.7063,100,51619.334156
269.77176,100,51619.334165
268.9826,100,51619.334174
311.94534,100,51619.334184
259.79163,100,51619.334193
238.02626,100,51642.815015
259.00436,100,51642.815098
227.90472,100,51642.815111
258.1019,100,51642.815121
199.51073,100,51642.81513
173.46368,100,51642.815139
203.13225,100,51642.815149
242.24954,100,51642.815158
274.08212,100,51656.069229
382.41714,100,51656.069301
230.16064,100,51656.069315
203.52744,100,51656.069324
211.85597,100,51656.069335
248.11266,100,51656.069345
201.6841,100,51656.069353
246.5155,100,51656.069362
258.07062,100,51679.605554
184.59142,100,51679.605625
458.50055,100,51679.605637
310.4464,100,51679.605646
241.6414,100,51679.605654
495.4967,100,51679.605663
246.2944,100,51679.605671
528.2716,100,51679.605679
493.62695,100,51693.751629
254.78725,100,51693.75172
275.90216,100,51693.751741
343.23157,100,51693.751758
287.58615,100,51693.751773
246.75931,100,51693.751789
171.77734,100,51693.751803
264.45374,100,51693.751818
491.32474,100,51716.45481
217.90663,100,51716.454906
232.04509,100,51716.454929
261.93353,100,51716.454947
306.69846,100,51716.454964
238.03929,100,51716.45498
201.60526,100,51716.454996
183.16252,100,51716.455013
241.81659,100,51730.480956
348.518,100,51730.481028
227.75175,100,51730.481051
256.07382,100,51730.481061
199.34882,100,51730.481069
295.2398,100,51730.481078
239.56882,100,51730.481086
227.06784,100,51730.481094
253.32228,100,51753.934972
240.96666,100,51753.935058
160.18549,100,51753.935076
271.633,100,51753.935086
454.64395,100,51753.935096
475.36682,100,51753.935105
284.82657,100,51753.935114
370.43417,100,51753.935124
257.70258,100,51766.995516
492.9437,100,51766.995589
181.94948,100,51766.995601
227.94357,100,51766.995611
241.08249,100,51766.99562
174.57315,100,51766.995629
202.2229,100,51766.995637
240.37204,100,51766.995646
205.05173,100,51791.379251
253.14497,100,51791.379339
211.13017,100,51791.37936
203.75215,100,51791.379377
257.3818,100,51791.379392
145.97046,100,51791.379407
374.77307,100,51791.379421
361.477,100,51791.379436
267.95053,100,51814.589217
174.87683,100,51814.589292
257.2476,100,51814.589318
260.2645,100,51814.589328
203.46452,100,51814.589337
272.30508,100,51814.589346
243.99683,100,51814.589355
355.4751,100,51814.589364
220.05708,100,51827.912964
301.21216,100,51827.913046
289.1367,100,51827.913064
258.46277,100,51827.913074
239.06908,100,51827.913084
471.79538,100,51827.913093
201.58836,100,51827.913103
258.2525,100,51827.913112
215.22507,100,51851.55747
237.08269,100,51851.557543
278.9634,100,51851.557556
261.29984,100,51851.557566
133.38396,100,51851.557575
235.1717,100,51851.557583
256.85587,100,51851.557592
214.85555,100,51851.557601
579.5196,100,51865.710003
234.50511,100,51865.710103
332.1991,100,51865.710126
445.01306,100,51865.710145
159.6724,100,51865.710162
341.0019,100,51865.710178
273.27423,100,51865.710194
203.12206,100,51865.710211
216.30624,100,51888.417527
215.87875,100,51888.417616
214.66676,100,51888.417639
245.82062,100,51888.417656
330.3492,100,51888.417673
346.1826,100,51888.41769
258.52295,100,51888.417706
184.24864,100,51888.417722
266.70334,100,51902.703471
350.65155,100,51902.703547
258.09833,100,51902.70356
534.69794,100,51902.70357
234.21243,100,51902.70358
254.86137,100,51902.703589
449.95502,100,51902.703598
236.30156,100,51902.703608
177.02005,100,51926.217604
214.42174,100,51926.217676
301.55386,100,51926.217692
301.33173,100,51926.217704
277.60413,100,51926.217716
172.63501,100,51926.217726
548.1961,100,51926.217734
239.90175,100,51926.217743
528.6572,100,51949.608816
246.16412,100,51949.608888
262.56317,100,51949.6089
269.39194,100,51949.60891
340.59283,100,51949.608919
509.4466,100,51949.608928
266.26236,100,51949.608936
244.11754,100,51949.608945
254.37514,100,51963.499581
248.75177,100,51963.499652
475.8741,100,51963.499665
582.1566,100,51963.499675
246.27394,100,51963.499684
256.00076,100,51963.499692
444.34842,100,51963.499701
269.22623,100,51963.499709
565.7572,100,51987.196447
233.88667,100,51987.196548
260.82233,100,51987.196579
224.99434,100,51987.196603
243.3281,100,51987.196627
251.4519,100,51987.196649
216.70413,100,51987.196671
247.76843,100,51987.196694
380.59375,100,52000.750702
244.676,100,52000.750796
346.56512,100,52000.750818
202.15404,100,52000.750834
144.55446,100,52000.750849
253.15846,100,52000.750864
288.0242,100,52000.750879
290.32886,100,52000.750893
283.8648,100,52024.14841
234.07239,100,52024.148479
136.23918,100,52024.148491
365.09924,100,52024.1485
178.30746,100,52024.148509
513.7048,100,52024.148518
325.73993,100,52024.148526
390.0606,100,52024.148534
242.48491,100,52038.168357
378.68054,100,52038.168428
371.97614,100,52038.16844
283.8846,100,52038.16845
221.19635,100,52038.168458
193.94681,100,52038.168467
432.5187,100,52038.168475
225.09935,100,52038.168484
207.18025,100,52060.663772
227.40883,100,52060.663844
353.89536,100,52060.663857
220.40451,100,52060.663866
255.97046,100,52060.663875
244.08731,100,52060.663883
291.65097,100,52060.663893
216.2665,100,52060.663901
262.08224,100,52075.232764
188.27821,100,52075.232841
392.87573,100,52075.232862
250.497,100,52075.232878
235.99806,100,52075.232893
268.55493,100,52075.232908
489.8421,100,52075.232923
250.67915,100,52075.232937
151.49629,100,52097.984685
165.02641,100,52097.984759
397.0351,100,52097.984772
216.80144,100,52097.984782
274.34464,100,52097.984792
252.64943,100,52097.984801
252.41953,100,52097.98481
426.39905,100,52097.984819
265.0199,100,52121.036064
259.752,100,52121.036139
211.40036,100,52121.036152
208.80159,100,52121.036162
318.30554,100,52121.036171
212.25941,100,52121.03618
242.42801,100,52121.036189
273.2804,100,52121.036197
346.951,100,52134.566109
493.56897,100,52134.566187
330.70554,100,52134.5662
242.0088,100,52134.566209
241.27727,100,52134.566218
268.00034,100,52134.566227
181.86943,100,52134.566236
349.9417,100,52134.566244
267.26425,100,52157.530494
181.1722,100,52157.530571
217.97395,100,52157.530585
238.45923,100,52157.530595
252.00165,100,52157.530605
216.40758,100,52157.530615
233.72163,100,52157.530637
334.02478,100,52157.530647
489.43756,100,52171.932132
235.1441,100,52171.932206
208.45073,100,52171.932219
210.43796,100,52171.932229
194.52173,100,52171.932238
258.5067,100,52171.932246
315.5301,100,52171.932255
228.2378,100,52171.932264
260.1175,100,52196.150719
227.29875,100,52196.150791
213.74901,100,52196.150803
405.5288,100,52196.150812
218.0303,100,52196.150821
215.76949,100,52196.15083
269.71927,100,52196.150838
482.55795,100,52196.150847
184.29156,100,52209.102935
378.8443,100,52209.103012
206.10161,100,52209.103024
305.25287,100,52209.103041
254.52211,100,52209.103051
213.58784,100,52209.10306
246.68756,100,52209.103069
442.74567,100,52209.103077
227.82852,100,52232.347052
278.72327,100,52232.347127
186.15474,100,52232.347141
238.15927,100,52232.34715
251.23558,100,52232.34716
381.01758,100,52232.347169
322.22302,100,52232.347178
265.54147,100,52232.347187
291.0357,100,52255.77938
261.97293,100,52255.779453
229.33977,100,52255.779466
416.79788,100,52255.779476
260.50067,100,52255.779485
341.8231,100,52255.779493
350.96613,100,52255.779503
306.05298,100,52255.779511
172.76843,100,52269.521996
190.24382,100,52269.522079
330.17435,100,52269.522091
261.04617,100,52269.522101
269.519,100,52269.52211
349.9707,100,52269.522118
225.71616,100,52269.522127
193.70477,100,52269.522136
236.39745,100,52293.306484
264.70773,100,52293.306562
155.88298,100,52293.306579
243.14142,100,52293.306592
272.8311,100,52293.306604
227.63371,100,52293.306616
500.3525,100,52293.306628
263.61,100,52293.30664
229.10725,100,52306.522577
246.71591,100,52306.522671
223.88733,100,52306.522694
566.0062,100,52306.522712
444.39838,100,52306.522729
248.71588,100,52306.522745
197.21906,100,52306.522761
197.53694,100,52306.522778
243.50745,100,52329.887311
544.4888,100,52329.887403
236.27191,100,52329.887426
202.29698,100,52329.887443
439.6418,100,52329.887459
249.39502,100,52329.887475
257.0543,100,52329.88749
262.08823,100,52329.887505
391.46716,100,52343.597398
223.80789,100,52343.597489
270.20572,100,52343.597511
229.05913,100,52343.597529
169.88896,100,52343.597546
484.45676,100,52343.597562
204.21158,100,52343.597578
214.72528,100,52343.597594
195.42845,100,52366.18723
190.80847,100,52366.18732
225.96643,100,52366.187341
260.5739,100,52366.187357
268.33087,100,52366.187372
152.07788,100,52366.187387
382.21005,100,52366.187402
272.51508,100,52366.187417
225.57024,100,52379.392517
453.6505,100,52379.392593
253.75935,100,52379.392605
543.0204,100,52379.392614
175.30244,100,52379.392623
489.9403,100,52379.392632
226.3207,100,52379.39264
316.66348,100,52379.392648
245.66109,100,52403.013851
437.89615,100,52403.013928
242.90115,100,52403.01394
393.65317,100,52403.01395
187.43169,100,52403.013959
268.3091,100,52403.013968
281.95718,100,52403.013976
252.70596,100,52403.013984
455.41568,100,52426.798268
267.2204,100,52426.79836
563.3582,100,52426.798383
222.92502,100,52426.798401
516.50964,100,52426.798417
262.44824,100,52426.798433
374.30695,100,52426.798449
514.1382,100,52426.798464
246.72966,100,52440.47243
244.69537,100,52440.472506
231.86786,100,52440.472518
235.08655,100,52440.472527
208.9907,100,52440.472536
391.13068,100,52440.472544
243.54077,100,52440.472553
319.8569,100,52440.472562
298.7749,100,52463.690476
209.51286,100,52463.69055
270.8127,100,52463.690563
225.3699,100,52463.690573
539.1212,100,52463.690583
253.0302,100,52463.690592
233.51424,100,52463.690601
246.57835,100,52463.69061
187.06718,100,52476.930712
227.20073,100,52476.930786
263.25964,100,52476.930799
415.3909,100,52476.930809
259.07062,100,52476.930819
224.93785,100,52476.930828
195.9835,100,52476.930837
176.81128,100,52476.930846
347.41052,100,52500.041533
231.20947,100,52500.04162
174.55276,100,52500.041641
182.51254,100,52500.041657
196.17474,100,52500.041672
260.21335,100,52500.041687
256.06302,100,52500.041701
193.9498,100,52500.041716
267.1599,100,52513.841297
197.64323,100,52513.841382
199.52014,100,52513.841402
371.38785,100,52513.841448
206.40211,100,52513.841464
448.40277,100,52513.841478
536.3402,100,52513.841493
245.71404,100,52513.841508
406.28406,100,52537.327465
252.79399,100,52537.327537
356.52362,100,52537.327549
237.97998,100,52537.327559
250.0574,100,52537.327567
455.4934,100,52537.327576
238.5263,100,52537.327585
272.18497,100,52537.327593
183.14447,100,52560.365189
463.3307,100,52560.365261
261.6753,100,52560.365273
219.23553,100,52560.365283
273.68118,100,52560.365292
241.6125,100,52560.3653
267.03113,100,52560.365309
178.04393,100,52560.365318
297.7828,100,52574.288564
392.4636,100,52574.288636
210.59157,100,52574.288649
250.74023,100,52574.288658
198.10594,100,52574.288667
448.30298,100,52574.288675
235.15318,100,52574.288684
240.77803,100,52574.288692
472.18304,100,52597.653832
265.30933,100,52597.653909
405.2631,100,52597.653922
413.17368,100,52597.653932
245.00325,100,52597.653941
193.79028,100,52597.65395
391.3446,100,52597.653959
203.5247,100,52597.653968
504.86298,100,52612.224635
369.59515,100,52612.224708
529.3995,100,52612.224721
336.08905,100,52612.22473
437.07098,100,52612.224739
261.74957,100,52612.224747
475.19635,100,52612.224756
249.39124,100,52612.224764
281.11078,100,52634.841261
374.96527,100,52634.841333
322.97818,100,52634.841346
175.75124,100,52634.841356
226.12885,100,52634.841364
240.1818,100,52634.841373
219.97252,100,52634.841382
297.88467,100,52634.841391
314.3474,100,52647.57382
157.08153,100,52647.573893
207.2516,100,52647.573906
243.65263,100,52647.573915
226.90797,100,52647.573924
213.2778,100,52647.573933
451.83502,100,52647.573942
299.49097,100,52647.573951
278.62833,100,52671.091919
477.61584,100,52671.091991
220.52982,100,52671.092005
585.9878,100,52671.092015
355.39474,100,52671.092024
214.76537,100,52671.092043
262.64822,100,52671.092053
207.11362,100,52671.092062
261.59436,100,52684.056877
225.71729,100,52684.056956
605.0253,100,52684.05697
243.14009,100,52684.05698
266.5566,100,52684.05699
197.0886,100,52684.056999
208.39969,100,52684.057008
306.9104,100,52684.057017
194.4726,100,52707.090922
437.83917,100,52707.090991
257.3845,100,52707.091004
230.82298,100,52707.091013
183.1448,100,52707.091022
481.39453,100,52707.091039
203.10991,100,52707.091051
239.07573,100,52707.09106
298.38556,100,52730.055021
214.96556,100,52730.055108
223.81737,100,52730.055122
385.00482,100,52730.055132
527.50586,100,52730.055141
432.00195,100,52730.055151
550.82007,100,52730.05516
494.33963,100,52730.055169
304.55725,100,52743.401221
274.88007,100,52743.401296
185.1078,100,52743.401309
227.06802,100,52743.401318
332.6028,100,52743.401327
199.18379,100,52743.401336
484.3993,100,52743.401345
246.25525,100,52743.401353
186.80179,100,52766.350577
187.50067,100,52766.35066
297.36264,100,52766.350679
167.4346,100,52766.350693
181.19287,100,52766.350706
406.6761,100,52766.350719
428.92047,100,52766.350731
389.5573,100,52766.350744
493.5213,100,52779.935416
495.3819,100,52779.935506
230.97055,100,52779.935528
335.44485,100,52779.935545
190.81567,100,52779.935561
374.44055,100,52779.935577
290.1532,100,52779.935593
226.77573,100,52779.935609
487.9635,100,52803.449257
245.03088,100,52803.449329
249.65211,100,52803.449342
253.98685,100,52803.449352
249.77344,100,52803.449361
227.79814,100,52803.44937
230.6878,100,52803.449379
212.38892,100,52803.449388
520.7023,100,52817.899593
228.12494,100,52817.899665
306.01886,100,52817.899677
358.03616,100,52817.899686
382.38275,100,52817.899694
365.69806,100,52817.899703
254.10371,100,52817.899712
227.87837,100,52817.89972
397.08798,100,52840.942549
237.95616,100,52840.942641
249.03802,100,52840.942661
239.87117,100,52840.942677
221.02919,100,52840.942692
238.40678,100,52840.942706
211.23538,100,52840.942721
475.8299,100,52840.942735
582.8296,100,52864.336903
290.34338,100,52864.336977
509.63055,100,52864.33699
268.97003,100,52864.337
447.323,100,52864.337009
255.52872,100,52864.337018
249.65706,100,52864.337027
390.10446,100,52864.337059
238.38345,100,52878.417819
492.91998,100,52878.417902
220.63333,100,52878.417922
182.40678,100,52878.417938
231.2433,100,52878.417953
343.81097,100,52878.417968
162.51433,100,52878.417982
212.2525,100,52878.417996
160.38719,100,52903.322284
233.27652,100,52903.322373
426.86057,100,52903.322395
196.77214,100,52903.322412
497.81378,100,52903.322428
205.76169,100,52903.322443
514.3538,100,52903.322459
533.19666,100,52903.322474
476.6198,100,52916.797183
224.45691,100,52916.797257
499.2311,100,52916.79727
540.1041,100,52916.79728
209.18555,100,52916.797289
235.57076,100,52916.797298
401.71857,100,52916.797307
274.36386,100,52916.797315
224.9258,100,52940.219053
195.54262,100,52940.219127
418.2245,100,52940.219139
247.28307,100,52940.219148
456.66364,100,52940.219157
322.80316,100,52940.219166
436.565,100,52940.219175
229.9183,100,52940.219183
409.9665,100,52952.950707
240.0574,100,52952.950791
304.0897,100,52952.950812
195.21707,100,52952.950827
330.58835,100,52952.950843
253.43024,100,52952.950857
198.61722,100,52952.950871
199.17789,100,52952.950886
279.9072,100,52976.384999
438.84378,100,52976.385082
209.95065,100,52976.385095
460.98004,100,52976.385104
296.02982,100,52976.385113
320.5534,100,52976.385122
247.49828,100,52976.38513
206.69992,100,52976.385139
189.6684,100,52990.66808
333.513,100,52990.668149
243.75015,100,52990.668161
252.11925,100,52990.668171
239.0877,100,52990.66818
388.3776,100,52990.668188
289.79974,100,52990.668196
509.39673,100,52990.668205
468.17093,100,53014.934796
224.40329,100,53014.934894
218.53455,100,53014.934918
456.50006,100,53014.934937
229.29756,100,53014.934953
425.69086,100,53014.934969
374.7781,100,53014.934986
235.0327,100,53014.935002
418.28836,100,53037.969537
450.5545,100,53037.969611
441.06714,100,53037.969623
183.86641,100,53037.969632
233.48969,100,53037.969641
207.48494,100,53037.96965
226.5564,100,53037.969658
205.20439,100,53037.969667
267.93576,100,53051.793113
331.3341,100,53051.793189
266.7802,100,53051.793202
254.12411,100,53051.793213
261.8718,100,53051.793222
181.51917,100,53051.793231
223.54636,100,53051.793241
551.42346,100,53051.79325
212.44852,100,53075.139894
267.16116,100,53075.139971
213.37918,100,53075.139984
282.0374,100,53075.139993
228.80711,100,53075.140002
233.24667,100,53075.140011
222.37798,100,53075.140019
212.4051,100,53075.140028
332.7507,100,53088.49761
256.29056,100,53088.497679
261.11588,100,53088.497691
515.88135,100,53088.4977
186.95042,100,53088.497709
206.41875,100,53088.497718
316.80856,100,53088.497726
237.23216,100,53088.497735
198.82042,100,53112.340337
553.94525,100,53112.340408
233.36943,100,53112.34042
261.1321,100,53112.340429
182.31169,100,53112.340437
414.37326,100,53112.340446
467.76703,100,53112.340454
314.5033,100,53112.340462
436.76373,100,53126.132227
469.23956,100,53126.132303
449.14783,100,53126.132316
447.1353,100,53126.132326
237.13205,100,53126.132335
216.79913,100,53126.132344
336.28412,100,53126.132352
238.89786,100,53126.132361
309.23596,100,53149.072837
338.7417,100,53149.072909
252.10413,100,53149.072921
257.018,100,53149.07293
279.26083,100,53149.072939
234.94717,100,53149.072948
282.5714,100,53149.072956
482.24036,100,53149.072964
153.32251,100,53171.943256
235.43674,100,53171.943333
253.50972,100,53171.943346
195.76584,100,53171.943356
306.73724,100,53171.943365
192.51157,100,53171.943374
247.14677,100,53171.943383
523.02606,100,53171.943392
172.94461,100,53185.610285
203.43515,100,53185.610387
242.51753,100,53185.61041
480.4038,100,53185.610429
164.1247,100,53185.610446
374.90607,100,53185.610462
276.16232,100,53185.610479
223.42255,100,53185.610495
302.61102,100,53209.493572
451.6803,100,53209.493644
244.73914,100,53209.493657
192.08899,100,53209.493666
245.74896,100,53209.493675
203.7041,100,53209.493683
484.78674,100,53209.493691
245.48454,100,53209.493699
221.76768,100,53223.105133
268.99826,100,53223.105217
231.9299,100,53223.105239
246.5172,100,53223.10528
406.46436,100,53223.105298
200.75658,100,53223.105314
557.23517,100,53223.105328
511.58722,100,53223.105343
472.33936,100,53246.099701
404.14117,100,53246.099773
195.20973,100,53246.099785
278.40112,100,53246.099795
232.11343,100,53246.099804
448.95416,100,53246.099812
271.19348,100,53246.099821
396.08563,100,53246.09983
237.19466,100,53261.235268
444.05316,100,53261.235341
425.525,100,53261.235353
452.94467,100,53261.235362
252.00731,100,53261.23537
157.4715,100,53261.235379
194.83037,100,53261.235387
301.55698,100,53261.235394
468.32715,100,53285.399608
168.15218,100,53285.399746
342.2227,100,53285.399771
307.90085,100,53285.39979
250.55742,100,53285.399807
139.39586,100,53285.399824
260.006,100,53285.39984
228.6249,100,53285.399857
337.9226,100,53299.638685
410.35757,100,53299.638763
509.5908,100,53299.638775
447.48172,100,53299.638784
266.58035,100,53299.638793
390.68536,100,53299.638801
266.30933,100,53299.638809
154.92476,100,53299.638818
535.5784,100,53322.784742
158.55928,100,53322.784827
256.9041,100,53322.784845
274.07474,100,53322.784859
538.9573,100,53322.784872
312.45935,100,53322.784884
265.35574,100,53322.784896
246.94392,100,53322.78491
330.05273,100,53346.261689
217.45792,100,53346.261764
324.9687,100,53346.261778
283.39703,100,53346.261788
431.79083,100,53346.261797
236.62817,100,53346.261806
458.23358,100,53346.261815
283.1145,100,53346.261824
485.11316,100,53359.766514
347.72284,100,53359.766586
270.6509,100,53359.766599
370.1496,100,53359.766608
520.53406,100,53359.766618
253.01451,100,53359.766626
242.07191,100,53359.766635
509.32886,100,53359.766644
326.32477,100,53383.59739
199.71533,100,53383.597461
354.25403,100,53383.597474
222.03658,100,53383.597483
124.26875,100,53383.597492
216.14218,100,53383.597501
513.2776,100,53383.597509
453.06244,100,53383.597517
209.86725,100,53396.870687
425.72833,100,53396.870768
255.49905,100,53396.870788
251.05183,100,53396.870804
198.9937,100,53396.870819
201.06694,100,53396.870834
235.40382,100,53396.870848
495.21384,100,53396.870862
502.30658,100,53420.447011
308.98923,100,53420.447125
362.04477,100,53420.447138
529.08606,100,53420.447147
204.63031,100,53420.447156
220.93803,100,53420.447164
473.1667,100,53420.447173
225.25371,100,53420.447181
420.90726,100,53433.919938
460.2232,100,53433.920012
252.01756,100,53433.920025
221.80515,100,53433.920044
188.11697,100,53433.920054
182.12091,100,53433.920063
310.12442,100,53433.920072
533.8162,100,53433.920081
251.42245,100,53458.016749
191.32535,100,53458.01682
235.11774,100,53458.016832
252.79071,100,53458.016842
239.2817,100,53458.016851
532.06323,100,53458.01686
289.17148,100,53458.016868
205.39752,100,53458.016876
222.69157,100,53481.545939
296.53345,100,53481.546012
541.50397,100,53481.546025
197.86592,100,53481.546045
321.83484,100,53481.546054
263.92288,100,53481.546063
234.1295,100,53481.546071
228.84201,100,53481.54608
372.93985,100,53495.465637
279.1466,100,53495.465734
232.92804,100,53495.465758
178.2565,100,53495.465775
260.8504,100,53495.465792
374.5777,100,53495.465809
371.20294,100,53495.465826
276.73755,100,53495.465842
246.49701,100,53518.62681
131.3771,100,53518.626886
315.63333,100,53518.626899
254.96506,100,53518.626909
239.62239,100,53518.626918
348.32083,100,53518.626928
193.67099,100,53518.626936
225.26761,100,53518.626945
444.01627,100,53532.136405
503.95898,100,53532.136477
197.44397,100,53532.136489
461.63544,100,53532.136498
233.58557,100,53532.136507
239.8109,100,53532.136516
194.74272,100,53532.136524
230.15,100,53532.136533
256.8614,100,53555.714774
294.74402,100,53555.714846
352.89908,100,53555.714859
255.97467,100,53555.714869
221.90025,100,53555.714877
461.7069,100,53555.714885
229.78001,100,53555.714894
218.4751,100,53555.714902
307.47412,100,53570.063084
271.8454,100,53570.06316
284.19266,100,53570.063173
265.9085,100,53570.063183
384.45166,100,53570.063192
494.11307,100,53570.0632
204.5235,100,53570.063209
223.48805,100,53570.063218
246.98207,100,53593.647439
202.61319,100,53593.647532
194.69208,100,53593.647554
193.23135,100,53593.647571
243.09818,100,53593.647586
456.4112,100,53593.647601
471.37125,100,53593.647617
219.46428,100,53593.647632
249.20985,100,53607.389776
349.4807,100,53607.389854
274.84976,100,53607.389866
237.98444,100,53607.389875
229.73279,100,53607.389884
313.7239,100,53607.389893
410.9522,100,53607.389901
217.28468,100,53607.389909
398.4876,100,53631.10794
327.26233,100,53631.108013
236.54958,100,53631.108026
600.3868,100,53631.108042
207.47516,100,53631.108052
247.77539,100,53631.10806
340.00586,100,53631.108068
437.00302,100,53631.108077
438.19406,100,53654.771336
250.38768,100,53654.771416
464.53986,100,53654.771434
443.83264,100,53654.771448
267.23477,100,53654.771461
558.70514,100,53654.771475
322.89435,100,53654.771487
212.93262,100,53654.771497
247.12743,100,53668.52432
212.88022,100,53668.524394
493.82578,100,53668.524406
325.5731,100,53668.524416
251.01965,100,53668.524425
518.5152,100,53668.524434
224.56346,100,53668.524442
257.98904,100,53668.524452
247.98372,100,53691.363371
224.72147,100,53691.363444
246.32965,100,53691.363456
252.46393,100,53691.363465
264.80786,100,53691.363474
233.3823,100,53691.363483
232.57582,100,53691.363491
248.40457,100,53691.3635
231.35771,100,53704.992842
278.66986,100,53704.99292
354.8694,100,53704.992933
465.82114,100,53704.992942
200.12901,100,53704.992951
285.51877,100,53704.99296
189.78104,100,53704.992969
448.26657,100,53704.992977
266.9417,100,53728.595664
242.55614,100,53728.595726
343.93945,100,53728.59574
378.839,100,53728.595751
239.9565,100,53728.59576
285.30203,100,53728.59577
272.91577,100,53728.595779
436.18646,100,53728.595788
242.66568,100,53742.112419
210.37106,100,53742.112514
162.51549,100,53742.112536
376.56238,100,53742.112553
245.34328,100,53742.112568
227.94763,100,53742.112584
365.86404,100,53742.112599
444.94266,100,53742.112614
178.70891,100,53765.217216
261.66333,100,53765.217287
300.60507,100,53765.2173
484.71545,100,53765.21731
478.67474,100,53765.217319
171.89803,100,53765.217327
365.1068,100,53765.217336
486.2349,100,53765.217345
217.37646,100,53789.227262
336.47086,100,53789.227344
277.19095,100,53789.227357
527.448,100,53789.227366
341.9021,100,53789.227375
248.67162,100,53789.227384
463.8725,100,53789.227393
228.45714,100,53789.227402
239.12459,100,53802.252367
210.6377,100,53802.252472
189.25757,100,53802.252501
279.02585,100,53802.252521
239.80396,100,53802.25254
245.16064,100,53802.252559
253.47794,100,53802.25258
248.8025,100,53802.252599
218.66437,100,53824.668038
320.8382,100,53824.668114
527.32556,100,53824.668126
232.51382,100,53824.668136
212.26733,100,53824.668145
253.41629,100,53824.668154
334.2855,100,53824.668162
184.90173,100,53824.668171
238.38564,100,53837.944271
201.89725,100,53837.944344
305.79376,100,53837.944357
273.81274,100,53837.944366
331.1105,100,53837.944376
446.89957,100,53837.944385
463.7329,100,53837.944394
201.48422,100,53837.944403
196.75766,100,53861.939831
239.71173,100,53861.939903
222.11287,100,53861.939916
390.79486,100,53861.939925
208.47183,100,53861.939934
232.72476,100,53861.939943
500.27838,100,53861.939952
466.39325,100,53861.93996
230.92795,100,53875.756854
379.3616,100,53875.756928
233.07393,100,53875.756941
340.10052,100,53875.756951
201.64937,100,53875.75696
220.7058,100,53875.756969
216.46295,100,53875.756978
212.88922,100,53875.756987
243.44955,100,53898.956616
255.2653,100,53898.956703
459.1026,100,53898.956729
248.49945,100,53898.956747
591.307,100,53898.956763
228.65561,100,53898.956778
243.89581,100,53898.956794
248.17197,100,53898.95681
230.06967,100,53912.305619
258.45438,100,53912.305695
246.58835,100,53912.305708
510.5257,100,53912.305717
263.6348,100,53912.305727
270.9526,100,53912.305736
207.90173,100,53912.305745
226.37599,100,53912.305753
245.20438,100,53935.742744
463.49594,100,53935.742832
195.17204,100,53935.742854
232.69897,100,53935.74287
211.14906,100,53935.742903
323.03665,100,53935.742918
268.71542,100,53935.742933
202.7991,100,53935.742948
328.38635,100,53959.507838
483.94998,100,53959.507897
533.8935,100,53959.50791
403.59604,100,53959.507923
515.66016,100,53959.507932
181.77725,100,53959.507941
225.53456,100,53959.507949
290.62445,100,53959.507958
402.73264,100,53972.966568
428.17377,100,53972.966642
268.7913,100,53972.966655
231.87834,100,53972.966664
308.34433,100,53972.966673
438.56656,100,53972.966682
227.72955,100,53972.966691
216.5821,100,53972.966699
511.48154,100,53995.724011
502.8069,100,53995.724096
242.52267,100,53995.724108
471.78247,100,53995.724118
241.129,100,53995.724128
203.71947,100,53995.724136
209.91817,100,53995.724145
176.59253,100,53995.724154
417.5755,100,54009.35197
320.85483,100,54009.352047
164.34798,100,54009.352063
410.08237,100,54009.352073
205.60585,100,54009.352082
233.74197,100,54009.352091
467.08533,100,54009.352099
203.58444,100,54009.352108
176.88402,100,54031.521287
502.9608,100,54031.52136
185.38994,100,54031.521373
240.27667,100,54031.521383
343.4346,100,54031.521391
167.19905,100,54031.5214
410.4965,100,54031.521409
201.64856,100,54031.521418
543.3412,100,54044.651618
246.56703,100,54044.65169
210.14609,100,54044.651704
254.72284,100,54044.651714
246.33978,100,54044.651723
157.5597,100,54044.651732
279.53967,100,54044.651742
198.34448,100,54044.65175
325.6127,100,54067.367123
253.80438,100,54067.367199
561.8318,100,54067.367212
234.96284,100,54067.367222
328.90704,100,54067.367231
222.31755,100,54067.36724
258.14203,100,54067.367249
219.1031,100,54067.367258
492.4657,100,54090.754635
218.61752,100,54090.754707
213.85454,100,54090.75472
213.70558,100,54090.75473
226.6078,100,54090.75474
236.6509,100,54090.754748
209.11218,100,54090.754757
265.0443,100,54090.754765
333.6503,100,54104.094747
384.49078,100,54104.094834
271.43228,100,54104.094855
229.61162,100,54104.094871
258.68396,100,54104.094885
234.63469,100,54104.0949
214.9599,100,54104.094915
158.43066,100,54104.09493
159.54056,100,54127.103575
210.15057,100,54127.103649
185.91943,100,54127.103662
246.79185,100,54127.103673
176.93135,100,54127.103682
306.12,100,54127.103691
229.32246,100,54127.103701
200.22522,100,54127.10371
262.22568,100,54140.650954
152.38849,100,54140.651036
417.5242,100,54140.651052
191.27068,100,54140.651063
520.29944,100,54140.651072
357.28055,100,54140.651081
247.60352,100,54140.65109
208.10065,100,54140.651099
208.2557,100,54163.636605
324.1093,100,54163.63668
176.41916,100,54163.636693
239.31647,100,54163.636702
225.582,100,54163.636711
499.00348,100,54163.63672
217.27034,100,54163.636729
383.4134,100,54163.636738
99.12043,100,54177.353897
458.7094,100,54177.353982
170.00436,100,54177.354004
215.81842,100,54177.35402
455.9425,100,54177.354049
369.0852,100,54177.354065
421.38516,100,54177.354079
242.59433,100,54177.354094
233.46822,100,54200.490729
239.59328,100,54200.49081
364.80035,100,54200.490827
191.31763,100,54200.49084
463.21494,100,54200.490853
261.8075,100,54200.490865
308.18585,100,54200.490877
505.06625,100,54200.490889
232.06937,100,54214.395917
195.34111,100,54214.395992
237.2018,100,54214.396004
548.4689,100,54214.396014
146.44116,100,54214.396023
525.3528,100,54214.396043
374.67438,100,54214.396052
144.70804,100,54214.396061
278.47,100,54238.111401
164.98676,100,54238.111492
183.22284,100,54238.111514
259.72458,100,54238.111531
301.70926,100,54238.111547
288.66895,100,54238.111562
474.22583,100,54238.111578
144.9947,100,54238.111592
421.86002,100,54261.306556
591.6301,100,54261.306633
258.66782,100,54261.306646
261.7656,100,54261.306656
234.00043,100,54261.306665
228.76578,100,54261.306674
240.52309,100,54261.306683
515.73016,100,54261.306692
181.92722,100,54274.956401
226.8628,100,54274.956482
181.85234,100,54274.956496
407.61606,100,54274.956505
241.70705,100,54274.956514
209.91728,100,54274.956523
254.82883,100,54274.956532
251.07007,100,54274.95654
163.05603,100,54297.863518
253.55406,100,54297.863609
246.18373,100,54297.863623
442.7187,100,54297.863632
141.79604,100,54297.863642
240.87749,100,54297.863651
278.2712,100,54297.86366
126.25568,100,54297.863669
549.1361,100,54311.190794
172.29262,100,54311.19087
253.9224,100,54311.190883
358.72107,100,54311.190893
234.89438,100,54311.190902
530.8393,100,54311.190911
231.54787,100,54311.19092
238.35724,100,54311.190929
179.24374,100,54334.521006
281.73975,100,54334.521088
521.4159,100,54334.521101
236.55357,100,54334.521111
488.2076,100,54334.52112
175.42027,100,54334.521129
239.381,100,54334.521138
431.67197,100,54334.521147
327.89148,100,54347.336753
557.74945,100,54347.336844
258.40106,100,54347.336865
513.6424,100,54347.336881
240.92833,100,54347.336897
245.06227,100,54347.336913
544.9376,100,54347.336928
272.66666,100,54347.336943
217.46219,100,54370.706742
253.78574,100,54370.706818
433.99243,100,54370.706831
247.48083,100,54370.706841
337.66656,100,54370.70685
542.45416,100,54370.706859
447.9799,100,54370.706867
175.46056,100,54370.706877
177.41296,100,54393.763854
290.53918,100,54393.763915
181.61372,100,54393.763928
483.93488,100,54393.763938
222.75258,100,54393.763947
252.73639,100,54393.763956
112.48822,100,54393.763965
249.30296,100,54393.763973
414.13934,100,54409.129292
237.41194,100,54409.129366
273.4292,100,54409.12938
185.91667,100,54409.129391
197.30585,100,54409.1294
232.8358,100,54409.12941
252.74498,100,54409.129419
274.45496,100,54409.129428
228.58253,100,54431.462801
226.84058,100,54431.462879
264.33783,100,54431.462892
243.07417,100,54431.462904
239.12738,100,54431.462914
296.74368,100,54431.462923
255.05327,100,54431.462931
219.3102,100,54431.46294
228.0326,100,54444.866818
223.77946,100,54444.866908
110.381134,100,54444.866929
355.50266,100,54444.866945
621.8628,100,54444.86696
306.324,100,54444.866975
334.9984,100,54444.86699
311.15753,100,54444.867005
511.5147,100,54467.927103
455.4231,100,54467.927187
482.13144,100,54467.927206
259.03784,100,54467.92722
551.9132,100,54467.927233
244.85423,100,54467.927245
178.87788,100,54467.927257
270.85928,100,54467.927269
160.54092,100,54481.828428
515.10297,100,54481.828521
476.83884,100,54481.828545
188.39793,100,54481.828562
246.22699,100,54481.828579
240.6588,100,54481.828595
349.039,100,54481.828611
293.69788,100,54481.828627
170.65987,100,54504.182454
202.05093,100,54504.182549
232.72499,100,54504.182571
554.33765,100,54504.182588
169.88599,100,54504.182604
392.3958,100,54504.182619
227.72137,100,54504.182634
268.55304,100,54504.18265
406.07635,100,54517.86867
309.2278,100,54517.868757
324.081,100,54517.868777
168.06236,100,54517.868793
228.19652,100,54517.868808
265.47153,100,54517.868823
325.44412,100,54517.868837
241.5129,100,54517.868852
222.97884,100,54540.834456
296.37598,100,54540.834555
237.64209,100,54540.834582
299.64474,100,54540.834603
260.51724,100,54540.83463
192.4301,100,54540.834653
255.33606,100,54540.834673
163.72693,100,54540.834693
556.90717,100,54564.143769
245.06313,100,54564.143838
272.7051,100,54564.143851
168.17278,100,54564.143861
579.0698,100,54564.14387
210.8538,100,54564.143879
196.41335,100,54564.143887
437.11172,100,54564.143896
225.15054,100,54577.771587
305.258,100,54577.771649
144.85764,100,54577.771661
411.6862,100,54577.77167
201.80202,100,54577.771679
477.35144,100,54577.771688
237.77597,100,54577.771696
268.108,100,54577.771704
256.957,100,54601.635574
384.6824,100,54601.635632
336.1918,100,54601.635645
245.0397,100,54601.635656
259.64243,100,54601.635667
207.62402,100,54601.635678
233.43034,100,54601.635689
248.09105,100,54601.635699
269.28433,100,54614.765098
230.20573,100,54614.765168
437.73346,100,54614.76518
406.94897,100,54614.765191
226.21376,100,54614.7652
248.60942,100,54614.765208
258.9357,100,54614.765218
165.83815,100,54614.765226
268.28598,100,54637.649098
491.00363,100,54637.649188
257.90866,100,54637.649209
229.42473,100,54637.649225
160.58553,100,54637.649241
179.7856,100,54637.649284
229.06606,100,54637.6493
296.96112,100,54637.649315
260.58655,100,54650.725507
202.59657,100,54650.725585
208.51115,100,54650.725598
498.46362,100,54650.725608
281.76718,100,54650.725617
236.76259,100,54650.725625
524.8547,100,54650.725634
228.77809,100,54650.725643
306.75507,100,54674.631929
216.4854,100,54674.632015
200.28754,100,54674.632049
452.16202,100,54674.632065
148.10277,100,54674.63208
266.90897,100,54674.632095
297.1124,100,54674.632109
221.29869,100,54674.632124
516.4243,100,54697.572751
227.60371,100,54697.572826
225.85728,100,54697.57284
210.8023,100,54697.572851
214.01297,100,54697.572861
224.29065,100,54697.57287
428.79742,100,54697.572881
235.10957,100,54697.572891
161.44058,100,54710.917846
324.09094,100,54710.91792
264.24857,100,54710.917933
264.64523,100,54710.917942
251.82715,100,54710.917951
513.9615,100,54710.91796
571.89185,100,54710.917969
223.44173,100,54710.917978
575.2174,100,54734.130855
244.24878,100,54734.130951
395.11618,100,54734.130977
229.68808,100,54734.130995
234.27834,100,54734.131011
498.56622,100,54734.131026
327.28925,100,54734.131056
221.72025,100,54734.131072
255.29314,100,54747.991316
266.48044,100,54747.991405
219.3183,100,54747.991426
240.87772,100,54747.991443
261.4085,100,54747.991458
538.40454,100,54747.991474
260.98093,100,54747.991489
319.25006,100,54747.991503
225.08586,100,54770.871706
252.92009,100,54770.871793
196.63945,100,54770.871814
234.65039,100,54770.87183
249.40683,100,54770.871845
258.91553,100,54770.871859
213.52415,100,54770.871874
240.14604,100,54770.871888
227.3794,100,54784.57606
405.14136,100,54784.57616
257.86078,100,54784.576187
166.71745,100,54784.576208
235.65268,100,54784.576229
276.51868,100,54784.576252
220.4114,100,54784.576273
263.02692,100,54784.576294
237.31311,100,54808.823246
235.29286,100,54808.823334
252.47357,100,54808.823354
197.78894,100,54808.82337
263.89493,100,54808.823385
352.32977,100,54808.8234
268.5776,100,54808.823415
369.42,100,54808.82343
381.5671,100,54823.126929
255.36273,100,54823.127015
186.24002,100,54823.127048
171.321,100,54823.127065
412.12408,100,54823.12708
220.90152,100,54823.127095
219.81679,100,54823.12711
250.95744,100,54823.127125
212.01404,100,54845.639734
250.05446,100,54845.639808
282.45538,100,54845.639821
242.89127,100,54845.639831
270.98547,100,54845.63984
320.8877,100,54845.639849
247.96631,100,54845.639858
137.35709,100,54845.639866
248.14229,100,54868.868514
407.82025,100,54868.868586
261.30228,100,54868.868598
219.97775,100,54868.868608
231.67615,100,54868.868617
209.55414,100,54868.868626
456.5122,100,54868.868634
227.63107,100,54868.868644
241.41371,100,54882.06488
209.44499,100,54882.06497
222.98082,100,54882.064991
489.26425,100,54882.065007
523.16724,100,54882.065022
181.01663,100,54882.065053
90.75642,100,54882.065069
311.51114,100,54882.065084
429.95325,100,54904.607841
138.15971,100,54904.607914
170.21062,100,54904.607927
211.02522,100,54904.607937
269.1088,100,54904.607946
518.8063,100,54904.607956
316.49222,100,54904.607965
222.17941,100,54904.607974
486.1548,100,54918.37441
248.94804,100,54918.374484
404.26102,100,54918.374497
253.68988,100,54918.374506
247.01991,100,54918.374516
315.69876,100,54918.374524
472.3609,100,54918.374533
277.3123,100,54918.374542
228.11914,100,54941.830742
413.89523,100,54941.83083
340.2269,100,54941.830851
226.03207,100,54941.830868
244.23776,100,54941.830883
313.26065,100,54941.830898
307.68002,100,54941.830913
248.01515,100,54941.830928
451.01788,100,54955.493006
547.0769,100,54955.493086
145.08607,100,54955.493099
453.07776,100,54955.493108
466.9324,100,54955.493117
226.89418,100,54955.493126
235.19028,100,54955.493134
366.66122,100,54955.493143
302.0783,100,54978.426011
178.93108,100,54978.42611
203.21388,100,54978.426132
242.64478,100,54978.426148
553.87067,100,54978.426164
292.95288,100,54978.426178
196.65535,100,54978.426193
242.21863,100,54978.426208
196.56888,100,55001.218127
489.52325,100,55001.218227
480.59677,100,55001.21824
192.26704,100,55001.21825
174.5763,100,55001.218259
231.74106,100,55001.218268
225.52007,100,55001.218277
384.95923,100,55001.218286
529.2693,100,55014.668957
221.89456,100,55014.669052
296.59818,100,55014.669076
197.95094,100,55014.669092
208.55869,100,55014.669107
437.31473,100,55014.669122
223.9139,100,55014.669137
437.7746,100,55014.669152
275.93326,100,55038.065655
408.43408,100,55038.065726
445.13144,100,55038.065739
495.78824,100,55038.065749
265.28546,100,55038.065758
155.77232,100,55038.065767
572.5488,100,55038.065776
265.65402,100,55038.065785
181.52829,100,55052.155041
514.08514,100,55052.155131
331.61966,100,55052.155153
414.407,100,55052.15517
268.15533,100,55052.155186
258.82285,100,55052.155202
488.93433,100,55052.155218
219.62384,100,55052.155233
236.04811,100,55076.157729
391.99905,100,55076.157808
562.5797,100,55076.157823
564.81256,100,55076.157836
238.93835,100,55076.157849
198.60892,100,55076.157861
560.8909,100,55076.157872
226.8437,100,55076.157884
267.90875,100,55090.153947
481.21332,100,55090.154049
396.4602,100,55090.154076
460.26544,100,55090.154093
232.84154,100,55090.154109
234.195,100,55090.154125
183.7879,100,55090.154141
209.5129,100,55090.154156
218.98354,100,55114.057094
197.31497,100,55114.05717
267.4129,100,55114.057183
286.98495,100,55114.057193
546.5478,100,55114.057202
524.5785,100,55114.057212
299.70172,100,55114.057221
201.23747,100,55114.05723
230.55618,100,55127.979094
205.27571,100,55127.979186
235.4676,100,55127.979206
357.52,100,55127.979223
287.80347,100,55127.979238
462.83917,100,55127.979252
509.14316,100,55127.979267
242.79868,100,55127.979281
232.29042,100,55150.67977
332.34323,100,55150.679876
557.2569,100,55150.679906
238.1422,100,55150.67993
214.18369,100,55150.679953
224.49934,100,55150.679975
157.98085,100,55150.679996
196.90512,100,55150.680017
244.61467,100,55173.629349
262.11404,100,55173.62942
484.159,100,55173.629432
607.76086,100,55173.629442
217.89331,100,55173.629451
462.61914,100,55173.62946
207.37663,100,55173.629468
252.05719,100,55173.629477
534.68225,100,55187.3534
307.3802,100,55187.353475
244.98705,100,55187.353487
230.11131,100,55187.353497
290.9922,100,55187.353506
165.449,100,55187.353515
242.13976,100,55187.353524
251.14198,100,55187.353533
202.74393,100,55209.999857
331.9471,100,55209.999929
351.42123,100,55209.999942
562.5692,100,55209.999952
339.00574,100,55209.999961
233.504,100,55209.999969
560.20544,100,55209.999978
190.03465,100,55209.999986
233.03015,100,55223.800764
314.20175,100,55223.800845
433.27496,100,55223.80086
233.96765,100,55223.800873
458.3956,100,55223.800885
488.165,100,55223.800897
555.7581,100,55223.800909
249.45247,100,55223.80092
492.66107,100,55247.060863
281.7226,100,55247.060937
168.41371,100,55247.06095
318.79044,100,55247.06096
234.10085,100,55247.060969
258.58624,100,55247.060978
228.84491,100,55247.060987
152.39278,100,55247.060996
295.70612,100,55260.706563
541.7549,100,55260.706635
304.29355,100,55260.706647
182.57452,100,55260.706657
196.55457,100,55260.706666
494.23657,100,55260.706675
546.6332,100,55260.706684
565.0311,100,55260.706692
278.32336,100,55283.645901
260.04794,100,55283.645979
538.57166,100,55283.645992
253.47841,100,55283.646002
586.388,100,55283.646011
342.10605,100,55283.64602
262.52786,100,55283.646038
228.08275,100,55283.64605
248.04514,100,55307.513571
241.4515,100,55307.513643
399.6415,100,55307.513655
381.71198,100,55307.513664
542.90356,100,55307.513674
234.17581,100,55307.513682
431.20825,100,55307.513691
248.05443,100,55307.5137
225.26955,100,55321.2293
479.8798,100,55321.229372
205.96074,100,55321.229385
67.75458,100,55321.229395
212.1042,100,55321.229403
419.4631,100,55321.229413
241.51074,100,55321.229422
211.11684,100,55321.22943
204.11882,100,55344.723043
490.987,100,55344.723121
266.13406,100,55344.723135
203.7657,100,55344.723146
296.16553,100,55344.723155
319.07037,100,55344.723164
514.52783,100,55344.723199
231.51982,100,55344.723208
177.4656,100,55359.153424
511.35724,100,55359.153497
234.33331,100,55359.153509
158.14111,100,55359.153519
541.3354,100,55359.153527
483.7073,100,55359.153536
477.43854,100,55359.153545
194.72783,100,55359.153553
448.92316,100,55382.164341
356.3239,100,55382.164417
245.64221,100,55382.16443
187.60657,100,55382.164439
254.80054,100,55382.164449
292.12756,100,55382.164457
255.31209,100,55382.164466
215.66734,100,55382.164475
536.3874,100,55396.212541
253.87495,100,55396.212631
236.09914,100,55396.212652
545.31683,100,55396.212668
464.38004,100,55396.212684
305.7541,100,55396.2127
524.13696,100,55396.212715
478.85098,100,55396.212731
530.34674,100,55419.77619
213.79852,100,55419.776262
214.67361,100,55419.776274
368.1496,100,55419.776283
449.00146,100,55419.776292
218.93495,100,55419.7763
219.04262,100,55419.776309
296.71454,100,55419.776317
332.21957,100,55434.098053
306.53775,100,55434.098126
469.3113,100,55434.098138
233.18343,100,55434.098148
238.49745,100,55434.098156
281.86002,100,55434.098165
215.43593,100,55434.098174
211.27777,100,55434.098183
230.96913,100,55456.730987
445.53003,100,55456.731088
182.94003,100,55456.73111
236.46439,100,55456.731126
252.72821,100,55456.731142
176.0546,100,55456.731157
537.15564,100,55456.731172
202.35323,100,55456.731187
197.28737,100,55479.580022
184.81702,100,55479.580127
240.38177,100,55479.580149
242.14288,100,55479.580165
203.8049,100,55479.580179
303.60367,100,55479.580195
254.82343,100,55479.58021
394.40216,100,55479.580225
204.2358,100,55493.98438
184.72977,100,55493.984468
501.04755,100,55493.984488
403.7697,100,55493.984504
494.97684,100,55493.984519
332.3693,100,55493.984533
239.90302,100,55493.984548
455.398,100,55493.984562
475.85577,100,55516.717381
202.35619,100,55516.717458
521.35675,100,55516.717471
597.79224,100,55516.71748
192.60767,100,55516.717489
530.9832,100,55516.717498
227.17848,100,55516.717507
501.29605,100,55516.717516
525.7697,100,55530.664462
235.82117,100,55530.664563
292.91373,100,55530.664587
212.72925,100,55530.664605
209.65338,100,55530.664621
223.0363,100,55530.664637
220.71071,100,55530.664653
351.9971,100,55530.664669
512.871,100,55553.723968
204.66939,100,55553.724047
421.75766,100,55553.724062
150.66675,100,55553.724072
212.5959,100,55553.72408
239.87915,100,55553.724089
144.8466,100,55553.724097
242.36127,100,55553.724106
224.9343,100,55566.557213
410.05496,100,55566.557288
272.9796,100,55566.5573
202.78864,100,55566.55731
437.89374,100,55566.557319
494.75238,100,55566.557327
188.4173,100,55566.557336
295.30475,100,55566.557344
234.373,100,55589.758495
305.77374,100,55589.758604
268.87204,100,55589.758636
440.30884,100,55589.75866
238.25327,100,55589.758681
231.40111,100,55589.758702
464.60608,100,55589.758723
363.4785,100,55589.758745
227.7951,100,55613.378057
212.68681,100,55613.378128
545.0187,100,55613.37814
222.65689,100,55613.37815
248.58417,100,55613.378158
321.8607,100,55613.378166
196.65692,100,55613.378175
483.8988,100,55613.378184
263.1972,100,55626.349591
215.58212,100,55626.349667
228.13727,100,55626.349679
321.98328,100,55626.349688
233.67487,100,55626.349696
268.14032,100,55626.349705
248.61919,100,55626.349713
260.76917,100,55626.349721
399.96106,100,55650.134574
435.271,100,55650.134665
510.4454,100,55650.134688
207.35812,100,55650.134705
217.20107,100,55650.134722
282.79242,100,55650.134739
612.6145,100,55650.134755
273.41217,100,55650.134771
261.04968,100,55664.12168
322.4684,100,55664.121776
272.37552,100,55664.121799
226.30862,100,55664.121817
399.102,100,55664.121833
528.04333,100,55664.121849
474.45914,100,55664.121866
206.2023,100,55664.121881
188.53523,100,55687.956388
262.51212,100,55687.956474
217.72502,100,55687.956498
522.1158,100,55687.956515
258.64322,100,55687.956532
227.202,100,55687.956548
522.7418,100,55687.956565
505.8462,100,55687.956581
254.24544,100,55701.220559
239.64166,100,55701.220666
238.26868,100,55701.220699
218.57759,100,55701.220759
451.05298,100,55701.220785
274.95737,100,55701.220809
228.33977,100,55701.220832
246.8206,100,55701.220855
234.435,100,55724.075001
493.29413,100,55724.075101
209.80333,100,55724.075124
256.66852,100,55724.075141
247.05879,100,55724.075157
223.5569,100,55724.075173
551.7986,100,55724.075189
214.55113,100,55724.075205
461.3867,100,55737.057326
195.26086,100,55737.057431
232.0501,100,55737.05746
203.58882,100,55737.057483
221.73438,100,55737.057506
411.9128,100,55737.057528
262.50418,100,55737.057549
238.71997,100,55737.05757
230.44534,100,55760.83459
247.27533,100,55760.834663
260.057,100,55760.834675
474.73877,100,55760.834684
629.63885,100,55760.834692
304.31155,100,55760.834702
480.53894,100,55760.83471
393.42532,100,55760.834719
197.58043,100,55784.043751
251.26712,100,55784.043837
246.0769,100,55784.043858
260.48175,100,55784.043873
240.29005,100,55784.043888
226.08644,100,55784.043903
515.05005,100,55784.043917
211.04419,100,55784.043931
248.8835,100,55797.172162
292.55374,100,55797.172234
222.56056,100,55797.172246
262.6825,100,55797.172255
196.63399,100,55797.172264
162.82219,100,55797.172272
330.0573,100,55797.17228
273.03012,100,55797.172289
552.69336,100,55820.681344
275.4796,100,55820.681417
545.44037,100,55820.68143
171.1028,100,55820.681439
253.91644,100,55820.681448
334.73697,100,55820.681457
242.94383,100,55820.681466
198.84361,100,55820.681474
228.08144,100,55833.891608
231.43257,100,55833.891681
222.94875,100,55833.891694
310.74475,100,55833.891703
226.958,100,55833.891711
180.78018,100,55833.89172
256.83875,100,55833.891729
228.29,100,55833.891737
219.68405,100,55856.3325
222.79327,100,55856.332575
300.87527,100,55856.332587
186.7176,100,55856.332596
216.28664,100,55856.332605
193.20529,100,55856.332613
165.1359,100,55856.332623
229.04048,100,55856.332631
248.20921,100,55869.663878
249.90515,100,55869.663986
474.39325,100,55869.664018
244.41432,100,55869.664065
195.72322,100,55869.664089
185.29921,100,55869.664112
240.36943,100,55869.664134
280.8092,100,55869.664156
225.70831,100,55893.297251
254.03856,100,55893.297351
253.20006,100,55893.297377
257.63538,100,55893.2974
332.4621,100,55893.297418
252.6213,100,55893.29744
410.22577,100,55893.297458
399.54715,100,55893.297474
295.30267,100,55917.28589
439.07574,100,55917.285953
201.05136,100,55917.285966
223.78104,100,55917.285975
391.09845,100,55917.285984
236.01202,100,55917.285993
331.72885,100,55917.286001
370.85672,100,55917.28601
231.63744,100,55930.257763
352.72983,100,55930.257834
216.24533,100,55930.257846
254.18648,100,55930.257855
202.54916,100,55930.257864
234.97868,100,55930.257872
207.7734,100,55930.25788
214.82643,100,55930.257889
507.80765,100,55953.770419
188.7852,100,55953.770507
554.0309,100,55953.770526
203.40736,100,55953.770539
386.08112,100,55953.770552
310.2222,100,55953.770564
244.55072,100,55953.770577
248.02316,100,55953.770589
226.00375,100,55967.590776
225.43118,100,55967.590872
261.4247,100,55967.590894
274.6644,100,55967.590912
219.54279,100,55967.590929
464.88562,100,55967.590945
276.9628,100,55967.590963
215.39584,100,55967.590979
214.1669,100,55990.326536
491.7423,100,55990.326608
296.87128,100,55990.326621
297.06433,100,55990.32663
255.24297,100,55990.326638
534.4081,100,55990.326647
446.2718,100,55990.326656
585.71436,100,55990.326665
257.57794,100,56003.586695
339.42123,100,56003.586766
419.49652,100,56003.586777
249.03989,100,56003.586787
243.82587,100,56003.586795
182.64641,100,56003.586803
516.0619,100,56003.586812
214.00856,100,56003.58682
584.92316,100,56027.190849
239.90898,100,56027.190928
264.01996,100,56027.190943
370.364,100,56027.190953
261.1486,100,56027.190961
258.92664,100,56027.19097
186.04936,100,56027.190979
256.21408,100,56027.190988
263.6752,100,56041.016375
425.69315,100,56041.016449
432.18573,100,56041.016461
211.72687,100,56041.016471
257.49228,100,56041.016479
226.73976,100,56041.016488
233.95692,100,56041.016496
564.40784,100,56041.016519
238.06639,100,56063.862613
535.37537,100,56063.862704
266.74667,100,56063.862728
332.70105,100,56063.862745
377.88666,100,56063.862761
234.9953,100,56063.862778
477.20398,100,56063.862794
555.78406,100,56063.862811
290.36697,100,56086.257491
261.4073,100,56086.257565
207.82977,100,56086.257577
529.96765,100,56086.257586
210.94604,100,56086.257595
210.47737,100,56086.257603
260.2111,100,56086.257612
227.53864,100,56086.25762
297.41205,100,56099.629932
209.60915,100,56099.630027
192.61925,100,56099.630062
193.87494,100,56099.63008
524.4537,100,56099.630097
240.83492,100,56099.630114
245.8174,100,56099.63013
175.74794,100,56099.630146
241.82254,100,56122.308905
309.02826,100,56122.308981
208.95331,100,56122.308993
199.9248,100,56122.309002
395.22803,100,56122.30901
592.7141,100,56122.309019
193.50348,100,56122.309027
235.28877,100,56122.309048
260.08987,100,56135.783822
268.42966,100,56135.783898
184.69789,100,56135.78391
209.73396,100,56135.783919
396.0558,100,56135.783928
255.32751,100,56135.783937
447.12915,100,56135.783945
446.208,100,56135.783953
306.94586,100,56159.99774
259.57153,100,56159.997831
259.0642,100,56159.997854
176.60657,100,56159.997872
295.04147,100,56159.997889
258.79495,100,56159.997905
245.31424,100,56159.997921
261.0997,100,56159.997937
314.23633,100,56173.689013
252.43153,100,56173.689093
511.50958,100,56173.689105
542.9432,100,56173.689114
223.72978,100,56173.689122
257.8585,100,56173.689131
213.90054,100,56173.689138
248.99034,100,56173.689146
527.2291,100,56196.755248
222.28474,100,56196.75534
259.82773,100,56196.755363
485.73157,100,56196.755381
187.31842,100,56196.755397
223.67896,100,56196.755414
322.30518,100,56196.755429
335.88385,100,56196.755445
221.26222,100,56220.367771
371.82193,100,56220.367843
499.96182,100,56220.367855
530.45087,100,56220.367863
262.83224,100,56220.367872
362.8096,100,56220.36788
222.40671,100,56220.367889
241.44226,100,56220.367897
235.59735,100,56233.583252
487.34906,100,56233.583345
207.79489,100,56233.583368
225.45438,100,56233.583386
253.63126,100,56233.583404
186.27405,100,56233.58342
383.72797,100,56233.583436
295.01077,100,56233.583452
245.3887,100,56257.06781
237.82486,100,56257.067886
244.22763,100,56257.067898
179.64923,100,56257.067907
220.6018,100,56257.067916
498.31815,100,56257.067925
248.94623,100,56257.067934
413.06555,100,56257.067943
197.92062,100,56270.29572
254.85307,100,56270.295804
169.0773,100,56270.295828
431.312,100,56270.295848
237.78868,100,56270.295866
482.0758,100,56270.295885
301.59467,100,56270.295905
618.20557,100,56270.295924
225.24661,100,56293.464138
400.7848,100,56293.464211
209.17976,100,56293.464224
271.43427,100,56293.464234
202.00465,100,56293.464243
248.02219,100,56293.464252
265.00745,100,56293.464261
258.7686,100,56293.464269
244.65303,100,56307.326884
414.17084,100,56307.326979
181.32224,100,56307.327007
237.32611,100,56307.32704
445.53345,100,56307.327068
232.96605,100,56307.327088
210.2683,100,56307.327109
130.37048,100,56307.32713
260.41376,100,56331.14035
176.62564,100,56331.140425
253.0965,100,56331.140437
274.1984,100,56331.140447
235.0462,100,56331.140455
528.33484,100,56331.140464
192.94684,100,56331.140472
486.08606,100,56331.140481
163.14807,100,56344.993554
270.51022,100,56344.993652
245.359,100,56344.993675
362.98376,100,56344.993692
293.3175,100,56344.993709
280.92072,100,56344.993726
209.03537,100,56344.993742
294.0166,100,56344.993759
515.5715,100,56367.879234
217.10791,100,56367.879312
227.97609,100,56367.879324
263.47928,100,56367.879333
261.52652,100,56367.879342
211.51884,100,56367.87935
451.6139,100,56367.879359
246.91568,100,56367.879367
239.2407,100,56392.503058
258.41797,100,56392.503129
181.3025,100,56392.503141
207.9618,100,56392.50315
215.75063,100,56392.503158
245.19418,100,56392.503167
250.66913,100,56392.503175
251.01631,100,56392.503183
192.73581,100,56405.795251
214.92473,100,56405.79534
349.1156,100,56405.795362
284.12466,100,56405.79538
500.58624,100,56405.795415
449.72467,100,56405.795434
408.17526,100,56405.79545
541.39185,100,56405.795466
217.95526,100,56429.202696
220.79932,100,56429.202773
275.8177,100,56429.202785
397.6105,100,56429.202794
208.62152,100,56429.202802
253.11487,100,56429.202811
240.75461,100,56429.202819
245.2255,100,56429.202828
178.57605,100,56442.528728
241.56104,100,56442.528801
279.47833,100,56442.528814
246.308,100,56442.528823
209.36505,100,56442.528832
188.55655,100,56442.52884
236.43863,100,56442.528849
219.07489,100,56442.528857
221.43779,100,56465.155956
469.1482,100,56465.156037
262.34412,100,56465.156056
228.8149,100,56465.156068
223.07736,100,56465.156078
250.43204,100,56465.156089
234.981,100,56465.156099
211.93074,100,56465.156109
226.32312,100,56478.97652
280.03522,100,56478.976591
184.77097,100,56478.976604
243.58429,100,56478.976613
331.82336,100,56478.976621
201.99185,100,56478.97663
474.01843,100,56478.976638
231.01605,100,56478.976647
362.44217,100,56501.628216
251.11603,100,56501.628309
178.16144,100,56501.628333
242.55711,100,56501.62835
251.73598,100,56501.628367
560.39026,100,56501.628384
437.903,100,56501.6284
383.53403,100,56501.628417
241.73685,100,56524.999424
284.84317,100,56524.999501
289.47668,100,56524.999514
189.66039,100,56524.999523
245.21025,100,56524.999532
297.46094,100,56524.999542
609.22186,100,56524.999551
218.9943,100,56524.999561
223.29364,100,56538.890999
527.4098,100,56538.891101
241.04803,100,56538.891124
250.59685,100,56538.891141
434.75653,100,56538.891158
440.1756,100,56538.891175
237.88257,100,56538.891191
510.57056,100,56538.891207
157.60887,100,56561.977148
232.95538,100,56561.977218
208.62212,100,56561.97723
254.39557,100,56561.977238
357.33838,100,56561.977247
500.61414,100,56561.977255
210.4518,100,56561.977263
452.19656,100,56561.977272
220.83281,100,56576.138621
461.88077,100,56576.138695
568.4377,100,56576.138707
291.15256,100,56576.138716
267.20462,100,56576.138725
262.76486,100,56576.138734
230.15228,100,56576.138742
192.68097,100,56576.13875
227.08972,100,56598.894115
235.08842,100,56598.894222
228.8749,100,56598.894253
249.60165,100,56598.894278
250.77332,100,56598.894301
241.56366,100,56598.894323
506.00482,100,56598.894344
491.17633,100,56598.894365
197.93884,100,56612.225869
455.27478,100,56612.225962
265.42343,100,56612.225985
209.5663,100,56612.226002
502.62512,100,56612.226019
291.67352,100,56612.226049
245.14082,100,56612.226066
459.36398,100,56612.226082
520.41797,100,56635.361417
229.05971,100,56635.361491
177.87889,100,56635.361504
486.99496,100,56635.361513
433.34116,100,56635.361521
215.58223,100,56635.36153
215.86746,100,56635.361538
264.89514,100,56635.361547
515.859,100,56648.594884
244.07574,100,56648.59496
300.41144,100,56648.594972
233.08159,100,56648.594982
225.6222,100,56648.59499
216.08694,100,56648.594999
220.67772,100,56648.595007
245.55568,100,56648.595016
276.636,100,56672.339459
171.9188,100,56672.339534
269.72128,100,56672.339547
259.9232,100,56672.339556
210.17407,100,56672.339565
312.20572,100,56672.339574
244.25699,100,56672.339583
439.8949,100,56672.339591
218.55247,100,56695.3067
221.20425,100,56695.306786
418.06256,100,56695.30681
271.5101,100,56695.306827
497.7625,100,56695.306846
504.80728,100,56695.306862
264.99323,100,56695.30688
129.79935,100,56695.306897
132.36455,100,56708.493388
224.15237,100,56708.493461
419.96448,100,56708.493473
171.9841,100,56708.493482
614.1879,100,56708.493491
540.43005,100,56708.493499
520.11835,100,56708.493508
478.8936,100,56708.493516
224.66837,100,56732.56774
520.5916,100,56732.567831
263.82803,100,56732.567853
174.44762,100,56732.567871
230.73444,100,56732.567888
311.96738,100,56732.567905
334.9319,100,56732.567921
234.6102,100,56732.567937
485.10956,100,56746.923223
384.1966,100,56746.923325
279.9492,100,56746.923356
249.98209,100,56746.923379
263.37872,100,56746.923401
221.09723,100,56746.923422
511.85098,100,56746.923444
510.31555,100,56746.923465
519.8974,100,56770.089489
198.49274,100,56770.089566
510.78946,100,56770.089578
416.78012,100,56770.089588
232.53151,100,56770.089596
336.8526,100,56770.089604
229.61592,100,56770.089613
248.805,100,56770.089621
199.90623,100,56783.036315
240.28604,100,56783.036389
446.73346,100,56783.036401
445.79968,100,56783.03641
488.794,100,56783.036419
465.58966,100,56783.036428
385.92853,100,56783.036436
224.37897,100,56783.036444
236.43788,100,56806.626925
436.3496,100,56806.62702
529.8291,100,56806.627057
317.77365,100,56806.627075
417.7574,100,56806.627092
427.27432,100,56806.627109
250.00348,100,56806.627126
540.56287,100,56806.627144
200.37955,100,56829.315407
477.67847,100,56829.315484
244.41554,100,56829.315497
370.72272,100,56829.315507
425.48242,100,56829.315516
217.31604,100,56829.315525
222.95901,100,56829.315534
503.3701,100,56829.315542
219.94754,100,56843.127138
418.03003,100,56843.127229
340.44955,100,56843.127251
155.28133,100,56843.127269
191.28458,100,56843.127285
210.58778,100,56843.127302
267.75934,100,56843.127318
235.37906,100,56843.127333
459.14438,100,56866.361914
232.83931,100,56866.361986
541.21423,100,56866.361999
187.46365,100,56866.362008
468.48972,100,56866.362016
515.24506,100,56866.362025
265.52695,100,56866.362045
249.48553,100,56866.362054
204.3204,100,56879.772199
200.61974,100,56879.77229
415.49597,100,56879.772312
499.59955,100,56879.77233
259.77155,100,56879.772346
251.22394,100,56879.772362
319.88638,100,56879.772378
307.77725,100,56879.772394
319.4766,100,56902.896123
230.22726,100,56902.896199
240.04013,100,56902.896212
393.84717,100,56902.896221
171.51596,100,56902.896231
221.49295,100,56902.89624
527.8368,100,56902.896249
528.4675,100,56902.896257
212.95396,100,56917.10836
209.1733,100,56917.10845
194.03647,100,56917.108473
282.92114,100,56917.108491
324.84903,100,56917.108508
192.93031,100,56917.108525
192.95412,100,56917.108541
337.2485,100,56917.108557
424.33255,100,56941.254584
383.13226,100,56941.254673
259.09964,100,56941.254696
273.46277,100,56941.254713
223.60571,100,56941.25473
484.76337,100,56941.254746
538.6382,100,56941.254762
269.88577,100,56941.254779
260.528,100,56954.247934
257.59445,100,56954.248027
399.1698,100,56954.248066
247.08917,100,56954.248084
219.28873,100,56954.248101
574.3412,100,56954.248117
241.5638,100,56954.248133
564.6249,100,56954.248149
211.68797,100,56976.969368
202.00429,100,56976.969442
555.43945,100,56976.969454
504.94275,100,56976.969464
246.46754,100,56976.969473
492.7464,100,56976.969481
531.6132,100,56976.96949
180.4531,100,56976.969498
481.932,100,57000.135654
261.29648,100,57000.135743
252.95963,100,57000.135767
217.30267,100,57000.135784
194.20033,100,57000.1358
228.71495,100,57000.135816
389.14362,100,57000.135832
446.37924,100,57000.135849
210.41052,100,57013.635625
181.23395,100,57013.635716
250.0086,100,57013.635738
232.8636,100,57013.635755
203.30655,100,57013.635771
420.399,100,57013.635787
538.6403,100,57013.635803
246.41934,100,57013.635818
233.32117,100,57036.728422
280.13205,100,57036.728492
369.2343,100,57036.728503
243.42659,100,57036.728512
230.78175,100,57036.728521
247.96446,100,57036.728529
395.3303,100,57036.728538
271.8455,100,57036.728546
381.50385,100,57050.115881
223.48215,100,57050.115978
283.1011,100,57050.116003
400.93555,100,57050.116022
202.15112,100,57050.116056
240.0066,100,57050.116076
233.41489,100,57050.116094
235.58441,100,57050.116112
230.6708,100,57073.969663
314.86066,100,57073.969738
209.06001,100,57073.96975
220.45618,100,57073.96976
544.2336,100,57073.969769
234.7253,100,57073.969778
460.1209,100,57073.969786
243.77055,100,57073.969795
260.13214,100,57086.851743
145.98189,100,57086.851831
258.57596,100,57086.851852
205.31209,100,57086.851868
227.52405,100,57086.851883
251.04915,100,57086.851898
225.2783,100,57086.851918
249.55058,100,57086.851933
256.5451,100,57110.056882
249.36708,100,57110.056956
172.14345,100,57110.056968
227.57446,100,57110.056977
212.25249,100,57110.057012
259.7376,100,57110.057022
276.70978,100,57110.05704
209.7291,100,57110.057052
230.90309,100,57133.334696
225.21552,100,57133.334769
216.13925,100,57133.334782
389.9045,100,57133.334791
190.33827,100,57133.3348
229.36902,100,57133.334809
218.36337,100,57133.334817
251.3422,100,57133.334826
286.0684,100,57146.220798
220.03308,100,57146.220892
223.70476,100,57146.220914
421.29626,100,57146.220932
497.81256,100,57146.220948
163.42216,100,57146.220965
233.68483,100,57146.22098
193.64265,100,57146.220996
251.86519,100,57169.534234
241.2289,100,57169.534313
250.12102,100,57169.534327
449.78708,100,57169.534337
325.44226,100,57169.534346
219.91652,100,57169.534355
589.56824,100,57169.534364
270.29648,100,57169.534373
183.67247,100,57182.576788
245.93309,100,57182.576861
416.7874,100,57182.576874
220.72224,100,57182.576884
252.67426,100,57182.576893
293.0314,100,57182.576902
251.33098,100,57182.576911
236.09523,100,57182.57692
421.46997,100,57206.66801
237.70851,100,57206.668111
294.96185,100,57206.668134
222.81511,100,57206.668152
283.4971,100,57206.668169
414.84726,100,57206.668185
198.24971,100,57206.668202
203.02785,100,57206.668218
196.17273,100,57220.588301
419.59027,100,57220.588393
436.52115,100,57220.588415
247.3476,100,57220.588433
405.39713,100,57220.588449
464.33054,100,57220.588466
475.5156,100,57220.588482
238.14189,100,57220.588498
583.36975,100,57243.738237
257.55966,100,57243.73833
266.18195,100,57243.738353
233.36615,100,57243.738371
330.69006,100,57243.738387
190.25536,100,57243.738404
191.47209,100,57243.73842
278.00467,100,57243.738437
228.84933,100,57257.707825
217.98921,100,57257.707897
536.88116,100,57257.707909
366.7434,100,57257.707918
321.6311,100,57257.707927
499.34592,100,57257.707935
204.47836,100,57257.707944
194.72246,100,57257.707952
247.54884,100,57280.792545
514.8132,100,57280.79262
217.78142,100,57280.792633
186.65494,100,57280.792642
278.78683,100,57280.792651
230.05417,100,57280.79266
364.92908,100,57280.792669
338.56073,100,57280.792678
242.62166,100,57303.968818
253.02977,100,57303.968894
247.52487,100,57303.968905
281.00595,100,57303.968915
245.27477,100,57303.968923
476.06335,100,57303.968931
242.38438,100,57303.968939
247.87494,100,57303.968947
209.86485,100,57317.734687
484.92273,100,57317.734761
311.40213,100,57317.734774
249.14122,100,57317.734784
376.51315,100,57317.734794
167.82913,100,57317.734803
243.26416,100,57317.734812
258.51022,100,57317.734822
321.01163,100,57341.444193
536.4757,100,57341.444287
330.40732,100,57341.44431
237.19614,100,57341.444328
240.95262,100,57341.444345
238.5682,100,57341.444361
239.74963,100,57341.444377
595.74866,100,57341.444393
457.37933,100,57354.404207
247.28975,100,57354.404279
356.08438,100,57354.404291
508.4842,100,57354.4043
324.0356,100,57354.404309
190.39,100,57354.404318
179.96509,100,57354.404326
462.0601,100,57354.404334
138.90498,100,57377.067518
220.80345,100,57377.067592
265.467,100,57377.067604
360.94653,100,57377.067613
444.40216,100,57377.067621
240.28947,100,57377.06763
177.46204,100,57377.067638
381.15662,100,57377.067646
221.95018,100,57391.271441
283.0785,100,57391.27154
275.75238,100,57391.271564
203.58493,100,57391.271585
374.53418,100,57391.271604
222.75368,100,57391.271622
545.7968,100,57391.271641
259.99585,100,57391.271659
195.12614,100,57415.336819
353.9633,100,57415.336912
203.3192,100,57415.336935
359.60657,100,57415.336953
387.2444,100,57415.33697
508.7732,100,57415.336987
181.74844,100,57415.337003
238.32944,100,57415.337019
253.45389,100,57439.180991
302.5497,100,57439.181079
233.79436,100,57439.181093
429.49255,100,57439.181103
183.27742,100,57439.181111
328.14655,100,57439.18112
256.97473,100,57439.181129
172.65948,100,57439.181137
203.44379,100,57452.623964
281.65625,100,57452.624041
253.33176,100,57452.624056
229.99829,100,57452.624065
255.77702,100,57452.624074
202.28012,100,57452.624082
582.06866,100,57452.624091
492.73062,100,57452.624099
265.42255,100,57476.76454
185.10625,100,57476.764645
286.16455,100,57476.764674
280.17596,100,57476.764695
326.5308,100,57476.764716
278.9335,100,57476.764737
277.10745,100,57476.764757
557.4505,100,57476.764775
452.55627,100,57490.801954
512.09515,100,57490.802063
483.7371,100,57490.802092
243.78189,100,57490.802111
342.66632,100,57490.802129
321.6567,100,57490.802146
241.30362,100,57490.802162
535.76984,100,57490.802179
251.52162,100,57514.405919
247.80144,100,57514.405992
305.509,100,57514.406004
316.16473,100,57514.406013
186.11589,100,57514.406022
137.31908,100,57514.406036
265.70532,100,57514.406048
529.2382,100,57514.406056
240.28624,100,57528.169692
562.06323,100,57528.169776
224.71695,100,57528.169797
311.5766,100,57528.169813
247.16338,100,57528.169829
483.76025,100,57528.169844
257.14755,100,57528.169858
209.52379,100,57528.169873
155.40468,100,57551.177344
486.31558,100,57551.177424
339.3479,100,57551.177438
219.11261,100,57551.177449
229.24529,100,57551.17746
189.34688,100,57551.17747
470.9028,100,57551.17748
236.52303,100,57551.177489
173.8244,100,57564.496671
193.15901,100,57564.496774
210.99854,100,57564.496803
248.157,100,57564.496825
189.66927,100,57564.496846
269.63693,100,57564.496866
198.71053,100,57564.496886
293.33383,100,57564.496907
467.80298,100,57587.312449
221.09592,100,57587.312522
324.2243,100,57587.312534
445.57285,100,57587.312544
176.27533,100,57587.312553
320.1011,100,57587.312562
248.42802,100,57587.312571
410.65646,100,57587.312579
340.65576,100,57610.774431
442.46628,100,57610.774504
222.44646,100,57610.774516
225.00568,100,57610.774526
518.07764,100,57610.774535
490.07608,100,57610.774544
255.67664,100,57610.774553
200.22311,100,57610.774561
260.99838,100,57624.238526
236.22702,100,57624.238619
212.40714,100,57624.238642
489.7064,100,57624.23866
350.6749,100,57624.238677
482.53476,100,57624.238694
180.68875,100,57624.23871
283.41364,100,57624.238727
218.8627,100,57647.475783
257.8665,100,57647.47587
440.01898,100,57647.47589
123.61868,100,57647.475905
238.8015,100,57647.475921
283.6724,100,57647.475936
431.75,100,57647.47595
224.675,100,57647.475965
431.00073,100,57660.961465
420.40332,100,57660.961559
212.93008,100,57660.961581
396.48044,100,57660.961599
227.2561,100,57660.961616
282.15356,100,57660.961633
481.46866,100,57660.96165
229.37608,100,57660.961667
164.75035,100,57685.335458
270.9954,100,57685.33555
285.51202,100,57685.335573
270.0918,100,57685.33559
342.9499,100,57685.335608
246.65019,100,57685.335624
260.46497,100,57685.33564
232.68158,100,57685.335657
202.12584,100,57698.4318
246.68639,100,57698.43187
301.1493,100,57698.431883
237.69902,100,57698.431892
243.0479,100,57698.431901
496.2372,100,57698.431909
204.15294,100,57698.431918
242.73051,100,57698.431927
356.30588,100,57721.915992
178.5873,100,57721.916098
216.12943,100,57721.916122
255.34254,100,57721.91614
412.39136,100,57721.916158
576.7255,100,57721.916175
249.65579,100,57721.916192
156.2996,100,57721.916208
454.78412,100,57745.227507
254.42361,100,57745.227579
233.33228,100,57745.227592
224.35858,100,57745.227602
348.72375,100,57745.227611
239.33922,100,57745.22762
193.22336,100,57745.227629
561.3751,100,57745.227638
227.28105,100,57758.031177
253.46834,100,57758.031279
472.4624,100,57758.031308
237.97598,100,57758.031331
309.04498,100,57758.031352
339.74622,100,57758.031373
501.54205,100,57758.031393
205.29202,100,57758.031414
274.33047,100,57781.141019
261.3072,100,57781.141121
414.33362,100,57781.141144
473.2376,100,57781.141161
203.68546,100,57781.141177
254.52295,100,57781.141193
237.34229,100,57781.141209
501.86115,100,57781.141224
251.83414,100,57794.641868
493.50287,100,57794.641936
462.09576,100,57794.641949
222.9816,100,57794.64196
152.47185,100,57794.641968
229.42961,100,57794.641976
409.85123,100,57794.641985
182.94513,100,57794.641993
470.6097,100,57817.969019
557.8771,100,57817.9691
283.42877,100,57817.969113
497.89383,100,57817.969123
515.32825,100,57817.969131
247.41711,100,57817.969153
248.6235,100,57817.969163
352.01007,100,57817.969174
448.6894,100,57832.069322
443.74893,100,57832.069411
425.22662,100,57832.069432
303.8722,100,57832.069448
246.60796,100,57832.069464
362.52304,100,57832.069479
147.32841,100,57832.069494
251.08502,100,57832.069508
227.6358,100,57854.397359
242.95949,100,57854.397434
268.39514,100,57854.397447
246.82045,100,57854.397457
215.01823,100,57854.397465
409.34772,100,57854.397474
138.30147,100,57854.397483
342.85764,100,57854.397492
229.76982,100,57866.970673
320.44617,100,57866.970767
296.5147,100,57866.97079
281.23828,100,57866.970808
212.02179,100,57866.970825
192.60736,100,57866.970842
232.18442,100,57866.970858
189.70706,100,57866.970874
450.67142,100,57889.661901
392.55243,100,57889.662004
234.24232,100,57889.662047
166.65977,100,57889.662075
429.81183,100,57889.662098
328.11935,100,57889.662119
528.2891,100,57889.66214
212.87947,100,57889.662164
277.48404,100,57912.259064
560.1134,100,57912.259142
152.19737,100,57912.259155
273.13678,100,57912.259165
275.79694,100,57912.259174
233.76718,100,57912.259182
233.74167,100,57912.259191
230.70757,100,57912.259201
507.758,100,57925.583235
263.90378,100,57925.583325
310.49905,100,57925.583345
225.90099,100,57925.58336
235.79086,100,57925.583374
491.4442,100,57925.583388
344.20746,100,57925.583402
222.91772,100,57925.583417
232.06581,100,57948.820747
225.7555,100,57948.820827
483.15707,100,57948.82084
247.99495,100,57948.82085
239.77585,100,57948.820859
253.2511,100,57948.820869
419.5771,100,57948.820878
134.85109,100,57948.820888
558.80524,100,57963.053953
234.1571,100,57963.054026
427.38147,100,57963.05405
351.83575,100,57963.054059
265.44098,100,57963.054068
284.49832,100,57963.054077
364.5233,100,57963.054085
277.9208,100,57963.054094
520.29944,100,57987.435191
371.81186,100,57987.435266
266.17795,100,57987.435278
223.61887,100,57987.435287
419.4007,100,57987.435296
187.02261,100,57987.435305
270.7724,100,57987.435313
213.5041,100,57987.435322
513.97003,100,58000.905052
176.38997,100,58000.905125
144.04486,100,58000.905137
306.22003,100,58000.905146
433.65955,100,58000.905154
417.92184,100,58000.905162
207.25446,100,58000.905171
463.1374,100,58000.905179
484.83453,100,58025.164664
286.9433,100,58025.164736
211.41841,100,58025.164748
255.43799,100,58025.164757
479.78452,100,58025.164766
311.94424,100,58025.164774
244.39207,100,58025.164783
361.5967,100,58025.164791
185.34592,100,58048.190774
250.1021,100,58048.190851
285.58444,100,58048.190864
300.13144,100,58048.190874
174.95346,100,58048.190883
620.9346,100,58048.190892
520.85944,100,58048.190901
260.97467,100,58048.19091
253.8418,100,58061.335016
215.44685,100,58061.33513
194.46606,100,58061.335158
265.0505,100,58061.33518
207.64275,100,58061.335202
277.76752,100,58061.335224
235.73602,100,58061.335245
472.4698,100,58061.335265
343.0956,100,58084.333309
272.36804,100,58084.33341
182.10732,100,58084.333439
256.12003,100,58084.333463
282.40216,100,58084.333485
297.8385,100,58084.333506
447.80447,100,58084.333526
501.27527,100,58084.333545
479.3772,100,58097.241063
345.16992,100,58097.241136
162.02869,100,58097.241149
219.45152,100,58097.241159
202.08289,100,58097.241168
230.77304,100,58097.241176
210.05069,100,58097.241185
245.63058,100,58097.241194
400.5,100,58120.462045
246.7394,100,58120.462122
203.65565,100,58120.462135
218.6505,100,58120.462144
519.5479,100,58120.462153
188.24457,100,58120.462162
447.40106,100,58120.462171
185.68932,100,58120.46218
222.36057,100,58134.864076
201.33116,100,58134.864149
193.35507,100,58134.864162
558.317,100,58134.864172
286.46115,100,58134.864182
243.54117,100,58134.86419
267.4498,100,58134.864199
321.04037,100,58134.864208
578.67194,100,58158.13487
454.3885,100,58158.134963
294.3276,100,58158.134984
458.79263,100,58158.135001
229.82805,100,58158.135018
275.8505,100,58158.135054
230.75061,100,58158.135072
297.5152,100,58158.135088
557.1173,100,58172.291815
166.13933,100,58172.291936
483.7,100,58172.291961
237.6918,100,58172.291979
419.11066,100,58172.291996
249.32188,100,58172.292012
480.438,100,58172.292039
362.6426,100,58172.292061
452.9688,100,58195.234684
104.433945,100,58195.23476
516.7029,100,58195.234773
362.18167,100,58195.234782
455.28073,100,58195.234791
214.77835,100,58195.2348
254.66687,100,58195.234809
196.53526,100,58195.234818
258.99045,100,58219.086813
421.02222,100,58219.086898
255.1223,100,58219.086918
242.36589,100,58219.086933
529.8845,100,58219.086948
305.14536,100,58219.086962
572.1416,100,58219.086977
240.46826,100,58219.086991
268.56567,100,58232.128665
384.16864,100,58232.128741
347.78265,100,58232.128754
255.68561,100,58232.128764
266.3889,100,58232.128774
239.22972,100,58232.128783
201.65063,100,58232.128792
222.20618,100,58232.128801
152.75342,100,58255.649175
426.63217,100,58255.649266
157.75308,100,58255.649288
265.04718,100,58255.649305
404.67633,100,58255.64932
227.18889,100,58255.649336
220.41507,100,58255.649351
276.63065,100,58255.649365
223.24445,100,58269.432297
212.09557,100,58269.432404
197.45714,100,58269.432433
227.70314,100,58269.432456
255.20087,100,58269.432476
388.28458,100,58269.432497
505.96426,100,58269.432517
529.5592,100,58269.432538
242.62808,100,58292.370213
226.64702,100,58292.370302
222.72665,100,58292.370323
327.7744,100,58292.370338
228.79521,100,58292.370353
352.15533,100,58292.370368
123.75891,100,58292.370382
463.8635,100,58292.370396
222.95883,100,58306.675562
215.60007,100,58306.675651
297.92792,100,58306.675673
308.19153,100,58306.675689
181.99854,100,58306.675706
241.63991,100,58306.675722
208.94205,100,58306.675737
223.74074,100,58306.675752
232.15472,100,58329.935904
223.7358,100,58329.936001
580.6371,100,58329.936025
248.76215,100,58329.936059
318.45795,100,58329.936076
477.14978,100,58329.936093
228.81714,100,58329.936109
233.92474,100,58329.936125
333.41632,100,58354.068637
258.73383,100,58354.068711
245.2108,100,58354.068724
241.17384,100,58354.068734
257.98868,100,58354.068743
244.05551,100,58354.068752
249.57097,100,58354.068761
399.9184,100,58354.068769
219.5725,100,58368.343638
420.693,100,58368.343711
261.26303,100,58368.343724
288.34363,100,58368.343736
233.70143,100,58368.343745
218.22453,100,58368.343753
403.25497,100,58368.343762
258.4285,100,58368.343771
249.95386,100,58391.300779
191.77985,100,58391.300851
344.25717,100,58391.300864
470.27466,100,58391.300874
252.98398,100,58391.300883
272.8346,100,58391.300892
542.73395,100,58391.300901
254.0873,100,58391.30091
232.00961,100,58405.292158
254.84892,100,58405.292248
276.97275,100,58405.29227
208.80254,100,58405.292293
515.83746,100,58405.29231
185.9909,100,58405.292325
279.27896,100,58405.29234
562.6183,100,58405.292355
347.16486,100,58429.111065
257.18915,100,58429.111136
482.88165,100,58429.111149
337.66736,100,58429.111157
251.80609,100,58429.111166
207.72202,100,58429.111174
182.13145,100,58429.111183
225.62659,100,58429.111191
225.28297,100,58442.770838
240.37012,100,58442.770947
511.65356,100,58442.770978
232.28291,100,58442.771002
222.54791,100,58442.771025
443.7808,100,58442.771067
233.92978,100,58442.771092
313.2821,100,58442.771114
249.22183,100,58466.292171
250.88681,100,58466.292266
202.86794,100,58466.292289
276.89902,100,58466.292308
227.042,100,58466.292325
249.7109,100,58466.292341
498.258,100,58466.292358
282.37482,100,58466.292375
222.03741,100,58479.567776
279.95844,100,58479.567853
318.09064,100,58479.567865
233.95595,100,58479.567874
203.64471,100,58479.567883
211.36992,100,58479.567891
176.00636,100,58479.5679
269.32477,100,58479.567909
537.3534,100,58504.043302
504.1571,100,58504.043391
222.74254,100,58504.043411
446.7605,100,58504.043427
400.84714,100,58504.043442
185.25691,100,58504.043456
268.7524,100,58504.043471
568.345,100,58504.043485
189.56778,100,58526.957805
216.4447,100,58526.957877
206.06866,100,58526.957889
247.69743,100,58526.957899
264.38745,100,58526.957908
510.78143,100,58526.957931
284.70413,100,58526.95794
255.13327,100,58526.957948
269.2408,100,58540.85808
248.01012,100,58540.858158
171.67114,100,58540.858169
213.75871,100,58540.858178
184.08708,100,58540.858186
235.39694,100,58540.858195
444.95392,100,58540.858203
238.05681,100,58540.858212
345.37225,100,58563.650869
244.46419,100,58563.650947
263.03223,100,58563.65096
163.75363,100,58563.65097
218.97073,100,58563.65098
252.43825,100,58563.650989
193.07797,100,58563.650997
235.8783,100,58563.651006
231.12529,100,58577.347284
237.56616,100,58577.347359
206.99274,100,58577.347372
214.47134,100,58577.347382
234.50612,100,58577.347391
245.43689,100,58577.3474
582.9553,100,58577.347408
248.45354,100,58577.347417
211.92908,100,58601.425868
234.70093,100,58601.425942
238.05971,100,58601.425954
208.70149,100,58601.425963
374.39398,100,58601.425972
191.66571,100,58601.42598
268.2735,100,58601.425989
189.1523,100,58601.425998
250.60753,100,58614.511644
239.33948,100,58614.511721
367.78784,100,58614.511734
487.87897,100,58614.511744
194.4035,100,58614.511752
250.24265,100,58614.511761
213.63261,100,58614.51177
197.95311,100,58614.511779
210.26408,100,58637.364289
594.5248,100,58637.364377
537.9717,100,58637.364398
259.19116,100,58637.364415
216.61528,100,58637.36443
534.7523,100,58637.364446
177.99895,100,58637.364461
157.89633,100,58637.364476
244.52887,100,58662.043382
179.01299,100,58662.043452
269.70752,100,58662.043465
259.93298,100,58662.043474
250.58409,100,58662.043483
255.26788,100,58662.043492
352.3178,100,58662.0435
328.72195,100,58662.043509
520.05066,100,58676.050685
197.29317,100,58676.050756
326.7186,100,58676.050769
584.0381,100,58676.050779
279.85556,100,58676.050787
218.21536,100,58676.050796
177.87784,100,58676.050804
175.97473,100,58676.050812
230.52867,100,58699.517494
201.37129,100,58699.517568
240.75624,100,58699.517581
306.38867,100,58699.517591
213.61343,100,58699.517599
172.23532,100,58699.517608
327.74954,100,58699.517617
498.38,100,58699.517626
387.3317,100,58713.117184
213.07777,100,58713.117273
529.87744,100,58713.117294
413.301,100,58713.117309
223.18974,100,58713.117324
233.66277,100,58713.117339
290.13995,100,58713.117354
291.41257,100,58713.117368
252.89287,100,58735.936212
534.26483,100,58735.936288
201.90887,100,58735.936309
261.60547,100,58735.936325
284.67984,100,58735.93634
543.52576,100,58735.936355
248.19432,100,58735.93637
215.97986,100,58735.936384
226.14076,100,58749.535793
361.294,100,58749.535865
212.41978,100,58749.535877
167.65022,100,58749.535886
371.5172,100,58749.535894
413.85388,100,58749.535903
314.18387,100,58749.535912
245.69612,100,58749.53592
213.5696,100,58772.092579
151.02649,100,58772.092653
222.33815,100,58772.092666
450.28632,100,58772.092676
192.82716,100,58772.092685
203.86586,100,58772.092694
224.0529,100,58772.092703
208.95703,100,58772.092712
262.1045,100,58786.271066
438.8053,100,58786.271154
527.23315,100,58786.271175
450.73007,100,58786.271191
477.4407,100,58786.271206
183.31952,100,58786.27122
177.14568,100,58786.271235
161.61897,100,58786.271249
291.03802,100,58810.093595
234.57254,100,58810.093666
211.44432,100,58810.093678
383.4469,100,58810.093688
277.7393,100,58810.093696
490.62347,100,58810.093705
191.6904,100,58810.093713
257.37637,100,58810.093722
494.39487,100,58834.273353
486.5681,100,58834.273422
260.29987,100,58834.273435
233.06401,100,58834.273445
468.77435,100,58834.273453
415.96674,100,58834.273462
503.86453,100,58834.27347
247.16438,100,58834.273479
231.05188,100,58848.480782
279.49307,100,58848.480881
228.80016,100,58848.480905
177.50308,100,58848.480923
188.09203,100,58848.48094
203.16417,100,58848.480957
243.71704,100,58848.480973
210.38669,100,58848.48099
240.91118,100,58871.605487
258.82623,100,58871.605547
498.15863,100,58871.60556
196.90607,100,58871.60557
243.06696,100,58871.605578
577.067,100,58871.605587
218.29846,100,58871.605595
241.56659,100,58871.605604
338.01416,100,58885.183054
229.58635,100,58885.183139
259.12817,100,58885.183152
449.29916,100,58885.183161
175.25632,100,58885.18317
481.85132,100,58885.183179
262.22006,100,58885.183188
311.176,100,58885.183197
221.72295,100,58908.512969
164.0653,100,58908.513054
226.58821,100,58908.513068
237.69112,100,58908.513079
186.2453,100,58908.513088
225.86961,100,58908.513096
341.62888,100,58908.513105
246.19774,100,58908.513114
162.68529,100,58922.393003
408.293,100,58922.393079
486.38354,100,58922.393091
161.6785,100,58922.393101
228.5098,100,58922.39311
209.48917,100,58922.393119
152.71321,100,58922.393128
236.01814,100,58922.393137
283.1161,100,58945.523194
156.51566,100,58945.523284
230.93028,100,58945.523306
547.63403,100,58945.523323
230.50127,100,58945.523339
211.10416,100,58945.523355
335.69577,100,58945.523371
243.28157,100,58945.523386
313.26862,100,58968.420131
329.8861,100,58968.420213
185.18416,100,58968.420227
213.16675,100,58968.420238
241.16975,100,58968.420248
298.515,100,58968.420256
232.71487,100,58968.420266
209.69965,100,58968.420275
224.92598,100,58982.075448
558.486,100,58982.075522
505.5656,100,58982.075534
169.98961,100,58982.075543
211.16405,100,58982.075552
233.62216,100,58982.07556
211.08134,100,58982.075569
474.2204,100,58982.075577
249.03343,100,59004.705921
436.57645,100,59004.705995
558.8999,100,59004.706007
393.27258,100,59004.706017
228.54097,100,59004.706025
438.39526,100,59004.706043
511.9943,100,59004.706052
212.56361,100,59004.70606
284.19806,100,59018.104264
219.64542,100,59018.10436
262.67606,100,59018.104383
229.94746,100,59018.1044
451.97833,100,59018.104417
405.7027,100,59018.104433
251.14842,100,59018.10445
236.38861,100,59018.104466
275.09665,100,59042.178553
234.81985,100,59042.178645
528.0345,100,59042.178668
454.7773,100,59042.178685
531.44617,100,59042.178702
224.02846,100,59042.178718
299.62207,100,59042.178735
270.46027,100,59042.178751
241.14682,100,59055.287735
352.47662,100,59055.287829
194.22987,100,59055.287853
172.77153,100,59055.287871
221.01103,100,59055.287887
265.95786,100,59055.287904
130.058,100,59055.28792
241.41989,100,59055.287935
426.07715,100,59078.245177
278.12094,100,59078.245276
262.20923,100,59078.2453
149.20694,100,59078.245319
584.91797,100,59078.245337
307.4648,100,59078.245355
191.69716,100,59078.245373
273.8926,100,59078.245389
434.72662,100,59092.969541
376.08792,100,59092.969632
484.74146,100,59092.969655
215.61153,100,59092.969672
157.639,100,59092.969688
523.0265,100,59092.969705
194.42812,100,59092.969721
160.17618,100,59092.969737
243.91951,100,59115.745707
224.11295,100,59115.7458
237.27322,100,59115.745822
421.28174,100,59115.74584
295.37488,100,59115.745856
232.18726,100,59115.745872
204.90987,100,59115.745887
288.55414,100,59115.745903
199.00964,100,59139.659158
270.17093,100,59139.659249
304.60825,100,59139.659272
217.4672,100,59139.659291
364.85303,100,59139.659308
480.31577,100,59139.659324
436.27173,100,59139.65934
311.0842,100,59139.659356
527.6268,100,59153.113122
289.65182,100,59153.113194
408.92133,100,59153.113206
195.98283,100,59153.113215
274.68307,100,59153.113224
207.56134,100,59153.113232
472.86685,100,59153.11324
226.96054,100,59153.113249
209.1964,100,59175.360265
214.5089,100,59175.360333
255.38887,100,59175.360345
218.6193,100,59175.360354
279.8053,100,59175.360362
340.2825,100,59175.36037
223.0604,100,59175.360378
188.20267,100,59175.360386
295.3145,100,59189.100793
358.8465,100,59189.100881
144.49661,100,59189.100904
336.53845,100,59189.100921
428.22903,100,59189.100937
218.55385,100,59189.100954
285.98483,100,59189.100969
236.88806,100,59189.100985
393.93707,100,59211.6426
225.56999,100,59211.642671
155.71973,100,59211.642683
235.82079,100,59211.642692
326.57184,100,59211.6427
235.49243,100,59211.642708
362.73602,100,59211.642716
462.38538,100,59211.642724
431.7688,100,59226.644175
249.49991,100,59226.644265
231.22208,100,59226.644287
404.44357,100,59226.644305
308.28082,100,59226.644322
253.52127,100,59226.644339
191.40341,100,59226.644372
528.4021,100,59226.64439
356.86188,100,59249.263471
226.36787,100,59249.263559
170.34294,100,59249.263583
186.10133,100,59249.2636
228.38371,100,59249.263617
260.70694,100,59249.263633
225.04825,100,59249.263649
297.30704,100,59249.263665
236.93735,100,59273.409912
226.814,100,59273.409989
259.39655,100,59273.410004
174.12065,100,59273.410015
345.22003,100,59273.410026
162.54182,100,59273.410049
202.82005,100,59273.410059
274.15652,100,59273.41007
234.73984,100,59286.132733
192.40587,100,59286.132807
179.1451,100,59286.132819
259.366,100,59286.132829
152.45782,100,59286.132837
272.5857,100,59286.132846
231.98557,100,59286.132854
342.92816,100,59286.132863
379.8,100,59309.151805
209.07361,100,59309.151879
507.16013,100,59309.151893
248.75865,100,59309.151902
226.77962,100,59309.151911
527.65515,100,59309.151919
253.37485,100,59309.151927
206.65605,100,59309.151935
360.48218,100,59322.587175
390.65134,100,59322.587279
388.2873,100,59322.58731
134.64143,100,59322.587334
249.85016,100,59322.587357
225.40901,100,59322.58738
204.60837,100,59322.587402
248.57265,100,59322.587426
212.70045,100,59345.154021
254.96338,100,59345.154103
243.78683,100,59345.154114
540.9727,100,59345.154123
397.16428,100,59345.154132
551.95874,100,59345.15414
234.00156,100,59345.154149
565.2118,100,59345.154159
238.735,100,59358.722097
268.4718,100,59358.722192
218.70753,100,59358.722215
453.24054,100,59358.722232
216.78339,100,59358.722249
485.8891,100,59358.722265
266.80292,100,59358.722281
270.81506,100,59358.722296
203.42021,100,59382.044527
214.13333,100,59382.04462
243.70503,100,59382.044643
541.8011,100,59382.04466
235.40749,100,59382.044677
247.94284,100,59382.044693
186.88928,100,59382.044709
244.4046,100,59382.044725
444.4402,100,59395.758256
542.0332,100,59395.758345
230.56723,100,59395.758368
218.321,100,59395.758385
270.3811,100,59395.758402
399.97797,100,59395.758418
249.8467,100,59395.758434
246.66351,100,59395.75845
496.2552,100,59419.181252
219.19873,100,59419.181343
344.77,100,59419.181365
567.2992,100,59419.181383
305.64023,100,59419.181398
203.37723,100,59419.181414
230.05463,100,59419.18143
577.2269,100,59419.181446
244.2573,100,59442.143714
224.6294,100,59442.143787
122.33546,100,59442.143799
216.02046,100,59442.143808
241.93814,100,59442.143816
241.08517,100,59442.143825
487.35718,100,59442.143833
539.29047,100,59442.143842
257.60828,100,59455.352759
240.95059,100,59455.35283
489.13593,100,59455.352842
207.57085,100,59455.352851
525.49585,100,59455.35286
207.254,100,59455.352869
236.64369,100,59455.352877
264.7886,100,59455.352886
244.28629,100,59479.46382
320.28952,100,59479.463891
228.41417,100,59479.463903
221.20595,100,59479.463912
542.8574,100,59479.46392
575.67566,100,59479.463928
177.94011,100,59479.463937
239.77371,100,59479.463945
398.42688,100,59492.746866
187.60129,100,59492.746958
280.68655,100,59492.74698
510.74628,100,59492.746997
166.59415,100,59492.747014
255.9722,100,59492.747039
284.14432,100,59492.747059
201.19925,100,59492.747076
500.2881,100,59516.190162
236.61333,100,59516.190253
361.47498,100,59516.190276
423.1523,100,59516.190293
453.56332,100,59516.190309
232.4979,100,59516.190325
207.0308,100,59516.190341
377.36868,100,59516.190357
240.66371,100,59529.821536
241.86247,100,59529.821627
161.29132,100,59529.821649
465.28534,100,59529.821666
232.10448,100,59529.821683
221.0222,100,59529.821699
141.18288,100,59529.821715
271.43668,100,59529.821731
245.80846,100,59552.712923
509.16245,100,59552.713014
169.11719,100,59552.713049
197.30678,100,59552.713068
241.89871,100,59552.713084
276.03094,100,59552.713101
261.10617,100,59552.713117
198.71042,100,59552.713133
145.58897,100,59575.499651
239.64975,100,59575.499728
237.09642,100,59575.49974
285.15048,100,59575.49975
542.7054,100,59575.499758
177.07558,100,59575.499767
210.23454,100,59575.499776
218.0238,100,59575.499784
248.3428,100,59589.843335
245.47707,100,59589.843428
421.2919,100,59589.843451
234.11778,100,59589.84349
244.80458,100,59589.843508
258.34064,100,59589.843524
239.27014,100,59589.84354
446.6061,100,59589.843556
188.26462,100,59613.143359
316.43475,100,59613.143452
252.67572,100,59613.143476
162.24457,100,59613.143493
482.4755,100,59613.143509
208.05363,100,59613.143526
238.25656,100,59613.143542
267.01474,100,59613.143558
168.48802,100,59626.138982
164.44958,100,59626.139095
539.96326,100,59626.139118
315.50824,100,59626.139136
393.23175,100,59626.139152
468.22092,100,59626.139168
277.6162,100,59626.139184
417.7519,100,59626.1392
322.03375,100,59649.11178
291.42816,100,59649.111853
213.74548,100,59649.111865
346.63446,100,59649.111875
315.37732,100,59649.111883
242.78154,100,59649.111892
223.5238,100,59649.1119
239.02716,100,59649.111909
325.16217,100,59662.96453
143.13292,100,59662.96462
349.0978,100,59662.964642
281.4229,100,59662.964659
193.25479,100,59662.964675
253.60963,100,59662.964691
244.22238,100,59662.964707
220.3693,100,59662.964723
284.8881,100,59686.428107
205.35114,100,59686.428181
184.62843,100,59686.428193
282.55374,100,59686.428202
296.74213,100,59686.42821
257.6041,100,59686.428219
409.38605,100,59686.428227
190.45366,100,59686.428236
239.11433,100,59699.886998
221.37,100,59699.887075
207.8065,100,59699.887088
257.24298,100,59699.887097
152.13104,100,59699.887106
214.40321,100,59699.887115
511.19708,100,59699.887123
394.92685,100,59699.887132
298.9402,100,59723.406655
506.76602,100,59723.406747
388.4054,100,59723.40677
397.46436,100,59723.406787
130.2314,100,59723.406803
237.03545,100,59723.40682
386.20636,100,59723.406835
170.36063,100,59723.406851
141.49529,100,59747.471748
252.52174,100,59747.471819
162.4303,100,59747.471832
309.34558,100,59747.471841
296.13873,100,59747.47185
351.37482,100,59747.471859
242.56131,100,59747.471868
203.52434,100,59747.471876
540.56396,100,59760.599288
219.70639,100,59760.59938
534.411,100,59760.599402
407.90604,100,59760.599419
208.21916,100,59760.599435
252.03073,100,59760.59945
290.53436,100,59760.599466
123.70715,100,59760.599482
183.94337,100,59783.900701
221.22481,100,59783.900778
259.48334,100,59783.90079
463.28067,100,59783.900799
574.2516,100,59783.900807
520.3793,100,59783.900816
139.88719,100,59783.900825
539.6083,100,59783.900833
243.123,100,59797.213703
209.67601,100,59797.213796
221.00197,100,59797.213818
524.8217,100,59797.213835
257.09244,100,59797.213851
233.04942,100,59797.213867
273.69693,100,59797.213882
230.85104,100,59797.213898
125.28031,100,59821.352529
254.67947,100,59821.35262
236.64752,100,59821.352643
558.3188,100,59821.35266
192.80402,100,59821.352676
202.94438,100,59821.352693
236.0116,100,59821.352709
320.46432,100,59821.352725
128.89954,100,59835.265509
133.19998,100,59835.265585
456.5208,100,59835.265596
263.39926,100,59835.265605
242.7767,100,59835.265614
233.44432,100,59835.265622
229.64293,100,59835.26563
231.5513,100,59835.265639
230.34534,100,59857.683554
476.66266,100,59857.683644
249.5472,100,59857.683666
131.63808,100,59857.683684
239.64417,100,59857.6837
302.3466,100,59857.683716
537.5351,100,59857.683733
192.7765,100,59857.683748
492.00323,100,59880.623381
215.08244,100,59880.623471
217.34543,100,59880.623493
219.0243,100,59880.623511
219.54446,100,59880.623527
507.82086,100,59880.623544
536.6295,100,59880.623559
207.72617,100,59880.623575
246.98874,100,59894.605244
263.73267,100,59894.605331
399.9856,100,59894.605351
244.1464,100,59894.605366
233.1116,100,59894.60538
218.2568,100,59894.605394
531.6403,100,59894.605408
139.03348,100,59894.605422
395.54776,100,59918.639062
124.830345,100,59918.639135
195.90614,100,59918.639148
258.17322,100,59918.639157
219.99307,100,59918.639166
281.89813,100,59918.639175
234.51653,100,59918.639183
248.4347,100,59918.639192
250.39308,100,59932.342074
181.18298,100,59932.342146
216.4775,100,59932.342158
382.71887,100,59932.342167
321.00583,100,59932.342176
245.38745,100,59932.342185
491.37744,100,59932.342193
209.75714,100,59932.342215
252.96243,100,59955.255997
219.833,100,59955.25608
526.78973,100,59955.256093
448.3672,100,59955.256102
175.59042,100,59955.25611
522.01263,100,59955.256119
242.11746,100,59955.256127
237.26094,100,59955.256135
341.76715,100,59968.809491
253.50835,100,59968.809585
185.28331,100,59968.809607
210.31831,100,59968.809623
582.9175,100,59968.809639
301.71417,100,59968.809656
237.14923,100,59968.809672
574.05084,100,59968.809688
552.05835,100,59992.264267
456.3585,100,59992.264358
259.22186,100,59992.264381
198.6889,100,59992.264398
393.4217,100,59992.264414
227.32983,100,59992.26443
183.78337,100,59992.264447
262.02094,100,59992.264463
490.6532,100,60005.018802
228.79343,100,60005.018895
227.77043,100,60005.018917
167.52078,100,60005.018934
493.5491,100,60005.018951
567.3573,100,60005.018967
468.2567,100,60005.018983
384.32077,100,60005.018999
210.5535,100,60028.524661
566.24976,100,60028.524735
186.34055,100,60028.524748
302.6439,100,60028.524758
223.71893,100,60028.524767
289.5693,100,60028.524777
212.50232,100,60028.524786
290.23358,100,60028.524796
236.29471,100,60051.523013
489.30356,100,60051.5231
498.20035,100,60051.523112
281.66107,100,60051.523122
226.45471,100,60051.523131
488.90903,100,60051.523139
256.38977,100,60051.523148
245.92717,100,60051.523157
324.25284,100,60064.479507
206.42867,100,60064.479599
329.74738,100,60064.479621
290.2973,100,60064.479639
262.98056,100,60064.479655
269.55264,100,60064.479671
251.7414,100,60064.479687
203.61409,100,60064.479703
240.6298,100,60087.834102
231.11256,100,60087.834177
218.66377,100,60087.834189
251.12259,100,60087.834198
267.05658,100,60087.834207
465.18558,100,60087.834215
516.7916,100,60087.834223
144.8404,100,60087.834232
322.9442,100,60100.836831
212.02385,100,60100.836902
314.59814,100,60100.836913
216.80005,100,60100.836922
228.30031,100,60100.836931
397.5405,100,60100.836939
233.7774,100,60100.836948
145.61427,100,60100.836956
226.08813,100,60123.733673
230.1495,100,60123.733765
460.59717,100,60123.733789
320.94904,100,60123.733808
227.16388,100,60123.733824
245.22176,100,60123.73384
236.17046,100,60123.733856
255.22037,100,60123.733871
481.17035,100,60137.662459
244.69273,100,60137.66253
260.28195,100,60137.662542
256.24918,100,60137.662551
211.15463,100,60137.66256
498.3185,100,60137.662569
220.99823,100,60137.662577
507.75403,100,60137.662585
231.09346,100,60160.59301
237.94984,100,60160.593109
451.54977,100,60160.593132
467.8913,100,60160.593149
268.725,100,60160.593165
194.77518,100,60160.593182
166.75974,100,60160.593198
462.8362,100,60160.593213
226.2896,100,60184.352738
450.64508,100,60184.35281
309.32797,100,60184.352823
525.10297,100,60184.352834
456.2665,100,60184.352843
182.0747,100,60184.352851
235.81999,100,60184.352859
454.28275,100,60184.352868
514.8878,100,60197.726572
196.24335,100,60197.726661
265.59155,100,60197.726684
451.75305,100,60197.726701
206.03613,100,60197.726718
449.04993,100,60197.726734
265.04324,100,60197.72675
360.6407,100,60197.726767
229.73688,100,60219.955667
489.47162,100,60219.955739
207.44273,100,60219.95575
271.80484,100,60219.955759
241.76201,100,60219.955768
247.3846,100,60219.955776
207.28113,100,60219.955784
235.04703,100,60219.955793
182.60365,100,60233.252776
180.39528,100,60233.25287
564.03217,100,60233.252893
273.4419,100,60233.252911
530.0141,100,60233.252928
169.83475,100,60233.252944
251.29155,100,60233.252961
530.254,100,60233.252978
238.66801,100,60256.246236
308.36716,100,60256.246325
258.5639,100,60256.246348
228.57648,100,60256.246365
301.91565,100,60256.246382
603.01215,100,60256.246398
242.92868,100,60256.246414
221.43892,100,60256.246431
241.729,100,60269.545102
227.39499,100,60269.545176
166.59206,100,60269.545187
158.71004,100,60269.545197
237.67287,100,60269.545205
229.7092,100,60269.545214
374.33853,100,60269.545222
530.6704,100,60269.545231
291.7009,100,60293.136347
262.84906,100,60293.136419
227.8906,100,60293.136431
277.17883,100,60293.136441
224.44026,100,60293.136457
188.39096,100,60293.136466
293.0627,100,60293.136474
475.16516,100,60293.136482
229.89502,100,60307.23861
253.17375,100,60307.238681
271.3358,100,60307.238693
226.39374,100,60307.238703
340.6667,100,60307.238712
435.15744,100,60307.23872
246.87695,100,60307.238729
327.16342,100,60307.238737
185.82953,100,60330.217725
230.37338,100,60330.217818
209.55238,100,60330.21784
272.81833,100,60330.217858
377.51764,100,60330.217874
254.63206,100,60330.21789
234.37172,100,60330.217907
482.89886,100,60330.217923
235.71704,100,60353.357197
271.51743,100,60353.357269
264.01328,100,60353.357281
420.711,100,60353.35729
234.33615,100,60353.357299
213.39417,100,60353.357308
333.69083,100,60353.357316
250.2813,100,60353.357324
296.04303,100,60366.455872
543.87695,100,60366.455943
249.80247,100,60366.455955
136.27147,100,60366.455964
254.50319,100,60366.455973
313.8866,100,60366.455981
246.13365,100,60366.455989
246.14258,100,60366.455998
237.19986,100,60389.446161
246.27846,100,60389.446253
212.28801,100,60389.446275
263.45468,100,60389.446292
464.53796,100,60389.446309
293.1264,100,60389.446326
258.49,100,60389.446342
272.03516,100,60389.446358
265.1706,100,60402.732244
230.58966,100,60402.73232
245.66516,100,60402.732332
193.58246,100,60402.732342
120.83302,100,60402.73235
229.22852,100,60402.732359
251.99898,100,60402.732368
236.55441,100,60402.732376
263.11035,100,60426.445091
547.5144,100,60426.445163
151.16597,100,60426.445176
382.02756,100,60426.445185
371.08667,100,60426.445194
226.76875,100,60426.445203
599.10443,100,60426.445212
227.7988,100,60426.44522
544.81604,100,60440.048678
159.13,100,60440.048752
221.63922,100,60440.048764
197.74503,100,60440.048773
248.2696,100,60440.048782
374.63177,100,60440.048791
248.77386,100,60440.048799
177.3462,100,60440.048808
283.8294,100,60462.770549
231.1591,100,60462.770645
248.57281,100,60462.770668
220.98987,100,60462.770686
227.82866,100,60462.770703
160.85464,100,60462.770721
239.23732,100,60462.770739
210.7892,100,60462.770756
226.38333,100,60485.763027
242.50906,100,60485.763128
216.39786,100,60485.76315
369.1078,100,60485.763168
205.04485,100,60485.763184
256.08932,100,60485.763201
473.19226,100,60485.763217
227.5909,100,60485.763233
234.29045,100,60498.562364
249.92966,100,60498.562455
253.06706,100,60498.562478
240.08562,100,60498.562496
207.67886,100,60498.562513
228.81279,100,60498.562529
277.37286,100,60498.562545
254.78911,100,60498.562561
138.38666,100,60521.953228
281.38824,100,60521.953316
257.81415,100,60521.953337
213.79541,100,60521.953354
327.05066,100,60521.953368
459.609,100,60521.953383
370.13678,100,60521.953399
263.73706,100,60521.953413
213.57127,100,60534.978701
411.91373,100,60534.978794
200.34975,100,60534.978819
246.11246,100,60534.978837
400.29404,100,60534.978855
464.89313,100,60534.97887
203.79706,100,60534.978886
251.98412,100,60534.978901
207.03294,100,60558.561758
271.21866,100,60558.561851
437.0201,100,60558.561874
235.37619,100,60558.561891
460.32117,100,60558.561908
292.27548,100,60558.561924
551.8348,100,60558.56194
442.61942,100,60558.561956
200.17735,100,60571.861384
582.35645,100,60571.861462
280.8955,100,60571.861474
261.3266,100,60571.861483
448.29462,100,60571.861491
553.2965,100,60571.8615
316.09912,100,60571.861508
496.85583,100,60571.861516
176.39343,100,60594.682786
237.36362,100,60594.682881
181.47153,100,60594.682904
257.6023,100,60594.682921
197.86745,100,60594.682938
239.7676,100,60594.682955
204.29536,100,60594.682971
216.42387,100,60594.682987
455.5303,100,60608.451643
270.29477,100,60608.451719
210.98868,100,60608.451731
506.89648,100,60608.45174
478.83566,100,60608.451749
372.76685,100,60608.451757
271.9481,100,60608.451765
292.4666,100,60608.451773
483.97363,100,60631.586826
496.2341,100,60631.586901
248.7608,100,60631.586913
198.32278,100,60631.586922
178.31335,100,60631.586931
241.37479,100,60631.586939
242.95251,100,60631.586947
218.32677,100,60631.586956
505.29895,100,60655.22252
272.8588,100,60655.22261
273.05185,100,60655.222634
493.89352,100,60655.222652
233.45718,100,60655.222669
206.98758,100,60655.222685
261.3806,100,60655.222702
220.4604,100,60655.222718
488.61862,100,60669.107416
231.30156,100,60669.107508
238.50543,100,60669.10753
338.88318,100,60669.107548
291.9156,100,60669.107565
507.91434,100,60669.107582
231.29953,100,60669.107598
414.80115,100,60669.107614
440.28687,100,60692.967785
199.37816,100,60692.967871
222.0775,100,60692.967883
414.56006,100,60692.967893
246.04938,100,60692.967901
227.41849,100,60692.96791
218.67194,100,60692.967919
233.21039,100,60692.967927
226.29378,100,60705.933628
207.91751,100,60705.933703
440.20807,100,60705.933715
262.3095,100,60705.933724
205.6117,100,60705.933733
192.00688,100,60705.933741
191.96124,100,60705.93375
464.47882,100,60705.933758
330.9557,100,60728.44133
212.72832,100,60728.441403
189.03864,100,60728.441416
137.85825,100,60728.441425
190.99179,100,60728.441434
239.62749,100,60728.441442
202.49939,100,60728.44145
244.59479,100,60728.441459
234.06284,100,60742.660916
279.15356,100,60742.661008
341.68536,100,60742.661028
154.87057,100,60742.661057
189.85481,100,60742.661073
511.51517,100,60742.661088
290.34036,100,60742.661102
227.3351,100,60742.661117
237.80968,100,60765.441813
259.72177,100,60765.441884
262.34268,100,60765.441896
246.49243,100,60765.441905
222.8197,100,60765.441914
336.14017,100,60765.441923
244.26198,100,60765.441931
308.64716,100,60765.441939
517.249,100,60788.459665
232.83385,100,60788.459736
194.83266,100,60788.459748
563.3562,100,60788.459758
503.1073,100,60788.459767
185.07582,100,60788.459775
428.17902,100,60788.459784
253.53139,100,60788.459792
222.72536,100,60801.22155
553.85266,100,60801.221626
235.22255,100,60801.221638
200.55847,100,60801.221647
211.39386,100,60801.221656
225.01509,100,60801.221664
183.6384,100,60801.221672
192.34927,100,60801.22168
198.74863,100,60824.318192
229.3894,100,60824.318266
257.69778,100,60824.318278
452.15775,100,60824.318287
386.31476,100,60824.318295
341.80478,100,60824.318303
172.52733,100,60824.318311
423.37656,100,60824.318319
360.97797,100,60837.832471
454.8806,100,60837.832564
261.66003,100,60837.832586
233.05435,100,60837.832604
168.33022,100,60837.83262
489.47748,100,60837.832637
252.98892,100,60837.832653
243.81001,100,60837.832669
314.17453,100,60861.668531
289.66663,100,60861.66862
533.0693,100,60861.66864
312.8175,100,60861.668656
251.51862,100,60861.668671
180.98503,100,60861.668686
266.50977,100,60861.6687
291.65253,100,60861.668715
209.3837,100,60874.955439
220.13919,100,60874.955515
568.0166,100,60874.955527
238.47412,100,60874.955536
530.69,100,60874.955545
247.48842,100,60874.955554
146.27089,100,60874.955562
217.50963,100,60874.95557
263.39313,100,60898.568063
192.2373,100,60898.568155
477.32126,100,60898.568178
167.50522,100,60898.568195
203.70775,100,60898.568211
291.33606,100,60898.568228
190.08078,100,60898.568244
239.43214,100,60898.56826
331.8066,100,60912.103266
186.18059,100,60912.10336
249.35078,100,60912.103383
321.82037,100,60912.103399
231.82915,100,60912.103415
240.5385,100,60912.103431
518.879,100,60912.103447
498.45032,100,60912.103462
186.94633,100,60935.141821
226.55516,100,60935.141918
474.29663,100,60935.141943
217.97414,100,60935.141961
266.41406,100,60935.141977
194.36053,100,60935.141994
364.28384,100,60935.142009
240.16315,100,60935.142026
238.66591,100,60958.830065
303.7219,100,60958.830138
206.80283,100,60958.830151
209.85103,100,60958.830161
557.3435,100,60958.830169
536.3048,100,60958.830178
260.95078,100,60958.830186
178.66025,100,60958.830194
247.65364,100,60972.345059
499.8911,100,60972.345127
234.29492,100,60972.34514
287.29102,100,60972.345149
255.29013,100,60972.345158
215.23042,100,60972.345166
443.7704,100,60972.345174
353.31714,100,60972.345182
189.6402,100,60995.424601
218.20078,100,60995.424671
511.80392,100,60995.424683
231.0623,100,60995.424692
244.87198,100,60995.424708
299.4282,100,60995.424717
538.4083,100,60995.424725
406.51315,100,60995.424733
193.6652,100,61009.444939
375.39386,100,61009.445013
402.97424,100,61009.445025
401.36655,100,61009.445043
487.78064,100,61009.445052
225.65858,100,61009.445061
254.73322,100,61009.44507
249.535,100,61009.445078
333.1631,100,61032.341197
515.5026,100,61032.34129
221.3026,100,61032.341313
477.8835,100,61032.341331
225.77637,100,61032.341347
198.90466,100,61032.341363
195.60782,100,61032.341379
198.31636,100,61032.341395
189.36137,100,61046.836857
229.26443,100,61046.836946
236.8596,100,61046.836967
597.9109,100,61046.836983
225.437,100,61046.836998
262.5671,100,61046.837013
230.94878,100,61046.837028
437.15814,100,61046.837058
218.21245,100,61069.508867
337.69003,100,61069.508937
260.6069,100,61069.508949
476.22522,100,61069.508958
321.89297,100,61069.508967
220.97539,100,61069.508975
295.30313,100,61069.508984
340.22244,100,61069.508992
195.70535,100,61092.839763
251.07549,100,61092.839837
434.8977,100,61092.83985
211.93347,100,61092.83986
260.90906,100,61092.839869
237.95976,100,61092.839878
521.1773,100,61092.839886
564.1709,100,61092.839895
170.3291,100,61106.062626
239.74512,100,61106.062706
229.35384,100,61106.062729
276.07877,100,61106.062747
231.15457,100,61106.062763
184.28322,100,61106.06278
492.54678,100,61106.062796
283.21027,100,61106.062812
366.47723,100,61129.459481
463.8277,100,61129.459572
215.37431,100,61129.459595
287.4765,100,61129.459613
230.19821,100,61129.45963
279.15646,100,61129.459647
229.5289,100,61129.459664
192.94162,100,61129.45968
203.27786,100,61143.280144
271.25043,100,61143.280238
293.68268,100,61143.28026
253.98877,100,61143.280277
531.1396,100,61143.280294
480.47284,100,61143.280309
571.1858,100,61143.280325
300.08585,100,61143.280341
251.29758,100,61166.692878
271.9445,100,61166.69295
254.84602,100,61166.692962
245.2649,100,61166.692971
153.73668,100,61166.69298
248.07962,100,61166.692988
243.29558,100,61166.692997
465.53165,100,61166.693005
185.08112,100,61180.820162
245.0157,100,61180.820237
243.92207,100,61180.820249
261.4871,100,61180.820258
280.46625,100,61180.820266
222.86113,100,61180.820274
363.88297,100,61180.820282
211.603,100,61180.820291
228.82344,100,61204.19826
152.49152,100,61204.198352
489.9291,100,61204.198375
219.14998,100,61204.198393
284.16956,100,61204.198409
545.18896,100,61204.198426
214.68515,100,61204.198442
265.99222,100,61204.198459
250.63368,100,61217.829357
252.08972,100,61217.829427
530.7214,100,61217.829439
240.88469,100,61217.829448
207.63882,100,61217.829457
299.19833,100,61217.829465
576.0614,100,61217.829473
317.36407,100,61217.829481
215.37425,100,61240.508942
163.96974,100,61240.509047
218.48628,100,61240.509074
208.972,100,61240.50909
446.55096,100,61240.509107
247.43738,100,61240.509123
242.66733,100,61240.509138
244.27638,100,61240.509153
242.15807,100,61264.001592
296.72818,100,61264.001681
336.5927,100,61264.001704
252.47342,100,61264.001721
253.46825,100,61264.001737
203.23871,100,61264.001753
215.89159,100,61264.001769
196.17853,100,61264.001784
390.2316,100,61276.91406
134.8785,100,61276.914149
246.99165,100,61276.914171
513.3844,100,61276.914189
195.70479,100,61276.914205
209.79045,100,61276.914222
199.16553,100,61276.914238
224.6839,100,61276.914253
479.12177,100,61299.785636
274.9457,100,61299.785728
243.37859,100,61299.785752
171.03629,100,61299.785769
192.49863,100,61299.785787
281.62378,100,61299.785809
311.94754,100,61299.78583
559.516,100,61299.785847
452.02002,100,61313.257459
236.36038,100,61313.25756
261.3145,100,61313.257589
559.919,100,61313.257611
393.27457,100,61313.257632
254.96143,100,61313.257652
236.79715,100,61313.257673
179.7149,100,61313.257693
540.73035,100,61337.094474
209.77702,100,61337.094545
275.51334,100,61337.094557
216.05533,100,61337.094566
430.75647,100,61337.094575
195.93958,100,61337.094584
213.11555,100,61337.094592
422.14606,100,61337.094601
246.87666,100,61350.496757
233.46297,100,61350.496852
292.18024,100,61350.496874
235.41872,100,61350.496892
241.78569,100,61350.496909
254.54276,100,61350.496925
254.39331,100,61350.496942
261.9326,100,61350.496958
206.0788,100,61373.231984
217.93571,100,61373.232085
257.91333,100,61373.232108
246.45879,100,61373.232125
262.3517,100,61373.232141
489.73572,100,61373.232157
269.04556,100,61373.232173
209.78899,100,61373.232188
289.15628,100,61396.518742
236.58102,100,61396.518811
173.58458,100,61396.518824
257.34042,100,61396.518834
477.64325,100,61396.518843
502.52625,100,61396.518852
477.4926,100,61396.51886
249.656,100,61396.518869
137.61992,100,61410.32952
228.80655,100,61410.329592
389.27673,100,61410.329604
251.71852,100,61410.329614
266.83057,100,61410.329623
392.45483,100,61410.329631
242.69377,100,61410.32964
411.18536,100,61410.329648
572.1765,100,61433.805773
234.83727,100,61433.805846
242.19841,100,61433.805859
252.18811,100,61433.805869
264.4704,100,61433.805877
264.16934,100,61433.805887
233.02129,100,61433.805896
254.13045,100,61433.805904
451.17776,100,61447.162516
582.48096,100,61447.162605
483.4157,100,61447.162627
233.40375,100,61447.162644
515.8635,100,61447.162661
356.53564,100,61447.162677
192.72366,100,61447.162693
214.03702,100,61447.162709
243.37762,100,61470.337826
249.67023,100,61470.337916
181.10979,100,61470.337939
181.6434,100,61470.337957
483.97052,100,61470.337973
221.94113,100,61470.33799
445.3778,100,61470.338006
244.20535,100,61470.338022
476.40164,100,61484.20751
247.96927,100,61484.207604
212.62968,100,61484.207628
219.33348,100,61484.207645
163.63022,100,61484.207663
248.74394,100,61484.207681
430.82135,100,61484.207699
337.8143,100,61484.207719
281.87613,100,61506.855718
621.792,100,61506.855791
224.44499,100,61506.855803
497.83704,100,61506.855812
230.78778,100,61506.855821
525.24255,100,61506.855829
217.36497,100,61506.855837
500.09473,100,61506.855845
173.62383,100,61519.888908
552.2682,100,61519.888999
284.69348,100,61519.889022
437.02444,100,61519.889052
239.6952,100,61519.889069
216.225,100,61519.889086
151.33081,100,61519.889102
227.36348,100,61519.889117
230.86092,100,61542.504889
218.95671,100,61542.50496
287.76843,100,61542.504972
235.59909,100,61542.504981
274.7507,100,61542.504989
216.22559,100,61542.504998
509.6611,100,61542.505006
472.30994,100,61542.505014
401.15543,100,61565.126474
242.99092,100,61565.12655
303.59872,100,61565.126563
214.45967,100,61565.126572
378.90607,100,61565.126581
247.766,100,61565.12659
184.70125,100,61565.126598
232.56453,100,61565.126607
410.58792,100,61578.617788
454.71802,100,61578.617882
259.4796,100,61578.617905
206.339,100,61578.617922
354.51,100,61578.617939
216.98567,100,61578.617954
208.00363,100,61578.617971
197.06367,100,61578.617987
298.14145,100,61602.149801
423.46777,100,61602.149892
448.28354,100,61602.149916
216.19955,100,61602.149934
138.32202,100,61602.149951
267.18735,100,61602.149967
428.28906,100,61602.149983
446.19873,100,61602.149999
501.4858,100,61615.449409
259.6717,100,61615.449506
234.88786,100,61615.449528
426.30188,100,61615.449546
227.23122,100,61615.449562
204.296,100,61615.449579
307.14026,100,61615.449594
441.26413,100,61615.44961
230.02834,100,61638.331161
497.902,100,61638.331254
247.69963,100,61638.331277
259.37238,100,61638.331295
482.60297,100,61638.331311
283.14252,100,61638.331328
478.1087,100,61638.331344
165.10887,100,61638.33136
243.95998,100,61651.912734
242.87016,100,61651.9128
513.4485,100,61651.912812
228.7731,100,61651.912821
210.30838,100,61651.912829
394.8034,100,61651.912837
239.47711,100,61651.912845
369.04858,100,61651.912853
255.88007,100,61675.077754
529.5955,100,61675.077846
220.80789,100,61675.077869
216.46205,100,61675.077887
239.90686,100,61675.077903
250.62617,100,61675.077919
280.40244,100,61675.077935
193.49117,100,61675.077951
258.78723,100,61698.044416
199.22137,100,61698.044502
256.83716,100,61698.044523
199.00002,100,61698.044538
554.7603,100,61698.044552
141.41536,100,61698.044583
179.7067,100,61698.044598
337.17203,100,61698.044612
419.62805,100,61711.252485
416.88037,100,61711.252574
248.4787,100,61711.252597
351.71655,100,61711.252614
238.24666,100,61711.252631
260.4744,100,61711.252647
261.1799,100,61711.252663
212.08897,100,61711.252679
358.80603,100,61734.263406
221.28928,100,61734.263494
251.59048,100,61734.263516
326.12592,100,61734.263532
251.34026,100,61734.263548
236.20935,100,61734.263563
229.78006,100,61734.263578
261.79877,100,61734.263593
180.18147,100,61747.819163
257.403,100,61747.819255
232.59554,100,61747.819278
357.53876,100,61747.819295
392.90433,100,61747.81931
458.51794,100,61747.819327
248.93356,100,61747.819343
229.25893,100,61747.819359
470.50122,100,61770.703603
561.4115,100,61770.703674
531.43866,100,61770.703686
320.60602,100,61770.703695
223.9234,100,61770.703703
189.13734,100,61770.703712
259.2372,100,61770.70372
443.66486,100,61770.703728
213.10875,100,61784.494767
187.33888,100,61784.494839
211.27367,100,61784.494851
236.39006,100,61784.494859
194.49362,100,61784.494868
221.50035,100,61784.494876
248.62569,100,61784.494884
143.26166,100,61784.494893
325.42072,100,61807.023901
277.1275,100,61807.023999
315.8871,100,61807.024022
175.50235,100,61807.024054
338.2192,100,61807.024071
255.03404,100,61807.024087
258.89447,100,61807.024103
399.31116,100,61807.024119
233.35445,100,61820.123497
234.40582,100,61820.123589
492.21918,100,61820.123612
312.1734,100,61820.12363
512.7102,100,61820.123647
497.7091,100,61820.123663
250.98482,100,61820.123679
403.67123,100,61820.123695
498.64648,100,61843.175913
185.83904,100,61843.176006
518.3567,100,61843.176042
213.38266,100,61843.176066
257.62405,100,61843.176085
183.9401,100,61843.176101
238.87395,100,61843.176118
261.81378,100,61843.176135
415.9346,100,61866.348779
252.06125,100,61866.348856
252.44287,100,61866.348868
547.6081,100,61866.348876
253.594,100,61866.348886
222.0626,100,61866.348894
251.1875,100,61866.348904
210.24504,100,61866.348912
205.71637,100,61880.117674
214.34822,100,61880.11775
204.17001,100,61880.117763
228.87105,100,61880.117773
245.35696,100,61880.117781
243.76114,100,61880.11779
206.3284,100,61880.117799
341.539,100,61880.117808
220.22574,100,61902.985466
379.10397,100,61902.98554
144.36885,100,61902.985553
410.8253,100,61902.985562
518.0449,100,61902.985571
224.78946,100,61902.98558
207.8873,100,61902.985589
239.46951,100,61902.985597
338.3077,100,61915.898768
424.2713,100,61915.89886
327.07123,100,61915.898883
437.75507,100,61915.898901
377.14856,100,61915.898917
199.4033,100,61915.898933
219.96457,100,61915.89895
231.89316,100,61915.898966
482.45316,100,61939.136357
211.74521,100,61939.136448
449.07922,100,61939.136471
101.51903,100,61939.136488
267.21512,100,61939.136504
475.0158,100,61939.13652
245.56055,100,61939.136537
241.75842,100,61939.136552
233.73845,100,61952.675116
558.6091,100,61952.675187
407.02362,100,61952.675199
197.90916,100,61952.675208
250.96945,100,61952.675217
316.1338,100,61952.675225
540.0759,100,61952.675234
336.8967,100,61952.675242
223.26007,100,61975.483681
252.80482,100,61975.483775
229.15283,100,61975.483798
157.01639,100,61975.483815
240.12668,100,61975.483831
393.68085,100,61975.483847
240.6417,100,61975.483863
248.90433,100,61975.483881
397.02625,100,61998.879972
184.50597,100,61998.88005
252.32448,100,61998.880066
263.08545,100,61998.880075
480.7207,100,61998.880084
219.39532,100,61998.880092
431.90527,100,61998.880101
182.0672,100,61998.880109
204.20056,100,62012.178885
475.977,100,62012.178961
231.31285,100,62012.178973
211.48015,100,62012.178983
485.43835,100,62012.178993
230.51328,100,62012.179002
234.42674,100,62012.179011
189.22914,100,62012.17902
406.0193,100,62035.256743
180.57074,100,62035.256816
250.21106,100,62035.256828
441.01813,100,62035.256836
251.89076,100,62035.256845
240.0761,100,62035.256853
498.69843,100,62035.256862
236.75273,100,62035.25687
301.56937,100,62047.986233
431.31534,100,62047.986335
579.6437,100,62047.986348
618.0467,100,62047.986357
251.00111,100,62047.986365
178.62108,100,62047.986374
201.62495,100,62047.986382
284.89432,100,62047.986391
242.93379,100,62070.402874
497.42072,100,62070.402966
168.91876,100,62070.402989
508.96985,100,62070.403006
246.0456,100,62070.403023
242.15868,100,62070.403054
268.01697,100,62070.403071
203.74654,100,62070.403087
198.62953,100,62084.078343
224.57379,100,62084.078416
308.0892,100,62084.078427
246.73616,100,62084.078436
182.29263,100,62084.078444
178.13466,100,62084.078453
211.81064,100,62084.078461
239.34918,100,62084.078469
617.00256,100,62107.080374
238.45744,100,62107.080467
134.898,100,62107.080489
248.92458,100,62107.080507
377.86722,100,62107.080523
248.79677,100,62107.080539
155.83267,100,62107.080556
264.62076,100,62107.080573
502.73837,100,62120.150632
232.62419,100,62120.150729
258.19516,100,62120.150752
541.9897,100,62120.150769
437.37817,100,62120.150786
211.08574,100,62120.150802
322.6257,100,62120.150818
233.26392,100,62120.150833
198.91345,100,62142.722969
199.6515,100,62142.723071
239.177,100,62142.723094
218.89688,100,62142.723111
159.84634,100,62142.723128
518.65375,100,62142.723144
212.86455,100,62142.723161
232.65176,100,62142.723178
204.56316,100,62165.450398
242.28972,100,62165.450473
236.99118,100,62165.450485
201.10727,100,62165.450495
244.38385,100,62165.450504
497.85904,100,62165.450512
134.73323,100,62165.450521
209.04189,100,62165.450529
237.15938,100,62179.094662
241.83354,100,62179.094734
214.16455,100,62179.094746
151.7229,100,62179.094756
193.52635,100,62179.094765
236.70947,100,62179.094775
411.56247,100,62179.094784
238.42398,100,62179.094792
216.03372,100,62201.698567
229.73116,100,62201.698644
264.2878,100,62201.698657
218.93355,100,62201.698667
223.10727,100,62201.698676
489.90857,100,62201.698685
330.5343,100,62201.698693
182.94385,100,62201.698702
305.12012,100,62215.104188
284.48514,100,62215.104278
241.71364,100,62215.1043
460.87744,100,62215.104317
326.19754,100,62215.104334
366.4169,100,62215.10435
251.61514,100,62215.104366
220.27904,100,62215.104383
246.02165,100,62238.541092
197.73378,100,62238.541184
256.94257,100,62238.541206
200.70569,100,62238.541224
387.34714,100,62238.54124
206.07451,100,62238.541256
379.15347,100,62238.541272
202.01985,100,62238.541288
493.65186,100,62251.691138
361.8413,100,62251.691208
271.8977,100,62251.69122
250.6695,100,62251.691229
242.75781,100,62251.691238
259.06223,100,62251.691247
527.3826,100,62251.691255
254.4962,100,62251.691263
212.09557,100,62274.709126
524.37427,100,62274.7092
213.59003,100,62274.709212
578.40466,100,62274.709221
356.5571,100,62274.70923
467.65503,100,62274.709239
439.94012,100,62274.709247
430.96475,100,62274.709255
194.6179,100,62299.500925
576.6229,100,62299.501022
249.69835,100,62299.501061
214.58342,100,62299.50108
180.56227,100,62299.501096
433.30884,100,62299.501112
245.54166,100,62299.501128
205.20288,100,62299.501144
258.69043,100,62313.440972
257.43295,100,62313.441082
238.63506,100,62313.44111
228.81589,100,62313.441133
236.72267,100,62313.441152
177.40549,100,62313.441168
234.83095,100,62313.441184
264.47964,100,62313.4412
462.11908,100,62336.416079
267.24435,100,62336.416153
250.01326,100,62336.416165
235.4475,100,62336.416175
189.38985,100,62336.416183
212.2823,100,62336.416192
154.18945,100,62336.416201
585.7306,100,62336.41621
523.6564,100,62350.04428
575.18665,100,62350.044375
239.10419,100,62350.044397
329.922,100,62350.044414
219.95276,100,62350.044432
297.8921,100,62350.044449
383.5766,100,62350.044465
253.42197,100,62350.044481
209.79424,100,62374.255339
245.1965,100,62374.255431
153.40303,100,62374.255453
212.53735,100,62374.25547
281.60913,100,62374.255486
206.30107,100,62374.255503
243.24756,100,62374.255519
221.18948,100,62374.255535
363.0938,100,62388.231639
206.54848,100,62388.23173
230.25217,100,62388.231752
195.74788,100,62388.23177
481.24652,100,62388.231786
520.6798,100,62388.231832
369.5044,100,62388.231849
259.97897,100,62388.231865
239.67982,100,62411.159627
436.1498,100,62411.159701
254.91406,100,62411.159713
250.65009,100,62411.159722
263.9757,100,62411.159731
219.84612,100,62411.159739
390.18048,100,62411.159747
225.44841,100,62411.159756
304.94278,100,62424.470064
186.51353,100,62424.470158
376.2002,100,62424.47018
457.8176,100,62424.470197
281.53653,100,62424.470213
515.0022,100,62424.470229
206.12524,100,62424.470245
271.55972,100,62424.470261
303.8173,100,62447.081609
245.16025,100,62447.081698
194.70958,100,62447.081722
362.65738,100,62447.081739
230.0721,100,62447.081755
224.7915,100,62447.081771
202.60847,100,62447.081787
300.27716,100,62447.081803
257.00766,100,62470.378693
251.89499,100,62470.378767
411.3437,100,62470.378779
334.56357,100,62470.378788
212.59306,100,62470.378796
244.30626,100,62470.378805
213.08438,100,62470.378814
344.75085,100,62470.378822
231.68617,100,62483.168272
212.79585,100,62483.168343
252.32697,100,62483.168356
564.27545,100,62483.168365
345.96432,100,62483.168373
375.2804,100,62483.168383
443.26013,100,62483.168392
234.55618,100,62483.1684
189.33194,100,62506.220138
518.6631,100,62506.22023
268.08395,100,62506.220252
567.43567,100,62506.22027
261.58783,100,62506.220287
192.80367,100,62506.220303
233.20012,100,62506.220319
270.06647,100,62506.220335
276.5619,100,62519.933336
220.02412,100,62519.93343
211.44397,100,62519.933453
250.50696,100,62519.93347
219.61177,100,62519.933486
501.722,100,62519.933503
240.09569,100,62519.933519
230.59406,100,62519.933536
237.6735,100,62543.140041
239.55717,100,62543.140133
512.50275,100,62543.140156
186.14458,100,62543.140172
482.5728,100,62543.140189
175.03172,100,62543.140204
209.2332,100,62543.14022
190.9513,100,62543.140236
223.97757,100,62555.949193
147.75377,100,62555.949266
222.88371,100,62555.949278
241.69768,100,62555.949287
270.2903,100,62555.949295
248.86803,100,62555.949304
224.62416,100,62555.949312
187.07306,100,62555.949319
192.17511,100,62579.993947
204.62083,100,62579.99402
211.41252,100,62579.994043
436.4887,100,62579.994054
256.49313,100,62579.994063
202.60986,100,62579.994072
364.2301,100,62579.994081
233.30334,100,62579.99409
224.10677,100,62604.770617
247.66936,100,62604.770706
225.40132,100,62604.77072
202.02538,100,62604.77073
198.96455,100,62604.770741
236.09323,100,62604.77075
438.84988,100,62604.77076
243.79991,100,62604.770769
198.00934,100,62619.285086
244.35863,100,62619.285171
376.05515,100,62619.285184
238.58725,100,62619.285194
561.75867,100,62619.285204
229.01048,100,62619.285213
211.03531,100,62619.285223
487.17972,100,62619.285233
283.47296,100,62644.895912
192.99045,100,62644.895989
283.47614,100,62644.896003
258.64914,100,62644.896014
202.85011,100,62644.896024
213.6877,100,62644.896044
409.23486,100,62644.896055
269.2957,100,62644.896065
289.3945,100,62660.143784
265.50754,100,62660.143887
236.0069,100,62660.143901
213.43436,100,62660.143912
221.72206,100,62660.143922
182.74728,100,62660.143932
213.34534,100,62660.143941
233.08781,100,62660.143951
218.67621,100,62687.232258
190.75706,100,62687.232367
278.2332,100,62687.232381
209.14874,100,62687.232393
514.98334,100,62687.232403
404.7179,100,62687.232413
219.73236,100,62687.232423
241.93823,100,62687.232434
505.10834,100,62702.093535
243.75453,100,62702.09361
281.322,100,62702.093624
429.05457,100,62702.093634
373.70816,100,62702.093643
304.70084,100,62702.093652
248.77136,100,62702.093661
279.4243,100,62702.09367
265.07935,100,62725.825362
238.03358,100,62725.82544
227.68718,100,62725.825453
270.64096,100,62725.825462
271.20285,100,62725.825471
570.37024,100,62725.82548
94.66439,100,62725.825489
253.42296,100,62725.825497
239.74507,100,62738.71865
298.07083,100,62738.71874
227.22365,100,62738.718763
210.89755,100,62738.71878
196.25838,100,62738.718796
316.65814,100,62738.718813
486.89685,100,62738.718828
219.41736,100,62738.718845
226.66861,100,62761.620549
261.92975,100,62761.620663
479.3895,100,62761.620688
236.7768,100,62761.620707
238.06615,100,62761.620723
245.2939,100,62761.62074
260.61273,100,62761.620757
201.36287,100,62761.620774
536.6416,100,62785.042161
144.48694,100,62785.042236
173.83266,100,62785.042248
261.4223,100,62785.042258
293.82877,100,62785.042267
269.37915,100,62785.042276
153.43842,100,62785.042284
248.59099,100,62785.042292
390.08752,100,62799.302891
441.00854,100,62799.302979
202.85783,100,62799.303002
284.10736,100,62799.303018
474.7031,100,62799.303049
439.7994,100,62799.303067
295.65457,100,62799.303083
204.31186,100,62799.303099
268.6732,100,62823.037425
254.21474,100,62823.037522
513.1575,100,62823.037545
249.33144,100,62823.037563
262.86038,100,62823.037579
172.32155,100,62823.037595
312.83984,100,62823.037611
433.00607,100,62823.037627
222.10085,100,62836.221592
242.62172,100,62836.22166
245.55827,100,62836.221673
583.8867,100,62836.221682
226.4049,100,62836.22169
486.96643,100,62836.221698
479.82703,100,62836.221706
233.07552,100,62836.221715
256.72818,100,62858.481632
225.21489,100,62858.481734
364.4727,100,62858.481758
208.48051,100,62858.481775
217.3857,100,62858.481791
485.91922,100,62858.481807
216.59889,100,62858.481822
285.64328,100,62858.481838
209.23837,100,62872.527067
261.19995,100,62872.52717
216.79358,100,62872.527194
229.04813,100,62872.527213
254.0805,100,62872.52723
254.63892,100,62872.527247
232.5061,100,62872.527263
301.4336,100,62872.527278
265.4085,100,62895.364712
219.16638,100,62895.364799
476.12793,100,62895.364819
494.56393,100,62895.364834
249.27132,100,62895.364848
193.24069,100,62895.364862
212.83104,100,62895.364876
249.61137,100,62895.36489
227.51543,100,62918.752225
363.43076,100,62918.752325
224.51695,100,62918.752348
522.44165,100,62918.752366
295.28043,100,62918.752383
275.67557,100,62918.7524
489.6183,100,62918.752416
485.3458,100,62918.752433
237.54251,100,62931.527138
329.0842,100,62931.527211
230.26773,100,62931.527223
224.36456,100,62931.527232
230.88782,100,62931.527241
195.45984,100,62931.527249
488.26184,100,62931.527257
382.67294,100,62931.527266
239.5322,100,62954.819295
195.68846,100,62954.819369
254.64786,100,62954.819381
196.81099,100,62954.819391
517.4556,100,62954.819399
568.6688,100,62954.819408
244.69315,100,62954.819417
342.8458,100,62954.819426
562.1103,100,62968.060847
413.67984,100,62968.06092
227.17813,100,62968.060932
482.11584,100,62968.060941
270.29047,100,62968.060951
193.87935,100,62968.06096
202.62585,100,62968.060968
242.2474,100,62968.060976
489.88113,100,62990.983404
243.58636,100,62990.983496
202.17276,100,62990.983518
273.58722,100,62990.983535
573.45746,100,62990.983552
181.42505,100,62990.983568
155.54892,100,62990.983584
186.54077,100,62990.983601
219.8692,100,63004.297063
220.68408,100,63004.297156
214.46017,100,63004.297178
244.24953,100,63004.297195
249.42287,100,63004.29721
222.0013,100,63004.297228
553.2748,100,63004.297249
173.70435,100,63004.29727
228.77025,100,63026.555629
299.42502,100,63026.555721
409.68744,100,63026.555743
228.28693,100,63026.55576
241.28032,100,63026.555776
215.01173,100,63026.555793
558.9802,100,63026.555808
223.40642,100,63026.555824
273.04114,100,63040.724373
345.50232,100,63040.724463
218.42732,100,63040.724486
247.89645,100,63040.724503
95.659164,100,63040.72452
248.09818,100,63040.724536
519.7014,100,63040.724552
223.19061,100,63040.724568
565.8491,100,63064.697375
243.3843,100,63064.697448
164.29753,100,63064.69746
259.48456,100,63064.697469
273.88922,100,63064.697478
258.5909,100,63064.697486
332.86172,100,63064.697494
236.67809,100,63064.697503
420.86105,100,63087.609744
268.40494,100,63087.609824
216.47704,100,63087.609836
235.6612,100,63087.609846
433.45175,100,63087.609855
200.50381,100,63087.609864
230.87329,100,63087.609872
465.12415,100,63087.609881
235.4866,100,63101.656855
209.82167,100,63101.65695
223.99062,100,63101.656971
232.68909,100,63101.656987
505.9209,100,63101.657002
181.35318,100,63101.657057
216.55705,100,63101.657078
208.9181,100,63101.657093
372.45538,100,63125.441449
249.76646,100,63125.441526
523.8817,100,63125.441539
256.53644,100,63125.441548
373.46732,100,63125.441557
183.84627,100,63125.441566
230.32408,100,63125.441574
281.99442,100,63125.441582
126.74874,100,63138.946755
221.15938,100,63138.946827
269.07477,100,63138.946838
229.15245,100,63138.946848
300.3919,100,63138.946856
242.97017,100,63138.946865
413.8086,100,63138.946873
262.89218,100,63138.946881
226.50542,100,63162.179122
510.9325,100,63162.1792
322.74805,100,63162.179213
235.63332,100,63162.179223
258.97998,100,63162.179232
219.6731,100,63162.179241
253.6252,100,63162.17925
189.81728,100,63162.179258
234.97023,100,63176.34168
232.98094,100,63176.341773
244.55693,100,63176.341796
257.0912,100,63176.341813
189.58804,100,63176.34183
263.32117,100,63176.341846
248.50626,100,63176.341863
210.58376,100,63176.341878
485.9034,100,63199.153514
275.10312,100,63199.153605
221.10973,100,63199.153628
215.36763,100,63199.153646
511.20502,100,63199.153663
177.14325,100,63199.15368
200.52097,100,63199.153697
345.4993,100,63199.153713
464.7088,100,63222.391808
227.74564,100,63222.391885
248.73126,100,63222.391897
199.05103,100,63222.391906
237.73451,100,63222.391915
248.31139,100,63222.391923
302.99652,100,63222.391931
432.95953,100,63222.39194
189.32301,100,63235.315191
618.0407,100,63235.315263
234.32565,100,63235.315275
126.8301,100,63235.315284
229.80574,100,63235.315292
231.796,100,63235.315301
484.30682,100,63235.315309
231.32114,100,63235.315317
399.95654,100,63257.879013
497.68698,100,63257.879097
426.5447,100,63257.87911
257.04868,100,63257.87912
251.33383,100,63257.879129
138.21594,100,63257.879138
247.60864,100,63257.879147
531.8467,100,63257.879156
228.71622,100,63271.450198
189.38322,100,63271.450271
272.7281,100,63271.450283
518.779,100,63271.450293
235.52594,100,63271.450301
244.54335,100,63271.45031
230.30208,100,63271.450318
426.883,100,63271.450327
432.42776,100,63294.241178
226.9164,100,63294.241253
387.88626,100,63294.241265
209.77295,100,63294.241274
211.69525,100,63294.241283
518.8021,100,63294.241292
285.08667,100,63294.2413
494.20343,100,63294.241309
144.45836,100,63307.882647
210.70473,100,63307.882737
158.04663,100,63307.882757
247.61948,100,63307.882772
203.6823,100,63307.882787
191.44502,100,63307.882801
281.40027,100,63307.882815
223.93356,100,63307.882829
217.61095,100,63330.657418
256.1928,100,63330.657491
589.77997,100,63330.657503
223.20532,100,63330.657512
226.19125,100,63330.657521
443.94275,100,63330.657529
256.21304,100,63330.657537
260.52737,100,63330.657545
236.52002,100,63344.211407
285.00568,100,63344.211476
149.25618,100,63344.211489
232.50931,100,63344.211498
284.80264,100,63344.211507
164.00182,100,63344.211515
445.214,100,63344.211523
245.53566,100,63344.211531
127.137314,100,63367.74882
517.5725,100,63367.748918
205.99377,100,63367.748939
270.0748,100,63367.748954
432.56256,100,63367.748969
520.3571,100,63367.748983
264.6393,100,63367.748997
108.93346,100,63367.749011
260.0358,100,63390.232302
162.86873,100,63390.232379
209.77106,100,63390.232394
361.9547,100,63390.232404
239.80678,100,63390.232412
203.35086,100,63390.23242
113.80231,100,63390.232429
247.93997,100,63390.232437
212.81134,100,63402.927526
244.58994,100,63402.927603
225.14888,100,63402.927615
156.71846,100,63402.927624
297.47205,100,63402.927632
256.67337,100,63402.92764
290.1785,100,63402.927649
246.66501,100,63402.927657
257.50497,100,63425.68799
234.33034,100,63425.688067
189.76028,100,63425.68808
237.05376,100,63425.688089
221.09473,100,63425.688098
251.57347,100,63425.688107
239.58755,100,63425.688115
283.34015,100,63425.688123
250.30264,100,63439.140043
480.59247,100,63439.140152
239.34329,100,63439.140183
497.0254,100,63439.140208
494.60165,100,63439.140232
261.2001,100,63439.140256
181.51224,100,63439.140278
448.59512,100,63439.140301
475.59784,100,63461.942769
343.5845,100,63461.942861
453.9084,100,63461.942919
141.86914,100,63461.942938
242.27596,100,63461.942954
421.91937,100,63461.942971
256.5966,100,63461.942987
262.3999,100,63461.943002
235.76297,100,63475.714781
199.11436,100,63475.714865
532.42377,100,63475.714879
187.27457,100,63475.714891
283.06766,100,63475.714902
218.50128,100,63475.714914
270.20734,100,63475.714925
279.2059,100,63475.714935
331.32327,100,63498.215652
255.19041,100,63498.215745
370.2925,100,63498.215768
222.71786,100,63498.215786
235.74275,100,63498.215802
214.5654,100,63498.215819
484.24304,100,63498.215835
531.0466,100,63498.215851
216.24289,100,63521.999883
253.041,100,63521.999955
466.28003,100,63521.999967
239.6632,100,63521.999976
215.95229,100,63521.999985
479.40118,100,63521.999994
226.89433,100,63522.000002
413.5314,100,63522.00001
437.35648,100,63534.599694
235.5384,100,63534.599794
353.31348,100,63534.599822
220.744,100,63534.599842
190.1159,100,63534.599858
398.0089,100,63534.599874
211.79446,100,63534.59989
151.21777,100,63534.599906
246.68561,100,63557.890756
478.45282,100,63557.890831
248.29488,100,63557.890844
250.82022,100,63557.890853
140.03929,100,63557.890862
185.81476,100,63557.890871
471.4094,100,63557.890879
267.84055,100,63557.890888
230.92572,100,63571.637758
510.94382,100,63571.637853
218.67415,100,63571.637877
319.5458,100,63571.637894
248.96863,100,63571.63791
404.60956,100,63571.637926
244.766,100,63571.637942
285.14737,100,63571.637958
470.04648,100,63594.962853
440.15265,100,63594.96296
230.23395,100,63594.962992
566.53625,100,63594.963016
241.35384,100,63594.96306
108.277336,100,63594.963085
262.1991,100,63594.963108
215.38118,100,63594.963132
259.59045,100,63608.178784
241.87184,100,63608.178854
580.99896,100,63608.178866
285.33157,100,63608.178876
354.00854,100,63608.178884
342.6494,100,63608.178892
242.11063,100,63608.1789
240.46988,100,63608.178908
208.5443,100,63632.506478
181.03835,100,63632.506551
429.7733,100,63632.506564
215.59003,100,63632.506573
271.61047,100,63632.506582
244.16133,100,63632.50659
327.31927,100,63632.506598
349.79724,100,63632.506607
367.27914,100,63645.636604
316.68198,100,63645.636699
238.4495,100,63645.636722
223.68022,100,63645.636739
240.93987,100,63645.636754
551.666,100,63645.63677
381.30078,100,63645.636786
255.81,100,63645.636801
225.55182,100,63668.552358
221.14218,100,63668.552447
183.27383,100,63668.552469
152.00764,100,63668.552486
364.44427,100,63668.552503
236.20973,100,63668.55252
244.2735,100,63668.552536
254.40686,100,63668.552552
244.23462,100,63691.818369
243.26207,100,63691.818439
326.3312,100,63691.818451
438.56702,100,63691.81846
215.4458,100,63691.818469
203.08319,100,63691.818478
242.02412,100,63691.818487
270.64264,100,63691.818495
199.25357,100,63705.533351
352.18604,100,63705.533422
239.77666,100,63705.533433
214.62941,100,63705.533442
217.46638,100,63705.533451
339.07388,100,63705.533459
228.6775,100,63705.533468
151.79579,100,63705.533476
249.70358,100,63728.22617
206.15222,100,63728.226245
221.0669,100,63728.226257
222.07837,100,63728.226266
271.927,100,63728.226274
249.93466,100,63728.226283
235.41917,100,63728.226291
226.31903,100,63728.226299
250.32349,100,63741.548008
229.18753,100,63741.548086
244.81781,100,63741.548099
260.9148,100,63741.548107
245.86569,100,63741.548116
230.85272,100,63741.548124
229.87384,100,63741.548132
409.13434,100,63741.54814
399.65256,100,63764.643401
499.43506,100,63764.643476
516.8031,100,63764.643489
390.89227,100,63764.643498
412.2081,100,63764.643507
171.74261,100,63764.643517
219.39192,100,63764.643526
416.41205,100,63764.643535
192.81314,100,63778.286219
229.97578,100,63778.286309
472.8703,100,63778.286331
187.41113,100,63778.286349
255.64107,100,63778.286365
282.231,100,63778.286381
301.27948,100,63778.286397
219.81934,100,63778.286414
307.90173,100,63801.374534
224.30334,100,63801.374625
250.7708,100,63801.374649
257.13364,100,63801.374667
247.59929,100,63801.374684
411.35992,100,63801.374701
530.07324,100,63801.374728
161.73366,100,63801.374744
232.47653,100,63824.059413
172.95592,100,63824.059489
178.8112,100,63824.059502
223.29898,100,63824.059511
180.12137,100,63824.05952
216.32623,100,63824.059529
548.8323,100,63824.059538
316.32864,100,63824.059546
456.94846,100,63837.400911
259.63385,100,63837.400985
215.19443,100,63837.400998
171.83049,100,63837.401007
288.36795,100,63837.401016
533.7078,100,63837.401024
167.25989,100,63837.401067
256.62463,100,63837.401076
558.48193,100,63860.69113
233.67426,100,63860.691219
220.36115,100,63860.69124
348.73016,100,63860.691256
196.11743,100,63860.691271
250.22017,100,63860.691285
390.39124,100,63860.6913
190.03716,100,63860.691315
327.25012,100,63874.543722
284.70908,100,63874.543815
283.7934,100,63874.54384
209.7049,100,63874.54386
118.049034,100,63874.543877
223.99815,100,63874.543898
267.52777,100,63874.54392
525.7528,100,63874.543939
269.47842,100,63898.290892
515.94446,100,63898.290983
234.3091,100,63898.291006
277.98834,100,63898.291023
210.9807,100,63898.291052
223.66971,100,63898.291067
280.04584,100,63898.291082
229.60611,100,63898.291097
294.0792,100,63912.294241
166.43056,100,63912.294317
187.35712,100,63912.294329
191.44298,100,63912.294338
236.22078,100,63912.294347
383.987,100,63912.294355
390.26056,100,63912.294363
446.6235,100,63912.294372
288.13086,100,63935.67502
167.46234,100,63935.675101
195.15349,100,63935.675113
245.06346,100,63935.675122
244.81662,100,63935.675131
453.7529,100,63935.675139
273.84567,100,63935.675148
291.717,100,63935.675157
512.13947,100,63949.364005
384.4953,100,63949.364124
369.20825,100,63949.364155
201.75984,100,63949.36418
145.76714,100,63949.364203
210.84108,100,63949.364226
205.32701,100,63949.364248
177.84464,100,63949.364269
176.41805,100,63971.994591
210.41077,100,63971.99468
219.2876,100,63971.994703
206.46881,100,63971.994721
544.42017,100,63971.994738
219.36646,100,63971.994754
266.84695,100,63971.99477
229.3234,100,63971.994786
222.74123,100,63995.056935
309.1934,100,63995.057008
225.38881,100,63995.05702
241.90475,100,63995.057037
309.81638,100,63995.057048
280.8709,100,63995.057057
543.40485,100,63995.057065
229.13377,100,63995.057073
200.67007,100,64008.290277
334.207,100,64008.29035
227.42278,100,64008.290362
500.7497,100,64008.290371
232.45554,100,64008.29038
213.15025,100,64008.290388
358.79523,100,64008.290396
334.22278,100,64008.290405
225.5226,100,64030.946271
466.15424,100,64030.946344
203.39241,100,64030.946356
221.04776,100,64030.946365
231.10153,100,64030.946374
265.72003,100,64030.946382
493.33575,100,64030.94639
242.70851,100,64030.946399
271.66748,100,64045.245104
420.1054,100,64045.245179
217.03609,100,64045.245191
246.87323,100,64045.245201
245.61763,100,64045.24521
208.49078,100,64045.245219
302.52405,100,64045.245227
458.21906,100,64045.245236
238.75966,100,64069.674166
224.38766,100,64069.674253
401.67758,100,64069.674274
311.83514,100,64069.674289
278.31863,100,64069.674304
167.29224,100,64069.674318
463.9442,100,64069.674332
276.25186,100,64069.674346
444.2745,100,64083.221684
257.06705,100,64083.221761
136.83325,100,64083.221774
265.8704,100,64083.221783
206.64821,100,64083.221792
218.49377,100,64083.2218
395.7791,100,64083.221809
244.98659,100,64083.221818
352.10626,100,64106.252395
245.36757,100,64106.252489
258.90646,100,64106.252511
288.81033,100,64106.252528
321.70633,100,64106.252545
251.40613,100,64106.252561
252.5489,100,64106.252577
199.16661,100,64106.252593
328.77115,100,64129.486835
205.644,100,64129.48691
436.36523,100,64129.486922
275.62482,100,64129.486931
178.75665,100,64129.48694
238.57094,100,64129.486949
140.54645,100,64129.486958
244.42937,100,64129.486966
246.48553,100,64142.944647
227.06552,100,64142.944717
192.24715,100,64142.944729
268.99826,100,64142.944739
196.58183,100,64142.944747
249.57487,100,64142.944756
392.6495,100,64142.944764
223.2905,100,64142.944772
205.62068,100,64166.027425
429.12946,100,64166.027518
441.35074,100,64166.027559
579.0128,100,64166.027577
206.76212,100,64166.027594
278.1677,100,64166.02761
327.485,100,64166.027626
456.49677,100,64166.027642
485.6168,100,64179.619101
221.00815,100,64179.619174
261.3436,100,64179.619186
216.97678,100,64179.619195
231.3272,100,64179.619204
227.77463,100,64179.619212
294.0405,100,64179.619221
250.61548,100,64179.619229
533.499,100,64202.05113
219.63235,100,64202.051223
279.4541,100,64202.051246
263.7182,100,64202.051264
568.4714,100,64202.051281
226.57103,100,64202.051297
185.84496,100,64202.051314
164.79643,100,64202.051331
530.1698,100,64216.714706
226.28288,100,64216.714803
358.1347,100,64216.714826
309.77023,100,64216.714844
268.60553,100,64216.71486
478.96182,100,64216.714877
145.43013,100,64216.714893
206.6331,100,64216.714909
411.5331,100,64240.531047
575.00256,100,64240.531119
244.73965,100,64240.531132
195.50636,100,64240.531141
233.68256,100,64240.531149
177.60577,100,64240.531158
191.10388,100,64240.531166
240.29417,100,64240.531174
250.11661,100,64255.348628
191.80983,100,64255.348698
331.4387,100,64255.34871
421.78064,100,64255.348719
188.0305,100,64255.348728
264.97705,100,64255.348737
265.87976,100,64255.348745
465.78357,100,64255.348754
194.36827,100,64278.744814
251.7893,100,64278.744905
241.6971,100,64278.744928
212.59756,100,64278.744945
405.79343,100,64278.744962
229.2827,100,64278.744978
195.5693,100,64278.744994
277.75342,100,64278.745009
535.7255,100,64301.756438
196.16893,100,64301.756519
221.79654,100,64301.756532
241.41696,100,64301.756542
524.26965,100,64301.756551
176.69774,100,64301.756561
142.96278,100,64301.75657
239.80292,100,64301.756579
251.36514,100,64315.19229
210.96432,100,64315.19238
242.89656,100,64315.192401
203.09041,100,64315.192417
499.04715,100,64315.192433
177.72026,100,64315.192447
168.24083,100,64315.192462
252.92891,100,64315.192476
209.31146,100,64338.328415
217.02232,100,64338.328486
210.09053,100,64338.328499
401.01086,100,64338.328508
422.688,100,64338.328516
240.89919,100,64338.328525
269.0715,100,64338.328533
215.91351,100,64338.328542
245.40192,100,64351.740778
187.48022,100,64351.740851
218.69211,100,64351.740866
430.29822,100,64351.740878
580.6703,100,64351.740887
103.44313,100,64351.740896
479.41513,100,64351.740904
220.55325,100,64351.740913
223.78925,100,64375.082785
187.2399,100,64375.082857
477.37598,100,64375.08287
243.0326,100,64375.082879
219.5558,100,64375.082888
265.2533,100,64375.082897
224.31537,100,64375.082906
220.86932,100,64375.082915
132.46011,100,64388.212907
177.04091,100,64388.212982
312.434,100,64388.212994
201.57169,100,64388.213003
314.9489,100,64388.213012
273.30966,100,64388.21302
227.58812,100,64388.213036
261.21704,100,64388.213047
494.4719,100,64412.761645
333.59485,100,64412.761716
209.95618,100,64412.761729
560.9591,100,64412.761738
228.27623,100,64412.761747
150.58372,100,64412.761756
285.86258,100,64412.761764
589.1108,100,64412.761772
233.43002,100,64436.284738
262.38165,100,64436.284816
222.83176,100,64436.284829
240.31387,100,64436.284839
428.6433,100,64436.284848
249.59656,100,64436.284857
257.42923,100,64436.284866
192.76596,100,64436.284875
536.97424,100,64449.365333
393.0194,100,64449.365428
215.15187,100,64449.365452
268.5613,100,64449.36547
224.14189,100,64449.365487
558.653,100,64449.365504
217.74771,100,64449.36552
260.2749,100,64449.365536
266.16397,100,64472.604956
368.2483,100,64472.605038
172.1738,100,64472.605053
245.12712,100,64472.605062
268.04645,100,64472.605071
231.1822,100,64472.605079
482.36688,100,64472.605088
461.3121,100,64472.605096
226.26154,100,64486.242868
198.17773,100,64486.242943
557.0172,100,64486.242955
246.18544,100,64486.242965
301.08575,100,64486.242973
244.00543,100,64486.242982
458.7518,100,64486.242991
274.6208,100,64486.243
215.42355,100,64509.394228
151.57706,100,64509.394301
346.57965,100,64509.394313
227.63011,100,64509.394323
225.97108,100,64509.394331
481.0831,100,64509.39434
243.87541,100,64509.394349
154.96481,100,64509.394385
306.83295,100,64523.336488
295.76675,100,64523.336572
227.88992,100,64523.336593
370.0631,100,64523.336609
553.9385,100,64523.336624
206.83438,100,64523.336639
166.84688,100,64523.336653
211.8672,100,64523.336668
204.21805,100,64547.648298
176.84276,100,64547.648372
331.29486,100,64547.648385
330.76218,100,64547.648394
242.1978,100,64547.648403
217.68956,100,64547.648412
274.21704,100,64547.648421
328.75458,100,64547.648429
233.64339,100,64561.115658
138.66594,100,64561.115764
304.06293,100,64561.115795
235.14789,100,64561.11582
198.22168,100,64561.115844
222.40477,100,64561.115866
426.51645,100,64561.115889
232.3972,100,64561.115912
253.97714,100,64583.6761
233.45163,100,64583.676191
150.55406,100,64583.676214
189.139,100,64583.676231
227.0769,100,64583.676248
236.83582,100,64583.676265
230.08554,100,64583.676281
192.15587,100,64583.676297
141.82527,100,64607.017717
205.70189,100,64607.017788
249.97607,100,64607.017801
350.55432,100,64607.01781
188.69293,100,64607.017818
529.17883,100,64607.017827
216.13188,100,64607.017835
521.2187,100,64607.017843
137.07779,100,64621.094312
150.06618,100,64621.094405
451.35648,100,64621.094428
548.31604,100,64621.094446
106.89901,100,64621.094463
252.59468,100,64621.09448
187.98148,100,64621.094496
225.65619,100,64621.094513
174.55957,100,64644.032436
148.91434,100,64644.032512
286.05536,100,64644.032524
195.60736,100,64644.032533
260.4545,100,64644.032542
240.24698,100,64644.032551
231.20978,100,64644.032559
327.42786,100,64644.032568
490.08698,100,64657.756692
230.28778,100,64657.756779
433.5348,100,64657.7568
204.28087,100,64657.756817
431.4662,100,64657.756832
249.43959,100,64657.756846
472.80228,100,64657.756861
253.81676,100,64657.756876
232.03351,100,64680.723427
232.88132,100,64680.723517
241.11044,100,64680.72354
223.34967,100,64680.723557
188.51572,100,64680.723574
249.17375,100,64680.72359
253.45181,100,64680.723606
522.4518,100,64680.723622
236.13774,100,64694.343585
136.85495,100,64694.343678
330.66928,100,64694.343701
276.57657,100,64694.343718
288.9984,100,64694.343735
177.23016,100,64694.343752
231.22029,100,64694.343768
193.88866,100,64694.343784
206.00278,100,64718.034927
212.74619,100,64718.03502
189.53717,100,64718.035062
476.61847,100,64718.03508
264.93243,100,64718.035097
221.12437,100,64718.035114
233.03897,100,64718.035131
276.3878,100,64718.035147
467.45435,100,64741.091259
224.98615,100,64741.091334
522.9449,100,64741.091346
571.06323,100,64741.091355
202.22935,100,64741.091364
197.99239,100,64741.091372
221.88083,100,64741.091381
232.95563,100,64741.09139
249.68521,100,64754.625504
364.09756,100,64754.625577
274.69012,100,64754.625589
294.83997,100,64754.625598
216.55475,100,64754.625607
175.81975,100,64754.625615
541.21185,100,64754.625623
112.35386,100,64754.625631
464.24658,100,64777.294752
122.275055,100,64777.294826
406.8828,100,64777.294839
254.31746,100,64777.294848
173.73135,100,64777.294858
182.07147,100,64777.294867
241.47968,100,64777.294876
257.2991,100,64777.294884
479.2543,100,64791.578285
154.03241,100,64791.578355
226.73267,100,64791.578367
293.64514,100,64791.578376
257.77213,100,64791.578385
280.96454,100,64791.578395
329.92035,100,64791.578403
576.3557,100,64791.578411
229.44516,100,64813.973283
227.87195,100,64813.973378
297.6204,100,64813.9734
206.1359,100,64813.973417
211.01999,100,64813.973433
237.05049,100,64813.973449
540.0155,100,64813.973464
248.82776,100,64813.97348
525.053,100,64827.04596
243.42963,100,64827.046038
244.4993,100,64827.046053
162.65553,100,64827.046062
244.83813,100,64827.046071
247.57729,100,64827.04608
258.82974,100,64827.046089
249.58261,100,64827.046097
317.86957,100,64850.068063
209.39624,100,64850.068155
150.29083,100,64850.068177
333.702,100,64850.068195
214.9388,100,64850.068212
445.2329,100,64850.068228
200.69438,100,64850.068244
186.07349,100,64850.06826
266.78348,100,64863.944633
373.87,100,64863.94471
214.67357,100,64863.944723
201.50787,100,64863.944757
228.68666,100,64863.944767
545.4332,100,64863.944775
520.3026,100,64863.944784
552.3672,100,64863.944793
274.72507,100,64887.316864
223.0525,100,64887.316959
284.95126,100,64887.316982
266.5671,100,64887.317
211.22879,100,64887.317017
202.0583,100,64887.317051
266.71768,100,64887.317069
237.1286,100,64887.317085
213.17197,100,64910.442825
162.23805,100,64910.442899
258.06882,100,64910.442912
235.47939,100,64910.442921
272.70184,100,64910.44293
166.61731,100,64910.44294
472.77304,100,64910.442949
198.07257,100,64910.442957
224.76164,100,64924.732892
144.56926,100,64924.732975
134.32976,100,64924.732999
465.06128,100,64924.733016
530.7875,100,64924.73305
214.22707,100,64924.733068
229.53487,100,64924.733084
269.7556,100,64924.7331
333.3849,100,64949.030495
337.71954,100,64949.030566
278.5853,100,64949.030578
523.631,100,64949.030586
217.51869,100,64949.030595
163.59808,100,64949.030603
221.28172,100,64949.030612
432.1848,100,64949.03062
182.77979,100,64962.406345
499.52277,100,64962.406417
286.65216,100,64962.40643
252.5282,100,64962.40644
126.55514,100,64962.406449
283.3743,100,64962.406457
69.39828,100,64962.406466
455.74002,100,64962.406474
356.63132,100,64985.489853
253.66934,100,64985.489929
517.4735,100,64985.48994
248.70946,100,64985.489949
259.05612,100,64985.489957
210.20558,100,64985.489966
172.59567,100,64985.489974
302.82385,100,64985.489982
183.93286,100,64998.819773
385.72156,100,64998.819865
217.8523,100,64998.819886
128.14412,100,64998.819903
198.60765,100,64998.819918
489.82156,100,64998.819932
262.45135,100,64998.819947
219.09178,100,64998.819961
271.89093,100,65021.62045
482.9598,100,65021.620544
278.66592,100,65021.620567
261.7578,100,65021.620585
227.33679,100,65021.620602
231.52794,100,65021.620618
234.33524,100,65021.620635
156.7839,100,65021.620651
252.85506,100,65044.451084
196.502,100,65044.451154
475.109,100,65044.451166
178.06732,100,65044.451175
507.20038,100,65044.451183
223.98341,100,65044.451192
200.11165,100,65044.4512
521.89105,100,65044.451208
400.3713,100,65058.72797
193.82735,100,65058.728051
229.4016,100,65058.728069
264.41074,100,65058.728078
270.66144,100,65058.728087
195.30688,100,65058.728096
195.37,100,65058.728104
276.15466,100,65058.728112
306.214,100,65081.528996
328.6816,100,65081.529073
199.71379,100,65081.529085
487.6093,100,65081.529095
547.59814,100,65081.529104
224.38939,100,65081.529112
207.30887,100,65081.52912
245.32996,100,65081.529129
219.77821,100,65095.66027
548.24603,100,65095.660362
241.22012,100,65095.660384
115.617584,100,65095.660402
248.55388,100,65095.660419
184.57077,100,65095.660435
223.27444,100,65095.660452
328.30313,100,65095.660468
576.13257,100,65117.954225
200.91617,100,65117.954317
151.98277,100,65117.95434
202.46446,100,65117.954357
186.34686,100,65117.954374
219.513,100,65117.95439
394.01398,100,65117.954405
182.78589,100,65117.954421
243.311,100,65131.683325
218.33203,100,65131.683418
214.55563,100,65131.68344
502.65515,100,65131.68346
264.49057,100,65131.683477
461.49658,100,65131.683494
162.31659,100,65131.68351
210.67676,100,65131.683525
221.29352,100,65154.823298
181.13614,100,65154.823374
157.2078,100,65154.823385
300.58478,100,65154.823395
233.65182,100,65154.823403
387.7524,100,65154.823411
256.91724,100,65154.823419
215.84525,100,65154.823427
285.6331,100,65168.595682
436.5499,100,65168.595767
264.36694,100,65168.595788
255.98984,100,65168.595803
263.7049,100,65168.595819
253.0964,100,65168.595833
314.1443,100,65168.595847
209.98743,100,65168.595861
468.58282,100,65191.492529
172.31306,100,65191.492621
226.67796,100,65191.492643
228.33498,100,65191.492661
243.23537,100,65191.492677
249.90042,100,65191.492693
194.92621,100,65191.492708
248.4163,100,65191.492724
186.99869,100,65214.933499
220.22878,100,65214.93357
218.44272,100,65214.933582
551.5801,100,65214.93359
253.43622,100,65214.933599
197.023,100,65214.933608
248.31572,100,65214.933616
385.0404,100,65214.933624
187.60919,100,65230.227935
201.2146,100,65230.228006
250.38614,100,65230.228018
250.26193,100,65230.228027
416.86243,100,65230.228045
425.1042,100,65230.228054
285.6237,100,65230.228062
280.7871,100,65230.22807
159.23264,100,65253.479548
485.65582,100,65253.479637
465.83844,100,65253.47966
229.77875,100,65253.479677
197.7444,100,65253.479693
177.61554,100,65253.47971
185.35277,100,65253.479725
419.6682,100,65253.479741
218.48112,100,65266.734391
538.8691,100,65266.734484
240.12984,100,65266.734506
419.85345,100,65266.734523
227.85185,100,65266.734539
552.6087,100,65266.734557
272.13144,100,65266.734574
262.6355,100,65266.73459
398.59558,100,65290.042975
545.6039,100,65290.043079
256.51642,100,65290.043102
258.08453,100,65290.04312
527.5945,100,65290.043136
253.28511,100,65290.043153
527.7956,100,65290.043169
254.28165,100,65290.043185
309.56647,100,65303.567567
309.0657,100,65303.567661
215.404,100,65303.567684
514.1796,100,65303.567702
191.28836,100,65303.567719
109.0617,100,65303.567736
486.9181,100,65303.567752
256.62497,100,65303.567768
105.25595,100,65327.540917
346.01965,100,65327.540992
280.15884,100,65327.541003
233.46472,100,65327.541012
261.1611,100,65327.541021
311.36307,100,65327.541038
222.29553,100,65327.541049
254.45294,100,65327.541056
253.21786,100,65351.420018
182.71532,100,65351.420123
397.84665,100,65351.420146
213.0461,100,65351.420163
266.09595,100,65351.420179
449.0063,100,65351.420195
170.82254,100,65351.420211
208.79591,100,65351.420227
236.6076,100,65364.708499
289.5706,100,65364.708596
339.27374,100,65364.708619
262.5863,100,65364.708637
398.4504,100,65364.708654
178.77359,100,65364.70867
422.0246,100,65364.708686
137.51465,100,65364.708702
208.72525,100,65387.084081
332.6258,100,65387.084173
327.7401,100,65387.084196
244.18076,100,65387.084214
168.27142,100,65387.084232
345.48254,100,65387.084249
506.20776,100,65387.084265
204.64989,100,65387.084281
467.27985,100,65401.397662
245.30945,100,65401.397738
498.03656,100,65401.39775
192.85735,100,65401.397759
207.0146,100,65401.397768
511.7599,100,65401.397777
210.80096,100,65401.397786
478.5039,100,65401.397794
183.44025,100,65424.022758
160.25209,100,65424.022851
225.50735,100,65424.022875
249.85078,100,65424.022893
180.19565,100,65424.022909
176.20644,100,65424.022926
184.09459,100,65424.022942
135.73158,100,65424.022958
187.46764,100,65437.524741
241.4364,100,65437.524836
304.1794,100,65437.524858
449.9289,100,65437.524876
400.39606,100,65437.524892
227.08092,100,65437.524908
247.76157,100,65437.524925
273.91623,100,65437.52494
212.05135,100,65461.067191
277.22302,100,65461.067288
189.95639,100,65461.067312
270.3416,100,65461.067329
297.7903,100,65461.067345
507.54376,100,65461.067362
183.8416,100,65461.067378
480.78143,100,65461.067394
448.92712,100,65475.492533
259.68643,100,65475.492605
212.17166,100,65475.492617
235.59457,100,65475.492626
263.89703,100,65475.492635
230.5804,100,65475.492644
283.02966,100,65475.492652
544.4334,100,65475.49266
552.83136,100,65499.710842
237.25015,100,65499.710939
379.96948,100,65499.710963
382.52792,100,65499.710981
515.6483,100,65499.710997
164.93257,100,65499.711014
204.09886,100,65499.711044
184.84119,100,65499.711066
262.42435,100,65523.02634
247.64207,100,65523.026415
305.0686,100,65523.026427
576.24634,100,65523.026436
238.22096,100,65523.026446
506.4939,100,65523.026454
473.82388,100,65523.026463
401.30103,100,65523.026471
234.36449,100,65537.055154
321.04672,100,65537.055253
550.18896,100,65537.055276
460.44135,100,65537.055294
233.57076,100,65537.055309
244.81845,100,65537.055325
225.29797,100,65537.05534
260.1854,100,65537.055356
308.55527,100,65560.549745
257.7427,100,65560.549818
207.2551,100,65560.54983
165.9232,100,65560.549839
219.59201,100,65560.549848
544.0062,100,65560.549856
501.86844,100,65560.549865
241.07889,100,65560.549873
265.08072,100,65574.504855
483.375,100,65574.504948
250.24889,100,65574.504971
258.05133,100,65574.504988
193.07547,100,65574.50502
262.0299,100,65574.505052
467.4728,100,65574.505069
256.6404,100,65574.505084
240.25198,100,65597.129105
210.86183,100,65597.129184
253.13885,100,65597.129196
232.84105,100,65597.129205
267.7681,100,65597.129215
237.13396,100,65597.129223
478.81378,100,65597.129232
270.66837,100,65597.129241
229.14072,100,65610.964808
319.6376,100,65610.964903
311.62805,100,65610.964925
216.65862,100,65610.964943
223.14532,100,65610.96496
242.92589,100,65610.964976
192.9211,100,65610.964992
228.204,100,65610.965008
270.53378,100,65634.570136
252.81734,100,65634.570211
186.53497,100,65634.570224
188.1736,100,65634.570233
142.1784,100,65634.570241
229.61023,100,65634.57025
202.53331,100,65634.570258
175.39879,100,65634.570266
222.92705,100,65658.115575
571.72766,100,65658.11565
224.87096,100,65658.115663
502.04602,100,65658.115674
236.84077,100,65658.115683
463.9829,100,65658.115693
337.881,100,65658.115702
223.41945,100,65658.115711
240.85925,100,65671.801966
217.30388,100,65671.802066
519.88806,100,65671.802091
214.65784,100,65671.802107
150.05045,100,65671.802122
559.8665,100,65671.802136
250.0063,100,65671.802151
267.27353,100,65671.802166
315.841,100,65694.838928
241.03561,100,65694.839001
219.81854,100,65694.839013
216.39297,100,65694.839023
261.47806,100,65694.839039
209.5779,100,65694.839048
578.21075,100,65694.839057
204.62231,100,65694.839066
226.02588,100,65707.787509
227.07904,100,65707.787582
149.32393,100,65707.787595
214.73616,100,65707.787604
177.76547,100,65707.787612
216.45697,100,65707.787621
357.17426,100,65707.787629
208.43077,100,65707.787638
220.42992,100,65730.529101
205.00156,100,65730.529173
263.6298,100,65730.529186
185.24667,100,65730.529195
240.72025,100,65730.529203
249.4757,100,65730.529212
460.12198,100,65730.52922
283.6971,100,65730.529228
233.19032,100,65743.895783
253.5961,100,65743.895875
234.49953,100,65743.895898
227.70462,100,65743.895915
493.2069,100,65743.895932
566.2273,100,65743.895948
176.67038,100,65743.895964
158.64441,100,65743.89598
406.64032,100,65766.616366
282.99832,100,65766.61646
246.27362,100,65766.616484
183.48628,100,65766.616503
238.43779,100,65766.61652
146.32211,100,65766.616537
228.16708,100,65766.616553
279.22137,100,65766.61657
255.77309,100,65780.163949
146.25945,100,65780.164022
167.06425,100,65780.164042
408.57294,100,65780.164052
220.85178,100,65780.164061
216.13574,100,65780.164069
262.5485,100,65780.164077
218.82545,100,65780.164086
250.18706,100,65803.090845
255.81387,100,65803.090938
171.9559,100,65803.090961
258.98163,100,65803.090979
285.25946,100,65803.090996
171.62242,100,65803.091012
139.34618,100,65803.091038
459.55078,100,65803.091059
237.42935,100,65826.539297
207.57945,100,65826.539369
274.25195,100,65826.539381
271.71606,100,65826.53939
239.86078,100,65826.539399
352.04135,100,65826.539408
355.32022,100,65826.539416
527.2672,100,65826.539424
220.08623,100,65839.556372
366.5214,100,65839.556465
259.19,100,65839.556488
212.18275,100,65839.556506
218.58328,100,65839.556524
261.79984,100,65839.55654
163.50757,100,65839.556557
217.1746,100,65839.556573
239.34445,100,65862.882727
199.11949,100,65862.882819
230.50935,100,65862.882848
213.58582,100,65862.882868
251.31575,100,65862.882887
204.5096,100,65862.882905
441.2154,100,65862.882922
539.00745,100,65862.882939
239.11505,100,65877.111199
248.20343,100,65877.111292
251.71738,100,65877.111315
265.02444,100,65877.111333
278.8174,100,65877.11135
548.42334,100,65877.111367
245.62738,100,65877.111383
253.7766,100,65877.1114
370.06647,100,65900.399901
292.1084,100,65900.399972
378.08234,100,65900.399986
214.57802,100,65900.399996
178.27486,100,65900.400005
191.20953,100,65900.400014
210.18318,100,65900.400023
235.28522,100,65900.400044
225.49301,100,65913.202001
222.4873,100,65913.202083
245.16493,100,65913.202096
558.96094,100,65913.202106
191.4086,100,65913.202116
521.724,100,65913.202125
138.60965,100,65913.202134
218.43431,100,65913.202143
181.87857,100,65936.083169
139.3717,100,65936.083245
229.2723,100,65936.083257
236.28757,100,65936.083266
476.71088,100,65936.083274
247.05562,100,65936.083283
213.50043,100,65936.083291
245.20522,100,65936.0833
358.1106,100,65958.86591
238.64497,100,65958.86599
256.01447,100,65958.866003
129.36505,100,65958.866014
151.47926,100,65958.866024
183.85776,100,65958.866044
388.08722,100,65958.866054
210.24538,100,65958.866063
245.15184,100,65971.874212
234.31178,100,65971.874283
114.4386,100,65971.874295
381.62,100,65971.874305
288.80118,100,65971.874313
140.39084,100,65971.874322
228.39238,100,65971.87433
220.08199,100,65971.874339
230.01756,100,65994.683785
424.37787,100,65994.683859
221.70589,100,65994.683872
236.7068,100,65994.683882
171.98973,100,65994.683891
217.45586,100,65994.6839
294.4674,100,65994.68391
250.71518,100,65994.683919
239.73584,100,66008.819947
164.18297,100,66008.82002
503.9119,100,66008.820041
270.99496,100,66008.820051
204.0623,100,66008.82006
212.68292,100,66008.820069
205.82603,100,66008.820077
257.52036,100,66008.820086
413.34674,100,66032.72561
148.41266,100,66032.725686
271.05664,100,66032.725698
340.47803,100,66032.725707
332.43417,100,66032.725716
242.13956,100,66032.725724
206.36334,100,66032.725732
152.82155,100,66032.725741
228.74295,100,66047.743197
272.89166,100,66047.743295
182.37793,100,66047.74332
215.64085,100,66047.743338
214.86089,100,66047.743355
336.29324,100,66047.743372
270.2324,100,66047.743388
177.37485,100,66047.743405
306.60962,100,66071.585586
214.61205,100,66071.585663
424.63895,100,66071.585675
178.0275,100,66071.585684
239.39912,100,66071.585693
265.24335,100,66071.585702
226.43842,100,66071.585711
232.38422,100,66071.58572
486.5522,100,66085.24335
213.65305,100,66085.24342
577.012,100,66085.243432
134.4325,100,66085.243441
523.972,100,66085.24345
409.74826,100,66085.243458
369.7142,100,66085.243467
297.24075,100,66085.243475
272.7376,100,66108.726084
553.7637,100,66108.726157
506.58456,100,66108.72617
224.88443,100,66108.72618
290.3677,100,66108.726188
535.23627,100,66108.726197
550.25146,100,66108.726206
183.49486,100,66108.726215
213.07416,100,66132.291124
529.4722,100,66132.291197
337.05048,100,66132.291209
209.02182,100,66132.291218
172.04391,100,66132.291227
306.6282,100,66132.291235
191.77893,100,66132.291244
229.19888,100,66132.291252
130.57582,100,66145.264225
234.75476,100,66145.264333
541.92865,100,66145.264363
540.23737,100,66145.264387
509.64355,100,66145.26441
212.78723,100,66145.264433
403.19888,100,66145.264455
290.29565,100,66145.264478
183.87975,100,66168.623525
255.2523,100,66168.623598
187.75526,100,66168.62361
529.8672,100,66168.62362
285.36722,100,66168.623628
501.80615,100,66168.623637
203.23946,100,66168.623645
250.52292,100,66168.623654
325.35495,100,66181.132606
347.52075,100,66181.132678
221.29568,100,66181.13269
556.24194,100,66181.132699
161.70934,100,66181.132708
366.54724,100,66181.132716
216.69429,100,66181.132725
201.42995,100,66181.132733
549.71954,100,66203.37148
246.21628,100,66203.371573
220.91908,100,66203.371595
243.9582,100,66203.371612
258.71854,100,66203.371629
172.12651,100,66203.371645
165.99896,100,66203.37166
265.22076,100,66203.371676
182.66687,100,66217.055077
268.82532,100,66217.055167
345.801,100,66217.055189
198.04988,100,66217.055206
338.58063,100,66217.055223
362.12106,100,66217.05524
240.37444,100,66217.055256
212.47635,100,66217.055272
263.26096,100,66240.911635
452.41388,100,66240.911711
264.92142,100,66240.911723
226.67305,100,66240.911732
246.72662,100,66240.911741
384.96323,100,66240.91175
183.52315,100,66240.911759
221.63522,100,66240.911768
438.1195,100,66263.638629
192.04895,100,66263.638704
226.93478,100,66263.638717
179.54677,100,66263.638727
243.44995,100,66263.638736
284.3942,100,66263.638745
116.34298,100,66263.638754
160.99677,100,66263.638763
262.77783,100,66277.432884
236.09024,100,66277.432973
329.72446,100,66277.433685
222.38007,100,66277.433704
498.91705,100,66277.43372
211.671,100,66277.433753
257.55194,100,66277.433769
375.04382,100,66277.433784
277.51685,100,66300.750347
254.49025,100,66300.750442
236.31017,100,66300.750465
236.96822,100,66300.750483
531.4468,100,66300.750499
208.89154,100,66300.750516
289.23386,100,66300.750532
248.52853,100,66300.750548
348.0965,100,66314.231654
205.28107,100,66314.231724
437.60196,100,66314.231736
159.41455,100,66314.231746
482.50186,100,66314.231755
284.27536,100,66314.231765
456.30328,100,66314.231774
239.84444,100,66314.231783
221.98132,100,66338.708727
238.2195,100,66338.70882
198.86731,100,66338.708842
542.5154,100,66338.70886
238.63628,100,66338.708877
270.8265,100,66338.708893
262.11383,100,66338.708909
524.637,100,66338.708925
260.21756,100,66352.669125
249.64912,100,66352.669198
400.4433,100,66352.669209
271.2465,100,66352.669219
536.99774,100,66352.669227
263.89832,100,66352.669235
242.85143,100,66352.669243
227.06401,100,66352.669251
194.71577,100,66376.601881
218.39658,100,66376.60195
258.88736,100,66376.601962
241.12817,100,66376.601971
519.326,100,66376.601979
177.6065,100,66376.601988
245.68314,100,66376.601997
236.60992,100,66376.602005
198.596,100,66389.734744
162.16089,100,66389.734841
308.4138,100,66389.734864
205.88177,100,66389.734881
237.55156,100,66389.734898
150.26146,100,66389.734915
216.27371,100,66389.73493
200.70827,100,66389.734947
235.1899,100,66412.240336
487.68878,100,66412.240426
224.00308,100,66412.240448
541.98016,100,66412.240465
225.41255,100,66412.240481
234.50227,100,66412.240497
188.06229,100,66412.240513
250.16534,100,66412.240529
194.54277,100,66435.96385
224.50017,100,66435.963918
242.78809,100,66435.963931
283.84277,100,66435.963939
498.02563,100,66435.963947
276.78162,100,66435.963955
168.34512,100,66435.963963
227.99588,100,66435.963971
248.87502,100,66449.162748
167.31479,100,66449.162821
238.42538,100,66449.162833
199.15546,100,66449.162843
264.7235,100,66449.162852
242.02802,100,66449.16286
247.13988,100,66449.162869
272.73895,100,66449.162878
512.5009,100,66471.854321
260.30865,100,66471.854398
403.90073,100,66471.854411
167.1071,100,66471.85442
250.42175,100,66471.854429
243.11241,100,66471.854439
184.05402,100,66471.854448
188.8766,100,66471.854456
226.94203,100,66485.940475
391.30902,100,66485.940568
378.0511,100,66485.940591
248.07191,100,66485.940608
192.07881,100,66485.940623
209.5426,100,66485.940638
253.0439,100,66485.940653
282.4045,100,66485.940668
499.5884,100,66509.680808
273.62268,100,66509.680895
192.6899,100,66509.680915
141.33504,100,66509.680931
283.86005,100,66509.680946
439.98218,100,66509.68096
200.95538,100,66509.680975
241.47807,100,66509.68099
217.00497,100,66523.366735
141.38417,100,66523.366807
600.5668,100,66523.366819
333.23367,100,66523.366829
243.38634,100,66523.366838
266.26367,100,66523.366846
225.61485,100,66523.366855
217.20544,100,66523.366863
259.96432,100,66546.532115
289.15543,100,66546.532191
186.52269,100,66546.532203
203.637,100,66546.532212
192.97426,100,66546.532221
240.99188,100,66546.532229
489.81824,100,66546.532238
263.15775,100,66546.532246
213.14944,100,66569.695565
243.84935,100,66569.695642
239.61984,100,66569.695655
237.80234,100,66569.695664
252.67091,100,66569.695672
314.9903,100,66569.69568
179.64333,100,66569.695689
172.03757,100,66569.695697
517.4821,100,66583.308555
147.69545,100,66583.308628
307.29224,100,66583.30864
220.46193,100,66583.30865
359.3401,100,66583.308658
208.7671,100,66583.308667
213.07343,100,66583.308675
226.60034,100,66583.308683
281.8414,100,66606.185699
220.48438,100,66606.185772
213.4619,100,66606.185786
244.29646,100,66606.185795
206.52017,100,66606.185804
253.1221,100,66606.185813
240.23338,100,66606.185822
207.19475,100,66606.185831
260.247,100,66619.567284
182.59457,100,66619.567375
393.04987,100,66619.567398
277.5542,100,66619.567416
358.80435,100,66619.567433
254.80307,100,66619.567449
558.51105,100,66619.567465
221.71654,100,66619.567481
203.33388,100,66642.86174
243.1317,100,66642.861825
250.0347,100,66642.861837
589.6074,100,66642.861846
217.46167,100,66642.861855
233.33606,100,66642.861863
244.58374,100,66642.861871
334.52893,100,66642.86188
214.54442,100,66655.960909
197.60132,100,66655.96102
261.00894,100,66655.961068
570.53064,100,66655.961094
247.10252,100,66655.961118
213.79616,100,66655.961141
216.20015,100,66655.961163
218.50708,100,66655.961186
445.35992,100,66678.523548
443.63135,100,66678.523619
210.70729,100,66678.523631
250.5054,100,66678.523641
295.55096,100,66678.523649
225.31818,100,66678.523657
285.0727,100,66678.523666
257.36804,100,66678.523674
225.51581,100,66692.239878
235.43098,100,66692.239952
219.31909,100,66692.239964
219.56581,100,66692.239973
213.24507,100,66692.239982
421.50424,100,66692.239991
259.54968,100,66692.24
198.41484,100,66692.24001
550.99994,100,66715.537064
270.82184,100,66715.537159
232.53166,100,66715.537183
205.89069,100,66715.5372
467.5794,100,66715.537217
254.87596,100,66715.537235
204.62949,100,66715.537251
197.82635,100,66715.537267
205.4762,100,66739.30975
230.43819,100,66739.309821
237.684,100,66739.309834
285.6017,100,66739.309843
237.89452,100,66739.309851
252.82784,100,66739.30986
256.41913,100,66739.309868
230.62514,100,66739.309876
199.22133,100,66753.759938
266.3955,100,66753.760026
388.38647,100,66753.760064
212.39397,100,66753.760082
387.31818,100,66753.760099
153.59286,100,66753.760115
364.4072,100,66753.760131
523.8903,100,66753.760147
221.3696,100,66776.721845
212.58348,100,66776.721932
305.3928,100,66776.721954
197.13565,100,66776.72197
267.04004,100,66776.721985
218.51326,100,66776.722
229.82008,100,66776.722014
279.14978,100,66776.722041
266.93268,100,66790.108222
149.35202,100,66790.108313
377.14783,100,66790.108337
516.95123,100,66790.108354
288.69583,100,66790.108371
266.04813,100,66790.108387
255.71198,100,66790.108404
257.3408,100,66790.10842
496.73135,100,66813.647212
216.56497,100,66813.647286
447.64868,100,66813.647297
254.38914,100,66813.647306
174.22919,100,66813.647315
246.00047,100,66813.647323
380.1891,100,66813.647331
211.99213,100,66813.64734
205.3433,100,66827.731235
356.47604,100,66827.731309
358.9418,100,66827.731321
247.94244,100,66827.73133
508.48914,100,66827.731339
244.14497,100,66827.731347
196.49146,100,66827.731356
269.64508,100,66827.731364
230.58522,100,66850.905517
450.38913,100,66850.905609
294.33365,100,66850.905632
207.67882,100,66850.90565
277.13544,100,66850.905667
373.1702,100,66850.905683
234.71992,100,66850.905699
199.76372,100,66850.905715
183.75775,100,66873.773283
226.58603,100,66873.773357
197.68507,100,66873.77337
262.02744,100,66873.773379
477.694,100,66873.773388
226.96059,100,66873.773397
380.1017,100,66873.773406
265.0925,100,66873.773415
237.65564,100,66887.029878
162.99739,100,66887.029953
201.42209,100,66887.029965
410.74246,100,66887.029974
457.4679,100,66887.029982
235.75294,100,66887.029991
263.11923,100,66887.029999
231.12703,100,66887.030007
548.6644,100,66909.897747
202.88936,100,66909.897818
529.24255,100,66909.89783
249.98466,100,66909.89784
455.90375,100,66909.897849
189.50409,100,66909.897857
564.5214,100,66909.897866
226.88606,100,66909.897874
420.14798,100,66923.274677
556.7195,100,66923.274764
212.06049,100,66923.274785
227.31564,100,66923.274801
504.56036,100,66923.274816
285.6417,100,66923.274831
218.18663,100,66923.274845
243.7688,100,66923.274859
488.02203,100,66947.128293
484.35782,100,66947.128383
437.95007,100,66947.128406
542.64764,100,66947.128424
222.0524,100,66947.128441
246.83723,100,66947.128458
226.93713,100,66947.128475
498.36255,100,66947.128491
328.8266,100,66960.496613
225.65822,100,66960.496706
253.30983,100,66960.496728
212.7743,100,66960.496745
236.66881,100,66960.496761
263.47147,100,66960.496777
196.87656,100,66960.496793
244.53783,100,66960.496809
401.36957,100,66983.465438
193.47408,100,66983.465525
505.9442,100,66983.465539
477.8795,100,66983.465551
482.23373,100,66983.465561
189.60706,100,66983.465593
513.6111,100,66983.465604
306.1583,100,66983.465615
199.0531,100,66997.176781
251.16684,100,66997.176856
265.53033,100,66997.176868
260.9263,100,66997.176877
259.77145,100,66997.176886
248.06447,100,66997.176894
213.59615,100,66997.176903
544.51166,100,66997.176911
174.95578,100,67021.082816
278.9755,100,67021.082887
205.97441,100,67021.082899
268.71863,100,67021.082908
442.46802,100,67021.082916
176.97292,100,67021.082925
587.6196,100,67021.082933
248.01218,100,67021.082942
360.25137,100,67044.386715
245.95697,100,67044.386786
494.70108,100,67044.386799
241.1587,100,67044.386808
226.716,100,67044.386816
215.65317,100,67044.386824
237.087,100,67044.386833
245.47495,100,67044.386841
215.28523,100,67058.226096
244.89333,100,67058.226188
215.64265,100,67058.226211
304.11182,100,67058.226229
204.12254,100,67058.226245
260.88135,100,67058.226261
290.15128,100,67058.226278
259.0262,100,67058.226294
237.57445,100,67082.432692
254.4976,100,67082.432769
226.14359,100,67082.432781
242.43628,100,67082.43279
237.00789,100,67082.432798
608.3019,100,67082.432807
209.37306,100,67082.432815
305.31116,100,67082.432823
263.8986,100,67096.684076
241.78278,100,67096.684149
271.79816,100,67096.68416
246.2163,100,67096.68417
244.91748,100,67096.684178
238.5306,100,67096.684187
200.942,100,67096.684195
180.2824,100,67096.684203
184.14809,100,67120.286385
183.92052,100,67120.286481
407.0475,100,67120.286503
396.43015,100,67120.286521
235.8674,100,67120.286537
250.63376,100,67120.286554
287.67163,100,67120.286569
211.71593,100,67120.286585
200.42464,100,67134.273027
350.11865,100,67134.273127
233.87767,100,67134.273149
220.98332,100,67134.273166
252.88866,100,67134.273182
427.8794,100,67134.273198
189.95831,100,67134.273213
183.51935,100,67134.273228
240.50568,100,67159.079332
217.67856,100,67159.079407
553.4224,100,67159.079419
187.08237,100,67159.079429
287.83377,100,67159.079437
554.18646,100,67159.079446
270.938,100,67159.079455
221.69807,100,67159.079463
343.48016,100,67182.367068
458.62634,100,67182.367142
214.86308,100,67182.367154
240.7269,100,67182.367164
308.49445,100,67182.367173
256.12408,100,67182.367182
229.83675,100,67182.367191
247.28654,100,67182.3672
252.07036,100,67196.316601
321.22583,100,67196.316695
335.45538,100,67196.316718
372.75546,100,67196.316736
220.5074,100,67196.316753
592.10443,100,67196.316769
426.1264,100,67196.316785
191.59753,100,67196.316801
198.27873,100,67219.201176
520.72107,100,67219.201254
269.76346,100,67219.201266
240.6,100,67219.201276
270.59888,100,67219.201284
397.80267,100,67219.201293
243.92981,100,67219.201302
228.90045,100,67219.20131
247.07654,100,67232.653112
390.53732,100,67232.653205
414.8044,100,67232.653228
229.28229,100,67232.653245
233.33054,100,67232.653262
215.53339,100,67232.653278
188.50862,100,67232.653295
266.10266,100,67232.653311
319.51962,100,67256.823097
241.8209,100,67256.823209
498.54095,100,67256.823241
239.84383,100,67256.823265
213.42528,100,67256.823287
290.58066,100,67256.823309
246.75208,100,67256.823333
194.00378,100,67256.823355
205.538,100,67270.96046
231.06717,100,67270.960551
239.12292,100,67270.960574
263.5685,100,67270.960592
255.60217,100,67270.960608
214.6975,100,67270.960625
245.00583,100,67270.960641
330.5542,100,67270.960657
226.89407,100,67293.38949
235.74562,100,67293.38956
245.59227,100,67293.389572
277.06943,100,67293.389581
219.71037,100,67293.38959
194.9148,100,67293.389598
175.18535,100,67293.389607
274.21625,100,67293.389615
197.1994,100,67306.718174
443.15695,100,67306.718244
312.52264,100,67306.718257
309.12427,100,67306.718266
183.54276,100,67306.718274
417.00668,100,67306.718283
273.3622,100,67306.718291
254.7489,100,67306.7183
553.1089,100,67329.980105
260.824,100,67329.980178
193.32051,100,67329.980191
354.55087,100,67329.9802
453.0603,100,67329.980209
245.88885,100,67329.980218
197.02884,100,67329.980227
225.13693,100,67329.980235
183.09216,100,67352.98308
503.947,100,67352.983155
222.70438,100,67352.983182
241.7286,100,67352.983192
237.04715,100,67352.983201
404.60046,100,67352.98321
207.61241,100,67352.983219
214.57498,100,67352.983227
229.4653,100,67366.77138
494.77997,100,67366.771468
186.02397,100,67366.771488
397.06625,100,67366.771504
422.09003,100,67366.771518
226.30043,100,67366.771533
432.2242,100,67366.771548
518.1146,100,67366.771562
194.28984,100,67390.143668
223.1942,100,67390.143763
289.01828,100,67390.143786
192.0628,100,67390.143804
326.28903,100,67390.143821
519.3734,100,67390.143838
530.616,100,67390.143854
227.57428,100,67390.143871
235.1232,100,67403.810581
233.62413,100,67403.810653
247.54572,100,67403.810666
516.6472,100,67403.810675
351.05957,100,67403.810683
391.12686,100,67403.810692
317.74908,100,67403.810701
533.53656,100,67403.810709
506.17896,100,67427.020792
266.71643,100,67427.020878
236.61412,100,67427.020898
238.92024,100,67427.020914
218.24294,100,67427.020929
275.73077,100,67427.020944
214.6851,100,67427.020958
567.65735,100,67427.020973
502.71234,100,67440.456851
215.9849,100,67440.456945
597.57416,100,67440.456972
217.95374,100,67440.456991
207.22354,100,67440.457008
212.8425,100,67440.457024
415.04608,100,67440.457053
575.49915,100,67440.45707
233.18752,100,67463.872464
361.12708,100,67463.872539
495.51508,100,67463.872551
267.07208,100,67463.87256
330.65512,100,67463.872569
240.68068,100,67463.872577
194.04561,100,67463.872585
529.52966,100,67463.872593
462.75992,100,67487.122321
621.9608,100,67487.122393
386.26242,100,67487.122406
574.064,100,67487.122416
221.54346,100,67487.122425
444.60687,100,67487.122433
521.97064,100,67487.122442
239.86499,100,67487.12245
207.76233,100,67501.224117
445.24384,100,67501.22419
202.26607,100,67501.224203
274.3539,100,67501.224212
238.3604,100,67501.224222
193.51678,100,67501.22423
298.50046,100,67501.224239
519.7747,100,67501.224248
250.38795,100,67524.51063
243.81448,100,67524.510718
259.78464,100,67524.510739
176.4258,100,67524.510756
226.415,100,67524.510772
236.2557,100,67524.510788
320.17197,100,67524.510803
196.8912,100,67524.510817
238.19467,100,67537.521185
287.93658,100,67537.521277
232.59294,100,67537.521299
290.62387,100,67537.521317
262.90518,100,67537.521333
179.90742,100,67537.52135
451.64044,100,67537.521366
226.31854,100,67537.521382
190.25867,100,67560.314789
303.3566,100,67560.314867
214.66028,100,67560.314879
247.14125,100,67560.314889
239.63728,100,67560.314898
214.96686,100,67560.314907
225.85217,100,67560.314915
297.59503,100,67560.314924
318.23624,100,67574.981929
245.74484,100,67574.982004
218.22987,100,67574.982016
220.96762,100,67574.982025
245.23706,100,67574.982045
249.35072,100,67574.982054
222.25287,100,67574.982063
357.6846,100,67574.982071
355.911,100,67597.659599
233.29805,100,67597.659692
492.15393,100,67597.659715
256.5485,100,67597.659732
479.46265,100,67597.659749
246.9042,100,67597.659765
262.25504,100,67597.659782
226.46193,100,67597.659798
301.493,100,67611.69567
256.16898,100,67611.695745
526.1978,100,67611.695759
153.88034,100,67611.69577
264.74313,100,67611.695779
339.36877,100,67611.69579
247.9908,100,67611.695798
284.55624,100,67611.695807
217.49081,100,67634.404203
320.2324,100,67634.404304
245.13763,100,67634.404327
192.4161,100,67634.404345
220.01227,100,67634.404362
408.6183,100,67634.404379
202.88658,100,67634.404395
235.31735,100,67634.404411
295.94348,100,67657.71666
207.70705,100,67657.716732
245.93396,100,67657.716744
283.0429,100,67657.716752
164.34726,100,67657.716761
602.66187,100,67657.716769
274.37115,100,67657.716777
469.88412,100,67657.716786
221.89847,100,67672.441864
198.65668,100,67672.441967
271.13892,100,67672.441998
414.38013,100,67672.442021
196.54886,100,67672.442062
174.28284,100,67672.442086
281.77386,100,67672.442109
246.28755,100,67672.442132
525.90607,100,67695.61824
505.68234,100,67695.618328
455.52615,100,67695.618344
233.90762,100,67695.618356
547.85364,100,67695.618368
616.4734,100,67695.61838
212.10728,100,67695.618408
336.8206,100,67695.618423
461.6217,100,67709.37097
227.6388,100,67709.371075
164.88219,100,67709.371103
421.2694,100,67709.371122
219.78963,100,67709.371138
279.09732,100,67709.371155
234.362,100,67709.371171
406.69366,100,67709.371186
267.18756,100,67732.06367
322.91083,100,67732.063773
500.888,100,67732.063801
239.90025,100,67732.063825
177.7749,100,67732.063849
260.60052,100,67732.063873
213.11066,100,67732.063895
211.64388,100,67732.063919
273.14185,100,67745.273722
240.1474,100,67745.273822
248.17326,100,67745.273846
221.06442,100,67745.273865
443.20544,100,67745.273881
212.94702,100,67745.273898
239.5899,100,67745.273915
205.14423,100,67745.273931
604.8622,100,67767.681672
211.8772,100,67767.681772
210.55089,100,67767.681794
263.42017,100,67767.681812
270.4145,100,67767.681829
243.86455,100,67767.681845
176.5218,100,67767.681861
247.40343,100,67767.681878
531.3181,100,67790.95269
564.2263,100,67790.952764
212.04442,100,67790.952776
253.64218,100,67790.952785
404.86823,100,67790.952793
205.00412,100,67790.952802
243.71121,100,67790.95281
253.31046,100,67790.952818
236.96796,100,67804.19474
223.00597,100,67804.194815
225.22095,100,67804.194827
292.45618,100,67804.194836
221.23993,100,67804.194845
415.98193,100,67804.194854
256.12442,100,67804.194862
133.85095,100,67804.19487
207.89932,100,67827.972569
297.19055,100,67827.97264
233.44592,100,67827.972651
145.12703,100,67827.972661
241.36766,100,67827.972669
252.31964,100,67827.972678
185.6301,100,67827.972686
588.78345,100,67827.972694
225.47691,100,67840.94749
494.40753,100,67840.947561
201.47188,100,67840.947573
489.06927,100,67840.947583
218.89622,100,67840.947592
394.7661,100,67840.947601
224.05942,100,67840.947609
198.79483,100,67840.947619
415.5857,100,67864.025944
319.676,100,67864.026021
225.47797,100,67864.026043
159.80676,100,67864.026053
235.36449,100,67864.026062
240.47351,100,67864.02607
222.74017,100,67864.026079
236.33395,100,67864.026087
295.88202,100,67877.476551
252.16408,100,67877.476622
510.05676,100,67877.476634
210.80359,100,67877.476643
233.59586,100,67877.476651
202.60864,100,67877.47666
236.77911,100,67877.476668
214.50368,100,67877.476677
267.0091,100,67900.592614
199.88126,100,67900.592688
233.53084,100,67900.592703
542.81433,100,67900.592715
124.39317,100,67900.592726
171.99593,100,67900.592737
289.84048,100,67900.592747
192.05196,100,67900.592758
235.25957,100,67914.668345
492.5835,100,67914.668424
236.90796,100,67914.668438
236.7709,100,67914.668449
266.49124,100,67914.66846
232.80437,100,67914.66847
274.0298,100,67914.66848
261.9124,100,67914.668489
225.50558,100,67937.540752
433.13257,100,67937.540826
478.67694,100,67937.540838
227.44499,100,67937.540847
219.85376,100,67937.540855
254.72614,100,67937.540864
216.70087,100,67937.54088
348.11377,100,67937.540896
228.8184,100,67960.388354
488.65137,100,67960.388425
215.06859,100,67960.388437
303.93494,100,67960.388447
530.3694,100,67960.388456
264.7532,100,67960.388464
267.0183,100,67960.388473
220.01242,100,67960.388481
265.11526,100,67974.564514
466.89722,100,67974.564604
264.44855,100,67974.564627
194.84935,100,67974.564645
204.1926,100,67974.564662
245.35016,100,67974.564678
178.78183,100,67974.564695
215.39482,100,67974.564711
549.3822,100,67997.26114
194.63133,100,67997.261239
228.73885,100,67997.261262
527.7573,100,67997.26128
223.72955,100,67997.261297
212.5957,100,67997.261313
228.77357,100,67997.261329
237.31624,100,67997.261345
491.68716,100,68010.235814
200.38315,100,68010.23589
188.24738,100,68010.235902
223.28578,100,68010.235912
169.7066,100,68010.23592
225.24127,100,68010.235929
265.5538,100,68010.235938
243.10481,100,68010.235946
144.1988,100,68032.744489
506.7469,100,68032.744559
185.95262,100,68032.744571
451.0022,100,68032.744581
267.68213,100,68032.744589
386.7241,100,68032.744598
90.71138,100,68032.744606
222.52405,100,68032.744615
409.06738,100,68045.4788
247.62466,100,68045.478875
176.37389,100,68045.478887
145.60394,100,68045.47891
233.27931,100,68045.47892
208.6751,100,68045.478928
166.70421,100,68045.478937
231.75888,100,68045.478945
228.98694,100,68068.60884
477.51724,100,68068.608916
243.92067,100,68068.608928
221.64767,100,68068.608938
509.68787,100,68068.608946
189.67326,100,68068.608955
494.823,100,68068.608963
549.53595,100,68068.608971
233.24944,100,68091.823551
211.10373,100,68091.823625
255.37782,100,68091.823638
351.3004,100,68091.823647
247.76903,100,68091.823657
543.5155,100,68091.823666
359.89798,100,68091.823675
518.3551,100,68091.823683
256.43076,100,68105.167179
231.1174,100,68105.167254
241.15335,100,68105.167266
481.06793,100,68105.167275
222.48856,100,68105.167284
319.92957,100,68105.167293
269.1054,100,68105.167301
391.23145,100,68105.167309
431.99573,100,68128.381141
249.94022,100,68128.381235
281.55887,100,68128.381258
573.1927,100,68128.381276
219.86253,100,68128.381293
228.53102,100,68128.38131
258.01306,100,68128.381327
227.50162,100,68128.381344
215.1608,100,68141.298315
437.37744,100,68141.298389
132.34785,100,68141.2984
223.21414,100,68141.29841
568.36304,100,68141.298419
287.0443,100,68141.298428
444.977,100,68141.298437
385.04813,100,68141.298445
198.8636,100,68164.158734
254.42078,100,68164.158826
431.43518,100,68164.158848
257.1823,100,68164.158865
259.4934,100,68164.158882
219.67366,100,68164.158898
243.2529,100,68164.158915
393.9297,100,68164.158931
277.16122,100,68177.630177
188.1924,100,68177.630286
506.5618,100,68177.630315
417.345,100,68177.630338
217.48682,100,68177.630361
251.40166,100,68177.630382
132.36867,100,68177.630405
213.37817,100,68177.630428
225.09195,100,68200.339174
234.40654,100,68200.339263
239.20729,100,68200.339285
201.64914,100,68200.339304
572.0466,100,68200.339321
493.04724,100,68200.339338
208.38274,100,68200.339354
315.90836,100,68200.33937
451.68933,100,68213.96581
322.05518,100,68213.965881
241.86324,100,68213.965893
445.8492,100,68213.965902
274.10104,100,68213.965911
203.90172,100,68213.96592
245.60617,100,68213.965929
242.17297,100,68213.965937
242.14272,100,68236.542791
233.9814,100,68236.542861
128.35301,100,68236.542874
149.13506,100,68236.542883
239.01624,100,68236.542892
171.85143,100,68236.542901
455.49023,100,68236.542909
558.1843,100,68236.542918
278.42572,100,68259.453101
217.42613,100,68259.453174
175.34798,100,68259.453187
422.75107,100,68259.453196
260.7077,100,68259.453205
591.6076,100,68259.453213
311.42657,100,68259.453222
228.03325,100,68259.453231
252.4126,100,68273.76298
200.42924,100,68273.763083
242.49425,100,68273.763106
268.4274,100,68273.763124
467.31076,100,68273.763141
221.10553,100,68273.763157
190.5016,100,68273.763173
391.40356,100,68273.763189
294.17578,100,68296.987818
290.66974,100,68296.987888
472.04852,100,68296.9879
280.43674,100,68296.987909
500.14313,100,68296.987918
238.08006,100,68296.987927
426.90726,100,68296.987936
195.36143,100,68296.987944
240.81476,100,68310.781281
435.64993,100,68310.781356
235.99821,100,68310.781368
214.00276,100,68310.781376
335.2585,100,68310.781385
278.11707,100,68310.781393
235.16017,100,68310.781402
508.61337,100,68310.78141
268.31253,100,68333.773897
238.7942,100,68333.774
229.61032,100,68333.774044
270.91827,100,68333.774076
478.85275,100,68333.7741
285.9685,100,68333.774123
227.88776,100,68333.774146
196.55095,100,68333.774168
182.93697,100,68347.068296
561.44775,100,68347.068388
236.16603,100,68347.068411
562.6166,100,68347.068428
558.8011,100,68347.068445
214.85042,100,68347.068462
210.43947,100,68347.068478
317.3074,100,68347.068494
192.26767,100,68370.702949
537.0515,100,68370.703021
224.98088,100,68370.703043
241.2203,100,68370.703053
125.66872,100,68370.703061
290.75076,100,68370.703069
218.34633,100,68370.703078
210.99187,100,68370.703086
488.61493,100,68393.730318
225.74393,100,68393.730392
242.31027,100,68393.730404
259.1719,100,68393.730413
254.30157,100,68393.730423
229.28398,100,68393.730432
205.54039,100,68393.730441
260.9978,100,68393.730456
212.04156,100,68406.224358
249.8472,100,68406.224431
503.29053,100,68406.224443
232.78606,100,68406.224452
205.1343,100,68406.22446
432.80453,100,68406.224468
455.02234,100,68406.224477
362.6855,100,68406.224485
581.5115,100,68429.065911
465.56787,100,68429.065985
241.0909,100,68429.065998
404.62186,100,68429.066007
173.48099,100,68429.066017
247.48431,100,68429.066026
480.85342,100,68429.066045
296.0469,100,68429.066054
462.5713,100,68442.809253
193.5952,100,68442.809326
473.84418,100,68442.809338
242.92355,100,68442.809347
230.97061,100,68442.809356
167.16534,100,68442.809364
214.02623,100,68442.809373
472.8555,100,68442.809381
272.36685,100,68465.475516
210.82503,100,68465.475608
213.88814,100,68465.475632
216.9015,100,68465.47565
479.1065,100,68465.475668
174.75438,100,68465.475684
330.44373,100,68465.475701
225.29744,100,68465.475718
196.60728,100,68478.972057
160.22397,100,68478.972131
225.51805,100,68478.972144
217.59888,100,68478.972154
489.86176,100,68478.972163
482.45697,100,68478.972172
232.93495,100,68478.972181
185.55649,100,68478.97219
344.84415,100,68502.472687
529.13074,100,68502.472759
222.01793,100,68502.472771
194.01889,100,68502.47278
244.60188,100,68502.472789
252.26184,100,68502.472797
186.19554,100,68502.472806
455.76404,100,68502.472815
151.17105,100,68515.807352
226.26215,100,68515.807446
521.90594,100,68515.807469
281.50354,100,68515.807487
242.67789,100,68515.807503
287.7571,100,68515.80752
334.33337,100,68515.807537
236.58849,100,68515.807554
246.66599,100,68538.397599
138.76967,100,68538.397692
532.9547,100,68538.397715
184.4715,100,68538.397733
261.7805,100,68538.397749
247.33629,100,68538.397766
238.21341,100,68538.397782
291.4484,100,68538.397798
232.34595,100,68562.427569
269.51974,100,68562.427644
189.97212,100,68562.427656
202.56613,100,68562.427666
581.5809,100,68562.427675
292.79385,100,68562.427683
259.75092,100,68562.427691
434.29642,100,68562.4277
227.72604,100,68576.739608
218.84831,100,68576.739682
254.03394,100,68576.739694
229.82576,100,68576.739704
237.55681,100,68576.739713
258.94193,100,68576.739722
229.74716,100,68576.739731
263.03345,100,68576.73974
424.53333,100,68600.925594
202.86154,100,68600.925667
496.80548,100,68600.92568
455.03607,100,68600.925689
280.26538,100,68600.925698
251.01622,100,68600.925706
242.4811,100,68600.925715
238.71262,100,68600.925723
269.8447,100,68614.194311
224.40775,100,68614.194394
412.625,100,68614.194411
238.0418,100,68614.194425
240.21304,100,68614.194437
207.6432,100,68614.194449
234.67502,100,68614.194461
247.8963,100,68614.194472
199.55406,100,68636.749771
171.04088,100,68636.749865
179.0201,100,68636.749888
499.09875,100,68636.749906
386.5821,100,68636.749922
212.95824,100,68636.749939
204.3658,100,68636.749955
331.6412,100,68636.749971
238.09789,100,68650.099893
177.6824,100,68650.099964
232.44638,100,68650.099976
408.44226,100,68650.099985
425.79242,100,68650.099993
119.7659,100,68650.100002
255.61989,100,68650.10001
240.31233,100,68650.100019
227.5929,100,68673.176727
359.90778,100,68673.176819
250.2718,100,68673.176842
256.81305,100,68673.17686
216.31842,100,68673.176877
251.85887,100,68673.176894
263.811,100,68673.17691
223.74449,100,68673.176926
262.87952,100,68696.717834
483.2005,100,68696.717907
175.06769,100,68696.717919
119.74669,100,68696.717929
297.54486,100,68696.717937
168.1891,100,68696.717946
253.2588,100,68696.717955
514.91016,100,68696.717963
211.34244,100,68710.34698
224.35858,100,68710.347097
286.1128,100,68710.347124
196.03163,100,68710.347144
236.53549,100,68710.347164
226.57101,100,68710.347184
243.83269,100,68710.347205
317.03632,100,68710.347225
304.21683,100,68734.95896
255.14783,100,68734.959039
444.85052,100,68734.959054
398.84894,100,68734.959063
239.02014,100,68734.959071
497.57455,100,68734.95908
248.27731,100,68734.959088
483.85892,100,68734.959097
240.01662,100,68749.203619
295.22943,100,68749.203714
258.2493,100,68749.203735
229.41022,100,68749.203774
435.35297,100,68749.203791
250.09167,100,68749.203807
299.22733,100,68749.203822
197.90215,100,68749.203837
189.13245,100,68772.378117
217.31857,100,68772.378192
490.46808,100,68772.378204
233.7204,100,68772.378212
248.95213,100,68772.378221
274.3204,100,68772.378229
516.7396,100,68772.378238
193.343,100,68772.378246
254.78423,100,68785.969891
456.2043,100,68785.969964
342.53934,100,68785.969976
233.82767,100,68785.969985
278.2034,100,68785.969994
261.0101,100,68785.970002
174.42885,100,68785.97001
240.0653,100,68785.970019
179.6658,100,68809.168361
488.8871,100,68809.168433
273.61615,100,68809.168445
431.9774,100,68809.168455
526.1421,100,68809.168464
246.77281,100,68809.168473
250.28856,100,68809.168481
201.88008,100,68809.16849
343.10095,100,68822.300662
235.69968,100,68822.300756
541.7007,100,68822.300779
170.6801,100,68822.300796
168.43205,100,68822.300813
220.51784,100,68822.300829
531.2269,100,68822.300846
218.81615,100,68822.300862
216.08308,100,68846.428916
274.61954,100,68846.429008
249.7944,100,68846.429043
224.83177,100,68846.429065
581.381,100,68846.429082
205.62735,100,68846.429099
314.88605,100,68846.429115
546.29736,100,68846.429131
472.5514,100,68869.335506
218.56375,100,68869.335584
247.2729,100,68869.3356
236.15201,100,68869.335611
229.67453,100,68869.335621
221.35999,100,68869.33563
245.876,100,68869.335639
175.62299,100,68869.335649
527.2446,100,68882.862541
218.82204,100,68882.86263
191.12006,100,68882.862654
266.47488,100,68882.862672
325.51123,100,68882.862689
177.06117,100,68882.862705
275.9619,100,68882.862721
253.19164,100,68882.862737
190.20488,100,68906.202087
551.699,100,68906.202163
274.04077,100,68906.202176
152.43388,100,68906.202185
350.5874,100,68906.202194
203.17667,100,68906.202203
213.60335,100,68906.202212
295.92578,100,68906.202221
183.36018,100,68920.596437
291.29736,100,68920.596525
221.80295,100,68920.596545
237.75938,100,68920.596561
252.61784,100,68920.596576
229.76912,100,68920.596591
564.6078,100,68920.596605
372.77692,100,68920.59662
161.87961,100,68943.738101
226.34546,100,68943.738174
480.4833,100,68943.738187
358.92844,100,68943.738196
219.9866,100,68943.738205
214.60121,100,68943.738214
199.01923,100,68943.738222
220.25082,100,68943.738231
475.5279,100,68959.106009
254.59917,100,68959.106087
238.90866,100,68959.1061
512.50183,100,68959.106109
196.4583,100,68959.106118
272.74683,100,68959.106127
482.10257,100,68959.106136
216.83138,100,68959.106144
273.0731,100,68982.979765
252.8013,100,68982.979856
414.5426,100,68982.979879
212.21002,100,68982.979897
230.30025,100,68982.979914
221.75554,100,68982.97993
195.01788,100,68982.979946
213.43465,100,68982.979962
357.6208,100,69006.370882
204.69766,100,69006.370957
162.90948,100,69006.37097
186.91646,100,69006.370979
386.7931,100,69006.370988
503.89423,100,69006.370997
201.61938,100,69006.371006
221.85367,100,69006.371015
286.5103,100,69020.808466
260.7061,100,69020.808561
243.39072,100,69020.808585
472.884,100,69020.808603
186.37099,100,69020.808619
188.58984,100,69020.808636
599.74426,100,69020.808652
256.2082,100,69020.808668
222.7616,100,69043.856584
215.74147,100,69043.856662
197.17433,100,69043.856674
253.85336,100,69043.856684
226.80963,100,69043.856693
196.87024,100,69043.856702
197.52058,100,69043.856711
275.5271,100,69043.856719
536.6942,100,69057.211337
584.9656,100,69057.21141
371.64993,100,69057.211422
307.30292,100,69057.211432
259.77963,100,69057.21144
517.2824,100,69057.211449
535.21375,100,69057.211457
424.8131,100,69057.211466
216.94305,100,69080.530932
225.46248,100,69080.531009
464.0243,100,69080.531023
338.10815,100,69080.531044
531.50183,100,69080.531056
236.83023,100,69080.531065
212.88165,100,69080.531075
266.2144,100,69080.531084
233.29,100,69094.534047
564.0259,100,69094.534135
195.68335,100,69094.534156
613.4886,100,69094.534172
229.92236,100,69094.534187
201.43356,100,69094.534201
172.07697,100,69094.534215
394.2021,100,69094.53423
173.47656,100,69116.929954
198.99345,100,69116.930027
168.70343,100,69116.930075
461.99524,100,69116.930084
339.7495,100,69116.930093
445.1281,100,69116.930102
217.81749,100,69116.93011
189.5718,100,69116.930119
220.97267,100,69130.824051
357.01978,100,69130.824144
213.85547,100,69130.824167
243.01767,100,69130.824184
434.95163,100,69130.824201
173.87901,100,69130.824218
323.31024,100,69130.824234
273.84344,100,69130.82425
194.44458,100,69153.826177
408.33856,100,69153.826268
324.92056,100,69153.826291
478.25516,100,69153.826308
516.7869,100,69153.826325
441.58398,100,69153.826341
217.87083,100,69153.826357
247.15092,100,69153.826374
361.3021,100,69177.039069
293.11252,100,69177.039162
281.8608,100,69177.039187
261.0244,100,69177.039206
252.84662,100,69177.039224
583.84186,100,69177.039243
240.23505,100,69177.03926
229.26617,100,69177.039277
549.29395,100,69192.231596
251.89238,100,69192.231689
245.97693,100,69192.231714
245.74527,100,69192.231732
212.91379,100,69192.231749
215.6026,100,69192.231765
488.3233,100,69192.231781
241.07948,100,69192.231796
208.82593,100,69214.777359
481.08908,100,69214.777437
246.92726,100,69214.777449
203.93468,100,69214.777458
241.9903,100,69214.777467
261.38208,100,69214.777476
181.86406,100,69214.777484
254.73927,100,69214.777493
551.7575,100,69228.76624
261.25418,100,69228.766342
241.40999,100,69228.766366
215.08534,100,69228.766384
224.27275,100,69228.766401
246.83174,100,69228.766417
224.94221,100,69228.766433
250.6961,100,69228.766449
205.43613,100,69252.555438
583.1831,100,69252.555507
516.15576,100,69252.555519
446.14008,100,69252.555529
215.74716,100,69252.555538
184.5392,100,69252.555546
369.07928,100,69252.555555
188.22128,100,69252.555563
237.68843,100,69266.102257
296.06348,100,69266.102366
258.69913,100,69266.102399
195.28487,100,69266.102423
246.09578,100,69266.102447
243.27895,100,69266.102471
461.37668,100,69266.102493
254.3369,100,69266.102515
254.3996,100,69289.158663
276.9954,100,69289.158734
201.2013,100,69289.158746
268.4114,100,69289.158755
205.17595,100,69289.158763
203.94025,100,69289.158772
152.53233,100,69289.15878
189.0408,100,69289.158788
220.22568,100,69312.621048
276.1492,100,69312.621133
243.02274,100,69312.621154
227.31018,100,69312.62117
271.76117,100,69312.621185
241.47757,100,69312.6212
197.10086,100,69312.621214
234.44528,100,69312.621229
229.2446,100,69325.797196
208.66931,100,69325.797274
214.94727,100,69325.797286
176.19594,100,69325.797296
226.96364,100,69325.797305
460.8728,100,69325.797313
459.0278,100,69325.797322
174.54858,100,69325.797331
192.86963,100,69348.696106
259.21042,100,69348.696177
222.06598,100,69348.69619
391.30365,100,69348.6962
353.61716,100,69348.696208
230.82545,100,69348.696217
192.79044,100,69348.696226
262.31622,100,69348.696235
330.38535,100,69362.323057
442.4892,100,69362.323148
423.75583,100,69362.32317
252.69849,100,69362.323188
211.00766,100,69362.323205
210.23863,100,69362.323222
231.62282,100,69362.323238
372.20435,100,69362.323254
96.49766,100,69385.631861
260.72748,100,69385.631933
291.80786,100,69385.631945
222.99931,100,69385.631954
244.25197,100,69385.631963
185.49716,100,69385.631972
256.81104,100,69385.63198
241.1161,100,69385.631988
275.27362,100,69399.626221
216.08069,100,69399.626313
181.0027,100,69399.626335
229.38358,100,69399.626353
177.20149,100,69399.62637
533.2484,100,69399.626387
537.5305,100,69399.626403
202.06412,100,69399.626419
259.50687,100,69422.898858
303.5878,100,69422.898954
244.12039,100,69422.898979
231.39133,100,69422.898998
213.01544,100,69422.899015
259.51718,100,69422.899041
468.32678,100,69422.899063
225.02711,100,69422.899079
221.57185,100,69436.436165
249.24187,100,69436.436242
208.59221,100,69436.436253
216.81741,100,69436.436262
213.29,100,69436.43627
203.46422,100,69436.436279
261.00443,100,69436.436288
227.55244,100,69436.436296
213.90025,100,69459.37612
406.35004,100,69459.376208
203.58797,100,69459.376229
559.6881,100,69459.376244
259.6549,100,69459.37629
222.79277,100,69459.376306
264.88477,100,69459.37632
459.6138,100,69459.376335
451.23532,100,69482.155801
290.09207,100,69482.155874
192.17992,100,69482.155886
258.23795,100,69482.155895
215.36871,100,69482.155903
173.27187,100,69482.155911
191.01913,100,69482.155919
209.5291,100,69482.155928
200.67673,100,69496.221688
232.60388,100,69496.22178
243.55634,100,69496.221803
400.953,100,69496.22182
435.11554,100,69496.221837
537.296,100,69496.221854
236.83746,100,69496.221869
219.55098,100,69496.221886
199.41196,100,69520.152437
222.2318,100,69520.152512
243.99486,100,69520.152524
229.69116,100,69520.152534
175.65746,100,69520.152544
434.27612,100,69520.152553
237.25697,100,69520.152561
419.6814,100,69520.15257
268.15866,100,69534.579667
272.32693,100,69534.579756
239.57176,100,69534.579779
258.87436,100,69534.579797
227.21846,100,69534.579813
497.19733,100,69534.57983
214.0857,100,69534.579847
559.8999,100,69534.579863
278.48273,100,69558.486709
304.55774,100,69558.486802
121.75769,100,69558.486832
231.1811,100,69558.486854
376.36484,100,69558.486872
222.00764,100,69558.486891
180.8723,100,69558.486909
244.165,100,69558.486926
491.36295,100,69573.028943
238.22972,100,69573.029017
164.48169,100,69573.029036
215.33334,100,69573.029047
220.0739,100,69573.029057
223.51064,100,69573.029065
424.68262,100,69573.029074
486.3045,100,69573.029083
185.76576,100,69595.239419
266.21954,100,69595.239494
195.01567,100,69595.239506
181.59853,100,69595.239515
238.19014,100,69595.239525
239.74792,100,69595.239533
222.70142,100,69595.239541
275.87302,100,69595.239549
205.35074,100,69618.741534
225.55045,100,69618.741619
512.0032,100,69618.741639
181.05067,100,69618.741655
229.80344,100,69618.741669
390.28394,100,69618.741684
219.07025,100,69618.741698
218.71416,100,69618.741712
527.5732,100,69632.09675
188.90146,100,69632.096849
490.09277,100,69632.096878
260.93436,100,69632.0969
220.9729,100,69632.09692
221.00282,100,69632.09694
230.2356,100,69632.096959
314.46008,100,69632.096977
471.4436,100,69655.500902
241.92542,100,69655.50097
204.8161,100,69655.500982
234.01094,100,69655.500991
253.67934,100,69655.500999
477.9953,100,69655.501008
389.6192,100,69655.501016
223.36009,100,69655.501024
220.05829,100,69668.778928
197.0493,100,69668.779012
533.88574,100,69668.779025
517.97656,100,69668.77905
250.36139,100,69668.77906
236.45337,100,69668.779071
217.35301,100,69668.779079
167.3249,100,69668.779088
512.63965,100,69692.075642
469.2401,100,69692.075712
505.93793,100,69692.075725
229.33417,100,69692.075734
233.1485,100,69692.075742
313.9445,100,69692.075751
408.0319,100,69692.075759
212.0401,100,69692.075768
180.34879,100,69705.821415
258.68063,100,69705.821503
229.76407,100,69705.821524
319.78702,100,69705.821539
214.54866,100,69705.821554
258.075,100,69705.821569
239.43329,100,69705.821584
241.79176,100,69705.821599
217.5325,100,69728.347436
173.64748,100,69728.347512
593.6257,100,69728.347524
237.67728,100,69728.347533
275.19925,100,69728.347543
222.23022,100,69728.347551
222.54892,100,69728.34756
255.091,100,69728.347568
340.30264,100,69741.954982
624.01434,100,69741.955087
312.5822,100,69741.9551
483.85645,100,69741.955109
158.27336,100,69741.955118
243.51588,100,69741.955126
238.56453,100,69741.955134
243.07208,100,69741.955142
320.73245,100,69765.029945
233.55182,100,69765.030019
295.29218,100,69765.030042
232.39775,100,69765.030053
529.7648,100,69765.030061
222.46819,100,69765.03007
201.41443,100,69765.030079
209.68723,100,69765.030088
374.51984,100,69788.666989
169.13332,100,69788.667071
163.68968,100,69788.667084
247.94334,100,69788.667094
308.9679,100,69788.667102
267.33267,100,69788.667111
439.43042,100,69788.66712
500.55814,100,69788.667129
165.69647,100,69802.839375
262.3589,100,69802.839447
244.82193,100,69802.839458
377.12076,100,69802.839468
221.79678,100,69802.839476
189.92145,100,69802.839485
292.25696,100,69802.839494
496.7386,100,69802.839502
219.31299,100,69826.11962
542.27496,100,69826.119708
245.01096,100,69826.119721
431.12155,100,69826.119731
258.7438,100,69826.119739
264.1782,100,69826.119748
529.13934,100,69826.119757
238.43521,100,69826.119765
312.6091,100,69839.072855
150.93777,100,69839.072931
233.41618,100,69839.072945
185.4307,100,69839.072955
266.56992,100,69839.072966
302.2906,100,69839.072975
276.0413,100,69839.072984
375.2282,100,69839.072993
191.79773,100,69862.040216
305.9499,100,69862.040322
179.00139,100,69862.040353
258.69635,100,69862.040377
256.02957,100,69862.0404
420.69162,100,69862.040423
284.49478,100,69862.040446
316.75278,100,69862.040468
297.86102,100,69876.149432
237.16945,100,69876.149505
222.49814,100,69876.149518
458.85388,100,69876.149527
180.77971,100,69876.149536
282.43915,100,69876.149544
230.09642,100,69876.149553
581.30554,100,69876.149562
217.73662,100,69900.091633
534.97253,100,69900.091708
221.77779,100,69900.09172
254.10797,100,69900.09173
487.23755,100,69900.091738
179.5885,100,69900.091747
336.10837,100,69900.091756
237.57748,100,69900.091764
433.223,100,69922.816894
232.6597,100,69922.816999
158.28592,100,69922.817041
572.47455,100,69922.817072
364.63904,100,69922.817096
230.22185,100,69922.817116
198.95158,100,69922.817138
296.08737,100,69922.81716
176.1657,100,69936.570956
290.68283,100,69936.571027
208.22748,100,69936.571047
276.925,100,69936.571057
166.66379,100,69936.571066
264.49512,100,69936.571074
251.11594,100,69936.571083
213.01643,100,69936.571091
394.32492,100,69959.382095
376.69427,100,69959.382168
280.01434,100,69959.38218
241.74976,100,69959.38219
227.14961,100,69959.382198
208.66849,100,69959.382207
215.07672,100,69959.382216
252.78233,100,69959.382224
291.46735,100,69972.654923
285.77707,100,69972.655015
163.74635,100,69972.65505
563.4027,100,69972.655068
231.32379,100,69972.655085
198.21783,100,69972.655101
559.6176,100,69972.655117
193.03375,100,69972.655133
539.0921,100,69995.022186
161.31476,100,69995.022263
172.30067,100,69995.022276
215.36856,100,69995.022286
329.99747,100,69995.022295
247.94539,100,69995.022304
513.5221,100,69995.022313
194.70827,100,69995.022322
441.04987,100,70008.462134
548.8428,100,70008.46221
257.23358,100,70008.462224
221.28598,100,70008.462234
202.05975,100,70008.462243
376.3913,100,70008.462252
330.52307,100,70008.46226
197.5506,100,70008.462269
536.5388,100,70031.19406
468.4145,100,70031.194134
264.4955,100,70031.194146
178.42102,100,70031.194156
498.70258,100,70031.194165
247.61842,100,70031.194173
201.5363,100,70031.194181
224.08623,100,70031.19419
386.93732,100,70044.911709
494.0484,100,70044.9118
358.84518,100,70044.911823
226.09717,100,70044.911841
333.24515,100,70044.911857
369.04053,100,70044.911874
376.47208,100,70044.91189
202.6996,100,70044.911907
255.72041,100,70068.319773
428.30634,100,70068.319864
338.00055,100,70068.319886
182.70819,100,70068.319904
220.15254,100,70068.31992
240.51717,100,70068.319937
262.4116,100,70068.319952
285.29883,100,70068.319969
208.02054,100,70091.038887
333.55356,100,70091.038962
262.85452,100,70091.038974
192.88664,100,70091.038983
243.16592,100,70091.038992
346.09833,100,70091.039
219.50688,100,70091.039008
467.8933,100,70091.039017
346.13443,100,70105.876703
253.64983,100,70105.876794
397.41623,100,70105.876817
337.68832,100,70105.876833
194.10643,100,70105.87685
188.1825,100,70105.876866
253.68051,100,70105.876883
231.32458,100,70105.876899
372.80258,100,70129.293529
193.33678,100,70129.293598
241.96405,100,70129.293611
219.3964,100,70129.29362
235.81609,100,70129.293628
378.25677,100,70129.293637
297.02444,100,70129.293645
454.84778,100,70129.293653
195.42224,100,70142.244235
428.08942,100,70142.244307
158.59302,100,70142.244319
442.85828,100,70142.244328
577.7782,100,70142.244336
227.60675,100,70142.244344
252.56094,100,70142.244353
232.77263,100,70142.244361
310.8759,100,70166.306821
241.37228,100,70166.306891
171.44298,100,70166.306903
587.64044,100,70166.306912
215.5183,100,70166.306921
213.0541,100,70166.306957
532.8358,100,70166.306967
486.7356,100,70166.306975
176.3978,100,70179.803281
202.87607,100,70179.803353
204.9731,100,70179.803365
255.12848,100,70179.803374
233.51186,100,70179.803383
244.84203,100,70179.803392
363.87607,100,70179.803401
207.57956,100,70179.803409
156.35313,100,70202.376055
305.33594,100,70202.376129
254.15015,100,70202.376142
455.93417,100,70202.376151
304.20898,100,70202.376159
177.77019,100,70202.376167
258.60144,100,70202.376176
174.41231,100,70202.376184
291.9023,100,70225.747799
425.82642,100,70225.74787
256.35297,100,70225.747883
446.31076,100,70225.747894
119.517105,100,70225.747902
411.6211,100,70225.747911
247.16837,100,70225.74792
367.6326,100,70225.747929
317.889,100,70239.002121
465.68457,100,70239.002196
203.75491,100,70239.002208
218.9095,100,70239.002217
290.25314,100,70239.002225
331.9671,100,70239.002233
265.00635,100,70239.002241
234.95798,100,70239.00225
425.66412,100,70262.244922
333.20187,100,70262.244998
193.83284,100,70262.24501
241.15738,100,70262.245019
267.72482,100,70262.245035
495.60214,100,70262.245047
374.9095,100,70262.245056
225.4323,100,70262.245064
507.03162,100,70276.165641
401.64777,100,70276.165719
223.29962,100,70276.165739
574.30005,100,70276.165758
224.38875,100,70276.165776
475.87872,100,70276.165792
182.93062,100,70276.165808
251.95949,100,70276.165824
218.50708,100,70299.289655
544.31445,100,70299.289732
228.33705,100,70299.289745
252.11223,100,70299.289754
380.5102,100,70299.289763
237.31406,100,70299.289773
243.42258,100,70299.289782
298.91537,100,70299.28979
207.9737,100,70312.155446
250.50473,100,70312.155521
251.14702,100,70312.155534
222.39801,100,70312.155544
221.36905,100,70312.155552
240.97505,100,70312.155561
199.64882,100,70312.15557
567.2634,100,70312.155578
251.6109,100,70334.554904
225.36327,100,70334.554997
216.47842,100,70334.555021
463.47018,100,70334.555051
254.10187,100,70334.555068
227.79239,100,70334.555084
199.91855,100,70334.5551
190.70947,100,70334.555116
362.5978,100,70348.242346
213.8708,100,70348.242438
187.39876,100,70348.242461
145.50461,100,70348.242479
267.13437,100,70348.242496
231.10045,100,70348.242512
464.78687,100,70348.242528
239.28989,100,70348.242544
210.32912,100,70371.365488
439.63843,100,70371.365581
313.66,100,70371.365604
192.02223,100,70371.365622
261.366,100,70371.365638
197.5291,100,70371.365655
114.985664,100,70371.365672
190.39122,100,70371.365689
215.23515,100,70393.533976
178.56378,100,70393.534057
225.71869,100,70393.534072
473.327,100,70393.534082
244.2619,100,70393.534091
160.4764,100,70393.534099
214.78748,100,70393.534108
165.70042,100,70393.534117
237.88477,100,70407.939443
208.71484,100,70407.939538
278.6389,100,70407.93956
540.8807,100,70407.939578
448.93964,100,70407.939595
322.3958,100,70407.939614
204.25734,100,70407.939631
175.38264,100,70407.939647
257.6455,100,70431.274087
175.16624,100,70431.274182
190.42091,100,70431.274205
194.32294,100,70431.274223
572.80457,100,70431.27424
218.3409,100,70431.274257
430.82635,100,70431.274273
343.78592,100,70431.27429
223.79385,100,70445.34208
542.09735,100,70445.342152
261.49673,100,70445.342164
475.20346,100,70445.342173
255.67432,100,70445.342182
229.2215,100,70445.34219
225.65965,100,70445.342199
327.06213,100,70445.342207
203.43463,100,70468.126215
397.75842,100,70468.126291
251.49416,100,70468.126303
191.90984,100,70468.126312
210.54298,100,70468.126321
221.02966,100,70468.126329
263.4111,100,70468.126338
206.28125,100,70468.126346
231.02762,100,70481.249086
239.97902,100,70481.249176
253.16248,100,70481.249197
249.07805,100,70481.249212
479.5907,100,70481.249227
227.84561,100,70481.249242
209.87558,100,70481.249257
230.91676,100,70481.249272
205.83243,100,70503.711231
276.31424,100,70503.711323
443.4619,100,70503.711346
264.0083,100,70503.711364
252.4085,100,70503.711381
232.89543,100,70503.711398
224.06175,100,70503.711414
528.3721,100,70503.71143
409.25485,100,70527.325587
236.93822,100,70527.325672
227.98451,100,70527.325685
223.08548,100,70527.325694
238.16765,100,70527.325703
271.70264,100,70527.325711
582.70306,100,70527.32572
252.05838,100,70527.325729
494.01013,100,70540.490205
234.33356,100,70540.490295
529.926,100,70540.490316
358.36826,100,70540.490332
225.39908,100,70540.490347
241.4502,100,70540.490362
512.67053,100,70540.490377
176.73619,100,70540.490392
255.87802,100,70564.068048
240.39682,100,70564.068122
256.42847,100,70564.068135
348.46817,100,70564.068144
213.5786,100,70564.068154
255.6516,100,70564.068162
228.98964,100,70564.06817
277.0683,100,70564.068179
247.73607,100,70577.626341
257.91483,100,70577.626412
314.91565,100,70577.626424
175.70546,100,70577.626433
162.23668,100,70577.626442
239.46512,100,70577.626451
235.00977,100,70577.62646
266.5477,100,70577.626468
253.92804,100,70601.221291
263.96136,100,70601.221363
319.04446,100,70601.221375
495.87827,100,70601.221384
255.51991,100,70601.221392
222.48158,100,70601.2214
439.65106,100,70601.221409
186.16678,100,70601.221418
492.90137,100,70614.853489
484.98132,100,70614.853562
590.12317,100,70614.853575
370.56348,100,70614.853584
219.00717,100,70614.853593
176.37184,100,70614.853601
264.91208,100,70614.853611
236.06151,100,70614.853619
214.8375,100,70638.092234
293.2319,100,70638.092329
199.32686,100,70638.092352
182.26483,100,70638.09237
204.75336,100,70638.092387
522.07764,100,70638.092404
309.70273,100,70638.092421
359.40173,100,70638.092437
221.49715,100,70651.714232
218.56319,100,70651.714323
193.08209,100,70651.714343
474.877,100,70651.714359
216.88625,100,70651.714375
255.94063,100,70651.71439
295.10138,100,70651.714405
297.86124,100,70651.714419
386.1042,100,70675.355544
230.59904,100,70675.355639
240.18515,100,70675.355663
245.22685,100,70675.35568
203.63069,100,70675.355696
242.45766,100,70675.355712
448.1936,100,70675.355728
300.96198,100,70675.355744
184.79022,100,70698.44817
535.9171,100,70698.448245
273.427,100,70698.448258
244.41313,100,70698.448267
518.502,100,70698.448276
245.73512,100,70698.448285
287.11984,100,70698.448294
236.46027,100,70698.448303
404.55835,100,70713.127565
400.8419,100,70713.127657
481.38004,100,70713.127679
238.17079,100,70713.127697
207.95676,100,70713.127713
252.06955,100,70713.12773
203.13725,100,70713.127747
185.12796,100,70713.127763
235.8378,100,70735.916317
239.28767,100,70735.916388
516.4591,100,70735.9164
237.72878,100,70735.916409
195.12459,100,70735.916418
198.97333,100,70735.916426
248.92197,100,70735.916435
400.82773,100,70735.916443
244.899,100,70749.566253
280.54553,100,70749.566345
208.98184,100,70749.566368
258.97723,100,70749.566385
158.98935,100,70749.566401
280.02695,100,70749.566418
276.63962,100,70749.566433
218.59093,100,70749.566454
512.61084,100,70772.675844
266.4707,100,70772.675937
171.28961,100,70772.675961
237.29324,100,70772.675979
219.96286,100,70772.675996
235.20897,100,70772.676012
239.40958,100,70772.67604
342.6311,100,70772.676062
250.88571,100,70786.575284
238.78545,100,70786.575354
265.06097,100,70786.575366
262.18237,100,70786.575376
221.20639,100,70786.575384
558.04114,100,70786.575393
144.80023,100,70786.575402
374.388,100,70786.57541
309.21356,100,70809.639807
540.21875,100,70809.639895
232.42451,100,70809.639916
244.59212,100,70809.639932
378.2608,100,70809.639947
522.0487,100,70809.639961
219.33447,100,70809.639976
251.31758,100,70809.63999
297.7304,100,70832.506771
190.44528,100,70832.506853
253.30379,100,70832.506865
249.56763,100,70832.506875
280.32852,100,70832.506884
186.05196,100,70832.506892
178.18576,100,70832.506901
274.26367,100,70832.50691
219.56934,100,70845.890371
440.08673,100,70845.890445
239.24522,100,70845.890457
409.03668,100,70845.890466
390.9569,100,70845.890475
214.51907,100,70845.890484
193.81186,100,70845.890492
243.1361,100,70845.890501
453.52954,100,70868.944731
204.22534,100,70868.944807
482.998,100,70868.944818
235.91681,100,70868.944827
117.63423,100,70868.944836
205.13089,100,70868.944844
228.22067,100,70868.944881
178.58368,100,70868.94489
537.4617,100,70881.711817
223.46138,100,70881.711905
253.28993,100,70881.711926
286.9052,100,70881.711941
215.23273,100,70881.711956
197.06184,100,70881.711971
235.44508,100,70881.711985
187.37791,100,70881.711999
151.20988,100,70905.510041
207.02267,100,70905.510134
220.52702,100,70905.510157
215.92664,100,70905.510175
285.2461,100,70905.510191
215.22177,100,70905.510208
377.1234,100,70905.510224
386.24655,100,70905.51024
246.06944,100,70919.859464
467.58093,100,70919.859554
217.74828,100,70919.859576
530.90796,100,70919.859593
273.95953,100,70919.85961
243.67224,100,70919.859626
181.69781,100,70919.859642
418.76495,100,70919.859658
213.4251,100,70942.526312
527.3218,100,70942.526404
442.9123,100,70942.526427
292.75906,100,70942.526444
240.66531,100,70942.526461
207.3245,100,70942.526478
225.1554,100,70942.526494
152.26233,100,70942.52651
243.55876,100,70956.546977
318.8362,100,70956.547073
391.21683,100,70956.547094
270.89243,100,70956.54711
203.28246,100,70956.547125
265.67212,100,70956.54714
254.50883,100,70956.547154
404.74927,100,70956.547168
249.63504,100,70979.861151
310.47632,100,70979.861248
349.9527,100,70979.861273
258.2256,100,70979.861291
483.98358,100,70979.861308
205.05154,100,70979.861325
181.13194,100,70979.861341
208.44902,100,70979.861357
257.45935,100,71003.018127
564.93164,100,71003.018198
162.62096,100,71003.01821
185.69547,100,71003.01822
239.40598,100,71003.018229
425.35852,100,71003.018237
425.2917,100,71003.018246
226.14255,100,71003.018254
233.5599,100,71016.144579
234.18513,100,71016.144651
491.44623,100,71016.144664
215.74263,100,71016.144673
284.11172,100,71016.144681
512.3847,100,71016.14469
280.05222,100,71016.144698
267.8921,100,71016.144707
228.60399,100,71039.775722
252.7516,100,71039.775812
298.26364,100,71039.775835
556.2218,100,71039.775852
243.6904,100,71039.775868
205.79602,100,71039.775885
309.04236,100,71039.775901
541.30414,100,71039.775917
255.00279,100,71053.362155
256.56525,100,71053.362229
237.08609,100,71053.362242
275.82764,100,71053.362251
236.62286,100,71053.362259
242.1848,100,71053.362268
252.13069,100,71053.362276
258.22757,100,71053.362285
361.68036,100,71076.055819
174.21962,100,71076.055894
229.56088,100,71076.055909
225.78035,100,71076.055921
518.1668,100,71076.055931
501.61923,100,71076.055942
377.21722,100,71076.055953
209.25734,100,71076.055963
208.10933,100,71088.996615
483.234,100,71088.996711
146.65259,100,71088.996734
215.92766,100,71088.996752
344.27377,100,71088.996769
257.1448,100,71088.996786
493.6501,100,71088.996802
243.58992,100,71088.996818
218.09143,100,71112.154773
231.85239,100,71112.154867
251.09583,100,71112.15489
238.20668,100,71112.154907
206.0917,100,71112.154924
545.1658,100,71112.154941
464.7874,100,71112.154958
414.43307,100,71112.154974
232.13747,100,71134.874779
216.85374,100,71134.874857
208.42015,100,71134.874869
343.44977,100,71134.874879
217.03355,100,71134.874887
241.2201,100,71134.874896
470.0396,100,71134.874905
208.10909,100,71134.874914
500.54352,100,71148.681753
221.93256,100,71148.681849
255.03246,100,71148.68187
251.96407,100,71148.681886
245.54645,100,71148.681901
228.49886,100,71148.681915
191.92686,100,71148.68193
489.99408,100,71148.681945
243.70485,100,71172.275372
204.81116,100,71172.275444
239.52412,100,71172.275456
547.7273,100,71172.275465
363.13812,100,71172.275473
262.02545,100,71172.275482
230.58278,100,71172.27549
230.15858,100,71172.275498
387.7462,100,71186.809286
557.20056,100,71186.809374
222.89044,100,71186.809395
238.62462,100,71186.809411
489.52283,100,71186.809425
233.21405,100,71186.80944
317.87518,100,71186.809455
302.3313,100,71186.809469
223.71173,100,71209.998372
326.2518,100,71209.998464
276.31613,100,71209.998488
230.32083,100,71209.998507
244.32971,100,71209.998525
260.2879,100,71209.998542
217.72627,100,71209.998558
252.50298,100,71209.998575
250.00906,100,71224.165567
237.68619,100,71224.165639
225.97568,100,71224.165675
350.2164,100,71224.165685
176.69571,100,71224.165694
593.6617,100,71224.165702
196.54057,100,71224.165711
194.18773,100,71224.165719
147.51361,100,71248.899396
460.40448,100,71248.89949
208.24371,100,71248.899513
181.62411,100,71248.899532
421.74738,100,71248.899549
325.04617,100,71248.899565
215.6012,100,71248.899582
254.54881,100,71248.899599
241.39938,100,71262.730933
434.53632,100,71262.731025
279.29895,100,71262.731061
303.1266,100,71262.73108
225.09708,100,71262.731097
235.03804,100,71262.731114
245.56291,100,71262.731131
222.47467,100,71262.731147
283.6306,100,71285.674616
246.3123,100,71285.67469
284.62454,100,71285.674703
166.24855,100,71285.674712
218.604,100,71285.674722
199.2005,100,71285.674731
152.30777,100,71285.67474
495.3914,100,71285.674748
278.72318,100,71310.162484
187.76312,100,71310.162556
230.3833,100,71310.162568
558.4853,100,71310.162578
228.48158,100,71310.162586
221.20993,100,71310.162595
167.56694,100,71310.162603
237.90349,100,71310.162612
575.61163,100,71324.927223
276.06885,100,71324.927299
225.47437,100,71324.927312
263.429,100,71324.927321
170.68939,100,71324.92733
219.21744,100,71324.927339
244.07932,100,71324.927347
207.33098,100,71324.927356
510.9172,100,71347.76245
248.49394,100,71347.762541
217.91464,100,71347.762561
280.75186,100,71347.762577
211.95616,100,71347.762592
172.72122,100,71347.762607
222.12004,100,71347.762621
565.85474,100,71347.762635
518.8591,100,71362.319544
259.63785,100,71362.319628
546.67993,100,71362.319648
186.6029,100,71362.319664
251.44481,100,71362.319679
257.6063,100,71362.319693
224.21992,100,71362.319708
341.13687,100,71362.319722
468.76617,100,71385.626912
482.9134,100,71385.626991
476.51144,100,71385.627003
241.18178,100,71385.627012
197.2997,100,71385.627021
227.52524,100,71385.627037
244.78085,100,71385.627048
225.07457,100,71385.627057
156.67859,100,71398.808078
222.35117,100,71398.808169
216.92215,100,71398.808192
191.92828,100,71398.808209
244.19325,100,71398.808225
278.68378,100,71398.808242
163.46707,100,71398.808259
460.74734,100,71398.808275
224.97362,100,71423.186334
223.82304,100,71423.186427
330.6085,100,71423.18645
351.19965,100,71423.186468
458.67032,100,71423.186484
234.1051,100,71423.186501
500.9563,100,71423.186517
246.35759,100,71423.186534
239.27135,100,71446.663917
282.31412,100,71446.663989
256.65338,100,71446.664005
206.47845,100,71446.664016
262.09363,100,71446.664027
497.06207,100,71446.66405
218.08899,100,71446.66406
531.1125,100,71446.664069
241.36772,100,71459.273323
240.58301,100,71459.273395
197.52882,100,71459.273407
252.32504,100,71459.273416
208.60583,100,71459.273425
144.60745,100,71459.273433
244.64705,100,71459.273442
315.54123,100,71459.27345
521.357,100,71483.126852
240.72464,100,71483.126944
220.23111,100,71483.126967
238.33498,100,71483.126984
252.25108,100,71483.127001
579.8751,100,71483.127017
254.47676,100,71483.127041
464.3794,100,71483.127063
196.40451,100,71497.006791
217.59267,100,71497.006878
405.10727,100,71497.0069
296.90317,100,71497.006918
295.12442,100,71497.006935
180.70195,100,71497.006951
166.81813,100,71497.006968
254.01811,100,71497.006983
237.79384,100,71520.20191
208.15536,100,71520.201983
201.3666,100,71520.201996
263.38907,100,71520.202005
427.99255,100,71520.202014
536.7572,100,71520.202022
486.34668,100,71520.202041
226.68677,100,71520.20205
196.3555,100,71533.46975
159.45828,100,71533.469826
519.0365,100,71533.469838
228.24461,100,71533.469847
469.41516,100,71533.469855
303.2376,100,71533.469863
259.73965,100,71533.469871
552.854,100,71533.469879
538.72894,100,71557.920321
408.31738,100,71557.920412
237.4352,100,71557.920435
258.80832,100,71557.920453
568.11304,100,71557.92047
303.95584,100,71557.920487
205.2124,100,71557.920504
216.28429,100,71557.92052
245.12766,100,71571.80425
227.26741,100,71571.804347
518.1809,100,71571.804371
270.89017,100,71571.804389
362.36612,100,71571.804405
229.26851,100,71571.804422
178.33829,100,71571.804472
510.56427,100,71571.804489
210.21672,100,71595.631044
253.6995,100,71595.631117
165.34464,100,71595.631129
406.52826,100,71595.631138
187.35408,100,71595.631146
544.07764,100,71595.631158
224.82135,100,71595.631166
524.02356,100,71595.631174
290.26004,100,71618.568353
236.65909,100,71618.568429
252.05963,100,71618.568441
215.91992,100,71618.56845
334.83603,100,71618.568459
544.45654,100,71618.568467
290.84506,100,71618.568476
435.23434,100,71618.568484
272.84302,100,71632.610118
179.33148,100,71632.610209
476.87057,100,71632.610231
219.407,100,71632.610249
519.6984,100,71632.610265
506.31345,100,71632.610282
539.5309,100,71632.610298
236.96619,100,71632.610313
283.43338,100,71656.454436
425.3756,100,71656.454503
267.4942,100,71656.454515
232.2588,100,71656.454525
419.22937,100,71656.454533
282.73935,100,71656.454542
240.84334,100,71656.454551
202.01802,100,71656.454559
182.22896,100,71670.288511
232.2749,100,71670.288604
225.43,100,71670.288626
434.70947,100,71670.288642
173.90749,100,71670.288657
346.70596,100,71670.288671
578.9394,100,71670.288686
243.08655,100,71670.288701
216.57045,100,71694.133819
225.71394,100,71694.133912
532.5126,100,71694.133936
550.3685,100,71694.133955
199.24673,100,71694.133971
187.19781,100,71694.133987
505.33755,100,71694.134004
561.1653,100,71694.13402
447.42108,100,71707.228449
307.3358,100,71707.228527
273.60593,100,71707.228541
261.11133,100,71707.228552
197.58661,100,71707.228561
236.68329,100,71707.22857
262.62793,100,71707.228579
452.5775,100,71707.228588
235.67265,100,71730.602305
506.07953,100,71730.602397
150.39275,100,71730.602421
255.48996,100,71730.602438
516.0527,100,71730.602455
223.31277,100,71730.602472
222.5903,100,71730.602489
543.4671,100,71730.602505
229.24959,100,71753.876813
224.20166,100,71753.876887
383.70654,100,71753.876899
195.36472,100,71753.876909
247.38757,100,71753.876918
177.52734,100,71753.876926
220.56413,100,71753.876935
233.75397,100,71753.876944
230.84213,100,71767.042262
193.4984,100,71767.042357
187.44234,100,71767.042381
474.45462,100,71767.042399
192.13103,100,71767.042416
222.19957,100,71767.042433
376.01685,100,71767.042449
404.18506,100,71767.042464
223.82991,100,71790.490373
260.12897,100,71790.490467
548.7212,100,71790.490491
371.04575,100,71790.49051
216.83447,100,71790.490527
260.6009,100,71790.490543
235.06421,100,71790.490559
268.25085,100,71790.490576
230.45998,100,71804.057531
226.76784,100,71804.057604
374.0471,100,71804.057616
171.35664,100,71804.057626
431.76538,100,71804.057634
228.97896,100,71804.057643
295.50537,100,71804.057651
367.5154,100,71804.057659
212.10999,100,71828.115242
223.38641,100,71828.115313
417.83307,100,71828.115325
253.16736,100,71828.115334
210.15916,100,71828.115343
255.1233,100,71828.115351
226.56969,100,71828.11536
496.24622,100,71828.115369
465.13544,100,71842.141484
556.358,100,71842.141557
236.92464,100,71842.141569
231.0501,100,71842.141579
241.93782,100,71842.141587
250.00174,100,71842.141596
202.30704,100,71842.141604
244.5988,100,71842.141613
317.11874,100,71866.139551
171.23015,100,71866.139647
213.69029,100,71866.139669
342.2338,100,71866.139687
242.7952,100,71866.139704
201.8762,100,71866.13972
493.3204,100,71866.139737
225.91634,100,71866.139753
262.2854,100,71881.041908
369.47076,100,71881.041997
186.84344,100,71881.04202
295.96228,100,71881.042054
204.0498,100,71881.042072
460.3203,100,71881.042088
225.15547,100,71881.042104
189.9324,100,71881.042119
533.26276,100,71904.946847
161.45659,100,71904.946939
215.99591,100,71904.946962
203.65239,100,71904.94698
289.95496,100,71904.946996
250.69809,100,71904.947013
213.46732,100,71904.947039
243.20288,100,71904.947059
514.80005,100,71929.548891
228.61238,100,71929.548964
299.31668,100,71929.548976
128.37363,100,71929.548986
214.97841,100,71929.548995
234.56656,100,71929.549004
322.19785,100,71929.549012
144.57475,100,71929.549021
351.0812,100,71942.795326
230.75465,100,71942.795399
296.52374,100,71942.795438
495.17078,100,71942.795448
288.08572,100,71942.795456
245.03937,100,71942.795465
493.27527,100,71942.795473
355.5995,100,71942.795482
261.91068,100,71965.473148
230.79008,100,71965.473228
185.98007,100,71965.473242
501.22638,100,71965.473254
153.09123,100,71965.473265
148.2237,100,71965.473276
218.65385,100,71965.473287
203.93616,100,71965.473297
164.42198,100,71978.303148
345.8759,100,71978.303239
184.84131,100,71978.303262
210.26852,100,71978.30328
216.10832,100,71978.303297
146.03708,100,71978.303313
409.0042,100,71978.303329
284.89417,100,71978.303345
389.52386,100,72001.876247
204.89229,100,72001.876325
155.31201,100,72001.876337
473.7321,100,72001.876346
325.23898,100,72001.876355
242.91408,100,72001.876364
316.44012,100,72001.876372
205.30533,100,72001.876381
