time/episodes,reward/goal_reward,rollout/ep_rew_mean,rollout/ep_len_mean,time/time_elapsed,reward/info_exist_reward,time/fps,reward/grasp_reward,reward/static_reward,train/std,time/total_timesteps,rollout/success_rate,reward/approach_reward,train/aux_weight,train/actor_aux_loss,train/target_weight,train/n_updates,train/critic_aux_loss,train/critic_loss,train/learning_rate,train/ent_coef,train/actor_target_loss,train/ent_coef_loss,train/critic_target_loss,train/actor_loss
4,0.0,137.7912,100.0,1,0.2909999999999999,415,0.0,0.0,0.025476466864347458,800,0.0,2.4975722345635676,,,,,,,,,,,,
8,,137.7912,100.0,1,,414,,,0.025476466864347458,800,0.0,,,,,,,,,,,,,
12,0.0,138.99693,100.0,24,0.07499999999999998,65,0.0,0.0,0.02551875077188015,1600,0.0,2.7084840732603626,100.0,0.4318962902761996,100.0,128,0.39308080542832613,50.60286241769791,0.0003,0.1994574721902609,0.10602658800780773,-10.88496108353138,0.10956154915038496,52.85884040594101
16,,138.99693,100.0,24,,65,,,0.02551875077188015,1600,0.0,,,,,,,,,,,,,
20,0.0,139.52498,100.0,37,0.03899999999999999,64,0.0,0.0,0.025535140186548233,2400,0.0,2.679514065926449,100.0,0.41017306642606854,100.0,192,0.38627286860719323,47.495531022548676,0.0003,0.19539451063610613,0.08570589229930192,-11.556050255894661,0.0870997195597738,48.16506499052048
24,,139.52498,100.0,37,,64,,,0.025535140186548233,2400,0.0,,,,,,,,,,,,,
28,0.0,138.906,100.0,59,0.05999999999999999,53,0.0,0.0,0.025565840303897858,3200,0.0,2.6794245351129975,100.0,0.4099372485652566,100.0,320,0.41606738371774554,49.00898778438568,0.0003,0.18744138022884727,0.07189229526557028,-13.638212621212006,0.07240780483698472,45.86428588628769
32,,138.906,100.0,59,,53,,,0.025565840303897858,3200,0.0,,,,,,,,,,,,,
36,0.0,138.71231,100.0,72,0.147,55,0.0,0.0,0.025582386180758476,4000,0.0,2.4285642334056736,100.0,0.37432842841371894,100.0,384,0.40422002831473947,46.96035820245743,0.0003,0.1835182684008032,0.0643664593808353,-13.450445115566254,0.06409587897360325,41.28564810752869
40,,138.71231,100.0,72,,55,,,0.025582386180758476,4000,0.0,,,,,,,,,,,,,
44,0.0,140.83159,100.0,94,0.07499999999999998,50,0.0,0.0,0.02561398595571518,4800,0.0,2.8646655570801864,100.0,0.33475179225206375,100.0,512,0.3950519668869674,46.18710958957672,0.0003,0.17636121390387416,0.0672865851665847,-13.175816997885704,0.06537411786848679,37.007636308670044
48,,140.83159,100.0,94,,50,,,0.02561398595571518,4800,0.0,,,,,,,,,,,,,
52,0.0,141.48083,100.0,107,0.07199999999999998,52,0.0,0.0,0.025630949065089226,5600,0.0,2.9191693710794016,100.0,0.30731775192543864,100.0,576,0.38383400440216064,45.32385754585266,0.0003,0.17307668854482472,0.07047136855544522,-12.479158982634544,0.06799147377023473,34.386415272951126
56,,141.48083,100.0,107,,52,,,0.025630949065089226,5600,0.0,,,,,,,,,,,,,
60,0.0,142.83057,100.0,129,0.07499999999999998,49,0.0,0.0,0.02566412277519703,6400,0.0,3.0933587687521453,100.0,0.27807955630123615,100.0,704,0.36964050494134426,43.299924194812775,0.0003,0.1667571000289172,0.06413327832706273,-13.213742733001709,0.061743912228848785,29.9122397005558
64,,142.83057,100.0,129,,49,,,0.02566412277519703,6400,0.0,,,,,,,,,,,,,
68,0.0,143.09048,100.0,152,0.10799999999999997,47,0.0,0.0,0.025696976110339165,7200,0.0,2.56014327457586,100.0,0.26589822163805366,100.0,832,0.3564890567213297,44.725013732910156,0.0003,0.16065596393309534,0.09018442512024194,-13.292938902974129,0.08909525105264038,30.511190325021744
72,,143.09048,100.0,152,,47,,,0.025696976110339165,7200,0.0,,,,,,,,,,,,,
76,0.0,142.85707,100.0,165,0.09299999999999999,48,0.0,0.0,0.025713546201586723,8000,0.0,2.424917249110321,100.0,0.25700485869310796,100.0,896,0.34682863065972924,44.30619865655899,0.0003,0.15765135176479816,0.09473934979178011,-13.350412636995316,0.09439344040583819,29.65886551141739
80,,142.85707,100.0,165,,48,,,0.025713546201586723,8000,0.0,,,,,,,,,,,,,
84,0.0,144.18408,100.0,187,0.03599999999999999,46,0.0,0.0,0.025748347863554955,8800,0.0,2.852310206407724,100.0,0.2487739408388734,100.0,1024,0.34114267444238067,44.07756549119949,0.0003,0.15213187620975077,0.0963835755828768,-12.835747316479683,0.0977467306656763,28.339587092399597
88,,144.18408,100.0,187,,46,,,0.025748347863554955,8800,0.0,,,,,,,,,,,,,
92,0.0,144.8033,100.0,200,0.10799999999999998,47,0.0,0.0,0.025765426456928253,9600,0.0,2.928695027601938,100.0,0.241588965523988,100.0,1088,0.3345413263887167,44.0795533657074,0.0003,0.14939505350776017,0.10314490448217839,-13.13551239669323,0.10443671303801239,27.878664284944534
96,,144.8033,100.0,200,,47,,,0.025765426456928253,9600,0.0,,,,,,,,,,,,,
100,0.0,144.84024,100.0,223,0.147,46,0.0,0.0,0.025796838104724884,10400,0.0,2.69773279405028,100.0,0.23488983744755387,100.0,1216,0.3223681403324008,42.98965960741043,0.0003,0.14412582060322165,0.10481968126259744,-13.336010918021202,0.10597387293819338,26.539680302143097
104,,144.84024,100.0,223,,46,,,0.025796838104724884,10400,0.0,,,,,,,,,,,,,
108,0.0,144.6356,100.0,236,0.07499999999999998,47,0.0,0.0,0.02581409178674221,11200,0.0,2.3764189809827116,100.0,0.22451068996451795,100.0,1280,0.31551610212773085,42.34196615219116,0.0003,0.14159684674814343,0.1051397625124082,-13.203389033675194,0.10647310188505799,25.168877840042114
112,,144.6356,100.0,236,,47,,,0.02581409178674221,11200,0.0,,,,,,,,,,,,,
116,0.0,144.1492,100.0,258,0.07499999999999998,46,0.0,0.0,0.025847243145108223,12000,0.0,2.3636113205488187,100.0,0.22250045905821025,100.0,1408,0.3098815348930657,41.34005403518677,0.0003,0.13654308230616152,0.0993506342638284,-13.43591845035553,0.10188649827614427,23.613684058189392
120,,144.1492,100.0,258,,46,,,0.025847243145108223,12000,0.0,,,,,,,,,,,,,
124,0.0,144.53343,100.0,271,0.11699999999999999,47,0.0,0.0,0.025863535702228546,12800,0.0,2.8135834391363255,100.0,0.22456423775292933,100.0,1472,0.3122058701701462,41.36425918340683,0.0003,0.13415579847060144,0.09648331406060606,-13.932295992970467,0.09995956206694245,23.102575063705444
128,,144.53343,100.0,271,,47,,,0.025863535702228546,12800,0.0,,,,,,,,,,,,,
132,0.0,146.01987,100.0,293,0.03899999999999999,46,0.0,0.0,0.025897277519106865,13600,0.0,3.088603727689045,100.0,0.21713262028060853,100.0,1600,0.29936806857585907,39.735269248485565,0.0003,0.12934012315236032,0.0918664667988196,-13.31647439301014,0.09665731689892709,21.2614743411541
136,,146.01987,100.0,293,,46,,,0.025897277519106865,13600,0.0,,,,,,,,,,,,,
140,0.0,147.22348,100.0,315,0.04499999999999999,45,0.0,0.0,0.025930067524313927,14400,0.0,2.9798647306495063,100.0,0.2098370362073183,100.0,1728,0.2954859295859933,39.92442488670349,0.0003,0.12477847596164793,0.09569241327699274,-14.679779812693596,0.10223581281024963,20.01906991004944
144,,147.22348,100.0,315,,45,,,0.025930067524313927,14400,0.0,,,,,,,,,,,,,
148,0.0,146.56392,100.0,328,0.12899999999999998,46,0.0,0.0,0.025946367532014847,15200,0.0,2.998703804029205,100.0,0.20352196809835732,100.0,1792,0.2936036875471473,39.68945628404617,0.0003,0.12246751482598484,0.09471669385675341,-14.389838367700577,0.10160469496622682,18.92435348033905
152,,146.56392,100.0,328,,46,,,0.025946367532014847,15200,0.0,,,,,,,,,,,,,
156,0.0,146.5885,100.0,350,0.11999999999999998,45,0.0,0.0,0.02598029188811779,16000,0.0,2.9544596055278847,100.0,0.210816556122154,100.0,1920,0.2983383843675256,39.92104244232178,0.0003,0.11810828256420791,0.09108000935520977,-14.104708462953568,0.09936749178450555,18.5980986058712
160,,146.5885,100.0,350,,45,,,0.02598029188811779,16000,0.0,,,,,,,,,,,,,
164,0.0,146.16847,100.0,363,0.10799999999999998,46,0.0,0.0,0.025997020304203033,16800,0.0,2.874242300625767,100.0,0.20788907120004296,100.0,1984,0.2971326750703156,39.62416434288025,0.0003,0.11598194879479706,0.08854873361997306,-15.09737603366375,0.0974009947385639,17.620950892567635
168,,146.16847,100.0,363,,46,,,0.025997020304203033,16800,0.0,,,,,,,,,,,,,
172,0.0,146.81555,100.0,386,0.04499999999999999,45,0.0,0.0,0.026029391214251518,17600,0.0,2.6419916343892695,100.0,0.19113090075552464,100.0,2112,0.28970356937497854,38.8106124997139,0.0003,0.11183348891790956,0.08560572087299079,-14.69937290251255,0.09675988182425499,15.004304379224777
176,,146.81555,100.0,386,,45,,,0.026029391214251518,17600,0.0,,,,,,,,,,,,,
180,0.0,146.82703,100.0,398,0.09299999999999999,46,0.0,0.0,0.026045609265565872,18400,0.0,2.6174060758770317,100.0,0.18990456778556108,100.0,2176,0.2854088000021875,38.3111857175827,0.0003,0.10974362830165774,0.08449075743556023,-15.920900538563728,0.09623234649188817,14.297694116830826
184,,146.82703,100.0,398,,46,,,0.026045609265565872,18400,0.0,,,,,,,,,,,,,
188,0.0,146.06715,100.0,420,0.21299999999999997,45,0.0,0.0,0.026078812777996063,19200,0.0,2.482041857268761,100.0,0.185213707620278,100.0,2304,0.2784204129129648,37.31863421201706,0.0003,0.1056609203806147,0.07694359368178993,-15.293415203690529,0.09322505991440266,12.402138978242874
192,,146.06715,100.0,420,,45,,,0.026078812777996063,19200,0.0,,,,,,,,,,,,,
196,0.0,144.31863,100.0,442,0.03899999999999999,45,0.0,0.0,0.026112603023648262,20000,0.0,2.2385286387198526,100.0,0.19031104911118746,100.0,2432,0.28874574787914753,38.26461338996887,0.0003,0.10181762918364257,0.07362766447477043,-16.355219841003418,0.09236406069248915,11.766138434410095
200,,144.31863,100.0,442,,45,,,0.026112603023648262,20000,0.0,,,,,,,,,,,,,
204,0.0,144.7313,100.0,455,0.0,45,0.0,0.0,0.02612832747399807,20800,0.0,2.8189207551462543,98.0,0.1970477474387735,98.0,2496,0.28814623365178704,37.30044096708298,0.0003,0.0998552244855091,0.07045965705765411,-16.080039337277412,0.0906744651729241,11.255393609404564
208,,144.7313,100.0,455,,45,,,0.02612832747399807,20800,0.0,,,,,,,,,,,,,
212,0.0,145.72424,100.0,477,0.0,45,0.0,0.0,0.026159606873989105,21600,0.0,2.4791249825203723,98.0,0.185347595019266,98.0,2624,0.2776106777600944,35.78861975669861,0.0003,0.09619457391090691,0.0628477810532786,-16.17670053243637,0.0859719414729625,8.649503909051418
216,,145.72424,100.0,477,,45,,,0.026159606873989105,21600,0.0,,,,,,,,,,,,,
220,0.0,146.54451,100.0,490,0.07499999999999998,45,0.0,0.0,0.026176774874329567,22400,0.0,2.437641115060089,98.0,0.18582372879609466,98.0,2688,0.27699674805626273,36.079328536987305,0.0003,0.09443413570988923,0.06487324141198769,-15.953932747244835,0.08941626397427171,8.552479296922684
224,,146.54451,100.0,490,,45,,,0.026176774874329567,22400,0.0,,,,,,,,,,,,,
228,0.0,146.0562,100.0,513,0.03899999999999999,45,0.0,0.0,0.02620990015566349,23200,0.0,2.6359410482165755,98.0,0.1836793355178088,98.0,2816,0.27597738010808825,36.19641762971878,0.0003,0.09105284360703081,0.06495717167854309,-15.47773663699627,0.09176011581439525,7.692352816462517
232,,146.0562,100.0,513,,45,,,0.02620990015566349,23200,0.0,,,,,,,,,,,,,
236,0.0,144.30939,100.0,525,0.0,45,0.0,0.0,0.026226641610264778,24000,0.0,2.6389520787087717,98.0,0.1812801044434309,98.0,2880,0.2755537515040487,35.980473935604095,0.0003,0.08939519885461777,0.060898736759554595,-16.821567177772522,0.08976017846725881,6.634635090827942
240,,144.30939,100.0,525,,45,,,0.026226641610264778,24000,0.0,,,,,,,,,,,,,
244,0.0,144.12569,100.0,548,0.03899999999999999,45,0.0,0.0,0.026258571073412895,24800,0.0,2.6596105485460315,98.0,0.18649504985660315,98.0,3008,0.27613440807908773,35.8833332657814,0.0003,0.08621935918927193,0.05849833629326895,-16.1132645457983,0.08803082793019712,6.311313830316067
248,,144.12569,100.0,548,,45,,,0.026258571073412895,24800,0.0,,,,,,,,,,,,,
252,0.0,144.1298,100.0,560,0.087,45,0.0,0.0,0.026275627315044403,25600,0.0,2.7608303016572777,98.0,0.18132627033628523,98.0,3072,0.2732821158133447,35.63820376992226,0.0003,0.08465780830010772,0.058375969529151917,-17.01541957259178,0.0886034497525543,5.426918499171734
256,,144.1298,100.0,560,,45,,,0.026275627315044403,25600,0.0,,,,,,,,,,,,,
260,0.0,143.81764,100.0,582,0.18899999999999997,45,0.0,0.0,0.026308733969926834,26400,0.0,2.740728356713199,98.0,0.18198118056170642,98.0,3200,0.27340890909545124,35.48819386959076,0.0003,0.08150273154024035,0.054521293262951076,-17.732987970113754,0.08669199713040143,4.383236438035965
264,,143.81764,100.0,582,,45,,,0.026308733969926834,26400,0.0,,,,,,,,,,,,,
268,0.0,144.6184,100.0,605,0.12,44,0.0,0.0,0.026339801028370857,27200,0.0,2.8646934442349448,98.0,0.17442491045221686,98.0,3328,0.2638240563683212,34.39350765943527,0.0003,0.07844410731922835,0.05072851694421843,-17.30505372583866,0.08494959096424282,2.6251607537269592
272,,144.6184,100.0,605,,44,,,0.026339801028370857,27200,0.0,,,,,,,,,,,,,
276,0.0,143.72478,100.0,617,0.07199999999999998,45,0.0,0.0,0.026355555281043053,28000,0.0,2.399341838703359,98.0,0.17266650963574648,98.0,3392,0.2632017189171165,34.18187901377678,0.0003,0.07698953105136752,0.04955618438543752,-18.047188833355904,0.08369233726989478,2.005374524742365
280,,143.72478,100.0,617,,45,,,0.026355555281043053,28000,0.0,,,,,,,,,,,,,
284,0.0,143.01447,100.0,640,0.11099999999999997,44,0.0,0.0,0.026386683806777,28800,0.0,3.0310244408801843,98.0,0.17648610845208168,98.0,3520,0.2626824954058975,33.952858448028564,0.0003,0.07408545911312103,0.04812145425239578,-18.942602828145027,0.0817966383183375,1.4826472625136375
288,,143.01447,100.0,640,,44,,,0.026386683806777,28800,0.0,,,,,,,,,,,,,
292,0.0,144.30423,100.0,653,0.18899999999999997,45,0.0,0.0,0.026402827352285385,29600,0.0,2.664327952726887,98.0,0.17561762733384967,98.0,3584,0.2630181072745472,34.007812201976776,0.0003,0.07267558516468853,0.047706982819363475,-17.849543005228043,0.0819614949868992,1.0872030407190323
296,,144.30423,100.0,653,,45,,,0.026402827352285385,29600,0.0,,,,,,,,,,,,,
300,0.0,144.52011,100.0,675,0.12299999999999998,44,0.0,0.0,0.02643526904284954,30400,0.0,2.5259233194697903,98.0,0.17083938629366457,98.0,3712,0.25610555172897875,32.88579487800598,0.0003,0.07002383517101407,0.041833996307104826,-18.08569197356701,0.07750781229697168,-0.5923364460468292
304,,144.52011,100.0,675,,44,,,0.02643526904284954,30400,0.0,,,,,,,,,,,,,
308,0.0,143.77972,100.0,688,0.06599999999999999,45,0.0,0.0,0.02645258978009224,31200,0.0,2.3104393562575414,98.0,0.1713859704323113,98.0,3776,0.2530623944476247,32.55550730228424,0.0003,0.0687570049194619,0.04078210922307335,-18.254600450396538,0.07703694351948798,-0.975209217518568
312,,143.77972,100.0,688,,45,,,0.02645258978009224,31200,0.0,,,,,,,,,,,,,
316,0.0,143.37616,100.0,710,0.07499999999999998,45,0.0,0.0,0.026485580950975418,32000,0.0,2.6099814214507315,98.0,0.17392036248929799,98.0,3904,0.2577621091622859,32.99919539690018,0.0003,0.06627437833230942,0.038859665422933176,-17.95705220103264,0.07688115618657321,-1.5203691720962524
320,,143.37616,100.0,710,,45,,,0.026485580950975418,32000,0.0,,,,,,,,,,,,,
324,0.0,143.97113,100.0,733,0.11399999999999999,44,0.0,0.0,0.026518261060118675,32800,0.0,2.6280401919331045,98.0,0.17324667936190963,98.0,4032,0.2563316854648292,32.72398176789284,0.0003,0.06386105564888567,0.03958127199439332,-18.89266249537468,0.07507031213026494,-2.233056213706732
328,,143.97113,100.0,733,,44,,,0.026518261060118675,32800,0.0,,,,,,,,,,,,,
332,0.0,145.217,100.0,745,0.105,45,0.0,0.0,0.02653447352349758,33600,0.0,2.7427168759269325,98.0,0.16633750195614994,98.0,4096,0.25185689982026815,32.263480454683304,0.0003,0.0626578294322826,0.039027423394145444,-19.412787079811096,0.07524842920247465,-3.280521161854267
336,,145.217,100.0,745,,45,,,0.02653447352349758,33600,0.0,,,,,,,,,,,,,
340,0.0,145.62831,100.0,768,0.03599999999999999,44,0.0,0.0,0.02656642533838749,34400,0.0,2.3665201710150385,98.0,0.1695235997904092,98.0,4224,0.248023203574121,31.7361501455307,0.0003,0.060327504645101726,0.036222314287442714,-20.04042784869671,0.07320195052307099,-3.892341263592243
344,,145.62831,100.0,768,,44,,,0.02656642533838749,34400,0.0,,,,,,,,,,,,,
348,0.0,147.27116,100.0,781,0.147,45,0.0,0.0,0.026582995429635048,35200,0.0,3.08115562663234,98.0,0.16895584482699633,98.0,4288,0.24658507434651256,31.365729242563248,0.0003,0.05919336492661387,0.03445557222585194,-18.893006518483162,0.07130149099975824,-4.340023875236511
352,,147.27116,100.0,781,,45,,,0.026582995429635048,35200,0.0,,,,,,,,,,,,,
356,0.0,146.80582,100.0,803,0.10799999999999998,44,0.0,0.0,0.026614423841238022,36000,0.0,2.5356549902251704,98.0,0.16638608579523861,98.0,4416,0.24618836934678257,31.26653191447258,0.0003,0.05705522350035608,0.03535638138419017,-18.76590059697628,0.07051337219309062,-5.141929928213358
360,,146.80582,100.0,803,,44,,,0.026614423841238022,36000,0.0,,,,,,,,,,,,,
364,0.0,146.07417,100.0,816,0.0,45,0.0,0.0,0.02663218230009079,36800,0.0,2.6999543929349574,98.0,0.16502489033155143,98.0,4480,0.2465977540705353,31.25157180428505,0.0003,0.05605263856705278,0.03541314191534184,-18.569516226649284,0.06987258285516873,-5.531268745660782
368,,146.07417,100.0,816,,45,,,0.02663218230009079,36800,0.0,,,,,,,,,,,,,
372,0.0,145.10782,100.0,838,0.10799999999999998,44,0.0,0.0,0.026664914563298225,37600,0.0,2.366995439375992,98.0,0.16395894531160593,98.0,4608,0.25670901080593467,32.28741937875748,0.0003,0.05401424923911691,0.03481883151107468,-20.040935948491096,0.06973486946662888,-6.3304716646671295
376,,145.10782,100.0,838,,44,,,0.026664914563298225,37600,0.0,,,,,,,,,,,,,
380,0.0,146.64647,100.0,851,0.04499999999999999,45,0.0,0.0,0.026679886505007744,38400,0.0,2.693099621585424,98.0,0.16530454601161182,98.0,4672,0.2533503382001072,31.954075396060944,0.0003,0.053009885479696095,0.03521417354932055,-19.977896690368652,0.07002392498543486,-6.493201695382595
384,,146.64647,100.0,851,,45,,,0.026679886505007744,38400,0.0,,,,,,,,,,,,,
388,0.0,146.7678,100.0,873,0.07499999999999998,44,0.0,0.0,0.026712993159890175,39200,0.0,2.801960756630752,98.0,0.16474670032039285,98.0,4800,0.2438676469027996,31.000835865736008,0.0003,0.051116473332513124,0.03484847248182632,-20.12514966726303,0.06989853782579303,-7.181684836745262
392,,146.7678,100.0,873,,44,,,0.026712993159890175,39200,0.0,,,,,,,,,,,,,
396,0.0,148.30731,100.0,896,0.16199999999999995,44,0.0,0.0,0.026745958253741264,40000,0.0,2.958899265640074,98.0,0.16559802135452628,98.0,4928,0.24682885990478098,31.31634885072708,0.0003,0.04929872264619917,0.036462731688516214,-19.754498600959778,0.07020496280165389,-7.526181176304817
400,,148.30731,100.0,896,,44,,,0.026745958253741264,40000,0.0,,,,,,,,,,,,,
404,0.0,149.47714,100.0,909,0.08999999999999998,44,0.0,0.0,0.026761574670672417,40800,0.0,2.7140709257532016,96.03999999999999,0.1646021557971835,96.03999999999999,4992,0.2372395747806877,29.65937301516533,0.0003,0.04839516326319426,0.03647583024576306,-20.61496938765049,0.06879254954401404,-8.39956882596016
408,,149.47714,100.0,909,,44,,,0.026761574670672417,40800,0.0,,,,,,,,,,,,,
412,0.0,150.44986,100.0,931,0.056999999999999995,44,0.0,0.0,0.026791857555508614,41600,0.0,2.9258562686512035,96.03999999999999,0.16514797834679484,96.03999999999999,5120,0.2382400594651699,29.861067324876785,0.0003,0.04660633811727166,0.03610878431936726,-20.82427218556404,0.0697859805659391,-9.018569871783257
416,,150.44986,100.0,931,,44,,,0.026791857555508614,41600,0.0,,,,,,,,,,,,,
420,0.0,150.11487,100.0,944,0.03899999999999999,44,0.0,0.0,0.02680695429444313,42400,0.0,2.566611304304587,96.03999999999999,0.16499610408209264,96.03999999999999,5184,0.24167412845417857,29.96909323334694,0.0003,0.045754869061056525,0.03445376158924773,-20.61390994489193,0.06766560941468924,-9.499664321541786
424,,150.11487,100.0,944,,44,,,0.02680695429444313,42400,0.0,,,,,,,,,,,,,
428,0.0,150.73627,100.0,967,0.18599999999999997,44,0.0,0.0,0.02683824487030506,43200,0.0,2.9947873073603013,96.03999999999999,0.16550165554508567,96.03999999999999,5312,0.23978659487329423,29.785045623779297,0.0003,0.044130317226517946,0.03313359883031808,-19.719853907823563,0.06749843107536435,-10.125162042677402
432,,150.73627,100.0,967,,44,,,0.02683824487030506,43200,0.0,,,,,,,,,,,,,
436,0.0,151.67004,100.0,980,0.07799999999999999,44,0.0,0.0,0.02685561031103134,44000,0.0,2.813210455711041,96.03999999999999,0.1627866590861231,96.03999999999999,5376,0.23683271813206375,29.558055520057678,0.0003,0.04337775573367253,0.03344394554733299,-19.598161473870277,0.0681146809947677,-10.641144566237926
440,,151.67004,100.0,980,,44,,,0.02685561031103134,44000,0.0,,,,,,,,,,,,,
444,0.0,153.15404,100.0,1002,0.153,44,0.0,0.0,0.026889221742749214,44800,0.0,3.0017598230885914,96.03999999999999,0.1597017520107329,96.03999999999999,5504,0.23309294926002622,29.13276696205139,0.0003,0.04186140850652009,0.03460519009968266,-20.598958760499954,0.06719798175618052,-11.451703071594238
448,,153.15404,100.0,1002,,44,,,0.026889221742749214,44800,0.0,,,,,,,,,,,,,
452,0.0,153.00783,100.0,1024,0.081,44,0.0,0.0,0.02692059613764286,45600,0.0,2.7366064812733004,96.03999999999999,0.1658318981062621,96.03999999999999,5632,0.23676185589283705,29.422824323177338,0.0003,0.04039263090817258,0.03224830512772314,-21.839907258749008,0.06659961229888722,-11.691989168524742
456,,153.00783,100.0,1024,,44,,,0.02692059613764286,45600,0.0,,,,,,,,,,,,,
460,0.0,155.38194,100.0,1038,0.08399999999999999,44,0.0,0.0,0.026936279609799385,46400,0.0,2.993937655107889,96.03999999999999,0.16126535995863378,96.03999999999999,5696,0.23158050095662475,28.868212014436722,0.0003,0.03964303288375959,0.03225614404072985,-20.68052837252617,0.06591614929493517,-12.435024455189705
464,,155.38194,100.0,1038,,44,,,0.026936279609799385,46400,0.0,,,,,,,,,,,,,
468,0.0,157.19746,100.0,1061,0.153,44,0.0,0.0,0.026969807222485542,47200,0.0,2.8954109224038103,96.03999999999999,0.1621044238563627,96.03999999999999,5824,0.22957482933998108,28.537878185510635,0.0003,0.03824416646966711,0.029960793297505006,-19.99759167432785,0.06452448858181015,-13.151738077402115
472,,157.19746,100.0,1061,,44,,,0.026969807222485542,47200,0.0,,,,,,,,,,,,,
476,0.0,158.29073,100.0,1074,0.081,44,0.0,0.0,0.02698691189289093,48000,0.0,3.116650841271578,96.03999999999999,0.16420430387370288,96.03999999999999,5888,0.23272457998245955,28.98027241230011,0.0003,0.03758250694954768,0.03144398677977733,-20.659759253263474,0.06586710753617808,-13.106553599238396
480,,158.29073,100.0,1074,,44,,,0.02698691189289093,48000,0.0,,,,,,,,,,,,,
484,0.0,159.19048,100.0,1096,0.08399999999999999,44,0.0,0.0,0.027016520500183105,48800,0.0,2.878759002909407,96.03999999999999,0.16087841405533254,96.03999999999999,6016,0.23060610401444137,28.431025713682175,0.0003,0.03624025412136689,0.029009827907430008,-20.39214678108692,0.06197100254939869,-14.237671911716461
488,,159.19048,100.0,1096,,44,,,0.027016520500183105,48800,0.0,,,,,,,,,,,,,
492,0.0,159.30034,100.0,1109,0.07499999999999998,44,0.0,0.0,0.02703266404569149,49600,0.0,3.197823009190413,96.03999999999999,0.163949967129156,96.03999999999999,6080,0.2310612869914621,28.405870139598846,0.0003,0.035606188990641385,0.029870913946069777,-20.759725123643875,0.06162825913634151,-14.166652023792267
496,,159.30034,100.0,1109,,44,,,0.02703266404569149,49600,0.0,,,,,,,,,,,,,
500,0.0,159.93358,100.0,1131,0.147,44,0.0,0.0,0.027065154165029526,50400,0.0,3.119848844298866,96.03999999999999,0.1597003263887018,96.03999999999999,6208,0.23185418639332056,28.556384950876236,0.0003,0.03437752585159615,0.028191403456730768,-22.15971390902996,0.062047828163485974,-15.291954562067986
504,,159.93358,100.0,1131,,44,,,0.027065154165029526,50400,0.0,,,,,,,,,,,,,
508,0.0,160.98906,100.0,1145,0.132,44,0.0,0.0,0.02708146721124649,51200,0.0,3.4608354487438175,96.03999999999999,0.16121358354575932,96.03999999999999,6272,0.23212425969541073,28.3646382689476,0.0003,0.03374737489502877,0.027187465952010825,-19.993491232395172,0.05978229973698035,-15.52087576687336
512,,160.98906,100.0,1145,,44,,,0.02708146721124649,51200,0.0,,,,,,,,,,,,,
516,0.0,162.61127,100.0,1167,0.11699999999999999,44,0.0,0.0,0.02711397595703602,52000,0.0,3.1311096431797067,96.03999999999999,0.16031844075769186,96.03999999999999,6400,0.23194502666592598,28.428615987300873,0.0003,0.03262482373975217,0.027850254497025162,-20.386752113699913,0.06046209193300456,-16.130604565143585
520,,162.61127,100.0,1167,,44,,,0.02711397595703602,52000,0.0,,,,,,,,,,,,,
524,0.0,163.47414,100.0,1189,0.06599999999999999,44,0.0,0.0,0.02714606747031212,52800,0.0,2.527038784846266,96.03999999999999,0.16190811176784337,96.03999999999999,6528,0.2355384964030236,28.83651453256607,0.0003,0.0315570950624533,0.030265068606240675,-18.978133395314217,0.06065822846721858,-16.279390439391136
528,,163.47414,100.0,1189,,44,,,0.02714606747031212,52800,0.0,,,,,,,,,,,,,
532,0.0,162.95444,100.0,1202,0.15,44,0.0,0.0,0.02716347761452198,53600,0.0,2.9701703981166143,96.03999999999999,0.16484639537520707,96.03999999999999,6592,0.2369529507122934,28.937204480171204,0.0003,0.03103596967412159,0.028749644436175004,-19.65070305764675,0.060669356666039675,-16.42207184433937
536,,162.95444,100.0,1202,,44,,,0.02716347761452198,53600,0.0,,,,,,,,,,,,,
540,0.0,164.00308,100.0,1225,0.05999999999999999,44,0.0,0.0,0.027195559814572334,54400,0.0,3.5730914008419012,96.03999999999999,0.15770861553028226,96.03999999999999,6720,0.22823612880893052,28.14517244696617,0.0003,0.02999967959476635,0.028208537318278104,-20.550712168216705,0.06097410374786705,-17.778081461787224
544,,164.00308,100.0,1225,,44,,,0.027195559814572334,54400,0.0,,,,,,,,,,,,,
548,0.0,164.73743,100.0,1238,0.06599999999999999,44,0.0,0.0,0.027210645377635956,55200,0.0,3.224052272769366,96.03999999999999,0.1605397288221866,96.03999999999999,6784,0.22792060440406203,28.16515752673149,0.0003,0.02948176406789571,0.029313546867342666,-20.18889842927456,0.061529071361292154,-17.674579605460167
552,,164.73743,100.0,1238,,44,,,0.027210645377635956,55200,0.0,,,,,,,,,,,,,
556,0.0,165.62479,100.0,1262,0.07799999999999999,44,0.0,0.0,0.027244122698903084,56000,0.0,3.0406079620846835,96.03999999999999,0.1595764486119151,96.03999999999999,6912,0.22797929658554494,28.027122765779495,0.0003,0.02851548037142493,0.027449816378066316,-19.03950859606266,0.059836582746356726,-18.48717227578163
560,,165.62479,100.0,1262,,44,,,0.027244122698903084,56000,0.0,,,,,,,,,,,,,
564,0.0,164.96,100.0,1276,0.138,44,0.0,0.0,0.02726064808666706,56800,0.0,2.9397618296983916,96.03999999999999,0.16263663629069924,96.03999999999999,6976,0.22856410406529903,28.412578344345093,0.0003,0.02804542871308513,0.029811300395522267,-19.70270173251629,0.0629787266952917,-18.228651463985443
568,,164.96,100.0,1276,,44,,,0.02726064808666706,56800,0.0,,,,,,,,,,,,,
572,0.0,166.31877,100.0,1300,0.081,44,0.0,0.0,0.027294505387544632,57600,0.0,3.02621333405882,96.03999999999999,0.16190409823320806,96.03999999999999,7104,0.22997126216068864,28.415505677461624,0.0003,0.027105097455205396,0.02916422876296565,-19.39261494576931,0.06151337968185544,-18.906584948301315
576,,166.31877,100.0,1300,,44,,,0.027294505387544632,57600,0.0,,,,,,,,,,,,,
580,0.0,167.31238,100.0,1323,0.14999999999999997,44,0.0,0.0,0.027326351031661034,58400,0.0,3.3687228869346977,96.03999999999999,0.1628820199985057,96.03999999999999,7232,0.2254164218902588,27.98848596215248,0.0003,0.02622897707624361,0.030874464457156137,-19.65122888982296,0.06158387096365914,-19.17299684882164
584,,167.31238,100.0,1323,,44,,,0.027326351031661034,58400,0.0,,,,,,,,,,,,,
588,0.0,167.83864,100.0,1336,0.03899999999999999,44,0.0,0.0,0.027343692258000374,59200,0.0,3.070240527494244,96.03999999999999,0.1622417422477156,96.03999999999999,7296,0.22628556052222848,27.94919639825821,0.0003,0.025795910827582702,0.02816711927880533,-19.82150001823902,0.0600997680448927,-19.74231407046318
592,,167.83864,100.0,1336,,44,,,0.027343692258000374,59200,0.0,,,,,,,,,,,,,
596,0.0,168.2134,100.0,1359,0.102,44,0.0,0.0,0.02737589180469513,60000,0.0,3.171103199110829,96.03999999999999,0.1606751859653741,96.03999999999999,7424,0.23586505930870771,29.04980117082596,0.0003,0.024942937365267426,0.027894697443116456,-18.63142068684101,0.060929390019737184,-20.4960198700428
600,,168.2134,100.0,1359,,44,,,0.02737589180469513,60000,0.0,,,,,,,,,,,,,
604,0.0,169.10548,100.0,1372,0.16499999999999995,44,0.0,0.0,0.027392029762268066,60800,0.0,3.5941835333688927,94.11919999999999,0.16017445549368858,94.11919999999999,7488,0.22586006205528975,27.14551654458046,0.0003,0.024550149420974776,0.02733782079303637,-18.429710865020752,0.05760753253707662,-21.268267691135406
608,,169.10548,100.0,1372,,44,,,0.027392029762268066,60800,0.0,,,,,,,,,,,,,
612,0.0,169.30031,100.0,1395,0.07499999999999998,44,0.0,0.0,0.02742735482752323,61600,0.0,3.083629964371044,94.11919999999999,0.15634824009612203,94.11919999999999,7616,0.2242674082517624,26.970152646303177,0.0003,0.023801952629582956,0.02681222281535156,-18.57529491186142,0.05757534486474469,-22.178993701934814
616,,169.30031,100.0,1395,,44,,,0.02742735482752323,61600,0.0,,,,,,,,,,,,,
620,0.0,170.97725,100.0,1408,0.22499999999999998,44,0.0,0.0,0.02744419313967228,62400,0.0,3.3193323167784725,94.11919999999999,0.15740554477088153,94.11919999999999,7680,0.226168840425089,27.104363530874252,0.0003,0.023421581310685724,0.02649509915499948,-18.594897478818893,0.0570586733520031,-22.39663490653038
624,,170.97725,100.0,1408,,44,,,0.02744419313967228,62400,0.0,,,,,,,,,,,,,
628,0.0,172.58519,100.0,1430,0.18,44,0.0,0.0,0.027476783841848373,63200,0.0,3.507756843687596,94.11919999999999,0.16173519776202738,94.11919999999999,7808,0.228167783934623,27.30238226056099,0.0003,0.0226728611451108,0.02696190107963048,-19.076553717255592,0.05699293740326539,-22.472644180059433
632,,172.58519,100.0,1430,,44,,,0.027476783841848373,63200,0.0,,,,,,,,,,,,,
636,0.0,172.53307,100.0,1444,0.053999999999999986,44,0.0,0.0,0.027491163462400436,64000,0.0,3.0195609189756114,94.11919999999999,0.16090707457624376,94.11919999999999,7872,0.23088353732600808,27.35160067677498,0.0003,0.022296491224551573,0.026549062196863815,-19.676423639059067,0.054774968419224024,-22.886288464069366
640,,172.53307,100.0,1444,,44,,,0.027491163462400436,64000,0.0,,,,,,,,,,,,,
644,0.0,172.62491,100.0,1467,0.105,44,0.0,0.0,0.027521805837750435,64800,0.0,3.495268740563925,94.11919999999999,0.1679031616076827,94.11919999999999,8000,0.22449522861279547,26.752699553966522,0.0003,0.02153477558749728,0.02714198417379521,-18.42558780312538,0.054471975192427635,-22.741647869348526
648,,172.62491,100.0,1467,,44,,,0.027521805837750435,64800,0.0,,,,,,,,,,,,,
652,0.0,173.26675,100.0,1489,0.264,44,0.0,0.0,0.027553755789995193,65600,0.0,3.375188210341401,94.11919999999999,0.15956275328062475,94.11919999999999,8128,0.22155857947655022,26.349759250879288,0.0003,0.020832573558436707,0.025853896309854463,-19.507532119750977,0.05312634166330099,-24.239272594451904
656,,173.26675,100.0,1489,,44,,,0.027553755789995193,65600,0.0,,,,,,,,,,,,,
660,0.0,173.4689,100.0,1502,0.141,44,0.0,0.0,0.027570689097046852,66400,0.0,2.653686969810062,94.11919999999999,0.16091832797974348,94.11919999999999,8192,0.23364724521525204,27.73080551624298,0.0003,0.020494256081292406,0.02574009940144606,-17.891788087785244,0.05510320491157472,-24.33321985602379
664,,173.4689,100.0,1502,,44,,,0.027570689097046852,66400,0.0,,,,,,,,,,,,,
668,0.0,175.0561,100.0,1524,0.12899999999999998,44,0.0,0.0,0.027602747082710266,67200,0.0,3.2828547445532643,94.11919999999999,0.1648112467955798,94.11919999999999,8320,0.22527361940592527,26.98384118080139,0.0003,0.019846715673338622,0.02758585859555751,-19.13995862007141,0.05572735919849947,-24.35813271999359
672,,175.0561,100.0,1524,,44,,,0.027602747082710266,67200,0.0,,,,,,,,,,,,,
676,0.0,176.20746,100.0,1538,0.147,44,0.0,0.0,0.02761750854551792,68000,0.0,3.712376983456008,94.11919999999999,0.15766164870001376,94.11919999999999,8384,0.2209210181608796,26.418202459812164,0.0003,0.01951292611192912,0.026743043650640175,-18.825431913137436,0.054058586596511304,-25.3027361035347
680,,176.20746,100.0,1538,,44,,,0.02761750854551792,68000,0.0,,,,,,,,,,,,,
684,0.0,177.17639,100.0,1561,0.13799999999999998,44,0.0,0.0,0.027648406103253365,68800,0.0,3.45197587377472,94.11919999999999,0.15762243699282408,94.11919999999999,8512,0.2210331899113953,26.245483428239822,0.0003,0.018908878410002217,0.02467264945153147,-17.05170339345932,0.05239788559265435,-26.079163521528244
688,,177.17639,100.0,1561,,44,,,0.027648406103253365,68800,0.0,,,,,,,,,,,,,
692,0.0,177.42957,100.0,1574,0.20999999999999996,44,0.0,0.0,0.02766277641057968,69600,0.0,3.3671298161712775,94.11919999999999,0.15693189948797226,94.11919999999999,8576,0.22272364748641849,26.452563732862473,0.0003,0.01861455719335936,0.024127878175931983,-17.19806045293808,0.05239740485558286,-26.474423825740814
696,,177.42957,100.0,1574,,44,,,0.02766277641057968,69600,0.0,,,,,,,,,,,,,
700,0.0,178.37726,100.0,1596,0.15599999999999997,44,0.0,0.0,0.027694441378116608,70400,0.0,3.5547556064738903,94.11919999999999,0.1613650554791093,94.11919999999999,8704,0.22529549757018685,26.669547736644745,0.0003,0.018051275896141306,0.024565311265178025,-17.90347032248974,0.05213428952265531,-26.596808463335037
704,,178.37726,100.0,1596,,44,,,0.027694441378116608,70400,0.0,,,,,,,,,,,,,
708,0.0,179.0503,100.0,1619,0.10799999999999997,43,0.0,0.0,0.0277275238186121,71200,0.0,2.9873876066174465,94.11919999999999,0.15793360373936594,94.11919999999999,8832,0.22128960257396102,26.256613314151764,0.0003,0.017489190271589905,0.024801163061056286,-15.95319190621376,0.051293423981405795,-27.466368168592453
712,,179.0503,100.0,1619,,43,,,0.0277275238186121,71200,0.0,,,,,,,,,,,,,
716,0.0,179.50084,100.0,1633,0.24599999999999997,44,0.0,0.0,0.02774249203503132,72000,0.0,3.8474500453371987,94.11919999999999,0.16155676846392453,94.11919999999999,8896,0.22213200968690217,26.26611253619194,0.0003,0.01722415813128464,0.024856607677065767,-17.03610358387232,0.05059987033018842,-27.360140949487686
720,,179.50084,100.0,1633,,44,,,0.02774249203503132,72000,0.0,,,,,,,,,,,,,
724,0.0,180.21806,100.0,1657,0.204,43,0.0,0.0,0.027772987261414528,72800,0.0,3.4696696343051356,94.11919999999999,0.15904684108681977,94.11919999999999,9024,0.2207204746082425,26.220353811979294,0.0003,0.01671573382918723,0.02591193410626147,-17.42807674407959,0.05157890648115426,-28.046230405569077
728,,180.21806,100.0,1657,,43,,,0.027772987261414528,72800,0.0,,,,,,,,,,,,,
732,0.0,181.07605,100.0,1670,0.12299999999999997,44,0.0,0.0,0.027787189930677414,73600,0.0,3.531883091628547,94.11919999999999,0.1578271654434502,94.11919999999999,9088,0.21893058391287923,26.02506172657013,0.0003,0.01645167448441498,0.026920941978460178,-16.18326425552368,0.05135178769705817,-28.356818795204163
736,,181.07605,100.0,1670,,44,,,0.027787189930677414,73600,0.0,,,,,,,,,,,,,
740,0.019667238062485586,181.57399,100.0,1693,0.16499999999999995,43,0.06,0.0,0.02781822718679905,74400,0.0,3.674661378052047,94.11919999999999,0.15761938644573092,94.11919999999999,9216,0.21914332010783255,25.938702017068863,0.0003,0.015975293528754264,0.02402037102729082,-15.002945244312286,0.04998520185472444,-29.271423757076263
744,,181.57399,100.0,1693,,43,,,0.02781822718679905,74400,0.0,,,,,,,,,,,,,
748,0.0,181.92487,100.0,1706,0.249,44,0.0,0.0,0.027834149077534676,75200,0.0,3.7239411249256893,94.11919999999999,0.15674176812171936,94.11919999999999,9280,0.21937691140919924,26.02249163389206,0.0003,0.015738786780275404,0.025465809827437624,-16.497258186340332,0.05059623648412526,-29.464653313159943
752,,181.92487,100.0,1706,,44,,,0.027834149077534676,75200,0.0,,,,,,,,,,,,,
756,0.0,183.21577,100.0,1729,0.17699999999999996,43,0.0,0.0,0.02786380983889103,76000,0.0,3.343076150663113,94.11919999999999,0.1581987515091896,94.11919999999999,9408,0.2166014553513378,25.73364371061325,0.0003,0.015253665595082566,0.02593785442877561,-16.041374437510967,0.050312580773606896,-29.854953289031982
760,,183.21577,100.0,1729,,43,,,0.02786380983889103,76000,0.0,,,,,,,,,,,,,
764,0.0,185.06824,100.0,1743,0.25799999999999995,44,0.0,0.0,0.02787989005446434,76800,0.0,4.059079970441241,94.11919999999999,0.16821798495948315,94.11919999999999,9472,0.22144154156558216,26.186552196741104,0.0003,0.015028267036541365,0.026812051801243797,-14.436651296913624,0.04979979031486437,-29.11781883239746
768,,185.06824,100.0,1743,,44,,,0.02787989005446434,76800,0.0,,,,,,,,,,,,,
772,0.0,187.39697,100.0,1766,0.23099999999999998,43,0.0,0.0,0.02790955640375614,77600,0.0,3.6438040595377568,94.11919999999999,0.15916785364970565,94.11919999999999,9600,0.21860047779046,25.966289699077606,0.0003,0.014598390713217668,0.02687576819153037,-15.649806044995785,0.050115156278479844,-30.592552423477173
776,,187.39697,100.0,1766,,43,,,0.02790955640375614,77600,0.0,,,,,,,,,,,,,
780,0.0,188.199,100.0,1789,0.192,43,0.0,0.0,0.02793794497847557,78400,0.0,3.398421817989724,94.11919999999999,0.15844001225195825,94.11919999999999,9728,0.21525960857979953,25.78781223297119,0.0003,0.014174016352626495,0.025247890676837415,-15.10217809677124,0.051687310799025,-31.271436512470245
784,,188.199,100.0,1789,,43,,,0.02793794497847557,78400,0.0,,,,,,,,,,,,,
788,0.11722899515380467,189.85735,100.0,1803,0.192,43,0.36,0.0,0.02795163355767727,79200,0.0,3.476280101920164,94.11919999999999,0.159541035303846,94.11919999999999,9792,0.21995184291154146,26.051119536161423,0.0003,0.013959495670860633,0.02634457717067562,-15.698317371308804,0.04980473261093721,-31.401039868593216
792,,189.85735,100.0,1803,,43,,,0.02795163355767727,79200,0.0,,,,,,,,,,,,,
796,0.0,192.39546,100.0,1826,0.15299999999999997,43,0.0,0.0,0.027984101325273514,80000,0.0,3.987649992887873,94.11919999999999,0.1623540681321174,94.11919999999999,9920,0.21291041956283152,25.490056931972504,0.0003,0.013580185594037175,0.02809974434785545,-12.366359198465943,0.0504603796871379,-31.581441909074783
800,,192.39546,100.0,1826,,43,,,0.027984101325273514,80000,0.0,,,,,,,,,,,,,
804,0.0,193.42683,100.0,1839,0.26999999999999996,43,0.0,0.0,0.028000809252262115,80800,0.0,3.8753323756614124,92.23681599999999,0.15724400477483869,92.23681599999999,9984,0.21620646072551608,25.32997488975525,0.0003,0.013413448628853075,0.025672618416137993,-12.070271905511618,0.0507116659427993,-32.880850821733475
808,,193.42683,100.0,1839,,43,,,0.028000809252262115,80800,0.0,,,,,,,,,,,,,
812,0.0,195.65163,100.0,1863,0.20999999999999996,43,0.0,0.0,0.028030918911099434,81600,0.0,3.1855064072741426,92.23681599999999,0.15414912719279528,92.23681599999999,10112,0.21281985263340175,24.889074742794037,0.0003,0.013053563961875625,0.026480651838937774,-12.617227546870708,0.04954176221508533,-33.680833607912064
816,,195.65163,100.0,1863,,43,,,0.028030918911099434,81600,0.0,,,,,,,,,,,,,
820,0.0,196.15453,100.0,1876,0.17699999999999996,43,0.0,0.0,0.028048112988471985,82400,0.0,3.732486775617147,92.23681599999999,0.16265974310226738,92.23681599999999,10176,0.2142817541025579,25.14689138531685,0.0003,0.012890125915873796,0.02716326611698605,-12.297343946993351,0.05071783531457186,-33.08426469564438
824,,196.15453,100.0,1876,,43,,,0.028048112988471985,82400,0.0,,,,,,,,,,,,,
828,0.0,197.09592,100.0,1899,0.17999999999999997,43,0.0,0.0,0.028077617287635803,83200,0.0,4.0473008902509235,92.23681599999999,0.1556296048220247,92.23681599999999,10304,0.2143001826480031,25.00771564245224,0.0003,0.012545497622340918,0.02609374327585101,-12.253331346437335,0.048902543261647224,-34.390482902526855
832,,197.09592,100.0,1899,,43,,,0.028077617287635803,83200,0.0,,,,,,,,,,,,,
836,0.0,198.97913,100.0,1923,0.15599999999999997,43,0.0,0.0,0.02810763195157051,84000,0.0,3.4307662493585154,92.23681599999999,0.159427504055202,92.23681599999999,10432,0.2120999046601355,24.814413368701935,0.0003,0.012245171339600347,0.026336689974414185,-10.49741705879569,0.04876330547267571,-34.54726228117943
840,,198.97913,100.0,1923,,43,,,0.02810763195157051,84000,0.0,,,,,,,,,,,,,
844,0.0,200.2913,100.0,1936,0.24899999999999994,43,0.0,0.0,0.028122834861278534,84800,0.0,4.081314838366626,92.23681599999999,0.1571659562177956,92.23681599999999,10496,0.2136832366231829,24.837805688381195,0.0003,0.012094368939870037,0.02537689708697144,-12.41799691086635,0.04728625254938379,-35.19294226169586
848,,200.2913,100.0,1936,,43,,,0.028122834861278534,84800,0.0,,,,,,,,,,,,,
852,0.0,201.02057,100.0,1960,0.26099999999999995,43,0.0,0.0,0.02815038152039051,85600,0.0,4.388741001554631,92.23681599999999,0.15461878199130297,92.23681599999999,10624,0.2106852838769555,24.214204877614975,0.0003,0.011760260313167237,0.022961631533689797,-12.891651229234412,0.04417606245260686,-36.224236249923706
856,,201.02057,100.0,1960,,43,,,0.02815038152039051,85600,0.0,,,,,,,,,,,,,
860,0.0,201.48172,100.0,1974,0.228,43,0.0,0.0,0.028162505477666855,86400,0.0,3.768292466048982,92.23681599999999,0.15747752133756876,92.23681599999999,10688,0.20956557197496295,24.341631531715393,0.0003,0.011589153742534108,0.024934995832154527,-12.285034518688917,0.046004884759895504,-36.06608361005783
864,,201.48172,100.0,1974,,43,,,0.028162505477666855,86400,0.0,,,,,,,,,,,,,
868,0.0,202.11742,100.0,1997,0.171,43,0.0,0.0,0.028192218393087387,87200,0.0,3.8427295279844524,92.23681599999999,0.15782150346785784,92.23681599999999,10816,0.21038340660743415,24.504677206277847,0.0003,0.01129319162282627,0.026099057693500072,-11.024148823693395,0.04720186477061361,-36.449435114860535
872,,202.11742,100.0,1997,,43,,,0.028192218393087387,87200,0.0,,,,,,,,,,,,,
876,0.0,201.6393,100.0,2011,0.15,43,0.0,0.0,0.028203940019011497,88000,0.0,3.68190898092393,92.23681599999999,0.15449607907794416,92.23681599999999,10880,0.20687059708870947,24.08531963825226,0.0003,0.011147247729240917,0.025218590380973183,-11.894785273820162,0.04601601528702304,-37.10347503423691
880,,201.6393,100.0,2011,,43,,,0.028203940019011497,88000,0.0,,,,,,,,,,,,,
884,0.0,201.06667,100.0,2034,0.26099999999999995,43,0.0,0.0,0.028231099247932434,88800,0.0,4.198774115788214,92.23681599999999,0.1605191621929407,92.23681599999999,11008,0.21098356670700014,24.440416932106018,0.0003,0.01087402926350478,0.024137239684932865,-9.31618176586926,0.0451853551203385,-37.18143177032471
888,,201.06667,100.0,2034,,43,,,0.028231099247932434,88800,0.0,,,,,,,,,,,,,
892,0.0,201.95625,100.0,2047,0.23399999999999999,43,0.0,0.0,0.028246182948350906,89600,0.0,4.081596146297178,92.23681599999999,0.15830741683021188,92.23681599999999,11072,0.20915496395900846,24.243100821971893,0.0003,0.010761313751572743,0.024865569517714903,-8.444404372596182,0.04508998163510114,-37.6130028963089
896,,201.95625,100.0,2047,,43,,,0.028246182948350906,89600,0.0,,,,,,,,,,,,,
900,0.0,202.37862,100.0,2070,0.27599999999999997,43,0.0,0.0,0.028273753821849823,90400,0.0,4.123074184573238,92.23681599999999,0.15910306223668158,92.23681599999999,11200,0.2130684843286872,24.784588038921356,0.0003,0.01052384395734407,0.025832958635874093,-8.689721889211796,0.046456544543616474,-38.07880860567093
904,,202.37862,100.0,2070,,43,,,0.028273753821849823,90400,0.0,,,,,,,,,,,,,
908,0.0,201.81242,100.0,2093,0.264,43,0.0,0.0,0.02830452285706997,91200,0.0,4.402470781255743,92.23681599999999,0.1606167822610587,92.23681599999999,11328,0.20850684610195458,24.268082082271576,0.0003,0.010311731617548503,0.024775982281425968,-8.05106243956834,0.045664903009310365,-38.56292933225632
912,,201.81242,100.0,2093,,43,,,0.02830452285706997,91200,0.0,,,,,,,,,,,,,
916,0.0,203.53668,100.0,2106,0.264,43,0.0,0.0,0.028316089883446693,92000,0.0,4.062435701988137,92.23681599999999,0.15879339491948485,92.23681599999999,11392,0.21118180314078927,24.52416330575943,0.0003,0.010203425350482576,0.024374171160161495,-9.28028962702956,0.045021377969533205,-39.05340111255646
920,,203.53668,100.0,2106,,43,,,0.028316089883446693,92000,0.0,,,,,,,,,,,,,
924,0.0,204.35275,100.0,2128,0.23699999999999996,43,0.0,0.0,0.02834479510784149,92800,0.0,3.308816396370501,92.23681599999999,0.15566601627506316,92.23681599999999,11520,0.2090933269355446,24.28262308239937,0.0003,0.009968513797502965,0.023594394078827463,-5.972980285063386,0.04461718205129728,-39.99452191591263
928,,204.35275,100.0,2128,,43,,,0.02834479510784149,92800,0.0,,,,,,,,,,,,,
932,0.0,204.27371,100.0,2142,0.3,43,0.0,0.0,0.028360875323414803,93600,0.0,4.305288340937253,92.23681599999999,0.16054204921238124,92.23681599999999,11584,0.20990344183519483,24.21938955783844,0.0003,0.0098885399493156,0.024076017638435587,-7.677278310060501,0.04317803407320753,-39.895017981529236
936,,204.27371,100.0,2142,,43,,,0.028360875323414803,93600,0.0,,,,,,,,,,,,,
940,0.0,206.22194,100.0,2165,0.23099999999999998,43,0.0,0.0,0.028389442712068558,94400,0.0,4.265558736401577,92.23681599999999,0.1578961864579469,92.23681599999999,11712,0.20962341828271747,24.288175880908966,0.0003,0.009678835907834582,0.024664198455866426,-8.625287892762572,0.0442546121776104,-40.50652039051056
944,,206.22194,100.0,2165,,43,,,0.028389442712068558,94400,0.0,,,,,,,,,,,,,
948,0.0,206.02301,100.0,2178,0.21599999999999997,43,0.0,0.0,0.02839946374297142,95200,0.0,4.3487352201031415,92.23681599999999,0.15418261336162686,92.23681599999999,11776,0.20307920058257878,23.73341193795204,0.0003,0.009550598115311004,0.02420567028457299,-11.306732377503067,0.04470366414170712,-41.16155445575714
952,,206.02301,100.0,2178,,43,,,0.02839946374297142,95200,0.0,,,,,,,,,,,,,
956,0.0,205.64145,100.0,2201,0.285,43,0.0,0.0,0.0284249410033226,96000,0.0,4.2106951014051575,92.23681599999999,0.15805057645775378,92.23681599999999,11904,0.20879509928636253,24.21636062860489,0.0003,0.0093532078753924,0.024039153358899057,-8.456775489030406,0.0437322105281055,-41.27474021911621
960,,205.64145,100.0,2201,,43,,,0.0284249410033226,96000,0.0,,,,,,,,,,,,,
964,0.0,205.93982,100.0,2224,0.24299999999999997,43,0.0,0.0,0.02845495194196701,96800,0.0,3.665481816099257,92.23681599999999,0.1561956002842635,92.23681599999999,12032,0.21051012561656535,24.3182275891304,0.0003,0.009162758971797302,0.022896120528457686,-6.512646805029362,0.042411557311424986,-42.158201694488525
968,,205.93982,100.0,2224,,43,,,0.02845495194196701,96800,0.0,,,,,,,,,,,,,
972,0.0,205.5991,100.0,2237,0.15899999999999997,43,0.0,0.0,0.02846989594399929,97600,0.0,3.2482425523307596,92.23681599999999,0.15603547426871955,92.23681599999999,12096,0.2059426917694509,23.900357365608215,0.0003,0.009085681580472738,0.023408868088154122,-6.884271574788727,0.04338237887714058,-42.46497184038162
976,,205.5991,100.0,2237,,43,,,0.02846989594399929,97600,0.0,,,,,,,,,,,,,
980,0.0,205.66193,100.0,2259,0.26099999999999995,43,0.0,0.0,0.02849658578634262,98400,0.0,3.8089901621769426,92.23681599999999,0.15938339033164084,92.23681599999999,12224,0.20833609951660037,24.201299846172333,0.0003,0.008906149727408774,0.025592150836018845,-6.671901061316021,0.043233590375166386,-42.46381765604019
984,,205.66193,100.0,2259,,43,,,0.02849658578634262,98400,0.0,,,,,,,,,,,,,
988,0.0,206.70973,100.0,2273,0.23699999999999996,43,0.0,0.0,0.02851227857172489,99200,0.0,4.059817213773629,92.23681599999999,0.15870598354376853,92.23681599999999,12288,0.20835151197388768,24.103994756937027,0.0003,0.008826499310089275,0.023324029869399965,-4.71883533464279,0.04192060447530821,-43.00646358728409
992,,206.70973,100.0,2273,,43,,,0.02851227857172489,99200,0.0,,,,,,,,,,,,,
996,0.0,207.72379,100.0,2296,0.3,43,0.0,0.0,0.028541844338178635,100000,0.0,4.186320729641861,92.23681599999999,0.15516437031328678,92.23681599999999,12416,0.20291314087808132,23.69854599237442,0.0003,0.008664846172905527,0.024378570931730792,-4.912993506062776,0.04301119328010827,-43.72277235984802
1000,,207.72379,100.0,2296,,43,,,0.028541844338178635,100000,0.0,,,,,,,,,,,,,
1004,0.0,208.26598,100.0,2310,0.3,43,0.0,0.0,0.02855629101395607,100800,0.0,4.2675288739354755,90.39207968,0.15490086656063795,90.39207968,12480,0.20429606642574072,23.253380477428436,0.0003,0.00859983371628914,0.02272903003904503,-6.009598127682693,0.0420772691431921,-44.536392509937286
1008,,208.26598,100.0,2310,,43,,,0.02855629101395607,100800,0.0,,,,,,,,,,,,,
1012,0.04190055045384704,209.01785,100.0,2332,0.22199999999999995,43,0.15,0.0,0.028582604601979256,101600,0.0,3.94118168808964,90.39207968,0.15489342948421836,90.39207968,12608,0.20240016444586217,22.992314994335175,0.0003,0.0084392429998843,0.023841335249016993,-6.426158400718123,0.040985994040966034,-45.00286024808884
1016,,209.01785,100.0,2332,,43,,,0.028582604601979256,101600,0.0,,,,,,,,,,,,,
1020,0.0,210.29924,100.0,2346,0.282,43,0.0,0.0,0.02859707735478878,102400,0.0,4.402133316645311,90.39207968,0.1588561546523124,90.39207968,12672,0.20485854614526033,23.196635127067566,0.0003,0.008369409362785518,0.02330693531257566,-4.61153422575444,0.0405897552263923,-44.96329617500305
1024,,210.29924,100.0,2346,,43,,,0.02859707735478878,102400,0.0,,,,,,,,,,,,,
1028,0.007110827912961169,211.82025,100.0,2369,0.3,43,0.03,0.0,0.02862175740301609,103200,0.0,4.055665258864519,90.39207968,0.15595942898653448,90.39207968,12800,0.20586683484725654,23.50040966272354,0.0003,0.008226627920521423,0.026264904852723703,-4.1400837283581495,0.04255779617233202,-45.634149968624115
1032,,211.82025,100.0,2369,,43,,,0.02862175740301609,103200,0.0,,,,,,,,,,,,,
1036,0.0,210.3746,100.0,2392,0.264,43,0.0,0.0,0.028651302680373192,104000,0.0,3.956002611602407,90.39207968,0.1581607621628791,90.39207968,12928,0.20357393147423863,23.206883877515793,0.0003,0.00813545698474627,0.02571904638898559,-3.107518594712019,0.0412318260059692,-46.04417043924332
1040,,210.3746,100.0,2392,,43,,,0.028651302680373192,104000,0.0,,,,,,,,,,,,,
1044,0.0,210.00365,100.0,2405,0.20099999999999998,43,0.0,0.0,0.028659775853157043,104800,0.0,3.8763232539252335,90.39207968,0.16290715499781072,90.39207968,12992,0.20720128016546369,23.798801958560944,0.0003,0.00808103516465053,0.025765075319213793,-5.3467138428241014,0.043743803980760276,-45.920639634132385
1048,,210.00365,100.0,2405,,43,,,0.028659775853157043,104800,0.0,,,,,,,,,,,,,
1052,0.0,211.84787,100.0,2429,0.249,43,0.0,0.0,0.028686771169304848,105600,0.0,3.8075446005738236,90.39207968,0.16056610736995935,90.39207968,13120,0.20882484270259738,23.76465117931366,0.0003,0.00797118674381636,0.024415674241026863,-4.29014020296745,0.04165120839024894,-46.87019091844559
1056,,211.84787,100.0,2429,,43,,,0.028686771169304848,105600,0.0,,,,,,,,,,,,,
1060,0.0,209.6818,100.0,2442,0.23699999999999996,43,0.0,0.0,0.028701715171337128,106400,0.0,3.426353205448249,90.39207968,0.1596023419406265,90.39207968,13184,0.20932177267968655,23.95300978422165,0.0003,0.007926261008833535,0.025537788751535118,-2.7853792796377093,0.04319826906430535,-47.05124634504318
1064,,209.6818,100.0,2442,,43,,,0.028701715171337128,106400,0.0,,,,,,,,,,,,,
1068,0.12104312276304652,212.89929,100.0,2465,0.23399999999999996,43,0.36,0.0,0.02873256802558899,107200,0.0,4.077890193780111,90.39207968,0.1634084894321859,90.39207968,13312,0.20854695653542876,23.766104578971863,0.0003,0.007833917770767584,0.02499519634875469,-2.2955953415948898,0.04197349646710791,-47.3810760974884
1072,,212.89929,100.0,2465,,43,,,0.02873256802558899,107200,0.0,,,,,,,,,,,,,
1076,0.0,213.30327,100.0,2478,0.24599999999999997,43,0.0,0.0,0.02874450571835041,108000,0.0,3.8037175852157303,90.39207968,0.16018288885243237,90.39207968,13376,0.2047439282760024,23.331577986478806,0.0003,0.007793693868734408,0.026247644127579406,-4.83731003664434,0.04065511131193489,-47.83784121274948
1080,,213.30327,100.0,2478,,43,,,0.02874450571835041,108000,0.0,,,,,,,,,,,,,
1084,0.0,213.94589,100.0,2502,0.2909999999999999,43,0.0,0.0,0.028773101046681404,108800,0.0,4.171578780898248,90.39207968,0.1682977811433375,90.39207968,13504,0.20797968143597245,23.681610703468323,0.0003,0.007697263739828486,0.026219695588224567,-5.224378347862512,0.04085180026595481,-47.67458075284958
1088,,213.94589,100.0,2502,,43,,,0.028773101046681404,108800,0.0,,,,,,,,,,,,,
1092,0.0,215.20488,100.0,2525,0.3,43,0.0,0.0,0.028803469613194466,109600,0.0,4.336956712043865,90.39207968,0.16220172098837793,90.39207968,13632,0.20727801090106368,23.74478977918625,0.0003,0.007606082384882029,0.02556360574089922,0.1510324953123927,0.04213635897031054,-48.94615042209625
1096,,215.20488,100.0,2525,,43,,,0.028803469613194466,109600,0.0,,,,,,,,,,,,,
1100,0.0,213.31772,100.0,2539,0.26699999999999996,43,0.0,0.0,0.028818408027291298,110400,0.0,3.5505944912849965,90.39207968,0.16103721619583666,90.39207968,13696,0.20838316483423114,23.773261308670044,0.0003,0.0075996768864570186,0.02625081318547018,-2.2794594429433346,0.04120023257564753,-49.11735188961029
1104,,213.31772,100.0,2539,,43,,,0.028818408027291298,110400,0.0,,,,,,,,,,,,,
1108,0.0,213.0178,100.0,2562,0.3,43,0.0,0.0,0.02884024940431118,111200,0.0,4.315629374333086,90.39207968,0.165158357238397,90.39207968,13824,0.21136484784074128,24.046584248542786,0.0003,0.007502880835090764,0.026363791897892952,-3.1627785773016512,0.04154064878821373,-49.37367969751358
1112,,213.0178,100.0,2562,,43,,,0.02884024940431118,111200,0.0,,,,,,,,,,,,,
1116,0.0,213.27362,100.0,2575,0.3,43,0.0,0.0,0.028854001313447952,112000,0.0,4.35356580280158,90.39207968,0.1634736901614815,90.39207968,13888,0.20982723543420434,24.090219020843506,0.0003,0.007463142734195571,0.0270446430076845,-1.6670755799859762,0.042806601617485285,-49.72207713127136
1120,,213.27362,100.0,2575,,43,,,0.028854001313447952,112000,0.0,,,,,,,,,,,,,
1124,0.0,212.15958,100.0,2598,0.264,43,0.0,0.0,0.02888687141239643,112800,0.0,3.7276352915462074,90.39207968,0.16156126139685512,90.39207968,14016,0.20705415913835168,23.66234463453293,0.0003,0.0074161386146442965,0.024509372102329507,-1.1248991843312979,0.0413640204933472,-50.71728515625
1128,,212.15958,100.0,2598,,43,,,0.02888687141239643,112800,0.0,,,,,,,,,,,,,
1132,0.0,213.26067,100.0,2612,0.26099999999999995,43,0.0,0.0,0.028902241960167885,113600,0.0,4.565913481693751,90.39207968,0.16749557247385383,90.39207968,14080,0.2082257925067097,23.89335188269615,0.0003,0.00739977955527138,0.026396585439215414,-1.9289262820966542,0.04216289773466997,-50.25147342681885
1136,,213.26067,100.0,2612,,43,,,0.028902241960167885,113600,0.0,,,,,,,,,,,,,
1140,0.0,214.27942,100.0,2635,0.264,43,0.0,0.0,0.028933420777320862,114400,0.0,4.396754810020498,90.39207968,0.1635932878125459,90.39207968,14208,0.20903445989824831,23.99718004465103,0.0003,0.007325897888222244,0.02646882864064537,-2.4968224284239113,0.04163451795466244,-51.193996608257294
1144,,214.27942,100.0,2635,,43,,,0.028933420777320862,114400,0.0,,,,,,,,,,,,,
1148,0.0,215.51437,100.0,2649,0.264,43,0.0,0.0,0.02894914336502552,115200,0.0,4.486906286556459,90.39207968,0.15932989213615656,90.39207968,14272,0.20393689116463065,23.458028733730316,0.0003,0.007307668129215017,0.025995877076638862,-1.7357197059318423,0.04139424778986722,-51.83871912956238
1152,,215.51437,100.0,2649,,43,,,0.02894914336502552,115200,0.0,,,,,,,,,,,,,
1156,0.11084510261509235,216.02142,100.0,2672,0.21299999999999997,43,0.39,0.0,0.028978677466511726,116000,0.0,4.3838140264534955,90.39207968,0.16456540231592953,90.39207968,14400,0.2064547440968454,23.51312103867531,0.0003,0.0072593259828863665,0.0255903261131607,-1.224010311299935,0.03986431419616565,-51.9762265086174
1160,,216.02142,100.0,2672,,43,,,0.028978677466511726,116000,0.0,,,,,,,,,,,,,
1164,0.0,216.45154,100.0,2695,0.23699999999999996,43,0.0,0.0,0.02900756523013115,116800,0.0,3.9493000652004207,90.39207968,0.16242417879402637,90.39207968,14528,0.20773765281774104,23.780537515878677,0.0003,0.007193756282504182,0.025570477766450495,-2.766976626124233,0.040356728684855625,-52.6987162232399
1168,,216.45154,100.0,2695,,43,,,0.02900756523013115,116800,0.0,,,,,,,,,,,,,
1172,0.03968766752067713,217.20908,100.0,2708,0.3,43,0.12,0.0,0.02902170643210411,117600,0.0,4.838802750364827,90.39207968,0.16322508757002652,90.39207968,14592,0.21028747782111168,24.037610203027725,0.0003,0.007149232318624854,0.026340129174059257,-2.666403850307688,0.041282933321781456,-52.933696269989014
1176,,217.20908,100.0,2708,,43,,,0.02902170643210411,117600,0.0,,,,,,,,,,,,,
1180,0.0,219.40681,100.0,2731,0.288,43,0.0,0.0,0.02904798649251461,118400,0.0,4.1453580927917875,90.39207968,0.1636476214043796,90.39207968,14720,0.20825535897165537,23.81671929359436,0.0003,0.007088143793225754,0.026082268697791733,-2.2888219263404608,0.040755057008937,-53.358012199401855
1184,,219.40681,100.0,2731,,43,,,0.02904798649251461,118400,0.0,,,,,,,,,,,,,
1188,0.0,219.15926,100.0,2745,0.26699999999999996,43,0.0,0.0,0.029060766100883484,119200,0.0,4.534453908564947,90.39207968,0.16168533521704376,90.39207968,14784,0.2045968733727932,23.572609692811966,0.0003,0.007047764527669642,0.025417394514079206,-2.8861221622209996,0.04151110735256225,-53.88225692510605
1192,,219.15926,100.0,2745,,43,,,0.029060766100883484,119200,0.0,,,,,,,,,,,,,
1196,0.0,219.69147,100.0,2768,0.264,43,0.0,0.0,0.029093369841575623,120000,0.0,4.29000345845004,90.39207968,0.16363984066992998,90.39207968,14912,0.20734371966682374,23.69439208507538,0.0003,0.0070099877411848865,0.02459768916014582,-0.2229271731339395,0.03974077495513484,-54.44931238889694
1200,,219.69147,100.0,2768,,43,,,0.029093369841575623,120000,0.0,,,,,,,,,,,,,
1204,0.0,220.13692,100.0,2781,0.25799999999999995,43,0.0,0.0,0.029108822345733643,120800,0.0,4.172315329731743,88.58423808639999,0.16799394064582884,88.58423808639999,14976,0.20729212160222232,23.35196763277054,0.0003,0.0070030954157118686,0.02580683695850894,-1.1691445694305003,0.0403176604595501,-54.55843663215637
1208,,220.13692,100.0,2781,,43,,,0.029108822345733643,120800,0.0,,,,,,,,,,,,,
1212,0.0,219.17746,100.0,2805,0.29399999999999993,43,0.0,0.0,0.029136355966329575,121600,0.0,4.629100694600891,88.58423808639999,0.16059555555693805,88.58423808639999,15104,0.20353041402995586,23.028665244579315,0.0003,0.006919605686562136,0.025268412384320982,-1.81928881094791,0.04112350509967655,-55.76709860563278
1216,,219.17746,100.0,2805,,43,,,0.029136355966329575,121600,0.0,,,,,,,,,,,,,
1220,0.0,218.7022,100.0,2827,0.264,43,0.0,0.0,0.02916761115193367,122400,0.0,3.734335220764743,88.58423808639999,0.1634519980289042,88.58423808639999,15232,0.20748992124572396,23.433497548103333,0.0003,0.006871644567581825,0.02509228340932168,0.050734667223878205,0.04034486395539716,-55.87737727165222
1224,,218.7022,100.0,2827,,43,,,0.02916761115193367,122400,0.0,,,,,,,,,,,,,
1228,0.0,219.4682,100.0,2841,0.27899999999999997,43,0.0,0.0,0.02918267250061035,123200,0.0,4.424521993090052,88.58423808639999,0.162466129520908,88.58423808639999,15296,0.20455275988206267,23.043731719255447,0.0003,0.006858715147245675,0.024706862415769137,-2.193268925882876,0.039683102775597945,-56.46908414363861
1232,,219.4682,100.0,2841,,43,,,0.02918267250061035,123200,0.0,,,,,,,,,,,,,
1236,0.10193237349256544,220.54759,100.0,2864,0.26999999999999996,43,0.3,0.0,0.029211105778813362,124000,0.0,4.68373646894005,88.58423808639999,0.16235241992399096,88.58423808639999,15424,0.20413145376369357,23.001396358013153,0.0003,0.006804464755987283,0.025034194099134766,-1.5143081496935338,0.039438361854990944,-57.08491289615631
1240,,220.54759,100.0,2864,,43,,,0.029211105778813362,124000,0.0,,,,,,,,,,,,,
1244,0.0,218.26848,100.0,2877,0.24299999999999997,43,0.0,0.0,0.02922811731696129,124800,0.0,4.3619679663072075,88.58423808639999,0.16635960899293423,88.58423808639999,15488,0.20856351242400706,23.598732501268387,0.0003,0.006785963130823802,0.026155509462114424,-0.7675210009329021,0.04071850469335914,-56.817502200603485
1248,,218.26848,100.0,2877,,43,,,0.02922811731696129,124800,0.0,,,,,,,,,,,,,
1252,0.0,219.10858,100.0,2901,0.29699999999999993,43,0.0,0.0,0.029258163645863533,125600,0.0,4.559184622464704,88.58423808639999,0.16590388072654605,88.58423808639999,15616,0.2064992180094123,23.319559067487717,0.0003,0.006763969409803394,0.02775919856503606,-2.2493732819566503,0.03995694837067276,-57.267392098903656
1256,,219.10858,100.0,2901,,43,,,0.029258163645863533,125600,0.0,,,,,,,,,,,,,
1260,0.0,219.05278,100.0,2915,0.23999999999999996,43,0.0,0.0,0.029268916696310043,126400,0.0,4.338373388113814,88.58423808639999,0.16342759039252996,88.58423808639999,15680,0.20501478854566813,23.177696585655212,0.0003,0.006716996285831556,0.025543684663716704,-3.232805533334613,0.039901088312035426,-57.93926423788071
1264,,219.05278,100.0,2915,,43,,,0.029268916696310043,126400,0.0,,,,,,,,,,,,,
1268,0.0,217.6444,100.0,2938,0.2729999999999999,43,0.0,0.0,0.0292966328561306,127200,0.0,4.040385514829436,88.58423808639999,0.16432660724967718,88.58423808639999,15808,0.20976869808509946,23.714024007320404,0.0003,0.006658251375483815,0.027422441315138713,-0.6711338488385081,0.04002256729290821,-58.08832108974457
1272,,217.6444,100.0,2938,,43,,,0.0292966328561306,127200,0.0,,,,,,,,,,,,,
1276,0.0,216.02394,100.0,2951,0.29699999999999993,43,0.0,0.0,0.0293131060898304,128000,0.0,3.863491443701514,88.58423808639999,0.16367393755353987,88.58423808639999,15872,0.20780331385321915,23.7587708234787,0.0003,0.006629782037634868,0.027047017560107633,-1.9023717686068267,0.0429974923026748,-58.477792263031006
1280,,216.02394,100.0,2951,,43,,,0.0293131060898304,128000,0.0,,,,,,,,,,,,,
1284,0.0,216.04575,100.0,2974,0.3,43,0.0,0.0,0.02933650277554989,128800,0.0,4.6362318588773075,88.58423808639999,0.16884430102072656,88.58423808639999,16000,0.20767238247208297,23.433836340904236,0.0003,0.0065335790131939575,0.027323612084728666,-3.3678364236839116,0.04083779294160195,-58.54229664802551
1288,,216.04575,100.0,2974,,43,,,0.02933650277554989,128800,0.0,,,,,,,,,,,,,
1292,0.0,216.5763,100.0,2996,0.282,43,0.0,0.0,0.029362808912992477,129600,0.0,4.288154928570583,88.58423808639999,0.16778790997341275,88.58423808639999,16128,0.20756948296912014,23.63034588098526,0.0003,0.006483290417236276,0.029695245757466182,-0.36918618343770504,0.04252081483718939,-58.90037244558334
1296,,216.5763,100.0,2996,,43,,,0.029362808912992477,129600,0.0,,,,,,,,,,,,,
1300,0.0,217.11441,100.0,3012,0.3,43,0.0,0.0,0.029378032311797142,130400,0.0,4.53024063869121,88.58423808639999,0.16816239920444787,88.58423808639999,16192,0.2048707853537053,23.25387194752693,0.0003,0.006486884783953428,0.026799854735145345,0.37117174873128533,0.040709758788580075,-59.46197736263275
1304,,217.11441,100.0,3012,,43,,,0.029378032311797142,130400,0.0,,,,,,,,,,,,,
1308,0.0,217.7281,100.0,3034,0.225,43,0.0,0.0,0.0294049009680748,131200,0.0,4.55215289151224,88.58423808639999,0.1651413906365633,88.58423808639999,16320,0.20635179709643126,23.44310364127159,0.0003,0.006466397055191919,0.028176843334222212,-1.7324020517989993,0.0413889421033673,-60.204478204250336
1312,,217.7281,100.0,3034,,43,,,0.0294049009680748,131200,0.0,,,,,,,,,,,,,
1316,0.0,220.38506,100.0,3048,0.3,43,0.0,0.0,0.029417887330055237,132000,0.0,4.700403968714557,88.58423808639999,0.16413215873762965,88.58423808639999,16384,0.20337617746554315,23.108367800712585,0.0003,0.006442801452067215,0.02689722302602604,-2.189960060874,0.04088913628947921,-60.55628544092178
1320,,220.38506,100.0,3048,,43,,,0.029417887330055237,132000,0.0,,,,,,,,,,,,,
1324,0.0,222.2217,100.0,3070,0.3,43,0.0,0.0,0.02944020926952362,132800,0.0,4.724618389464689,88.58423808639999,0.16315598413348198,88.58423808639999,16512,0.20496779051609337,23.385673999786377,0.0003,0.006385200300428551,0.02764792283414863,-2.6199602126143873,0.04216406724299304,-61.129950404167175
1328,,222.2217,100.0,3070,,43,,,0.02944020926952362,132800,0.0,,,,,,,,,,,,,
1332,0.0,220.98016,100.0,3083,0.22499999999999998,43,0.0,0.0,0.029454713687300682,133600,0.0,3.924624326689923,88.58423808639999,0.16564275929704309,88.58423808639999,16576,0.20391191123053432,23.0039881169796,0.0003,0.006360895182297099,0.026091102365171537,-0.16060298751108348,0.03921779931988567,-61.39800363779068
1336,,220.98016,100.0,3083,,43,,,0.029454713687300682,133600,0.0,,,,,,,,,,,,,
1340,0.0,220.5812,100.0,3106,0.285,43,0.0,0.0,0.029480764642357826,134400,0.0,4.550876719027019,88.58423808639999,0.1669424483552575,88.58423808639999,16704,0.20399258262477815,22.983630388975143,0.0003,0.00632129043515306,0.02702089602826163,-1.6971399928443134,0.03926898416830227,-61.64940130710602
1344,,220.5812,100.0,3106,,43,,,0.029480764642357826,134400,0.0,,,,,,,,,,,,,
1348,0.028069430486638663,221.98416,100.0,3130,0.27599999999999997,43,0.12,0.0,0.029507551342248917,135200,0.0,4.617495137882402,88.58423808639999,0.16506458609364927,88.58423808639999,16832,0.2027932375203818,22.96115481853485,0.0003,0.006276555584918242,0.024463087553158402,-2.0708620799705386,0.039129435404902324,-62.518964886665344
1352,,221.98416,100.0,3130,,43,,,0.029507551342248917,135200,0.0,,,,,,,,,,,,,
1356,0.0,221.53773,100.0,3144,0.3,43,0.0,0.0,0.029518017545342445,136000,0.0,4.49751699359613,88.58423808639999,0.16108549386262894,88.58423808639999,16896,0.19944813195616007,22.786128908395767,0.0003,0.006249196521821432,0.025466134742600843,-2.5534665181767195,0.04082894045859575,-63.05265963077545
1360,,221.53773,100.0,3144,,43,,,0.029518017545342445,136000,0.0,,,,,,,,,,,,,
1364,0.0,222.87415,100.0,3166,0.23699999999999996,43,0.0,0.0,0.02954263985157013,136800,0.0,4.350677550649143,88.58423808639999,0.16198703227564692,88.58423808639999,17024,0.19908821070566773,22.678392708301544,0.0003,0.0062211085023591295,0.026188515272224322,-2.3703944329172373,0.03988343465607613,-63.43450278043747
1368,,222.87415,100.0,3166,,43,,,0.02954263985157013,136800,0.0,,,,,,,,,,,,,
1372,0.0,224.96684,100.0,3180,0.3,43,0.0,0.0,0.029553910717368126,137600,0.0,4.622226095523286,88.58423808639999,0.16049930802546442,88.58423808639999,17088,0.2004481356125325,22.685947358608246,0.0003,0.006199028721312061,0.0254069957009051,-1.7344371695071459,0.038077178702224046,-63.977451145648956
1376,,224.96684,100.0,3180,,43,,,0.029553910717368126,137600,0.0,,,,,,,,,,,,,
1380,0.0,224.83669,100.0,3202,0.3,43,0.0,0.0,0.029575766995549202,138400,0.0,4.1863031604652114,88.58423808639999,0.16276946989819407,88.58423808639999,17216,0.20090727182105184,22.696218013763428,0.0003,0.006144991428300273,0.02521148876985535,-2.5717441646847874,0.03858682396821678,-64.25292003154755
1384,,224.83669,100.0,3202,,43,,,0.029575766995549202,138400,0.0,,,,,,,,,,,,,
1388,0.0,224.73882,100.0,3215,0.3,43,0.0,0.0,0.02958519384264946,139200,0.0,4.802524184829308,88.58423808639999,0.1678735485766083,88.58423808639999,17280,0.2032845967914909,23.098854184150696,0.0003,0.006105310400016606,0.02702234496246092,-1.7942305817268789,0.04010316947824322,-63.91604244709015
1392,,224.73882,100.0,3215,,43,,,0.02958519384264946,139200,0.0,,,,,,,,,,,,,
1396,0.0,224.41873,100.0,3239,0.27299999999999996,43,0.0,0.0,0.029611125588417053,140000,0.0,4.250980843873471,88.58423808639999,0.16314542666077614,88.58423808639999,17408,0.20010366942733526,22.645307332277298,0.0003,0.006075008546758909,0.026118023582966998,-2.453521208371967,0.03896868450101465,-64.89352542161942
1400,,224.41873,100.0,3239,,43,,,0.029611125588417053,140000,0.0,,,,,,,,,,,,,
1404,0.0,225.16391,100.0,3252,0.285,43,0.0,0.0,0.029622068628668785,140800,0.0,4.5903689785296224,86.812553324672,0.16341990744695067,86.812553324672,17472,0.199511444196105,22.285346299409866,0.0003,0.00605456305493135,0.02756781884818338,-0.9164445647038519,0.04069872631225735,-65.28415590524673
1408,,225.16391,100.0,3252,,43,,,0.029622068628668785,140800,0.0,,,,,,,,,,,,,
1412,0.0,224.72153,100.0,3275,0.3,43,0.0,0.0,0.029649458825588226,141600,0.0,4.762191821022852,86.812553324672,0.16329092299565673,86.812553324672,17600,0.20070839021354914,22.286407738924026,0.0003,0.006030184493283741,0.025978575984481722,-0.3459290135651827,0.03860534861451015,-65.90624767541885
1416,,224.72153,100.0,3275,,43,,,0.029649458825588226,141600,0.0,,,,,,,,,,,,,
1420,0.0,224.03809,100.0,3298,0.3,43,0.0,0.0,0.02967715449631214,142400,0.0,4.338075540804824,86.812553324672,0.15789887309074402,86.812553324672,17728,0.20125651895068586,22.35568156838417,0.0003,0.0060291651607258245,0.02429669734556228,-1.161889138398692,0.03860932867974043,-66.99417412281036
1424,,224.03809,100.0,3298,,43,,,0.02967715449631214,142400,0.0,,,,,,,,,,,,,
1428,0.06037890251253697,225.54437,100.0,3311,0.3,43,0.18,0.0,0.029691144824028015,143200,0.0,4.5441982210088865,86.812553324672,0.1618666190188378,86.812553324672,17792,0.2015767521224916,22.371164619922638,0.0003,0.006017347033775877,0.026007347332779318,-0.661082474514842,0.038616699748672545,-66.85252749919891
1432,,225.54437,100.0,3311,,43,,,0.029691144824028015,143200,0.0,,,,,,,,,,,,,
1436,0.0,227.35936,100.0,3334,0.3,43,0.0,0.0,0.029716454446315765,144000,0.0,4.797544360958073,86.812553324672,0.1590945792850107,86.812553324672,17920,0.20249196817167103,22.506509751081467,0.0003,0.0060071928819525056,0.024489305913448334,-0.5913531212136149,0.038727404054952785,-67.60217249393463
1440,,227.35936,100.0,3334,,43,,,0.029716454446315765,144000,0.0,,,,,,,,,,,,,
1444,0.0,225.49568,100.0,3349,0.3,43,0.0,0.0,0.02972906082868576,144800,0.0,3.995437115702936,86.812553324672,0.15933605493046343,86.812553324672,17984,0.20148235210217535,22.507908761501312,0.0003,0.005999843269819394,0.026863766455790028,0.04259282071143389,0.039996258972678334,-67.60723030567169
1448,,225.49568,100.0,3349,,43,,,0.02972906082868576,144800,0.0,,,,,,,,,,,,,
1452,0.0,225.53433,100.0,3372,0.3,43,0.0,0.0,0.029757386073470116,145600,0.0,4.711746747889887,86.812553324672,0.1568422168493271,86.812553324672,18112,0.19709023949690163,22.032444685697556,0.0003,0.0060046614744351245,0.025214476976543665,2.493719646707177,0.03947385816718452,-68.3568525314331
1456,,225.53433,100.0,3372,,43,,,0.029757386073470116,145600,0.0,,,,,,,,,,,,,
1460,0.0,225.95087,100.0,3385,0.3,43,0.0,0.0,0.02977052330970764,146400,0.0,4.7138112479812175,86.812553324672,0.16010744217783213,86.812553324672,18176,0.1978309010155499,21.91827866435051,0.0003,0.006032552679243963,0.025602845824323595,0.17524483520537615,0.03736001779907383,-68.3777996301651
1464,,225.95087,100.0,3385,,43,,,0.02977052330970764,146400,0.0,,,,,,,,,,,,,
1468,0.0,224.57912,100.0,3408,0.3,43,0.0,0.0,0.029795054346323013,147200,0.0,4.0538776313199465,86.812553324672,0.15850119991227984,86.812553324672,18304,0.19506441918201745,21.885876536369324,0.0003,0.006036879865860101,0.026702455535996705,1.4196876401547343,0.03922233427874744,-68.86363863945007
1472,,224.57912,100.0,3408,,43,,,0.029795054346323013,147200,0.0,,,,,,,,,,,,,
1476,0.0,226.2189,100.0,3431,0.2729999999999999,43,0.0,0.0,0.029822805896401405,148000,0.0,4.553341228090899,86.812553324672,0.15981633681803942,86.812553324672,18432,0.19469860079698265,21.64404633641243,0.0003,0.006061592750484124,0.024200745174312033,-0.7809665654785931,0.03767460060771555,-69.35831022262573
1480,,226.2189,100.0,3431,,43,,,0.029822805896401405,148000,0.0,,,,,,,,,,,,,
1484,0.0,226.27885,100.0,3444,0.3,43,0.0,0.0,0.029834073036909103,148800,0.0,4.4809715933706675,86.812553324672,0.1603696586098522,86.812553324672,18496,0.19487367966212332,21.55284559726715,0.0003,0.0060403753886930645,0.024572263268055394,-1.5980780953541398,0.036270554206566885,-69.61553823947906
1488,,226.27885,100.0,3444,,43,,,0.029834073036909103,148800,0.0,,,,,,,,,,,,,
1492,0.0,225.19467,100.0,3467,0.3,43,0.0,0.0,0.029860012233257294,149600,0.0,4.1742002500009106,86.812553324672,0.15619602100923657,86.812553324672,18624,0.19396317354403436,21.86054140329361,0.0003,0.00600379760726355,0.025774077221285552,-1.3651181561872363,0.03972747072111815,-70.27365124225616
1496,,225.19467,100.0,3467,,43,,,0.029860012233257294,149600,0.0,,,,,,,,,,,,,
1500,0.0,226.31715,100.0,3481,0.288,43,0.0,0.0,0.029874250292778015,150400,0.0,4.667728598812462,86.812553324672,0.15706631797365844,86.812553324672,18688,0.1931422899942845,21.55655786395073,0.0003,0.005996682790282648,0.02462561710854061,-0.9401533196214586,0.037661569396732375,-70.58179724216461
1504,,226.31715,100.0,3481,,43,,,0.029874250292778015,150400,0.0,,,,,,,,,,,,,
1508,0.0,226.4333,100.0,3503,0.3,43,0.0,0.0,0.02989911660552025,151200,0.0,4.755616299826415,86.812553324672,0.15770760620944202,86.812553324672,18816,0.19550899881869555,21.93211391568184,0.0003,0.0059765942496596836,0.025175937276799232,0.22194651141762733,0.03878326585981995,-70.933886885643
1512,,226.4333,100.0,3503,,43,,,0.02989911660552025,151200,0.0,,,,,,,,,,,,,
1516,0.0,226.45392,100.0,3517,0.3,43,0.0,0.0,0.029914142563939095,152000,0.0,4.613460116028888,86.812553324672,0.15581882721744478,86.812553324672,18880,0.19541298667900264,21.82711410522461,0.0003,0.005979725712677464,0.02511306390806567,0.429101231507957,0.03870254475623369,-71.33455002307892
1520,,226.45392,100.0,3517,,43,,,0.029914142563939095,152000,0.0,,,,,,,,,,,,,
1524,0.0,224.55693,100.0,3540,0.3,43,0.0,0.0,0.0299454964697361,152800,0.0,4.211327151781819,86.812553324672,0.15473288716748357,86.812553324672,19008,0.19134934386238456,21.211352050304413,0.0003,0.006006606658047531,0.02359304171113763,0.7950174883008003,0.035852088942192495,-71.99238097667694
1528,,224.55693,100.0,3540,,43,,,0.0299454964697361,152800,0.0,,,,,,,,,,,,,
1532,0.0,224.4719,100.0,3555,0.3,43,0.0,0.0,0.029958968982100487,153600,0.0,4.4967913454822686,86.812553324672,0.1557128755375743,86.812553324672,19072,0.1906168747227639,21.413215696811676,0.0003,0.006002548667311203,0.024808839429169893,-1.0698523607570678,0.03701554291183129,-72.09432876110077
1536,,224.4719,100.0,3555,,43,,,0.029958968982100487,153600,0.0,,,,,,,,,,,,,
1540,0.0,226.0018,100.0,3580,0.3,43,0.0,0.0,0.02999276854097843,154400,0.0,4.844173104011776,86.812553324672,0.15168137638829648,86.812553324672,19200,0.1857590633444488,20.678270161151886,0.0003,0.006023479698342271,0.022908740647835657,-0.8073867871426046,0.035624827636638656,-73.07613837718964
1544,,226.0018,100.0,3580,,43,,,0.02999276854097843,154400,0.0,,,,,,,,,,,,,
1548,0.0,226.07637,100.0,3603,0.3,43,0.0,0.0,0.030019735917448997,155200,0.0,4.207871386248403,86.812553324672,0.16021963790990412,86.812553324672,19328,0.1908170992974192,21.29819816350937,0.0003,0.006023455280228518,0.024786541573121212,2.2378937678877264,0.03560648130951449,-72.5790845155716
1552,,226.07637,100.0,3603,,43,,,0.030019735917448997,155200,0.0,,,,,,,,,,,,,
1556,0.0,226.37065,100.0,3617,0.3,43,0.0,0.0,0.030038055032491684,156000,0.0,4.619536311121582,86.812553324672,0.15679254848510027,86.812553324672,19392,0.19053343241102993,21.16522914171219,0.0003,0.006060092062398326,0.02250249750795774,2.0826109563931823,0.03463590028695762,-73.28931474685669
1560,,226.37065,100.0,3617,,43,,,0.030038055032491684,156000,0.0,,,,,,,,,,,,,
1564,0.09808502762033072,227.20677,100.0,3640,0.3,43,0.27,0.0,0.030069701373577118,156800,0.0,4.7031667418529715,86.812553324672,0.15781301795504987,86.812553324672,19520,0.19123047566972673,21.238968819379807,0.0003,0.0060945508084842,0.024677254870766774,0.3145464356057346,0.03588068889803253,-73.55716300010681
1568,,227.20677,100.0,3640,,43,,,0.030069701373577118,156800,0.0,,,,,,,,,,,,,
1572,0.0,228.67957,100.0,3653,0.3,43,0.0,0.0,0.030079251155257225,157600,0.0,4.552762368960838,86.812553324672,0.15492907771840692,86.812553324672,19584,0.18526720511727035,20.730224400758743,0.0003,0.006077461512177251,0.02489643867011182,-2.0519925442058593,0.034680334909353405,-73.93528366088867
1576,,228.67957,100.0,3653,,43,,,0.030079251155257225,157600,0.0,,,,,,,,,,,,,
1580,0.0,228.5517,100.0,3676,0.3,43,0.0,0.0,0.030107298865914345,158400,0.0,4.539789385544219,86.812553324672,0.1521066918503493,86.812553324672,19712,0.18786263396032155,21.037796527147293,0.0003,0.006046191650966648,0.02300038971588947,0.7507904036901891,0.03614661013125442,-74.79731333255768
1584,,228.5517,100.0,3676,,43,,,0.030107298865914345,158400,0.0,,,,,,,,,,,,,
1588,0.0,231.69853,100.0,3690,0.3,43,0.0,0.0,0.030126342549920082,159200,0.0,4.730681842156413,86.812553324672,0.15371981193311512,86.812553324672,19776,0.18879711371846497,21.216635406017303,0.0003,0.0060583250160561875,0.02438135647389572,0.4406218162039295,0.036905308661516756,-74.66518497467041
1592,,231.69853,100.0,3690,,43,,,0.030126342549920082,159200,0.0,,,,,,,,,,,,,
1596,0.0,232.0004,100.0,3714,0.3,43,0.0,0.0,0.03015979751944542,160000,0.0,4.637276204083442,86.812553324672,0.15030532493256032,86.812553324672,19904,0.18731600907631218,21.047961950302124,0.0003,0.006071531453926582,0.02369665562582668,-0.37533190520480275,0.03554413793608546,-75.59493505954742
1600,,232.0004,100.0,3714,,43,,,0.03015979751944542,160000,0.0,,,,,,,,,,,,,
1604,0.0,232.21979,100.0,3738,0.3,43,0.0,0.0,0.03018760308623314,160800,0.0,4.88169875777791,85.07630225817854,0.1490174480713904,85.07630225817854,20032,0.18088191864080727,20.087609112262726,0.0003,0.006046698261343408,0.02447258893516846,1.2916025761514902,0.036839976033661515,-76.43919360637665
1608,,232.21979,100.0,3738,,43,,,0.03018760308623314,160800,0.0,,,,,,,,,,,,,
1612,0.0,233.33163,100.0,3751,0.3,43,0.0,0.0,0.03020314872264862,161600,0.0,4.385052908837617,85.07630225817854,0.14969614427536726,85.07630225817854,20096,0.18015060178004205,20.05724933743477,0.0003,0.00605453945172485,0.025221234289347194,0.73088538646698,0.03660034132190049,-76.4341311454773
1616,,233.33163,100.0,3751,,43,,,0.03020314872264862,161600,0.0,,,,,,,,,,,,,
1620,0.0,232.94704,100.0,3774,0.25499999999999995,43,0.0,0.0,0.030235305428504944,162400,0.0,4.428885827791032,85.07630225817854,0.14881467702798545,85.07630225817854,20224,0.1775939236395061,19.851959198713303,0.0003,0.006081175735744182,0.02476469476823695,-1.2332757527474314,0.036557689774781466,-76.89833688735962
1624,,232.94704,100.0,3774,,43,,,0.030235305428504944,162400,0.0,,,,,,,,,,,,,
1628,0.0,232.86493,100.0,3787,0.3,43,0.0,0.0,0.03024790622293949,163200,0.0,4.440896086028967,85.07630225817854,0.14793621189892292,85.07630225817854,20288,0.18055618088692427,20.061372220516205,0.0003,0.006070028422982432,0.024405136951827444,-0.056492536794394255,0.036403294740011916,-77.30992269515991
1632,,232.86493,100.0,3787,,43,,,0.03024790622293949,163200,0.0,,,,,,,,,,,,,
1636,0.0,233.34341,100.0,3810,0.3,43,0.0,0.0,0.030275963246822357,164000,0.0,4.6810697559381795,85.07630225817854,0.14943724777549505,85.07630225817854,20416,0.18003935017623007,19.817677944898605,0.0003,0.006065582238079514,0.02430927037494257,-0.9175087148323655,0.03507627762155607,-77.49611449241638
1640,,233.34341,100.0,3810,,43,,,0.030275963246822357,164000,0.0,,,,,,,,,,,,,
1644,0.0,232.64706,100.0,3823,0.3,43,0.0,0.0,0.030284516513347626,164800,0.0,4.710972742884497,85.07630225817854,0.1511891707777977,85.07630225817854,20480,0.17929204180836678,19.94838437438011,0.0003,0.006047600712918211,0.026075490633957088,-2.625937689561397,0.03620594847598113,-77.53840434551239
1648,,232.64706,100.0,3823,,43,,,0.030284516513347626,164800,0.0,,,,,,,,,,,,,
1652,0.18077562129542987,235.34851,100.0,3847,0.282,43,0.69,0.0,0.03031466342508793,165600,0.0,4.501024049192705,85.07630225817854,0.1519735788460821,85.07630225817854,20608,0.17902781278826296,19.97589620947838,0.0003,0.006029025207681116,0.02559004502836615,-0.6995500572957098,0.03597799548879266,-77.84221148490906
1656,,235.34851,100.0,3847,,43,,,0.03031466342508793,165600,0.0,,,,,,,,,,,,,
1660,0.0,234.0503,100.0,3860,0.3,43,0.0,0.0,0.03033604472875595,166400,0.0,4.3292842298714325,85.07630225817854,0.1512051820755005,85.07630225817854,20672,0.18003205279819667,19.934512078762054,0.0003,0.0060314559523249045,0.02515135463909246,1.229665845632553,0.035507802182110026,-78.06475734710693
1664,,234.0503,100.0,3860,,43,,,0.03033604472875595,166400,0.0,,,,,,,,,,,,,
1668,0.12630871470098978,234.3669,100.0,3882,0.3,43,0.36,0.0,0.030367042869329453,167200,0.0,4.450320818677197,85.07630225817854,0.1496180617250502,85.07630225817854,20800,0.1797461761161685,20.052206456661224,0.0003,0.006035644073563162,0.02658574985980522,-0.27098300820216537,0.037791976355947554,-78.58254432678223
1672,,234.3669,100.0,3882,,43,,,0.030367042869329453,167200,0.0,,,,,,,,,,,,,
1676,0.0,233.85185,100.0,3905,0.3,43,0.0,0.0,0.030392935499548912,168000,0.0,4.460168298674858,85.07630225817854,0.1525079640559852,85.07630225817854,20928,0.17892932752147317,20.14357590675354,0.0003,0.006031210876244586,0.02747176753473468,-1.6041322716046125,0.038611209398368374,-78.77716362476349
1680,,233.85185,100.0,3905,,43,,,0.030392935499548912,168000,0.0,,,,,,,,,,,,,
1684,0.0,233.49586,100.0,3918,0.3,43,0.0,0.0,0.03040136955678463,168800,0.0,4.598292513800217,85.07630225817854,0.15004672692157328,85.07630225817854,20992,0.18026665993966162,20.026844531297684,0.0003,0.006005511662806384,0.023516763889347203,-1.883730398491025,0.0359400300658308,-79.45500898361206
1688,,233.49586,100.0,3918,,43,,,0.03040136955678463,168800,0.0,,,,,,,,,,,,,
1692,0.0,231.34828,100.0,3941,0.3,43,0.0,0.0,0.03043198212981224,169600,0.0,4.5254921769134535,85.07630225817854,0.14969334681518376,85.07630225817854,21120,0.17727842996828258,19.74099227786064,0.0003,0.00597422420833027,0.023085165885277092,-0.9348872900009155,0.03547697968315333,-79.93674290180206
1696,,231.34828,100.0,3941,,43,,,0.03043198212981224,169600,0.0,,,,,,,,,,,,,
1700,0.009136030498970181,231.15746,100.0,3955,0.3,43,0.03,0.0,0.030442748218774796,170400,0.0,4.354280660993805,85.07630225817854,0.15346826543100178,85.07630225817854,21184,0.17847490799613297,20.033754289150238,0.0003,0.005959957336017396,0.02646109988563694,-0.5131406206637621,0.037278351810527965,-79.51419961452484
1704,,231.15746,100.0,3955,,43,,,0.030442748218774796,170400,0.0,,,,,,,,,,,,,
1708,0.0,230.75885,100.0,3978,0.3,43,0.0,0.0,0.03047322668135166,171200,0.0,4.5381104277583555,85.07630225817854,0.15432795393280685,85.07630225817854,21312,0.1788098174147308,20.006308168172836,0.0003,0.005969936340989079,0.026121243368834257,-0.21442060475237668,0.0365261510014534,-79.7864238023758
1712,,230.75885,100.0,3978,,43,,,0.03047322668135166,171200,0.0,,,,,,,,,,,,,
1716,0.0,231.90839,100.0,3992,0.3,43,0.0,0.0,0.03048800490796566,172000,0.0,4.936874993176197,85.07630225817854,0.1507241358049214,85.07630225817854,21376,0.17929200665093958,19.96888130903244,0.0003,0.005956339111435227,0.024086203338811174,-1.8106387499719858,0.03630050382344052,-80.53406083583832
1720,,231.90839,100.0,3992,,43,,,0.03048800490796566,172000,0.0,,,,,,,,,,,,,
1724,0.0,232.00168,100.0,4015,0.3,43,0.0,0.0,0.03051835484802723,172800,0.0,4.500404826673579,85.07630225817854,0.15810393495485187,85.07630225817854,21504,0.17867869464680552,19.98965549468994,0.0003,0.005933650616498198,0.025401584134669974,-0.7410100875422359,0.036465792363742366,-80.18446373939514
1728,,232.00168,100.0,4015,,43,,,0.03051835484802723,172800,0.0,,,,,,,,,,,,,
1732,0.0,231.66756,100.0,4037,0.3,42,0.0,0.0,0.030543150380253792,173600,0.0,4.610841950769322,85.07630225817854,0.14760175975970924,85.07630225817854,21632,0.17481626104563475,19.551849842071533,0.0003,0.005910649633733556,0.024569820481701754,-1.2822272562189028,0.035849963111104444,-81.54968810081482
1736,,231.66756,100.0,4037,,42,,,0.030543150380253792,173600,0.0,,,,,,,,,,,,,
1740,0.0,231.05774,100.0,4050,0.3,43,0.0,0.0,0.030560383573174477,174400,0.0,4.550989277939778,85.07630225817854,0.15026115346699953,85.07630225817854,21696,0.17701581167057157,19.844318002462387,0.0003,0.005901588920096401,0.025552650608005933,0.03761907311854884,0.03745616230298765,-81.41538619995117
1744,,231.05774,100.0,4050,,43,,,0.030560383573174477,174400,0.0,,,,,,,,,,,,,
1748,0.04030154178820945,230.31245,100.0,4073,0.3,43,0.15,0.0,0.030586086213588715,175200,0.0,4.60644014141867,85.07630225817854,0.14899643626995385,85.07630225817854,21824,0.17502650478854775,19.68787458539009,0.0003,0.0058728218282340094,0.025043728353921324,-0.23672227677889168,0.03698000428266823,-81.89085471630096
1752,,230.31245,100.0,4073,,43,,,0.030586086213588715,175200,0.0,,,,,,,,,,,,,
1756,0.01125136755886908,228.95558,100.0,4086,0.3,43,0.03,0.0,0.030603256076574326,176000,0.0,4.775863205299628,85.07630225817854,0.15059222956188023,85.07630225817854,21888,0.1750976440962404,19.783401787281036,0.0003,0.005882964287593495,0.027244678902206942,2.043776636943221,0.038355776167009026,-81.75224816799164
1760,,228.95558,100.0,4086,,43,,,0.030603256076574326,176000,0.0,,,,,,,,,,,,,
1764,0.0,228.94348,100.0,4111,0.3,43,0.0,0.0,0.03062901832163334,176800,0.0,4.810937503988935,85.07630225817854,0.14582494762726128,85.07630225817854,22016,0.1729901866056025,19.354022353887558,0.0003,0.0058876426628557965,0.025625687019783072,-0.7747511900961399,0.03583527894807048,-82.59770226478577
1768,,228.94348,100.0,4111,,43,,,0.03062901832163334,176800,0.0,,,,,,,,,,,,,
1772,0.008556499237819626,229.6277,100.0,4125,0.3,43,0.03,0.0,0.03064187616109848,177600,0.0,4.710335992039657,85.07630225817854,0.1476660028565675,85.07630225817854,22080,0.1745743090286851,19.446366667747498,0.0003,0.005877268333279062,0.024558292789151892,-0.5355115083511919,0.03529560755123384,-82.69337284564972
1776,,229.6277,100.0,4125,,43,,,0.03064187616109848,177600,0.0,,,,,,,,,,,,,
1780,0.0,228.95033,100.0,4148,0.26099999999999995,43,0.0,0.0,0.03066999278962612,178400,0.0,4.35931523282283,85.07630225817854,0.14661772176623344,85.07630225817854,22208,0.1709203887730837,19.20780974626541,0.0003,0.005877059520571493,0.02653760672546923,0.14869449264369905,0.036287891532992944,-82.97885501384735
1784,,228.95033,100.0,4148,,43,,,0.03066999278962612,178400,0.0,,,,,,,,,,,,,
1788,0.0,228.75984,100.0,4161,0.3,43,0.0,0.0,0.030683519318699837,179200,0.0,4.025418787642335,85.07630225817854,0.14531476399861276,85.07630225817854,22272,0.16974241053685546,19.02165886759758,0.0003,0.005873310241440777,0.02465288041275926,-0.2427048124372959,0.03549053019378334,-83.38736283779144
1792,,228.75984,100.0,4161,,43,,,0.030683519318699837,179200,0.0,,,,,,,,,,,,,
1796,0.0,228.93332,100.0,4185,0.3,43,0.0,0.0,0.030708005651831627,180000,0.0,4.21925624819134,85.07630225817854,0.14496092381887138,85.07630225817854,22400,0.17161358520388603,19.337085992097855,0.0003,0.005849062843481079,0.02530017313256394,-0.8918669284321368,0.03676921391161159,-83.71022748947144
1800,,228.93332,100.0,4185,,43,,,0.030708005651831627,180000,0.0,,,,,,,,,,,,,
1804,0.0,228.58368,100.0,4207,0.3,42,0.0,0.0,0.03073827363550663,180800,0.0,4.567517786796176,83.37477621301498,0.1430126039776951,83.37477621301498,22528,0.1685030439402908,18.698427587747574,0.0003,0.005840955884195864,0.026675532571971416,1.1365600035060197,0.03670221593347378,-84.33101773262024
1808,,228.58368,100.0,4207,,42,,,0.03073827363550663,180800,0.0,,,,,,,,,,,,,
1812,0.0,227.96162,100.0,4221,0.3,43,0.0,0.0,0.03075704351067543,181600,0.0,4.484131532052154,83.37477621301498,0.1454567350447178,83.37477621301498,22592,0.17028931458480656,18.681660532951355,0.0003,0.005858890603121836,0.024068749276921153,0.8804259928874671,0.03511416181572713,-84.45702302455902
1816,,227.96162,100.0,4221,,43,,,0.03075704351067543,181600,0.0,,,,,,,,,,,,,
1820,0.0,228.11563,100.0,4245,0.29699999999999993,42,0.0,0.0,0.03077923133969307,182400,0.0,4.476396525844127,83.37477621301498,0.14679435454308987,83.37477621301498,22720,0.1706037789117545,18.922025233507156,0.0003,0.005854785886185709,0.026357137656304985,-0.5886332935187966,0.03711531637236476,-84.52866280078888
1824,,228.11563,100.0,4245,,42,,,0.03077923133969307,182400,0.0,,,,,,,,,,,,,
1828,0.0,227.43106,100.0,4258,0.29699999999999993,43,0.0,0.0,0.030795030295848846,183200,0.0,4.272210331431961,83.37477621301498,0.14276782772503793,83.37477621301498,22784,0.1675318202469498,18.576960653066635,0.0003,0.005861013109097257,0.026923207769868895,1.31580376974307,0.03663255149149336,-84.98107075691223
1832,,227.43106,100.0,4258,,43,,,0.030795030295848846,183200,0.0,,,,,,,,,,,,,
1836,0.0,227.51941,100.0,4282,0.3,42,0.0,0.0,0.030816175043582916,184000,0.0,4.675258339547427,83.37477621301498,0.14198647649027407,83.37477621301498,22912,0.16666097193956375,18.413114622235298,0.0003,0.005860413191840053,0.02430634263146203,-1.011131736682728,0.03528540121624246,-85.57664096355438
1840,,227.51941,100.0,4282,,42,,,0.030816175043582916,184000,0.0,,,,,,,,,,,,,
1844,0.008060248302598525,229.01764,100.0,4296,0.3,43,0.03,0.0,0.03082989901304245,184800,0.0,4.853334629247089,83.37477621301498,0.14120862679556012,83.37477621301498,22976,0.16797049273736775,18.660388082265854,0.0003,0.005850421577633824,0.025611009419662878,1.0966265187598765,0.036027465073857456,-85.63878762722015
1848,,229.01764,100.0,4296,,43,,,0.03082989901304245,184800,0.0,,,,,,,,,,,,,
1852,0.0,229.59842,100.0,4320,0.26099999999999995,42,0.0,0.0,0.0308562982827425,185600,0.0,4.7927793363358075,83.37477621301498,0.1410082159563899,83.37477621301498,23104,0.16596876527182758,18.243044912815094,0.0003,0.005859799734025728,0.02348840786726214,0.011053907917812467,0.034092131740180776,-86.15346157550812
1856,,229.59842,100.0,4320,,42,,,0.0308562982827425,185600,0.0,,,,,,,,,,,,,
1860,0.0,230.31628,100.0,4343,0.3,42,0.0,0.0,0.03088417835533619,186400,0.0,4.772445004067888,83.37477621301498,0.13970988395158201,83.37477621301498,23232,0.1648555740248412,18.317676782608032,0.0003,0.005875588743947446,0.025617680774303153,-2.0723701275419444,0.03581400928669609,-86.38287627696991
1864,,230.31628,100.0,4343,,42,,,0.03088417835533619,186400,0.0,,,,,,,,,,,,,
1868,0.021933529871900403,229.17691,100.0,4356,0.3,42,0.09,0.0,0.03089531883597374,187200,0.0,4.383518582093379,83.37477621301498,0.14710920141078532,83.37477621301498,23296,0.16412057727575302,18.03335440158844,0.0003,0.005850549139722716,0.024912724824389443,-1.4212973755784333,0.03412036955705844,-85.96602237224579
1872,,229.17691,100.0,4356,,42,,,0.03089531883597374,187200,0.0,,,,,,,,,,,,,
1876,0.0,230.25693,100.0,4380,0.288,42,0.0,0.0,0.03091288171708584,188000,0.0,4.8321453651817095,83.37477621301498,0.14343398506753147,83.37477621301498,23424,0.16463981405831873,18.286208480596542,0.0003,0.005796558929432649,0.024974189029308036,-1.2341434201225638,0.0349484289472457,-86.72322428226471
1880,,230.25693,100.0,4380,,42,,,0.03091288171708584,188000,0.0,,,,,,,,,,,,,
1884,0.19473654532207568,232.12836,100.0,4393,0.3,42,0.78,0.0,0.030929872766137123,188800,0.0,4.841342489778998,83.37477621301498,0.14228110760450363,83.37477621301498,23488,0.16375871957279742,18.11778762936592,0.0003,0.005806034911074676,0.023570422607008368,1.5626096884952858,0.034941679012263194,-86.88474154472351
1888,,232.12836,100.0,4393,,42,,,0.030929872766137123,188800,0.0,,,,,,,,,,,,,
1892,0.005167990778126022,233.52287,100.0,4417,0.3,42,0.03,0.0,0.03095339983701706,189600,0.0,4.777842526122179,83.37477621301498,0.1398184229619801,83.37477621301498,23616,0.16469480097293854,18.13997581601143,0.0003,0.005806403270980809,0.02305223437724635,-1.3627561847679317,0.03447725478326902,-87.51347625255585
1896,,233.52287,100.0,4417,,42,,,0.03095339983701706,189600,0.0,,,,,,,,,,,,,
1900,0.0,234.99799,100.0,4430,0.3,42,0.0,0.0,0.030966244637966156,190400,0.0,4.772434175131578,83.37477621301498,0.1416167642455548,83.37477621301498,23680,0.163712844485417,18.14241798222065,0.0003,0.005800937855383381,0.02426435484085232,0.9550402763998136,0.036058493045857176,-87.4028708934784
1904,,234.99799,100.0,4430,,42,,,0.030966244637966156,190400,0.0,,,,,,,,,,,,,
1908,0.02375097595971378,235.83594,100.0,4453,0.3,42,0.06,0.0,0.030996855348348618,191200,0.0,4.673244644976727,83.37477621301498,0.14280466781929135,83.37477621301498,23808,0.16076116356998682,17.81529900431633,0.0003,0.0058313763292972,0.02463127169176005,0.6871354575268924,0.03391818719683215,-87.56869006156921
1912,,235.83594,100.0,4453,,42,,,0.030996855348348618,191200,0.0,,,,,,,,,,,,,
1916,0.0,235.26544,100.0,4466,0.29699999999999993,42,0.0,0.0,0.03100910224020481,192000,0.0,4.408007585131841,83.37477621301498,0.138498394517228,83.37477621301498,23872,0.16036949609406292,17.86470751464367,0.0003,0.00583994703629287,0.024571871996158734,0.18348981626331806,0.03552906381082721,-88.02369940280914
1920,,235.26544,100.0,4466,,42,,,0.03100910224020481,192000,0.0,,,,,,,,,,,,,
1924,0.03099684825220913,237.4191,100.0,4489,0.3,42,0.12,0.0,0.031032895669341087,192800,0.0,4.897598153316489,83.37477621301498,0.1372105716727674,83.37477621301498,24000,0.16143004200421274,17.8864868581295,0.0003,0.005833841220010072,0.024400465306825936,1.2944484162144363,0.034578593797050416,-88.49216890335083
1928,,237.4191,100.0,4489,,42,,,0.031032895669341087,192800,0.0,,,,,,,,,,,,,
1932,0.009482585132499874,238.09673,100.0,4512,0.3,42,0.03,0.0,0.031057389453053474,193600,0.0,4.775647298651069,83.37477621301498,0.1377128732856363,83.37477621301498,24128,0.15939110168255866,17.73278135061264,0.0003,0.005867166604730301,0.02389135966950562,0.5332769608357921,0.03485168423503637,-88.89806306362152
1936,,238.09673,100.0,4512,,42,,,0.031057389453053474,193600,0.0,,,,,,,,,,,,,
1940,0.0,236.6029,100.0,4526,0.3,42,0.0,0.0,0.03106822445988655,194400,0.0,4.345971679633907,83.37477621301498,0.14001228054985404,83.37477621301498,24192,0.15924549475312233,17.739616855978966,0.0003,0.005867366271559149,0.02465192695672158,-0.34226600220426917,0.03467112412909046,-88.7505007982254
1944,,236.6029,100.0,4526,,42,,,0.03106822445988655,194400,0.0,,,,,,,,,,,,,
1948,0.0,236.29492,100.0,4549,0.3,42,0.0,0.0,0.03109855018556118,195200,0.0,4.908964309569436,83.37477621301498,0.13550309767015278,83.37477621301498,24320,0.1604895710479468,17.833534687757492,0.0003,0.0059064264059998095,0.0222930908203125,0.36984675971325487,0.03389571746811271,-89.63629603385925
1952,,236.29492,100.0,4549,,42,,,0.03109855018556118,195200,0.0,,,,,,,,,,,,,
1956,0.0,235.73578,100.0,4563,0.26699999999999996,42,0.0,0.0,0.031109608709812164,196000,0.0,4.606908249850744,83.37477621301498,0.13922414043918252,83.37477621301498,24384,0.16195615055039525,17.8744595348835,0.0003,0.005905848702241201,0.02346834327909164,0.3985541411675513,0.03354893275536597,-89.29571437835693
1960,,235.73578,100.0,4563,,42,,,0.031109608709812164,196000,0.0,,,,,,,,,,,,,
1964,0.025160964361601437,236.22125,100.0,4587,0.3,42,0.09,0.0,0.03113825060427189,196800,0.0,4.791674024630336,83.37477621301498,0.1372329331934452,83.37477621301498,24512,0.16210463410243392,18.13221088051796,0.0003,0.005928201171627734,0.025030769320437685,0.7608433845452964,0.03555907428381033,-89.60208034515381
1968,,236.22125,100.0,4587,,42,,,0.03113825060427189,196800,0.0,,,,,,,,,,,,,
1972,0.0,236.6809,100.0,4602,0.3,42,0.0,0.0,0.031154939904808998,197600,0.0,4.734612224028954,83.37477621301498,0.13993651675991714,83.37477621301498,24576,0.1598833561874926,17.70228999853134,0.0003,0.005938285459706094,0.023602319008205086,1.4018308909144253,0.03354538531857543,-89.60688376426697
1976,,236.6809,100.0,4602,,42,,,0.031154939904808998,197600,0.0,,,,,,,,,,,,,
1980,0.0,235.63855,100.0,4625,0.22499999999999998,42,0.0,0.0,0.03118879534304142,198400,0.0,4.059446847409254,83.37477621301498,0.13845600886270404,83.37477621301498,24704,0.1562642245553434,17.586502879858017,0.0003,0.00597713725437643,0.02388425203389488,-0.7634807792492211,0.034515634702984244,-89.92758584022522
1984,,235.63855,100.0,4625,,42,,,0.03118879534304142,198400,0.0,,,,,,,,,,,,,
1988,0.0,234.27304,100.0,4648,0.3,42,0.0,0.0,0.03122217021882534,199200,0.0,4.711958377905922,83.37477621301498,0.13612589496187866,83.37477621301498,24832,0.15803726855665445,17.493150368332863,0.0003,0.005996748041070532,0.02224475672119297,2.1037706485949457,0.03317692966083996,-90.58796858787537
1992,,234.27304,100.0,4648,,42,,,0.03122217021882534,199200,0.0,,,,,,,,,,,,,
1996,0.0,235.57721,100.0,4662,0.3,42,0.0,0.0,0.031237918883562088,200000,0.0,5.099220360261925,83.37477621301498,0.13375181518495083,83.37477621301498,24896,0.15643541514873505,17.47441190481186,0.0003,0.006016795778123196,0.022558463882887736,0.5038615739904344,0.03304337014560588,-90.86102521419525
2000,,235.57721,100.0,4662,,42,,,0.031237918883562088,200000,0.0,,,,,,,,,,,,,
2004,0.0,235.3504,100.0,4686,0.3,42,0.0,0.0,0.031272292137145996,200800,0.0,4.6619493812282,81.70728068875466,0.13395006966311485,81.70728068875466,25024,0.15562078240327537,16.940802976489067,0.0003,0.00604337018012302,0.022094323590863496,1.6066889706999063,0.03184594112099148,-91.43715739250183
2008,,235.3504,100.0,4686,,42,,,0.031272292137145996,200800,0.0,,,,,,,,,,,,,
2012,0.1129396041008141,235.83345,100.0,4700,0.3,42,0.39,0.0,0.03128672391176224,201600,0.0,4.559488654239441,81.70728068875466,0.1352603017585352,81.70728068875466,25088,0.15753956185653806,17.149777978658676,0.0003,0.006064879547921009,0.021955048548988998,0.5859188381582499,0.032611627160804346,-91.43831038475037
2016,,235.83345,100.0,4700,,42,,,0.03128672391176224,201600,0.0,,,,,,,,,,,,,
2020,0.07690176111086894,236.68416,100.0,4723,0.3,42,0.27,0.0,0.03131084516644478,202400,0.0,4.932831232252575,81.70728068875466,0.13558040943462402,81.70728068875466,25216,0.15524868131615222,16.967058926820755,0.0003,0.0060568665285245515,0.0232480895210756,0.22646737867034972,0.03314740560017526,-91.5069934129715
2024,,236.68416,100.0,4723,,42,,,0.03131084516644478,202400,0.0,,,,,,,,,,,,,
2028,0.0,236.66489,100.0,4736,0.3,42,0.0,0.0,0.031327083706855774,203200,0.0,4.879047334061079,81.70728068875466,0.1341530962381512,81.70728068875466,25280,0.15289613115601242,16.860666304826736,0.0003,0.006068450973543804,0.022590855980524793,1.7263554877135903,0.03417700083809905,-91.73849678039551
2032,,236.66489,100.0,4736,,42,,,0.031327083706855774,203200,0.0,,,,,,,,,,,,,
2036,0.0,236.8058,100.0,4760,0.294,42,0.0,0.0,0.03135450929403305,204000,0.0,4.762923329147547,81.70728068875466,0.1310165768954903,81.70728068875466,25408,0.14934602426365018,16.43258337676525,0.0003,0.006091957300668582,0.02255932985281106,-1.9861048408783972,0.03297436793218367,-92.29518556594849
2040,,236.8058,100.0,4760,,42,,,0.03135450929403305,204000,0.0,,,,,,,,,,,,,
2044,0.08361000109040974,240.13164,100.0,4773,0.3,42,0.36,0.0,0.03136767819523811,204800,0.0,4.854584510467565,81.70728068875466,0.13279996626079082,81.70728068875466,25472,0.1522460028063506,16.841269999742508,0.0003,0.006079433020204306,0.02477293217089027,1.5018768582958728,0.03398198104696348,-92.11746299266815
2048,,240.13164,100.0,4773,,42,,,0.03136767819523811,204800,0.0,,,,,,,,,,,,,
2052,0.10512064522282172,240.30063,100.0,4796,0.26099999999999995,42,0.33,0.0,0.03139064460992813,205600,0.0,4.682332870545042,81.70728068875466,0.1375851985067129,81.70728068875466,25600,0.15124700381420553,16.737654954195023,0.0003,0.0061043863533996046,0.023492860404076055,0.6220149879809469,0.034086112951627,-92.00759744644165
2056,,240.30063,100.0,4796,,42,,,0.03139064460992813,205600,0.0,,,,,,,,,,,,,
2060,0.0196934757347792,239.1658,100.0,4819,0.3,42,0.09,0.0,0.031417034566402435,206400,0.0,4.871695968547117,81.70728068875466,0.1308386737946421,81.70728068875466,25728,0.1512812077999115,16.488228246569633,0.0003,0.006115959113230929,0.021980445526423864,2.666923596523702,0.030681540752993897,-92.95748043060303
2064,,239.1658,100.0,4819,,42,,,0.031417034566402435,206400,0.0,,,,,,,,,,,,,
2068,0.0,239.80685,100.0,4833,0.3,42,0.0,0.0,0.03143316134810448,207200,0.0,4.7946654584098924,81.70728068875466,0.12933116196654737,81.70728068875466,25792,0.14951812219806015,16.570141568779945,0.0003,0.0061479860451072454,0.02417929049988743,0.4701894633471966,0.032898196164751425,-93.1183602809906
2072,,239.80685,100.0,4833,,42,,,0.03143316134810448,207200,0.0,,,,,,,,,,,,,
2076,0.0,240.30307,100.0,4858,0.2909999999999999,42,0.0,0.0,0.031465690582990646,208000,0.0,4.7369999390237005,81.70728068875466,0.13073638617061079,81.70728068875466,25920,0.15168772544711828,16.671422943472862,0.0003,0.006184529353049584,0.02144128033251036,0.48330976930446923,0.032390003703767434,-93.34053075313568
2080,,240.30307,100.0,4858,,42,,,0.031465690582990646,208000,0.0,,,,,,,,,,,,,
2084,0.0,241.66583,100.0,4872,0.3,42,0.0,0.0,0.03147530183196068,208800,0.0,4.754986665663436,81.70728068875466,0.12865641398821026,81.70728068875466,25984,0.14984965277835727,16.427501678466797,0.0003,0.006188775158079807,0.02165683379280381,0.49590316717512906,0.03086561689269729,-93.62099003791809
2088,,241.66583,100.0,4872,,42,,,0.03147530183196068,208800,0.0,,,,,,,,,,,,,
2092,0.0,241.94896,100.0,4897,0.3,42,0.0,0.0,0.03150838240981102,209600,0.0,4.763142836812212,81.70728068875466,0.129630115814507,81.70728068875466,26112,0.14885684312321246,16.309609562158585,0.0003,0.006232129097043071,0.02167307374475058,3.3841314897872508,0.031039316643727943,-93.80835664272308
2096,,241.94896,100.0,4897,,42,,,0.03150838240981102,209600,0.0,,,,,,,,,,,,,
2100,0.0,242.30406,100.0,4911,0.3,42,0.0,0.0,0.03152303397655487,210400,0.0,5.098415159949986,81.70728068875466,0.12740043050143868,81.70728068875466,26176,0.1465964443050325,16.293542116880417,0.0003,0.0062661803676746786,0.021978847798891366,-0.5253022876568139,0.032896469871047884,-94.09582853317261
2104,,242.30406,100.0,4911,,42,,,0.03152303397655487,210400,0.0,,,,,,,,,,,,,
2108,0.16807181490723963,243.45007,100.0,4934,0.2879999999999999,42,0.66,0.0,0.031552478671073914,211200,0.0,4.596636465800214,81.70728068875466,0.12678539555054158,81.70728068875466,26304,0.14543312950991094,16.155070066452026,0.0003,0.006245378790481482,0.022239711310248822,0.9833215046674013,0.03204910675412975,-94.36131751537323
2112,,243.45007,100.0,4934,,42,,,0.031552478671073914,211200,0.0,,,,,,,,,,,,,
2116,0.09778600594680166,242.79456,100.0,4959,0.3,42,0.39,0.0,0.0315844863653183,212000,0.0,4.2432535073446696,81.70728068875466,0.13168918143492192,81.70728068875466,26432,0.14813947258517146,16.320793449878693,0.0003,0.006269517027249094,0.023086279499693774,-1.1983223999850452,0.031964086374500766,-94.1262983083725
2120,,242.79456,100.0,4959,,42,,,0.0315844863653183,212000,0.0,,,,,,,,,,,,,
2124,0.0,240.69989,100.0,4972,0.3,42,0.0,0.0,0.03159407526254654,212800,0.0,4.529913485480811,81.70728068875466,0.1317302924580872,81.70728068875466,26496,0.14842227776534855,16.372881710529327,0.0003,0.006241584553208668,0.022075717264669947,-2.5651200430002064,0.03209468492423184,-94.35084557533264
2128,,240.69989,100.0,4972,,42,,,0.03159407526254654,212800,0.0,,,,,,,,,,,,,
2132,0.0,240.21074,100.0,4997,0.2879999999999999,42,0.0,0.0,0.03161339461803436,213600,0.0,4.931946957757297,81.70728068875466,0.1293999821646139,81.70728068875466,26624,0.14695688476786017,16.223081171512604,0.0003,0.0061693888128502294,0.022056478235754184,-1.7232580175623298,0.03116682218387723,-94.72973251342773
2136,,240.21074,100.0,4997,,42,,,0.03161339461803436,213600,0.0,,,,,,,,,,,,,
2140,0.0,238.27846,100.0,5011,0.3,42,0.0,0.0,0.031626127660274506,214400,0.0,4.496368883967429,81.70728068875466,0.13056912389583886,81.70728068875466,26688,0.14758582785725594,16.509701445698738,0.0003,0.006151087101898156,0.02394634317897726,-1.7940166969783604,0.03342967983917333,-94.63129270076752
2144,,238.27846,100.0,5011,,42,,,0.031626127660274506,214400,0.0,,,,,,,,,,,,,
2148,0.0,237.03145,100.0,5035,0.3,42,0.0,0.0,0.031656067818403244,215200,0.0,4.405196504681139,81.70728068875466,0.12989830179139972,81.70728068875466,26816,0.14783458644524217,16.243264749646187,0.0003,0.006130073015810922,0.022843611397547647,-0.14601077535189688,0.031379378313431516,-94.96452105045319
2152,,237.03145,100.0,5035,,42,,,0.031656067818403244,215200,0.0,,,,,,,,,,,,,
2156,0.0,235.6095,100.0,5049,0.3,42,0.0,0.0,0.031666774302721024,216000,0.0,4.460688543844364,81.70728068875466,0.12936398887541145,81.70728068875466,26880,0.1474122549407184,16.26873144507408,0.0003,0.006103905332565773,0.02214627098874189,-2.327890115324408,0.032425533776404336,-95.0890941619873
2160,,235.6095,100.0,5049,,42,,,0.031666774302721024,216000,0.0,,,,,,,,,,,,,
2164,0.0,235.87222,100.0,5073,0.3,42,0.0,0.0,0.03168511390686035,216800,0.0,4.907868097017418,81.70728068875466,0.12843850906938314,81.70728068875466,27008,0.1461077337153256,16.16053679585457,0.0003,0.006044003312126733,0.022877798444824293,-1.219872625079006,0.03160538210067898,-95.3141301870346
2168,,235.87222,100.0,5073,,42,,,0.03168511390686035,216800,0.0,,,,,,,,,,,,,
2172,0.0,235.32213,100.0,5087,0.3,42,0.0,0.0,0.031696368008852005,217600,0.0,4.831669767921252,81.70728068875466,0.13032674102578312,81.70728068875466,27072,0.14796457788906991,16.458939969539642,0.0003,0.006031572353094816,0.02142485257354565,-0.3850213154219091,0.03332428346038796,-95.40496683120728
2176,,235.32213,100.0,5087,,42,,,0.031696368008852005,217600,0.0,,,,,,,,,,,,,
2180,0.0,234.65176,100.0,5111,0.3,42,0.0,0.0,0.031725939363241196,218400,0.0,4.6204914856595245,81.70728068875466,0.1308356572408229,81.70728068875466,27200,0.1478818217292428,16.421603083610535,0.0003,0.006005472612741869,0.02164764647022821,0.8194543314166367,0.033256137365242466,-95.52262735366821
2184,,234.65176,100.0,5111,,42,,,0.031725939363241196,218400,0.0,,,,,,,,,,,,,
2188,0.020822569485804864,233.27182,100.0,5134,0.3,42,0.06,0.0,0.031747184693813324,219200,0.0,4.888882725032975,81.70728068875466,0.1278607805725187,81.70728068875466,27328,0.14567153505049646,16.249747648835182,0.0003,0.005972018341708463,0.021547216063481756,-1.5114829684607685,0.03174066642532125,-95.94308292865753
2192,,233.27182,100.0,5134,,42,,,0.031747184693813324,219200,0.0,,,,,,,,,,,,,
2196,0.0,233.16476,100.0,5147,0.2879999999999999,42,0.0,0.0,0.031759295612573624,220000,0.0,4.476704066412717,81.70728068875466,0.12922608538065106,81.70728068875466,27392,0.1466513795312494,16.168452069163322,0.0003,0.005950883365585469,0.022912519416422583,-1.227819957304746,0.031232810841174796,-95.76687097549438
2200,,233.16476,100.0,5147,,42,,,0.031759295612573624,220000,0.0,,,,,,,,,,,,,
2204,0.0,232.35687,100.0,5169,0.3,42,0.0,0.0,0.03177282586693764,220800,0.0,4.904638511873414,80.07313507497959,0.12384098884649575,80.07313507497959,27520,0.144371040398255,15.73888772726059,0.0003,0.005887226121558342,0.02158066025003791,-3.1151649004314095,0.03167231773841195,-96.77610456943512
2208,,232.35687,100.0,5169,,42,,,0.03177282586693764,220800,0.0,,,,,,,,,,,,,
2212,0.0,232.60443,100.0,5183,0.3,42,0.0,0.0,0.03178282454609871,221600,0.0,4.492173013682844,80.07313507497959,0.12493492045905441,80.07313507497959,27584,0.1439493854995817,15.613694608211517,0.0003,0.005853484930412378,0.02004281588597223,-2.1843543217983097,0.03130620779120363,-97.01095378398895
2216,,232.60443,100.0,5183,,42,,,0.03178282454609871,221600,0.0,,,,,,,,,,,,,
2220,0.0,231.9131,100.0,5208,0.3,42,0.0,0.0,0.031794868409633636,222400,0.0,4.666939162121285,80.07313507497959,0.1265790604520589,80.07313507497959,27712,0.1435335618443787,15.616369217634201,0.0003,0.005800206614367198,0.02081657585222274,-1.9518749876879156,0.03187480445194524,-97.06247687339783
2224,,231.9131,100.0,5208,,42,,,0.031794868409633636,222400,0.0,,,,,,,,,,,,,
2228,0.0,232.20047,100.0,5221,0.3,42,0.0,0.0,0.03180568665266037,223200,0.0,5.03463749729658,80.07313507497959,0.12331135151907802,80.07313507497959,27776,0.14060785342007875,15.413484662771225,0.0003,0.005785236819065176,0.022334162043989636,-2.002062982879579,0.03185432104510255,-97.14493703842163
2232,,232.20047,100.0,5221,,42,,,0.03180568665266037,223200,0.0,,,,,,,,,,,,,
2236,0.0,232.71191,100.0,5245,0.3,42,0.0,0.0,0.03182134032249451,224000,0.0,4.777009962359825,80.07313507497959,0.12406274385284632,80.07313507497959,27904,0.1396741202333942,15.147729277610779,0.0003,0.005757908540545031,0.020464280984015204,-3.056219045072794,0.02924234268721193,-97.35754084587097
2240,,232.71191,100.0,5245,,42,,,0.03182134032249451,224000,0.0,,,,,,,,,,,,,
2244,0.0,233.64775,100.0,5268,0.3,42,0.0,0.0,0.03183798864483833,224800,0.0,4.796624382470967,80.07313507497959,0.12258160451892763,80.07313507497959,28032,0.14101025136187673,15.300371378660202,0.0003,0.00572486254532123,0.019592244978412054,-2.1337645007297397,0.030239748681196943,-97.80257451534271
2248,,233.64775,100.0,5268,,42,,,0.03183798864483833,224800,0.0,,,,,,,,,,,,,
2252,0.0,232.92363,100.0,5281,0.29699999999999993,42,0.0,0.0,0.031849853694438934,225600,0.0,4.0093978451089285,80.07313507497959,0.1241122264182195,80.07313507497959,28096,0.13904465292580426,15.15473547577858,0.0003,0.005710209552489687,0.021082967636175454,0.8423820119351149,0.029833102656994015,-97.69037520885468
2256,,232.92363,100.0,5281,,42,,,0.031849853694438934,225600,0.0,,,,,,,,,,,,,
2260,0.0,233.92859,100.0,5305,0.3,42,0.0,0.0,0.03186386078596115,226400,0.0,4.747772757584162,80.07313507497959,0.12362797313835472,80.07313507497959,28224,0.14135611592791975,15.416703671216965,0.0003,0.005698501678125467,0.02022067144571338,-1.6006757821887732,0.030187357333488762,-97.96598744392395
2264,,233.92859,100.0,5305,,42,,,0.03186386078596115,226400,0.0,,,,,,,,,,,,,
2268,0.0,233.60812,100.0,5319,0.3,42,0.0,0.0,0.03187327831983566,227200,0.0,4.700266648250534,80.07313507497959,0.12537124543450773,80.07313507497959,28288,0.1402634708210826,15.340847492218018,0.0003,0.005698063519957941,0.021392169903265312,1.0785306780599058,0.03092030671541579,-97.74523746967316
2272,,233.60812,100.0,5319,,42,,,0.03187327831983566,227200,0.0,,,,,,,,,,,,,
2276,0.0,235.36916,100.0,5343,0.3,42,0.0,0.0,0.03189527243375778,228000,0.0,4.945902086710331,80.07313507497959,0.12375214125495404,80.07313507497959,28416,0.14102010265924037,15.295574709773064,0.0003,0.005693407489161473,0.021040247011114843,0.32511706044897437,0.0300526668142993,-98.10761606693268
2280,,235.36916,100.0,5343,,42,,,0.03189527243375778,228000,0.0,,,,,,,,,,,,,
2284,0.0,235.17912,100.0,5358,0.3,42,0.0,0.0,0.031900275498628616,228800,0.0,4.506758876501101,80.07313507497959,0.12098263076040894,80.07313507497959,28480,0.14007720607332885,15.173094123601913,0.0003,0.005690260339179076,0.019348101515788585,-1.9312595804221928,0.02996049015200697,-98.520911693573
2288,,235.17912,100.0,5358,,42,,,0.031900275498628616,228800,0.0,,,,,,,,,,,,,
2292,0.086386562823616,235.47337,100.0,5381,0.3,42,0.3,0.0,0.03191758692264557,229600,0.0,4.761108140064971,80.07313507497959,0.12301875674165785,80.07313507497959,28608,0.13766955875325948,14.858478724956512,0.0003,0.005670093807566445,0.020076799431990366,1.028571699745953,0.028066115119145252,-98.53099191188812
2296,,235.47337,100.0,5381,,42,,,0.03191758692264557,229600,0.0,,,,,,,,,,,,,
2300,0.011605444417983536,235.63992,100.0,5395,0.3,42,0.03,0.0,0.031927045434713364,230400,0.0,4.490511937917599,80.07313507497959,0.12153342249803245,80.07313507497959,28672,0.13905827095732093,15.033932223916054,0.0003,0.005673010309692472,0.018696806393563747,-0.31755144661292434,0.028006996755721048,-98.8851147890091
2304,,235.63992,100.0,5395,,42,,,0.031927045434713364,230400,0.0,,,,,,,,,,,,,
2308,0.09145482860584708,234.69539,100.0,5418,0.3,42,0.36,0.0,0.031945958733558655,231200,0.0,4.674190046261473,80.07313507497959,0.12334705388639122,80.07313507497959,28800,0.14062265120446682,15.199484184384346,0.0003,0.005684220137482043,0.020186103429296054,0.6091883922927082,0.029083134897518903,-98.67610931396484
2312,,234.69539,100.0,5418,,42,,,0.031945958733558655,231200,0.0,,,,,,,,,,,,,
2316,0.0942406287557758,235.17332,100.0,5441,0.3,42,0.36,0.0,0.031961582601070404,232000,0.0,4.247592938098018,80.07313507497959,0.12617319077253342,80.07313507497959,28928,0.141091073397547,15.372188851237297,0.0003,0.005682857256033458,0.021754091285401955,0.5478106695227325,0.030761409318074584,-98.51844441890717
2320,,235.17332,100.0,5441,,42,,,0.031961582601070404,232000,0.0,,,,,,,,,,,,,
2324,0.02343717424379198,236.33853,100.0,5456,0.3,42,0.09,0.0,0.03197045624256134,232800,0.0,5.068078028474547,80.07313507497959,0.12202470586635172,80.07313507497959,28992,0.13995678129140288,15.259553641080856,0.0003,0.005690280704584438,0.02009995505795814,0.677741025807336,0.029842165589798242,-99.05658900737762
2328,,236.33853,100.0,5456,,42,,,0.03197045624256134,232800,0.0,,,,,,,,,,,,,
2332,0.0,236.37743,100.0,5478,0.23699999999999996,42,0.0,0.0,0.03199204429984093,233600,0.0,4.554858660430508,80.07313507497959,0.11916473787277937,80.07313507497959,29120,0.13609223160892725,14.843295559287071,0.0003,0.0056940874419524334,0.019429538311669603,2.0601402120664716,0.029322886985028163,-99.586394906044
2336,,236.37743,100.0,5478,,42,,,0.03199204429984093,233600,0.0,,,,,,,,,,,,,
2340,0.0,235.93004,100.0,5492,0.3,42,0.0,0.0,0.03200463950634003,234400,0.0,4.8504359790127305,80.07313507497959,0.12018121022265404,80.07313507497959,29184,0.13729083794169128,14.948286607861519,0.0003,0.005712453872547485,0.020253609705832787,0.6894527047406882,0.029597003594972193,-99.42836034297943
2344,,235.93004,100.0,5492,,42,,,0.03200463950634003,234400,0.0,,,,,,,,,,,,,
2348,0.0,237.02255,100.0,5516,0.3,42,0.0,0.0,0.032020606100559235,235200,0.0,4.755543812842122,80.07313507497959,0.12082311289850622,80.07313507497959,29312,0.13747220975346863,14.95006076991558,0.0003,0.005706121468392666,0.019752664695261046,-1.7318082025740296,0.029539038747316226,-99.54746329784393
2352,,237.02255,100.0,5516,,42,,,0.032020606100559235,235200,0.0,,,,,,,,,,,,,
2356,0.0,240.01215,100.0,5531,0.3,42,0.0,0.0,0.03203291445970535,236000,0.0,4.836415026547605,80.07313507497959,0.12094903888646513,80.07313507497959,29376,0.13934976933524013,15.093968391418457,0.0003,0.005697151864296757,0.02021590450021904,0.7175163603387773,0.02913320600055158,-99.6361768245697
2360,,240.01215,100.0,5531,,42,,,0.03203291445970535,236000,0.0,,,,,,,,,,,,,
2364,0.08475953583754539,239.62407,100.0,5554,0.3,42,0.36,0.0,0.03205893933773041,236800,0.0,4.518314964201467,80.07313507497959,0.11839429941028357,80.07313507497959,29504,0.13675809162668884,14.912586390972137,0.0003,0.00571385365765309,0.01981939845427405,0.35171380708925426,0.028766706498572603,-100.11829423904419
2368,,239.62407,100.0,5554,,42,,,0.03205893933773041,236800,0.0,,,,,,,,,,,,,
2372,0.0,238.9332,100.0,5577,0.3,42,0.0,0.0,0.03207811713218689,237600,0.0,4.923020198109219,80.07313507497959,0.12182363157626241,80.07313507497959,29632,0.13675769418478012,14.801458835601807,0.0003,0.005720058776205406,0.019792564009549096,-0.11614219355396926,0.02822169248247519,-99.87696707248688
2376,,238.9332,100.0,5578,,42,,,0.03207811713218689,237600,0.0,,,,,,,,,,,,,
2380,0.0,239.33212,100.0,5592,0.3,42,0.0,0.0,0.032090745866298676,238400,0.0,5.0264721872515095,80.07313507497959,0.12490780593361706,80.07313507497959,29696,0.13531181460712105,14.70861454308033,0.0003,0.005716854371712543,0.02027744977385737,-0.45986830443143845,0.027969272778136656,-99.68702697753906
2384,,239.33212,100.0,5592,,42,,,0.032090745866298676,238400,0.0,,,,,,,,,,,,,
2388,0.00688974944236227,238.91673,100.0,5615,0.3,42,0.03,0.0,0.03210904449224472,239200,0.0,4.545402504169887,80.07313507497959,0.11908141837920994,80.07313507497959,29824,0.1356269232928753,14.743418991565704,0.0003,0.0057022777837119065,0.018423565590637736,-0.1671718006255105,0.02843623247463256,-100.45893907546997
2392,,238.91673,100.0,5615,,42,,,0.03210904449224472,239200,0.0,,,,,,,,,,,,,
2396,0.0,238.02832,100.0,5628,0.29699999999999993,42,0.0,0.0,0.03212243318557739,240000,0.0,4.676272322009694,80.07313507497959,0.12111648125573993,80.07313507497959,29888,0.13727154955267906,15.041258499026299,0.0003,0.005720392211514991,0.019794167586951517,1.930687827989459,0.02982476440956816,-100.24518918991089
2400,,238.02832,100.0,5628,,42,,,0.03212243318557739,240000,0.0,,,,,,,,,,,,,
2404,0.019500243015041985,237.93996,100.0,5651,0.3,42,0.09,0.0,0.03214322775602341,240800,0.0,4.968687923756317,78.47167237347999,0.12025383289437741,78.47167237347999,30016,0.1374765265500173,14.59778706729412,0.0003,0.005707612544938456,0.01812548357702326,-0.5906745080137625,0.02775631390977651,-100.77916193008423
2408,,237.93996,100.0,5651,,42,,,0.03214322775602341,240800,0.0,,,,,,,,,,,,,
2412,0.0,238.91264,100.0,5665,0.3,42,0.0,0.0,0.03215601295232773,241600,0.0,5.1036045290877805,78.47167237347999,0.11919721565209329,78.47167237347999,30080,0.13536927476525307,14.427341625094414,0.0003,0.005694276449503377,0.01808550435816869,-0.8970971126109362,0.028161393740447238,-101.01045072078705
2416,,238.91264,100.0,5665,,42,,,0.03215601295232773,241600,0.0,,,,,,,,,,,,,
2420,0.1853951596511951,237.96033,100.0,5688,0.3,42,0.36,0.0,0.03217378258705139,242400,0.0,4.390259565401327,78.47167237347999,0.11949462571647018,78.47167237347999,30208,0.13407734490465373,14.228474095463753,0.0003,0.005634172091959044,0.018184266475145705,-2.3063030345365405,0.026854921161429957,-101.14679324626923
2424,,237.96033,100.0,5688,,42,,,0.03217378258705139,242400,0.0,,,,,,,,,,,,,
2428,0.01064545310233266,237.15149,100.0,5701,0.285,42,0.03,0.0,0.032183222472667694,243200,0.0,5.135684788406004,78.47167237347999,0.11819284688681364,78.47167237347999,30272,0.13536669162567705,14.580252945423126,0.0003,0.005605310892860871,0.019180121569661424,-2.892394294962287,0.02912062927498482,-101.21795451641083
2432,,237.15149,100.0,5701,,42,,,0.032183222472667694,243200,0.0,,,,,,,,,,,,,
2436,0.0,236.40773,100.0,5724,0.3,42,0.0,0.0,0.032191649079322815,244000,0.0,4.511967352791446,78.47167237347999,0.12038876628503203,78.47167237347999,30400,0.13564509933348745,14.55905094742775,0.0003,0.005517351230082568,0.020205262888339348,-4.709894650615752,0.028637587616685778,-101.16810357570648
2440,,236.40773,100.0,5724,,42,,,0.032191649079322815,244000,0.0,,,,,,,,,,,,,
2444,0.05871897382855826,236.64224,100.0,5747,0.3,42,0.27,0.0,0.03220224380493164,244800,0.0,4.864226797248487,78.47167237347999,0.12039703433401883,78.47167237347999,30528,0.1359422798268497,14.75359758734703,0.0003,0.0054378703571273945,0.020591755615896545,-4.529528099345043,0.030622286431025714,-101.19669985771179
2448,,236.64224,100.0,5747,,42,,,0.03220224380493164,244800,0.0,,,,,,,,,,,,,
2452,0.0,236.95178,100.0,5761,0.288,42,0.0,0.0,0.032207880169153214,245600,0.0,4.74846925529556,78.47167237347999,0.11843353556469083,78.47167237347999,30592,0.13275048905052245,14.331368669867516,0.0003,0.005401463728048839,0.019908937378204428,-2.3039632255677134,0.028915699396748096,-101.57083249092102
2456,,236.95178,100.0,5761,,42,,,0.032207880169153214,245600,0.0,,,,,,,,,,,,,
2460,0.0,237.41046,100.0,5785,0.3,42,0.0,0.0,0.03221459686756134,246400,0.0,5.068955645425735,78.47167237347999,0.12167056719772518,78.47167237347999,30720,0.1344153501559049,14.400457635521889,0.0003,0.005322137862094678,0.019520348898367956,-2.9937783326022327,0.02818736803601496,-101.47424411773682
2464,,237.41046,100.0,5785,,42,,,0.03221459686756134,246400,0.0,,,,,,,,,,,,,
2468,0.0,238.34615,100.0,5799,0.294,42,0.0,0.0,0.03221845254302025,247200,0.0,5.032995602000831,78.47167237347999,0.11825840035453439,78.47167237347999,30784,0.13307266600895673,14.290372550487518,0.0003,0.005295552458846942,0.019596969228587113,-2.4393840925768018,0.02761877200100571,-101.74985671043396
2472,,238.34615,100.0,5799,,42,,,0.03221845254302025,247200,0.0,,,,,,,,,,,,,
2476,0.0,238.16148,100.0,5823,0.3,42,0.0,0.0,0.032225027680397034,248000,0.0,4.756879399400012,78.47167237347999,0.11542738461866975,78.47167237347999,30912,0.13382519781589508,14.391139164566994,0.0003,0.005233835610852111,0.017199794689076953,-4.819515293696895,0.027410195471020415,-102.2981207370758
2480,,238.16148,100.0,5823,,42,,,0.032225027680397034,248000,0.0,,,,,,,,,,,,,
2484,0.0,237.79346,100.0,5836,0.3,42,0.0,0.0,0.03222762793302536,248800,0.0,4.530251630259236,78.47167237347999,0.11796974774915725,78.47167237347999,30976,0.1326462272554636,14.334971949458122,0.0003,0.005193869081267621,0.018813191723893397,-1.7454647650010884,0.02767620567465201,-102.04765057563782
2488,,237.79346,100.0,5836,,42,,,0.03222762793302536,248800,0.0,,,,,,,,,,,,,
2492,0.0,237.0584,100.0,5859,0.27299999999999996,42,0.0,0.0,0.03223146125674248,249600,0.0,4.463177054028056,78.47167237347999,0.11732166330330074,78.47167237347999,31104,0.13165892253164202,14.108422204852104,0.0003,0.005119355853821617,0.01888877560850233,-3.572938746307045,0.027947088703513145,-102.19345080852509
2496,,237.0584,100.0,5859,,42,,,0.03223146125674248,249600,0.0,,,,,,,,,,,,,
2500,0.0,236.40948,100.0,5883,0.2909999999999999,42,0.0,0.0,0.032233305275440216,250400,0.0,4.82122781679202,78.47167237347999,0.11534197034779936,78.47167237347999,31232,0.1320310092996806,14.240126833319664,0.0003,0.005064168042736128,0.018452574644470587,-1.3201188165694475,0.026840607955818996,-102.62760937213898
2504,,236.40948,100.0,5883,,42,,,0.032233305275440216,250400,0.0,,,,,,,,,,,,,
2508,0.0691348560177178,237.9295,100.0,5897,0.264,42,0.18,0.0,0.032239969819784164,251200,0.0,5.012186435815272,78.47167237347999,0.11571069585625082,78.47167237347999,31296,0.12913467187900096,14.01567305624485,0.0003,0.005049511280958541,0.01872733966592932,-1.7417778908275068,0.02822388961794786,-102.59882652759552
2512,,237.9295,100.0,5897,,42,,,0.032239969819784164,251200,0.0,,,,,,,,,,,,,
2516,0.07445195621872334,239.62683,100.0,5921,0.27299999999999996,42,0.24,0.0,0.03224896267056465,252000,0.0,4.896328493456391,78.47167237347999,0.1151056959060952,78.47167237347999,31424,0.13094483374152333,14.175689160823822,0.0003,0.005018569572712295,0.018115638551535085,-1.0000394694507122,0.027676143043208867,-102.80968451499939
2520,,239.62683,100.0,5921,,42,,,0.03224896267056465,252000,0.0,,,,,,,,,,,,,
2524,0.0,240.50319,100.0,5934,0.3,42,0.0,0.0,0.03225064277648926,252800,0.0,4.705096210118764,78.47167237347999,0.11189445469062775,78.47167237347999,31488,0.13040453742723912,14.218155175447464,0.0003,0.004993488306354266,0.01790455073933117,-3.2829931220039725,0.027972807874903083,-103.07855308055878
2528,,240.50319,100.0,5934,,42,,,0.03225064277648926,252800,0.0,,,,,,,,,,,,,
2532,0.0,242.28815,100.0,5957,0.3,42,0.0,0.0,0.03225136175751686,253600,0.0,5.056766324905213,78.47167237347999,0.11472023732494563,78.47167237347999,31616,0.1296116840094328,14.026205956935883,0.0003,0.004939653925248422,0.017547574592754245,-4.341627242509276,0.027310749297612347,-102.94556891918182
2536,,242.28815,100.0,5957,,42,,,0.03225136175751686,253600,0.0,,,,,,,,,,,,,
2540,0.0,242.22365,100.0,5970,0.3,42,0.0,0.0,0.03224930167198181,254400,0.0,4.634358371865742,78.47167237347999,0.11737949016969651,78.47167237347999,31680,0.12873208837118,13.852914318442345,0.0003,0.004907493421342224,0.018797549535520375,-4.0221357913687825,0.026690549799241126,-102.85694825649261
2544,,242.22365,100.0,5970,,42,,,0.03224930167198181,254400,0.0,,,,,,,,,,,,,
2548,0.08909131611758303,242.3301,100.0,5994,0.3,42,0.27,0.0,0.03225480765104294,255200,0.0,5.043356810828804,78.47167237347999,0.11513677064795047,78.47167237347999,31808,0.13034930895082653,14.395734965801239,0.0003,0.004853376311075408,0.018824330531060696,-2.2970815727021545,0.030012241506483406,-103.03100001811981
2552,,242.3301,100.0,5994,,42,,,0.03225480765104294,255200,0.0,,,,,,,,,,,,,
2556,0.0,241.11371,100.0,6008,0.291,42,0.0,0.0,0.0322556309401989,256000,0.0,4.769873933096692,78.47167237347999,0.1139264014782384,78.47167237347999,31872,0.13144901068881154,14.146704986691475,0.0003,0.004835368548810948,0.01800265615747776,-2.184735174290836,0.026966845704009756,-103.31887137889862
2560,,241.11371,100.0,6008,,42,,,0.0322556309401989,256000,0.0,,,,,,,,,,,,,
2564,0.17566993354864446,241.22223,100.0,6031,0.29699999999999993,42,0.69,0.0,0.03225989639759064,256800,0.0,4.186418021840506,78.47167237347999,0.11254164658021182,78.47167237347999,32000,0.12878037802875042,13.949263155460358,0.0003,0.004781909286975861,0.017483952004113235,-2.990514471195638,0.02791223768144846,-103.55246818065643
2568,,241.22223,100.0,6031,,42,,,0.03225989639759064,256800,0.0,,,,,,,,,,,,,
2572,0.0,240.57661,100.0,6054,0.264,42,0.0,0.0,0.032270707190036774,257600,0.0,4.475814276431817,78.47167237347999,0.11367665824946016,78.47167237347999,32128,0.12894780561327934,13.94025668501854,0.0003,0.00472390611685114,0.017891513372887857,-4.220093024428934,0.026769907941343263,-103.46745181083679
2576,,240.57661,100.0,6054,,42,,,0.032270707190036774,257600,0.0,,,,,,,,,,,,,
2580,0.09624821553407018,239.94331,100.0,6067,0.282,42,0.36,0.0,0.03227224946022034,258400,0.0,4.69581145317163,78.47167237347999,0.11223447252996266,78.47167237347999,32192,0.12755097064655274,13.902779072523117,0.0003,0.004674003095715307,0.018480761093087494,-6.322881796397269,0.02754359645769,-103.6447639465332
2584,,239.94331,100.0,6067,,42,,,0.03227224946022034,258400,0.0,,,,,,,,,,,,,
2588,0.0,240.10068,100.0,6091,0.3,42,0.0,0.0,0.032273150980472565,259200,0.0,4.7035125710886385,78.47167237347999,0.11431711225304753,78.47167237347999,32320,0.12711089348886162,13.932905539870262,0.0003,0.00458777642052155,0.018625130425789393,-6.345521483803168,0.028608882887056097,-103.47814977169037
2592,,240.10068,100.0,6091,,42,,,0.032273150980472565,259200,0.0,,,,,,,,,,,,,
2596,0.0,241.79688,100.0,6105,0.26099999999999995,42,0.0,0.0,0.032265108078718185,260000,0.0,4.8433613979718215,78.47167237347999,0.11315738945268095,78.47167237347999,32384,0.1274806734872982,14.020460903644562,0.0003,0.004531120663159527,0.018541171026299708,-6.274485831498168,0.027768019528593868,-103.62162292003632
2600,,241.79688,100.0,6105,,42,,,0.032265108078718185,260000,0.0,,,,,,,,,,,,,
2604,0.019289142610654553,240.52838,100.0,6128,0.3,42,0.09,0.0,0.03226720169186592,260800,0.0,4.563925123473802,76.90223892601038,0.11028771963901818,76.90223892601038,32512,0.12620505748782307,13.564977869391441,0.0003,0.004453382192878053,0.01812555659125792,-2.7526714659761637,0.02762699034065008,-104.2490382194519
2608,,240.52838,100.0,6128,,42,,,0.03226720169186592,260800,0.0,,,,,,,,,,,,,
2612,0.09212341900747517,240.14503,100.0,6141,0.26999999999999996,42,0.36,0.0,0.03226400911808014,261600,0.0,5.067179648232775,76.90223892601038,0.11113638791721314,76.90223892601038,32576,0.12648077763151377,13.44614990055561,0.0003,0.004419306125782896,0.016478731762617826,-5.163679345976561,0.025467675470281392,-104.33264708518982
2616,,240.14503,100.0,6141,,42,,,0.03226400911808014,261600,0.0,,,,,,,,,,,,,
2620,0.0,239.52168,100.0,6164,0.29699999999999993,42,0.0,0.0,0.032269131392240524,262400,0.0,4.91515959656704,76.90223892601038,0.11164179677143693,76.90223892601038,32704,0.12809826736338437,13.731236085295677,0.0003,0.004352214084065054,0.018383918461040594,-4.137914430350065,0.027395548851927742,-104.23451435565948
2624,,239.52168,100.0,6164,,42,,,0.032269131392240524,262400,0.0,,,,,,,,,,,,,
2628,0.0,239.02657,100.0,6187,0.26099999999999995,42,0.0,0.0,0.0322604775428772,263200,0.0,4.763805300996045,76.90223892601038,0.1119847655063495,76.90223892601038,32832,0.12770319264382124,13.643636479973793,0.0003,0.004265752853825688,0.017013934746501036,-4.651068966835737,0.026643230055924505,-104.36564123630524
2632,,239.02657,100.0,6187,,42,,,0.0322604775428772,263200,0.0,,,,,,,,,,,,,
2636,0.0,237.70837,100.0,6201,0.3,42,0.0,0.0,0.03225492686033249,264000,0.0,4.728069800379069,76.90223892601038,0.11052048241253942,76.90223892601038,32896,0.1258950938936323,13.612753033638,0.0003,0.004232990671880543,0.019279062791611068,-3.1447512698359787,0.02795234599034302,-104.4163168668747
2640,,237.70837,100.0,6201,,42,,,0.03225492686033249,264000,0.0,,,,,,,,,,,,,
2644,0.0,236.71478,100.0,6224,0.22499999999999998,42,0.0,0.0,0.032243162393569946,264800,0.0,4.116267483135493,76.90223892601038,0.11300594999920577,76.90223892601038,33024,0.12657828361261636,13.625426098704338,0.0003,0.004164748221228365,0.020044519202201627,-2.23163418401964,0.027854871528688818,-104.24993550777435
2648,,236.71478,100.0,6224,,42,,,0.032243162393569946,264800,0.0,,,,,,,,,,,,,
2652,0.026820364471003888,237.29347,100.0,6238,0.3,42,0.12,0.0,0.03224452584981918,265600,0.0,5.122662273354806,76.90223892601038,0.11175859440118074,76.90223892601038,33088,0.1264414902543649,13.70771810412407,0.0003,0.004149095017055515,0.019877298109349795,-2.0946840435499325,0.028100943251047283,-104.37016332149506
2656,,237.29347,100.0,6238,,42,,,0.03224452584981918,265600,0.0,,,,,,,,,,,,,
2660,0.0,236.83797,100.0,6261,0.3,42,0.0,0.0,0.032234203070402145,266400,0.0,4.454601446679735,76.90223892601038,0.10884994897060096,76.90223892601038,33216,0.12349932477809489,13.284414455294609,0.0003,0.004111516987904906,0.017676660703727975,-3.414324067533016,0.027392786389100365,-104.97888517379761
2664,,236.83797,100.0,6261,,42,,,0.032234203070402145,266400,0.0,,,,,,,,,,,,,
2668,0.0,237.8574,100.0,6274,0.3,42,0.0,0.0,0.03223225474357605,267200,0.0,4.767217213747826,76.90223892601038,0.10971436416730285,76.90223892601038,33280,0.12282923131715506,13.226834699511528,0.0003,0.00408682924171444,0.01804794261988718,-2.042010676348582,0.02702935933484696,-104.82457220554352
2672,,237.8574,100.0,6274,,42,,,0.03223225474357605,267200,0.0,,,,,,,,,,,,,
2676,0.07049494086007059,238.46031,100.0,6297,0.3,42,0.27,0.0,0.032233309000730515,268000,0.0,4.882644013315261,76.90223892601038,0.10934564704075456,76.90223892601038,33408,0.12467173486948013,13.350301414728165,0.0003,0.004063363492605276,0.017181162766064517,-0.17783969920128584,0.025848089615465142,-105.1714813709259
2680,,238.46031,100.0,6297,,42,,,0.032233309000730515,268000,0.0,,,,,,,,,,,,,
2684,0.0,238.35965,100.0,6311,0.3,42,0.0,0.0,0.032231055200099945,268800,0.0,4.941762232763342,76.90223892601038,0.10801917663775384,76.90223892601038,33472,0.12370916502550244,13.367544144392014,0.0003,0.004057162848766893,0.018716805716394447,-3.629794908221811,0.027333761798217893,-105.17931282520294
2688,,238.35965,100.0,6311,,42,,,0.032231055200099945,268800,0.0,,,,,,,,,,,,,
2692,0.16705254467665412,239.15483,100.0,6334,0.294,42,0.39,0.0,0.032225094735622406,269600,0.0,4.672122084061877,76.90223892601038,0.10885432234499604,76.90223892601038,33600,0.12499650928657502,13.376986742019653,0.0003,0.004021862332592718,0.01683648311154684,-0.38071512267924845,0.025497478956822306,-105.34988069534302
2696,,239.15483,100.0,6334,,42,,,0.032225094735622406,269600,0.0,,,,,,,,,,,,,
2700,0.0,240.71466,100.0,6357,0.3,42,0.0,0.0,0.03222207352519035,270400,0.0,4.951081943756177,76.90223892601038,0.10921325860545039,76.90223892601038,33728,0.12275162618607283,13.248083531856537,0.0003,0.004021574008220341,0.01660957926651463,0.5745098256738856,0.02729931869544089,-105.40627038478851
2704,,240.71466,100.0,6358,,42,,,0.03222207352519035,270400,0.0,,,,,,,,,,,,,
2708,0.0,240.22807,100.0,6371,0.3,42,0.0,0.0,0.03222612664103508,271200,0.0,4.995476399104513,76.90223892601038,0.10631934134289622,76.90223892601038,33792,0.12063555628992617,12.997743099927902,0.0003,0.0040292651174240746,0.01621603967214469,1.797823195811361,0.026450772638781928,-105.73912715911865
2712,,240.22807,100.0,6371,,42,,,0.03222612664103508,271200,0.0,,,,,,,,,,,,,
2716,0.0,241.10834,100.0,6394,0.29699999999999993,42,0.0,0.0,0.03221852704882622,272000,0.0,4.79358659795492,76.90223892601038,0.10586345044430345,76.90223892601038,33920,0.12220835988409817,13.049411877989769,0.0003,0.0040217052737716585,0.015917222903226502,-0.42059474578127265,0.025598317966796458,-105.89698076248169
2720,,241.10834,100.0,6394,,42,,,0.03221852704882622,272000,0.0,,,,,,,,,,,,,
2724,0.01122450553858031,241.42921,100.0,6409,0.26099999999999995,42,0.06,0.0,0.03221827745437622,272800,0.0,4.884369949734819,76.90223892601038,0.10579654772300273,76.90223892601038,33984,0.1200955668464303,12.971350565552711,0.0003,0.004017536870378535,0.01679017631977331,-1.0944385002367198,0.026773789315484464,-105.92124485969543
2728,,241.42921,100.0,6409,,42,,,0.03221827745437622,272800,0.0,,,,,,,,,,,,,
2732,0.0,241.21777,100.0,6432,0.3,42,0.0,0.0,0.032209765166044235,273600,0.0,4.55976164597466,76.90223892601038,0.10514457640238106,76.90223892601038,34112,0.12193154578562826,13.170067310333252,0.0003,0.0039849215900176205,0.016399748739786446,-1.9347736535128206,0.0257297090429347,-106.12551140785217
2736,,241.21777,100.0,6432,,42,,,0.032209765166044235,273600,0.0,,,,,,,,,,,,,
2740,0.0,243.30414,100.0,6446,0.3,42,0.0,0.0,0.03220447152853012,274400,0.0,5.123623910785471,76.90223892601038,0.10508249013219029,76.90223892601038,34176,0.11977536045014858,12.936800122261047,0.0003,0.003968451906985138,0.015893953313934617,-0.6286750459112227,0.02547357778530568,-106.16083359718323
2744,,243.30414,100.0,6446,,42,,,0.03220447152853012,274400,0.0,,,,,,,,,,,,,
2748,0.04245085628675104,243.7512,100.0,6470,0.291,42,0.15,0.0,0.03220110759139061,275200,0.0,5.03911305410997,76.90223892601038,0.10549334855750203,76.90223892601038,34304,0.11981169239152223,12.940092608332634,0.0003,0.00398355219658697,0.015311069117160514,0.7615766853559762,0.024925643840106204,-106.35917842388153
2752,,243.7512,100.0,6470,,42,,,0.03220110759139061,275200,0.0,,,,,,,,,,,,,
2756,0.11218238127463215,243.3407,100.0,6493,0.294,42,0.33,0.0,0.03220236673951149,276000,0.0,4.8925925518660645,76.90223892601038,0.10733978997450322,76.90223892601038,34432,0.12072711146902293,13.002483621239662,0.0003,0.003985976523836143,0.01684942598512862,-1.324589017778635,0.026173134800046682,-106.16080152988434
2760,,243.3407,100.0,6493,,42,,,0.03220236673951149,276000,0.0,,,,,,,,,,,,,
2764,0.034469473679186666,243.47086,100.0,6507,0.3,42,0.15,0.0,0.032207708805799484,276800,0.0,4.537537050902732,76.90223892601038,0.10527524061035365,76.90223892601038,34496,0.11768997041508555,12.661532118916512,0.0003,0.003991804354882333,0.015841093714698218,3.339347381843254,0.02471187643823214,-106.48282420635223
2768,,243.47086,100.0,6507,,42,,,0.032207708805799484,276800,0.0,,,,,,,,,,,,,
2772,0.0,244.67046,100.0,6531,0.3,42,0.0,0.0,0.032204803079366684,277600,0.0,4.891801747203142,76.90223892601038,0.10613035480491817,76.90223892601038,34624,0.11940332094673067,12.807537257671356,0.0003,0.004017887302325107,0.01640019162732642,-1.1297171651385725,0.02429129231313709,-106.40958499908447
2776,,244.67046,100.0,6531,,42,,,0.032204803079366684,277600,0.0,,,,,,,,,,,,,
2780,0.0,244.14871,100.0,6546,0.264,42,0.0,0.0,0.03220221400260925,278400,0.0,4.954837352580132,76.90223892601038,0.10387977655045688,76.90223892601038,34688,0.11742922780103981,12.691388502717018,0.0003,0.004013643818325363,0.01637064061651472,-0.7440936139319092,0.0252018576284172,-106.75122785568237
2784,,244.14871,100.0,6546,,42,,,0.03220221400260925,278400,0.0,,,,,,,,,,,,,
2788,0.0,243.97417,100.0,6570,0.3,42,0.0,0.0,0.03219708800315857,279200,0.0,4.8945450177128,76.90223892601038,0.10673486639279872,76.90223892601038,34816,0.11999047931749374,12.878625243902206,0.0003,0.0040054979181149974,0.016744400185416453,0.9956207241630182,0.025013905338710174,-106.46792483329773
2792,,243.97417,100.0,6570,,42,,,0.03219708800315857,279200,0.0,,,,,,,,,,,,,
2796,0.0,243.35944,100.0,6584,0.264,42,0.0,0.0,0.03220145031809807,280000,0.0,4.536046847333987,76.90223892601038,0.10726354212965816,76.90223892601038,34880,0.12029058882035315,12.884748578071594,0.0003,0.004020781670988072,0.015862100903177634,3.011459547560662,0.023771017120452598,-106.65160989761353
2800,,243.35944,100.0,6584,,42,,,0.03220145031809807,280000,0.0,,,,,,,,,,,,,
2804,0.0,243.01201,100.0,6608,0.29699999999999993,42,0.0,0.0,0.03220250457525253,280800,0.0,4.954920951110134,75.36419414749017,0.10648809850681573,75.36419414749017,35008,0.1206110215280205,12.71982142329216,0.0003,0.004031194112030789,0.016439740589703433,0.13127568364143372,0.024628762941574678,-107.0725725889206
2808,,243.01201,100.0,6608,,42,,,0.03220250457525253,280800,0.0,,,,,,,,,,,,,
2812,0.0,242.41266,100.0,6621,0.3,42,0.0,0.0,0.032202042639255524,281600,0.0,4.976050533621023,75.36419414749017,0.10807111742906272,75.36419414749017,35072,0.1183923336211592,12.586191982030869,0.0003,0.004028428957099095,0.017327886598650366,-1.817079889588058,0.025585700757801533,-106.95427942276001
2816,,242.41266,100.0,6621,,42,,,0.032202042639255524,281600,0.0,,,,,,,,,,,,,
2820,0.09412947593732883,242.90129,100.0,6646,0.3,42,0.36,0.0,0.03220191225409508,282400,0.0,4.682057115280313,75.36419414749017,0.10270993388257921,75.36419414749017,35200,0.11584406543988734,12.300804629921913,0.0003,0.004013499885331839,0.01576677964476403,-1.6592140481807292,0.02371408647741191,-107.55973613262177
2824,,242.90129,100.0,6646,,42,,,0.03220191225409508,282400,0.0,,,,,,,,,,,,,
2828,0.07841417512393115,244.02957,100.0,6669,0.264,42,0.3,0.0,0.03220053017139435,283200,0.0,4.883011372684471,75.36419414749017,0.10419520200230181,75.36419414749017,35328,0.1200395958730951,12.687196999788284,0.0003,0.004006079274404328,0.015283028857083991,-3.208200420252979,0.02499477207311429,-107.59568202495575
2832,,244.02957,100.0,6669,,42,,,0.03220053017139435,283200,0.0,,,,,,,,,,,,,
2836,0.07851186784554626,244.46442,100.0,6683,0.3,42,0.3,0.0,0.032200347632169724,284000,0.0,4.493588851464274,75.36419414749017,0.1009433533763513,75.36419414749017,35392,0.11628595588263124,12.333377346396446,0.0003,0.003981686335464474,0.014983570275944658,-3.206675263121724,0.02517646871274337,-107.93197095394135
2840,,244.46442,100.0,6683,,42,,,0.032200347632169724,284000,0.0,,,,,,,,,,,,,
2844,0.0,243.659,100.0,6706,0.3,42,0.0,0.0,0.03219364583492279,284800,0.0,4.849102708711388,75.36419414749017,0.10412360157351941,75.36419414749017,35520,0.11776510474737734,12.576499447226524,0.0003,0.003925599819922354,0.017153400840470567,-2.6446026312187314,0.025149850524030626,-107.60284864902496
2848,,243.659,100.0,6706,,42,,,0.03219364583492279,284800,0.0,,,,,,,,,,,,,
2852,0.10579106362681033,245.03879,100.0,6720,0.3,42,0.39,0.0,0.03218729794025421,285600,0.0,4.782835727207758,75.36419414749017,0.10182409186381847,75.36419414749017,35584,0.11564519011881202,12.326082825660706,0.0003,0.0038948182555031963,0.015937633608700708,-4.432293677236885,0.024588460102677345,-107.92664504051208
2856,,245.03879,100.0,6720,,42,,,0.03218729794025421,285600,0.0,,,,,,,,,,,,,
2860,0.014147792421304994,244.35733,100.0,6743,0.3,42,0.06,0.0,0.03218051791191101,286400,0.0,4.76046957375074,75.36419414749017,0.10337602742947638,75.36419414749017,35712,0.11919582926202565,12.848745733499527,0.0003,0.0038339817365340423,0.01653198502754094,-3.790728777181357,0.02561764881829731,-107.86068439483643
2864,,244.35733,100.0,6743,,42,,,0.03218051791191101,286400,0.0,,,,,,,,,,,,,
2868,0.0,243.696,100.0,6757,0.29699999999999993,42,0.0,0.0,0.03217120096087456,287200,0.0,4.556758677677729,75.36419414749017,0.10475184069946408,75.36419414749017,35776,0.1176888031186536,12.518901154398918,0.0003,0.0038083630461187568,0.016093639831524342,-4.65034298831597,0.024280121389892884,-107.81202971935272
2872,,243.696,100.0,6757,,42,,,0.03217120096087456,287200,0.0,,,,,,,,,,,,,
2876,0.02824559517054622,243.2903,100.0,6780,0.27,42,0.12,0.0,0.032158270478248596,288000,0.0,4.644838374693403,75.36419414749017,0.10208163969218731,75.36419414749017,35904,0.11648486903868616,12.372297242283821,0.0003,0.0037357129585871007,0.015273420431185514,-5.295836376957595,0.023948526839376427,-108.19666397571564
2880,,243.2903,100.0,6780,,42,,,0.032158270478248596,288000,0.0,,,,,,,,,,,,,
2884,0.0,244.75159,100.0,6804,0.29699999999999993,42,0.0,0.0,0.032154180109500885,288800,0.0,4.843062067143687,75.36419414749017,0.10581721470225602,75.36419414749017,36032,0.11909191159065813,12.702943846583366,0.0003,0.0036831363177043386,0.016586649770033546,-2.877701166784391,0.02488029608502984,-107.86921775341034
2888,,244.75159,100.0,6804,,42,,,0.032154180109500885,288800,0.0,,,,,,,,,,,,,
2892,0.0180342534772276,246.04654,100.0,6818,0.3,42,0.06,0.0,0.03215191885828972,289600,0.0,5.12152243752107,75.36419414749017,0.10354042565450072,75.36419414749017,36096,0.11794055940117687,12.49960321187973,0.0003,0.003664816114905989,0.015530028787907213,-3.452168274205178,0.024194351659389213,-108.2170512676239
2896,,246.04654,100.0,6818,,42,,,0.03215191885828972,289600,0.0,,,,,,,,,,,,,
2900,0.0,244.39864,100.0,6842,0.3,42,0.0,0.0,0.03214127942919731,290400,0.0,4.612994039376688,75.36419414749017,0.10302999312989414,75.36419414749017,36224,0.1173712054733187,12.396482050418854,0.0003,0.0036156391506665386,0.015187601136858575,-3.8595272570382804,0.024171854805899784,-108.36483383178711
2904,,244.39864,100.0,6842,,42,,,0.03214127942919731,290400,0.0,,,,,,,,,,,,,
2908,0.06333979613239438,245.86661,100.0,6857,0.264,42,0.3,0.0,0.032136499881744385,291200,0.0,4.620269242796928,75.36419414749017,0.10296784283127636,75.36419414749017,36288,0.11639161873608828,12.441265746951103,0.0003,0.003600991352868732,0.01692814133275533,-0.9834561529569328,0.025205863668816164,-108.37067914009094
2912,,245.86661,100.0,6857,,42,,,0.032136499881744385,291200,0.0,,,,,,,,,,,,,
2916,0.0,245.4845,100.0,6880,0.3,42,0.0,0.0,0.03213221952319145,292000,0.0,4.810173280592938,75.36419414749017,0.10361719329375774,75.36419414749017,36416,0.117357891285792,12.58349959552288,0.0003,0.0035877410737157334,0.01573703298345208,-0.9778092193882912,0.0244155735563254,-108.4056305885315
2920,,245.4845,100.0,6880,,42,,,0.03213221952319145,292000,0.0,,,,,,,,,,,,,
2924,0.0,244.0775,100.0,6894,0.3,42,0.0,0.0,0.03212980926036835,292800,0.0,4.941859745554822,75.36419414749017,0.10245447780471295,75.36419414749017,36480,0.11645495903212577,12.577598229050636,0.0003,0.0035780739890469704,0.01601318769826321,-2.9916366124525666,0.025950245340936817,-108.57964074611664
2928,,244.0775,100.0,6894,,42,,,0.03212980926036835,292800,0.0,,,,,,,,,,,,,
2932,0.0,242.28249,100.0,6917,0.3,42,0.0,0.0,0.032123588025569916,293600,0.0,4.658883198890242,75.36419414749017,0.10284925356972963,75.36419414749017,36608,0.11793087841942906,12.6317518055439,0.0003,0.003557223706593504,0.014841257623629645,-1.1065755921881646,0.0238873093330767,-108.77760803699493
2936,,242.28249,100.0,6917,,42,,,0.032123588025569916,293600,0.0,,,,,,,,,,,,,
2940,0.0,242.52432,100.0,6931,0.3,42,0.0,0.0,0.03212370723485947,294400,0.0,4.608161787445841,75.36419414749017,0.10288692743051797,75.36419414749017,36672,0.11779929115436971,12.647845476865768,0.0003,0.003553580019797664,0.015782603310071863,0.9855561144649982,0.02500721943215467,-108.61695551872253
2944,,242.52432,100.0,6931,,42,,,0.03212370723485947,294400,0.0,,,,,,,,,,,,,
2948,0.0,240.52388,100.0,6954,0.264,42,0.0,0.0,0.032108914107084274,295200,0.0,4.689090016192591,75.36419414749017,0.1028827769914642,75.36419414749017,36800,0.11713280435651541,12.535465151071548,0.0003,0.0035293687433295418,0.015130315165151842,-2.7562347473576665,0.024374234984861687,-108.75590252876282
2952,,240.52388,100.0,6954,,42,,,0.032108914107084274,295200,0.0,,,,,,,,,,,,,
2956,0.11022073182470858,241.42062,100.0,6978,0.3,42,0.39,0.0,0.03210737928748131,296000,0.0,4.622942184564768,75.36419414749017,0.10242896142881364,75.36419414749017,36928,0.11514026753138751,12.369396537542343,0.0003,0.003527071366988821,0.014550075662555173,0.6125721270218492,0.023834678082494065,-109.02869999408722
2960,,241.42062,100.0,6978,,42,,,0.03210737928748131,296000,0.0,,,,,,,,,,,,,
2964,0.039960622611945676,241.32648,100.0,6991,0.3,42,0.12,0.0,0.03210609406232834,296800,0.0,4.9798890248020875,75.36419414749017,0.1011962954653427,75.36419414749017,36992,0.115282375481911,12.361918717622757,0.0003,0.0035308505466673523,0.014914376821252517,-0.27762541314586997,0.023664466629270464,-109.13055992126465
2968,,241.32648,100.0,6991,,42,,,0.03210609406232834,296800,0.0,,,,,,,,,,,,,
2972,0.07595104330509733,241.62996,100.0,7016,0.26099999999999995,42,0.36,0.0,0.03210168331861496,297600,0.0,4.4666922418353305,75.36419414749017,0.10599168483167887,75.36419414749017,37120,0.1170281128725037,12.545870706439018,0.0003,0.0035229408713348676,0.016697808168828487,0.34898342634551227,0.024714575411053374,-108.73051834106445
2976,,241.62996,100.0,7016,,42,,,0.03210168331861496,297600,0.0,,,,,,,,,,,,,
2980,0.09413494915195882,244.29974,100.0,7029,0.2879999999999999,42,0.39,0.0,0.03210248053073883,298400,0.0,4.117884048040599,75.36419414749017,0.10384173318743706,75.36419414749017,37184,0.11626695224549621,12.49704384803772,0.0003,0.0035233501184848137,0.017340367834549397,0.8384357136674225,0.02449607777816709,-108.89987277984619
2984,,244.29974,100.0,7029,,42,,,0.03210248053073883,298400,0.0,,,,,,,,,,,,,
2988,0.0,242.85533,100.0,7053,0.27899999999999997,42,0.0,0.0,0.03210064023733139,299200,0.0,4.878471516629736,75.36419414749017,0.10922511713579297,75.36419414749017,37312,0.11651841329876333,12.887460082769394,0.0003,0.0035195497039239854,0.02055278525222093,0.49498057924211025,0.028709954174701124,-108.38699352741241
2992,,242.85533,100.0,7053,,42,,,0.03210064023733139,299200,0.0,,,,,,,,,,,,,
2996,0.08938977813042602,244.85963,100.0,7066,0.2879999999999999,42,0.3,0.0,0.03210119530558586,300000,0.0,4.982821806006646,75.36419414749017,0.10602062207181007,75.36419414749017,37376,0.11553951271343976,12.686023145914078,0.0003,0.0035285530211695004,0.018444147892296314,1.871640229364857,0.02759036104544066,-108.7855167388916
3000,,244.85963,100.0,7066,,42,,,0.03210119530558586,300000,0.0,,,,,,,,,,,,,
3004,0.046089773202279624,247.81317,100.0,7090,0.23999999999999996,42,0.18,0.0,0.03209482133388519,300800,0.0,4.837943944647796,73.85691026454037,0.10343174438457936,73.85691026454037,37504,0.11509217252023518,12.500719875097275,0.0003,0.0035309162230987567,0.016457955549412873,-0.01780981570482254,0.026740868197521195,-109.40104877948761
3008,,247.81317,100.0,7090,,42,,,0.03209482133388519,300800,0.0,,,,,,,,,,,,,
3012,0.005281359131461978,246.45543,100.0,7114,0.3,42,0.03,0.0,0.032087504863739014,301600,0.0,4.713578664442016,73.85691026454037,0.09999612881802022,73.85691026454037,37632,0.11449444491881877,12.325502499938011,0.0003,0.0035357174783712253,0.015014742311905138,1.30299870390445,0.025761476645129733,-109.82118284702301
3016,,246.45543,100.0,7114,,42,,,0.032087504863739014,301600,0.0,,,,,,,,,,,,,
3020,0.019737906825039696,245.94717,100.0,7129,0.25199999999999995,42,0.06,0.0,0.032084159553050995,302400,0.0,4.37999833101441,73.85691026454037,0.1005358878755942,73.85691026454037,37696,0.11596895195543766,12.666455939412117,0.0003,0.0035464095562929288,0.016685090595274232,0.2743152396287769,0.027732389426091686,-109.69581258296967
3024,,245.94717,100.0,7129,,42,,,0.032084159553050995,302400,0.0,,,,,,,,,,,,,
3028,0.0,247.25908,100.0,7154,0.3,42,0.0,0.0,0.032083313912153244,303200,0.0,4.680432289044514,73.85691026454037,0.10165648988913745,73.85691026454037,37824,0.11767141672316939,12.715035691857338,0.0003,0.0035483696519804653,0.017369458684697747,-0.9940254616667517,0.026637030430720188,-109.67327547073364
3032,,247.25908,100.0,7154,,42,,,0.032083313912153244,303200,0.0,,,,,,,,,,,,,
3036,0.0,248.16429,100.0,7168,0.264,42,0.0,0.0,0.03208259865641594,304000,0.0,4.569876490481173,73.85691026454037,0.10247859382070601,73.85691026454037,37888,0.115264673368074,12.406165599822998,0.0003,0.0035475544864311814,0.0158144305460155,1.197351364651695,0.025409297813894227,-109.84066724777222
3040,,248.16429,100.0,7168,,42,,,0.03208259865641594,304000,0.0,,,,,,,,,,,,,
3044,0.018273436318401313,249.76947,100.0,7191,0.3,42,0.09,0.0,0.032079167664051056,304800,0.0,4.982607988980818,73.85691026454037,0.10261959698982537,73.85691026454037,38016,0.11625758255831897,12.498348489403725,0.0003,0.003569306074496126,0.01747366074414458,1.0902414419688284,0.026436388201545924,-109.70139706134796
3048,,249.76947,100.0,7191,,42,,,0.032079167664051056,304800,0.0,,,,,,,,,,,,,
3052,0.03386277867695909,250.84381,100.0,7206,0.3,42,0.15,0.0,0.03207777068018913,305600,0.0,4.701415409443779,73.85691026454037,0.10119877278339118,73.85691026454037,38080,0.11585049610584974,12.412875205278397,0.0003,0.003577455223421566,0.01563382861786522,2.438387078233063,0.024426738178590313,-110.03008258342743
3056,,250.84381,100.0,7206,,42,,,0.03207777068018913,305600,0.0,,,,,,,,,,,,,
3060,0.05262016316422341,252.07498,100.0,7230,0.3,42,0.21,0.0,0.03208332881331444,306400,0.0,4.876899063342686,73.85691026454037,0.09967526735272259,73.85691026454037,38208,0.11535198695492,12.393401369452477,0.0003,0.00361315329791978,0.01567860606155591,2.681466481881216,0.025622819928685203,-110.2367684841156
3064,,252.07498,100.0,7230,,42,,,0.03208332881331444,306400,0.0,,,,,,,,,,,,,
3068,0.0,251.12132,100.0,7244,0.3,42,0.0,0.0,0.03208693489432335,307200,0.0,4.72984258470227,73.85691026454037,0.10109052865300328,73.85691026454037,38272,0.11384574417024851,12.244375556707382,0.0003,0.003630832379712956,0.015843475979636423,2.1248518631327897,0.02556109760189429,-110.22021746635437
3072,,251.12132,100.0,7244,,42,,,0.03208693489432335,307200,0.0,,,,,,,,,,,,,
3076,0.026038408080431386,250.98221,100.0,7268,0.3,42,0.09,0.0,0.032088689506053925,308000,0.0,4.910583127976756,73.85691026454037,0.10236733604688197,73.85691026454037,38400,0.11692867625970393,12.690498784184456,0.0003,0.003655224460089812,0.017578121085534804,2.6231720354408026,0.0269484580057906,-110.00664114952087
3080,,250.98221,100.0,7268,,42,,,0.032088689506053925,308000,0.0,,,,,,,,,,,,,
3084,0.007153371432119408,250.25128,100.0,7293,0.3,42,0.03,0.0,0.03209587186574936,308800,0.0,4.921301028589516,73.85691026454037,0.09928126959130168,73.85691026454037,38528,0.11550893634557724,12.534227028489113,0.0003,0.003690500496304594,0.01613496993377339,0.9800260660704225,0.0265754591091536,-110.46394097805023
3088,,250.25128,100.0,7293,,42,,,0.03209587186574936,308800,0.0,,,,,,,,,,,,,
3092,0.0,248.17197,100.0,7307,0.3,42,0.0,0.0,0.03209667652845383,309600,0.0,4.769632073931761,73.85691026454037,0.09942581481300294,73.85691026454037,38592,0.11689607438165694,12.739009603857994,0.0003,0.003690392135467846,0.016849868348799646,-0.5203055171296,0.02652329290867783,-110.41518378257751
3096,,248.17197,100.0,7307,,42,,,0.03209667652845383,309600,0.0,,,,,,,,,,,,,
3100,0.0,245.04529,100.0,7331,0.3,42,0.0,0.0,0.03209288790822029,310400,0.0,4.38186666919861,73.85691026454037,0.10031442705076188,73.85691026454037,38720,0.11561829934362322,12.432205200195312,0.0003,0.003689746376039693,0.015473227453185245,0.3956766009796411,0.02576705889077857,-110.56783747673035
3104,,245.04529,100.0,7331,,42,,,0.03209288790822029,310400,0.0,,,,,,,,,,,,,
3108,0.016439969035014726,245.64188,100.0,7345,0.3,42,0.06,0.0,0.03209272772073746,311200,0.0,5.009303278819073,73.85691026454037,0.10434513760264963,73.85691026454037,38784,0.11514908622484654,12.580957740545273,0.0003,0.003698015530972043,0.018198730947915465,1.7933873835136183,0.026469208067283034,-110.02115166187286
3112,,245.64188,100.0,7345,,42,,,0.03209272772073746,311200,0.0,,,,,,,,,,,,,
3116,0.04538853995821336,245.08377,100.0,7368,0.26099999999999995,42,0.15,0.0,0.03209034353494644,312000,0.0,4.309455333303804,73.85691026454037,0.10052308102604002,73.85691026454037,38912,0.11369347688741982,12.4236990660429,0.0003,0.00371503179485444,0.016120847372803837,2.2244497425854206,0.02694895406602882,-110.54052984714508
3120,,245.08377,100.0,7368,,42,,,0.03209034353494644,312000,0.0,,,,,,,,,,,,,
3124,0.0,244.57811,100.0,7382,0.264,42,0.0,0.0,0.032095037400722504,312800,0.0,4.85060337376449,73.85691026454037,0.10081884986720979,73.85691026454037,38976,0.11639923613984138,12.91246785223484,0.0003,0.0037346795288613066,0.016092944293632172,2.9137087971903384,0.027939813619013876,-110.44261848926544
3128,,244.57811,100.0,7382,,42,,,0.032095037400722504,312800,0.0,,,,,,,,,,,,,
3132,0.052226441791749324,242.8434,100.0,7406,0.264,42,0.15,0.0,0.03209611773490906,313600,0.0,4.160107807791527,73.85691026454037,0.10219796374440193,73.85691026454037,39104,0.11468614113982767,12.515939354896545,0.0003,0.0037723045898019336,0.01683037498150952,3.057768188416958,0.026890042732702568,-110.53335213661194
3136,,242.8434,100.0,7406,,42,,,0.03209611773490906,313600,0.0,,,,,,,,,,,,,
3140,0.03839704003520152,242.77553,100.0,7431,0.3,42,0.18,0.0,0.03209987282752991,314400,0.0,4.788955232173626,73.85691026454037,0.09967227326706052,73.85691026454037,39232,0.1156995560741052,12.612101450562477,0.0003,0.0038209551057661884,0.015075349620019551,1.7017646180465817,0.02666916402813513,-110.8646936416626
3144,,242.77553,100.0,7431,,42,,,0.03209987282752991,314400,0.0,,,,,,,,,,,,,
3148,0.09985291388154006,242.16393,100.0,7445,0.3,42,0.33,0.0,0.032100047916173935,315200,0.0,4.978893960536688,73.85691026454037,0.0971138229360804,73.85691026454037,39296,0.1137206704588607,12.608608394861221,0.0003,0.0038416209536080714,0.016531572211533785,2.768472148105502,0.027806953905383125,-110.96842443943024
3152,,242.16393,100.0,7445,,42,,,0.032100047916173935,315200,0.0,,,,,,,,,,,,,
3156,0.023711239400127457,242.32019,100.0,7468,0.3,42,0.09,0.0,0.032104749232530594,316000,0.0,5.039529575065815,73.85691026454037,0.09906575502827764,73.85691026454037,39424,0.11511357373092324,12.80769695341587,0.0003,0.0038948092405917123,0.017183889111038297,4.292861822526902,0.029130507638910785,-110.96866476535797
3160,,242.32019,100.0,7468,,42,,,0.032104749232530594,316000,0.0,,,,,,,,,,,,,
3164,0.0,241.21553,100.0,7482,0.29399999999999993,42,0.0,0.0,0.0321110375225544,316800,0.0,4.873315006845338,73.85691026454037,0.10079410567414016,73.85691026454037,39488,0.11569149710703641,12.78877617418766,0.0003,0.003937614361348096,0.017302231426583603,5.836465239990503,0.027197687333682552,-110.86514329910278
3168,,241.21553,100.0,7482,,42,,,0.0321110375225544,316800,0.0,,,,,,,,,,,,,
3172,0.0,240.82771,100.0,7505,0.25199999999999995,42,0.0,0.0,0.032126571983098984,317600,0.0,4.5666476412504995,73.85691026454037,0.09884786454495043,73.85691026454037,39616,0.11367873358540237,12.472231328487396,0.0003,0.004024689216748811,0.015878105754381977,4.74265548819676,0.026403956348076463,-111.20759308338165
3176,,240.82771,100.0,7505,,42,,,0.032126571983098984,317600,0.0,,,,,,,,,,,,,
3180,0.0,239.61629,100.0,7519,0.22199999999999995,42,0.0,0.0,0.03213215246796608,318400,0.0,4.218282100510693,73.85691026454037,0.10187751310877502,73.85691026454037,39680,0.11475870048161596,12.620275378227234,0.0003,0.004063232750922907,0.01628272596281022,4.392581041902304,0.0274661685252795,-110.92997765541077
3184,,239.61629,100.0,7519,,42,,,0.03213215246796608,318400,0.0,,,,,,,,,,,,,
3188,0.0,239.95174,100.0,7542,0.264,42,0.0,0.0,0.0321425125002861,319200,0.0,4.598332250811203,73.85691026454037,0.09952190704643726,73.85691026454037,39808,0.11747603316325694,12.934510171413422,0.0003,0.004123295555473305,0.015286549591110088,5.34160325024277,0.02691194516955875,-111.31832909584045
3192,,239.95174,100.0,7542,,42,,,0.0321425125002861,319200,0.0,,,,,,,,,,,,,
3196,0.0,240.74239,100.0,7555,0.288,42,0.0,0.0,0.03214968368411064,320000,0.0,4.5159223441499785,73.85691026454037,0.09899132035207003,73.85691026454037,39872,0.11660547042265534,12.68815691769123,0.0003,0.0041616211528889835,0.015564768269541673,4.431150037096813,0.026339232368627563,-111.34308314323425
3200,,240.74239,100.0,7555,,42,,,0.03214968368411064,320000,0.0,,,,,,,,,,,,,
3204,0.10259391472759209,240.80573,100.0,7578,0.2909999999999999,42,0.3,0.0,0.03215775266289711,320800,0.0,4.922873402165273,72.37977205924956,0.09974604402668774,72.37977205924956,40000,0.11881189374253154,13.098454132676125,0.0003,0.004229257290717214,0.01543879094242584,3.304386215750128,0.027380095358239487,-111.50751578807831
3208,,240.80573,100.0,7578,,42,,,0.03215775266289711,320800,0.0,,,,,,,,,,,,,
3212,0.0,238.12561,100.0,7601,0.20099999999999998,42,0.0,0.0,0.03216910362243652,321600,0.0,4.096626222540147,72.37977205924956,0.10213232808746397,72.37977205924956,40128,0.11661301972344518,12.57748307287693,0.0003,0.004277679698134307,0.016856950969668105,3.462978604482487,0.02673671377124265,-111.2877687215805
3216,,238.12561,100.0,7601,,42,,,0.03216910362243652,321600,0.0,,,,,,,,,,,,,
3220,0.025171001392429802,240.25398,100.0,7615,0.288,42,0.09,0.0,0.032184094190597534,322400,0.0,4.753625917845747,72.37977205924956,0.10334377805702388,72.37977205924956,40192,0.11752191337291151,12.844503730535507,0.0003,0.004321316577261314,0.016804726110422052,7.191071363165975,0.02715865572099574,-111.2365403175354
3224,,240.25398,100.0,7615,,42,,,0.032184094190597534,322400,0.0,,,,,,,,,,,,,
3228,0.0,239.34137,100.0,7638,0.22499999999999998,42,0.0,0.0,0.03220538794994354,323200,0.0,4.325451333209038,72.37977205924956,0.10429694224148989,72.37977205924956,40320,0.11773275246378034,12.980460748076439,0.0003,0.004422240395797417,0.017079255150747485,4.798227841500193,0.028004006861010566,-111.21458065509796
3232,,239.34137,100.0,7638,,42,,,0.03220538794994354,323200,0.0,,,,,,,,,,,,,
3236,0.023213016122326242,238.91733,100.0,7651,0.3,42,0.06,0.0,0.03221892565488815,324000,0.0,4.853005663558318,72.37977205924956,0.10285833675879985,72.37977205924956,40384,0.11763836839236319,12.762398600578308,0.0003,0.00446341311908327,0.016136794060003012,7.004199073649943,0.02748941199388355,-111.38544225692749
3240,,238.91733,100.0,7651,,42,,,0.03221892565488815,324000,0.0,,,,,,,,,,,,,
3244,0.21038018081851498,241.8318,100.0,7675,0.3,42,0.75,0.0,0.03223847970366478,324800,0.0,5.008886943072452,72.37977205924956,0.09881554648745805,72.37977205924956,40512,0.11628436192404479,12.888444125652313,0.0003,0.004558296874165535,0.016894879401661456,2.2902777921408415,0.027992843359243125,-111.78363037109375
3248,,241.8318,100.0,7675,,42,,,0.03223847970366478,324800,0.0,,,,,,,,,,,,,
3252,0.0,241.47768,100.0,7688,0.3,42,0.0,0.0,0.03224865347146988,325600,0.0,4.800776165872156,72.37977205924956,0.09731702867429703,72.37977205924956,40576,0.11488590587396175,12.686283484101295,0.0003,0.004586034541716799,0.016697377286618575,5.160222251084633,0.028355251197353937,-111.97735393047333
3256,,241.47768,100.0,7688,,42,,,0.03224865347146988,325600,0.0,,,,,,,,,,,,,
3260,0.06888364520190651,243.05658,100.0,7712,0.3,42,0.33,0.0,0.032278873026371,326400,0.0,4.774481392155831,72.37977205924956,0.09882621641736478,72.37977205924956,40704,0.11504897254053503,12.503884062170982,0.0003,0.004694967625255231,0.01609448124509072,5.871021763421595,0.027115640841657296,-111.93487191200256
3264,,243.05658,100.0,7712,,42,,,0.032278873026371,326400,0.0,,,,,,,,,,,,,
3268,0.08823821914887191,244.13109,100.0,7735,0.2909999999999999,42,0.39,0.0,0.03230039402842522,327200,0.0,4.5204211949410595,72.37977205924956,0.0975983573589474,72.37977205924956,40832,0.11606650450266898,12.967197626829147,0.0003,0.004777296860993374,0.015971072833053768,5.021656734868884,0.027712709590559825,-111.97797453403473
3272,,244.13109,100.0,7735,,42,,,0.03230039402842522,327200,0.0,,,,,,,,,,,,,
3276,0.0,244.45998,100.0,7749,0.22499999999999998,42,0.0,0.0,0.032314594835042953,328000,0.0,4.775587779561264,72.37977205924956,0.09915934014134109,72.37977205924956,40896,0.11730461893603206,13.005619198083878,0.0003,0.0048268259488395415,0.01793196686776355,5.9960056487470865,0.029229838022729382,-111.86797654628754
3280,,244.45998,100.0,7749,,42,,,0.032314594835042953,328000,0.0,,,,,,,,,,,,,
3284,0.0,244.56165,100.0,7772,0.26099999999999995,42,0.0,0.0,0.03233490511775017,328800,0.0,4.547569191066419,72.37977205924956,0.09860627446323633,72.37977205924956,41024,0.1158276965143159,12.898261681199074,0.0003,0.004899491359537933,0.01660666112729814,5.204512277618051,0.02775885458686389,-111.98073399066925
3288,,244.56165,100.0,7772,,42,,,0.03233490511775017,328800,0.0,,,,,,,,,,,,,
3292,0.03179639422036756,244.71971,100.0,7786,0.3,42,0.12,0.0,0.03234775736927986,329600,0.0,4.837002746579138,72.37977205924956,0.10118682379834354,72.37977205924956,41088,0.11465809331275523,12.4803227186203,0.0003,0.004947484456351958,0.01676563237560913,4.291909514693543,0.027454566123196855,-111.7787857055664
3296,,244.71971,100.0,7786,,42,,,0.03234775736927986,329600,0.0,,,,,,,,,,,,,
3300,0.0,245.55959,100.0,7810,0.27899999999999997,42,0.0,0.0,0.03237581253051758,330400,0.0,4.83435141365646,72.37977205924956,0.09908940084278584,72.37977205924956,41216,0.11797487700823694,12.961378663778305,0.0003,0.005034848007198889,0.015583816290018149,5.705037956126034,0.02759907959261909,-112.10015594959259
3304,,245.55959,100.0,7810,,42,,,0.03237581253051758,330400,0.0,,,,,,,,,,,,,
3308,0.059893275429175705,248.85345,100.0,7823,0.3,42,0.24,0.0,0.032382577657699585,331200,0.0,5.107768417450531,72.37977205924956,0.09774593880865723,72.37977205924956,41280,0.11550479615107179,12.881612971425056,0.0003,0.005079672657302581,0.016337518260115758,2.3224100284278393,0.029114560427842662,-112.14681768417358
3312,,248.85345,100.0,7823,,42,,,0.032382577657699585,331200,0.0,,,,,,,,,,,,,
3316,0.0,248.28928,100.0,7847,0.29699999999999993,42,0.0,0.0,0.03241460397839546,332000,0.0,4.899837048783993,72.37977205924956,0.09919347311370075,72.37977205924956,41408,0.11499518947675824,12.570796981453896,0.0003,0.00516707817587303,0.01636764785507694,6.835292952600867,0.027128190733492374,-112.21344995498657
3320,,248.28928,100.0,7847,,42,,,0.03241460397839546,332000,0.0,,,,,,,,,,,,,
3324,0.0,249.9546,100.0,7861,0.3,42,0.0,0.0,0.03242660313844681,332800,0.0,4.629547986180262,72.37977205924956,0.1000827980460599,72.37977205924956,41472,0.11457417660858482,12.685240045189857,0.0003,0.0052159690676489845,0.0171065196627751,3.1636635940521955,0.028173171274829656,-112.0783623456955
3328,,249.9546,100.0,7861,,42,,,0.03242660313844681,332800,0.0,,,,,,,,,,,,,
3332,0.0,249.62114,100.0,7884,0.26099999999999995,42,0.0,0.0,0.03246443718671799,333600,0.0,4.668039189320745,72.37977205924956,0.09520960960071534,72.37977205924956,41600,0.11338492797221988,12.274386629462242,0.0003,0.005337543327186722,0.015743982410640456,5.438341096043587,0.02710585766180884,-112.611931681633
3336,,249.62114,100.0,7884,,42,,,0.03246443718671799,333600,0.0,,,,,,,,,,,,,
3340,0.12568672329960137,248.79588,100.0,7907,0.29399999999999993,42,0.39,0.0,0.032487861812114716,334400,0.0,4.640015347530652,72.37977205924956,0.0957807571394369,72.37977205924956,41728,0.1141769487876445,12.730602473020554,0.0003,0.005412437669292558,0.015639342505892273,5.16634077206254,0.028020755358738825,-112.45234024524689
3344,,248.79588,100.0,7907,,42,,,0.032487861812114716,334400,0.0,,,,,,,,,,,,,
3348,0.0,247.09773,100.0,7922,0.3,42,0.0,0.0,0.03249841928482056,335200,0.0,4.592280975436537,72.37977205924956,0.09676315716933459,72.37977205924956,41792,0.11537484347354621,12.800427630543709,0.0003,0.005457161460071802,0.016905861972190905,2.638946591876447,0.02907361224060878,-112.42044949531555
3352,,247.09773,100.0,7922,,42,,,0.03249841928482056,335200,0.0,,,,,,,,,,,,,
3356,0.0,244.54283,100.0,7945,0.3,42,0.0,0.0,0.03253066539764404,336000,0.0,4.478757636126408,72.37977205924956,0.09654341638088226,72.37977205924956,41920,0.11421886482276022,12.357126653194427,0.0003,0.005547452179598622,0.015437422684044577,2.265999857801944,0.026595889241434634,-112.49076008796692
3360,,244.54283,100.0,7945,,42,,,0.03253066539764404,336000,0.0,,,,,,,,,,,,,
3364,0.0,244.2066,100.0,7959,0.3,42,0.0,0.0,0.03254389017820358,336800,0.0,4.910105899370291,72.37977205924956,0.10346756223589182,72.37977205924956,41984,0.11485031177289784,12.719203650951385,0.0003,0.005565936233324464,0.01711395152960904,2.9183472180739045,0.02827165074995719,-111.96570539474487
3368,,244.2066,100.0,7959,,42,,,0.03254389017820358,336800,0.0,,,,,,,,,,,,,
3372,0.0764053598852828,243.43018,100.0,7982,0.3,42,0.24,0.0,0.03257409483194351,337600,0.0,4.9080836870609765,72.37977205924956,0.09605169447604567,72.37977205924956,42112,0.11478976416401565,12.709720864892006,0.0003,0.0056507733825128525,0.015551655480521731,4.243860247079283,0.02806226268876344,-112.764413356781
3376,,243.43018,100.0,7982,,42,,,0.03257409483194351,337600,0.0,,,,,,,,,,,,,
3380,0.0,242.3211,100.0,7995,0.3,42,0.0,0.0,0.03259134292602539,338400,0.0,4.4478243012648475,72.37977205924956,0.09865012927912176,72.37977205924956,42176,0.11320174264255911,12.540169566869736,0.0003,0.005698556509742048,0.01642302614345681,4.267539337975904,0.028257971309358254,-112.39539968967438
3384,,242.3211,100.0,7995,,42,,,0.03259134292602539,338400,0.0,,,,,,,,,,,,,
3388,0.0,242.84766,100.0,8018,0.3,42,0.0,0.0,0.03261798620223999,339200,0.0,4.764429415637956,72.37977205924956,0.09803948411718011,72.37977205924956,42304,0.11402916209772229,12.508722022175789,0.0003,0.005774825091066305,0.017846881164587103,3.7481227116659284,0.0276876405114308,-112.45018517971039
3392,,242.84766,100.0,8018,,42,,,0.03261798620223999,339200,0.0,,,,,,,,,,,,,
3396,0.12542554903833839,242.10605,100.0,8040,0.3,42,0.45,0.0,0.03265232592821121,340000,0.0,4.681790452022131,72.37977205924956,0.09756860032211989,72.37977205924956,42432,0.1153784163761884,12.545010045170784,0.0003,0.005869106644240674,0.015562379616312683,4.724535857792944,0.027371521311579272,-112.6717244386673
3400,,242.10605,100.0,8040,,42,,,0.03265232592821121,340000,0.0,,,,,,,,,,,,,
3404,0.12473617825602674,240.13301,100.0,8054,0.3,42,0.36,0.0,0.03267097845673561,340800,0.0,4.784206176860535,70.93217661806457,0.09720286820083857,70.93217661806457,42496,0.11647089361213148,12.619379118084908,0.0003,0.0059184438359807245,0.016229820750595536,3.3080653122160584,0.027679242281010374,-112.77480018138885
3408,,240.13301,100.0,8054,,42,,,0.03267097845673561,340800,0.0,,,,,,,,,,,,,
3412,0.022287236184827194,238.08669,100.0,8077,0.3,42,0.06,0.0,0.032702576369047165,341600,0.0,4.493616769317066,70.93217661806457,0.0959397628903389,70.93217661806457,42624,0.11391054547857493,12.640908807516098,0.0003,0.00596366825629957,0.015238228137604892,1.3048242153599858,0.02873051309143193,-112.95075869560242
3416,,238.08669,100.0,8077,,42,,,0.032702576369047165,341600,0.0,,,,,,,,,,,,,
3420,0.007541223715758143,238.22755,100.0,8092,0.26099999999999995,42,0.03,0.0,0.032723039388656616,342400,0.0,4.958420296894501,70.93217661806457,0.09533632290549576,70.93217661806457,42688,0.11553789186291397,12.522180452942848,0.0003,0.00598669294413412,0.01547690326697193,2.218195633031428,0.028588380489964038,-113.09522902965546
3424,,238.22755,100.0,8092,,42,,,0.032723039388656616,342400,0.0,,,,,,,,,,,,,
3428,0.0,239.83661,100.0,8115,0.24599999999999997,42,0.0,0.0,0.03275100514292717,343200,0.0,4.923789396493226,70.93217661806457,0.09596850525122136,70.93217661806457,42816,0.11479276639875025,12.420055538415909,0.0003,0.00602700631134212,0.014230618500732817,-1.1426236685365438,0.027683400956448168,-113.07604956626892
3432,,239.83661,100.0,8115,,42,,,0.03275100514292717,343200,0.0,,,,,,,,,,,,,
3436,0.11325741885845016,241.6413,100.0,8128,0.3,42,0.45,0.0,0.03276567533612251,344000,0.0,4.91024893157496,70.93217661806457,0.09446182020474225,70.93217661806457,42880,0.11349079746287316,12.349294200539589,0.0003,0.006018092310114298,0.014401566339074634,0.8171030678786337,0.027840229478897527,-113.25482094287872
3440,,241.6413,100.0,8128,,42,,,0.03276567533612251,344000,0.0,,,,,,,,,,,,,
3444,0.07382369422283605,241.61482,100.0,8152,0.3,42,0.24,0.0,0.03279703110456467,344800,0.0,4.727245599856649,70.93217661806457,0.09501846274361014,70.93217661806457,43008,0.11500546336174011,12.642256811261177,0.0003,0.006028568204783369,0.01579139743989799,1.4358979866374284,0.02871390280779451,-113.23300337791443
3448,,241.61482,100.0,8152,,42,,,0.03279703110456467,344800,0.0,,,,,,,,,,,,,
3452,0.04425496598391849,244.4493,100.0,8166,0.23699999999999996,42,0.15,0.0,0.03281575068831444,345600,0.0,4.914162127401439,70.93217661806457,0.09805863513611257,70.93217661806457,43072,0.11547985125798732,12.592417418956757,0.0003,0.006051351308997255,0.016153736927662976,0.42419724096544087,0.028159873094409704,-112.97012090682983
3456,,244.4493,100.0,8166,,42,,,0.03281575068831444,345600,0.0,,,,,,,,,,,,,
3460,0.0,243.85497,100.0,8190,0.264,42,0.0,0.0,0.03284218907356262,346400,0.0,4.414418435767852,70.93217661806457,0.09340409783180803,70.93217661806457,43200,0.11306286905892193,12.339038535952568,0.0003,0.00604418279544916,0.015075520226673689,0.4483558163046837,0.027511429449077696,-113.48967576026917
3464,,243.85497,100.0,8190,,42,,,0.03284218907356262,346400,0.0,,,,,,,,,,,,,
3468,0.0,242.79752,100.0,8213,0.3,42,0.0,0.0,0.03287317603826523,347200,0.0,4.744406407566174,70.93217661806457,0.09379689511843026,70.93217661806457,43328,0.11411317333113402,12.554928794503212,0.0003,0.006055580270185601,0.01457487511652289,-0.4017697675153613,0.02778972571832128,-113.5587762594223
3472,,242.79752,100.0,8213,,42,,,0.03287317603826523,347200,0.0,,,,,,,,,,,,,
3476,0.11071588881711505,243.43002,100.0,8227,0.3,42,0.39,0.0,0.03288282826542854,348000,0.0,4.770093474125229,70.93217661806457,0.09516270225867629,70.93217661806457,43392,0.11542822513729334,12.530661061406136,0.0003,0.006039572341251187,0.014357487627421506,-2.2189956344664097,0.027711311500752345,-113.55036306381226
3480,,243.43002,100.0,8227,,42,,,0.03288282826542854,348000,0.0,,,,,,,,,,,,,
3484,0.0,244.12164,100.0,8251,0.3,42,0.0,0.0,0.032907985150814056,348800,0.0,4.883401573871789,70.93217661806457,0.0955705028027296,70.93217661806457,43520,0.11552815849427134,12.566713213920593,0.0003,0.006006697833072394,0.01739810196158942,-0.47121917561162263,0.02949909986637067,-113.22006404399872
3488,,244.12164,100.0,8251,,42,,,0.032907985150814056,348800,0.0,,,,,,,,,,,,,
3492,0.0,243.15758,100.0,8266,0.26099999999999995,42,0.0,0.0,0.0329178087413311,349600,0.0,4.702391097223321,70.93217661806457,0.09522301983088255,70.93217661806457,43584,0.11460417869966477,12.626587748527527,0.0003,0.0059892093850066885,0.01593558409513207,-3.000604265835136,0.02874668812728487,-113.3849585056305
3496,,243.15758,100.0,8266,,42,,,0.0329178087413311,349600,0.0,,,,,,,,,,,,,
3500,0.0,243.72968,100.0,8290,0.3,42,0.0,0.0,0.03293408080935478,350400,0.0,4.979476526551915,70.93217661806457,0.09690518560819328,70.93217661806457,43712,0.11481994949281216,12.494961708784103,0.0003,0.005918096285313368,0.015512028905504849,-2.1564552646595985,0.02724063378991559,-113.37430202960968
3504,,243.72968,100.0,8290,,42,,,0.03293408080935478,350400,0.0,,,,,,,,,,,,,
3508,0.0,244.14983,100.0,8304,0.26999999999999996,42,0.0,0.0,0.03293805941939354,351200,0.0,5.129527824999092,70.93217661806457,0.09649656666442752,70.93217661806457,43776,0.11463043885305524,12.586768075823784,0.0003,0.005879171789274551,0.01526277800439857,-4.449423822341487,0.027587974502239376,-113.4527508020401
3512,,244.14983,100.0,8304,,42,,,0.03293805941939354,351200,0.0,,,,,,,,,,,,,
3516,0.1473467658111917,245.32071,100.0,8327,0.3,42,0.36,0.0,0.032949723303318024,352000,0.0,4.6178538215494545,70.93217661806457,0.09655464929528534,70.93217661806457,43904,0.11464248655829579,12.61151072382927,0.0003,0.0058139720422332175,0.01578783408331219,-1.9205318046733737,0.02809369601891376,-113.54603064060211
3520,,245.32071,100.0,8327,,42,,,0.032949723303318024,352000,0.0,,,,,,,,,,,,,
3524,0.07111174071705093,245.41469,100.0,8350,0.27299999999999996,42,0.33,0.0,0.03295888006687164,352800,0.0,4.9149947538738195,70.93217661806457,0.09475212113466114,70.93217661806457,44032,0.1151504167355597,12.728434354066849,0.0003,0.005724036964238621,0.01532222696550889,-1.7607245189137757,0.028522684733616188,-113.6709052324295
3528,,245.41469,100.0,8350,,42,,,0.03295888006687164,352800,0.0,,,,,,,,,,,,,
3532,0.11109567060285513,245.53932,100.0,8364,0.29699999999999993,42,0.36,0.0,0.03296590596437454,353600,0.0,4.6563723066448865,70.93217661806457,0.0937098414869979,70.93217661806457,44096,0.11436719167977571,12.611042648553848,0.0003,0.0056962707385537215,0.015012204210506752,-1.9912221832200885,0.027582114766119048,-113.85888028144836
3536,,245.53932,100.0,8364,,42,,,0.03296590596437454,353600,0.0,,,,,,,,,,,,,
3540,0.12611565646895895,245.7992,100.0,8388,0.3,42,0.36,0.0,0.032973762601614,354400,0.0,4.69713684815029,70.93217661806457,0.09468085214029998,70.93217661806457,44224,0.11678140226285905,13.24669449031353,0.0003,0.005638844086206518,0.01492072647670284,-2.5942990253679454,0.027767010527895764,-113.76619291305542
3544,,245.7992,100.0,8388,,42,,,0.032973762601614,354400,0.0,,,,,,,,,,,,,
3548,0.0,244.08104,100.0,8402,0.2879999999999999,42,0.0,0.0,0.03298114985227585,355200,0.0,4.696221490537319,70.93217661806457,0.09608577843755484,70.93217661806457,44288,0.11426117504015565,12.690894842147827,0.0003,0.005619415940600447,0.016591084000538103,0.3879308020696044,0.028205690847244114,-113.66135632991791
3552,,244.08104,100.0,8402,,42,,,0.03298114985227585,355200,0.0,,,,,,,,,,,,,
3556,0.006804426970492245,243.35025,100.0,8426,0.2909999999999999,42,0.03,0.0,0.03299649804830551,356000,0.0,4.452357807212456,70.93217661806457,0.09434130892623216,70.93217661806457,44416,0.11325026163831353,12.670504823327065,0.0003,0.005607690058241133,0.015579580132907722,-0.621364766266197,0.029364852118305862,-114.02305829524994
3560,,243.35025,100.0,8426,,42,,,0.03299649804830551,356000,0.0,,,,,,,,,,,,,
3564,0.10985690435625668,244.76447,100.0,8440,0.288,42,0.39,0.0,0.03299928829073906,356800,0.0,4.70555807529938,70.93217661806457,0.09506831760518253,70.93217661806457,44480,0.11725927458610386,12.874847695231438,0.0003,0.005587538304098416,0.015721906303951982,-3.1544449306093156,0.029249155428260565,-113.89051842689514
3568,,244.76447,100.0,8440,,42,,,0.03299928829073906,356800,0.0,,,,,,,,,,,,,
3572,0.11700721927531657,245.44373,100.0,8463,0.3,42,0.39,0.0,0.033014342188835144,357600,0.0,4.9328682133204325,70.93217661806457,0.09368977649137378,70.93217661806457,44608,0.11340937728527933,12.318546891212463,0.0003,0.0055571146731381305,0.01569895225111395,-1.5239116018638015,0.0281133642711211,-113.94009971618652
3576,,245.44373,100.0,8463,,42,,,0.033014342188835144,357600,0.0,,,,,,,,,,,,,
3580,0.011163461998160162,247.19055,100.0,8477,0.3,42,0.03,0.0,0.03302031010389328,358400,0.0,4.87787074797161,70.93217661806457,0.09573600220028311,70.93217661806457,44672,0.11565787089057267,12.796740159392357,0.0003,0.005529413887416013,0.017755641645635478,-2.772071490995586,0.029838217509677634,-113.80392706394196
3584,,247.19055,100.0,8477,,42,,,0.03302031010389328,358400,0.0,,,,,,,,,,,,,
3588,0.09102686842568705,248.33762,100.0,8499,0.3,42,0.42,0.0,0.033036135137081146,359200,0.0,4.811822417299917,70.93217661806457,0.0936824717791751,70.93217661806457,44800,0.11305329366587102,12.475462540984154,0.0003,0.0055180022973218,0.01533439289778471,1.6765549574047327,0.02841084051760845,-114.1905472278595
3592,,248.33762,100.0,8499,,42,,,0.033036135137081146,359200,0.0,,,,,,,,,,,,,
3596,0.19904635977801405,251.7641,100.0,8523,0.3,42,0.69,0.0,0.033052343875169754,360000,0.0,4.681465453056206,70.93217661806457,0.09716264996677637,70.93217661806457,44928,0.11653910228051245,13.232530742883682,0.0003,0.005535176795092411,0.0170468105643522,-0.36657862359425053,0.030515194579493254,-113.75492882728577
3600,,251.7641,100.0,8523,,42,,,0.033052343875169754,360000,0.0,,,,,,,,,,,,,
3604,0.027843322391894534,250.17357,100.0,8536,0.249,42,0.12,0.0,0.03305699676275253,360800,0.0,4.455659987946975,69.51353308570327,0.09549383714329451,69.51353308570327,44992,0.11601993208751082,12.805843845009804,0.0003,0.005523084844753612,0.015834616438951343,0.40315743698738515,0.029534352070186287,-114.34717726707458
3608,,250.17357,100.0,8536,,42,,,0.03305699676275253,360800,0.0,,,,,,,,,,,,,
3612,0.10923976317797525,249.80074,100.0,8559,0.3,42,0.36,0.0,0.03306591138243675,361600,0.0,4.350396809257251,69.51353308570327,0.09531553753186017,69.51353308570327,45120,0.11637239332776517,12.482275873422623,0.0003,0.00552399118168978,0.014874743646942079,-3.1958833762910217,0.02803534021950327,-114.30383455753326
3616,,249.80074,100.0,8559,,42,,,0.03306591138243675,361600,0.0,,,,,,,,,,,,,
3620,0.016649314454976884,247.69238,100.0,8574,0.282,42,0.06,0.0,0.03307301551103592,362400,0.0,4.789714822518601,69.51353308570327,0.09402243525255471,69.51353308570327,45184,0.11492019391153008,12.393569901585579,0.0003,0.005500136299815495,0.015865259680140298,-1.1141862901858985,0.028787508490495384,-114.24121022224426
3624,,247.69238,100.0,8574,,42,,,0.03307301551103592,362400,0.0,,,,,,,,,,,,,
3628,0.0,246.22539,100.0,8597,0.3,42,0.0,0.0,0.033087510615587234,363200,0.0,4.43344182789858,69.51353308570327,0.09631252964027226,69.51353308570327,45312,0.11480106587987393,12.473861142992973,0.0003,0.005492422918905504,0.01656396416365169,-0.7854049066081643,0.029695460776565596,-114.17144799232483
3632,,246.22539,100.0,8597,,42,,,0.033087510615587234,363200,0.0,,,,,,,,,,,,,
3636,0.0,245.9589,100.0,8610,0.26699999999999996,42,0.0,0.0,0.033099137246608734,364000,0.0,4.7964188856458705,69.51353308570327,0.09299411706160754,69.51353308570327,45376,0.11241496715229005,12.173305958509445,0.0003,0.00549089952983195,0.014602423034375533,1.120866865850985,0.027609694137936458,-114.70124900341034
3640,,245.9589,100.0,8610,,42,,,0.033099137246608734,364000,0.0,,,,,,,,,,,,,
3644,0.008832089010258354,243.74852,100.0,8633,0.207,42,0.03,0.0,0.03311453387141228,364800,0.0,4.14246398006121,69.51353308570327,0.09238481847569346,69.51353308570327,45504,0.11333436972927302,12.166408389806747,0.0003,0.0054866808277438395,0.015847233080421574,-0.2830334760947153,0.02933158617815934,-114.54313540458679
3648,,243.74852,100.0,8633,,42,,,0.03311453387141228,364800,0.0,,,,,,,,,,,,,
3652,0.06542428737001774,244.06781,100.0,8657,0.3,42,0.3,0.0,0.03312443941831589,365600,0.0,4.800680158912969,69.51353308570327,0.09502443892415613,69.51353308570327,45632,0.11493746761698276,12.438107714056969,0.0003,0.005437436979264021,0.014634479986852966,-2.9442492122761905,0.028279176854994148,-114.51758217811584
3656,,244.06781,100.0,8657,,42,,,0.03312443941831589,365600,0.0,,,,,,,,,,,,,
3660,0.23220865381475772,246.54938,100.0,8671,0.3,42,0.75,0.0,0.03313040733337402,366400,0.0,4.829848851462015,69.51353308570327,0.09349943546112627,69.51353308570327,45696,0.11452546122018248,12.302847102284431,0.0003,0.005424419076007325,0.013398933660937473,0.06697804247960448,0.027189333050046116,-114.60972809791565
3664,,246.54938,100.0,8671,,42,,,0.03313040733337402,366400,0.0,,,,,,,,,,,,,
3668,0.0,245.69229,100.0,8693,0.3,42,0.0,0.0,0.033140745013952255,367200,0.0,4.692825248249996,69.51353308570327,0.09725482703652233,69.51353308570327,45824,0.11581896769348532,12.512306362390518,0.0003,0.0053981410746928304,0.015380756434751675,-1.1137252247426659,0.028615027957130224,-114.22523176670074
3672,,245.69229,100.0,8693,,42,,,0.033140745013952255,367200,0.0,,,,,,,,,,,,,
3676,0.0,244.03955,100.0,8707,0.2909999999999999,42,0.0,0.0,0.033151861280202866,368000,0.0,4.699493266016795,69.51353308570327,0.09443054290022701,69.51353308570327,45888,0.11597481649369001,12.596296891570091,0.0003,0.005395735912316013,0.014629619938204996,1.3207884922157973,0.027739408484194428,-114.55964004993439
3680,,244.03955,100.0,8707,,42,,,0.033151861280202866,368000,0.0,,,,,,,,,,,,,
3684,0.006428251165791052,241.81216,100.0,8730,0.3,42,0.03,0.0,0.03315424546599388,368800,0.0,4.488697383429529,69.51353308570327,0.09406411543022841,69.51353308570327,46016,0.11548915167804807,12.503236278891563,0.0003,0.005355716348276474,0.014828073188255075,-3.2028821434359998,0.028003439278109,-114.69805884361267
3688,,241.81216,100.0,8730,,42,,,0.03315424546599388,368800,0.0,,,,,,,,,,,,,
3692,0.06128252689400848,239.6609,100.0,8744,0.29699999999999993,42,0.18,0.0,0.033158253878355026,369600,0.0,4.628647757786161,69.51353308570327,0.09672586538363248,69.51353308570327,46080,0.11374651559162885,12.263886913657188,0.0003,0.00532170532096643,0.015454068954568356,-2.5137334391474724,0.028458940985728987,-114.43579113483429
3696,,239.6609,100.0,8744,,42,,,0.033158253878355026,369600,0.0,,,,,,,,,,,,,
3700,0.0,238.7334,100.0,8767,0.3,42,0.0,0.0,0.03316826745867729,370400,0.0,5.089661699500189,69.51353308570327,0.09667040046770126,69.51353308570327,46208,0.11450884398072958,12.420268848538399,0.0003,0.0052761446495424025,0.017110949935158715,-2.997134304838255,0.028756721556419507,-114.33758103847504
3704,,238.7334,100.0,8767,,42,,,0.03316826745867729,370400,0.0,,,,,,,,,,,,,
3708,0.029266609650197836,238.40324,100.0,8780,0.2909999999999999,42,0.12,0.0,0.03317612409591675,371200,0.0,4.53456977377664,69.51353308570327,0.09665066632442176,69.51353308570327,46272,0.11552252108231187,12.38037320971489,0.0003,0.005249470879789442,0.016546182188903913,-0.6911531102377921,0.027619639615295455,-114.31317448616028
3712,,238.40324,100.0,8780,,42,,,0.03317612409591675,371200,0.0,,,,,,,,,,,,,
3716,0.0,238.12398,100.0,8803,0.3,42,0.0,0.0,0.03318756818771362,372000,0.0,4.83691235880664,69.51353308570327,0.09513834421522915,69.51353308570327,46400,0.11706037109252065,12.919518828392029,0.0003,0.005215145174588542,0.014372486126376316,-1.9219476697035134,0.028320835932390764,-114.47958159446716
3720,,238.12398,100.0,8803,,42,,,0.03318756818771362,372000,0.0,,,,,,,,,,,,,
3724,0.027102905894733232,238.10309,100.0,8826,0.3,42,0.09,0.0,0.03319324553012848,372800,0.0,5.03231675544459,69.51353308570327,0.09449368889909238,69.51353308570327,46528,0.1158950497629121,12.493042424321175,0.0003,0.005176116341317538,0.01589219516608864,-3.8087137083057314,0.02815327263670042,-114.6081178188324
3728,,238.10309,100.0,8826,,42,,,0.03319324553012848,372800,0.0,,,,,,,,,,,,,
3732,0.0,238.20618,100.0,8839,0.3,42,0.0,0.0,0.03319497033953667,373600,0.0,4.525085627195351,69.51353308570327,0.0953810135833919,69.51353308570327,46592,0.11482772440649569,12.369522392749786,0.0003,0.005140732362633571,0.01583704291988397,-3.305347042158246,0.02812567650107667,-114.47667419910431
3736,,238.20618,100.0,8839,,42,,,0.03319497033953667,373600,0.0,,,,,,,,,,,,,
3740,0.18383652911269682,240.31232,100.0,8862,0.3,42,0.75,0.0,0.03319770470261574,374400,0.0,4.827755372275375,69.51353308570327,0.09386296791490167,69.51353308570327,46720,0.11385324236471206,12.339330285787582,0.0003,0.005056029818661045,0.015326441614888608,-3.369502822868526,0.02878515247721225,-114.66236102581024
3744,,240.31232,100.0,8862,,42,,,0.03319770470261574,374400,0.0,,,,,,,,,,,,,
3748,0.00828943467026836,240.02873,100.0,8877,0.3,42,0.03,0.0,0.03319358080625534,375200,0.0,4.885698201550335,69.51353308570327,0.09386236604768783,69.51353308570327,46784,0.11373701610136777,12.490920320153236,0.0003,0.00501360853377264,0.015035418153274804,-5.415876573417336,0.02829352970002219,-114.6684353351593
3752,,240.02873,100.0,8877,,42,,,0.03319358080625534,375200,0.0,,,,,,,,,,,,,
3756,0.0060129354328638755,241.53284,100.0,8901,0.282,42,0.03,0.0,0.03319789096713066,376000,0.0,4.811922206256716,69.51353308570327,0.09348904970102012,69.51353308570327,46912,0.11397931666579098,12.22264939546585,0.0003,0.004940982151310891,0.014803398124058731,-2.755191436270252,0.027628684445517138,-114.69203650951385
3760,,241.53284,100.0,8901,,42,,,0.03319789096713066,376000,0.0,,,,,,,,,,,,,
3764,0.13260156455980823,240.15652,100.0,8915,0.267,42,0.45,0.0,0.03320189192891121,376800,0.0,4.815660786391414,69.51353308570327,0.09348198550287634,69.51353308570327,46976,0.11441769055090845,12.396333113312721,0.0003,0.0049167514516739175,0.015332816576119512,-1.414012587396428,0.02856300736311823,-114.6869535446167
3768,,240.15652,100.0,8915,,42,,,0.03320189192891121,376800,0.0,,,,,,,,,,,,,
3772,0.0,240.58769,100.0,8938,0.26099999999999995,42,0.0,0.0,0.03321201726794243,377600,0.0,4.731071903594181,69.51353308570327,0.0934129471424967,69.51353308570327,47104,0.11470449483022094,12.394978821277618,0.0003,0.004888162628049031,0.01575045428762678,-3.3212695869151503,0.02948891354026273,-114.78751420974731
3776,,240.58769,100.0,8938,,42,,,0.03321201726794243,377600,0.0,,,,,,,,,,,,,
3780,0.19872132386323876,243.65521,100.0,8961,0.3,42,0.39,0.0,0.03321554511785507,378400,0.0,4.886395336340696,69.51353308570327,0.0906110379146412,69.51353308570327,47232,0.11495284573175013,13.061744406819344,0.0003,0.004825714822800364,0.013962167475256138,-3.049184106173925,0.028957932983757928,-115.16168451309204
3784,,243.65521,100.0,8961,,42,,,0.03321554511785507,378400,0.0,,,,,,,,,,,,,
3788,0.0073193378335067736,243.56464,100.0,8974,0.3,42,0.03,0.0,0.03321273624897003,379200,0.0,4.652354478025172,69.51353308570327,0.09095838025677949,69.51353308570327,47296,0.1132376374443993,12.652495816349983,0.0003,0.004786944067745935,0.014524361955409404,-5.608709590509534,0.02918780010077171,-114.89580929279327
3792,,243.56464,100.0,8974,,42,,,0.03321273624897003,379200,0.0,,,,,,,,,,,,,
3796,0.015803085271285808,243.98004,100.0,8997,0.3,42,0.06,0.0,0.033214010298252106,380000,0.0,4.991579492796479,69.51353308570327,0.09304606344085187,69.51353308570327,47424,0.11308376165106893,12.419952541589737,0.0003,0.00469851195521187,0.014971849384892266,-5.996467421296984,0.02878581004915759,-114.94934237003326
3800,,243.98004,100.0,8997,,42,,,0.033214010298252106,380000,0.0,,,,,,,,,,,,,
3804,0.021628899900905874,244.93915,100.0,9011,0.26099999999999995,42,0.06,0.0,0.03320888802409172,380800,0.0,4.8458874265936895,68.1232624239892,0.09115286730229855,68.1232624239892,47488,0.11553931585513055,12.582574740052223,0.0003,0.004642811218218412,0.015081082150572911,-6.120467380620539,0.029422314109979197,-115.23717224597931
3808,,244.93915,100.0,9011,,42,,,0.03320888802409172,380800,0.0,,,,,,,,,,,,,
3812,0.05596790047888618,245.13266,100.0,9034,0.3,42,0.21,0.0,0.033210743218660355,381600,0.0,4.810331053060309,68.1232624239892,0.09060927992686629,68.1232624239892,47616,0.11303402832709253,11.835529625415802,0.0003,0.004559057400911115,0.013522038010705728,-3.3240650529041886,0.026925262005534023,-115.41949021816254
3816,,245.13266,100.0,9034,,42,,,0.033210743218660355,381600,0.0,,,,,,,,,,,,,
3820,0.008902728057197414,246.10316,100.0,9049,0.29699999999999993,42,0.03,0.0,0.03320768103003502,382400,0.0,5.243579094181307,68.1232624239892,0.09101854497566819,68.1232624239892,47680,0.1128444466739893,12.126123741269112,0.0003,0.0045363548342720605,0.014058034044865053,-2.4390499242581427,0.02820247958879918,-115.3233677148819
3824,,246.10316,100.0,9049,,42,,,0.03320768103003502,382400,0.0,,,,,,,,,,,,,
3828,0.2890905596278105,248.07599,100.0,9072,0.3,42,1.14,0.0,0.0332053080201149,383200,0.0,4.864421150119287,68.1232624239892,0.09445731237065047,68.1232624239892,47808,0.11307921505067497,12.157051891088486,0.0003,0.004489149308938067,0.014018398971529678,-2.877957910299301,0.027781031822087243,-114.96428525447845
3832,,248.07599,100.0,9072,,42,,,0.0332053080201149,383200,0.0,,,,,,,,,,,,,
3836,0.12054280942675405,249.04376,100.0,9086,0.3,42,0.39,0.0,0.033205028623342514,384000,0.0,4.788905031433353,68.1232624239892,0.09541906660888344,68.1232624239892,47872,0.11540556256659329,12.346084371209145,0.0003,0.004471286425541621,0.014411496624234132,-1.8090395405888557,0.027278413937892765,-114.9706255197525
3840,,249.04376,100.0,9086,,42,,,0.033205028623342514,384000,0.0,,,,,,,,,,,,,
3844,0.15241560061900986,251.27617,100.0,9109,0.3,42,0.54,0.0,0.03321239352226257,384800,0.0,4.963736784257197,68.1232624239892,0.09119813737925142,68.1232624239892,48000,0.11300554184708744,12.270882979035378,0.0003,0.004460115567781031,0.014856597379548475,1.5721427366370335,0.02777677119593136,-115.30978059768677
3848,,251.27617,100.0,9109,,42,,,0.03321239352226257,384800,0.0,,,,,,,,,,,,,
3852,0.1543064218582364,251.66483,100.0,9132,0.3,42,0.39,0.0,0.033206962049007416,385600,0.0,4.786854412962205,68.1232624239892,0.09034792135935277,68.1232624239892,48128,0.1129601375432685,12.273251548409462,0.0003,0.004453109126188792,0.014881392948154826,-0.5270807845517993,0.029042467387625948,-115.32177126407623
3856,,251.66483,100.0,9132,,42,,,0.033206962049007416,385600,0.0,,,,,,,,,,,,,
3860,0.02074612187159004,249.80655,100.0,9146,0.3,42,0.06,0.0,0.03321199119091034,386400,0.0,4.875998915970776,68.1232624239892,0.08947854954749346,68.1232624239892,48192,0.11129448097199202,12.117470100522041,0.0003,0.004450699110748246,0.014497337062493898,0.8632592661306262,0.02860942282131873,-115.42143845558167
3864,,249.80655,100.0,9146,,42,,,0.03321199119091034,386400,0.0,,,,,,,,,,,,,
3868,0.036751646864269245,250.7517,100.0,9169,0.282,42,0.09,0.0,0.033209528774023056,387200,0.0,4.825577341494596,68.1232624239892,0.09084420371800661,68.1232624239892,48320,0.11350275226868689,12.0591931194067,0.0003,0.004436226670804899,0.01343226356402738,-2.7016131673008204,0.026978728361427784,-115.45163226127625
3872,,250.7517,100.0,9169,,42,,,0.033209528774023056,387200,0.0,,,,,,,,,,,,,
3876,0.06427574346993886,251.73494,100.0,9183,0.3,42,0.36,0.0,0.03321089595556259,388000,0.0,5.063893671093319,68.1232624239892,0.09174871246796101,68.1232624239892,48384,0.11669395351782441,12.452499702572823,0.0003,0.004410648631164804,0.014279319962952286,-0.7330764243379235,0.028851946321083233,-115.44162106513977
3880,,251.73494,100.0,9183,,42,,,0.03321089595556259,388000,0.0,,,,,,,,,,,,,
3884,0.2634477162948857,254.05287,100.0,9207,0.3,42,0.75,0.0,0.033211272209882736,388800,0.0,5.1866193370570555,68.1232624239892,0.09121424634940922,68.1232624239892,48512,0.11297126580029726,12.063880056142807,0.0003,0.004363715233921539,0.015024389125755988,-3.981768873287365,0.0279274424246978,-115.39501178264618
3888,,254.05287,100.0,9207,,42,,,0.033211272209882736,388800,0.0,,,,,,,,,,,,,
3892,0.0,256.05447,100.0,9220,0.3,42,0.0,0.0,0.033216655254364014,389600,0.0,4.973317240276019,68.1232624239892,0.09196783939842135,68.1232624239892,48576,0.1133691881550476,12.365128308534622,0.0003,0.00434227978985291,0.015196102962363511,0.0595240187831223,0.028480624954681844,-115.26604545116425
3896,,256.05447,100.0,9220,,42,,,0.033216655254364014,389600,0.0,,,,,,,,,,,,,
3900,0.02772189656781035,257.5208,100.0,9244,0.3,42,0.09,0.0,0.033216167241334915,390400,0.0,4.99094785392888,68.1232624239892,0.09109560737852007,68.1232624239892,48704,0.11341263062786311,12.331612586975098,0.0003,0.004308481402404141,0.014786990475840867,-2.9780023202765733,0.029148628702387214,-115.54340183734894
3904,,257.5208,100.0,9244,,42,,,0.033216167241334915,390400,0.0,,,,,,,,,,,,,
3908,0.0,257.68942,100.0,9267,0.3,42,0.0,0.0,0.03320584446191788,391200,0.0,5.0680833560894065,68.1232624239892,0.09208488382864743,68.1232624239892,48832,0.11328307876829058,12.147854968905449,0.0003,0.004251250429661013,0.01469277905562194,-3.85009289951995,0.026915588648989797,-115.52351093292236
3912,,257.68942,100.0,9267,,42,,,0.03320584446191788,391200,0.0,,,,,,,,,,,,,
3916,0.15762641736565847,258.88766,100.0,9281,0.3,42,0.57,0.0,0.03319898247718811,392000,0.0,4.892213988343126,68.1232624239892,0.09149419236928225,68.1232624239892,48896,0.11320066952612251,12.348664492368698,0.0003,0.004222415831463877,0.013756187181570567,-3.065599443623796,0.027422825660323724,-115.75155830383301
3920,,258.88766,100.0,9281,,42,,,0.03319898247718811,392000,0.0,,,,,,,,,,,,,
3924,0.006798049422338899,257.61316,100.0,9304,0.3,42,0.03,0.0,0.03319896012544632,392800,0.0,5.028373467242909,68.1232624239892,0.09316373406909406,68.1232624239892,49024,0.11414709454402328,12.238064587116241,0.0003,0.00418333488778444,0.013738046916841995,-1.5967247139196843,0.027140706457430497,-115.60533094406128
3928,,257.61316,100.0,9304,,42,,,0.03319896012544632,392800,0.0,,,,,,,,,,,,,
3932,0.3016276039015614,258.5946,100.0,9318,0.3,42,0.99,0.0,0.0331975594162941,393600,0.0,4.8236444834406385,68.1232624239892,0.0899094792548567,68.1232624239892,49088,0.11220259952824563,12.18331329524517,0.0003,0.004169684303633403,0.013357081872527488,-2.868031687568873,0.027309678407618776,-115.97800695896149
3936,,258.5946,100.0,9318,,42,,,0.0331975594162941,393600,0.0,,,,,,,,,,,,,
3940,0.031161350246215358,256.104,100.0,9341,0.3,42,0.15,0.0,0.033190369606018066,394400,0.0,5.27249513516794,68.1232624239892,0.08966606191825122,68.1232624239892,49216,0.11169048550073057,12.212065383791924,0.0003,0.004102608378161676,0.01373779216373805,-4.232830416294746,0.02799866918940097,-115.99139189720154
3944,,256.104,100.0,9341,,42,,,0.033190369606018066,394400,0.0,,,,,,,,,,,,,
3948,0.010380864747395791,254.61124,100.0,9354,0.3,42,0.03,0.0,0.033189233392477036,395200,0.0,4.7801796570169435,68.1232624239892,0.09043317683972418,68.1232624239892,49280,0.1124352210899815,12.12809570133686,0.0003,0.004072806419571862,0.013031041897193063,-2.298236448550597,0.026131958191399463,-115.81979942321777
3952,,254.61124,100.0,9354,,42,,,0.033189233392477036,395200,0.0,,,,,,,,,,,,,
3956,0.1672841846395749,255.19077,100.0,9378,0.3,42,0.51,0.0,0.03318002074956894,396000,0.0,4.945826988331572,68.1232624239892,0.09083541249856353,68.1232624239892,49408,0.11228541343007237,12.225785255432129,0.0003,0.00402328008931363,0.014137404272332788,-5.126639834605157,0.02710489754099399,-115.84994053840637
3960,,255.19077,100.0,9378,,42,,,0.03318002074956894,396000,0.0,,,,,,,,,,,,,
3964,0.0,254.63861,100.0,9394,0.285,42,0.0,0.0,0.03317929804325104,396800,0.0,4.705895014278156,68.1232624239892,0.09173872275277972,68.1232624239892,49472,0.11395658575929701,12.482751280069351,0.0003,0.0039908464314066805,0.01498349137546029,-3.533631081227213,0.027665333822369576,-115.75969660282135
3968,,254.63861,100.0,9394,,42,,,0.03317929804325104,396800,0.0,,,,,,,,,,,,,
3972,0.11479327660688542,255.35687,100.0,9417,0.3,42,0.36,0.0,0.03317438066005707,397600,0.0,4.935991271432182,68.1232624239892,0.08876039972528815,68.1232624239892,49600,0.11107235832605511,11.956857681274414,0.0003,0.003942656265280675,0.012593778512382414,-2.217271145666018,0.026431142148794606,-116.19325160980225
3976,,255.35687,100.0,9417,,42,,,0.03317438066005707,397600,0.0,,,,,,,,,,,,,
3980,0.04988955869238342,252.78787,100.0,9440,0.3,42,0.18,0.0,0.03316435590386391,398400,0.0,5.023657857772359,68.1232624239892,0.0915633566910401,68.1232624239892,49728,0.11184257594868541,11.962760537862778,0.0003,0.003907565067493124,0.01380901166703552,-3.963324410840869,0.026088154292665422,-115.9312219619751
3984,,252.78787,100.0,9440,,42,,,0.03316435590386391,398400,0.0,,,,,,,,,,,,,
3988,0.14129648788087962,250.80588,100.0,9454,0.3,42,0.39,0.0,0.033160459250211716,399200,0.0,5.036043096487413,68.1232624239892,0.08984795515425503,68.1232624239892,49792,0.11030907591339201,11.940427020192146,0.0003,0.003889222818543203,0.013727016921620816,-1.6964305776637048,0.027173433074494824,-116.08442950248718
3992,,250.80588,100.0,9454,,42,,,0.033160459250211716,399200,0.0,,,,,,,,,,,,,
3996,0.0,248.54108,100.0,9478,0.26099999999999995,42,0.0,0.0,0.033157698810100555,400000,0.0,4.737741352916907,68.1232624239892,0.09103212447371334,68.1232624239892,49920,0.1130250112619251,12.052826017141342,0.0003,0.0038746449463360477,0.012202707264805213,0.03388669202104211,0.024807528374367394,-116.12331438064575
4000,,248.54108,100.0,9478,,42,,,0.033157698810100555,400000,0.0,,,,,,,,,,,,,
4004,0.0,246.54881,100.0,9491,0.3,42,0.0,0.0,0.033155180513858795,400800,0.0,4.886973550507355,66.76079717550942,0.09111502789892256,66.76079717550942,49984,0.1123068641172722,11.998363554477692,0.0003,0.0038670381873089354,0.013534245183109306,-0.7806595452129841,0.026477492589037865,-116.15536987781525
4008,,246.54881,100.0,9491,,42,,,0.033155180513858795,400800,0.0,,,,,,,,,,,,,
4012,0.061537401966590285,247.37802,100.0,9514,0.27899999999999997,42,0.27,0.0,0.03315615653991699,401600,0.0,4.642432482682406,66.76079717550942,0.0905483866808936,66.76079717550942,50112,0.11195069004315883,11.931744635105133,0.0003,0.0038688332570018247,0.014136055280687287,-0.012579025933519006,0.027688091446179897,-116.35549032688141
4016,,247.37802,100.0,9514,,42,,,0.03315615653991699,401600,0.0,,,,,,,,,,,,,
4020,0.029421406743378852,246.2802,100.0,9528,0.3,42,0.09,0.0,0.03315063938498497,402400,0.0,4.852932201490307,66.76079717550942,0.09058237227145582,66.76079717550942,50176,0.11388828128110617,12.239014595746994,0.0003,0.0038593405770370737,0.013271810617879964,-3.364757103845477,0.02690005864133127,-116.2397768497467
4024,,246.2802,100.0,9528,,42,,,0.03315063938498497,402400,0.0,,,,,,,,,,,,,
4028,0.04372084785035625,244.8436,100.0,9551,0.3,42,0.18,0.0,0.033143240958452225,403200,0.0,5.156818155637917,66.76079717550942,0.09896375169046223,66.76079717550942,50304,0.1140436609275639,11.99377703666687,0.0003,0.003816972006461583,0.015545023561571725,-3.38755923230201,0.026483206514967605,-115.59293591976166
4032,,244.8436,100.0,9551,,42,,,0.033143240958452225,403200,0.0,,,,,,,,,,,,,
4036,0.0,245.63727,100.0,9575,0.3,42,0.0,0.0,0.03313339501619339,404000,0.0,5.031869083465107,66.76079717550942,0.09053076163399965,66.76079717550942,50432,0.11081358103547245,11.759276762604713,0.0003,0.0037525532898143865,0.014038911584066227,-4.54789823340252,0.027378516126191244,-116.29443502426147
4040,,245.63727,100.0,9575,,42,,,0.03313339501619339,404000,0.0,,,,,,,,,,,,,
4044,0.0,245.39276,100.0,9589,0.27599999999999997,42,0.0,0.0,0.03312811627984047,404800,0.0,4.7379070631548545,66.76079717550942,0.09029172477312386,66.76079717550942,50496,0.10992366832215339,11.638604760169983,0.0003,0.00372454927128274,0.013027937100559939,-2.3373114950954914,0.024999004061101004,-116.34197425842285
4048,,245.39276,100.0,9589,,42,,,0.03312811627984047,404800,0.0,,,,,,,,,,,,,
4052,0.21561621914236448,245.43839,100.0,9612,0.3,42,0.72,0.0,0.03312946856021881,405600,0.0,5.0499614958730925,66.76079717550942,0.09054852719418705,66.76079717550942,50624,0.11216464452445507,12.01531308889389,0.0003,0.003713640664500417,0.014791148787480779,-0.04009111947380006,0.028106447716709226,-116.16884434223175
4056,,245.43839,100.0,9612,,42,,,0.03312946856021881,405600,0.0,,,,,,,,,,,,,
4060,0.08645169306974823,246.57076,100.0,9626,0.3,42,0.39,0.0,0.03312082588672638,406400,0.0,5.136832354607199,66.76079717550942,0.09204870043322444,66.76079717550942,50688,0.11138665198814124,11.939744010567665,0.0003,0.0036984701800975017,0.014388906784006394,-4.509388611186296,0.027567824901780114,-116.25314509868622
4064,,246.57076,100.0,9626,,42,,,0.03312082588672638,406400,0.0,,,,,,,,,,,,,
4068,0.02296089901698463,245.73859,100.0,9650,0.3,42,0.06,0.0,0.03311190754175186,407200,0.0,4.725532943267738,66.76079717550942,0.0872753654839471,66.76079717550942,50816,0.11122395587153733,11.89856530725956,0.0003,0.0036642600207414944,0.013172921855584718,-2.5220908652991056,0.027837550005642697,-116.66080963611603
4072,,245.73859,100.0,9650,,42,,,0.03311190754175186,407200,0.0,,,,,,,,,,,,,
4076,0.0,246.16107,100.0,9664,0.3,42,0.0,0.0,0.03310881555080414,408000,0.0,4.846203830036997,66.76079717550942,0.09024910989683121,66.76079717550942,50880,0.111470035626553,11.879467278718948,0.0003,0.003647969766461756,0.012896455031295773,-1.2118631091434509,0.02589668013388291,-116.33320724964142
4080,,246.16107,100.0,9664,,42,,,0.03310881555080414,408000,0.0,,,,,,,,,,,,,
4084,0.0,244.87798,100.0,9688,0.3,42,0.0,0.0,0.03309517726302147,408800,0.0,4.813184984254198,66.76079717550942,0.09006945788860321,66.76079717550942,51008,0.1129952990449965,12.144375666975975,0.0003,0.003618398455728311,0.014793953523621894,-0.4883700334466994,0.027950818097451702,-116.34418499469757
4088,,244.87798,100.0,9688,,42,,,0.03309517726302147,408800,0.0,,,,,,,,,,,,,
4092,0.051745584648251075,246.80951,100.0,9702,0.29699999999999993,42,0.21,0.0,0.03308994323015213,409600,0.0,5.0314373864667745,66.76079717550942,0.08947071456350386,66.76079717550942,51072,0.11191919364500791,11.735820531845093,0.0003,0.003612265529227443,0.013645638297020923,-1.9157912645023316,0.026188904885202646,-116.51133465766907
4096,,246.80951,100.0,9702,,42,,,0.03308994323015213,409600,0.0,,,,,,,,,,,,,
4100,0.1773872604919946,248.91801,100.0,9726,0.3,42,0.54,0.0,0.03307758644223213,410400,0.0,4.963986112795316,66.76079717550942,0.08925889688543975,66.76079717550942,51200,0.11209869594313204,12.089442119002342,0.0003,0.003590234751754906,0.01452373882784741,0.18524028873071074,0.02812924957834184,-116.64075303077698
4104,,248.91801,100.0,9726,,42,,,0.03307758644223213,410400,0.0,,,,,,,,,,,,,
4108,0.11931930929600112,250.36842,100.0,9749,0.3,42,0.33,0.0,0.033070266246795654,411200,0.0,4.741852711259784,66.76079717550942,0.09046625252813101,66.76079717550942,51328,0.11373371467925608,12.347289398312569,0.0003,0.0035960306304332335,0.014478692726697773,-0.10480027319863439,0.029022581467870623,-116.61878836154938
4112,,250.36842,100.0,9749,,42,,,0.033070266246795654,411200,0.0,,,,,,,,,,,,,
4116,0.0782975014601672,248.74539,100.0,9763,0.264,42,0.39,0.0,0.03306727856397629,412000,0.0,4.537622286334347,66.76079717550942,0.08991431177128106,66.76079717550942,51392,0.11504668474663049,12.473475649952888,0.0003,0.0035951645841123536,0.014336265245219693,0.885351438075304,0.028372342319926247,-116.67160725593567
4120,,248.74539,100.0,9763,,42,,,0.03306727856397629,412000,0.0,,,,,,,,,,,,,
4124,0.04967182095904099,250.04695,100.0,9787,0.3,42,0.21,0.0,0.03306153044104576,412800,0.0,4.97582805443298,66.76079717550942,0.08927563147153705,66.76079717550942,51520,0.1129894214682281,11.960974231362343,0.0003,0.003630059312854428,0.01344971997605171,1.805252136895433,0.027704914013156667,-116.8193508386612
4128,,250.04695,100.0,9787,,42,,,0.03306153044104576,412800,0.0,,,,,,,,,,,,,
4132,0.02327671948953246,249.45132,100.0,9800,0.26099999999999995,42,0.12,0.0,0.03305712342262268,413600,0.0,4.810999162035511,66.76079717550942,0.08928883168846369,66.76079717550942,51584,0.11163624096661806,12.079685762524605,0.0003,0.003639285292592831,0.014115195117483381,0.5761686607729644,0.028587125765625387,-116.91428124904633
4136,,249.45132,100.0,9800,,42,,,0.03305712342262268,413600,0.0,,,,,,,,,,,,,
4140,0.12652099974055145,249.79327,100.0,9824,0.285,42,0.36,0.0,0.03305097669363022,414400,0.0,5.214367695854923,66.76079717550942,0.08938392752315849,66.76079717550942,51712,0.1122153743635863,12.039024621248245,0.0003,0.003651049377367599,0.01351861688453937,1.397763734916225,0.027685649547493085,-117.00594902038574
4144,,249.79327,100.0,9824,,42,,,0.03305097669363022,414400,0.0,,,,,,,,,,,,,
4148,0.20463618239364653,250.52136,100.0,9838,0.3,42,0.75,0.0,0.03304855152964592,415200,0.0,4.574881998297723,66.76079717550942,0.08973748853895813,66.76079717550942,51776,0.11321542179211974,12.239097580313683,0.0003,0.003654964399174787,0.014077692409045994,0.07543249311856925,0.028743827919242904,-116.928027510643
4152,,250.52136,100.0,9838,,42,,,0.03304855152964592,415200,0.0,,,,,,,,,,,,,
4156,0.11258474461098546,250.25995,100.0,9861,0.3,42,0.36,0.0,0.03303643316030502,416000,0.0,4.949851744776916,66.76079717550942,0.08904453692957759,66.76079717550942,51904,0.11190290760714561,12.165149584412575,0.0003,0.0036384040067787282,0.014392102755664382,-1.6955073708668351,0.029017059481702745,-116.92228174209595
4160,,250.25995,100.0,9861,,42,,,0.03303643316030502,416000,0.0,,,,,,,,,,,,,
4164,0.09511504481616327,253.2805,100.0,9885,0.264,42,0.42,0.0,0.033027440309524536,416800,0.0,4.786007632347966,66.76079717550942,0.09000281360931695,66.76079717550942,52032,0.11333875136915594,12.072828099131584,0.0003,0.0036144732985121664,0.015356933887233026,-0.05122797074727714,0.029162283812183887,-116.91610419750214
4168,,253.2805,100.0,9885,,42,,,0.033027440309524536,416800,0.0,,,,,,,,,,,,,
4172,0.09504621293550714,254.54358,100.0,9898,0.3,42,0.36,0.0,0.03302030637860298,417600,0.0,5.089927214127347,66.76079717550942,0.08932700811419636,66.76079717550942,52096,0.11276374966837466,12.215270310640335,0.0003,0.0036075597163289785,0.014341575530124828,-2.216881296597421,0.02871808086638339,-117.13704228401184
4176,,254.54358,100.0,9898,,42,,,0.03302030637860298,417600,0.0,,,,,,,,,,,,,
4180,0.0,254.59369,100.0,9921,0.29699999999999993,42,0.0,0.0,0.03300958499312401,418400,0.0,4.632781664405001,66.76079717550942,0.08938655781093985,66.76079717550942,52224,0.11259160412009805,12.21571895480156,0.0003,0.003580865730327787,0.01451322487264406,-1.0698589971289039,0.029919763997895643,-117.35056006908417
4184,,254.59369,100.0,9921,,42,,,0.03300958499312401,418400,0.0,,,,,,,,,,,,,
4188,0.11741659255953385,254.94655,100.0,9935,0.3,42,0.36,0.0,0.03300368785858154,419200,0.0,4.384503878249907,66.76079717550942,0.09019846806768328,66.76079717550942,52288,0.11464281938970089,12.532518446445465,0.0003,0.003570344761101296,0.013689353698282503,-2.0046028785873204,0.028512181801488623,-117.3495557308197
4192,,254.94655,100.0,9935,,42,,,0.03300368785858154,419200,0.0,,,,,,,,,,,,,
4196,0.11138384824210926,254.31975,100.0,9958,0.29699999999999993,42,0.36,0.0,0.032996345311403275,420000,0.0,4.94057691970259,66.76079717550942,0.0895626962883398,66.76079717550942,52416,0.1151178217260167,12.365291699767113,0.0003,0.003565341259673005,0.014609589263272937,-0.6865883497521281,0.028954786685062572,-117.43152105808258
4200,,254.31975,100.0,9958,,42,,,0.032996345311403275,420000,0.0,,,,,,,,,,,,,
4204,0.10481594546199097,253.67621,100.0,9973,0.3,42,0.39,0.0,0.032990336418151855,420800,0.0,4.953117825048695,65.42558123199923,0.08836244069971144,65.42558123199923,52480,0.1134536600438878,12.126800924539566,0.0003,0.0035543022786441725,0.014131795120192692,-2.7001062284689397,0.028271577903069556,-117.70259201526642
4208,,253.67621,100.0,9973,,42,,,0.032990336418151855,420800,0.0,,,,,,,,,,,,,
4212,0.1214102675748559,257.7225,100.0,9998,0.3,42,0.42,0.0,0.03298351541161537,421600,0.0,5.046092221150414,65.42558123199923,0.08807663503102958,65.42558123199923,52608,0.1124261716613546,12.199548125267029,0.0003,0.0035369010620343033,0.013024936764850281,0.5646332246251404,0.02836905507137999,-117.93649280071259
4216,,257.7225,100.0,9998,,42,,,0.03298351541161537,421600,0.0,,,,,,,,,,,,,
4220,0.0,254.75644,100.0,10012,0.24299999999999997,42,0.0,0.0,0.03298003226518631,422400,0.0,4.106071048856026,65.42558123199923,0.09014293691143394,65.42558123199923,52672,0.1134013916598633,12.190713062882423,0.0003,0.0035419603445916437,0.014482491031230893,1.5691171360667795,0.029762229474727064,-117.7673397064209
4224,,254.75644,100.0,10012,,42,,,0.03298003226518631,422400,0.0,,,,,,,,,,,,,
4228,0.2100516047383951,256.3638,100.0,10035,0.3,42,0.81,0.0,0.03297680616378784,423200,0.0,5.058967845756485,65.42558123199923,0.08938948286231607,65.42558123199923,52800,0.11324383551254869,12.154972955584526,0.0003,0.003552810594555922,0.012696054887783248,-0.5082933912053704,0.029383669985691085,-118.17894101142883
4232,,256.3638,100.0,10035,,42,,,0.03297680616378784,423200,0.0,,,,,,,,,,,,,
4236,0.19404589852814833,255.36942,100.0,10059,0.231,42,0.75,0.0,0.03296136111021042,424000,0.0,4.347396136889325,65.42558123199923,0.09372851927764714,65.42558123199923,52928,0.11572555336169899,12.256834104657173,0.0003,0.003522682309267111,0.015561227170110215,-1.207158401608467,0.0283680202846881,-117.65225803852081
4240,,255.36942,100.0,10059,,42,,,0.03296136111021042,424000,0.0,,,,,,,,,,,,,
4244,0.04194987709594043,254.88646,100.0,10074,0.27899999999999997,42,0.18,0.0,0.03295913711190224,424800,0.0,5.020028868630648,65.42558123199923,0.09014195599593222,65.42558123199923,52992,0.11646086652763188,12.269776746630669,0.0003,0.0035188089350413065,0.012761257479724009,0.7664401652291417,0.027570837206440046,-117.92911314964294
4248,,254.88646,100.0,10074,,42,,,0.03295913711190224,424800,0.0,,,,,,,,,,,,,
4252,0.21111651447497568,256.06653,100.0,10097,0.3,42,0.84,0.0,0.032948192209005356,425600,0.0,4.865671706285659,65.42558123199923,0.09244790486991405,65.42558123199923,53120,0.11393826093990356,12.224008664488792,0.0003,0.003519837075145915,0.01473810529569164,-0.22196869598701596,0.028723448485834524,-117.73360931873322
4256,,256.06653,100.0,10097,,42,,,0.032948192209005356,425600,0.0,,,,,,,,,,,,,
4260,0.14745930358959078,254.45732,100.0,10111,0.27899999999999997,42,0.45,0.0,0.03294404596090317,426400,0.0,4.672391560893471,65.42558123199923,0.0910133277066052,65.42558123199923,53184,0.11939464358147234,12.978632345795631,0.0003,0.003518116402119631,0.01386288128560409,-0.8229896870907396,0.030215563747333363,-118.04390549659729
4264,,254.45732,100.0,10111,,42,,,0.03294404596090317,426400,0.0,,,,,,,,,,,,,
4268,0.017410603837183656,251.91922,100.0,10133,0.3,42,0.06,0.0,0.03293951600790024,427200,0.0,4.427678382372088,65.42558123199923,0.09057906013913453,65.42558123199923,53312,0.11439612891990691,12.112825900316238,0.0003,0.0035218888078816235,0.014146527821139898,0.41387055069208145,0.029248830571305007,-118.04341065883636
4272,,251.91922,100.0,10133,,42,,,0.03293951600790024,427200,0.0,,,,,,,,,,,,,
4276,0.04076267185763868,253.55406,100.0,10149,0.291,42,0.21,0.0,0.03294145688414574,428000,0.0,4.97071962893084,65.42558123199923,0.09498332743532956,65.42558123199923,53376,0.11564745078794658,12.059970811009407,0.0003,0.0035254118520242628,0.01563644435373135,1.3798067937605083,0.026727011805633083,-117.63195371627808
4280,,253.55406,100.0,10149,,42,,,0.03294145688414574,428000,0.0,,,,,,,,,,,,,
4284,0.0,252.83614,100.0,10173,0.3,42,0.0,0.0,0.032942671328783035,428800,0.0,4.655467867172084,65.42558123199923,0.0906388252042234,65.42558123199923,53504,0.1143193740863353,12.226080998778343,0.0003,0.0035419296764303,0.01600268179026898,0.5662461195606738,0.029868438723497093,-117.84569478034973
4288,,252.83614,100.0,10173,,42,,,0.032942671328783035,428800,0.0,,,,,,,,,,,,,
4292,0.1428214160378096,255.08589,100.0,10197,0.24,42,0.51,0.0,0.03293866291642189,429600,0.0,4.8339767031652885,65.42558123199923,0.0896754942368716,65.42558123199923,53632,0.11454959842376411,12.457201302051544,0.0003,0.0035548496816772968,0.01508017039304832,1.5867606352549046,0.03085116037982516,-118.14648222923279
4296,,255.08589,100.0,10197,,42,,,0.03293866291642189,429600,0.0,,,,,,,,,,,,,
4300,0.17942180324715543,255.0299,100.0,10211,0.23999999999999996,42,0.45,0.0,0.03293619677424431,430400,0.0,4.982820419739067,65.42558123199923,0.08901060349307954,65.42558123199923,53696,0.11267875309567899,12.39855371415615,0.0003,0.003563953661796404,0.01606843365880195,-0.20496614091098309,0.03076974506257102,-118.2258847951889
4304,,255.0299,100.0,10211,,42,,,0.03293619677424431,430400,0.0,,,,,,,,,,,,,
4308,0.2733176487297473,254.69104,100.0,10235,0.264,42,0.93,0.0,0.03292211517691612,431200,0.0,4.867988506379548,65.42558123199923,0.09076213173102587,65.42558123199923,53824,0.11455642734654248,12.616015642881393,0.0003,0.0035498295619618148,0.015319476333388593,-1.0153140928596258,0.030022577615454793,-118.1758759021759
4312,,254.69104,100.0,10235,,42,,,0.03292211517691612,431200,0.0,,,,,,,,,,,,,
4316,0.06837481168578773,254.5953,100.0,10249,0.3,42,0.27,0.0,0.032919447869062424,432000,0.0,4.801003384080675,65.42558123199923,0.09063802100718021,65.42558123199923,53888,0.1163123220903799,12.539125442504883,0.0003,0.0035480565056786872,0.014948913500120398,0.5333486739546061,0.030180481902789325,-118.36953675746918
4320,,254.5953,100.0,10249,,42,,,0.032919447869062424,432000,0.0,,,,,,,,,,,,,
4324,0.2600470828032709,256.5278,100.0,10272,0.3,42,0.9,0.0,0.032915301620960236,432800,0.0,5.163789691980307,65.42558123199923,0.09094823698978871,65.42558123199923,54016,0.1148939123377204,12.519713997840881,0.0003,0.003556033108907286,0.017292954493314028,0.7032870054244995,0.030656998220365494,-118.18701016902924
4328,,256.5278,100.0,10272,,42,,,0.032915301620960236,432800,0.0,,,,,,,,,,,,,
4332,0.0,256.1427,100.0,10285,0.3,42,0.0,0.0,0.03291359916329384,433600,0.0,4.975866863952808,65.42558123199923,0.09113366075325757,65.42558123199923,54080,0.1159773530671373,12.844216004014015,0.0003,0.0035636455068015493,0.01630861013836693,1.6668290894012898,0.029528251412557438,-118.250807762146
4336,,256.1427,100.0,10285,,42,,,0.03291359916329384,433600,0.0,,,,,,,,,,,,,
4340,0.1595806366323386,256.28986,100.0,10310,0.3,42,0.63,0.0,0.03291168063879013,434400,0.0,4.918144780886947,65.42558123199923,0.09390542865730822,65.42558123199923,54208,0.11524535238277167,12.34424203634262,0.0003,0.003584897465771064,0.015690619897213764,0.22174499032553285,0.029729893169132993,-118.25737154483795
4344,,256.28986,100.0,10310,,42,,,0.03291168063879013,434400,0.0,,,,,,,,,,,,,
4348,0.0,254.83989,100.0,10324,0.3,42,0.0,0.0,0.03290950879454613,435200,0.0,5.024921891994252,65.42558123199923,0.09538552328012884,65.42558123199923,54272,0.11580752942245454,12.710131853818893,0.0003,0.0035788373606919777,0.01683941927331034,0.5637317155487835,0.031197401985991746,-118.1280026435852
4352,,254.83989,100.0,10324,,42,,,0.03290950879454613,435200,0.0,,,,,,,,,,,,,
4356,0.2154621739034448,256.06277,100.0,10349,0.3,42,0.66,0.0,0.032900817692279816,436000,0.0,5.012395603348213,65.42558123199923,0.09475776774343103,65.42558123199923,54400,0.11475457367487252,12.648860052227974,0.0003,0.00357807228283491,0.01467258334014332,-1.3565766233950853,0.029426617053104565,-118.53817319869995
4360,,256.06277,100.0,10349,,42,,,0.032900817692279816,436000,0.0,,,,,,,,,,,,,
4364,0.0,255.10289,100.0,10373,0.288,42,0.0,0.0,0.03289657086133957,436800,0.0,4.718993622529894,65.42558123199923,0.0905965727288276,65.42558123199923,54528,0.11630745651200414,12.560380145907402,0.0003,0.0035732926335185766,0.013130564089806285,0.6835342890117317,0.029123216780135408,-118.87080979347229
4368,,255.10289,100.0,10373,,42,,,0.03289657086133957,436800,0.0,,,,,,,,,,,,,
4372,0.14516704602936825,255.432,100.0,10388,0.3,42,0.51,0.0,0.032893355935811996,437600,0.0,4.8920962685788885,65.42558123199923,0.09157972666434944,65.42558123199923,54592,0.11670012981630862,12.65218099951744,0.0003,0.0035693503268703353,0.0131930940260645,-0.30442925076931715,0.027917266212170944,-118.8758133649826
4376,,255.432,100.0,10388,,42,,,0.032893355935811996,437600,0.0,,,,,,,,,,,,,
4380,0.15437901076419222,256.2654,100.0,10412,0.3,42,0.51,0.0,0.03288014978170395,438400,0.0,4.978330372973293,65.42558123199923,0.0905929699074477,65.42558123199923,54720,0.11588725598994642,12.614899456501007,0.0003,0.0035516787829692475,0.01411754809669219,-2.274107947014272,0.029394090495770797,-119.01982736587524
4384,,256.2654,100.0,10412,,42,,,0.03288014978170395,438400,0.0,,,,,,,,,,,,,
4388,0.0,255.00023,100.0,10427,0.27299999999999996,42,0.0,0.0,0.03287636861205101,439200,0.0,4.509011435167945,65.42558123199923,0.09328970452770591,65.42558123199923,54784,0.11564948514569551,12.469157382845879,0.0003,0.003538314049364999,0.015210737576126121,-0.15394009975716472,0.028030542394844815,-118.73605275154114
4392,,255.00023,100.0,10427,,42,,,0.03287636861205101,439200,0.0,,,,,,,,,,,,,
4396,0.1683181773513832,254.51833,100.0,10450,0.3,42,0.63,0.0,0.032868772745132446,440000,0.0,5.181589428717021,65.42558123199923,0.09316541673615575,65.42558123199923,54912,0.12001649418380111,13.751804679632187,0.0003,0.0035408372023084667,0.015442404706845991,0.48286659410223365,0.031246628233930096,-118.6524065732956
4400,,254.51833,100.0,10450,,42,,,0.032868772745132446,440000,0.0,,,,,,,,,,,,,
4404,0.09850081711810253,253.80649,100.0,10465,0.29699999999999993,42,0.36,0.0,0.03286881744861603,440800,0.0,4.976321552646393,64.11706960735924,0.09223130333703011,64.11706960735924,54976,0.11850933055393398,13.04426808655262,0.0003,0.00355042209776002,0.013206804673245642,2.440955032594502,0.02929997516912408,-119.40446662902832
4408,,253.80649,100.0,10465,,42,,,0.03286881744861603,440800,0.0,,,,,,,,,,,,,
4412,0.08724553196595652,253.2615,100.0,10489,0.2909999999999999,42,0.39,0.0,0.032870832830667496,441600,0.0,5.097399726814429,64.11706960735924,0.09166664956137538,64.11706960735924,55104,0.11813923926092684,12.804059520363808,0.0003,0.0035815108894894365,0.015358353593910579,1.1767615368589759,0.030044522980460897,-119.1691724061966
4416,,253.2615,100.0,10489,,42,,,0.032870832830667496,441600,0.0,,,,,,,,,,,,,
4420,0.08740822682381479,254.11362,100.0,10512,0.3,42,0.39,0.0,0.032860055565834045,442400,0.0,4.881544460694871,64.11706960735924,0.09102715190965682,64.11706960735924,55232,0.11797265673521906,12.901247039437294,0.0003,0.003580280827009119,0.015219910761516076,-0.3830101815983653,0.029239343624794856,-119.31186664104462
4424,,254.11362,100.0,10512,,42,,,0.032860055565834045,442400,0.0,,,,,,,,,,,,,
4428,0.1638812686951056,253.06482,100.0,10526,0.29699999999999993,42,0.48,0.0,0.03285898268222809,443200,0.0,4.8631495572093995,64.11706960735924,0.0902237492846325,64.11706960735924,55296,0.11738116224296391,12.574272990226746,0.0003,0.003580268155928934,0.014310612095869146,1.163672624155879,0.02823453687597066,-119.60178315639496
4432,,253.06482,100.0,10526,,42,,,0.03285898268222809,443200,0.0,,,,,,,,,,,,,
4436,0.0,251.82518,100.0,10551,0.3,42,0.0,0.0,0.032858140766620636,444000,0.0,4.519973851576268,64.11706960735924,0.09389463905245066,64.11706960735924,55424,0.12220348324626684,13.223444417119026,0.0003,0.0035975353712274227,0.015571874682791531,0.24713275209069252,0.029399731720332056,-119.18506824970245
4440,,251.82518,100.0,10551,,42,,,0.032858140766620636,444000,0.0,,,,,,,,,,,,,
4444,0.04604514277482233,251.1096,100.0,10566,0.3,42,0.15,0.0,0.03285455331206322,444800,0.0,4.952997370619115,64.11706960735924,0.09254333609715104,64.11706960735924,55488,0.11999084101989865,12.776552498340607,0.0003,0.0035992307493870612,0.014982520893681794,0.4893932342529297,0.029284193966304883,-119.30188810825348
4448,,251.1096,100.0,10566,,42,,,0.03285455331206322,444800,0.0,,,,,,,,,,,,,
4452,0.13362537298143784,252.63046,100.0,10590,0.3,42,0.48,0.0,0.032852768898010254,445600,0.0,4.512186224907628,64.11706960735924,0.09374869603198022,64.11706960735924,55616,0.12032388686202466,12.907034814357758,0.0003,0.0036166325844533276,0.015221749126794748,2.925152766518295,0.028569600894115865,-119.15541315078735
4456,,252.63046,100.0,10590,,42,,,0.032852768898010254,445600,0.0,,,,,,,,,,,,,
4460,0.10369447689668015,253.05771,100.0,10603,0.3,42,0.36,0.0,0.03284896910190582,446400,0.0,4.850302630464522,64.11706960735924,0.09205297974403948,64.11706960735924,55680,0.11813876812811941,12.52394749224186,0.0003,0.003634183267422486,0.01451257782173343,0.9202837026678026,0.029282351286383346,-119.48336696624756
4464,,253.05771,100.0,10603,,42,,,0.03284896910190582,446400,0.0,,,,,,,,,,,,,
4468,0.12212315783054846,254.64279,100.0,10628,0.29699999999999993,42,0.48,0.0,0.03284153342247009,447200,0.0,4.99506783507898,64.11706960735924,0.09266075014602393,64.11706960735924,55808,0.12114967091474682,13.330191910266876,0.0003,0.003647946890851017,0.01327363390737446,0.6999786179512739,0.029437162884278223,-119.73655033111572
4472,,254.64279,100.0,10628,,42,,,0.03284153342247009,447200,0.0,,,,,,,,,,,,,
4476,0.11489185157139208,254.64299,100.0,10642,0.3,42,0.39,0.0,0.032842203974723816,448000,0.0,4.911036682198487,64.11706960735924,0.09140616154763848,64.11706960735924,55872,0.11832480039447546,13.242373183369637,0.0003,0.003661749669845449,0.01512294536223635,4.826190221589059,0.03040311494260095,-119.71401524543762
4480,,254.64299,100.0,10642,,42,,,0.032842203974723816,448000,0.0,,,,,,,,,,,,,
4484,0.19867088176592493,256.00946,100.0,10666,0.3,42,0.63,0.0,0.032850950956344604,448800,0.0,4.953246996149476,64.11706960735924,0.09243768453598022,64.11706960735924,56000,0.12021386018022895,13.154326647520065,0.0003,0.0037286449478415307,0.015222731672110967,4.346376632107422,0.0307859183230903,-119.79163837432861
4488,,256.00946,100.0,10666,,42,,,0.032850950956344604,448800,0.0,,,,,,,,,,,,,
4492,0.11545850180789481,258.27206,100.0,10691,0.3,42,0.45,0.0,0.03284943103790283,449600,0.0,4.757907979203475,64.11706960735924,0.09284116618800908,64.11706960735924,56128,0.11931377789005637,13.053336128592491,0.0003,0.0037722507731814403,0.015822924600797705,1.375919345766306,0.03014373072073795,-119.5861564874649
4496,,258.27206,100.0,10691,,42,,,0.03284943103790283,449600,0.0,,,,,,,,,,,,,
4500,0.1699133117109704,259.5124,100.0,10706,0.3,42,0.63,0.0,0.032856784760951996,450400,0.0,4.923273748071982,64.11706960735924,0.0930267758667469,64.11706960735924,56192,0.12013834691606462,13.264493942260742,0.0003,0.0037958103966957424,0.015627229877281934,3.846207430586219,0.030738776695216075,-119.72710967063904
4504,,259.5124,100.0,10706,,42,,,0.032856784760951996,450400,0.0,,,,,,,,,,,,,
4508,0.14672140707756762,261.14255,100.0,10731,0.3,42,0.51,0.0,0.032854463905096054,451200,0.0,4.860399020841242,64.11706960735924,0.09225501376204193,64.11706960735924,56320,0.12173052644357085,13.211620062589645,0.0003,0.003819038120127516,0.014779399207327515,2.531794943846762,0.02921141913975589,-119.95980203151703
4512,,261.14255,100.0,10731,,42,,,0.032854463905096054,451200,0.0,,,,,,,,,,,,,
4516,0.16842956205030105,261.9668,100.0,10744,0.27899999999999997,42,0.69,0.0,0.03285934776067734,452000,0.0,4.689145122450907,64.11706960735924,0.08982177125290036,64.11706960735924,56384,0.11962869158014655,13.303497612476349,0.0003,0.003836318530375138,0.014014667765877675,1.0694343466311693,0.030740582558792084,-120.20545995235443
4520,,261.9668,100.0,10744,,42,,,0.03285934776067734,452000,0.0,,,,,,,,,,,,,
4524,0.0,258.85434,100.0,10767,0.26699999999999996,42,0.0,0.0,0.03285595402121544,452800,0.0,4.380062800216391,64.11706960735924,0.09576313942670822,64.11706960735924,56512,0.12158258457202464,13.427913159132004,0.0003,0.0038630209091934375,0.014410719479201362,1.2688046754337847,0.02912383113289252,-119.89851450920105
4528,,258.85434,100.0,10767,,42,,,0.03285595402121544,452800,0.0,,,,,,,,,,,,,
4532,0.0479466593904122,259.08728,100.0,10782,0.3,42,0.18,0.0,0.03286296874284744,453600,0.0,4.814288637253039,64.11706960735924,0.09295084327459335,64.11706960735924,56576,0.12109554465860128,13.439211785793304,0.0003,0.003879690859321272,0.014041681475646328,2.956900435499847,0.030501332745188847,-120.09461402893066
4536,,259.08728,100.0,10782,,42,,,0.03286296874284744,453600,0.0,,,,,,,,,,,,,
4540,0.15476399858047998,258.84045,100.0,10806,0.3,42,0.51,0.0,0.03286121413111687,454400,0.0,5.143807707527677,64.11706960735924,0.09509012580383569,64.11706960735924,56704,0.12292172538582236,13.43082980811596,0.0003,0.00391895831853617,0.0154734816896962,1.1603854545392096,0.030190342047717422,-119.79615521430969
4544,,258.84045,100.0,10806,,42,,,0.03286121413111687,454400,0.0,,,,,,,,,,,,,
4548,0.08542140498354236,259.92834,100.0,10830,0.29699999999999993,42,0.42,0.0,0.032868918031454086,455200,0.0,4.756821786111682,64.11706960735924,0.09321777697186917,64.11706960735924,56832,0.12183417088817805,13.378307700157166,0.0003,0.003959034831495956,0.014829893756541423,2.3922086590901017,0.03019799615140073,-119.86873507499695
4552,,259.92834,100.0,10830,,42,,,0.032868918031454086,455200,0.0,,,,,,,,,,,,,
4556,0.3312486745334576,261.57187,100.0,10845,0.3,42,1.14,0.0,0.032875075936317444,456000,0.0,5.086586089679498,64.11706960735924,0.09046262828633189,64.11706960735924,56896,0.12114020029548556,13.542280465364456,0.0003,0.0039842762853368185,0.014839294039120432,2.4906469150446355,0.02979664725717157,-120.20953297615051
4560,,261.57187,100.0,10845,,42,,,0.032875075936317444,456000,0.0,,,,,,,,,,,,,
4564,0.11968140957438099,262.36353,100.0,10870,0.3,42,0.39,0.0,0.032886803150177,456800,0.0,4.908882752441866,64.11706960735924,0.09175667294766754,64.11706960735924,57024,0.12314043170772493,13.860824272036552,0.0003,0.0040150500572053716,0.014983283908804879,3.1521355791483074,0.032643131708027795,-120.16463625431061
4568,,262.36353,100.0,10870,,42,,,0.032886803150177,456800,0.0,,,,,,,,,,,,,
4572,0.08960488740099576,260.7268,100.0,10883,0.29699999999999993,42,0.27,0.0,0.03288989141583443,457600,0.0,4.827632902875117,64.11706960735924,0.0943373863119632,64.11706960735924,57088,0.12081051548011601,13.335648834705353,0.0003,0.0040339546467293985,0.014819907701166812,1.4487495590001345,0.030319183802930638,-120.04496133327484
4576,,260.7268,100.0,10883,,42,,,0.03288989141583443,457600,0.0,,,,,,,,,,,,,
4580,0.22542954476507923,260.8064,100.0,10907,0.29699999999999993,42,1.02,0.0,0.032901447266340256,458400,0.0,5.0142665377788145,64.11706960735924,0.092265376704745,64.11706960735924,57216,0.12202690495178103,13.671210333704948,0.0003,0.0040683015758986585,0.015420504350913689,3.153550500748679,0.03083054139278829,-120.17230868339539
4584,,260.8064,100.0,10907,,42,,,0.032901447266340256,458400,0.0,,,,,,,,,,,,,
4588,0.20464807861402434,263.4059,100.0,10920,0.285,42,0.63,0.0,0.032909881323575974,459200,0.0,5.0714883848428505,64.11706960735924,0.0924415240297094,64.11706960735924,57280,0.12084399757441133,13.436641916632652,0.0003,0.004097659431863576,0.016822265170048922,4.462026050896384,0.030830110685201362,-120.10771024227142
4592,,263.4059,100.0,10920,,42,,,0.032909881323575974,459200,0.0,,,,,,,,,,,,,
4596,0.04487746447993448,260.33014,100.0,10943,0.3,42,0.15,0.0,0.03292077034711838,460000,0.0,4.69570956581666,64.11706960735924,0.09139371034689248,64.11706960735924,57408,0.12325660442002118,13.737284183502197,0.0003,0.00415131010231562,0.01524699302535737,-0.17664982698624954,0.031772076967172325,-120.24725472927094
4600,,260.33014,100.0,10943,,42,,,0.03292077034711838,460000,0.0,,,,,,,,,,,,,
4604,0.17183286241857662,260.09494,100.0,10958,0.3,42,0.51,0.0,0.03292015567421913,460800,0.0,5.0386418990999635,62.83472821521207,0.09153791749849916,62.83472821521207,57472,0.12204338796436787,13.32080788910389,0.0003,0.004148686472035479,0.015784551629622,0.9406948150135577,0.03188332368154079,-120.44250619411469
4608,,260.09494,100.0,10958,,42,,,0.03292015567421913,460800,0.0,,,,,,,,,,,,,
4612,0.10612903109279007,260.3807,100.0,10982,0.3,42,0.36,0.0,0.032929711043834686,461600,0.0,5.034069644208521,62.83472821521207,0.09048809437081218,62.83472821521207,57600,0.12097501661628485,13.38841000199318,0.0003,0.004173588429694064,0.01550346301519312,3.1105756596662104,0.032245829061139375,-120.6483199596405
4616,,260.3807,100.0,10982,,42,,,0.032929711043834686,461600,0.0,,,,,,,,,,,,,
4620,0.2063922222904031,261.8139,100.0,11007,0.3,42,0.75,0.0,0.03293389827013016,462400,0.0,4.793754718784428,62.83472821521207,0.09015385480597615,62.83472821521207,57728,0.12187598447781056,13.656898364424706,0.0003,0.0041937341302400455,0.014615096115448978,0.16976900259032845,0.031792067718924955,-120.83394682407379
4624,,261.8139,100.0,11007,,42,,,0.03293389827013016,462400,0.0,,,,,,,,,,,,,
4628,0.15685517116081787,266.11096,100.0,11021,0.3,42,0.45,0.0,0.03294359892606735,463200,0.0,5.111814476282993,62.83472821521207,0.09492377156857401,62.83472821521207,57792,0.12323522660881281,13.751286298036575,0.0003,0.004208748330711387,0.016750210590544157,1.8914872943423688,0.032203956216108054,-120.40547454357147
4632,,266.11096,100.0,11021,,42,,,0.03294359892606735,463200,0.0,,,,,,,,,,,,,
4636,0.19674508943148236,266.09512,100.0,11045,0.3,42,0.66,0.0,0.03295125812292099,464000,0.0,4.635968313494417,62.83472821521207,0.09112386719789356,62.83472821521207,57920,0.12393009709194303,13.893378719687462,0.0003,0.004248638397257309,0.014749820140423253,1.021127694286406,0.03125020011793822,-120.96497356891632
4640,,266.09512,100.0,11045,,42,,,0.03295125812292099,464000,0.0,,,,,,,,,,,,,
4644,0.07419433765901887,265.98273,100.0,11060,0.3,42,0.27,0.0,0.032958123832941055,464800,0.0,5.068494412726738,62.83472821521207,0.09051548480056226,62.83472821521207,57984,0.12437925569247454,13.704184755682945,0.0003,0.004257873850292526,0.013794900427456014,1.5884051718749106,0.031985907786292955,-120.97269332408905
4648,,265.98273,100.0,11060,,42,,,0.032958123832941055,464800,0.0,,,,,,,,,,,,,
4652,0.08787204706532109,265.46967,100.0,11083,0.285,42,0.24,0.0,0.032961033284664154,465600,0.0,5.036088609755788,62.83472821521207,0.09444056474603713,62.83472821521207,58112,0.12379734497517347,13.927271366119385,0.0003,0.004279726024833508,0.015906878470559604,1.1336912498809397,0.03209153938223608,-120.75162637233734
4656,,265.46967,100.0,11083,,42,,,0.032961033284664154,465600,0.0,,,,,,,,,,,,,
4660,0.16722743551793376,263.9492,100.0,11098,0.3,42,0.51,0.0,0.03296230360865593,466400,0.0,4.952495842680432,62.83472821521207,0.09233226475771517,62.83472821521207,58176,0.12382508348673582,14.020331591367722,0.0003,0.004283424452296458,0.015754507752717473,0.13069355231709778,0.03237217804417014,-120.8355325460434
4664,,263.9492,100.0,11098,,42,,,0.03296230360865593,466400,0.0,,,,,,,,,,,,,
4668,0.17234089442406517,264.6807,100.0,11122,0.27299999999999996,42,0.75,0.0,0.03297269344329834,467200,0.0,4.617596638853596,62.83472821521207,0.09103263670112938,62.83472821521207,58304,0.12224364827852696,13.37602898478508,0.0003,0.004310017633542884,0.013891758419049438,2.42809693608433,0.030847490852465853,-121.18814694881439
4672,,264.6807,100.0,11122,,42,,,0.03297269344329834,467200,0.0,,,,,,,,,,,,,
4676,0.0940101618426113,263.49432,100.0,11145,0.26699999999999996,41,0.39,0.0,0.03298457711935043,468000,0.0,4.685849686075482,62.83472821521207,0.0927653661929071,62.83472821521207,58432,0.12431581364944577,13.939862877130508,0.0003,0.004370899703644682,0.015033184048661496,2.037597730755806,0.03082673330209218,-121.15067553520203
4680,,263.49432,100.0,11145,,41,,,0.03298457711935043,468000,0.0,,,,,,,,,,,,,
4684,0.15183846568295647,263.6388,100.0,11160,0.3,42,0.6,0.0,0.03299348056316376,468800,0.0,4.959854389297848,62.83472821521207,0.09321761433966458,62.83472821521207,58496,0.1253398674307391,14.023904159665108,0.0003,0.004395010648295283,0.015235593542456627,4.143310052342713,0.03212276747217402,-121.21632540225983
4688,,263.6388,100.0,11160,,42,,,0.03299348056316376,468800,0.0,,,,,,,,,,,,,
4692,0.0980984709519904,264.7757,100.0,11183,0.29699999999999993,41,0.24,0.0,0.0330064557492733,469600,0.0,5.032486051956329,62.83472821521207,0.09070192906074226,62.83472821521207,58624,0.12328960048034787,13.916758686304092,0.0003,0.004459600240807049,0.01533054924220778,1.5325303836725652,0.032367516338126734,-121.42041850090027
4696,,264.7757,100.0,11183,,41,,,0.0330064557492733,469600,0.0,,,,,,,,,,,,,
4700,0.11884376845391884,265.5552,100.0,11197,0.3,42,0.36,0.0,0.033008769154548645,470400,0.0,5.054058441793942,62.83472821521207,0.09102205699309707,62.83472821521207,58688,0.12371806800365448,13.979291319847107,0.0003,0.004472650231036823,0.014840671268757433,0.5496417242102325,0.0325096630549524,-121.45008051395416
4704,,265.5552,100.0,11197,,42,,,0.033008769154548645,470400,0.0,,,,,,,,,,,,,
4708,0.3177990537594652,264.48755,100.0,11222,0.3,41,0.78,0.0,0.03301598131656647,471200,0.0,4.784580814283165,62.83472821521207,0.0934881700668484,62.83472821521207,58816,0.12343165243510157,13.649383798241615,0.0003,0.004512460698606446,0.016422497646999545,0.9154929276555777,0.031792630325071514,-121.32511734962463
4712,,264.48755,100.0,11222,,41,,,0.03301598131656647,471200,0.0,,,,,,,,,,,,,
4716,0.12915434844165855,264.26428,100.0,11235,0.3,42,0.36,0.0,0.03301704674959183,472000,0.0,4.866226341997067,62.83472821521207,0.09471192641649395,62.83472821521207,58880,0.12463439244311303,13.701410070061684,0.0003,0.004527525990852155,0.016615272797935177,1.7360319374129176,0.031132423842791468,-121.34935224056244
4720,,264.26428,100.0,11235,,42,,,0.03301704674959183,472000,0.0,,,,,,,,,,,,,
4724,0.18034712040225884,264.0075,100.0,11259,0.3,41,0.69,0.0,0.03302076458930969,472800,0.0,4.928850715688595,62.83472821521207,0.09157193871214986,62.83472821521207,59008,0.12668598722666502,14.616397693753242,0.0003,0.004561373476462904,0.014966104237828404,0.3767989668995142,0.03353797667659819,-121.65343773365021
4728,,264.0075,100.0,11259,,41,,,0.03302076458930969,472800,0.0,,,,,,,,,,,,,
4732,0.12734132949330396,262.26456,100.0,11272,0.285,42,0.42,0.0,0.033027369529008865,473600,0.0,4.804996093864756,62.83472821521207,0.09251558524556458,62.83472821521207,59072,0.12578188197221607,14.13617254793644,0.0003,0.0045778704807162285,0.015221495414152741,3.099109577946365,0.033196001837495714,-121.67657995223999
4736,,262.26456,100.0,11272,,42,,,0.033027369529008865,473600,0.0,,,,,,,,,,,,,
4740,0.09259228124801291,261.53076,100.0,11294,0.3,42,0.36,0.0,0.03303370624780655,474400,0.0,4.904506434400908,62.83472821521207,0.09008442016784102,62.83472821521207,59200,0.1255757441977039,14.0945985019207,0.0003,0.004621783118636813,0.014597868503187783,1.7486568505410105,0.03280083474237472,-121.78924453258514
4744,,261.53076,100.0,11294,,42,,,0.03303370624780655,474400,0.0,,,,,,,,,,,,,
4748,0.1285044011198349,260.4658,100.0,11317,0.25799999999999995,41,0.39,0.0,0.03305096924304962,475200,0.0,4.4521350590187305,62.83472821521207,0.08984211913775653,62.83472821521207,59328,0.1248913046438247,14.280800715088844,0.0003,0.004683547769673169,0.01519456861569779,1.1860442250035703,0.03353710760711692,-121.86080622673035
4752,,260.4658,100.0,11317,,41,,,0.03305096924304962,475200,0.0,,,,,,,,,,,,,
4756,0.1694518309598793,261.2234,100.0,11332,0.3,42,0.75,0.0,0.0330585241317749,476000,0.0,5.059075068910192,62.83472821521207,0.09220367949455976,62.83472821521207,59392,0.12677277298644185,14.02369473874569,0.0003,0.004702296406321693,0.0159285394474864,3.5422634072601795,0.0309958889556583,-121.5025886297226
4760,,261.2234,100.0,11332,,42,,,0.0330585241317749,476000,0.0,,,,,,,,,,,,,
4764,0.3013998884812204,262.82788,100.0,11355,0.3,41,0.87,0.0,0.033073555678129196,476800,0.0,4.873306066366185,62.83472821521207,0.09355539595708251,62.83472821521207,59520,0.12688514310866594,14.17830441892147,0.0003,0.00478286063298583,0.01776051605702378,4.080613718833774,0.03363343942328356,-121.49235832691193
4768,,262.82788,100.0,11355,,41,,,0.033073555678129196,476800,0.0,,,,,,,,,,,,,
4772,0.14624358353054695,260.85736,100.0,11368,0.3,42,0.39,0.0,0.033081892877817154,477600,0.0,5.05029577698183,62.83472821521207,0.0940013382351026,62.83472821521207,59584,0.12746541376691312,14.528448790311813,0.0003,0.004819780515390448,0.016802871483378112,2.846403424628079,0.03441409865627065,-121.46414601802826
4776,,260.85736,100.0,11368,,42,,,0.033081892877817154,477600,0.0,,,,,,,,,,,,,
4780,0.0,258.9275,100.0,11391,0.3,41,0.0,0.0,0.033099766820669174,478400,0.0,4.939247665994935,62.83472821521207,0.0918908508028835,62.83472821521207,59712,0.12785740965045989,14.712703585624695,0.0003,0.004894941826933064,0.014818429423030466,2.705787925515324,0.03392748272744939,-121.8261969089508
4784,,258.9275,100.0,11391,,41,,,0.033099766820669174,478400,0.0,,,,,,,,,,,,,
4788,0.22762225563163546,256.81314,100.0,11406,0.3,42,0.84,0.0,0.03310601785778999,479200,0.0,4.76396950705452,62.83472821521207,0.09160959429573268,62.83472821521207,59776,0.12819170870352536,14.587334722280502,0.0003,0.004926746027194895,0.014001114876009524,3.027773394016549,0.03375997836701572,-121.64333212375641
4792,,256.81314,100.0,11406,,42,,,0.03310601785778999,479200,0.0,,,,,,,,,,,,,
4796,0.29818868547888977,257.6901,100.0,11430,0.29699999999999993,41,0.78,0.0,0.03310943394899368,480000,0.0,4.709122484533768,62.83472821521207,0.10413766477722675,62.83472821521207,59904,0.12911235098727047,14.851908639073372,0.0003,0.0049614039453445,0.01975008094450459,0.5743150464259088,0.03487558095366694,-120.92477321624756
4800,,257.6901,100.0,11430,,41,,,0.03310943394899368,480000,0.0,,,,,,,,,,,,,
4804,0.12892725237713015,261.98868,100.0,11455,0.3,41,0.48,0.0,0.03312016651034355,480800,0.01,4.4563541483537445,61.57803365090783,0.09228136320598423,61.57803365090783,60032,0.12540792673826218,14.167038321495056,0.0003,0.004998543023248203,0.01671591701597208,1.7535927328281105,0.03495723070227541,-121.99887156486511
4808,,261.98868,100.0,11455,,41,,,0.03312016651034355,480800,0.01,,,,,,,,,,,,,
4812,0.08920562356543378,259.99222,100.0,11467,0.3,41,0.27,0.0,0.03312476724386215,481600,0.01,5.1576704793140165,61.57803365090783,0.0914719415595755,61.57803365090783,60096,0.12803778692614287,14.167695611715317,0.0003,0.00502334567863727,0.016043236435507424,2.5477871240582317,0.034693630965193734,-122.25301587581635
4816,,259.99222,100.0,11467,,41,,,0.03312476724386215,481600,0.01,,,,,,,,,,,,,
4820,0.03806806373602599,258.8088,100.0,11490,0.25499999999999995,41,0.18,0.0,0.03314094990491867,482400,0.01,4.642177368191208,61.57803365090783,0.09165680455043912,61.57803365090783,60224,0.12789484288077801,14.371855169534683,0.0003,0.0050869256956502795,0.01584253620239906,3.1779693458229303,0.03569125651847571,-122.28206884860992
4824,,258.8088,100.0,11490,,41,,,0.03314094990491867,482400,0.01,,,,,,,,,,,,,
4828,0.3481189999014096,262.24493,100.0,11504,0.3,42,1.26,0.0,0.03314941003918648,483200,0.01,4.879424770197904,61.57803365090783,0.09340767213143408,61.57803365090783,60288,0.12867857026867568,14.556754112243652,0.0003,0.005121244175825268,0.01603352666279534,3.21201844047755,0.034664882317883894,-122.0615713596344
4832,,262.24493,100.0,11504,,42,,,0.03314941003918648,483200,0.01,,,,,,,,,,,,,
4836,0.2870383743938613,261.27203,100.0,11527,0.27299999999999996,41,0.75,0.0,0.0331590436398983,484000,0.01,5.045605716996327,61.57803365090783,0.09064336738083512,61.57803365090783,60416,0.12889482721220702,14.356781244277954,0.0003,0.005170757089217659,0.014411964075407013,1.7672456151340157,0.032711421634303406,-122.40919196605682
4840,,261.27203,100.0,11527,,41,,,0.0331590436398983,484000,0.01,,,,,,,,,,,,,
4844,0.1106118206150935,264.03223,100.0,11542,0.3,41,0.42,0.0,0.03316451981663704,484800,0.01,4.876032460406644,61.57803365090783,0.09195272519718856,61.57803365090783,60480,0.12967125582508743,14.838832020759583,0.0003,0.0051884285057894886,0.015638931974535808,1.418646926060319,0.03607062713126652,-122.28957653045654
4848,,264.03223,100.0,11542,,41,,,0.03316451981663704,484800,0.01,,,,,,,,,,,,,
4852,0.0,262.62048,100.0,11566,0.3,41,0.0,0.0,0.033172063529491425,485600,0.01,5.010407823996834,61.57803365090783,0.0903007056331262,61.57803365090783,60608,0.1280705927638337,14.411447584629059,0.0003,0.0052012466549058445,0.015171329796430655,-0.1714196507818997,0.03356791226542555,-122.48276269435883
4856,,262.62048,100.0,11566,,41,,,0.033172063529491425,485600,0.01,,,,,,,,,,,,,
4860,0.13105443957373514,264.00366,100.0,11579,0.3,42,0.39,0.0,0.03318246454000473,486400,0.01,5.207975954880311,61.57803365090783,0.08968403993640095,61.57803365090783,60672,0.12917350290808827,14.696816712617874,0.0003,0.0052075087442062795,0.015329446832765825,2.7160655856132507,0.03546556766377762,-122.38834130764008
4864,,264.00366,100.0,11579,,42,,,0.03318246454000473,486400,0.01,,,,,,,,,,,,,
4868,0.0,262.90637,100.0,11603,0.3,41,0.0,0.0,0.03320316970348358,487200,0.01,4.83842060868986,61.57803365090783,0.09027973376214504,61.57803365090783,60800,0.12871147028636187,14.287251368165016,0.0003,0.0052344157884363085,0.01577475218073232,1.0841304073110223,0.03527778523857705,-122.41263520717621
4872,,262.90637,100.0,11603,,41,,,0.03320316970348358,487200,0.01,,,,,,,,,,,,,
4876,0.12413850242370296,262.19983,100.0,11626,0.3,41,0.36,0.0,0.033222299069166183,488000,0.01,4.765798290323783,61.57803365090783,0.09099342999979854,61.57803365090783,60928,0.13047292293049395,14.601656720042229,0.0003,0.0052703946275869384,0.01465485330845695,2.5539172366261482,0.03425691611482762,-122.51353633403778
4880,,262.19983,100.0,11626,,41,,,0.033222299069166183,488000,0.01,,,,,,,,,,,,,
4884,0.25768700952123025,266.82346,100.0,11641,0.3,41,1.05,0.0,0.03322697803378105,488800,0.01,4.928990036128264,61.57803365090783,0.09110316971782595,61.57803365090783,60992,0.12880522315390408,14.650199621915817,0.0003,0.005282987171085551,0.01571398545638658,0.5668403073213995,0.0344135434133932,-122.50960385799408
4888,,266.82346,100.0,11641,,41,,,0.03322697803378105,488800,0.01,,,,,,,,,,,,,
4892,0.0,263.87762,100.0,11663,0.294,41,0.0,0.0,0.03325095772743225,489600,0.01,4.938366179633114,61.57803365090783,0.09020898246672004,61.57803365090783,61120,0.12916351447347552,14.780429020524025,0.0003,0.005336084665032104,0.015197361237369478,1.3833184319082648,0.03372113875229843,-122.67533159255981
4896,,263.87762,100.0,11663,,41,,,0.03325095772743225,489600,0.01,,,,,,,,,,,,,
4900,0.08771797152181213,259.89435,100.0,11678,0.2729999999999999,41,0.33,0.0,0.03325870260596275,490400,0.0,4.6311398957981185,61.57803365090783,0.09184891963377595,61.57803365090783,61184,0.1294843325158581,14.321817979216576,0.0003,0.005351398263883311,0.015572040865663439,0.8924004536820576,0.03405696208938025,-122.50667989253998
4904,,259.89435,100.0,11678,,41,,,0.03325870260596275,490400,0.0,,,,,,,,,,,,,
4908,0.0,257.98004,100.0,11702,0.3,41,0.0,0.0,0.03328032046556473,491200,0.0,4.762738197802794,61.57803365090783,0.09076193906366825,61.57803365090783,61312,0.12997127510607243,14.918253093957901,0.0003,0.005381091796152759,0.015794000966707245,2.849022960755974,0.0345856906787958,-122.60859596729279
4912,,257.98004,100.0,11702,,41,,,0.03328032046556473,491200,0.0,,,,,,,,,,,,,
4916,0.0,256.22903,100.0,11715,0.2909999999999999,41,0.0,0.0,0.033287934958934784,492000,0.0,4.4113790978751215,61.57803365090783,0.09231350687332451,61.57803365090783,61376,0.13018399407155812,14.672690227627754,0.0003,0.005408963748777751,0.014853912172839046,1.5949347735149786,0.03325042669894174,-122.68845474720001
4920,,256.22903,100.0,11715,,41,,,0.033287934958934784,492000,0.0,,,,,,,,,,,,,
4924,0.24039762449474186,258.34277,100.0,11738,0.288,41,0.84,0.0,0.03329373151063919,492800,0.0,4.981992870943478,61.57803365090783,0.09336332627572119,61.57803365090783,61504,0.1320934919640422,14.823501229286194,0.0003,0.0054206012791837566,0.01603781251469627,0.49618069385178387,0.035318355599883944,-122.44853734970093
4928,,258.34277,100.0,11738,,41,,,0.03329373151063919,492800,0.0,,,,,,,,,,,,,
4932,0.0,256.23984,100.0,11761,0.252,41,0.0,0.0,0.03330876678228378,493600,0.0,4.369742153079335,61.57803365090783,0.09111443732399493,61.57803365090783,61632,0.13158757018391043,14.79829204082489,0.0003,0.005454660262330435,0.015253005964041222,2.9569175224751234,0.034092739690095186,-122.61202371120453
4936,,256.23984,100.0,11761,,41,,,0.03330876678228378,493600,0.0,,,,,,,,,,,,,
4940,0.21493985619510095,256.4914,100.0,11775,0.288,41,0.63,0.0,0.03331422433257103,494400,0.0,4.989861924605613,61.57803365090783,0.09267119085416198,61.57803365090783,61696,0.1315870372345671,14.72686930000782,0.0003,0.0054749222108512186,0.015068198488734197,1.1746604958316311,0.03496896947035566,-122.55786037445068
4944,,256.4914,100.0,11775,,41,,,0.03331422433257103,494400,0.0,,,,,,,,,,,,,
4948,0.09486536481743366,255.85204,100.0,11800,0.24899999999999994,41,0.36,0.0,0.03333577513694763,495200,0.0,4.744394825128147,61.57803365090783,0.09742099139839411,61.57803365090783,61824,0.1310306986561045,14.978042870759964,0.0003,0.005529119720449671,0.017637149532674812,2.746891417307779,0.03542435061535798,-122.11442077159882
4952,,255.85204,100.0,11800,,41,,,0.03333577513694763,495200,0.0,,,,,,,,,,,,,
4956,0.035335267424564075,254.75774,100.0,11813,0.3,41,0.15,0.0,0.033343154937028885,496000,0.0,4.749006423733494,61.57803365090783,0.10145166120491922,61.57803365090783,61888,0.13252988073509187,15.267462432384491,0.0003,0.005555615840421524,0.018250707944389433,1.8697272916324437,0.035074829298537225,-121.78007304668427
4960,,254.75774,100.0,11813,,41,,,0.033343154937028885,496000,0.0,,,,,,,,,,,,,
4964,0.31162259015186433,254.19955,100.0,11836,0.3,41,1.02,0.0,0.033367689698934555,496800,0.0,4.848930710646541,61.57803365090783,0.09692434559110552,61.57803365090783,62016,0.1327488706447184,15.395704239606857,0.0003,0.00563172379770549,0.016984322137432173,1.9037368025165051,0.03604971946333535,-122.0705486536026
4968,,254.19955,100.0,11836,,41,,,0.033367689698934555,496800,0.0,,,,,,,,,,,,,
4972,0.19746180908088426,254.30713,100.0,11850,0.282,41,0.66,0.0,0.03337498754262924,497600,0.0,4.955003695596444,61.57803365090783,0.09427515522111207,61.57803365090783,62080,0.13320674817077816,15.403785452246666,0.0003,0.005654747765220236,0.016090663702925667,1.015527450479567,0.035821176948957145,-122.45822286605835
4976,,254.30713,100.0,11850,,41,,,0.03337498754262924,497600,0.0,,,,,,,,,,,,,
4980,0.33744183623827406,254.84126,100.0,11873,0.3,41,0.66,0.0,0.03339776024222374,498400,0.0,4.913907092577586,61.57803365090783,0.09185319230891764,61.57803365090783,62208,0.13228871871251613,15.234138399362564,0.0003,0.005701647853129543,0.015440332848811522,2.2040359245147556,0.03639542916789651,-122.72167003154755
4984,,254.84126,100.0,11873,,41,,,0.03339776024222374,498400,0.0,,,,,,,,,,,,,
4988,0.410037302192333,258.5423,100.0,11886,0.3,41,1.44,0.0,0.033406082540750504,499200,0.0,4.872902067201906,61.57803365090783,0.0925252374727279,61.57803365090783,62272,0.13346236012876034,15.565754503011703,0.0003,0.005733967409469187,0.015771710633998737,1.981522164773196,0.03629850794095546,-122.76746165752411
4992,,258.5423,100.0,11886,,41,,,0.033406082540750504,499200,0.0,,,,,,,,,,,,,
4996,0.40399839258299236,264.54538,100.0,11909,0.26999999999999996,41,1.38,0.0,0.03342306241393089,500000,0.0,5.095584556370984,61.57803365090783,0.09203117759898305,61.57803365090783,62400,0.13836565322708338,15.947990417480469,0.0003,0.005770173702330794,0.016259867887129076,1.2311090206494555,0.038514439278515056,-122.8991870880127
5000,,264.54538,100.0,11909,,41,,,0.03342306241393089,500000,0.0,,,,,,,,,,,,,
5004,0.16392773301823158,265.40073,100.0,11933,0.3,41,0.66,0.0,0.03344232589006424,500800,0.0,4.782024781750956,60.34647297788966,0.09202194213867188,60.34647297788966,62528,0.13184884935617447,14.778981164097786,0.0003,0.005824351297633257,0.015928453576634638,0.7640117960982025,0.036793644074350595,-123.09635293483734
5008,,265.40073,100.0,11933,,41,,,0.03344232589006424,500800,0.0,,,,,,,,,,,,,
5012,0.1890231741602199,269.20453,100.0,11947,0.27599999999999997,41,0.81,0.0,0.033449698239564896,501600,0.0,4.570394448617439,60.34647297788966,0.09674567868933082,60.34647297788966,62592,0.13385663216467947,15.67317646741867,0.0003,0.005839790661411826,0.016584638113272376,1.6146150240674615,0.036956943571567535,-122.9517617225647
5016,,269.20453,100.0,11947,,41,,,0.033449698239564896,501600,0.0,,,,,,,,,,,,,
5020,0.0,268.8834,100.0,11970,0.288,41,0.0,0.0,0.03347101807594299,502400,0.01,4.425692069721586,60.34647297788966,0.09095522772986442,60.34647297788966,62720,0.1321318200789392,15.401695549488068,0.0003,0.005879867821931839,0.014990822339314036,2.88036127272062,0.035887304024072364,-123.20801281929016
5024,,268.8834,100.0,11970,,41,,,0.03347101807594299,502400,0.01,,,,,,,,,,,,,
5028,0.2614922923195389,270.41837,100.0,11984,0.285,41,0.93,0.0,0.03347783908247948,503200,0.01,4.626566620448398,60.34647297788966,0.09062768938019872,60.34647297788966,62784,0.13262768648564816,15.079120770096779,0.0003,0.005911634405492805,0.016594996021012776,-1.0163423949852586,0.037888801540248096,-123.29294240474701
5032,,270.41837,100.0,11984,,41,,,0.03347783908247948,503200,0.01,,,,,,,,,,,,,
5036,0.10625457181524371,271.7534,100.0,12007,0.29699999999999993,41,0.48,0.0,0.033494435250759125,504000,0.01,4.926168339944676,60.34647297788966,0.09053343220148236,60.34647297788966,62912,0.1331018244381994,15.487442389130592,0.0003,0.005923467084357981,0.015452882886165753,2.2671910226345062,0.037666182935936376,-123.33048176765442
5040,,271.7534,100.0,12007,,41,,,0.033494435250759125,504000,0.01,,,,,,,,,,,,,
5044,0.2976727259187489,274.30005,100.0,12020,0.294,41,0.99,0.0,0.03350626304745674,504800,0.01,4.836472025466206,60.34647297788966,0.09119712363462895,60.34647297788966,62976,0.1334588733734563,15.646508157253265,0.0003,0.005943884047155734,0.016254707836196758,2.0804558037780225,0.037133323290618137,-123.52853155136108
5048,,274.30005,100.0,12020,,41,,,0.03350626304745674,504800,0.01,,,,,,,,,,,,,
5052,0.09133198648293321,274.89645,100.0,12044,0.294,41,0.39,0.0,0.03352195769548416,505600,0.01,4.575422028540371,60.34647297788966,0.09202531806658953,60.34647297788966,63104,0.1333677429938689,16.22960503399372,0.0003,0.005965607502730563,0.017398425290593877,0.35312305111438036,0.03899448085576296,-123.44012451171875
5056,,274.89645,100.0,12044,,41,,,0.03352195769548416,505600,0.01,,,,,,,,,,,,,
5060,0.08259022700527513,274.18527,100.0,12067,0.3,41,0.39,0.0,0.033538009971380234,506400,0.01,4.756179741545095,60.34647297788966,0.09205538884270936,60.34647297788966,63232,0.1335210072575137,15.361516520380974,0.0003,0.0059876111772609875,0.016446473964606412,-0.40146253164857626,0.03839091502595693,-123.46215093135834
5064,,274.18527,100.0,12067,,41,,,0.033538009971380234,506400,0.01,,,,,,,,,,,,,
5068,0.15130756025846423,273.9592,100.0,12081,0.267,41,0.39,0.0,0.033545996993780136,507200,0.01,4.646316288894059,60.34647297788966,0.0922581747872755,60.34647297788966,63296,0.13561996421776712,15.985101908445358,0.0003,0.005993455735733733,0.015293078395188786,0.9822994819842279,0.03826595554710366,-123.70508754253387
5072,,273.9592,100.0,12081,,41,,,0.033545996993780136,507200,0.01,,,,,,,,,,,,,
5076,0.1466501898261689,274.21545,100.0,12106,0.26999999999999996,41,0.39,0.0,0.0335625596344471,508000,0.01,4.6933224229554975,60.34647297788966,0.09293055871967226,60.34647297788966,63424,0.13436061481479555,15.380620822310448,0.0003,0.006016834442561958,0.015374952330603264,-1.177997283404693,0.03746311130817048,-123.61903214454651
5080,,274.21545,100.0,12106,,41,,,0.0335625596344471,508000,0.01,,,,,,,,,,,,,
5084,0.19341597101932081,270.83118,100.0,12120,0.3,41,0.75,0.0,0.03356599807739258,508800,0.01,5.023029056619883,60.34647297788966,0.0941198569489643,60.34647297788966,63488,0.13747500453609973,16.177566945552826,0.0003,0.006019081061822362,0.014887583631207235,1.6012373743578792,0.03746005741413683,-123.73730528354645
5088,,270.83118,100.0,12120,,41,,,0.03356599807739258,508800,0.01,,,,,,,,,,,,,
5092,0.0,265.7761,100.0,12143,0.26099999999999995,41,0.0,0.0,0.03358111530542374,509600,0.01,4.666035316020807,60.34647297788966,0.09270268410909921,60.34647297788966,63616,0.1355399484746158,15.65081050992012,0.0003,0.006048119204933755,0.014988651353633031,1.241259787697345,0.03815489780390635,-123.8018969297409
5096,,265.7761,100.0,12143,,41,,,0.03358111530542374,509600,0.01,,,,,,,,,,,,,
5100,0.11973822815349128,262.86328,100.0,12157,0.282,41,0.42,0.0,0.033589016646146774,510400,0.01,4.744373346219003,60.34647297788966,0.09235540486406535,60.34647297788966,63680,0.13655824435409158,16.06401440501213,0.0003,0.006056987294869032,0.015693483743234538,-0.3113862508907914,0.03825895150657743,-123.8581953048706
5104,,262.86328,100.0,12157,,41,,,0.033589016646146774,510400,0.01,,,,,,,,,,,,,
5108,0.11446459304559943,262.35153,100.0,12179,0.267,41,0.48,0.0,0.033603485673666,511200,0.01,4.946326624968347,60.34647297788966,0.0921343402005732,60.34647297788966,63808,0.13500004983507097,15.774664506316185,0.0003,0.006037988227035385,0.01678925617306959,2.202508030924946,0.037985286297043785,-123.8551812171936
5112,,262.35153,100.0,12179,,41,,,0.033603485673666,511200,0.01,,,,,,,,,,,,,
5116,0.018685099377460858,259.5855,100.0,12192,0.3,41,0.09,0.0,0.03360624611377716,512000,0.0,4.5895252206580714,60.34647297788966,0.09190422436222434,60.34647297788966,63872,0.133744454709813,15.800500199198723,0.0003,0.006048172581358813,0.016080020381195936,-1.0983076840639114,0.0387518786592409,-124.02466225624084
5120,,259.5855,100.0,12192,,41,,,0.03360624611377716,512000,0.0,,,,,,,,,,,,,
5124,0.1391151190321922,258.05762,100.0,12215,0.3,41,0.6,0.0,0.03361087292432785,512800,0.0,4.317085477176585,60.34647297788966,0.09165939083322883,60.34647297788966,64000,0.1359548238106072,15.861655697226524,0.0003,0.0060139132547192276,0.01664392073143972,-1.5667491853237152,0.03822357772151008,-124.13878035545349
5128,,258.05762,100.0,12215,,41,,,0.03361087292432785,512800,0.0,,,,,,,,,,,,,
5132,0.07829202870282666,256.7993,100.0,12239,0.294,41,0.24,0.0,0.03362276777625084,513600,0.0,4.710990501151247,60.34647297788966,0.09313817962538451,60.34647297788966,64128,0.13876553298905492,16.16555465757847,0.0003,0.0060037831935915165,0.016398430219851434,-2.242924301768653,0.037578552815830335,-123.8381599187851
5136,,256.7993,100.0,12239,,41,,,0.03362276777625084,513600,0.0,,,,,,,,,,,,,
5140,0.3681870928407637,254.82079,100.0,12253,0.3,41,1.14,0.0,0.03362433984875679,514400,0.0,5.001661145388872,60.34647297788966,0.09214571525808424,60.34647297788966,64192,0.13799028645735234,16.37161150574684,0.0003,0.005979116394883022,0.017701219199807383,-0.7485749160405248,0.03928718849783763,-123.73479509353638
5144,,254.82079,100.0,12253,,41,,,0.03362433984875679,514400,0.0,,,,,,,,,,,,,
5148,0.0,252.29414,100.0,12275,0.29699999999999993,41,0.0,0.0,0.03362783044576645,515200,0.0,4.537644448653912,60.34647297788966,0.0918506474699825,60.34647297788966,64320,0.1389917602064088,16.35593645274639,0.0003,0.005965514857962262,0.016093320547952317,-1.816792511381209,0.03848008144996129,-124.22426009178162
5152,,252.29414,100.0,12275,,41,,,0.03362783044576645,515200,0.0,,,,,,,,,,,,,
5156,0.0,252.9707,100.0,12290,0.29699999999999993,41,0.0,0.0,0.033628396689891815,516000,0.0,4.447167195902759,60.34647297788966,0.09162200521677732,60.34647297788966,64384,0.13832741766236722,17.654784128069878,0.0003,0.0059582837275229394,0.015853030621656217,-0.11428443621844053,0.03817770615569316,-124.11276829242706
5160,,252.9707,100.0,12290,,41,,,0.033628396689891815,516000,0.0,,,,,,,,,,,,,
5164,0.19451763414861709,253.21011,100.0,12314,0.3,41,0.6,0.0,0.03364081680774689,516800,0.0,5.052780284701539,60.34647297788966,0.09377279609907418,60.34647297788966,64512,0.13920177682302892,16.09895721077919,0.0003,0.0059514859967748635,0.01639743469422683,-2.1923636365681887,0.03745291163795628,-124.13193869590759
5168,,253.21011,100.0,12314,,41,,,0.03364081680774689,516800,0.0,,,,,,,,,,,,,
5172,0.09869837942842452,253.65045,100.0,12328,0.3,41,0.36,0.0,0.0336475595831871,517600,0.0,4.999244770056957,60.34647297788966,0.09318125189747661,60.34647297788966,64576,0.14027049904689193,16.89039558172226,0.0003,0.005943826588918455,0.015733430722320918,0.15360290533863008,0.03883637292892672,-124.09028267860413
5176,,253.65045,100.0,12328,,41,,,0.0336475595831871,517600,0.0,,,,,,,,,,,,,
5180,0.07172602845232505,253.36644,100.0,12351,0.3,41,0.27,0.0,0.03365198150277138,518400,0.0,4.822056898177033,60.34647297788966,0.09171659289859235,60.34647297788966,64704,0.13917777489405125,15.981519520282745,0.0003,0.00595239572430728,0.014552590328094084,1.2039519456448033,0.03623982224962674,-124.14366412162781
5184,,253.36644,100.0,12351,,41,,,0.03365198150277138,518400,0.0,,,,,,,,,,,,,
5188,0.33774868975673833,254.35904,100.0,12374,0.26699999999999996,41,1.11,0.0,0.03365139663219452,519200,0.0,4.882495256332733,60.34647297788966,0.09281691547948867,60.34647297788966,64832,0.13978064293041825,16.253312468528748,0.0003,0.005955432316113729,0.016412800177931786,0.06343840947374701,0.03691581723978743,-124.14033019542694
5192,,254.35904,100.0,12374,,41,,,0.03365139663219452,519200,0.0,,,,,,,,,,,,,
5196,0.36572969964189894,256.47742,100.0,12388,0.3,41,1.05,0.0,0.03365711867809296,520000,0.0,5.070755826697484,60.34647297788966,0.09381467988714576,60.34647297788966,64896,0.14046758133918047,16.71282698214054,0.0003,0.00595629247254692,0.016969987729680724,0.44573046709410846,0.039111247984692454,-124.00375771522522
5200,,256.47742,100.0,12388,,41,,,0.03365711867809296,520000,0.0,,,,,,,,,,,,,
5204,0.13516924187338084,255.32724,100.0,12411,0.2909999999999999,41,0.57,0.0,0.03365783020853996,520800,0.0,5.006655163761544,59.13954351833187,0.0912302453070879,59.13954351833187,65024,0.1374240897130221,16.244601905345917,0.0003,0.005970266502117738,0.017294865450821817,-0.12025364441797137,0.03983479196904227,-124.57454121112823
5208,,255.32724,100.0,12411,,41,,,0.03365783020853996,520800,0.0,,,,,,,,,,,,,
5212,0.19534163519126704,254.79373,100.0,12426,0.3,41,0.57,0.0,0.033659692853689194,521600,0.0,4.664122803998953,59.13954351833187,0.09266270196530968,59.13954351833187,65088,0.13879218825604767,16.314565658569336,0.0003,0.005981573849567212,0.016586815458140336,0.9114406255539507,0.03937176684848964,-124.40290093421936
5216,,254.79373,100.0,12426,,41,,,0.033659692853689194,521600,0.0,,,,,,,,,,,,,
5220,0.06535755563914404,254.1804,100.0,12450,0.285,41,0.27,0.0,0.0336700975894928,522400,0.0,5.124224535038319,59.13954351833187,0.09131431928835809,59.13954351833187,65216,0.13915248645935208,16.024965554475784,0.0003,0.00603620275069261,0.016176501900190488,1.5146076041273773,0.038541115034604445,-124.63027381896973
5224,,254.1804,100.0,12450,,41,,,0.0336700975894928,522400,0.0,,,,,,,,,,,,,
5228,0.13164252550888997,257.09866,100.0,12465,0.3,41,0.48,0.0,0.033670682460069656,523200,0.0,4.9472235535068405,59.13954351833187,0.09159800503402948,59.13954351833187,65280,0.1382903011981398,15.813906863331795,0.0003,0.0060368902632035315,0.01896439005213324,-1.6181751806288958,0.040952952607767656,-124.41083574295044
5232,,257.09866,100.0,12466,,41,,,0.033670682460069656,523200,0.0,,,,,,,,,,,,,
5236,0.27777917624447895,260.06503,100.0,12488,0.294,41,1.17,0.0,0.0336725190281868,524000,0.0,4.885377542792642,59.13954351833187,0.09324128145817667,59.13954351833187,65408,0.13786337710916996,16.026870504021645,0.0003,0.006014360857079737,0.017493624160124455,1.1164978025481105,0.03960097921662964,-124.3494244813919
5240,,260.06503,100.0,12488,,41,,,0.0336725190281868,524000,0.0,,,,,,,,,,,,,
5244,0.105565295894057,260.3674,100.0,12502,0.3,41,0.36,0.0,0.03367599472403526,524800,0.0,4.583962843251469,59.13954351833187,0.08975779649335891,59.13954351833187,65472,0.13595268595963717,16.111118122935295,0.0003,0.006036207429133356,0.015759624206111766,2.3147452138364315,0.04020422455505468,-124.83963787555695
5248,,260.3674,100.0,12502,,41,,,0.03367599472403526,524800,0.0,,,,,,,,,,,,,
5252,0.11141301981742054,260.52682,100.0,12525,0.3,41,0.42,0.0,0.0336897186934948,525600,0.0,4.654618402835207,59.13954351833187,0.09159827593248338,59.13954351833187,65600,0.13963959948159754,16.40150661766529,0.0003,0.006069824696169235,0.015129823150346056,1.4355402716901153,0.04121338788536377,-124.58862435817719
5256,,260.52682,100.0,12525,,41,,,0.0336897186934948,525600,0.0,,,,,,,,,,,,,
5260,0.3535682677482929,262.89825,100.0,12549,0.3,41,1.14,0.0,0.033705439418554306,526400,0.0,4.9762363263012945,59.13954351833187,0.0916780101833865,59.13954351833187,65728,0.14108143746852875,16.067466408014297,0.0003,0.0061245825490914285,0.016100904875202104,1.6227040635421872,0.03836267176666297,-124.63086247444153
5264,,262.89825,100.0,12549,,41,,,0.033705439418554306,526400,0.0,,,,,,,,,,,,,
5268,0.17989541571213086,262.5255,100.0,12563,0.3,41,0.6,0.0,0.03371541202068329,527200,0.0,4.788276712307837,59.13954351833187,0.09030503686517477,59.13954351833187,65792,0.13805357669480145,16.52222639322281,0.0003,0.006147849031549413,0.015693170549639035,1.5084003859665245,0.04018971751793288,-124.89053726196289
5272,,262.5255,100.0,12563,,41,,,0.03371541202068329,527200,0.0,,,,,,,,,,,,,
5276,0.2073711171667908,263.26288,100.0,12586,0.3,41,0.75,0.0,0.03371785953640938,528000,0.0,5.203839511224177,59.13954351833187,0.09141291747801006,59.13954351833187,65920,0.13983520935289562,16.745998799800873,0.0003,0.006141816556919366,0.01706804512650706,-1.5070152261760086,0.0412658340355847,-124.77604234218597
5280,,263.26288,100.0,12586,,41,,,0.03371785953640938,528000,0.0,,,,,,,,,,,,,
5284,0.03399084820014386,261.32468,100.0,12601,0.27,41,0.12,0.0,0.033724840730428696,528800,0.0,4.462321393269691,59.13954351833187,0.09102043544407934,59.13954351833187,65984,0.13963388861157,16.455082654953003,0.0003,0.006136440424597822,0.01600465556839481,0.31672922149300575,0.04079931805608794,-125.04731214046478
5288,,261.32468,100.0,12601,,41,,,0.033724840730428696,528800,0.0,,,,,,,,,,,,,
5292,0.0,258.11374,100.0,12623,0.3,41,0.0,0.0,0.03373251110315323,529600,0.0,4.8793466200989615,59.13954351833187,0.09123498597182333,59.13954351833187,66112,0.1396624674089253,16.367912977933884,0.0003,0.006140733436041046,0.015329535017372109,-0.362778352573514,0.03954310994595289,-125.15874409675598
5296,,258.11374,100.0,12623,,41,,,0.03373251110315323,529600,0.0,,,,,,,,,,,,,
5300,0.3203836763468433,260.36334,100.0,12637,0.27599999999999997,41,1.14,0.0,0.03374071046710014,530400,0.0,4.645512806526197,59.13954351833187,0.09258569427765906,59.13954351833187,66176,0.14147443231195211,16.72432091832161,0.0003,0.006141308032965753,0.01581945263023954,1.7782410187646747,0.040601067390525714,-124.94823014736176
5304,,260.36334,100.0,12637,,41,,,0.03374071046710014,530400,0.0,,,,,,,,,,,,,
5308,0.05444476979686704,258.4319,100.0,12660,0.3,41,0.21,0.0,0.03375012427568436,531200,0.0,4.75972765791534,59.13954351833187,0.09161663928534836,59.13954351833187,66304,0.1418948620557785,16.747404351830482,0.0003,0.006177242859848775,0.01468190109153511,0.7541219084523618,0.039852877089288086,-124.97947776317596
5312,,258.4319,100.0,12660,,41,,,0.03375012427568436,531200,0.0,,,,,,,,,,,,,
5316,0.1600579712056151,259.42642,100.0,12683,0.2909999999999999,41,0.57,0.0,0.03376618027687073,532000,0.0,5.242787257042529,59.13954351833187,0.09136435354594141,59.13954351833187,66432,0.14204458997119218,17.128083869814873,0.0003,0.006223438220331445,0.01552075251674978,1.7990245399996638,0.039860724995378405,-125.13485980033875
5320,,259.42642,100.0,12683,,41,,,0.03376618027687073,532000,0.0,,,,,,,,,,,,,
5324,0.21007542432158108,260.2431,100.0,12696,0.29699999999999993,41,0.69,0.0,0.03377286344766617,532800,0.0,4.722744102010098,59.13954351833187,0.09103127638809383,59.13954351833187,66496,0.1410242805723101,16.68366776406765,0.0003,0.006247504323255271,0.01536363922059536,0.9580639824271202,0.03915292746387422,-125.19111120700836
5328,,260.2431,100.0,12696,,41,,,0.03377286344766617,532800,0.0,,,,,,,,,,,,,
5332,0.2214768324738779,257.92,100.0,12719,0.24899999999999994,41,0.66,0.0,0.03378449007868767,533600,0.0,4.718596510627903,59.13954351833187,0.09168147353921086,59.13954351833187,66624,0.14311714586801827,17.13635692000389,0.0003,0.006282602465944365,0.015414578971103765,-0.16617726418189704,0.040040755906375125,-124.96571123600006
5336,,257.92,100.0,12719,,41,,,0.03378449007868767,533600,0.0,,,,,,,,,,,,,
5340,0.3087576789229358,259.51266,100.0,12733,0.3,41,1.14,0.0,0.03377847000956535,534400,0.0,5.154441418795715,59.13954351833187,0.090936349472031,59.13954351833187,66688,0.14084796933457255,16.630111157894135,0.0003,0.006261022113903891,0.015663258629501797,-4.5408555045723915,0.03984953905455768,-125.06863939762115
5344,,259.51266,100.0,12733,,41,,,0.03377847000956535,534400,0.0,,,,,,,,,,,,,
5348,0.33104041095180065,260.6148,100.0,12756,0.29699999999999993,41,1.35,0.0,0.03378453105688095,535200,0.0,4.802362097220194,59.13954351833187,0.09037302946671844,59.13954351833187,66816,0.1415196566376835,16.317961275577545,0.0003,0.00624855280329939,0.016023124029743485,2.0098875870462507,0.038625871646218,-125.18058562278748
5352,,260.6148,100.0,12756,,41,,,0.03378453105688095,535200,0.0,,,,,,,,,,,,,
5356,0.2507995642181177,263.27176,100.0,12769,0.294,41,0.84,0.0,0.03378818929195404,536000,0.0,4.3714756299664534,59.13954351833187,0.09217437880579382,59.13954351833187,66880,0.14300038199871778,16.756907746195793,0.0003,0.006269939200137742,0.01504976595606422,1.5446232426911592,0.04012598906410858,-125.23806869983673
5360,,263.27176,100.0,12769,,41,,,0.03378818929195404,536000,0.0,,,,,,,,,,,,,
5364,0.25450752015006783,262.50732,100.0,12791,0.294,41,0.78,0.0,0.033795472234487534,536800,0.0,4.9491047785082785,59.13954351833187,0.08999415929429233,59.13954351833187,67008,0.1431147181428969,17.3018991202116,0.0003,0.006332572091196198,0.01641394491889514,1.62564347544685,0.041322203585878015,-125.35274684429169
5368,,262.50732,100.0,12791,,41,,,0.033795472234487534,536800,0.0,,,,,,,,,,,,,
5372,0.1476872468733375,260.85385,100.0,12806,0.285,41,0.45,0.0,0.03379982337355614,537600,0.0,4.713031778201522,59.13954351833187,0.09076383069623262,59.13954351833187,67072,0.1416739420965314,16.64193205535412,0.0003,0.006355001969495788,0.015645444735127967,3.890621501253918,0.04075502877822146,-125.43657004833221
5376,,260.85385,100.0,12806,,41,,,0.03379982337355614,537600,0.0,,,,,,,,,,,,,
5380,0.0,262.28333,100.0,12830,0.294,41,0.0,0.0,0.03381609916687012,538400,0.0,4.358373476475888,59.13954351833187,0.08995007572229952,59.13954351833187,67200,0.14284211490303278,17.110199362039566,0.0003,0.006451257278968114,0.016291992709739134,3.5256066659931093,0.04151627284591086,-125.55309534072876
5384,,262.28333,100.0,12830,,41,,,0.03381609916687012,538400,0.0,,,,,,,,,,,,,
5388,0.26267567784508494,264.68552,100.0,12855,0.3,41,0.87,0.0,0.03383130580186844,539200,0.0,4.805738591387855,59.13954351833187,0.09069379745051265,59.13954351833187,67328,0.14269018941558897,17.253548711538315,0.0003,0.006511430627142545,0.016361744739697315,0.7878281427547336,0.04133454879047349,-125.59293901920319
5392,,264.68552,100.0,12855,,41,,,0.03383130580186844,539200,0.0,,,,,,,,,,,,,
5396,0.4154383934773488,267.61722,100.0,12869,0.2909999999999999,41,1.32,0.0,0.03383587300777435,540000,0.0,4.830881799949559,59.13954351833187,0.08995443093590438,59.13954351833187,67392,0.14315718179568648,17.597859144210815,0.0003,0.006534205240313895,0.016047716460889205,1.9810036467388272,0.04207780834985897,-125.63714373111725
5400,,267.61722,100.0,12869,,41,,,0.03383587300777435,540000,0.0,,,,,,,,,,,,,
5404,0.18151851384712575,268.29642,100.0,12892,0.2879999999999999,41,0.75,0.0,0.033857669681310654,540800,0.0,5.09203672693805,57.956752647965224,0.09116887778509408,57.956752647965224,67520,0.14355530473403633,17.17046469449997,0.0003,0.006595592414669227,0.01685241969244089,2.116173618938774,0.04239821675582789,-125.72395932674408
5408,,268.29642,100.0,12892,,41,,,0.033857669681310654,540800,0.0,,,,,,,,,,,,,
5412,0.3516862531009545,273.1306,100.0,12906,0.3,41,1.17,0.0,0.033868540078401566,541600,0.0,4.9894702103143915,57.956752647965224,0.08969813422299922,57.956752647965224,67584,0.143048744648695,16.968134820461273,0.0003,0.0066253182958462276,0.015539988045929931,2.064777012914419,0.04049941967241466,-126.0900639295578
5416,,273.1306,100.0,12906,,41,,,0.033868540078401566,541600,0.0,,,,,,,,,,,,,
5420,0.07046031306300878,272.0127,100.0,12929,0.3,41,0.18,0.0,0.03388109803199768,542400,0.0,4.882370973558008,57.956752647965224,0.09062500693835318,57.956752647965224,67712,0.14336954150348902,16.92707349359989,0.0003,0.0066377720213495195,0.015966339327860624,0.7601097294827923,0.042912939068628475,-126.01022899150848
5424,,272.0127,100.0,12929,,41,,,0.03388109803199768,542400,0.0,,,,,,,,,,,,,
5428,0.0,269.97177,100.0,12942,0.288,41,0.0,0.0,0.03388619050383568,543200,0.0,4.29599845206474,57.956752647965224,0.09029532794374973,57.956752647965224,67776,0.1424434978980571,16.629924207925797,0.0003,0.0066504690767033026,0.015644905623048544,-0.07155680726282299,0.03943440067814663,-125.91463577747345
5432,,269.97177,100.0,12942,,41,,,0.03388619050383568,543200,0.0,,,,,,,,,,,,,
5436,0.12258513078664478,268.6634,100.0,12966,0.3,41,0.39,0.0,0.03389567881822586,544000,0.01,4.8535274764855165,57.956752647965224,0.09047691931482404,57.956752647965224,67904,0.1434633219614625,16.933471083641052,0.0003,0.0066485631905379705,0.015473855295567773,0.07637338060885668,0.04115143179660663,-125.86668741703033
5440,,268.6634,100.0,12966,,41,,,0.03389567881822586,544000,0.01,,,,,,,,,,,,,
5444,0.29154505493619054,267.13348,100.0,12990,0.26099999999999995,41,1.14,0.0,0.033905982971191406,544800,0.01,4.825958436137892,57.956752647965224,0.09097090875729918,57.956752647965224,68032,0.14567595766857266,17.387844413518906,0.0003,0.006651335112110246,0.015931286885461304,2.4221692788414657,0.042644804110750556,-126.08968651294708
5448,,267.13348,100.0,12990,,41,,,0.033905982971191406,544800,0.01,,,,,,,,,,,,,
5452,0.2627696905157019,267.92578,100.0,13003,0.24899999999999994,41,1.05,0.0,0.03391174226999283,545600,0.01,4.744613297153939,57.956752647965224,0.08930523414164782,57.956752647965224,68096,0.14259163616225123,16.921190202236176,0.0003,0.006678062389255501,0.015981784505129326,1.2727966973325238,0.04299047571839765,-126.45698714256287
5456,,267.92578,100.0,13003,,41,,,0.03391174226999283,545600,0.01,,,,,,,,,,,,,
5460,0.04895724068196767,268.78894,100.0,13028,0.3,41,0.15,0.0,0.033929482102394104,546400,0.01,4.546231659081365,57.956752647965224,0.08870075701270252,57.956752647965224,68224,0.14344989135861397,17.055851995944977,0.0003,0.006726027531840373,0.015266675167367794,1.4512328715063632,0.043349311279598624,-126.44738686084747
5464,,268.78894,100.0,13028,,41,,,0.033929482102394104,546400,0.01,,,,,,,,,,,,,
5468,0.3714673833046864,269.26987,100.0,13041,0.27899999999999997,41,1.29,0.0,0.033936940133571625,547200,0.01,4.942614472169229,57.956752647965224,0.08794388209935278,57.956752647965224,68288,0.1427042535506189,17.081658378243446,0.0003,0.006723962207615841,0.015097015115316026,0.16090220771729946,0.0419928869814612,-126.43338990211487
5472,,269.26987,100.0,13041,,41,,,0.033936940133571625,547200,0.01,,,,,,,,,,,,,
5476,0.1220609396755517,267.58743,100.0,13064,0.294,41,0.21,0.0,0.03394993394613266,548000,0.01,4.101624966033513,57.956752647965224,0.0889697881648317,57.956752647965224,68416,0.14407408935949206,17.083294570446014,0.0003,0.00672276670957217,0.015289715738617815,1.1581265167333186,0.04269079532241449,-126.35605561733246
5480,,267.58743,100.0,13064,,41,,,0.03394993394613266,548000,0.01,,,,,,,,,,,,,
5484,0.1611635932135192,266.75992,100.0,13080,0.3,41,0.48,0.0,0.03395674750208855,548800,0.01,4.721830378471031,57.956752647965224,0.0899673409294337,57.956752647965224,68480,0.14679364720359445,17.69393754005432,0.0003,0.0067420257910271175,0.015472110790142324,0.4234432689845562,0.04211012797895819,-126.07897710800171
5488,,266.75992,100.0,13080,,41,,,0.03395674750208855,548800,0.01,,,,,,,,,,,,,
5492,0.3150281235788732,266.3391,100.0,13104,0.3,41,1.05,0.0,0.033969465643167496,549600,0.01,5.000623956160712,57.956752647965224,0.08769514656160027,57.956752647965224,68608,0.14390442753210664,16.67764349281788,0.0003,0.006757621362339705,0.014837687711406033,-1.418899321462959,0.040273197897477075,-126.20031774044037
5496,,266.3391,100.0,13104,,41,,,0.033969465643167496,549600,0.01,,,,,,,,,,,,,
5500,0.08872969851128869,263.8893,100.0,13118,0.3,41,0.39,0.0,0.0339779332280159,550400,0.02,4.437990516851836,57.956752647965224,0.09068294381722808,57.956752647965224,68672,0.14570920285768807,16.909016996622086,0.0003,0.006743251557054464,0.016684707603417337,0.44387805834412575,0.04235725570470095,-126.02933371067047
5504,,263.8893,100.0,13118,,41,,,0.0339779332280159,550400,0.02,,,,,,,,,,,,,
5508,0.25483507022019697,261.44452,100.0,13140,0.26099999999999995,41,0.9,0.0,0.03399529680609703,551200,0.02,4.778574470159438,57.956752647965224,0.0927433829056099,57.956752647965224,68800,0.14644122123718262,17.111101135611534,0.0003,0.006752646368113346,0.01736745104426518,1.2639096891507506,0.04286876576952636,-126.11380898952484
5512,,261.44452,100.0,13140,,41,,,0.03399529680609703,551200,0.02,,,,,,,,,,,,,
5516,0.08735494972164991,257.76294,100.0,13163,0.282,41,0.39,0.0,0.034009627997875214,552000,0.02,4.341924404647996,57.956752647965224,0.09270349680446088,57.956752647965224,68928,0.14803648553788662,18.05333884060383,0.0003,0.0067799468379234895,0.015059204750286881,0.0024583248887211084,0.043097071058582515,-126.2968213558197
5520,,257.76294,100.0,13163,,41,,,0.034009627997875214,552000,0.02,,,,,,,,,,,,,
5524,0.19733538074018359,259.82654,100.0,13176,0.25499999999999995,41,0.75,0.0,0.03401469066739082,552800,0.02,4.454300686416391,57.956752647965224,0.09268702601548284,57.956752647965224,68992,0.14940586662851274,18.19909954071045,0.0003,0.006773353663447779,0.015642521728295833,-0.6082205588463694,0.04235305218026042,-126.10691905021667
5528,,259.82654,100.0,13176,,41,,,0.03401469066739082,552800,0.02,,,,,,,,,,,,,
5532,0.2891188055789386,262.3585,100.0,13200,0.3,41,1.14,0.0,0.034031953662633896,553600,0.02,4.87109278774229,57.956752647965224,0.09119749919045717,57.956752647965224,69120,0.14769360749050975,17.38752880692482,0.0003,0.006743250327417627,0.015267639566445723,-2.9812278284225613,0.04224760536453687,-126.1912237405777
5536,,262.3585,100.0,13200,,41,,,0.034031953662633896,553600,0.02,,,,,,,,,,,,,
5540,0.18495878570038182,263.74036,100.0,13215,0.3,41,0.72,0.0,0.03403938561677933,554400,0.01,5.104041117247379,57.956752647965224,0.0936671398812905,57.956752647965224,69184,0.14438466867431998,17.369750261306763,0.0003,0.006713137532642577,0.01756509229016956,-1.5197714557871222,0.04257363238139078,-126.32679307460785
5544,,263.74036,100.0,13215,,41,,,0.03403938561677933,554400,0.01,,,,,,,,,,,,,
5548,0.21094047136188418,262.77496,100.0,13238,0.3,41,0.84,0.0,0.034042760729789734,555200,0.01,4.7347421318418785,57.956752647965224,0.09163415082730353,57.956752647965224,69312,0.14813805557787418,17.388251453638077,0.0003,0.0066385999889462255,0.016528791922610253,-2.366456984076649,0.04229619505349547,-126.56642973423004
5552,,262.77496,100.0,13238,,41,,,0.034042760729789734,555200,0.01,,,,,,,,,,,,,
5556,0.2103139605670151,263.2125,100.0,13252,0.3,41,0.75,0.0,0.03405371308326721,556000,0.01,5.164989396202353,57.956752647965224,0.09091290167998523,57.956752647965224,69376,0.1477837529964745,17.618369042873383,0.0003,0.0066150361017207615,0.014332985228975303,-1.9816424339078367,0.04109683877322823,-126.76225709915161
5560,,263.2125,100.0,13252,,41,,,0.03405371308326721,556000,0.01,,,,,,,,,,,,,
5564,0.22381565961854938,263.44815,100.0,13276,0.26999999999999996,41,0.78,0.0,0.034054968506097794,556800,0.01,4.656823623134935,57.956752647965224,0.09077404206618667,57.956752647965224,69504,0.148914783494547,18.317892611026764,0.0003,0.006518505753774662,0.015455246371857356,-5.6794766038656235,0.04261969149229117,-126.5454831123352
5568,,263.44815,100.0,13276,,41,,,0.034054968506097794,556800,0.01,,,,,,,,,,,,,
5572,0.26115516507058706,264.98083,100.0,13299,0.3,41,0.69,0.0,0.03406722471117973,557600,0.02,4.746342900799405,57.956752647965224,0.09098724380601197,57.956752647965224,69632,0.14944875217042863,17.83745200932026,0.0003,0.0064166905140154995,0.016417646620539017,-1.8968230201862752,0.042931961244903505,-126.53416907787323
5576,,264.98083,100.0,13299,,41,,,0.03406722471117973,557600,0.02,,,,,,,,,,,,,
5580,0.1514685738328969,266.40814,100.0,13314,0.3,41,0.39,0.0,0.034072306007146835,558400,0.02,4.842870119517505,57.956752647965224,0.09038255992345512,57.956752647965224,69696,0.14968528738245368,17.48560094833374,0.0003,0.00638587281719083,0.014771372123504989,-3.378231594339013,0.04172587956418283,-126.75019645690918
5584,,266.40814,100.0,13314,,41,,,0.034072306007146835,558400,0.02,,,,,,,,,,,,,
5588,0.40276595331957643,268.03497,100.0,13338,0.27299999999999996,41,1.44,0.0,0.03408157452940941,559200,0.02,4.832731176356399,57.956752647965224,0.09062598447781056,57.956752647965224,69824,0.1483245005365461,17.38106271624565,0.0003,0.006277330125158187,0.013709307822864503,-3.7861869586631656,0.04112248960882425,-126.95923662185669
5592,,268.03497,100.0,13338,,41,,,0.03408157452940941,559200,0.02,,,,,,,,,,,,,
5596,0.13863475316464338,265.2811,100.0,13352,0.3,41,0.54,0.0,0.03408639132976532,560000,0.01,4.630938675076587,57.956752647965224,0.09284467971883714,57.956752647965224,69888,0.14817738416604698,17.66377168893814,0.0003,0.006230435014003888,0.016153412070707418,-3.924624419538304,0.043170519929844886,-126.55355381965637
5600,,265.2811,100.0,13352,,41,,,0.03408639132976532,560000,0.01,,,,,,,,,,,,,
5604,0.24855162883326884,267.27036,100.0,13374,0.27599999999999997,41,0.99,0.0,0.034100260585546494,560800,0.01,4.879040768257548,56.797617595005924,0.0907797486288473,56.797617595005924,70016,0.14975945744663477,18.0803584754467,0.0003,0.00615586821368197,0.01747665464063175,-2.3783532297238708,0.04298957047285512,-126.90187549591064
5608,,267.27036,100.0,13374,,41,,,0.034100260585546494,560800,0.01,,,,,,,,,,,,,
5612,0.2572394412304958,269.14703,100.0,13389,0.264,41,0.81,0.0,0.03410311043262482,561600,0.01,4.789755830818428,56.797617595005924,0.08990815153811127,56.797617595005924,70080,0.14856787747703493,17.58093149960041,0.0003,0.006119638535892591,0.01509120331320446,-2.271568750264123,0.04325159202562645,-127.01042568683624
5616,,269.14703,100.0,13389,,41,,,0.03410311043262482,561600,0.01,,,,,,,,,,,,,
5620,0.22518964662362648,270.5344,100.0,13413,0.288,41,0.72,0.0,0.03409706801176071,562400,0.01,4.589200904472342,56.797617595005924,0.09082742314785719,56.797617595005924,70208,0.15070477197878063,17.47125606238842,0.0003,0.006030413758708164,0.015005202221800573,-2.528893225826323,0.04190968265174888,-127.12000024318695
5624,,270.5344,100.0,13413,,41,,,0.03409706801176071,562400,0.01,,,,,,,,,,,,,
5628,0.045841460556758695,271.16873,100.0,13426,0.27599999999999997,41,0.15,0.0,0.034097589552402496,563200,0.01,4.920959649212401,56.797617595005924,0.09101142501458526,56.797617595005924,70272,0.14993908104952425,17.507023185491562,0.0003,0.0060008794971508905,0.016483085288200527,-2.271470898995176,0.04419858322944492,-127.17490291595459
5632,,271.16873,100.0,13426,,41,,,0.034097589552402496,563200,0.01,,,,,,,,,,,,,
5636,0.18003042058638777,270.4944,100.0,13450,0.25499999999999995,41,0.6,0.0,0.03409751504659653,564000,0.01,4.610103774736674,56.797617595005924,0.0901618825737387,56.797617595005924,70400,0.15051325829699636,17.607312321662903,0.0003,0.005935045359365176,0.014338483721076045,-0.8629508877638727,0.044282927410677075,-127.0291279554367
5640,,270.4944,100.0,13450,,41,,,0.03409751504659653,564000,0.01,,,,,,,,,,,,,
5644,0.1894675663108536,268.9182,100.0,13473,0.3,41,0.84,0.0,0.03409411385655403,564800,0.01,5.2253133466903146,56.797617595005924,0.08854675095062703,56.797617595005924,70528,0.14947468624450266,17.511150643229485,0.0003,0.005871417713933624,0.014705477427924052,-1.2933478887425736,0.042856751824729145,-127.27946543693542
5648,,268.9182,100.0,13473,,41,,,0.03409411385655403,564800,0.01,,,,,,,,,,,,,
5652,0.13028246755637707,270.87958,100.0,13487,0.27,41,0.63,0.0,0.034094907343387604,565600,0.01,4.787152999757671,56.797617595005924,0.09330570744350553,56.797617595005924,70592,0.15202769474126399,17.716452792286873,0.0003,0.005852685957506765,0.016798486525658518,-1.6902807992883027,0.04331789739080705,-126.70403182506561
5656,,270.87958,100.0,13487,,41,,,0.034094907343387604,565600,0.01,,,,,,,,,,,,,
5660,0.04852933685982099,269.1299,100.0,13510,0.264,41,0.12,0.0,0.0341012105345726,566400,0.01,4.785355261129907,56.797617595005924,0.09309520199894905,56.797617595005924,70720,0.15074590127915144,17.948321670293808,0.0003,0.005818582103529479,0.018141076012398116,-1.1560312248766422,0.046423106687143445,-126.81500005722046
5664,,269.1299,100.0,13510,,41,,,0.0341012105345726,566400,0.01,,,,,,,,,,,,,
5668,0.15105525111681406,269.25742,100.0,13524,0.2879999999999999,41,0.36,0.0,0.03410332649946213,567200,0.01,4.626338875741038,56.797617595005924,0.09244424244388938,56.797617595005924,70784,0.1502091393340379,17.52432706952095,0.0003,0.0058042967357323505,0.015869526585447602,-0.9505140813998878,0.04499082293477841,-126.96714520454407
5672,,269.25742,100.0,13524,,41,,,0.03410332649946213,567200,0.01,,,,,,,,,,,,,
5676,0.3137565114538505,270.7205,100.0,13546,0.2879999999999999,41,1.05,0.0,0.03410285338759422,568000,0.0,4.853774944609332,56.797617595005924,0.08975458785425872,56.797617595005924,70912,0.15277302404865623,18.725265741348267,0.0003,0.005762060114648193,0.01606650288158562,-2.1085364292375743,0.045875125855673105,-127.1413961648941
5680,,270.7205,100.0,13546,,41,,,0.03410285338759422,568000,0.0,,,,,,,,,,,,,
5684,0.09741460586010772,268.72562,100.0,13562,0.249,41,0.36,0.0,0.034101348370313644,568800,0.0,4.218589504689492,56.797617595005924,0.09073101973626763,56.797617595005924,70976,0.15333885652944446,18.58159339427948,0.0003,0.00573761005216511,0.015670591594243888,-0.9132708739489317,0.045453365542925894,-127.46062862873077
5688,,268.72562,100.0,13562,,41,,,0.034101348370313644,568800,0.0,,,,,,,,,,,,,
5692,0.31591429077771294,270.69528,100.0,13586,0.22799999999999998,41,0.84,0.0,0.034097425639629364,569600,0.01,4.642147442271819,56.797617595005924,0.0905532343313098,56.797617595005924,71104,0.15172653226181865,17.6810235530138,0.0003,0.005716636296710931,0.01596577993768733,-2.716138760559261,0.04397353433887474,-127.3277279138565
5696,,270.69528,100.0,13586,,41,,,0.034097425639629364,569600,0.01,,,,,,,,,,,,,
5700,0.3054709410244587,273.26913,100.0,13610,0.264,41,1.08,0.0,0.03409741446375847,570400,0.01,4.9255974999927385,56.797617595005924,0.0889689774485305,56.797617595005924,71232,0.15011627157218754,17.662397503852844,0.0003,0.005694531086192001,0.015587522968417034,-0.7871741335839033,0.045474409649614245,-127.53912675380707
5704,,273.26913,100.0,13610,,41,,,0.03409741446375847,570400,0.01,,,,,,,,,,,,,
5708,0.1460833626056407,272.82822,100.0,13623,0.2909999999999999,41,0.39,0.0,0.03409339860081673,571200,0.01,4.698256310536868,56.797617595005924,0.08839887147769332,56.797617595005924,71296,0.14970303769223392,17.40777049958706,0.0003,0.005678267087205313,0.017062140395864844,-2.3600624022074044,0.044704810017719865,-127.37194287776947
5712,,272.82822,100.0,13623,,41,,,0.03409339860081673,571200,0.01,,,,,,,,,,,,,
5716,0.13968185320438892,274.10822,100.0,13647,0.3,41,0.36,0.0,0.03409850597381592,572000,0.01,4.791517831591909,56.797617595005924,0.08950892579741776,56.797617595005924,71424,0.1524103449191898,18.264198154211044,0.0003,0.0056548459542682394,0.015111940418137237,0.4528571341652423,0.04483185714343563,-127.62117660045624
5720,,274.10822,100.0,13647,,41,,,0.03409850597381592,572000,0.01,,,,,,,,,,,,,
5724,0.11779691367419218,271.16592,100.0,13661,0.3,41,0.42,0.0,0.03410264104604721,572800,0.01,4.848388979012592,56.797617595005924,0.08875842206180096,56.797617595005924,71488,0.1511697752866894,17.74962382018566,0.0003,0.005664307951519731,0.01681941098649986,-0.6670534308068454,0.04502379603218287,-127.45316457748413
5728,,271.16592,100.0,13661,,41,,,0.03410264104604721,572800,0.01,,,,,,,,,,,,,
5732,0.0,270.00323,100.0,13684,0.2909999999999999,41,0.0,0.0,0.034095942974090576,573600,0.01,4.628142956471862,56.797617595005924,0.08904236613307148,56.797617595005924,71616,0.1505706941243261,17.6579609811306,0.0003,0.0056161668107961304,0.014471295187831856,-1.5200640731491148,0.04255248932167888,-127.54745137691498
5736,,270.00323,100.0,13684,,41,,,0.034095942974090576,573600,0.01,,,,,,,,,,,,,
5740,0.09154750514019078,269.7795,100.0,13698,0.27599999999999997,41,0.3,0.0,0.03409590944647789,574400,0.01,4.777380850010201,56.797617595005924,0.09105168411042541,56.797617595005924,71680,0.15320864645764232,18.115157455205917,0.0003,0.0056164570050896145,0.01703862432623282,-0.9301413968205452,0.0448938169865869,-127.23874688148499
5744,,269.7795,100.0,13698,,41,,,0.03409590944647789,574400,0.01,,,,,,,,,,,,,
5748,0.3784432302705345,269.74048,100.0,13723,0.26099999999999995,41,1.02,0.0,0.034084778279066086,575200,0.01,4.755455663641554,56.797617595005924,0.08970262692309916,56.797617595005924,71808,0.15152342268265784,17.914201244711876,0.0003,0.0055911826057126746,0.015065537016198505,-0.3582689759787172,0.04543201223714277,-127.62975347042084
5752,,269.74048,100.0,13723,,41,,,0.034084778279066086,575200,0.01,,,,,,,,,,,,,
5756,0.1079405770200317,267.4917,100.0,13737,0.3,41,0.36,0.0,0.03408866003155708,576000,0.01,4.977853667363389,56.797617595005924,0.08918365905992687,56.797617595005924,71872,0.15014459402300417,18.052392676472664,0.0003,0.00560647251404589,0.01562950362858828,3.2992430767044425,0.045380902534816414,-127.68316447734833
5760,,267.4917,100.0,13737,,41,,,0.03408866003155708,576000,0.01,,,,,,,,,,,,,
5764,0.16721949121900817,266.42197,100.0,13759,0.27899999999999997,41,0.45,0.0,0.0340912751853466,576800,0.01,4.599496993801115,56.797617595005924,0.08801963762380183,56.797617595005924,72000,0.15194987668655813,17.96306438744068,0.0003,0.005641608091536909,0.015208184799121227,-0.16485913563519716,0.04498787844204344,-127.73382592201233
5768,,266.42197,100.0,13759,,41,,,0.0340912751853466,576800,0.01,,,,,,,,,,,,,
5772,0.09805945754724933,263.91068,100.0,13782,0.3,41,0.39,0.0,0.03409385681152344,577600,0.01,4.696110775706195,56.797617595005924,0.08769064687658101,56.797617595005924,72128,0.15076584415510297,17.895686775445938,0.0003,0.005641897383611649,0.015013217052910477,0.0802806110586971,0.044979556871112436,-127.9945729970932
5776,,263.91068,100.0,13782,,41,,,0.03409385681152344,577600,0.01,,,,,,,,,,,,,
5780,0.4388883190186151,267.2628,100.0,13798,0.3,41,1.44,0.0,0.03409228473901749,578400,0.01,4.564789742667698,56.797617595005924,0.08997352630831301,56.797617595005924,72192,0.15378122497349977,18.156044214963913,0.0003,0.005638716946123168,0.01455205216188915,0.10893154528457671,0.043234523793216795,-127.71063375473022
5784,,267.2628,100.0,13798,,41,,,0.03409228473901749,578400,0.01,,,,,,,,,,,,,
5788,0.17593044428964938,267.24216,100.0,13821,0.3,41,0.78,0.0,0.03409295901656151,579200,0.0,4.901111814193723,56.797617595005924,0.08968232071492821,56.797617595005924,72320,0.15288071637041867,17.702768430113792,0.0003,0.005650150305882562,0.015257902719895355,-0.33681901451200247,0.04453280856250785,-127.86131238937378
5792,,267.24216,100.0,13821,,41,,,0.03409295901656151,579200,0.0,,,,,,,,,,,,,
5796,0.16985020372464554,264.77362,100.0,13835,0.2909999999999999,41,0.66,0.0,0.034087926149368286,580000,0.0,4.903471887646371,56.797617595005924,0.0882811303017661,56.797617595005924,72384,0.15265210694633424,18.008627846837044,0.0003,0.005637374924845062,0.014660404267488047,-2.7272013621404767,0.04503463435685262,-127.90419948101044
5800,,264.77362,100.0,13835,,41,,,0.034087926149368286,580000,0.0,,,,,,,,,,,,,
5804,0.11012700532898116,265.38034,100.0,13860,0.288,41,0.39,0.0,0.03408564627170563,580800,0.0,4.68091793238731,55.66166524310581,0.08797464659437537,55.66166524310581,72512,0.15108282957226038,17.814215183258057,0.0003,0.005621464100840967,0.013874879572540522,0.5423296662047505,0.04556077194865793,-128.0197536945343
5808,,265.38034,100.0,13860,,41,,,0.03408564627170563,580800,0.0,,,,,,,,,,,,,
5812,0.24794991281311815,263.09677,100.0,13873,0.288,41,0.75,0.0,0.0340835303068161,581600,0.0,4.9208425820754105,55.66166524310581,0.08905623340979218,55.66166524310581,72576,0.15110703255049884,17.872023582458496,0.0003,0.005622850025247317,0.015242294233758003,0.24624726199544966,0.044234977423911914,-127.97390139102936
5816,,263.09677,100.0,13873,,41,,,0.0340835303068161,581600,0.0,,,,,,,,,,,,,
5820,0.10973014100381456,261.65588,100.0,13897,0.26099999999999995,41,0.36,0.0,0.03407694026827812,582400,0.0,4.620529067511844,55.66166524310581,0.08915539388544858,55.66166524310581,72704,0.15418520872481167,17.8562019020319,0.0003,0.0056521628648624755,0.01331013808521675,3.8047998920083046,0.04286733554909006,-128.06818866729736
5824,,261.65588,100.0,13897,,41,,,0.03407694026827812,582400,0.0,,,,,,,,,,,,,
5828,0.4102042606787704,266.0661,100.0,13920,0.27899999999999997,41,1.14,0.0,0.034080371260643005,583200,0.0,4.761316120348727,55.66166524310581,0.08928418613504618,55.66166524310581,72832,0.15330574521794915,18.015133261680603,0.0003,0.005724860762711614,0.01512890122103272,1.7376646092161536,0.04443550651194528,-127.99310898780823
5832,,266.0661,100.0,13920,,41,,,0.034080371260643005,583200,0.0,,,,,,,,,,,,,
5836,0.342005433059038,267.02805,100.0,13934,0.26099999999999995,41,0.72,0.0,0.03407759591937065,584000,0.01,4.814026673201644,55.66166524310581,0.08870647265575826,55.66166524310581,72896,0.1537963200826198,18.28050798177719,0.0003,0.005749487259890884,0.014471345675701741,3.439584832638502,0.04412652272731066,-128.24120688438416
5840,,267.02805,100.0,13934,,41,,,0.03407759591937065,584000,0.01,,,,,,,,,,,,,
5844,0.18328825849989458,267.37335,100.0,13956,0.285,41,0.42,0.0,0.03407488390803337,584800,0.01,4.848649053828798,55.66166524310581,0.08919755090028048,55.66166524310581,73024,0.15393322985619307,17.938763961195946,0.0003,0.00582846965698991,0.014393078730790876,5.399747674819082,0.04384967387886718,-128.2538641691208
5848,,267.37335,100.0,13956,,41,,,0.03407488390803337,584800,0.01,,,,,,,,,,,,,
5852,0.230911931758565,266.63983,100.0,13972,0.26099999999999995,41,0.39,0.0,0.034081485122442245,585600,0.01,4.583916517678058,55.66166524310581,0.089443294913508,55.66166524310581,73088,0.15472553530707955,18.284295201301575,0.0003,0.005895793561649043,0.015425350604346022,5.500646995380521,0.045288673805771396,-128.13985574245453
5856,,266.63983,100.0,13972,,41,,,0.034081485122442245,585600,0.01,,,,,,,,,,,,,
5860,0.0,265.11905,100.0,13995,0.294,41,0.0,0.0,0.034082505851984024,586400,0.01,4.724034591889932,55.66166524310581,0.08995900175068527,55.66166524310581,73216,0.15494271204806864,17.64945498108864,0.0003,0.005995077357511036,0.01573497430945281,0.7257069805637002,0.044363643683027476,-127.9416686296463
5864,,265.11905,100.0,13995,,41,,,0.034082505851984024,586400,0.01,,,,,,,,,,,,,
5868,0.0791205642327904,266.07397,100.0,14009,0.3,41,0.39,0.0,0.03408600389957428,587200,0.01,4.978070855446682,55.66166524310581,0.09112217067740858,55.66166524310581,73280,0.15633422718383372,17.712565511465073,0.0003,0.006018602158292197,0.014695655554533005,3.231386131606996,0.04361812645220198,-127.90796864032745
5872,,266.07397,100.0,14009,,41,,,0.03408600389957428,587200,0.01,,,,,,,,,,,,,
5876,0.20138921274073224,265.78458,100.0,14033,0.285,41,0.66,0.0,0.034087907522916794,588000,0.02,4.229453448527599,55.66166524310581,0.0894471276551485,55.66166524310581,73408,0.15519342268817127,18.284452944993973,0.0003,0.0060520103652379476,0.014764046223717742,2.662443091161549,0.04528344061691314,-128.29587996006012
5880,,265.78458,100.0,14033,,41,,,0.034087907522916794,588000,0.02,,,,,,,,,,,,,
5884,0.07594603830550674,264.93057,100.0,14048,0.294,41,0.24,0.0,0.034084491431713104,588800,0.02,4.833016191602278,55.66166524310581,0.08892796281725168,55.66166524310581,73472,0.15485155093483627,18.196464210748672,0.0003,0.006080372404539958,0.014186554166371934,1.9694697738159448,0.045438991277478635,-128.39407801628113
5888,,264.93057,100.0,14048,,41,,,0.034084491431713104,588800,0.02,,,,,,,,,,,,,
5892,0.48284618214121827,265.67245,100.0,14070,0.3,41,1.38,0.0,0.034081876277923584,589600,0.03,4.6165004249624415,55.66166524310581,0.08877193683292717,55.66166524310581,73600,0.1567158754914999,18.317301034927368,0.0003,0.006126886168203782,0.01617731392616406,1.7939442456699908,0.04460413136985153,-128.2608758211136
5896,,265.67245,100.0,14070,,41,,,0.034081876277923584,589600,0.03,,,,,,,,,,,,,
5900,0.3162611825475254,269.4978,100.0,14093,0.27599999999999997,41,0.99,0.0,0.03408976271748543,590400,0.03,5.026936099016134,55.66166524310581,0.0887694580014795,55.66166524310581,73728,0.1533948085270822,18.28479091823101,0.0003,0.006202017997566145,0.01621251364122145,3.069376421859488,0.04537187214009464,-128.56296956539154
5904,,269.4978,100.0,14093,,41,,,0.03408976271748543,590400,0.03,,,,,,,,,,,,,
5908,0.010555692765593738,268.92978,100.0,14108,0.27599999999999997,41,0.03,0.0,0.03409027308225632,591200,0.03,4.68927908749817,55.66166524310581,0.08819460833910853,55.66166524310581,73792,0.1553856700193137,19.264833718538284,0.0003,0.006233751257241238,0.016178890859009698,1.634906285442412,0.046824046643450856,-128.48521876335144
5912,,268.92978,100.0,14108,,41,,,0.03409027308225632,591200,0.03,,,,,,,,,,,,,
5916,0.36610358406934135,272.31693,100.0,14131,0.26099999999999995,41,1.41,0.0,0.03409944847226143,592000,0.03,4.79326161143992,55.66166524310581,0.09169150167144835,55.66166524310581,73920,0.15417675906792283,18.280262023210526,0.0003,0.0062606400169897825,0.017314808996161446,1.627965291729197,0.04679236694937572,-128.22512793540955
5920,,272.31693,100.0,14131,,41,,,0.03409944847226143,592000,0.03,,,,,,,,,,,,,
5924,0.13193714205168036,270.84918,100.0,14146,0.26099999999999995,41,0.42,0.0,0.03410577401518822,592800,0.03,4.624738313135616,55.66166524310581,0.09120579087175429,55.66166524310581,73984,0.15594190428964794,18.223787248134613,0.0003,0.0062931716165621765,0.01777802695869468,2.123974059475586,0.04623873985838145,-128.46219992637634
5928,,270.84918,100.0,14146,,41,,,0.03410577401518822,592800,0.03,,,,,,,,,,,,,
5932,0.23727980699404733,269.20148,100.0,14170,0.26099999999999995,41,0.72,0.0,0.0341060645878315,593600,0.03,4.61797732609264,55.66166524310581,0.08834592695347965,55.66166524310581,74112,0.15591830178163946,18.677590921521187,0.0003,0.006314481986919418,0.014832318127446342,1.045735058374703,0.04533090174663812,-128.85021102428436
5936,,269.20148,100.0,14170,,41,,,0.0341060645878315,593600,0.03,,,,,,,,,,,,,
5940,0.235231205194417,269.25192,100.0,14184,0.294,41,0.78,0.0,0.034107159823179245,594400,0.02,4.934651980693449,55.66166524310581,0.08813995111268014,55.66166524310581,74176,0.1556068614590913,18.715324580669403,0.0003,0.006332534052489791,0.014857600122923031,1.6422564167296514,0.04687324340920895,-128.93185675144196
5944,,269.25192,100.0,14184,,41,,,0.034107159823179245,594400,0.02,,,,,,,,,,,,,
5948,0.436839535400148,274.08505,100.0,14208,0.3,41,1.2,0.0,0.03411741182208061,595200,0.02,4.696090791922864,55.66166524310581,0.08817267534323037,55.66166524310581,74304,0.15769108175300062,18.510833024978638,0.0003,0.006397746939910576,0.015831152806640603,2.018138080718927,0.04549232794670388,-128.64812529087067
5952,,274.08505,100.0,14208,,41,,,0.03411741182208061,595200,0.02,,,,,,,,,,,,,
5956,0.14549050366224991,274.8117,100.0,14230,0.3,41,0.63,0.0,0.03413075953722,596000,0.02,5.114535110516027,55.66166524310581,0.08839658123906702,55.66166524310581,74432,0.15558020025491714,18.977449595928192,0.0003,0.006468708445027005,0.01583439001115039,3.7717401671689004,0.046933777746744454,-128.96546137332916
5960,,274.8117,100.0,14230,,41,,,0.03413075953722,596000,0.02,,,,,,,,,,,,,
5964,0.0,274.66525,100.0,14244,0.26099999999999995,41,0.0,0.0,0.03414129093289375,596800,0.02,4.46264981923026,55.66166524310581,0.0897480295971036,55.66166524310581,74496,0.15630954480729997,18.487972408533096,0.0003,0.006504303288238589,0.015998139169823844,2.440334930550307,0.04566166127915494,-128.91555273532867
5968,,274.66525,100.0,14244,,41,,,0.03414129093289375,596800,0.02,,,,,,,,,,,,,
5972,0.21212263764713032,272.99136,100.0,14269,0.25499999999999995,41,0.69,0.0,0.0341518335044384,597600,0.01,4.801181562125199,55.66166524310581,0.0875887559959665,55.66166524310581,74624,0.15668783825822175,19.37732583284378,0.0003,0.006564957795490045,0.015589749709761236,2.18073324393481,0.0471466418239288,-128.9974936246872
5976,,272.99136,100.0,14269,,41,,,0.0341518335044384,597600,0.01,,,,,,,,,,,,,
5980,0.4319520439751096,273.8,100.0,14283,0.288,41,0.78,0.0,0.0341552309691906,598400,0.01,4.934146703521518,55.66166524310581,0.08767431590240449,55.66166524310581,74688,0.15606043068692088,18.503083378076553,0.0003,0.006588646705495194,0.015227972973661963,1.167312438832596,0.04604534403188154,-128.961319565773
5984,,273.8,100.0,14283,,41,,,0.0341552309691906,598400,0.01,,,,,,,,,,,,,
5988,0.10265908262203852,274.2543,100.0,14307,0.3,41,0.39,0.0,0.034164126962423325,599200,0.01,4.750802329853335,55.66166524310581,0.08949045848567039,55.66166524310581,74816,0.15710979234427214,19.544991046190262,0.0003,0.006621425192861352,0.017363785722409375,2.172264104709029,0.047476995387114584,-128.95092284679413
5992,,274.2543,100.0,14307,,41,,,0.034164126962423325,599200,0.01,,,,,,,,,,,,,
5996,0.1435437144298373,267.77612,100.0,14321,0.3,41,0.39,0.0,0.034167200326919556,600000,0.0,5.114967300837911,55.66166524310581,0.0903871237533167,55.66166524310581,74880,0.16051546088419855,19.134159684181213,0.0003,0.006653682234173175,0.015364881634013727,2.137786841019988,0.0462269464333076,-128.7272355556488
6000,,267.77612,100.0,14321,,41,,,0.034167200326919556,600000,0.0,,,,,,,,,,,,,
6004,0.22457907526950507,269.14166,100.0,14344,0.3,41,0.72,0.0,0.03417690843343735,600800,0.01,4.439844051706306,54.54843193824369,0.08796791138593107,54.54843193824369,75008,0.15888674650341272,18.621974259614944,0.0003,0.006707847438519821,0.01586493650393095,2.2245810767635703,0.04611645548720844,-129.02708637714386
6008,,269.14166,100.0,14344,,41,,,0.03417690843343735,600800,0.01,,,,,,,,,,,,,
6012,0.16057720518773813,267.7374,100.0,14359,0.23399999999999999,41,0.6,0.0,0.03418520838022232,601600,0.01,4.671363977652564,54.54843193824369,0.09016432915814221,54.54843193824369,75072,0.15849642595276237,19.140436828136444,0.0003,0.0067577428635559045,0.015306950765079819,3.954775892198086,0.04655706335324794,-129.05206620693207
6016,,267.7374,100.0,14359,,41,,,0.03418520838022232,601600,0.01,,,,,,,,,,,,,
6020,0.14935021508298715,267.6144,100.0,14382,0.3,41,0.72,0.0,0.03419748693704605,602400,0.01,4.957638972895536,54.54843193824369,0.0891182670602575,54.54843193824369,75200,0.15826306119561195,18.714971870183945,0.0003,0.006861670895887073,0.013702875658054836,1.498175922781229,0.044135405449196696,-128.85701382160187
6024,,267.6144,100.0,14382,,41,,,0.03419748693704605,602400,0.01,,,,,,,,,,,,,
6028,0.16510530782681723,265.54074,100.0,14406,0.264,41,0.57,0.0,0.03419281914830208,603200,0.01,4.515261099478905,54.54843193824369,0.0871462196810171,54.54843193824369,75328,0.15909701469354331,18.643804907798767,0.0003,0.006904123612912372,0.014686374037410133,0.5274928431026638,0.047118311864323914,-128.96634185314178
6032,,265.54074,100.0,14406,,41,,,0.03419281914830208,603200,0.01,,,,,,,,,,,,,
6036,0.4857081538662886,269.60306,100.0,14420,0.26699999999999996,41,1.38,0.0,0.03419791907072067,604000,0.01,5.017226803721278,54.54843193824369,0.09028870740439743,54.54843193824369,75392,0.15983231784775853,18.629025727510452,0.0003,0.006931630188773852,0.015669321801397018,2.638865560758859,0.0463814934482798,-128.76202607154846
6040,,269.60306,100.0,14420,,41,,,0.03419791907072067,604000,0.01,,,,,,,,,,,,,
6044,0.39169362682896375,269.87952,100.0,14444,0.27899999999999997,41,0.9,0.0,0.03420720621943474,604800,0.02,4.561884423390102,54.54843193824369,0.08731215633451939,54.54843193824369,75520,0.15841025207191706,18.723939687013626,0.0003,0.007022426922048908,0.015417036782309879,2.1849328381940722,0.046017659187782556,-129.150132894516
6048,,269.87952,100.0,14444,,41,,,0.03420720621943474,604800,0.02,,,,,,,,,,,,,
6052,0.1856910100505872,269.7718,100.0,14459,0.29399999999999993,41,0.72,0.0,0.03420758247375488,605600,0.02,4.640313079885034,54.54843193824369,0.08851141086779535,54.54843193824369,75584,0.15809260704554617,18.49310666322708,0.0003,0.007043549689115025,0.015035712269309442,2.3553940281271935,0.04727544932393357,-128.8864804506302
6056,,269.7718,100.0,14459,,41,,,0.03420758247375488,605600,0.02,,,,,,,,,,,,,
6060,0.09855921030088244,270.48114,100.0,14481,0.26099999999999995,41,0.39,0.0,0.03421054780483246,606400,0.02,4.5762546541230655,54.54843193824369,0.08918613591231406,54.54843193824369,75712,0.159624986583367,19.027252823114395,0.0003,0.007096492641721852,0.01635149572393857,0.9342065913369879,0.04845725349150598,-128.98502910137177
6064,,270.48114,100.0,14481,,41,,,0.03421054780483246,606400,0.02,,,,,,,,,,,,,
6068,0.16332961355322306,270.98358,100.0,14497,0.23999999999999996,41,0.36,0.0,0.034210141748189926,607200,0.02,4.864668342683512,54.54843193824369,0.08973442995920777,54.54843193824369,75776,0.1601557363756001,19.374047338962555,0.0003,0.0071067422613850795,0.015284997061826289,-1.5339176496490836,0.04659550930955447,-129.1527796983719
6072,,270.98358,100.0,14497,,41,,,0.034210141748189926,607200,0.02,,,,,,,,,,,,,
6076,0.21235472177985318,272.83087,100.0,14522,0.3,41,0.78,0.0,0.03421343117952347,608000,0.02,4.629103723523255,54.54843193824369,0.08994441095273942,54.54843193824369,75904,0.160817849682644,19.372506707906723,0.0003,0.00713354887557216,0.017246415416593663,1.127160407602787,0.04982331534847617,-129.14124512672424
6080,,272.83087,100.0,14522,,41,,,0.03421343117952347,608000,0.02,,,,,,,,,,,,,
6084,0.1421114521070626,269.96042,100.0,14545,0.3,41,0.36,0.0,0.03422621637582779,608800,0.02,4.532967079537258,54.54843193824369,0.08878962090238929,54.54843193824369,76032,0.16080498974770308,18.98841205239296,0.0003,0.007190859199909028,0.015908189699985087,0.04765377938747406,0.04749253886984661,-129.32723307609558
6088,,269.96042,100.0,14545,,41,,,0.03422621637582779,608800,0.02,,,,,,,,,,,,,
6092,0.2908023844870691,270.9848,100.0,14561,0.3,41,1.14,0.0,0.034229494631290436,609600,0.02,4.499368125857647,54.54843193824369,0.09064773074351251,54.54843193824369,76096,0.16099630948156118,19.246507912874222,0.0003,0.007200189116701949,0.01805193598556798,2.3346913086716086,0.05009430623613298,-129.08551001548767
6096,,270.9848,100.0,14561,,41,,,0.034229494631290436,609600,0.02,,,,,,,,,,,,,
6100,0.3070233178105691,271.6388,100.0,14584,0.29699999999999993,41,1.02,0.0,0.034234948456287384,610400,0.02,4.640129004841442,54.54843193824369,0.08925909944809973,54.54843193824369,76224,0.16037262347526848,19.246103018522263,0.0003,0.007249952373967972,0.016194764233659953,2.2516633979976177,0.04818761220667511,-129.35870146751404
6104,,271.6388,100.0,14584,,41,,,0.034234948456287384,610400,0.02,,,,,,,,,,,,,
6108,0.23858270653305186,267.48083,100.0,14598,0.25799999999999995,41,0.75,0.0,0.03423900157213211,611200,0.01,4.723198425435308,54.54843193824369,0.0885555122513324,54.54843193824369,76288,0.16102420771494508,19.184739112854004,0.0003,0.007285585154022556,0.014995291763625573,1.8115936103276908,0.04744051321176812,-129.57426285743713
6112,,267.48083,100.0,14598,,41,,,0.03423900157213211,611200,0.01,,,,,,,,,,,,,
6116,0.2574262169721998,270.19714,100.0,14623,0.3,41,0.9,0.0,0.03424336761236191,612000,0.01,5.018577163916816,54.54843193824369,0.09073794155847281,54.54843193824369,76416,0.162361700553447,19.114700138568878,0.0003,0.007367049693129957,0.015718873357400298,3.582570878788829,0.047388984414283186,-129.2903903722763
6120,,270.19714,100.0,14623,,41,,,0.03424336761236191,612000,0.01,,,,,,,,,,,,,
6124,0.0,267.62222,100.0,14638,0.25799999999999995,41,0.0,0.0,0.034249354153871536,612800,0.01,4.138695143442032,54.54843193824369,0.0890298429876566,54.54843193824369,76480,0.16182679263874888,19.789627224206924,0.0003,0.0074204473494319245,0.01571222485654289,2.287328004837036,0.04903612093767151,-129.5462989807129
6128,,267.62222,100.0,14638,,41,,,0.034249354153871536,612800,0.01,,,,,,,,,,,,,
6132,0.26032041669884487,266.30893,100.0,14661,0.288,41,0.84,0.0,0.034267231822013855,613600,0.01,4.716988266077996,54.54843193824369,0.09088704304303974,54.54843193824369,76608,0.16570821148343384,19.646571278572083,0.0003,0.007508888309530448,0.015731592233350966,2.870694974437356,0.047199885244481266,-129.2919670343399
6136,,266.30893,100.0,14661,,41,,,0.034267231822013855,613600,0.01,,,,,,,,,,,,,
6140,0.22279174593911447,264.08865,100.0,14674,0.3,41,0.9,0.0,0.034266747534275055,614400,0.0,4.5563012514837204,54.54843193824369,0.09150440758094192,54.54843193824369,76672,0.16521805967204273,19.898396342992783,0.0003,0.007539262427599169,0.01639112031989498,1.1753559969365597,0.048500521341338754,-129.20187270641327
6144,,264.08865,100.0,14674,,41,,,0.034266747534275055,614400,0.0,,,,,,,,,,,,,
6148,0.23151705458597036,263.0802,100.0,14698,0.25499999999999995,41,0.66,0.0,0.03427297994494438,615200,0.0,5.1428935232308035,54.54843193824369,0.09041887696366757,54.54843193824369,76800,0.16635983041487634,20.412198185920715,0.0003,0.00759198670857586,0.016712984564946964,3.498282047919929,0.050795465998817235,-129.46761167049408
6152,,263.0802,100.0,14698,,41,,,0.03427297994494438,615200,0.0,,,,,,,,,,,,,
6156,0.2652621844224909,265.4154,100.0,14722,0.255,41,0.69,0.0,0.03427673876285553,616000,0.0,4.806209272172337,54.54843193824369,0.08919826184865087,54.54843193824369,76928,0.163376709446311,19.715346783399582,0.0003,0.007681977760512382,0.015851634205318987,0.4601857317611575,0.05000788642792031,-129.72137320041656
6160,,265.4154,100.0,14722,,41,,,0.03427673876285553,616000,0.0,,,,,,,,,,,,,
6164,0.1890615255638695,264.88596,100.0,14737,0.26099999999999995,41,0.69,0.0,0.0342775359749794,616800,0.0,4.420457192790391,54.54843193824369,0.09072346601169556,54.54843193824369,76992,0.16406998643651605,19.746569514274597,0.0003,0.007692011815379374,0.01629158076684689,1.3985831360332668,0.05046281759859994,-129.7209668159485
6168,,264.88596,100.0,14737,,41,,,0.0342775359749794,616800,0.0,,,,,,,,,,,,,
6172,0.11447828783773144,268.09097,100.0,14759,0.3,41,0.42,0.0,0.034292515367269516,617600,0.01,3.963973757572422,54.54843193824369,0.09089671645779163,54.54843193824369,77120,0.16541131539270282,19.673753559589386,0.0003,0.007727582327788696,0.015445108423591591,2.0201590661890805,0.04929828143212944,-130.0017133951187
6176,,268.09097,100.0,14759,,41,,,0.034292515367269516,617600,0.01,,,,,,,,,,,,,
6180,0.12727302294889867,266.11627,100.0,14772,0.3,41,0.42,0.0,0.03429479897022247,618400,0.01,4.6081262738565805,54.54843193824369,0.08938038116320968,54.54843193824369,77184,0.1644121918361634,19.80478149652481,0.0003,0.007752869387331884,0.014907823875546455,-0.14392994390800595,0.04909380857134238,-129.75266873836517
6184,,266.11627,100.0,14772,,41,,,0.03429479897022247,618400,0.01,,,,,,,,,,,,,
6188,0.346053055732717,269.42426,100.0,14796,0.264,41,1.05,0.0,0.03430628031492233,619200,0.01,4.525384447956255,54.54843193824369,0.08995050378143787,54.54843193824369,77312,0.16739735356532037,20.798370450735092,0.0003,0.00778354043723084,0.016421556269051507,1.6882097525522113,0.051417936163488775,-129.9357386827469
6192,,269.42426,100.0,14796,,41,,,0.03430628031492233,619200,0.01,,,,,,,,,,,,,
6196,0.051784627380596776,266.07333,100.0,14810,0.3,41,0.18,0.0,0.03431735560297966,620000,0.01,4.654904083048585,54.54843193824369,0.09183556656353176,54.54843193824369,77376,0.16578735853545368,20.11104267835617,0.0003,0.007818542580935173,0.015462765986740123,1.3817619534675032,0.04891291697276756,-129.7879707813263
6200,,266.07333,100.0,14810,,41,,,0.03431735560297966,620000,0.01,,,,,,,,,,,,,
6204,0.2107691071772748,267.88626,100.0,14833,0.264,41,0.54,0.0,0.034332700073719025,620800,0.01,4.737769686301117,53.45746329947881,0.09047228563576937,53.45746329947881,77504,0.16611864045262337,19.742892652750015,0.0003,0.00786203210009262,0.015721181058324873,0.4254598217085004,0.049305643362458795,-130.0400937795639
6208,,267.88626,100.0,14833,,41,,,0.034332700073719025,620800,0.01,,,,,,,,,,,,,
6212,0.16341190597168642,265.7499,100.0,14857,0.27299999999999996,41,0.39,0.0,0.03433671221137047,621600,0.01,4.306760661411042,53.45746329947881,0.09437695879023522,53.45746329947881,77632,0.16815536771900952,20.011019319295883,0.0003,0.007865061241318472,0.015932900474581402,-0.07500109728425741,0.04968084255233407,-129.99094474315643
6216,,265.7499,100.0,14857,,41,,,0.03433671221137047,621600,0.01,,,,,,,,,,,,,
6220,0.17569877427385833,266.24667,100.0,14871,0.3,41,0.39,0.0,0.034338463097810745,622400,0.01,4.521767083876772,53.45746329947881,0.09277723997365683,53.45746329947881,77696,0.16696488438174129,19.95663571357727,0.0003,0.00786416610935703,0.01649771312077064,-0.7870339639484882,0.050313109531998634,-130.01823103427887
6224,,266.24667,100.0,14871,,41,,,0.034338463097810745,622400,0.01,,,,,,,,,,,,,
6228,0.23715923429256913,266.0732,100.0,14896,0.3,41,0.9,0.0,0.034344322979450226,623200,0.01,4.6864639693630075,53.45746329947881,0.09138258802704513,53.45746329947881,77824,0.16816420876421034,20.030314058065414,0.0003,0.007860971003537998,0.014083239657338709,-0.19780740980058908,0.0479771223035641,-130.23025751113892
6232,,266.0732,100.0,14896,,41,,,0.034344322979450226,623200,0.01,,,,,,,,,,,,,
6236,0.07458338162937422,267.8158,100.0,14910,0.294,41,0.27,0.0,0.03435235470533371,624000,0.02,4.1525710532121645,53.45746329947881,0.09224443568382412,53.45746329947881,77888,0.16911535360850394,19.987248867750168,0.0003,0.007874185233958997,0.016351662838133052,0.7455370519310236,0.04848574864445254,-129.71390783786774
6240,,267.8158,100.0,14911,,41,,,0.03435235470533371,624000,0.02,,,,,,,,,,,,,
6244,0.25396630512217294,268.5689,100.0,14935,0.3,41,0.78,0.0,0.03436002880334854,624800,0.02,4.566981202366227,53.45746329947881,0.09278413082938641,53.45746329947881,78016,0.17102777399122715,20.66034224629402,0.0003,0.007867503518355079,0.017151428772194777,1.6246741444338113,0.05193686508573592,-129.94044017791748
6248,,268.5689,100.0,14935,,41,,,0.03436002880334854,624800,0.02,,,,,,,,,,,,,
6252,0.24571854152744368,265.72598,100.0,14949,0.294,41,0.45,0.0,0.0343736968934536,625600,0.02,4.777839692477309,53.45746329947881,0.09146759996656328,53.45746329947881,78080,0.16877044481225312,19.968849807977676,0.0003,0.007907121747848578,0.016981929147732444,2.3614464243873954,0.04964860627660528,-130.1802008152008
6256,,265.72598,100.0,14949,,41,,,0.0343736968934536,625600,0.02,,,,,,,,,,,,,
6260,0.4421856132520907,263.37463,100.0,14973,0.3,41,1.14,0.0,0.034380074590444565,626400,0.02,4.943156713638371,53.45746329947881,0.09316434862557799,53.45746329947881,78208,0.1704060356132686,20.153611332178116,0.0003,0.007962800082168542,0.01625390835397411,-0.08390771993435919,0.052813281829003245,-129.9618899822235
6264,,263.37463,100.0,14973,,41,,,0.034380074590444565,626400,0.02,,,,,,,,,,,,,
6268,0.21354397899464658,263.84283,100.0,14987,0.3,41,0.72,0.0,0.03438202664256096,627200,0.01,4.552296792283991,53.45746329947881,0.09017581748776138,53.45746329947881,78272,0.16954731452278793,19.856896609067917,0.0003,0.007966093384311534,0.014876352441206109,0.8875088002532721,0.05062183551490307,-130.35337460041046
6272,,263.84283,100.0,14987,,41,,,0.03438202664256096,627200,0.01,,,,,,,,,,,,,
6276,0.16194760898643676,263.24506,100.0,15011,0.26099999999999995,41,0.6,0.0,0.034387342631816864,628000,0.02,3.8557658321677435,53.45746329947881,0.09232155629433692,53.45746329947881,78400,0.1691130525432527,20.683705061674118,0.0003,0.008003388313227333,0.015349319139204454,1.2922045686282218,0.05013336316915229,-130.16525959968567
6280,,263.24506,100.0,15011,,41,,,0.034387342631816864,628000,0.02,,,,,,,,,,,,,
6284,0.14389208289339492,263.60837,100.0,15034,0.3,41,0.39,0.0,0.0343993678689003,628800,0.02,4.78123829482834,53.45746329947881,0.09037423483096063,53.45746329947881,78528,0.17018535314127803,20.1145196557045,0.0003,0.008099551690975204,0.014448611829720903,2.4812330417335033,0.050354011822491884,-130.5048315525055
6288,,263.60837,100.0,15034,,41,,,0.0343993678689003,628800,0.02,,,,,,,,,,,,,
6292,0.2162982264353464,264.1184,100.0,15047,0.264,41,0.96,0.0,0.03440825268626213,629600,0.02,4.728410948903476,53.45746329947881,0.09189081680960953,53.45746329947881,78592,0.1687458783853799,20.31902876496315,0.0003,0.00814574481046293,0.016472689152578823,2.6056488663889468,0.050771546142641455,-130.57810366153717
6296,,264.1184,100.0,15047,,41,,,0.03440825268626213,629600,0.02,,,,,,,,,,,,,
6300,0.23172169232779516,264.36395,100.0,15072,0.26099999999999995,41,0.75,0.0,0.034425631165504456,630400,0.02,4.603477067084693,53.45746329947881,0.09481130272615701,53.45746329947881,78720,0.17346117412671447,20.739989072084427,0.0003,0.008247817517258227,0.016951226338278502,3.6987908395240083,0.053380103257950395,-129.67168724536896
6304,,264.36395,100.0,15072,,41,,,0.034425631165504456,630400,0.02,,,,,,,,,,,,,
6308,0.34318763198750296,265.9854,100.0,15086,0.3,41,1.32,0.0,0.03443961590528488,631200,0.02,4.786315977534515,53.45746329947881,0.09103001386392862,53.45746329947881,78784,0.17016514344140887,20.145790815353394,0.0003,0.008324619921040721,0.015753570616652723,3.645881358999759,0.05300340801477432,-130.31579518318176
6312,,265.9854,100.0,15086,,41,,,0.03443961590528488,631200,0.02,,,,,,,,,,,,,
6316,0.3610492151709941,270.23474,100.0,15110,0.3,41,1.11,0.0,0.03445679321885109,632000,0.02,4.988005963611393,53.45746329947881,0.089337496785447,53.45746329947881,78912,0.16943765501491725,20.772826552391052,0.0003,0.008454869283013977,0.0140019463506178,1.727097146678716,0.05135149048874155,-130.64822912216187
6320,,270.23474,100.0,15110,,41,,,0.03445679321885109,632000,0.02,,,,,,,,,,,,,
6324,0.5996049128737762,277.2647,100.0,15125,0.3,41,1.92,0.0,0.034464575350284576,632800,0.02,5.08911131647181,53.45746329947881,0.08964105288032442,53.45746329947881,78976,0.16908040782436728,20.44167125225067,0.0003,0.008476349335978739,0.01612292104982771,1.7417049682699144,0.053150330553762615,-130.6240975856781
6328,,277.2647,100.0,15125,,41,,,0.034464575350284576,632800,0.02,,,,,,,,,,,,,
6332,0.26207723680511086,278.30423,100.0,15149,0.3,41,0.84,0.0,0.03448881581425667,633600,0.01,4.8498617173622875,53.45746329947881,0.09031423216219991,53.45746329947881,79104,0.17044806224294007,21.328757137060165,0.0003,0.008559852096368559,0.015328265668358654,2.490402078256011,0.05311527056619525,-130.65136086940765
6336,,278.30423,100.0,15149,,41,,,0.03448881581425667,633600,0.01,,,,,,,,,,,,,
6340,0.07786103383594101,278.823,100.0,15174,0.27,41,0.36,0.0,0.03450392559170723,634400,0.01,4.733585632039762,53.45746329947881,0.09107624657917768,53.45746329947881,79232,0.1699605849571526,20.78182378411293,0.0003,0.008647628535982221,0.016218190503423102,2.800563828088343,0.0510622970177792,-130.75665736198425
6344,,278.823,100.0,15174,,41,,,0.03450392559170723,634400,0.01,,,,,,,,,,,,,
6348,0.05275452500643922,274.24002,100.0,15187,0.3,41,0.15,0.0,0.03451250120997429,635200,0.01,4.6583037771542,53.45746329947881,0.08938547351863235,53.45746329947881,79296,0.1696642404422164,20.854654759168625,0.0003,0.008704869891516864,0.014732387971889693,2.0897704353556037,0.05160914303269237,-130.9100399017334
6352,,274.24002,100.0,15187,,41,,,0.03451250120997429,635200,0.01,,,,,,,,,,,,,
6356,0.09712722989375035,274.19797,100.0,15212,0.26099999999999995,41,0.45,0.0,0.03452569246292114,636000,0.01,4.6599513438193725,53.45746329947881,0.09135881729889661,53.45746329947881,79424,0.17050953209400177,20.701582938432693,0.0003,0.008782492222962901,0.016920333306188695,2.780744536779821,0.05184918828308582,-130.30634009838104
6360,,274.19797,100.0,15212,,41,,,0.03452569246292114,636000,0.01,,,,,,,,,,,,,
6364,0.2662120537642582,274.595,100.0,15226,0.222,41,0.99,0.0,0.0345357246696949,636800,0.01,4.671515461649714,53.45746329947881,0.09039679018314928,53.45746329947881,79488,0.1704663122072816,20.720935255289078,0.0003,0.008841277187457308,0.015641089557902887,0.8833127897232771,0.0518049742677249,-130.65959095954895
6368,,274.595,100.0,15226,,41,,,0.0345357246696949,636800,0.01,,,,,,,,,,,,,
6372,0.19484069894777364,271.43845,100.0,15249,0.18899999999999997,41,0.78,0.0,0.03453812003135681,637600,0.01,3.8972928442205883,53.45746329947881,0.09048365068156272,53.45746329947881,79616,0.1718944855965674,20.4687440097332,0.0003,0.008832563282339834,0.016110086973640136,0.2523395363241434,0.05254317354410887,-130.64130115509033
6376,,271.43845,100.0,15249,,41,,,0.03453812003135681,637600,0.01,,,,,,,,,,,,,
6380,0.09962268480519984,273.6588,100.0,15263,0.264,41,0.39,0.0,0.034544602036476135,638400,0.0,4.191664991416599,53.45746329947881,0.0914093820611015,53.45746329947881,79680,0.17178238788619637,20.877465069293976,0.0003,0.008873478334862739,0.015506255367654376,3.840338883921504,0.05404711025767028,-130.91585087776184
6384,,273.6588,100.0,15263,,41,,,0.034544602036476135,638400,0.0,,,,,,,,,,,,,
6388,0.1743546966363442,274.17014,100.0,15286,0.3,41,0.75,0.0,0.03456373140215874,639200,0.0,4.7829688914258135,53.45746329947881,0.09071674919687212,53.45746329947881,79808,0.17255503358319402,21.07120043039322,0.0003,0.00905480291112326,0.016584975506702904,2.900970089249313,0.05311663239262998,-130.82341146469116
6392,,274.17014,100.0,15286,,41,,,0.03456373140215874,639200,0.0,,,,,,,,,,,,,
6396,0.0,272.09,100.0,15299,0.27,41,0.0,0.0,0.03457065671682358,640000,0.0,4.636469478818921,53.45746329947881,0.09062723268289119,53.45746329947881,79872,0.17442857171408832,22.03624138236046,0.0003,0.009106484547373839,0.015735977503936738,0.9846328280400485,0.05170107138110325,-130.72387611865997
6400,,272.09,100.0,15299,,41,,,0.03457065671682358,640000,0.0,,,,,,,,,,,,,
6404,0.1413741975331766,273.98596,100.0,15323,0.249,41,0.51,0.0,0.03458119183778763,640800,0.0,4.770531777233984,52.38831403348924,0.08814863918814808,52.38831403348924,80000,0.17331502330489457,20.793835401535034,0.0003,0.009166911739157513,0.014758946606889367,0.4151355472858995,0.05026844941312447,-130.6351934671402
6408,,273.98596,100.0,15323,,41,,,0.03458119183778763,640800,0.0,,,,,,,,,,,,,
6412,0.2447043872424651,272.22513,100.0,15346,0.3,41,0.75,0.0,0.03458899259567261,641600,0.0,4.70636827128202,52.38831403348924,0.08890211675316095,52.38831403348924,80128,0.17350721498951316,21.28470104932785,0.0003,0.009204785936162807,0.016486363136209548,2.118181890109554,0.053158266469836235,-130.43478560447693
6416,,272.22513,100.0,15346,,41,,,0.03458899259567261,641600,0.0,,,,,,,,,,,,,
6420,0.13458740800037772,265.46313,100.0,15359,0.3,41,0.57,0.0,0.03459184244275093,642400,0.0,4.625206571794868,52.38831403348924,0.08913194679189473,52.38831403348924,80192,0.17272684327326715,20.860304445028305,0.0003,0.009233105403836817,0.01633312132616993,0.7622863627038896,0.05419832334155217,-130.65469026565552
6424,,265.46313,100.0,15359,,41,,,0.03459184244275093,642400,0.0,,,,,,,,,,,,,
6428,0.15028933850595316,261.40335,100.0,15383,0.294,41,0.63,0.0,0.03459810093045235,643200,0.0,4.56347316152434,52.38831403348924,0.08932692965026945,52.38831403348924,80320,0.17463493067771196,21.188363939523697,0.0003,0.009257765763322823,0.0156612191858585,0.650204429985024,0.05199210747377947,-130.7337270975113
6432,,261.40335,100.0,15383,,41,,,0.03459810093045235,643200,0.0,,,,,,,,,,,,,
6436,0.028816134344402153,260.39673,100.0,15396,0.26099999999999995,41,0.15,0.0,0.03460715711116791,644000,0.0,4.816788467425995,52.38831403348924,0.08889236103277653,52.38831403348924,80384,0.17324165906757116,21.239449113607407,0.0003,0.009282297309255227,0.016543089761398733,1.2390612685121596,0.0525130316382274,-130.73462629318237
6440,,260.39673,100.0,15396,,41,,,0.03460715711116791,644000,0.0,,,,,,,,,,,,,
6444,0.33128398789843894,264.03748,100.0,15421,0.22499999999999998,41,1.14,0.0,0.034622304141521454,644800,0.0,4.668810494841338,52.38831403348924,0.08954468055162579,52.38831403348924,80512,0.17567870020866394,22.45800468325615,0.0003,0.009359658797620796,0.016916222870349884,2.3829094544053078,0.0559253316023387,-130.92405569553375
6448,,264.03748,100.0,15421,,41,,,0.034622304141521454,644800,0.0,,,,,,,,,,,,,
6452,0.1672796919905527,263.87952,100.0,15434,0.27899999999999997,41,0.72,0.0,0.0346236526966095,645600,0.0,4.686833693355539,52.38831403348924,0.0904154177987948,52.38831403348924,80576,0.17710484424605966,21.46383622288704,0.0003,0.009379065348184668,0.017056485710782,0.17732358956709504,0.0538998160045594,-130.57185626029968
6456,,263.87952,100.0,15434,,41,,,0.0346236526966095,645600,0.0,,,,,,,,,,,,,
6460,0.0,259.04977,100.0,15458,0.25799999999999995,41,0.0,0.0,0.03464032709598541,646400,0.0,4.256821713432706,52.38831403348924,0.09250226675067097,52.38831403348924,80704,0.17590791429392993,21.221620202064514,0.0003,0.009418233661563136,0.01716593318269588,2.244040295481682,0.05340523348422721,-130.57169950008392
6464,,259.04977,100.0,15458,,41,,,0.03464032709598541,646400,0.0,,,,,,,,,,,,,
6468,0.34022560570867144,262.84943,100.0,15482,0.288,41,0.99,0.0,0.034642718732357025,647200,0.0,5.100000848885767,52.38831403348924,0.09582955751102418,52.38831403348924,80832,0.17735228897072375,21.393632531166077,0.0003,0.00946014211513102,0.017430682113626972,-0.57943615259137,0.05460816476261243,-130.23947203159332
6472,,262.84943,100.0,15482,,41,,,0.034642718732357025,647200,0.0,,,,,,,,,,,,,
6476,0.2862222370878854,264.3928,100.0,15496,0.3,41,1.17,0.0,0.03464823216199875,648000,0.0,4.935610044583144,52.38831403348924,0.09194368531461805,52.38831403348924,80896,0.17770099197514355,21.11388921737671,0.0003,0.009465088456636295,0.01658776069234591,0.24441881570965052,0.05427136801881716,-130.6128442287445
6480,,264.3928,100.0,15496,,41,,,0.03464823216199875,648000,0.0,,,,,,,,,,,,,
6484,0.0,261.65295,100.0,15518,0.19799999999999998,41,0.0,0.0,0.034647487103939056,648800,0.0,4.0632410663662935,52.38831403348924,0.08993088419083506,52.38831403348924,81024,0.17527936096303165,20.894863814115524,0.0003,0.009444031558814459,0.016380345667130314,1.1248093725880608,0.052123073750408366,-130.80390286445618
6488,,261.65295,100.0,15518,,41,,,0.034647487103939056,648800,0.0,,,,,,,,,,,,,
6492,0.19501199303666045,263.93613,100.0,15533,0.3,41,0.51,0.0,0.03465324267745018,649600,0.01,4.527532149272543,52.38831403348924,0.09108708892017603,52.38831403348924,81088,0.1757750161923468,21.413940727710724,0.0003,0.009470049131778069,0.01732349710073322,-0.4555819013621658,0.05436502781230956,-130.69723689556122
6496,,263.93613,100.0,15533,,41,,,0.03465324267745018,649600,0.01,,,,,,,,,,,,,
6500,0.2479190295654299,263.60123,100.0,15556,0.252,41,0.81,0.0,0.034665193408727646,650400,0.01,4.518079676430333,52.38831403348924,0.09139591199345887,52.38831403348924,81216,0.17637083283625543,21.250565737485886,0.0003,0.009458648899453692,0.014613826220738702,0.674377637449652,0.05286997399525717,-130.6675876379013
6504,,263.60123,100.0,15556,,41,,,0.034665193408727646,650400,0.01,,,,,,,,,,,,,
6508,0.19616824807211256,262.2671,100.0,15571,0.22499999999999998,41,0.36,0.0,0.034666161984205246,651200,0.01,4.481670816918981,52.38831403348924,0.08965916384477168,52.38831403348924,81280,0.17609152663499117,21.1314238011837,0.0003,0.009463975016842596,0.016631036734906957,-1.165616653393954,0.054133362136781216,-130.50725960731506
6512,,262.2671,100.0,15571,,41,,,0.034666161984205246,651200,0.01,,,,,,,,,,,,,
6516,0.1632386166131358,263.16516,100.0,15593,0.3,41,0.54,0.0,0.034666288644075394,652000,0.01,4.846705847390762,52.38831403348924,0.09137566399294883,52.38831403348924,81408,0.1750761056318879,21.375262796878815,0.0003,0.009416862114449032,0.01792030814976897,-0.43896949104964733,0.056449879601132125,-130.63156461715698
6520,,263.16516,100.0,15593,,41,,,0.034666288644075394,652000,0.01,,,,,,,,,,,,,
6524,0.3091304744529367,264.10364,100.0,15609,0.22499999999999998,41,0.84,0.0,0.03466947376728058,652800,0.01,4.527559796815825,52.38831403348924,0.09037414006888866,52.38831403348924,81472,0.17480977694503963,21.426512092351913,0.0003,0.009413547930307686,0.01729727471683873,1.0622269921004772,0.05468308803392574,-130.74433732032776
6528,,264.10364,100.0,15609,,41,,,0.03466947376728058,652800,0.01,,,,,,,,,,,,,
6532,0.08053547690963932,263.59665,100.0,15631,0.3,41,0.33,0.0,0.034674953669309616,653600,0.01,5.042310079259001,52.38831403348924,0.08917211659718305,52.38831403348924,81600,0.17559523950330913,21.295756489038467,0.0003,0.009438347609830089,0.01459171921305824,-0.2798943887464702,0.055418371135601774,-130.90006506443024
6536,,263.59665,100.0,15631,,41,,,0.034674953669309616,653600,0.01,,,,,,,,,,,,,
6540,0.13149800531140057,262.22943,100.0,15655,0.22499999999999998,41,0.51,0.0,0.03468186780810356,654400,0.01,4.654275853959562,52.38831403348924,0.09097366023343056,52.38831403348924,81728,0.1769975929055363,22.082932502031326,0.0003,0.009431979240616783,0.015183986943156924,2.039781618397683,0.0551814281498082,-130.63455247879028
6544,,262.22943,100.0,15655,,41,,,0.03468186780810356,654400,0.01,,,,,,,,,,,,,
6548,0.11922449392736915,261.03033,100.0,15668,0.3,41,0.51,0.0,0.03468654677271843,655200,0.01,5.035802988891521,52.38831403348924,0.09119938150979578,52.38831403348924,81792,0.17831515963189304,21.532755851745605,0.0003,0.009466879957471974,0.01598728464159649,0.6076795854605734,0.05497834872221574,-130.23727703094482
6552,,261.03033,100.0,15668,,41,,,0.03468654677271843,655200,0.01,,,,,,,,,,,,,
6556,0.10736102229457532,262.06555,100.0,15691,0.267,41,0.36,0.0,0.03469405323266983,656000,0.01,4.545869743998569,52.38831403348924,0.09018976788502187,52.38831403348924,81920,0.17629291396588087,21.165464967489243,0.0003,0.009487265095231123,0.01571744869579561,-0.29865295346826315,0.056064736912958324,-130.52557563781738
6560,,262.06555,100.0,15691,,41,,,0.03469405323266983,656000,0.01,,,,,,,,,,,,,
6564,0.07560956175420383,260.76367,100.0,15705,0.264,41,0.3,0.0,0.03469496965408325,656800,0.01,4.369300396177147,52.38831403348924,0.08929795445874333,52.38831403348924,81984,0.1754623770248145,21.253868967294693,0.0003,0.00948457294725813,0.01617418267414905,0.546463840873912,0.056148860428947955,-130.6337025165558
6568,,260.76367,100.0,15705,,41,,,0.03469496965408325,656800,0.01,,,,,,,,,,,,,
6572,0.006281179633848138,259.58206,100.0,15729,0.26099999999999995,41,0.03,0.0,0.034701745957136154,657600,0.01,4.524832388780235,52.38831403348924,0.09019874723162502,52.38831403348924,82112,0.17844787798821926,21.06281489133835,0.0003,0.009502695669652894,0.015864789282204583,-0.525815648958087,0.0549656716757454,-130.37995624542236
6576,,259.58206,100.0,15729,,41,,,0.034701745957136154,657600,0.01,,,,,,,,,,,,,
6580,0.08128472374474904,257.49524,100.0,15743,0.27599999999999997,41,0.36,0.0,0.03471070155501366,658400,0.01,4.688822252792609,52.38831403348924,0.08966497180517763,52.38831403348924,82176,0.1782090433407575,21.074683219194412,0.0003,0.009504303918220103,0.0159135265275836,1.552860610652715,0.054687415482476354,-130.30188238620758
6584,,257.49524,100.0,15743,,41,,,0.03471070155501366,658400,0.01,,,,,,,,,,,,,
6588,0.27987781251696403,258.07938,100.0,15767,0.26099999999999995,41,1.17,0.0,0.034712016582489014,659200,0.0,4.537313787453536,52.38831403348924,0.09001565526705235,52.38831403348924,82304,0.17995026451535523,21.961465805768967,0.0003,0.009510708259767853,0.015657768803066574,0.480546778999269,0.056121431465726346,-130.30515098571777
6592,,258.07938,100.0,15767,,41,,,0.034712016582489014,659200,0.0,,,,,,,,,,,,,
6596,0.5031011374275173,259.9357,100.0,15790,0.3,41,1.32,0.0,0.034713488072156906,660000,0.01,4.503520908232713,52.38831403348924,0.08990158583037555,52.38831403348924,82432,0.17980096070095897,22.309300392866135,0.0003,0.009509077979600988,0.015270501738996245,0.845637790276669,0.056922384072095156,-130.58909153938293
6600,,259.9357,100.0,15790,,41,,,0.034713488072156906,660000,0.01,,,,,,,,,,,,,
6604,0.18950808379605596,257.5941,100.0,15805,0.25499999999999995,41,0.42,0.0,0.034717705100774765,660800,0.01,4.375781146996234,51.340547752819454,0.08971912716515362,51.340547752819454,82496,0.1764901583082974,21.235584616661072,0.0003,0.009517459824564867,0.014758188903215341,0.21273422078229487,0.055219488276634365,-130.58205127716064
6608,,257.5941,100.0,15805,,41,,,0.034717705100774765,660800,0.01,,,,,,,,,,,,,
6612,0.2149010629014375,256.16364,100.0,15829,0.22799999999999998,41,0.78,0.0,0.034726306796073914,661600,0.01,4.263134788701422,51.340547752819454,0.08981625002343208,51.340547752819454,82624,0.17805101559497416,21.762002497911453,0.0003,0.009523640474071726,0.01515335919248173,-0.0008745137602090836,0.05528031074209139,-130.54287838935852
6616,,256.16364,100.0,15829,,41,,,0.034726306796073914,661600,0.01,,,,,,,,,,,,,
6620,0.6994890675284463,260.67303,100.0,15844,0.3,41,2.19,0.0,0.034727584570646286,662400,0.01,4.995041624975399,51.340547752819454,0.09064581617712975,51.340547752819454,82688,0.17983964178711176,21.460149228572845,0.0003,0.009533679956803098,0.016226591615122743,-0.14619651273824275,0.054913865053094923,-130.2116129398346
6624,,260.67303,100.0,15844,,41,,,0.034727584570646286,662400,0.01,,,,,,,,,,,,,
6628,0.06299449124741564,259.15057,100.0,15867,0.267,41,0.18,0.0,0.03472159802913666,663200,0.01,4.737407427449554,51.340547752819454,0.08833492896519601,51.340547752819454,82816,0.17586583853699267,20.71064129471779,0.0003,0.009510713120107539,0.01581081836047815,-2.073748010676354,0.055471864819992334,-130.43660807609558
6632,,259.15057,100.0,15867,,41,,,0.03472159802913666,663200,0.01,,,,,,,,,,,,,
6636,0.328463997511362,265.73233,100.0,15880,0.3,41,0.75,0.0,0.03471938520669937,664000,0.02,4.035578707408955,51.340547752819454,0.09168409800622612,51.340547752819454,82880,0.17713157716207206,20.980429261922836,0.0003,0.009480346139753237,0.016750974595197476,-0.946953799109906,0.05667183146579191,-130.19640707969666
6640,,265.73233,100.0,15880,,41,,,0.03471938520669937,664000,0.02,,,,,,,,,,,,,
6644,0.19298987274230034,264.5193,100.0,15903,0.3,41,0.63,0.0,0.034716006368398666,664800,0.02,4.8337806469711,51.340547752819454,0.08862420613877475,51.340547752819454,83008,0.17767015122808516,21.402880996465683,0.0003,0.009431396450963803,0.01594230131013319,-1.354648585896939,0.05589092697482556,-130.44244861602783
6648,,264.5193,100.0,15903,,41,,,0.034716006368398666,664800,0.02,,,,,,,,,,,,,
6652,0.0,263.96356,100.0,15918,0.3,41,0.0,0.0,0.03471728414297104,665600,0.02,4.493458697156206,51.340547752819454,0.09307547681964934,51.340547752819454,83072,0.17873129807412624,21.1652310192585,0.0003,0.009418667017598636,0.017282975066336803,0.4557962557300925,0.05606972111854702,-130.34008753299713
6656,,263.96356,100.0,15918,,41,,,0.03471728414297104,665600,0.02,,,,,,,,,,,,,
6660,0.1102573747433439,266.97772,100.0,15942,0.3,41,0.42,0.0,0.03472237288951874,666400,0.02,4.809532788425621,51.340547752819454,0.0899007759289816,51.340547752819454,83200,0.17775661824271083,22.19598588347435,0.0003,0.009393979009473696,0.01661853160476312,0.8198207747191191,0.056978506152518094,-130.50230252742767
6664,,266.97772,100.0,15942,,41,,,0.03472237288951874,666400,0.02,,,,,,,,,,,,,
6668,0.1070012280313416,269.09418,100.0,15966,0.23099999999999998,41,0.36,0.0,0.03473260998725891,667200,0.02,4.816149020928609,51.340547752819454,0.08910017390735447,51.340547752819454,83328,0.17955917469225824,22.399900913238525,0.0003,0.009416547283763066,0.015578508129692636,-0.33376442128792405,0.05517240468179807,-130.53981113433838
6672,,269.09418,100.0,15966,,41,,,0.03473260998725891,667200,0.02,,,,,,,,,,,,,
6676,0.2242613858601432,272.48538,100.0,15979,0.2879999999999999,41,0.75,0.0,0.03473483398556709,668000,0.02,4.920743949208768,51.340547752819454,0.0882792518241331,51.340547752819454,83392,0.17910910048522055,21.555045008659363,0.0003,0.00942209895583801,0.015193875020486303,0.3324558143503964,0.05682348879054189,-130.58868837356567
6680,,272.48538,100.0,15979,,41,,,0.03473483398556709,668000,0.02,,,,,,,,,,,,,
6684,0.14045587003777038,271.93427,100.0,16003,0.222,41,0.6,0.0,0.034732114523649216,668800,0.02,4.636143222802985,51.340547752819454,0.09046100010164082,51.340547752819454,83520,0.17898055305704474,21.868704706430435,0.0003,0.009397047702805139,0.016538083626073785,0.7403014162555337,0.05600933748064563,-130.23140859603882
6688,,271.93427,100.0,16003,,41,,,0.034732114523649216,668800,0.02,,,,,,,,,,,,,
6692,0.11468289769546466,269.0066,100.0,16019,0.26699999999999996,41,0.39,0.0,0.03473035618662834,669600,0.01,4.726768696828581,51.340547752819454,0.08834989438764751,51.340547752819454,83584,0.17887790990062058,22.692128896713257,0.0003,0.009415714608621784,0.01699766739329789,-0.12245713477022946,0.058894465037155896,-130.31740653514862
6696,,269.0066,100.0,16019,,41,,,0.03473035618662834,669600,0.01,,,,,,,,,,,,,
6700,0.16581647143091516,268.60913,100.0,16043,0.3,41,0.6,0.0,0.034735582768917084,670400,0.01,4.88099916139549,51.340547752819454,0.08820030326023698,51.340547752819454,83712,0.1793166589923203,22.323373556137085,0.0003,0.009432308535906486,0.015956015828123782,0.034877211321145296,0.05962726904544979,-130.2213053703308
6704,,268.60913,100.0,16043,,41,,,0.034735582768917084,670400,0.01,,,,,,,,,,,,,
6708,0.3001111252509572,274.64627,100.0,16058,0.25499999999999995,41,0.78,0.0,0.03473775461316109,671200,0.02,3.878158775946781,51.340547752819454,0.0889521548524499,51.340547752819454,83776,0.1808846506755799,22.152293294668198,0.0003,0.009424851974472404,0.015004771150415763,-1.1595185401383787,0.05601575371110812,-130.26595640182495
6712,,274.64627,100.0,16058,,41,,,0.03473775461316109,671200,0.02,,,,,,,,,,,,,
6716,0.4229256067906976,273.21432,100.0,16082,0.2879999999999999,41,1.5,0.0,0.03473925217986107,672000,0.02,4.580954775090773,51.340547752819454,0.08889734745025635,51.340547752819454,83904,0.18056408036500216,22.535235285758972,0.0003,0.009426800141227432,0.01618107887043152,-0.6858820053748786,0.05597972613759339,-130.35688257217407
6720,,273.21432,100.0,16082,,41,,,0.03473925217986107,672000,0.02,,,,,,,,,,,,,
6724,0.10953652595789624,269.23642,100.0,16104,0.26099999999999995,41,0.39,0.0,0.034730128943920135,672800,0.02,4.036042409989139,51.340547752819454,0.08879990316927433,51.340547752819454,84032,0.18242234084755182,22.18950393795967,0.0003,0.009353752975584939,0.015352815513324458,-0.5595818138681352,0.05793630291009322,-130.2391312122345
6728,,269.23642,100.0,16104,,41,,,0.034730128943920135,672800,0.02,,,,,,,,,,,,,
6732,0.20506667148466698,266.06503,100.0,16118,0.23399999999999999,41,0.72,0.0,0.0347386859357357,673600,0.01,4.539908079395102,51.340547752819454,0.08942911052145064,51.340547752819454,84096,0.1827489798888564,22.22966703772545,0.0003,0.00935808707436081,0.014604249110561796,1.8043483190704137,0.05691307090455666,-130.0757508277893
6736,,266.06503,100.0,16118,,41,,,0.0347386859357357,673600,0.01,,,,,,,,,,,,,
6740,0.3366963387405529,264.5916,100.0,16142,0.26099999999999995,41,0.75,0.0,0.03474975749850273,674400,0.01,4.5425853145166615,51.340547752819454,0.08976294368039817,51.340547752819454,84224,0.18155255634337664,22.338457137346268,0.0003,0.009389912651386112,0.016454934302601032,0.6162857562303543,0.05562294292030856,-130.17426705360413
6744,,264.5916,100.0,16142,,41,,,0.03474975749850273,674400,0.01,,,,,,,,,,,,,
6748,0.3727542202335504,268.5901,100.0,16155,0.3,41,1.5,0.0,0.034757018089294434,675200,0.01,4.877758849017516,51.340547752819454,0.09002364927437156,51.340547752819454,84288,0.18221119744703174,22.08013704419136,0.0003,0.00939788724645041,0.01422790236392757,0.8636605706997216,0.05677522032056004,-130.50638210773468
6752,,268.5901,100.0,16155,,41,,,0.034757018089294434,675200,0.01,,,,,,,,,,,,,
6756,0.13171930999892084,268.87628,100.0,16178,0.20999999999999996,41,0.6,0.0,0.0347624272108078,676000,0.01,4.86723531757502,51.340547752819454,0.08896842040121555,51.340547752819454,84416,0.18396895960904658,22.277968645095825,0.0003,0.009427677257917821,0.015118745170184411,-0.7714159230235964,0.05678083107341081,-130.32697010040283
6760,,268.87628,100.0,16178,,41,,,0.0347624272108078,676000,0.01,,,,,,,,,,,,,
6764,0.17708877589286273,269.06888,100.0,16191,0.26099999999999995,41,0.75,0.0,0.03476380929350853,676800,0.02,4.079819731937672,51.340547752819454,0.08812135539483279,51.340547752819454,84480,0.18172652507200837,22.373423635959625,0.0003,0.009408925034222193,0.01567217049887404,-0.09657709277234972,0.05696752673247829,-130.58789658546448
6768,,269.06888,100.0,16191,,41,,,0.03476380929350853,676800,0.02,,,,,,,,,,,,,
6772,0.3501390420653103,269.86716,100.0,16214,0.22499999999999998,41,1.32,0.0,0.034769490361213684,677600,0.02,4.652602681370411,51.340547752819454,0.09043094399385154,51.340547752819454,84608,0.18136063939891756,22.338853985071182,0.0003,0.009371663589263335,0.01743129504757235,0.15014845225960016,0.057440253207460046,-130.64730441570282
6776,,269.86716,100.0,16214,,41,,,0.034769490361213684,677600,0.02,,,,,,,,,,,,,
6780,0.23700068436927033,271.1119,100.0,16229,0.3,41,0.6,0.0,0.03477038815617561,678400,0.03,4.675732903900937,51.340547752819454,0.09011996106710285,51.340547752819454,84672,0.1819309580605477,21.881821632385254,0.0003,0.009379946772241965,0.015456711487786379,0.3702850486151874,0.05700055562192574,-130.6706702709198
6784,,271.1119,100.0,16229,,41,,,0.03477038815617561,678400,0.03,,,,,,,,,,,,,
6788,0.17025735324456726,270.98734,100.0,16252,0.29699999999999993,41,0.6,0.0,0.034769345074892044,679200,0.03,4.684910229224219,51.340547752819454,0.08877409610431641,51.340547752819454,84800,0.1834107378963381,22.370589077472687,0.0003,0.009354752022773027,0.015517325577093288,-1.894618259742856,0.05909364082617685,-130.588951587677
6792,,270.98734,100.0,16252,,41,,,0.034769345074892044,679200,0.03,,,,,,,,,,,,,
6796,0.13146606998648747,269.3667,100.0,16276,0.24299999999999997,41,0.45,0.0,0.03478147089481354,680000,0.03,4.426531947827425,51.340547752819454,0.08955441450234503,51.340547752819454,84928,0.18156081717461348,22.54601341485977,0.0003,0.00937412767962087,0.017028747941367328,-0.5572225013747811,0.05926439631730318,-130.21846044063568
6800,,269.3667,100.0,16276,,41,,,0.03478147089481354,680000,0.03,,,,,,,,,,,,,
6804,0.07653488761451259,266.50394,100.0,16289,0.25799999999999995,41,0.39,0.0,0.03478299826383591,680800,0.02,4.598744598973664,50.31373679776306,0.0898483187193051,50.31373679776306,84992,0.18198253773152828,22.35774451494217,0.0003,0.009376814268762246,0.016203441788093187,1.1666948711499572,0.05982643779134378,-130.340500831604
6808,,266.50394,100.0,16289,,41,,,0.03478299826383591,680800,0.02,,,,,,,,,,,,,
6812,0.007494891340131486,259.49768,100.0,16312,0.3,41,0.03,0.0,0.034786637872457504,681600,0.02,4.802759730191794,50.31373679776306,0.08949829277116805,50.31373679776306,85120,0.1843245760537684,22.6589997112751,0.0003,0.009394871929544024,0.014829562031081878,1.035327801015228,0.05759605311322957,-130.52331519126892
6816,,259.49768,100.0,16312,,41,,,0.034786637872457504,681600,0.02,,,,,,,,,,,,,
6820,0.09134156824762382,260.64157,100.0,16326,0.26099999999999995,41,0.36,0.0,0.03478669747710228,682400,0.02,4.768988122972566,50.31373679776306,0.09048320539295673,50.31373679776306,85184,0.18515923619270325,22.815207064151764,0.0003,0.009399175221915357,0.016022462703404017,-1.5006727022118866,0.0596096875378862,-130.12011170387268
6824,,260.64157,100.0,16326,,41,,,0.03478669747710228,682400,0.02,,,,,,,,,,,,,
6828,0.47903004878103034,260.894,100.0,16350,0.27599999999999997,41,1.32,0.0,0.03478939086198807,683200,0.02,4.731676426371637,50.31373679776306,0.08846896281465888,50.31373679776306,85312,0.18397348653525114,22.8593547642231,0.0003,0.009358660856378265,0.015367774925834965,-0.44679708406329155,0.05834300472633913,-130.49155592918396
6832,,260.894,100.0,16350,,41,,,0.03478939086198807,683200,0.02,,,,,,,,,,,,,
6836,0.09777508511782716,259.35074,100.0,16364,0.264,41,0.36,0.0,0.03479853272438049,684000,0.02,4.303002682092127,50.31373679776306,0.0887686253990978,50.31373679776306,85376,0.18263140227645636,22.421934336423874,0.0003,0.009361496326164342,0.014465570435277186,0.6714796875603497,0.057845772011205554,-130.38763439655304
6840,,259.35074,100.0,16364,,41,,,0.03479853272438049,684000,0.02,,,,,,,,,,,,,
6844,0.14917991738213587,255.90204,100.0,16388,0.24299999999999997,41,0.57,0.0,0.03480970486998558,684800,0.02,4.320194142950577,50.31373679776306,0.08811531390529126,50.31373679776306,85504,0.1856655089650303,22.535611510276794,0.0003,0.009375466615892947,0.01472730981913628,0.31073876516893506,0.05680890160147101,-130.25651800632477
6848,,255.90204,100.0,16388,,41,,,0.03480970486998558,684800,0.02,,,,,,,,,,,,,
6852,0.34309172863900556,254.58572,100.0,16410,0.27899999999999997,41,1.14,0.0,0.03481381759047508,685600,0.02,4.659000934446205,50.31373679776306,0.08882823388557881,50.31373679776306,85632,0.18566854600794613,22.327454179525375,0.0003,0.00938886652875226,0.015557058854028583,-0.3133354664314538,0.05957349867094308,-130.17659306526184
6856,,254.58572,100.0,16410,,41,,,0.03481381759047508,685600,0.02,,,,,,,,,,,,,
6860,0.13756355834177558,253.7017,100.0,16424,0.3,41,0.45,0.0,0.03481201082468033,686400,0.02,3.9815411777229857,50.31373679776306,0.08954841096419841,50.31373679776306,85696,0.18623225600458682,22.33664360642433,0.0003,0.0093676398973912,0.01505176919454243,-1.3791105337440968,0.060955326014664024,-130.12506246566772
6864,,253.7017,100.0,16424,,41,,,0.03481201082468033,686400,0.02,,,,,,,,,,,,,
6868,0.0,251.3184,100.0,16447,0.3,41,0.0,0.0,0.03482303023338318,687200,0.02,4.722903358075087,50.31373679776306,0.08804899326059967,50.31373679776306,85824,0.18424799456261098,22.93117007613182,0.0003,0.009364522047690116,0.014728173569892533,0.22783085610717535,0.05908609047764912,-130.82550048828125
6872,,251.3184,100.0,16447,,41,,,0.03482303023338318,687200,0.02,,,,,,,,,,,,,
6876,0.459674681691425,254.61887,100.0,16462,0.3,41,1.26,0.0,0.03482577204704285,688000,0.02,3.6399818981916297,50.31373679776306,0.08893991517834365,50.31373679776306,85888,0.18692076276056468,23.36142310500145,0.0003,0.009356869908515364,0.015382387486170046,-0.35032600560225546,0.0607564658857882,-130.33630454540253
6880,,254.61887,100.0,16462,,41,,,0.03482577204704285,688000,0.02,,,,,,,,,,,,,
6884,0.10764173621135796,254.21925,100.0,16486,0.3,41,0.33,0.0,0.03483256697654724,688800,0.02,4.838994753476023,50.31373679776306,0.08922815893311054,50.31373679776306,86016,0.18563941051252186,22.075808256864548,0.0003,0.009368248080136254,0.015660205739550292,1.2312731590354815,0.06294097204227,-130.43713474273682
6888,,254.21925,100.0,16486,,41,,,0.03483256697654724,688800,0.02,,,,,,,,,,,,,
6892,0.5131387449510245,257.5392,100.0,16501,0.294,41,1.35,0.0,0.03483738377690315,689600,0.02,4.985719517247662,50.31373679776306,0.08960436168126762,50.31373679776306,86080,0.18438543705269694,23.123447984457016,0.0003,0.009388189733726904,0.016798878474219237,-0.35213311831466854,0.06158434791723266,-130.50793170928955
6896,,257.5392,100.0,16501,,41,,,0.03483738377690315,689600,0.02,,,,,,,,,,,,,
6900,0.153573839127555,257.73526,100.0,16523,0.3,41,0.39,0.0,0.03483813256025314,690400,0.02,4.526402717420871,50.31373679776306,0.08927203936036676,50.31373679776306,86208,0.18702320917509496,23.02315902709961,0.0003,0.009389572267537005,0.015646112122340128,-1.3261231787037104,0.060669018246699125,-130.49129581451416
6904,,257.73526,100.0,16523,,41,,,0.03483813256025314,690400,0.02,,,,,,,,,,,,,
6908,0.25582732057335245,258.79007,100.0,16537,0.26099999999999995,41,0.99,0.0,0.034840866923332214,691200,0.02,4.486969900044675,50.31373679776306,0.0913012323435396,50.31373679776306,86272,0.18687523738481104,23.183347642421722,0.0003,0.009366221638629213,0.016099078551633283,-0.16316476184874773,0.06121833802899346,-129.99706065654755
6912,,258.79007,100.0,16537,,41,,,0.034840866923332214,691200,0.02,,,,,,,,,,,,,
6916,0.10483764189670115,259.72235,100.0,16560,0.3,41,0.36,0.0,0.034844547510147095,692000,0.02,4.447610527453822,50.31373679776306,0.08925857290159911,50.31373679776306,86400,0.18637642823159695,22.857921481132507,0.0003,0.009353009620099328,0.015177114022662863,1.8358127120882273,0.06057605834212154,-130.19156861305237
6920,,259.72235,100.0,16560,,41,,,0.034844547510147095,692000,0.02,,,,,,,,,,,,,
6924,0.02962832261976993,259.72458,100.0,16583,0.264,41,0.09,0.0,0.03484807163476944,692800,0.02,4.539497085587184,50.31373679776306,0.09261516982223839,50.31373679776306,86528,0.18553963163867593,22.798766404390335,0.0003,0.009387281141243875,0.016029443439038005,0.18577497638761997,0.059137091622687876,-129.86808824539185
6928,,259.72458,100.0,16583,,41,,,0.03484807163476944,692800,0.02,,,,,,,,,,,,,
6932,0.11461394024299419,260.24387,100.0,16598,0.27299999999999996,41,0.42,0.0,0.03485001623630524,693600,0.02,4.591939573993246,50.31373679776306,0.09358191129285842,50.31373679776306,86592,0.18902429984882474,22.834663331508636,0.0003,0.009378842718433589,0.016635360283544287,-0.5736193376360461,0.06048363324953243,-129.66998946666718
6936,,260.24387,100.0,16598,,41,,,0.03485001623630524,693600,0.02,,,,,,,,,,,,,
6940,0.2834930442470175,263.97827,100.0,16621,0.3,41,0.78,0.0,0.03484219312667847,694400,0.02,5.0503312490978445,50.31373679776306,0.08908575715031475,50.31373679776306,86720,0.18609421094879508,23.171673148870468,0.0003,0.009336126429843716,0.014944594950065948,0.44606901332736015,0.06002324557630345,-130.1884390115738
6944,,263.97827,100.0,16621,,41,,,0.03484219312667847,694400,0.02,,,,,,,,,,,,,
6948,0.3851460595636887,265.80283,100.0,16635,0.3,41,1.35,0.0,0.034839730709791183,695200,0.02,5.013766631068465,50.31373679776306,0.08897203649394214,50.31373679776306,86784,0.18861985648982227,23.147257536649704,0.0003,0.009328694388386793,0.013664751786564011,-0.19812911842018366,0.05979818885680288,-130.33876621723175
6952,,265.80283,100.0,16635,,41,,,0.034839730709791183,695200,0.02,,,,,,,,,,,,,
6956,0.24414897877284367,265.3649,100.0,16658,0.264,41,0.81,0.0,0.034847915172576904,696000,0.01,4.469303356966615,50.31373679776306,0.08827351755462587,50.31373679776306,86912,0.18667238857597113,22.383888602256775,0.0003,0.009400123060913756,0.01473375511704944,1.8207540940493345,0.059217851085122675,-130.2842799425125
6960,,265.3649,100.0,16658,,41,,,0.034847915172576904,696000,0.01,,,,,,,,,,,,,
6964,0.10004622319665422,265.20862,100.0,16672,0.3,41,0.39,0.0,0.03485255688428879,696800,0.01,4.347029879282402,50.31373679776306,0.08847861329559237,50.31373679776306,86976,0.18625596980564296,21.991831302642822,0.0003,0.009446305033634417,0.013874583091819659,1.2028177925385535,0.058846116706263274,-130.15766167640686
6968,,265.20862,100.0,16672,,41,,,0.03485255688428879,696800,0.01,,,,,,,,,,,,,
6972,0.10542134884852888,259.48645,100.0,16695,0.26099999999999995,41,0.51,0.0,0.0348522774875164,697600,0.0,4.548444003305896,50.31373679776306,0.09000815963372588,50.31373679776306,87104,0.1887046447955072,22.750747948884964,0.0003,0.009478398278588429,0.01465741793072084,1.1035051576327533,0.06107140926178545,-130.0373296737671
6976,,259.48645,100.0,16695,,41,,,0.0348522774875164,697600,0.0,,,,,,,,,,,,,
6980,0.0,258.63083,100.0,16718,0.26999999999999996,41,0.0,0.0,0.03485840559005737,698400,0.0,4.507316278321856,50.31373679776306,0.08722416940145195,50.31373679776306,87232,0.1878935124259442,22.318570166826248,0.0003,0.009562275925418362,0.014486674859654158,0.8539251992478967,0.06100322218844667,-130.0591298341751
6984,,258.63083,100.0,16718,,41,,,0.03485840559005737,698400,0.0,,,,,,,,,,,,,
6988,0.4981057245835745,258.81848,100.0,16732,0.3,41,1.5,0.0,0.03485619276762009,699200,0.0,4.899683189155797,50.31373679776306,0.08868386852554977,50.31373679776306,87296,0.18817184981890023,22.638486295938492,0.0003,0.009580206708051264,0.014398841827642173,0.41993558523245156,0.05951402732171118,-130.26115310192108
6992,,258.81848,100.0,16732,,41,,,0.03485619276762009,699200,0.0,,,,,,,,,,,,,
6996,0.19870079936448068,260.7364,100.0,16756,0.24599999999999997,41,0.72,0.0,0.03486121818423271,700000,0.0,4.678409932464722,50.31373679776306,0.08902467612642795,50.31373679776306,87424,0.18888465408235788,22.97837495803833,0.0003,0.00967412423051428,0.013654731039423496,2.428408643230796,0.06001139432191849,-130.32516980171204
7000,,260.7364,100.0,16756,,41,,,0.03486121818423271,700000,0.0,,,,,,,,,,,,,
7004,0.1820519063741718,259.75143,100.0,16770,0.26099999999999995,41,0.42,0.0,0.03486590459942818,700800,0.0,4.659729835116166,49.3074620618078,0.08892999636009336,49.3074620618078,87488,0.18762745126150548,22.06296020746231,0.0003,0.009731430749525316,0.014297920381068252,2.354875619523227,0.057467212493065745,-130.4219205379486
7008,,259.75143,100.0,16770,,41,,,0.03486590459942818,700800,0.0,,,,,,,,,,,,,
7012,0.3833925906016604,261.44672,100.0,16795,0.3,41,1.05,0.0,0.03487889841198921,701600,0.0,4.640776963004953,49.3074620618078,0.08958292845636606,49.3074620618078,87616,0.1886357709299773,22.441032260656357,0.0003,0.00983774998167064,0.014864366108668037,0.922134033869952,0.05978014325955883,-130.01333940029144
7016,,261.44672,100.0,16795,,41,,,0.03487889841198921,701600,0.0,,,,,,,,,,,,,
7020,0.28293526780054623,263.29965,100.0,16810,0.3,41,0.81,0.0,0.03487561270594597,702400,0.0,4.64877596810094,49.3074620618078,0.08804794552270323,49.3074620618078,87680,0.18767556361854076,21.867376148700714,0.0003,0.009869902321952395,0.014040479298273567,0.8837932571768761,0.06051805766765028,-130.1693410873413
7024,,263.29965,100.0,16810,,41,,,0.03487561270594597,702400,0.0,,,,,,,,,,,,,
7028,0.40442742140508076,266.59854,100.0,16832,0.264,41,1.5,0.0,0.034882429987192154,703200,0.0,4.579890476278876,49.3074620618078,0.08878079417627305,49.3074620618078,87808,0.18773157568648458,22.07025420665741,0.0003,0.009949054918251932,0.015080393604876008,3.1334876238834113,0.05885383579879999,-130.0392735004425
7032,,266.59854,100.0,16832,,41,,,0.034882429987192154,703200,0.0,,,,,,,,,,,,,
7036,0.6414818528492284,271.963,100.0,16847,0.3,41,1.38,0.0,0.034888822585344315,704000,0.01,4.45322040054413,49.3074620618078,0.08845689601730555,49.3074620618078,87872,0.18752049980685115,22.67082652449608,0.0003,0.010019277993706055,0.0147094801577623,2.495261295000091,0.0617617170792073,-130.36189651489258
7040,,271.963,100.0,16847,,41,,,0.034888822585344315,704000,0.01,,,,,,,,,,,,,
7044,0.2906791156363409,269.2587,100.0,16870,0.3,41,0.6,0.0,0.03489583358168602,704800,0.02,4.62909303022766,49.3074620618078,0.08803145540878177,49.3074620618078,88000,0.1876215406227857,22.658033668994904,0.0003,0.010096565398271196,0.01613788395479787,1.0768019575625658,0.06027463736245409,-130.30983173847198
7048,,269.2587,100.0,16870,,41,,,0.03489583358168602,704800,0.02,,,,,,,,,,,,,
7052,0.0,265.6974,100.0,16893,0.27,41,0.0,0.0,0.03490466997027397,705600,0.02,4.672291586254689,49.3074620618078,0.09088070434518158,49.3074620618078,88128,0.18952345987781882,22.07019153237343,0.0003,0.010169037399464287,0.01619098130322527,2.6733291518175974,0.06098451197613031,-129.59549748897552
7056,,265.6974,100.0,16893,,41,,,0.03490466997027397,705600,0.02,,,,,,,,,,,,,
7060,0.4204494914811323,266.41785,100.0,16907,0.3,41,1.32,0.0,0.034913547337055206,706400,0.03,4.755870264997941,49.3074620618078,0.08987661451101303,49.3074620618078,88192,0.1872590014245361,21.973167598247528,0.0003,0.010226024067378603,0.015484048861253541,1.2357851597480476,0.06133850564947352,-129.7704210281372
7064,,266.41785,100.0,16907,,41,,,0.034913547337055206,706400,0.03,,,,,,,,,,,,,
7068,0.09436801916148363,269.00494,100.0,16930,0.3,41,0.21,0.0,0.034916359931230545,707200,0.04,4.487614631297905,49.3074620618078,0.08886269549839199,49.3074620618078,88320,0.18733999296091497,22.208313703536987,0.0003,0.010269809077726677,0.015220412140479311,-0.35674608196131885,0.0614573888015002,-130.07786786556244
7072,,269.00494,100.0,16930,,41,,,0.034916359931230545,707200,0.04,,,,,,,,,,,,,
7076,0.6558814751664975,275.1298,100.0,16944,0.3,41,1.89,0.0,0.03491854667663574,708000,0.05,4.903235601556006,49.3074620618078,0.08974908478558064,49.3074620618078,88384,0.1915922649204731,22.02284637093544,0.0003,0.010275506429024972,0.015122535194677766,0.7973036754410714,0.05964040436083451,-129.76903021335602
7080,,275.1298,100.0,16944,,41,,,0.03491854667663574,708000,0.05,,,,,,,,,,,,,
7084,0.2628596693679809,272.75323,100.0,16968,0.3,41,0.78,0.0,0.034924548119306564,708800,0.05,4.496988998540485,49.3074620618078,0.0908364987699315,49.3074620618078,88512,0.18787554372102022,22.267787516117096,0.0003,0.010296122389263473,0.016502759637660347,0.36747580324299634,0.06333759642438963,-129.95813596248627
7088,,272.75323,100.0,16968,,41,,,0.034924548119306564,708800,0.05,,,,,,,,,,,,,
7092,0.1340556139083828,271.2756,100.0,16982,0.3,41,0.36,0.0,0.034921471029520035,709600,0.05,4.633590531800039,49.3074620618078,0.08879517263267189,49.3074620618078,88576,0.18743261322379112,21.785657346248627,0.0003,0.01029427326284349,0.01442124716413673,-0.6580935481470078,0.061528023274149746,-129.9042066335678
7096,,271.2756,100.0,16982,,41,,,0.034921471029520035,709600,0.05,,,,,,,,,,,,,
7100,0.2506830655589473,272.44183,100.0,17006,0.267,41,0.9,0.0,0.03491487354040146,710400,0.05,4.904196578175441,49.3074620618078,0.08976943301968277,49.3074620618078,88704,0.18888950860127807,23.14867490530014,0.0003,0.010234042827505618,0.015803874237462878,0.5574765979545191,0.06153232179349288,-130.0471966266632
7104,,272.44183,100.0,17006,,41,,,0.03491487354040146,710400,0.05,,,,,,,,,,,,,
7108,0.16937267902137257,274.28244,100.0,17029,0.282,41,0.72,0.0,0.034919623285532,711200,0.05,4.863587451783176,49.3074620618078,0.09018110926263034,49.3074620618078,88832,0.19103959808126092,23.681744545698166,0.0003,0.010263454474625178,0.01506316404993413,0.7073586648330092,0.061903583991806954,-130.08350682258606
7112,,274.28244,100.0,17029,,41,,,0.034919623285532,711200,0.05,,,,,,,,,,,,,
7116,0.34647347156489794,276.07068,100.0,17043,0.3,41,0.99,0.0,0.034924328327178955,712000,0.05,4.992587922511897,49.3074620618078,0.0877169284503907,49.3074620618078,88896,0.18739270349033177,22.49581405520439,0.0003,0.010283806797815487,0.014998649996414315,1.0745564927347004,0.05996606725966558,-130.06164014339447
7120,,276.07068,100.0,17043,,41,,,0.034924328327178955,712000,0.05,,,,,,,,,,,,,
7124,0.04965822610319276,275.3835,100.0,17067,0.27599999999999997,41,0.18,0.0,0.034935660660266876,712800,0.06,4.075696560565367,49.3074620618078,0.0892816751729697,49.3074620618078,89024,0.18875795137137175,22.414658218622208,0.0003,0.01035868348844815,0.016176673605514225,1.138088772073388,0.06110884377267212,-130.19261026382446
7128,,275.3835,100.0,17067,,41,,,0.034935660660266876,712800,0.06,,,,,,,,,,,,,
7132,0.3216281642724863,274.32407,100.0,17082,0.3,41,1.08,0.0,0.03493630513548851,713600,0.06,4.8209493343204,49.3074620618078,0.08776324731297791,49.3074620618078,89088,0.18873336096294224,22.525213420391083,0.0003,0.010377364334999584,0.016563166376727168,0.3113084891811013,0.0608519678353332,-129.80849301815033
7136,,274.32407,100.0,17082,,41,,,0.03493630513548851,713600,0.06,,,,,,,,,,,,,
7140,0.39297575945443974,274.48602,100.0,17106,0.3,41,0.93,0.0,0.034943100064992905,714400,0.05,4.817355632347082,49.3074620618078,0.08748366078361869,49.3074620618078,89216,0.18639133218675852,22.201046764850616,0.0003,0.010418657824629918,0.01507157687592553,0.7274345043115318,0.060531580937094986,-130.6444535255432
7144,,274.48602,100.0,17106,,41,,,0.034943100064992905,714400,0.05,,,,,,,,,,,,,
7148,0.09695939310710676,273.2204,100.0,17119,0.3,41,0.39,0.0,0.03494871407747269,715200,0.04,4.721785268958346,49.3074620618078,0.08836799440905452,49.3074620618078,89280,0.18904850422404706,22.398586243391037,0.0003,0.01042492050328292,0.016171068768016994,-0.44601306109689176,0.06213347235461697,-130.23584854602814
7152,,273.2204,100.0,17119,,41,,,0.03494871407747269,715200,0.04,,,,,,,,,,,,,
7156,0.28082360073240986,274.927,100.0,17142,0.3,41,1.08,0.0,0.034953173249959946,716000,0.04,5.085457994376771,49.3074620618078,0.08950027311220765,49.3074620618078,89408,0.19072356028482318,23.12066274881363,0.0003,0.010380798281403258,0.01512375489983242,-1.0246212899219245,0.06230268516810611,-129.9453616142273
7160,,274.927,100.0,17142,,41,,,0.034953173249959946,716000,0.04,,,,,,,,,,,,,
7164,0.4033702753324001,277.8633,100.0,17156,0.29699999999999993,41,1.02,0.0,0.03495927155017853,716800,0.03,4.549541310595773,49.3074620618078,0.08798947290051728,49.3074620618078,89472,0.18860845849849284,21.654587119817734,0.0003,0.010357308274251409,0.014873081810947042,-0.7122902013361454,0.05918416293570772,-130.32158255577087
7168,,277.8633,100.0,17156,,41,,,0.03495927155017853,716800,0.03,,,,,,,,,,,,,
7172,0.2783125305819237,276.849,100.0,17181,0.264,41,0.75,0.0,0.03496232628822327,717600,0.03,4.689650451008545,49.3074620618078,0.08712401916272938,49.3074620618078,89600,0.18808211339637637,22.54367446899414,0.0003,0.01034044221160002,0.01345441177545581,-1.9793962568510324,0.06027553114108741,-129.902135014534
7176,,276.849,100.0,17181,,41,,,0.03496232628822327,717600,0.03,,,,,,,,,,,,,
7180,0.26201096945142244,279.37064,100.0,17205,0.264,41,0.78,0.0,0.03495873883366585,718400,0.03,4.271753440302778,49.3074620618078,0.08806295262183994,49.3074620618078,89728,0.18921664380468428,22.65789958834648,0.0003,0.010243753087706864,0.01605046402255539,0.14569769566878676,0.06032935972325504,-130.05638253688812
7184,,279.37064,100.0,17205,,41,,,0.03495873883366585,718400,0.03,,,,,,,,,,,,,
7188,0.20286909822718271,277.05545,100.0,17218,0.24599999999999994,41,0.84,0.0,0.03495683893561363,719200,0.03,4.448195762202197,49.3074620618078,0.08777934452518821,49.3074620618078,89792,0.18755073798820376,22.712502419948578,0.0003,0.010226284503005445,0.016432753473054618,-0.7885568700730801,0.06190389767289162,-130.30388689041138
7192,,277.05545,100.0,17218,,41,,,0.03495683893561363,719200,0.03,,,,,,,,,,,,,
7196,0.3675902509870453,279.11972,100.0,17242,0.3,41,1.2,0.0,0.03496178984642029,720000,0.03,4.755025394815642,49.3074620618078,0.0888416696107015,49.3074620618078,89920,0.18906133528798819,22.53427678346634,0.0003,0.010219404051895253,0.016839561627421062,-1.6232339672278613,0.06163590057985857,-130.02137970924377
7200,,279.11972,100.0,17242,,41,,,0.03496178984642029,720000,0.03,,,,,,,,,,,,,
7204,0.08824415346913465,276.53555,100.0,17255,0.3,41,0.36,0.0,0.03496285527944565,720800,0.03,4.759948959475178,48.32131282057164,0.0878177743870765,48.32131282057164,89984,0.18771774065680802,21.950507760047913,0.0003,0.010191531750024296,0.015314481046516448,-0.5700897295027971,0.05918391316663474,-130.46378695964813
7208,,276.53555,100.0,17255,,41,,,0.03496285527944565,720800,0.03,,,,,,,,,,,,,
7212,0.26859973441426493,276.8498,100.0,17279,0.25799999999999995,41,0.99,0.0,0.0349624902009964,721600,0.03,4.584155406389766,48.32131282057164,0.08618345577269793,48.32131282057164,90112,0.18486539856530726,22.11621841788292,0.0003,0.01015044335508719,0.015578941245621536,-0.53330840007402,0.059014067868702114,-130.47891092300415
7216,,276.8498,100.0,17279,,41,,,0.0349624902009964,721600,0.03,,,,,,,,,,,,,
7220,0.07298859653091337,277.14203,100.0,17293,0.3,41,0.36,0.0,0.03496222570538521,722400,0.04,4.161351629051115,48.32131282057164,0.08816297305747867,48.32131282057164,90176,0.1888373871333897,22.334585458040237,0.0003,0.010141850943909958,0.015328630019212142,-0.1494822126114741,0.06169730192050338,-130.54448854923248
7224,,277.14203,100.0,17293,,41,,,0.03496222570538521,722400,0.04,,,,,,,,,,,,,
7228,0.14492971100071034,273.57288,100.0,17317,0.3,41,0.6,0.0,0.03495926037430763,723200,0.03,4.3253898851724895,48.32131282057164,0.08832370361778885,48.32131282057164,90304,0.18781880987808108,21.979402661323547,0.0003,0.010092624361277558,0.01541023869503988,-1.536773954052478,0.061681208782829344,-130.62115967273712
7232,,273.57288,100.0,17317,,41,,,0.03495926037430763,723200,0.03,,,,,,,,,,,,,
7236,0.0,269.8638,100.0,17340,0.22499999999999998,41,0.0,0.0,0.03496013954281807,724000,0.03,4.668773521652162,48.32131282057164,0.08608135068789124,48.32131282057164,90432,0.1873790160752833,21.769943863153458,0.0003,0.010048308453406207,0.013682062693987973,-0.6140000261366367,0.061204652360174805,-130.78048253059387
7240,,269.8638,100.0,17340,,41,,,0.03496013954281807,724000,0.03,,,,,,,,,,,,,
7244,0.2255040755596713,270.88647,100.0,17353,0.3,41,0.66,0.0,0.03495752811431885,724800,0.04,4.51124658914698,48.32131282057164,0.08756881637964398,48.32131282057164,90496,0.18738711904734373,22.84074565768242,0.0003,0.010037921427283436,0.014914294712070841,-0.7994427848607302,0.06226237880764529,-130.55565416812897
7248,,270.88647,100.0,17353,,41,,,0.03495752811431885,724800,0.04,,,,,,,,,,,,,
7252,0.24897214297793263,271.78696,100.0,17377,0.26099999999999995,41,0.69,0.0,0.03495604544878006,725600,0.05,4.723581592533611,48.32131282057164,0.0892029027454555,48.32131282057164,90624,0.1882194171193987,21.383747696876526,0.0003,0.01000885597022716,0.015014225922641344,0.2016957551240921,0.0583204718423076,-130.18588030338287
7256,,271.78696,100.0,17377,,41,,,0.03495604544878006,725600,0.05,,,,,,,,,,,,,
7260,0.3446852263696974,269.27167,100.0,17391,0.3,41,1.17,0.0,0.03495364263653755,726400,0.04,4.8105444729874804,48.32131282057164,0.08963052008766681,48.32131282057164,90688,0.18798847612924874,22.082410365343094,0.0003,0.01000266007031314,0.01584533046116121,-0.46359622571617365,0.06083671614760533,-130.31814312934875
7264,,269.27167,100.0,17391,,41,,,0.03495364263653755,726400,0.04,,,,,,,,,,,,,
7268,0.30062845994910226,271.67868,100.0,17414,0.27599999999999997,41,0.93,0.0,0.03495731204748154,727200,0.04,4.94059865106854,48.32131282057164,0.08574211946688592,48.32131282057164,90816,0.18859422765672207,21.861343324184418,0.0003,0.010028309698100202,0.014114959092694335,0.7534349067136645,0.06042833754327148,-130.62243700027466
7272,,271.67868,100.0,17414,,41,,,0.03495731204748154,727200,0.04,,,,,,,,,,,,,
7276,0.12054325972494938,271.6493,100.0,17428,0.25799999999999995,41,0.36,0.0,0.03496319055557251,728000,0.04,4.074569284435658,48.32131282057164,0.08625231357291341,48.32131282057164,90880,0.18424891214817762,21.75203001499176,0.0003,0.010059862703201361,0.014800252618442755,0.7979096085764468,0.0607426674105227,-130.65298128128052
7280,,271.6493,100.0,17428,,41,,,0.03496319055557251,728000,0.04,,,,,,,,,,,,,
7284,0.1083145802232855,271.55542,100.0,17452,0.3,41,0.39,0.0,0.034961529076099396,728800,0.03,4.754052462656919,48.32131282057164,0.08724675164557993,48.32131282057164,91008,0.187306935666129,21.70558536052704,0.0003,0.010089719304232858,0.014178930141497403,0.7223655018024147,0.05989981448510662,-130.63792955875397
7288,,271.55542,100.0,17452,,41,,,0.034961529076099396,728800,0.03,,,,,,,,,,,,,
7292,0.26810525163816906,273.80283,100.0,17468,0.3,41,0.96,0.0,0.03496088832616806,729600,0.04,4.28180596083763,48.32131282057164,0.08750606863759458,48.32131282057164,91072,0.18667453713715076,21.95449760556221,0.0003,0.010111986586707644,0.015263148532540072,0.9411878057289869,0.060881142562720925,-130.8856201171875
7296,,273.80283,100.0,17468,,41,,,0.03496088832616806,729600,0.04,,,,,,,,,,,,,
7300,0.21076930285846018,274.0166,100.0,17492,0.264,41,0.6,0.0,0.034958865493535995,730400,0.06,3.9671868373485943,48.32131282057164,0.08702388976234943,48.32131282057164,91200,0.18665126571431756,21.85570964217186,0.0003,0.010129056550795212,0.015100374817848206,1.893016381189227,0.058753747143782675,-130.86187052726746
7304,,274.0166,100.0,17492,,41,,,0.034958865493535995,730400,0.06,,,,,,,,,,,,,
7308,0.031210687940773765,273.8618,100.0,17515,0.3,41,0.15,0.0,0.03494759649038315,731200,0.06,4.615148920435963,48.32131282057164,0.08836697647348046,48.32131282057164,91328,0.1903996600303799,22.02013972401619,0.0003,0.01016622745373752,0.014946478870115243,0.7346596133429557,0.06156954728066921,-131.04351377487183
7312,,273.8618,100.0,17515,,41,,,0.03494759649038315,731200,0.06,,,,,,,,,,,,,
7316,0.23879409092712817,271.22626,100.0,17530,0.3,41,0.78,0.0,0.03494628518819809,732000,0.06,4.659633704589399,48.32131282057164,0.08775177644565701,48.32131282057164,91392,0.1876252479851246,22.21725031733513,0.0003,0.010195887443842366,0.014827068334852811,1.3918763846158981,0.0591878421837464,-130.84327805042267
7320,,271.22626,100.0,17530,,41,,,0.03494628518819809,732000,0.06,,,,,,,,,,,,,
7324,0.30458436357855123,272.91995,100.0,17554,0.3,41,0.96,0.0,0.03494585305452347,732800,0.06,4.684568972910894,48.32131282057164,0.08799855690449476,48.32131282057164,91520,0.1898442287929356,22.659873843193054,0.0003,0.010301709437044337,0.014935823928681202,-0.7915858011692762,0.059539192472584546,-130.46737027168274
7328,,272.91995,100.0,17554,,41,,,0.03494585305452347,732800,0.06,,,,,,,,,,,,,
7332,0.17666224486820264,273.74368,100.0,17569,0.3,41,0.45,0.0,0.03494695574045181,733600,0.06,4.920136129836277,48.32131282057164,0.08879401464946568,48.32131282057164,91584,0.19261381262913346,22.314850091934204,0.0003,0.010311711943359114,0.01455825379525777,2.4682257436215878,0.060968626115936786,-130.40759444236755
7336,,273.74368,100.0,17569,,41,,,0.03494695574045181,733600,0.06,,,,,,,,,,,,,
7340,0.2013703670684585,270.90497,100.0,17593,0.249,41,0.63,0.0,0.034943290054798126,734400,0.05,4.7340951019651945,48.32131282057164,0.08948788873385638,48.32131282057164,91712,0.19080370455048978,22.20116850733757,0.0003,0.01035649144614581,0.016419387509813532,1.1085325991734862,0.06297156226355582,-130.27729952335358
7344,,270.90497,100.0,17593,,41,,,0.034943290054798126,734400,0.05,,,,,,,,,,,,,
7348,0.08134726459705939,270.31122,100.0,17607,0.3,41,0.27,0.0,0.03494487330317497,735200,0.05,4.684970165486697,48.32131282057164,0.0883212205953896,48.32131282057164,91776,0.18914412870071828,21.97330704331398,0.0003,0.010377790342317894,0.01576511409075465,0.11647841893136501,0.06220304855378345,-130.51166558265686
7352,,270.31122,100.0,17607,,41,,,0.03494487330317497,735200,0.05,,,,,,,,,,,,,
7356,0.31313304293410316,270.75366,100.0,17631,0.3,41,1.17,0.0,0.034952159970998764,736000,0.04,4.808277442443757,48.32131282057164,0.08972523536067456,48.32131282057164,91904,0.1892600932624191,21.622610419988632,0.0003,0.010462074395036325,0.015502310692681931,2.034047276712954,0.06124986405484378,-130.6461787223816
7360,,270.75366,100.0,17631,,41,,,0.034952159970998764,736000,0.04,,,,,,,,,,,,,
7364,0.15553056132509013,271.6072,100.0,17654,0.2909999999999999,41,0.75,0.0,0.034953635185956955,736800,0.05,4.461241450747162,48.32131282057164,0.08912292344029993,48.32131282057164,92032,0.19228528486564755,22.2796747982502,0.0003,0.01051864329201635,0.01584485892817611,0.342681584879756,0.06135611800709739,-130.66104936599731
7368,,271.6072,100.0,17654,,41,,,0.034953635185956955,736800,0.05,,,,,,,,,,,,,
7372,0.16144265011523953,269.7855,100.0,17667,0.3,41,0.39,0.0,0.034955453127622604,737600,0.06,3.8569199398175944,48.32131282057164,0.08843648119363934,48.32131282057164,92096,0.19010954862460494,22.137847781181335,0.0003,0.010534100438235328,0.015285460714949295,0.7494296273216605,0.06227581488201395,-130.8440808057785
7376,,269.7855,100.0,17667,,41,,,0.034955453127622604,737600,0.06,,,,,,,,,,,,,
7380,0.05354117123368876,271.72156,100.0,17691,0.26099999999999995,41,0.27,0.0,0.03495767340064049,738400,0.07,3.907388625028773,48.32131282057164,0.08981854969169945,48.32131282057164,92224,0.19035755028016865,21.711003571748734,0.0003,0.010565918913925998,0.014723715154104866,1.9178000814281404,0.060911339591257274,-131.09787225723267
7384,,271.72156,100.0,17691,,41,,,0.03495767340064049,738400,0.07,,,,,,,,,,,,,
7388,0.1329665041165531,267.28723,100.0,17704,0.3,41,0.39,0.0,0.03496498987078667,739200,0.07,4.929634789732894,48.32131282057164,0.09023086354136467,48.32131282057164,92288,0.1916198036633432,21.94426593184471,0.0003,0.01061972182651516,0.015335785268689506,1.7714577906299382,0.0608070429880172,-131.28654026985168
7392,,267.28723,100.0,17704,,41,,,0.03496498987078667,739200,0.07,,,,,,,,,,,,,
7396,0.1764897706346808,265.99106,100.0,17728,0.3,41,0.78,0.0,0.034965578466653824,740000,0.04,4.766682294901384,48.32131282057164,0.08863755129277706,48.32131282057164,92416,0.19163804920390248,22.560047656297684,0.0003,0.010640578213497065,0.013773293554550037,1.421170893125236,0.06199681549333036,-131.2179660797119
7400,,265.99106,100.0,17728,,41,,,0.034965578466653824,740000,0.04,,,,,,,,,,,,,
7404,0.20356283988798318,267.03165,100.0,17741,0.3,41,0.78,0.0,0.03496866673231125,740800,0.04,4.8059468828099865,47.35488656416021,0.08917509601451457,47.35488656416021,92480,0.19226831290870905,22.21880340576172,0.0003,0.010688890601159073,0.014815304479270708,1.385344976792112,0.06238996610045433,-131.50225019454956
7408,,267.03165,100.0,17741,,41,,,0.03496866673231125,740800,0.04,,,,,,,,,,,,,
7412,0.031782316534386915,262.7542,100.0,17764,0.26099999999999995,41,0.09,0.0,0.034967124462127686,741600,0.04,4.307100561978115,47.35488656416021,0.08940690627787262,47.35488656416021,92608,0.1906823180615902,21.715740472078323,0.0003,0.01076023661880754,0.01526867957727518,2.310369421262294,0.05892123770900071,-131.26232886314392
7416,,262.7542,100.0,17764,,41,,,0.034967124462127686,741600,0.04,,,,,,,,,,,,,
7420,0.16217630865195487,262.86972,100.0,17778,0.3,41,0.39,0.0,0.03496937453746796,742400,0.04,4.675821991844488,47.35488656416021,0.08915272983722389,47.35488656416021,92672,0.19096846831962466,22.295340418815613,0.0003,0.010800943593494594,0.014705674089782406,0.1060745355207473,0.06256818771362305,-131.3700224161148
7424,,262.86972,100.0,17778,,41,,,0.03496937453746796,742400,0.04,,,,,,,,,,,,,
7428,0.11742456965015352,263.5693,100.0,17801,0.264,41,0.39,0.0,0.0349675789475441,743200,0.04,3.651443278386252,47.35488656416021,0.0878702464979142,47.35488656416021,92800,0.19116058805957437,21.64281937479973,0.0003,0.01085183213581331,0.014037459550308995,-1.1117231629323214,0.06088181084487587,-131.4260288476944
7432,,263.5693,100.0,17801,,41,,,0.0349675789475441,743200,0.04,,,,,,,,,,,,,
7436,0.162878166453404,262.56818,100.0,17825,0.3,41,0.42,0.0,0.0349695049226284,744000,0.04,4.867589770461489,47.35488656416021,0.08944685605820268,47.35488656416021,92928,0.19260842818766832,22.497441858053207,0.0003,0.010897520231083035,0.014618644956499338,2.595779293216765,0.061086866480764,-131.8046237230301
7440,,262.56818,100.0,17825,,41,,,0.0349695049226284,744000,0.04,,,,,,,,,,,,,
7444,0.48435583439280433,265.3854,100.0,17839,0.288,41,1.47,0.0,0.034972742199897766,744800,0.04,4.72219686421913,47.35488656416021,0.09017836360726506,47.35488656416021,92992,0.1927026859484613,22.331027001142502,0.0003,0.01094938586174976,0.01592443700064905,1.058443984016776,0.06184873392339796,-131.3334186077118
7448,,265.3854,100.0,17839,,41,,,0.034972742199897766,744800,0.04,,,,,,,,,,,,,
7452,0.08466592945538814,268.02618,100.0,17862,0.27899999999999997,41,0.15,0.0,0.03498051315546036,745600,0.05,3.6400133329580417,47.35488656416021,0.09003797918558121,47.35488656416021,93120,0.19465486705303192,22.78723379969597,0.0003,0.01103099578176625,0.013601391394331586,-0.4616669723764062,0.06109391734935343,-131.59235405921936
7456,,268.02618,100.0,17862,,41,,,0.03498051315546036,745600,0.05,,,,,,,,,,,,,
7460,0.4523634745516811,268.3919,100.0,17877,0.29699999999999993,41,1.41,0.0,0.03498586267232895,746400,0.04,4.585533682295183,47.35488656416021,0.0899586231680587,47.35488656416021,93184,0.19354418921284378,22.667862474918365,0.0003,0.0110241150832735,0.015679864656704012,0.6942020561546087,0.0615835995413363,-131.66477918624878
7464,,268.3919,100.0,17877,,41,,,0.03498586267232895,746400,0.04,,,,,,,,,,,,,
7468,0.0,266.57092,100.0,17899,0.29699999999999993,41,0.0,0.0,0.03499090299010277,747200,0.04,4.618357188129263,47.35488656416021,0.09110251488164067,47.35488656416021,93312,0.19352374924346805,22.027019888162613,0.0003,0.011047049862099811,0.015116236172616482,1.48478319728747,0.061311969126109034,-131.51844334602356
7472,,266.57092,100.0,17899,,41,,,0.03499090299010277,747200,0.04,,,,,,,,,,,,,
7476,0.08566557373349054,262.86896,100.0,17913,0.2879999999999999,41,0.27,0.0,0.034992240369319916,748000,0.02,4.702262766729428,47.35488656416021,0.087900934740901,47.35488656416021,93376,0.19197005266323686,21.773279428482056,0.0003,0.01107693399535492,0.012632564117666334,-0.16865915339440107,0.06118542852345854,-131.9235188961029
7480,,262.86896,100.0,17913,,41,,,0.034992240369319916,748000,0.02,,,,,,,,,,,,,
7484,0.21871588815300133,263.1686,100.0,17935,0.26099999999999995,41,0.63,0.0,0.034997038543224335,748800,0.02,4.8857606900635435,47.35488656416021,0.09011157520581037,47.35488656416021,93504,0.19344793329946697,21.889748722314835,0.0003,0.011105596669949591,0.015772480772284325,-0.5435978507157415,0.06081817427184433,-131.80365467071533
7488,,263.1686,100.0,17935,,41,,,0.034997038543224335,748800,0.02,,,,,,,,,,,,,
7492,0.03787053583849951,260.42035,100.0,17958,0.2909999999999999,41,0.18,0.0,0.03498798608779907,749600,0.02,4.275518029337641,47.35488656416021,0.08971842529717833,47.35488656416021,93632,0.1931631024926901,21.99265217781067,0.0003,0.011095728739746846,0.015022265914012678,-1.003585119266063,0.05928731197491288,-131.81050086021423
7496,,260.42035,100.0,17958,,41,,,0.03498798608779907,749600,0.02,,,,,,,,,,,,,
7500,0.29427320314032107,265.8926,100.0,17972,0.3,41,0.87,0.0,0.034985363483428955,750400,0.04,3.766758255378763,47.35488656416021,0.08894942561164498,47.35488656416021,93696,0.1925064919050783,22.50521409511566,0.0003,0.011070871551055461,0.014693620556499809,-0.6531626782380044,0.060360476665664464,-132.16281700134277
7504,,265.8926,100.0,17972,,41,,,0.034985363483428955,750400,0.04,,,,,,,,,,,,,
7508,0.12795176005428563,272.70184,100.0,17995,0.26099999999999995,41,0.45,0.0,0.03499285504221916,751200,0.05,4.302135039577838,47.35488656416021,0.0885197960305959,47.35488656416021,93824,0.19108459958806634,22.6431944668293,0.0003,0.011053023932618089,0.015058937126013916,1.6105736575555056,0.059854364313650876,-132.36588048934937
7512,,272.70184,100.0,17995,,41,,,0.03499285504221916,751200,0.05,,,,,,,,,,,,,
7516,0.13871933984683577,274.11435,100.0,18009,0.3,41,0.48,0.0,0.034989651292562485,752000,0.05,4.747567668978723,47.35488656416021,0.08726450661197305,47.35488656416021,93888,0.19259873987175524,23.663249671459198,0.0003,0.01104806385410484,0.013956676011730451,0.11890277778729796,0.06211102439556271,-132.12235355377197
7520,,274.11435,100.0,18009,,41,,,0.034989651292562485,752000,0.05,,,,,,,,,,,,,
7524,0.12225022664047629,270.66418,100.0,18033,0.3,41,0.42,0.0,0.03498181328177452,752800,0.04,4.527983558299375,47.35488656416021,0.08885719894897193,47.35488656416021,94016,0.1953922037500888,23.66472378373146,0.0003,0.011061940065701492,0.014082398090977222,0.06589416414499283,0.06086180836427957,-132.51509833335876
7528,,270.66418,100.0,18033,,41,,,0.03498181328177452,752800,0.04,,,,,,,,,,,,,
7532,0.0068152844355657115,269.92273,100.0,18047,0.26099999999999995,41,0.03,0.0,0.03498459607362747,753600,0.04,4.356970751914094,47.35488656416021,0.088296027504839,47.35488656416021,94080,0.19401133409701288,22.620652437210083,0.0003,0.011072897774283774,0.014406564354430884,1.0025601293891668,0.05944282643031329,-132.42009162902832
7536,,269.92273,100.0,18047,,41,,,0.03498459607362747,753600,0.04,,,,,,,,,,,,,
7540,0.12231173423909793,271.09796,100.0,18071,0.29699999999999993,41,0.36,0.0,0.03499507158994675,754400,0.04,4.574638808405124,47.35488656416021,0.08830199728254229,47.35488656416021,94208,0.19231244875118136,22.769215911626816,0.0003,0.01115146157098934,0.013359303819015622,-0.775148166809231,0.06001371279126033,-132.5845444202423
7544,,271.09796,100.0,18071,,41,,,0.03499507158994675,754400,0.04,,,,,,,,,,,,,
7548,0.4657068934165188,270.2704,100.0,18085,0.3,41,1.29,0.0,0.03499766066670418,755200,0.05,4.186854976078882,47.35488656416021,0.08705114189069718,47.35488656416021,94272,0.19341257493942976,22.34476736187935,0.0003,0.011149425801704638,0.013993577791552525,1.9525825260207057,0.06095437775366008,-132.44992303848267
7552,,270.2704,100.0,18085,,41,,,0.03499766066670418,755200,0.05,,,,,,,,,,,,,
7556,0.09392109928615888,268.6318,100.0,18109,0.26099999999999995,41,0.33,0.0,0.034999605268239975,756000,0.05,4.479286152764704,47.35488656416021,0.08852138509973884,47.35488656416021,94400,0.1944466393906623,23.40242627263069,0.0003,0.011178344444488175,0.014936967170797288,-0.4759279922582209,0.06114105612505227,-132.66085815429688
7560,,268.6318,100.0,18109,,41,,,0.034999605268239975,756000,0.05,,,,,,,,,,,,,
7564,0.05272615433531706,266.5653,100.0,18135,0.26099999999999995,41,0.24,0.0,0.0349995456635952,756800,0.05,4.5527220697754105,47.35488656416021,0.09002396534197032,47.35488656416021,94528,0.1952334411907941,22.84071296453476,0.0003,0.011141768743982539,0.016421999542217236,-0.28344398678746074,0.06257540150545537,-132.9236614704132
7568,,266.5653,100.0,18135,,41,,,0.0349995456635952,756800,0.05,,,,,,,,,,,,,
7572,0.24542017216821105,268.42358,100.0,18148,0.2879999999999999,41,0.78,0.0,0.034995146095752716,757600,0.05,4.619240771791148,47.35488656416021,0.09061091544572264,47.35488656416021,94592,0.19405118376016617,22.695910960435867,0.0003,0.011140772185171954,0.014492209527816158,0.07033232995308936,0.061181253811810166,-132.84818720817566
7576,,268.42358,100.0,18148,,41,,,0.034995146095752716,757600,0.05,,,,,,,,,,,,,
7580,0.1517470754219007,266.52975,100.0,18170,0.3,41,0.45,0.0,0.03499508649110794,758400,0.05,4.694426444911901,47.35488656416021,0.08915012748911977,47.35488656416021,94720,0.19525881088338792,23.056149870157242,0.0003,0.01118296587083023,0.01509843332314631,0.07034021057188511,0.0599886502022855,-132.9168200492859
7584,,266.52975,100.0,18170,,41,,,0.03499508649110794,758400,0.05,,,,,,,,,,,,,
7588,0.16886585788843925,270.568,100.0,18184,0.3,41,0.72,0.0,0.03500005230307579,759200,0.06,3.7604885633852088,47.35488656416021,0.08936946012545377,47.35488656416021,94784,0.19412059639580548,23.214449375867844,0.0003,0.011192247897270136,0.01538919635640923,0.5175262247212231,0.061100777704268694,-133.04335045814514
7592,,270.568,100.0,18184,,41,,,0.03500005230307579,759200,0.06,,,,,,,,,,,,,
7596,0.3072568034796023,271.25156,100.0,18209,0.282,41,0.87,0.0,0.03499983996152878,760000,0.06,4.496463561420606,47.35488656416021,0.09074614150449634,47.35488656416021,94912,0.19593540020287037,23.619726240634918,0.0003,0.011197640458703972,0.01594844819919672,0.08142966474406421,0.06123422982636839,-132.85174250602722
7600,,271.25156,100.0,18209,,41,,,0.03499983996152878,760000,0.06,,,,,,,,,,,,,
7604,0.0,266.32654,100.0,18223,0.25799999999999995,41,0.0,0.0,0.03499709814786911,760800,0.04,4.406080383805392,46.407788832877,0.08911195315886289,46.407788832877,94976,0.1947691550012678,23.501527935266495,0.0003,0.011184455433976837,0.01545597382937558,-1.3274443018017337,0.06272265943698585,-133.19611859321594
7608,,266.32654,100.0,18223,,41,,,0.03499709814786911,760800,0.04,,,,,,,,,,,,,
7612,0.2952944869694712,266.20404,100.0,18247,0.3,41,0.93,0.0,0.034997448325157166,761600,0.05,4.198167571651736,46.407788832877,0.08807139308191836,46.407788832877,95104,0.19515838520601392,23.782433569431305,0.0003,0.011125334203825332,0.014981131775130052,0.5715091202873737,0.061145175888668746,-133.3480896949768
7616,,266.20404,100.0,18247,,41,,,0.034997448325157166,761600,0.05,,,,,,,,,,,,,
7620,0.0,266.69467,100.0,18270,0.285,41,0.0,0.0,0.034999385476112366,762400,0.05,4.504576720982602,46.407788832877,0.09097248851321638,46.407788832877,95232,0.19875387521460652,23.82625186443329,0.0003,0.011156769542139955,0.015409817569889128,0.5104476393898949,0.06337465782416984,-132.90328907966614
7624,,266.69467,100.0,18270,,41,,,0.034999385476112366,762400,0.05,,,,,,,,,,,,,
7628,0.16557292904999307,267.1008,100.0,18284,0.29699999999999993,41,0.63,0.0,0.034998223185539246,763200,0.05,4.932213012699692,46.407788832877,0.08856385352555662,46.407788832877,95296,0.1970141117926687,23.746633797883987,0.0003,0.011158695531776175,0.014166217239107937,-0.1355471860151738,0.06324899732135236,-133.50567722320557
7632,,267.1008,100.0,18284,,41,,,0.034998223185539246,763200,0.05,,,,,,,,,,,,,
7636,0.2829591103472632,272.34637,100.0,18307,0.29699999999999993,41,0.75,0.0,0.034996647387742996,764000,0.06,3.781933884516712,46.407788832877,0.08838278672192246,46.407788832877,95424,0.1964551154524088,24.59316197037697,0.0003,0.011142114773974754,0.014624405521317385,-1.6406277888454497,0.06408522702986374,-133.64535546302795
7640,,272.34637,100.0,18307,,41,,,0.034996647387742996,764000,0.06,,,,,,,,,,,,,
7644,0.18369647728405888,272.35883,100.0,18320,0.27899999999999997,41,0.75,0.0,0.03498675301671028,764800,0.06,4.193673142526433,46.407788832877,0.0893416398903355,46.407788832877,95488,0.197409073356539,23.68464469909668,0.0003,0.011082667493610643,0.016321303599397652,-1.1010843450203538,0.06406825454905629,-133.62091636657715
7648,,272.35883,100.0,18320,,41,,,0.03498675301671028,764800,0.06,,,,,,,,,,,,,
7652,0.23492360508373672,269.99963,100.0,18344,0.26099999999999995,41,0.78,0.0,0.034978948533535004,765600,0.05,4.969023234720979,46.407788832877,0.08932245906908065,46.407788832877,95616,0.19770288071595132,23.87054279446602,0.0003,0.011014001836883835,0.014785469677008223,-1.5624516468960792,0.06176630308618769,-133.60130739212036
7656,,269.99963,100.0,18344,,41,,,0.034978948533535004,765600,0.05,,,,,,,,,,,,,
7660,0.4028084903526193,270.0866,100.0,18358,0.3,41,1.14,0.0,0.03497668355703354,766400,0.05,4.781877592082315,46.407788832877,0.0899397706380114,46.407788832877,95680,0.1968766930513084,24.24759793281555,0.0003,0.010957330203382298,0.014899857858836185,-1.4491899692220613,0.06405068788444623,-133.50161218643188
7664,,270.0866,100.0,18358,,41,,,0.03497668355703354,766400,0.05,,,,,,,,,,,,,
7668,0.06375438296173325,271.9768,100.0,18380,0.26099999999999995,41,0.27,0.0,0.03496547043323517,767200,0.06,3.896138600209452,46.407788832877,0.08868138201069087,46.407788832877,95808,0.1974914011079818,24.163210541009903,0.0003,0.010890282326727174,0.01464962436875794,-0.42356380773708224,0.06432942784158513,-133.61588668823242
7672,,271.9768,100.0,18380,,41,,,0.03496547043323517,767200,0.06,,,,,,,,,,,,,
7676,0.12751922341710079,270.25296,100.0,18393,0.264,41,0.48,0.0,0.034966789186000824,768000,0.06,4.801528052036741,46.407788832877,0.08812653017230332,46.407788832877,95872,0.19773058011196554,23.917098969221115,0.0003,0.010890120349358767,0.012895060957816895,0.25123897287994623,0.0612269074190408,-133.49000597000122
7680,,270.25296,100.0,18393,,41,,,0.034966789186000824,768000,0.06,,,,,,,,,,,,,
7684,0.19916077833979828,273.4954,100.0,18416,0.3,41,0.63,0.0,0.034963082522153854,768800,0.07,4.321734911570104,46.407788832877,0.09041752002667636,46.407788832877,96000,0.1993113241624087,23.75533252954483,0.0003,0.01083937224757392,0.015079687087563798,-1.8120409371331334,0.06309654121287167,-133.45555806159973
7688,,273.4954,100.0,18416,,41,,,0.034963082522153854,768800,0.07,,,,,,,,,,,,,
7692,0.21734288299967341,271.349,100.0,18440,0.3,41,0.57,0.0,0.03496001660823822,769600,0.07,3.643691342533882,46.407788832877,0.0910959152970463,46.407788832877,96128,0.19959010649472475,23.867170095443726,0.0003,0.01076533853483852,0.01618567277910188,-0.9255097415298223,0.06249710655538365,-133.72473764419556
7696,,271.349,100.0,18440,,41,,,0.03496001660823822,769600,0.07,,,,,,,,,,,,,
7700,0.19011738341160597,273.2111,100.0,18454,0.3,41,0.66,0.0,0.03495826944708824,770400,0.09,3.4666273473507054,46.407788832877,0.08893674507271498,46.407788832877,96192,0.1983165566343814,24.817673802375793,0.0003,0.010724558116635308,0.014581640622054692,-1.5431419324595481,0.06495707156136632,-133.8506371974945
7704,,273.2111,100.0,18454,,41,,,0.03495826944708824,770400,0.09,,,,,,,,,,,,,
7708,0.2769273437004545,275.26718,100.0,18477,0.29699999999999993,41,0.72,0.0,0.03494736924767494,771200,0.09,4.45336209423318,46.407788832877,0.08996318990830332,46.407788832877,96320,0.19926861603744328,23.879855751991272,0.0003,0.010647185059497133,0.014171237053233199,-0.8843990555033088,0.060661093157250434,-133.9894917011261
7712,,275.26718,100.0,18477,,41,,,0.03494736924767494,771200,0.09,,,,,,,,,,,,,
7716,0.1837321523782451,275.436,100.0,18491,0.264,41,0.75,0.0,0.03494396060705185,772000,0.09,4.623915972873316,46.407788832877,0.08922129322309047,46.407788832877,96384,0.19966352893970907,24.411888599395752,0.0003,0.010646025475580245,0.015145549550652504,-0.2920243991538882,0.06348211382282898,-133.72398781776428
7720,,275.436,100.0,18491,,41,,,0.03494396060705185,772000,0.09,,,,,,,,,,,,,
7724,0.0,274.06454,100.0,18515,0.3,41,0.0,0.0,0.03493276983499527,772800,0.09,4.5664014808311855,46.407788832877,0.08898169815074652,46.407788832877,96512,0.19931935030035675,24.41324457526207,0.0003,0.01061167594161816,0.015400281612528488,-2.018294133245945,0.0649998810258694,-133.85596442222595
7728,,274.06454,100.0,18515,,41,,,0.03493276983499527,772800,0.09,,,,,,,,,,,,,
7732,0.08569952142082453,270.49588,100.0,18530,0.3,41,0.39,0.0,0.03492331504821777,773600,0.08,4.470902616014654,46.407788832877,0.08916712715290487,46.407788832877,96576,0.19944571470841765,24.275364696979523,0.0003,0.010550486535066739,0.015433560431119986,-2.449905506335199,0.06301362317753956,-133.75098633766174
7736,,270.49588,100.0,18530,,41,,,0.03492331504821777,773600,0.08,,,,,,,,,,,,,
7740,0.2999914795265534,266.8168,100.0,18552,0.3,41,0.87,0.0,0.034914202988147736,774400,0.07,4.92155305139102,46.407788832877,0.0908087509451434,46.407788832877,96704,0.19975853548385203,24.630850672721863,0.0003,0.010478886470082216,0.016082234869827516,-1.0832409186987206,0.06701260426780209,-133.56619882583618
7744,,266.8168,100.0,18552,,41,,,0.034914202988147736,774400,0.07,,,,,,,,,,,,,
7748,0.10675769515976034,265.18036,100.0,18575,0.264,41,0.39,0.0,0.03490505367517471,775200,0.08,3.651258316478309,46.407788832877,0.0928387506864965,46.407788832877,96832,0.20174216758459806,25.160785645246506,0.0003,0.010430047026602551,0.01558939026290318,-1.3121713486034423,0.06489901972236112,-133.71076273918152
7752,,265.18036,100.0,18575,,41,,,0.03490505367517471,775200,0.08,,,,,,,,,,,,,
7756,0.17866932838646435,267.00888,100.0,18589,0.291,41,0.51,0.0,0.034906353801488876,776000,0.09,4.0750888680876365,46.407788832877,0.08987108722794801,46.407788832877,96896,0.19985974580049515,24.93117529153824,0.0003,0.01040504158299882,0.014183944069372956,1.254879499785602,0.06611703342059627,-134.05657768249512
7760,,267.00888,100.0,18589,,41,,,0.034906353801488876,776000,0.09,,,,,,,,,,,,,
7764,0.20656732903715458,263.198,100.0,18611,0.288,41,0.72,0.0,0.03489958494901657,776800,0.08,4.657551333542905,46.407788832877,0.09105440403800458,46.407788832877,97024,0.20234140125103295,24.808594048023224,0.0003,0.010409461188828573,0.014169941452564672,0.03290098486468196,0.06512005953118205,-133.7443974018097
7768,,263.198,100.0,18611,,41,,,0.03489958494901657,776800,0.08,,,,,,,,,,,,,
7772,0.38751452795510716,270.0814,100.0,18625,0.3,41,1.2,0.0,0.03489715978503227,777600,0.09,4.1064393951998275,46.407788832877,0.08943697030190378,46.407788832877,97088,0.20067087397910655,24.929144114255905,0.0003,0.010414860531454906,0.014220971992472187,0.6856832329649478,0.062478498788550496,-133.65171575546265
7776,,270.0814,100.0,18625,,41,,,0.03489715978503227,777600,0.09,,,,,,,,,,,,,
7780,0.19888249678198094,270.97607,100.0,18647,0.3,41,0.69,0.0,0.03488151729106903,778400,0.1,4.314022508445558,46.407788832877,0.09039578156080097,46.407788832877,97216,0.2031470558140427,25.47895821928978,0.0003,0.010398617829196155,0.014808596490183845,0.0845389369642362,0.06667871697572991,-133.8480246067047
7784,,270.97607,100.0,18647,,41,,,0.03488151729106903,778400,0.1,,,,,,,,,,,,,
7788,0.5061966499278099,272.31067,100.0,18662,0.29399999999999993,41,1.86,0.0,0.034884192049503326,779200,0.08,4.884306164417445,46.407788832877,0.09019850357435644,46.407788832877,97280,0.20301731955260038,24.908877670764923,0.0003,0.010406508357846178,0.014449361086008139,0.7263010456226766,0.0636072241468355,-133.77783751487732
7792,,272.31067,100.0,18662,,41,,,0.034884192049503326,779200,0.08,,,,,,,,,,,,,
7796,0.2842059664338292,270.69916,100.0,18685,0.3,41,0.87,0.0,0.034883465617895126,780000,0.06,5.028597681078032,46.407788832877,0.0894382013939321,46.407788832877,97408,0.20251003536395729,24.11392119526863,0.0003,0.010408198300865479,0.013517910541850142,0.05108458735048771,0.06554560468066484,-134.03528833389282
7800,,270.69916,100.0,18685,,41,,,0.034883465617895126,780000,0.06,,,,,,,,,,,,,
7804,0.007043919206346032,268.14618,100.0,18699,0.29699999999999993,41,0.03,0.0,0.0348786860704422,780800,0.06,3.80382195960831,45.47963305621946,0.09006424422841519,45.47963305621946,97472,0.20137826562859118,24.310495764017105,0.0003,0.010403050706372596,0.016014536486181896,-0.6323926865588874,0.06540881341788918,-134.10327649116516
7808,,268.14618,100.0,18699,,41,,,0.0348786860704422,780800,0.06,,,,,,,,,,,,,
7812,0.0814497424680042,266.51,100.0,18723,0.3,41,0.36,0.0,0.03486703708767891,781600,0.05,4.421289264807085,45.47963305621946,0.09053280693478882,45.47963305621946,97600,0.2032234650105238,24.49514538049698,0.0003,0.010374244040576741,0.014664684858871624,-0.7589785400778055,0.06320239667547867,-134.31737327575684
7816,,266.51,100.0,18723,,41,,,0.03486703708767891,781600,0.05,,,,,,,,,,,,,
7820,0.0681175575954373,266.99362,100.0,18747,0.264,41,0.27,0.0,0.0348692461848259,782400,0.05,4.6418514027858295,45.47963305621946,0.08949171390850097,45.47963305621946,97728,0.2059382584411651,24.987957030534744,0.0003,0.010401196515886113,0.014357859683514107,1.536704127676785,0.06529401469742879,-134.81512212753296
7824,,266.99362,100.0,18747,,41,,,0.0348692461848259,782400,0.05,,,,,,,,,,,,,
7828,0.28940672702402226,266.61975,100.0,18760,0.264,41,0.66,0.0,0.03486492112278938,783200,0.05,4.474831755480402,45.47963305621946,0.09081345528829843,45.47963305621946,97792,0.20615394925698638,24.420195192098618,0.0003,0.01041784047265537,0.014013277657795697,-0.7363555154297501,0.06476306496188045,-134.22274112701416
7832,,266.61975,100.0,18760,,41,,,0.03486492112278938,783200,0.05,,,,,,,,,,,,,
7836,0.29397455854359095,262.43246,100.0,18784,0.22199999999999995,41,0.63,0.0,0.034859370440244675,784000,0.06,4.177287230956012,45.47963305621946,0.09012275259010494,45.47963305621946,97920,0.2068767931777984,24.90269085764885,0.0003,0.01040861768706236,0.013186805088480469,0.5633276649750769,0.06582042155787349,-134.54004192352295
7840,,262.43246,100.0,18784,,41,,,0.034859370440244675,784000,0.06,,,,,,,,,,,,,
7844,0.051004233148959806,269.09512,100.0,18798,0.29699999999999993,41,0.18,0.0,0.03486166149377823,784800,0.08,2.6445650579501,45.47963305621946,0.08890905464068055,45.47963305621946,97984,0.20845906343311071,24.446783661842346,0.0003,0.010424738167785108,0.012335685212747194,0.1041726793628186,0.06477752496721223,-134.4405472278595
7848,,269.09512,100.0,18798,,41,,,0.03486166149377823,784800,0.08,,,,,,,,,,,,,
7852,0.4128809317016628,271.58435,100.0,18822,0.25199999999999995,41,1.44,0.0,0.034865349531173706,785600,0.09,3.9072011120816854,45.47963305621946,0.08846004726365209,45.47963305621946,98112,0.20497383223846555,26.299449175596237,0.0003,0.01040817094326485,0.014524370002618525,0.1158420080319047,0.06701130123110488,-134.76623439788818
7856,,271.58435,100.0,18822,,41,,,0.034865349531173706,785600,0.09,,,,,,,,,,,,,
7860,0.11593448489344921,271.15244,100.0,18836,0.26099999999999995,41,0.39,0.0,0.034866996109485626,786400,0.08,4.512726074013076,45.47963305621946,0.09081684821285307,45.47963305621946,98176,0.20907889446243644,24.99816057085991,0.0003,0.010410741801024415,0.014416778460144997,0.2616868249606341,0.06662909779697657,-134.7874038219452
7864,,271.15244,100.0,18836,,41,,,0.034866996109485626,786400,0.08,,,,,,,,,,,,,
7868,0.1802724680247562,265.02173,100.0,18858,0.264,41,0.63,0.0,0.03486647084355354,787200,0.07,4.390848323070465,45.47963305621946,0.09144122491125017,45.47963305621946,98304,0.20898935850709677,24.978566378355026,0.0003,0.010439957986818627,0.013819903542753309,1.2011370211839676,0.06517396360868588,-135.0209765434265
7872,,265.02173,100.0,18858,,41,,,0.03486647084355354,787200,0.07,,,,,,,,,,,,,
7876,0.0,259.74905,100.0,18881,0.18299999999999997,41,0.0,0.0,0.03486524149775505,788000,0.07,4.221298525302615,45.47963305621946,0.09010274359025061,45.47963305621946,98432,0.20673087262548506,25.13869082927704,0.0003,0.010458468736032955,0.015011883711849805,0.2868786412291229,0.06673277379013598,-134.62057209014893
7880,,259.74905,100.0,18881,,41,,,0.03486524149775505,788000,0.07,,,,,,,,,,,,,
7884,0.1244712486056877,255.60507,100.0,18894,0.3,41,0.51,0.0,0.034861333668231964,788800,0.06,4.938418185237016,45.47963305621946,0.09178402728866786,45.47963305621946,98496,0.20881568943150342,25.08991602063179,0.0003,0.010469727159943432,0.01388715453504119,0.267991635017097,0.0651712620165199,-134.60660314559937
7888,,255.60507,100.0,18894,,41,,,0.034861333668231964,788800,0.06,,,,,,,,,,,,,
7892,0.3969118060541826,256.50623,100.0,18917,0.2879999999999999,41,1.14,0.0,0.03485617786645889,789600,0.07,4.390694546880036,45.47963305621946,0.0905654625967145,45.47963305621946,98624,0.20923273777589202,24.22115182876587,0.0003,0.010496108734514564,0.013471933547407389,1.0395415471866727,0.06545388529775664,-134.50588750839233
7896,,256.50623,100.0,18917,,41,,,0.03485617786645889,789600,0.07,,,,,,,,,,,,,
7900,0.1637868454482664,259.9723,100.0,18931,0.3,41,0.48,0.0,0.0348520465195179,790400,0.08,3.2138053456680864,45.47963305621946,0.09145064419135451,45.47963305621946,98688,0.2089466720353812,25.111877113580704,0.0003,0.01051521924091503,0.012734377080050763,1.57616140099708,0.0661634859861806,-134.66463565826416
7904,,259.9723,100.0,18931,,41,,,0.0348520465195179,790400,0.08,,,,,,,,,,,,,
7908,0.34167759625487937,260.51105,100.0,18954,0.3,41,1.2,0.0,0.034844182431697845,791200,0.07,4.643552731002512,45.47963305621946,0.09121509524993598,45.47963305621946,98816,0.21045416221022606,25.108057856559753,0.0003,0.01057973968272563,0.013003590764128603,1.5815185860265046,0.06563021568581462,-134.4008343219757
7912,,260.51105,100.0,18954,,41,,,0.034844182431697845,791200,0.07,,,,,,,,,,,,,
7916,0.049595348902948914,259.3202,100.0,18968,0.3,41,0.24,0.0,0.034847941249608994,792000,0.07,4.674302408072242,45.47963305621946,0.09186497889459133,45.47963305621946,98880,0.2095042804721743,24.81439843773842,0.0003,0.010650630298187025,0.015047859284095466,3.4911882071755826,0.06649811496026814,-134.6649034023285
7920,,259.3202,100.0,18968,,41,,,0.034847941249608994,792000,0.07,,,,,,,,,,,,,
7924,0.0,260.4171,100.0,18992,0.2909999999999999,41,0.0,0.0,0.03485507890582085,792800,0.07,4.524976398011831,45.47963305621946,0.08884479000698775,45.47963305621946,99008,0.20842099282890558,25.493672400712967,0.0003,0.010812316308147274,0.014050030134967528,2.0816902611404657,0.06475384108489379,-135.109228849411
7928,,260.4171,100.0,18992,,41,,,0.03485507890582085,792800,0.07,,,,,,,,,,,,,
7932,0.2079142981876276,261.23624,100.0,19005,0.3,41,0.72,0.0,0.03486134856939316,793600,0.07,4.6741766376327165,45.47963305621946,0.08986936684232205,45.47963305621946,99072,0.20977071137167513,25.740183234214783,0.0003,0.01086682008462958,0.01428830032091355,1.1390886506997049,0.06578971294220537,-134.81269931793213
7936,,261.23624,100.0,19005,,41,,,0.03486134856939316,793600,0.07,,,,,,,,,,,,,
7940,0.09794230863234096,264.92358,100.0,19028,0.3,41,0.39,0.0,0.03486042097210884,794400,0.06,4.516991474549962,45.47963305621946,0.09368049574550241,45.47963305621946,99200,0.211819730931893,26.400943994522095,0.0003,0.010908780168392695,0.014844171135337092,1.0464562601409853,0.06730501260608435,-134.81729793548584
7944,,264.92358,100.0,19028,,41,,,0.03486042097210884,794400,0.06,,,,,,,,,,,,,
7948,0.2558553534423127,260.4726,100.0,19053,0.282,41,0.48,0.0,0.0348663404583931,795200,0.04,4.193895264569606,45.47963305621946,0.09284236037638038,45.47963305621946,99328,0.21411050762981176,25.918376922607422,0.0003,0.010986128283548169,0.014177724602632225,1.1835515135899186,0.06842264364240691,-134.927570104599
7952,,260.4726,100.0,19053,,41,,,0.0348663404583931,795200,0.04,,,,,,,,,,,,,
7956,0.6773630723022975,263.29797,100.0,19067,0.3,41,2.19,0.0,0.03486824035644531,796000,0.03,4.809810307550337,45.47963305621946,0.09184515383094549,45.47963305621946,99392,0.2125204768963158,25.857316553592682,0.0003,0.011023728788131848,0.014444669788645115,2.3337352899834514,0.06826191378058866,-135.0931191444397
7960,,263.29797,100.0,19067,,41,,,0.03486824035644531,796000,0.03,,,,,,,,,,,,,
7964,0.2430492905419207,262.5271,100.0,19091,0.3,41,0.69,0.0,0.03487224131822586,796800,0.03,4.816679929884382,45.47963305621946,0.09133556485176086,45.47963305621946,99520,0.21113780071027577,25.938280552625656,0.0003,0.01111260506149847,0.014958447027311195,1.9471889885608107,0.06831446342403069,-134.77737426757812
7968,,262.5271,100.0,19091,,41,,,0.03487224131822586,796800,0.03,,,,,,,,,,,,,
7972,0.06762498907679568,264.48157,100.0,19104,0.3,41,0.3,0.0,0.03487439453601837,797600,0.04,3.9783639521452185,45.47963305621946,0.09121820260770619,45.47963305621946,99584,0.21109762252308428,25.568994283676147,0.0003,0.011169863253599033,0.014651109566329978,2.036967328749597,0.06819368264405057,-135.1548306941986
7976,,264.48157,100.0,19104,,41,,,0.03487439453601837,797600,0.04,,,,,,,,,,,,,
7980,0.04574532496366296,268.79294,100.0,19127,0.3,41,0.15,0.0,0.03488832712173462,798400,0.05,3.938024415199294,45.47963305621946,0.09157349169254303,45.47963305621946,99712,0.21121944137848914,25.433333963155746,0.0003,0.011298346013063565,0.014623861177824438,1.5030932109802961,0.0682298606261611,-135.13541960716248
7984,,268.79294,100.0,19127,,41,,,0.03488832712173462,798400,0.05,,,,,,,,,,,,,
7988,0.40041853124711985,270.92297,100.0,19143,0.27299999999999996,41,1.11,0.0,0.034881096333265305,799200,0.05,4.749460720827146,45.47963305621946,0.09110972937196493,45.47963305621946,99776,0.21178616140969098,25.517502307891846,0.0003,0.011313571958453394,0.013652436871780083,0.40851569175720215,0.06842107861302793,-135.5190303325653
7992,,270.92297,100.0,19143,,41,,,0.034881096333265305,799200,0.05,,,,,,,,,,,,,
7996,0.13767418381247978,261.142,100.0,19166,0.3,41,0.54,0.0,0.03488504886627197,800000,0.03,4.695894296410069,45.47963305621946,0.0918082456337288,45.47963305621946,99904,0.21188638755120337,25.873863369226456,0.0003,0.011370588312274776,0.015010418705060147,0.5897996225394309,0.07050331437494606,-134.9727077484131
8000,,261.142,100.0,19166,,41,,,0.03488504886627197,800000,0.03,,,,,,,,,,,,,
8004,0.10579660440388014,260.85205,100.0,19190,0.18899999999999997,41,0.39,0.0,0.034891337156295776,800800,0.03,4.456772000881402,44.57004039509507,0.08958739449735731,44.57004039509507,100032,0.21431567636318505,25.36540198326111,0.0003,0.011429011647123843,0.012911436868307646,-2.825899499002844,0.06867218663683161,-135.4566090106964
8008,,260.85205,100.0,19190,,41,,,0.034891337156295776,800800,0.03,,,,,,,,,,,,,
8012,0.2515106476780442,258.7782,100.0,19203,0.3,41,0.72,0.0,0.03489433228969574,801600,0.04,4.592373378033519,44.57004039509507,0.08970624522771686,44.57004039509507,100096,0.21093361545354128,26.109854727983475,0.0003,0.011375425703590736,0.013190602483518887,0.5515469819074497,0.06888548954157159,-135.57431268692017
8016,,258.7782,100.0,19203,,41,,,0.03489433228969574,801600,0.04,,,,,,,,,,,,,
8020,0.03184819461905137,259.51175,100.0,19226,0.26099999999999995,41,0.09,0.0,0.03489416092634201,802400,0.04,4.5244460781522085,44.57004039509507,0.0909709659172222,44.57004039509507,100224,0.21624723635613918,25.793793886899948,0.0003,0.011369849264156073,0.013739343725319486,0.15486575313843787,0.06883511896012351,-135.26106309890747
8024,,259.51175,100.0,19226,,41,,,0.03489416092634201,802400,0.04,,,,,,,,,,,,,
8028,0.24199359926249608,260.5486,100.0,19240,0.282,41,0.78,0.0,0.03489622101187706,803200,0.04,4.2621735861783145,44.57004039509507,0.09047141065821052,44.57004039509507,100288,0.21303879865445197,25.03664070367813,0.0003,0.011377801449270919,0.013639576864079572,1.2984370046760887,0.0675609161844477,-135.59226059913635
8032,,260.5486,100.0,19240,,41,,,0.03489622101187706,803200,0.04,,,,,,,,,,,,,
8036,0.1231199306048588,260.12134,100.0,19262,0.22199999999999995,41,0.39,0.0,0.034897785633802414,804000,0.04,3.8656380710059777,44.57004039509507,0.09302835655398667,44.57004039509507,100416,0.21340720122680068,25.073499888181686,0.0003,0.011404532182496041,0.014124901936156675,0.49385694321244955,0.06610143737634644,-134.70527482032776
8040,,260.12134,100.0,19262,,41,,,0.034897785633802414,804000,0.04,,,,,,,,,,,,,
8044,0.0,256.0777,100.0,19275,0.22499999999999998,41,0.0,0.0,0.034898437559604645,804800,0.03,4.163134186237696,44.57004039509507,0.09034730505663902,44.57004039509507,100480,0.21537567861378193,25.147192031145096,0.0003,0.01140291927731596,0.013901674552471377,-0.42220602789893746,0.06866241153329611,-135.09052801132202
8048,,256.0777,100.0,19275,,41,,,0.034898437559604645,804800,0.03,,,,,,,,,,,,,
8052,0.010161468131732692,251.90881,100.0,19298,0.3,41,0.03,0.0,0.03490108251571655,805600,0.03,4.803146839895582,44.57004039509507,0.09135279932525009,44.57004039509507,100608,0.21707588015124202,24.551159262657166,0.0003,0.01143799111014232,0.013400583578913938,0.49395901581738144,0.06680911598959938,-135.1984679698944
8056,,251.90881,100.0,19298,,41,,,0.03490108251571655,805600,0.03,,,,,,,,,,,,,
8060,0.0,247.51697,100.0,19312,0.26099999999999995,41,0.0,0.0,0.03490639477968216,806400,0.03,4.145842058846426,44.57004039509507,0.09116359252948314,44.57004039509507,100672,0.21775943296961486,26.043331027030945,0.0003,0.011458564316853881,0.013811903692840133,1.464714864967391,0.06610829307464883,-135.13934350013733
8064,,247.51697,100.0,19312,,41,,,0.03490639477968216,806400,0.03,,,,,,,,,,,,,
8068,0.0,245.0593,100.0,19334,0.26099999999999995,41,0.0,0.0,0.034917719662189484,807200,0.03,4.208728173822078,44.57004039509507,0.09248694009147584,44.57004039509507,100800,0.21798772714100778,24.959184408187866,0.0003,0.011546124165761285,0.013086087405099533,2.788293562363833,0.06690128246555105,-134.84300470352173
8072,,245.0593,100.0,19334,,41,,,0.034917719662189484,807200,0.03,,,,,,,,,,,,,
8076,0.08227476560085714,241.27513,100.0,19357,0.26099999999999995,41,0.36,0.0,0.034919098019599915,808000,0.02,4.724505906985184,44.57004039509507,0.09227331366855651,44.57004039509507,100928,0.21759946597740054,26.037440180778503,0.0003,0.011618111340794712,0.013280911560286768,0.91071683075279,0.06657119456212968,-134.72406363487244
8080,,241.27513,100.0,19357,,41,,,0.034919098019599915,808000,0.02,,,,,,,,,,,,,
8084,0.017076589561457797,237.8987,100.0,19370,0.3,41,0.06,0.0,0.034929778426885605,808800,0.02,3.6685628237497743,44.57004039509507,0.09058429417200387,44.57004039509507,100992,0.21667107474058867,25.823103368282318,0.0003,0.011658353905659169,0.014335890606162138,0.8025869359262288,0.06741594325285405,-134.938334941864
8088,,237.8987,100.0,19370,,41,,,0.034929778426885605,808800,0.02,,,,,,,,,,,,,
8092,0.08223327132291455,237.8564,100.0,19393,0.3,41,0.24,0.0,0.03492135927081108,809600,0.02,4.998118265920399,44.57004039509507,0.08986252290196717,44.57004039509507,101120,0.21491232863627374,24.571940422058105,0.0003,0.01165320175641682,0.013603142237116117,1.1898206945043057,0.06755717913620174,-134.88048362731934
8096,,237.8564,100.0,19393,,41,,,0.03492135927081108,809600,0.02,,,,,,,,,,,,,
8100,0.2021422044331991,239.47833,100.0,19406,0.3,41,0.75,0.0,0.03491489589214325,810400,0.02,4.744566497208091,44.57004039509507,0.09069352340884507,44.57004039509507,101184,0.21720965416170657,24.441586285829544,0.0003,0.011672194581478834,0.011975121400610078,0.5273900288157165,0.06424982513999566,-134.4609341621399
8104,,239.47833,100.0,19406,,41,,,0.03491489589214325,810400,0.02,,,,,,,,,,,,,
8108,0.28090732171162275,241.10974,100.0,19430,0.264,41,0.72,0.0,0.0349176749587059,811200,0.01,4.526622747863693,44.57004039509507,0.09061114932410419,44.57004039509507,101312,0.21592390118166804,25.804919749498367,0.0003,0.011738856381271034,0.013262201580801047,-0.5837095116730779,0.06692198675591499,-134.99303102493286
8112,,241.10974,100.0,19430,,41,,,0.0349176749587059,811200,0.01,,,,,,,,,,,,,
8116,0.08665799597166732,240.34758,100.0,19443,0.3,41,0.39,0.0,0.03491862118244171,812000,0.01,4.818628647234889,44.57004039509507,0.09030360367614776,44.57004039509507,101376,0.21699248626828194,25.37153673171997,0.0003,0.011738320768927224,0.011785035443608649,0.7178725642152131,0.06364366842899472,-134.8186390399933
8120,,240.34758,100.0,19443,,41,,,0.03491862118244171,812000,0.01,,,,,,,,,,,,,
8124,0.1949887783399465,240.80711,100.0,19466,0.3,41,0.69,0.0,0.03492143377661705,812800,0.01,4.599859157792814,44.57004039509507,0.08934416575357318,44.57004039509507,101504,0.2162772484589368,24.578923404216766,0.0003,0.011764198628952727,0.012867789890151471,-0.3643492995761335,0.06512338732136413,-134.95402479171753
8128,,240.80711,100.0,19466,,41,,,0.03492143377661705,812800,0.01,,,,,,,,,,,,,
8132,0.31100445379473546,239.35364,100.0,19489,0.3,41,0.96,0.0,0.03491431847214699,813600,0.01,4.5935064673618085,44.57004039509507,0.09100377082359046,44.57004039509507,101632,0.21778692142106593,25.1359224319458,0.0003,0.011733927487512119,0.012260430587048177,0.3396061195526272,0.06507021252764389,-134.47843050956726
8136,,239.35364,100.0,19489,,41,,,0.03491431847214699,813600,0.01,,,,,,,,,,,,,
8140,0.0,241.46938,100.0,19502,0.264,41,0.0,0.0,0.034922417253255844,814400,0.01,3.9929960976483825,44.57004039509507,0.09270874154753983,44.57004039509507,101696,0.2191547614056617,25.895484387874603,0.0003,0.01174289385380689,0.013892140428652056,0.4409849401563406,0.06664125499082729,-133.91620707511902
8144,,241.46938,100.0,19502,,41,,,0.034922417253255844,814400,0.01,,,,,,,,,,,,,
8148,0.1838226002155109,245.91971,100.0,19525,0.27899999999999997,41,0.54,0.0,0.03492952510714531,815200,0.01,4.733419013309386,44.57004039509507,0.09266767383087426,44.57004039509507,101824,0.21923777437768877,25.941285580396652,0.0003,0.011775574210332707,0.014786876978178043,1.4727893411181867,0.06666512263473123,-133.9475200176239
8152,,245.91971,100.0,19525,,41,,,0.03492952510714531,815200,0.01,,,,,,,,,,,,,
8156,0.4050958036710925,250.96796,100.0,19539,0.264,41,0.75,0.0,0.03492966294288635,816000,0.01,4.986105827017868,44.57004039509507,0.09178317163605243,44.57004039509507,101888,0.219076129142195,25.292565762996674,0.0003,0.011826892441604286,0.014167318135150708,1.5163519741035998,0.06505184777779505,-134.1504225730896
8160,,250.96796,100.0,19539,,41,,,0.03492966294288635,816000,0.01,,,,,,,,,,,,,
8164,0.05364282769358204,251.39156,100.0,19562,0.3,41,0.18,0.0,0.03493183106184006,816800,0.01,4.78425362929855,44.57004039509507,0.09334135090466589,44.57004039509507,102016,0.21956194005906582,25.835967302322388,0.0003,0.011844004999147728,0.013344612583750859,-0.5146219106391072,0.06510989140952006,-134.13935112953186
8168,,251.39156,100.0,19562,,41,,,0.03493183106184006,816800,0.01,,,,,,,,,,,,,
8172,0.036068545711269495,256.93265,100.0,19576,0.3,41,0.12,0.0,0.034924864768981934,817600,0.02,4.268888298389665,44.57004039509507,0.09173216938506812,44.57004039509507,102080,0.21992509509436786,26.743918269872665,0.0003,0.011810503507149406,0.013723646799917333,-1.0487192729488015,0.06711371516576037,-134.4713740348816
8176,,256.93265,100.0,19576,,41,,,0.034924864768981934,817600,0.02,,,,,,,,,,,,,
8180,0.19104460379714927,258.93808,100.0,19600,0.264,41,0.45,0.0,0.03491772711277008,818400,0.02,3.9046617568908473,44.57004039509507,0.0923000662587583,44.57004039509507,102208,0.22005504718981683,26.14454486966133,0.0003,0.01180841270252131,0.012824413752241526,-1.4524697654414922,0.06688554462743923,-134.53592944145203
8184,,258.93808,100.0,19600,,41,,,0.03491772711277008,818400,0.02,,,,,,,,,,,,,
8188,0.13025453357834757,261.28333,100.0,19614,0.285,41,0.51,0.0,0.034920286387205124,819200,0.03,4.1763405305347785,44.57004039509507,0.091840177658014,44.57004039509507,102272,0.22206467436626554,27.838221102952957,0.0003,0.011797821818618104,0.013380385171331,1.1527381651103497,0.06724029633915052,-134.16363191604614
8192,,261.28333,100.0,19614,,41,,,0.034920286387205124,819200,0.03,,,,,,,,,,,,,
8196,0.4573998212412713,267.37408,100.0,19638,0.3,41,1.32,0.0,0.03492425009608269,820000,0.04,4.268581861564631,44.57004039509507,0.092947390046902,44.57004039509507,102400,0.22211320768110454,25.421118795871735,0.0003,0.011857590288855135,0.015757308232423384,0.9449639010708779,0.06611373589839786,-134.27321100234985
8200,,267.37408,100.0,19638,,41,,,0.03492425009608269,820000,0.04,,,,,,,,,,,,,
8204,0.09657077103031528,265.36426,100.0,19661,0.264,41,0.42,0.0,0.03492405638098717,820800,0.04,4.708667731003553,43.67863958719317,0.09119756170548499,43.67863958719317,102528,0.22104219906032085,25.7593015730381,0.0003,0.011900511133717373,0.01405325769155752,-0.1572795594111085,0.06668691168306395,-134.3800413608551
8208,,265.36426,100.0,19661,,41,,,0.03492405638098717,820800,0.04,,,,,,,,,,,,,
8212,0.1105609161138453,270.95657,100.0,19676,0.26099999999999995,41,0.42,0.0,0.034917473793029785,821600,0.05,3.9823634895139133,43.67863958719317,0.08905037178192288,43.67863958719317,102592,0.21995497005991638,25.54914391040802,0.0003,0.011886866166605614,0.013563555185100995,-0.524500684812665,0.06824874825542793,-135.02926397323608
8216,,270.95657,100.0,19676,,41,,,0.034917473793029785,821600,0.05,,,,,,,,,,,,,
8220,0.19504026464944374,269.83752,100.0,19698,0.22499999999999998,41,0.6,0.0,0.03491921350359917,822400,0.05,4.268645492299402,43.67863958719317,0.08950783882755786,43.67863958719317,102720,0.22092494554817677,25.500537872314453,0.0003,0.011899064484168775,0.013175965257687494,-0.6841194215230644,0.06670898152515292,-134.68433022499084
8224,,269.83752,100.0,19698,,41,,,0.03491921350359917,822400,0.05,,,,,,,,,,,,,
8228,0.08672336577996637,270.2106,100.0,19712,0.3,41,0.15,0.0,0.03492278978228569,823200,0.06,4.075606260009391,43.67863958719317,0.08933995920233428,43.67863958719317,102784,0.22029877896420658,25.172914057970047,0.0003,0.0118947236915119,0.011908428838069085,0.3761164010502398,0.06436761899385601,-134.94465327262878
8232,,270.2106,100.0,19712,,41,,,0.03492278978228569,823200,0.06,,,,,,,,,,,,,
8236,0.11900488088607439,268.69965,100.0,19735,0.3,41,0.39,0.0,0.03492660075426102,824000,0.06,4.872735103942392,43.67863958719317,0.09074071538634598,43.67863958719317,102912,0.22226957767270505,25.461722016334534,0.0003,0.011867521418025717,0.012429405906004831,0.30990774370729923,0.06585618230747059,-134.63260579109192
8240,,268.69965,100.0,19735,,41,,,0.03492660075426102,824000,0.06,,,,,,,,,,,,,
8244,0.0,268.9895,100.0,19748,0.3,41,0.0,0.0,0.03492973744869232,824800,0.06,4.693679844114237,43.67863958719317,0.0902889990247786,43.67863958719317,102976,0.22240440896712244,25.197410076856613,0.0003,0.011862831743201241,0.013605203974293545,-0.9267825279384851,0.06551310035865754,-134.74858236312866
8248,,268.9895,100.0,19748,,41,,,0.03492973744869232,824800,0.06,,,,,,,,,,,,,
8252,0.0,261.68906,100.0,19771,0.24599999999999997,41,0.0,0.0,0.03493276238441467,825600,0.06,3.68962445279777,43.67863958719317,0.09274282748810947,43.67863958719317,103104,0.22373594483360648,25.89614874124527,0.0003,0.01186213230539579,0.015178516317973845,-0.27610966842621565,0.06771017221035436,-134.19068551063538
8256,,261.68906,100.0,19771,,41,,,0.03493276238441467,825600,0.06,,,,,,,,,,,,,
8260,0.0,259.11972,100.0,19794,0.26099999999999995,41,0.0,0.0,0.03492620959877968,826400,0.06,4.437473079706302,43.67863958719317,0.0925740998936817,43.67863958719317,103232,0.22481976519338787,26.041510075330734,0.0003,0.011846552253700793,0.013065447928966023,-2.4439973360858858,0.06422679976094514,-134.3244080543518
8264,,259.11972,100.0,19794,,41,,,0.03492620959877968,826400,0.06,,,,,,,,,,,,,
8268,0.3214863512728239,257.67245,100.0,19807,0.285,41,1.05,0.0,0.03491850942373276,827200,0.06,4.501093098566316,43.67863958719317,0.0917637050151825,43.67863958719317,103296,0.2274631781037897,26.353460252285004,0.0003,0.011762101930798963,0.014089772390434518,-1.6913372417911887,0.06785644410410896,-134.3689248561859
8272,,257.67245,100.0,19807,,41,,,0.03491850942373276,827200,0.06,,,,,,,,,,,,,
8276,0.09934409368125724,255.71906,100.0,19832,0.25199999999999995,41,0.36,0.0,0.034908123314380646,828000,0.05,4.9615429205087676,43.67863958719317,0.09605951933190227,43.67863958719317,103424,0.22907956643030047,26.883752048015594,0.0003,0.011661101147183217,0.013609243207611144,-1.052745926193893,0.06731986650265753,-133.94712233543396
8280,,255.71906,100.0,19832,,41,,,0.034908123314380646,828000,0.05,,,,,,,,,,,,,
8284,0.21818315830372462,257.07852,100.0,19847,0.3,41,0.48,0.0,0.0349101722240448,828800,0.04,5.010749905405232,43.67863958719317,0.09615721146110445,43.67863958719317,103488,0.23028621450066566,27.162966668605804,0.0003,0.011627219675574452,0.016264084937574808,-0.4623640435747802,0.06726311682723463,-133.85716915130615
8288,,257.07852,100.0,19847,,41,,,0.0349101722240448,828800,0.04,,,,,,,,,,,,,
8292,0.10715926410299098,252.50702,100.0,19870,0.3,41,0.45,0.0,0.034913744777441025,829600,0.02,4.849148487599271,43.67863958719317,0.0959481147583574,43.67863958719317,103616,0.22549461130984128,25.851523727178574,0.0003,0.011636611277936026,0.014270651314291172,0.13555256859399378,0.06666069774655625,-133.73155617713928
8296,,252.50702,100.0,19870,,41,,,0.034913744777441025,829600,0.02,,,,,,,,,,,,,
8300,0.2365609467331894,250.69638,100.0,19883,0.3,41,0.84,0.0,0.034912463277578354,830400,0.02,4.784163303333,43.67863958719317,0.0916496777208522,43.67863958719317,103680,0.22313490672968328,26.543532967567444,0.0003,0.011650794302113354,0.012963033441337757,-0.09770403243601322,0.06698984192917123,-133.7602186203003
8304,,250.69638,100.0,19883,,41,,,0.034912463277578354,830400,0.02,,,,,,,,,,,,,
8308,0.21447300345271508,249.50755,100.0,19906,0.3,41,0.6,0.0,0.03491507098078728,831200,0.03,4.412981930916097,43.67863958719317,0.09158361214213073,43.67863958719317,103808,0.22648255433887243,26.282126307487488,0.0003,0.011677332629915327,0.012675290177867282,-0.18186849169433117,0.06877045182045549,-133.70303440093994
8312,,249.50755,100.0,19906,,41,,,0.03491507098078728,831200,0.03,,,,,,,,,,,,,
8316,0.006014243096145811,246.98683,100.0,19919,0.225,41,0.03,0.0,0.03491472080349922,832000,0.02,4.68199102969781,43.67863958719317,0.09220363665372133,43.67863958719317,103872,0.2275844111572951,25.814726263284683,0.0003,0.011678707494866103,0.013580692582763731,0.3351420855615288,0.06816706154495478,-133.80664825439453
8320,,246.98683,100.0,19919,,41,,,0.03491472080349922,832000,0.02,,,,,,,,,,,,,
8324,0.2512070181621364,251.19038,100.0,19943,0.3,41,0.84,0.0,0.034908827394247055,832800,0.03,3.7479871146296775,43.67863958719317,0.09283403470180929,43.67863958719317,104000,0.22571224556304514,26.731270670890808,0.0003,0.011680904222885147,0.013745636053499766,-1.609228425193578,0.06737475737463683,-133.88925457000732
8328,,251.19038,100.0,19943,,41,,,0.034908827394247055,832800,0.03,,,,,,,,,,,,,
8332,0.283998605241976,254.42737,100.0,19967,0.282,41,0.9,0.0,0.03490559011697769,833600,0.03,5.08715962676327,43.67863958719317,0.09012222453020513,43.67863958719317,104128,0.22436709608882666,26.145934998989105,0.0003,0.011668993101920933,0.013198817519878503,1.2494730977341533,0.0691217120620422,-133.9818480014801
8336,,254.42737,100.0,19967,,41,,,0.03490559011697769,833600,0.03,,,,,,,,,,,,,
8340,0.13610861226787216,257.44406,100.0,19982,0.288,41,0.39,0.0,0.03489801287651062,834400,0.03,4.3109318548765785,43.67863958719317,0.09144719515461475,43.67863958719317,104192,0.22353642457164824,26.353430539369583,0.0003,0.011677776201395318,0.014094113794271834,-0.10338684497401118,0.06799292739015073,-133.8960382938385
8344,,257.44406,100.0,19982,,41,,,0.03489801287651062,834400,0.03,,,,,,,,,,,,,
8348,0.0,258.29907,100.0,20005,0.2909999999999999,41,0.0,0.0,0.03489771485328674,835200,0.03,4.794167000405572,43.67863958719317,0.09087188739795238,43.67863958719317,104320,0.2253855757880956,26.61295959353447,0.0003,0.011745705924113281,0.013809298936394043,1.4900278649292886,0.06673975416924804,-134.16131353378296
8352,,258.29907,100.0,20005,,41,,,0.03489771485328674,835200,0.03,,,,,,,,,,,,,
8356,0.0,263.75696,100.0,20019,0.26099999999999995,41,0.0,0.0,0.03489495813846588,836000,0.04,3.821848878180976,43.67863958719317,0.09192126884590834,43.67863958719317,104384,0.22422106680460274,25.40106299519539,0.0003,0.011776764891692437,0.013315336422238033,0.31102443113923073,0.06606974062742665,-134.01719188690186
8360,,263.75696,100.0,20019,,41,,,0.03489495813846588,836000,0.04,,,,,,,,,,,,,
8364,0.2830976107985062,270.5278,100.0,20043,0.3,41,0.69,0.0,0.034898366779088974,836800,0.05,4.270685915231999,43.67863958719317,0.08993750798981637,43.67863958719317,104512,0.22240586671978235,27.001971870660782,0.0003,0.011828602946479805,0.014658861495263409,1.412958379369229,0.06718899949919432,-133.94446516036987
8368,,270.5278,100.0,20043,,41,,,0.034898366779088974,836800,0.05,,,,,,,,,,,,,
8372,0.23297248933935052,274.26343,100.0,20056,0.3,41,0.87,0.0,0.034902166575193405,837600,0.06,3.88388301494107,43.67863958719317,0.08938040223438293,43.67863958719317,104576,0.2233293184544891,27.09465852379799,0.0003,0.011853335992782377,0.012723000108962879,-0.40442056860774755,0.06843487295554951,-134.45525002479553
8376,,274.26343,100.0,20056,,41,,,0.034902166575193405,837600,0.06,,,,,,,,,,,,,
8380,0.4233920772976558,275.9674,100.0,20080,0.3,41,1.56,0.0,0.0348973274230957,838400,0.07,4.078706029459409,43.67863958719317,0.08740147994831204,43.67863958719317,104704,0.22160887904465199,26.59520822763443,0.0003,0.011839714628877118,0.013297704004799016,-0.9796065712580457,0.06874322117073461,-134.5229640007019
8384,,275.9674,100.0,20080,,41,,,0.0348973274230957,838400,0.07,,,,,,,,,,,,,
8388,0.31738037734639163,276.05026,100.0,20103,0.3,41,1.14,0.0,0.03489707410335541,839200,0.07,4.7536247564444665,43.67863958719317,0.09100559167563915,43.67863958719317,104832,0.22212311858311296,26.40027877688408,0.0003,0.011793542973464355,0.014290089435235132,-1.6006854323204607,0.0681860891636461,-134.23272132873535
8392,,276.05026,100.0,20103,,41,,,0.03489707410335541,839200,0.07,,,,,,,,,,,,,
8396,0.16999466322025106,276.52673,100.0,20117,0.3,41,0.63,0.0,0.034893739968538284,840000,0.07,4.90856290872796,43.67863958719317,0.09004347678273916,43.67863958719317,104896,0.22334523871541023,26.617673367261887,0.0003,0.01176512212259695,0.013770552191999741,-0.35110996942967176,0.06774065573699772,-134.20676016807556
8400,,276.52673,100.0,20117,,41,,,0.034893739968538284,840000,0.07,,,,,,,,,,,,,
8404,0.07463556373216428,276.71622,100.0,20140,0.3,41,0.36,0.0,0.03489735722541809,840800,0.07,3.9091433631031447,42.80506679544931,0.0894503021845594,42.80506679544931,105024,0.22318607848137617,26.279953569173813,0.0003,0.011766997384256683,0.01321357848792104,1.5659332126379013,0.06684185488848016,-134.41229462623596
8408,,276.71622,100.0,20140,,41,,,0.03489735722541809,840800,0.07,,,,,,,,,,,,,
8412,0.271047042845961,280.58786,100.0,20154,0.26099999999999995,41,0.75,0.0,0.034901827573776245,841600,0.07,4.8697347013731624,42.80506679544931,0.08884318766649812,42.80506679544931,105088,0.2235542731359601,26.00007537007332,0.0003,0.011793715137173422,0.013479410714353435,0.015711245127022266,0.06767725851386786,-134.31231546401978
8416,,280.58786,100.0,20154,,41,,,0.034901827573776245,841600,0.07,,,,,,,,,,,,,
8420,0.11948462967069119,278.8768,100.0,20177,0.288,41,0.51,0.0,0.03489460051059723,842400,0.07,4.447018665975083,42.80506679544931,0.0884950109757483,42.80506679544931,105216,0.22231780155561864,26.39440631866455,0.0003,0.011765379284042865,0.013757764638285153,-0.08164132293313742,0.06908997322898358,-135.15529251098633
8424,,278.8768,100.0,20177,,41,,,0.03489460051059723,842400,0.07,,,,,,,,,,,,,
8428,0.15777699089940922,274.12433,100.0,20192,0.3,41,0.69,0.0,0.034893378615379333,843200,0.05,4.959419396541649,42.80506679544931,0.08845001913141459,42.80506679544931,105280,0.22380954143591225,27.513353317975998,0.0003,0.011720833732397296,0.01384173300175462,-0.9386550695635378,0.06904179230332375,-134.89927744865417
8432,,274.12433,100.0,20192,,41,,,0.034893378615379333,843200,0.05,,,,,,,,,,,,,
8436,0.2734505416131069,273.1505,100.0,20215,0.3,41,0.99,0.0,0.03489598259329796,844000,0.05,5.041362964196627,42.80506679544931,0.09053047804627568,42.80506679544931,105408,0.22199380723759532,25.79491749405861,0.0003,0.011699760769261047,0.013633762770041358,-1.1449642549268901,0.06813127407804132,-134.96459007263184
8440,,273.1505,100.0,20215,,41,,,0.03489598259329796,844000,0.05,,,,,,,,,,,,,
8444,0.3345988050687316,272.76138,100.0,20228,0.264,41,0.93,0.0,0.03488751873373985,844800,0.05,4.749024870026054,42.80506679544931,0.08876178984064609,42.80506679544931,105472,0.22337954537943006,26.01873430609703,0.0003,0.011651626002276316,0.012811285720090382,-1.4812357416376472,0.06950614356901497,-135.02259612083435
8448,,272.76138,100.0,20228,,41,,,0.03488751873373985,844800,0.05,,,,,,,,,,,,,
8452,0.22439133102489925,271.41663,100.0,20251,0.3,41,0.81,0.0,0.03488415107131004,845600,0.04,4.878485685413551,42.80506679544931,0.08953319443389773,42.80506679544931,105600,0.22350581176578999,26.342902898788452,0.0003,0.011598482858971693,0.013908631386584602,0.3061582720838487,0.06816846336005256,-135.03549480438232
8456,,271.41663,100.0,20251,,41,,,0.03488415107131004,845600,0.04,,,,,,,,,,,,,
8460,0.06034431695274939,272.2459,100.0,20275,0.27899999999999997,41,0.3,0.0,0.0348694883286953,846400,0.04,4.581646168249948,42.80506679544931,0.08792580955196172,42.80506679544931,105728,0.22144985757768154,26.615465730428696,0.0003,0.011540855877683498,0.013787380761641543,0.0020551385823637247,0.06770017684902996,-134.66663217544556
8464,,272.2459,100.0,20275,,41,,,0.0348694883286953,846400,0.04,,,,,,,,,,,,,
8468,0.280094567820743,267.25644,100.0,20289,0.294,41,0.78,0.0,0.03486685827374458,847200,0.02,4.89695816971862,42.80506679544931,0.08856421802192926,42.80506679544931,105792,0.2260534754022956,29.247119307518005,0.0003,0.011539727041963488,0.012815615744329989,-0.3909043073654175,0.06964641431113705,-134.83236169815063
8472,,267.25644,100.0,20289,,41,,,0.03486685827374458,847200,0.02,,,,,,,,,,,,,
8476,0.19215246297653923,265.62253,100.0,20311,0.3,41,0.42,0.0,0.034869249910116196,848000,0.01,4.542658684517391,42.80506679544931,0.09062135755084455,42.80506679544931,105920,0.22389767179265618,26.35658234357834,0.0003,0.011557249526958913,0.014927230426110327,0.34181519551202655,0.07031595549779013,-134.4353392124176
8480,,265.62253,100.0,20311,,41,,,0.034869249910116196,848000,0.01,,,,,,,,,,,,,
8484,0.4683205842525273,267.21216,100.0,20325,0.26099999999999995,41,1.47,0.0,0.03487515449523926,848800,0.01,4.265715633582967,42.80506679544931,0.08998867718037218,42.80506679544931,105984,0.22349726734682918,26.39971151947975,0.0003,0.011579130426980555,0.012712967240076978,0.4211043920367956,0.06885525106918067,-134.98498129844666
8488,,267.21216,100.0,20325,,41,,,0.03487515449523926,848800,0.01,,,,,,,,,,,,,
8492,0.2880609059870457,265.6755,100.0,20348,0.3,41,1.08,0.0,0.034874264150857925,849600,0.01,4.921074308614373,42.80506679544931,0.08983988489490002,42.80506679544931,106112,0.22454589745029807,26.544589281082153,0.0003,0.011637184274150059,0.013218764004705008,0.013757331296801567,0.06757940229726955,-135.10118126869202
8496,,265.6755,100.0,20349,,41,,,0.034874264150857925,849600,0.01,,,,,,,,,,,,,
8500,0.23190072211261026,264.89313,100.0,20363,0.27599999999999997,41,0.84,0.0,0.034864217042922974,850400,0.0,4.5955969523538,42.80506679544931,0.09026650246232748,42.80506679544931,106176,0.2246018818113953,27.065854638814926,0.0003,0.011602893311646767,0.013960098440293223,-2.370237016584724,0.07009644998470321,-135.02537322044373
8504,,264.89313,100.0,20363,,41,,,0.034864217042922974,850400,0.0,,,,,,,,,,,,,
8508,0.29616108829227306,269.54953,100.0,20386,0.3,41,1.11,0.0,0.034850772470235825,851200,0.0,4.594365881654431,42.80506679544931,0.08966392779257149,42.80506679544931,106304,0.22540781227871776,26.256507992744446,0.0003,0.011538147940882482,0.013186479882278945,-0.7517294399440289,0.0689469461212866,-134.79108428955078
8512,,269.54953,100.0,20386,,41,,,0.034850772470235825,851200,0.0,,,,,,,,,,,,,
8516,0.1873111541263244,266.76077,100.0,20409,0.3,41,0.54,0.0,0.03485261648893356,852000,0.01,4.372551797956243,42.80506679544931,0.08979334682226181,42.80506679544931,106432,0.22560714255087078,26.951397627592087,0.0003,0.01154711861454416,0.012718098194454797,0.9354508036049083,0.06857613759348169,-134.61596059799194
8520,,266.76077,100.0,20409,,41,,,0.03485261648893356,852000,0.01,,,,,,,,,,,,,
8524,0.12625005976975584,267.1879,100.0,20424,0.25499999999999995,41,0.54,0.0,0.03484663367271423,852800,0.01,4.144975795966462,42.80506679544931,0.09009720687754452,42.80506679544931,106496,0.22361213574185967,26.507191509008408,0.0003,0.011578443009057082,0.014627812670369167,0.9719573314068839,0.06845143082318828,-134.91837096214294
8528,,267.1879,100.0,20424,,41,,,0.03484663367271423,852800,0.01,,,,,,,,,,,,,
8532,0.1801852769400789,266.1352,100.0,20448,0.3,41,0.72,0.0,0.0348435640335083,853600,0.01,4.774262087969072,42.80506679544931,0.09087735088542104,42.80506679544931,106624,0.2282836444210261,27.32415834069252,0.0003,0.011590341673581861,0.013061824611213524,1.0301191871985793,0.07005693134851754,-135.02151560783386
8536,,266.1352,100.0,20448,,41,,,0.0348435640335083,853600,0.01,,,,,,,,,,,,,
8540,0.28716197665111287,265.02997,100.0,20463,0.25799999999999995,41,0.75,0.0,0.0348418653011322,854400,0.01,4.645931443556972,42.80506679544931,0.09071163646876812,42.80506679544931,106688,0.2260919618420303,27.523696541786194,0.0003,0.01161669526482001,0.01381185313948663,1.1369962645694613,0.06810537492856383,-134.89219188690186
8544,,265.02997,100.0,20463,,41,,,0.0348418653011322,854400,0.01,,,,,,,,,,,,,
8548,0.43917779889577646,266.1857,100.0,20486,0.3,41,1.41,0.0,0.03485194966197014,855200,0.01,4.854053545601216,42.80506679544931,0.09143529168795794,42.80506679544931,106816,0.2283027614466846,28.07914161682129,0.0003,0.011709550890373066,0.015067108986841049,1.2984916367568076,0.07110316172474995,-135.08148527145386
8552,,266.1857,100.0,20486,,41,,,0.03485194966197014,855200,0.01,,,,,,,,,,,,,
8556,0.03985388822948214,265.2192,100.0,20499,0.25799999999999995,41,0.15,0.0,0.03484763205051422,856000,0.01,4.399457583961165,42.80506679544931,0.090461908839643,42.80506679544931,106880,0.22559712082147598,28.552516728639603,0.0003,0.011743251554435119,0.013195416802773252,0.19510998274199665,0.07019829063210636,-135.11420345306396
8560,,265.2192,100.0,20499,,41,,,0.03484763205051422,856000,0.01,,,,,,,,,,,,,
8564,0.079406828960596,262.9211,100.0,20521,0.2909999999999999,41,0.39,0.0,0.03484418988227844,856800,0.01,4.810060055223486,42.80506679544931,0.09044975822325796,42.80506679544931,107008,0.22713698050938547,28.15270632505417,0.0003,0.011806308917584829,0.01323810218309518,0.2357965842820704,0.06998208648292348,-135.1758749485016
8568,,262.9211,100.0,20521,,41,,,0.03484418988227844,856800,0.01,,,,,,,,,,,,,
8572,0.20543461748355069,264.99634,100.0,20535,0.3,41,0.66,0.0,0.03484293445944786,857600,0.01,4.6187698539907975,42.80506679544931,0.08960352092981339,42.80506679544931,107072,0.2264677961356938,27.11847823858261,0.0003,0.011830848088720813,0.012708770809695125,1.6727291201241314,0.06814271362964064,-135.07276487350464
8576,,264.99634,100.0,20535,,41,,,0.03484293445944786,857600,0.01,,,,,,,,,,,,,
8580,0.16280583116831168,263.82257,100.0,20558,0.2909999999999999,41,0.45,0.0,0.03484945744276047,858400,0.01,5.039157693941962,42.80506679544931,0.09104546369053423,42.80506679544931,107200,0.22490464546717703,27.271636694669724,0.0003,0.01194063229195308,0.013362309757212643,1.2676450866274536,0.06995734939118847,-135.45862746238708
8584,,263.82257,100.0,20558,,41,,,0.03484945744276047,858400,0.01,,,,,,,,,,,,,
8588,0.5595055496107474,264.2368,100.0,20581,0.282,41,1.38,0.0,0.034845128655433655,859200,0.02,4.076022183493812,42.80506679544931,0.09170355554670095,42.80506679544931,107328,0.22911649104207754,27.11475533246994,0.0003,0.012004882577457465,0.014538644885760732,2.401832818519324,0.07040022133151069,-135.10580396652222
8592,,264.2368,100.0,20581,,41,,,0.034845128655433655,859200,0.02,,,,,,,,,,,,,
8596,0.2822772288394757,265.82425,100.0,20595,0.3,41,0.66,0.0,0.03484778106212616,860000,0.02,4.465317939245077,42.80506679544931,0.09291209257207811,42.80506679544931,107392,0.22823265148326755,27.456961393356323,0.0003,0.012080602769856341,0.013735178326896857,1.4051553448662162,0.06922889209818095,-134.96118807792664
8600,,265.82425,100.0,20595,,41,,,0.03484778106212616,860000,0.02,,,,,,,,,,,,,
8604,0.10866951802482991,263.00613,100.0,20618,0.3,41,0.39,0.0,0.03485264629125595,860800,0.02,4.773982113411199,41.94896545954032,0.09018151124473661,41.94896545954032,107520,0.2251284746453166,27.609523087739944,0.0003,0.012124068394768983,0.014059224900847767,0.48791269352659583,0.06946058163885027,-135.61693000793457
8608,,263.00613,100.0,20618,,41,,,0.03485264629125595,860800,0.02,,,,,,,,,,,,,
8612,0.024119764154443866,261.70407,100.0,20633,0.3,41,0.12,0.0,0.03485777974128723,861600,0.01,4.732361578540135,41.94896545954032,0.08981784258503467,41.94896545954032,107584,0.22763958550058305,28.506601959466934,0.0003,0.012144045176682994,0.01398144185077399,1.2758560525253415,0.07001584611134604,-135.33574748039246
8616,,261.70407,100.0,20633,,41,,,0.03485777974128723,861600,0.01,,,,,,,,,,,,,
8620,0.5018124629249793,265.41928,100.0,20657,0.26099999999999995,41,1.53,0.0,0.03487294539809227,862400,0.01,4.787853329218715,41.94896545954032,0.09209491696674377,41.94896545954032,107712,0.2251853859052062,27.378768384456635,0.0003,0.012250031213625334,0.013853444157575723,-0.14495602156966925,0.06710411596577615,-135.43533897399902
8624,,265.41928,100.0,20657,,41,,,0.03487294539809227,862400,0.01,,,,,,,,,,,,,
8628,0.06506168116612981,266.73203,100.0,20671,0.264,41,0.36,0.0,0.0348699577152729,863200,0.01,4.777143882351815,41.94896545954032,0.09133512119296938,41.94896545954032,107776,0.22833822621032596,27.730684459209442,0.0003,0.012258802220458165,0.014345556650368962,0.3101052176207304,0.07019049755763263,-135.43788814544678
8632,,266.73203,100.0,20671,,41,,,0.0348699577152729,863200,0.01,,,,,,,,,,,,,
8636,0.34052797274469065,267.60657,100.0,20694,0.3,41,1.17,0.0,0.03487234562635422,864000,0.01,4.920357812767476,41.94896545954032,0.08874330040998757,41.94896545954032,107904,0.22579070762731135,26.017853915691376,0.0003,0.012281114963116124,0.012802590754290577,-0.6821825343649834,0.06945878633996472,-135.25704264640808
8640,,267.60657,100.0,20694,,41,,,0.03487234562635422,864000,0.01,,,,,,,,,,,,,
8644,0.150810595708619,266.52002,100.0,20718,0.22799999999999998,41,0.51,0.0,0.034870002418756485,864800,0.01,4.92248004413964,41.94896545954032,0.08783026738092303,41.94896545954032,108032,0.22587902820669115,27.53098374605179,0.0003,0.012328868513577618,0.013151453065802343,0.48333815881051123,0.06817090912954882,-135.47435426712036
8648,,266.52002,100.0,20718,,41,,,0.034870002418756485,864800,0.01,,,,,,,,,,,,,
8652,0.16345801356413012,263.46536,100.0,20732,0.24899999999999994,41,0.69,0.0,0.03487705439329147,865600,0.01,4.7733078930713795,41.94896545954032,0.08686527679674327,41.94896545954032,108096,0.2260187789797783,26.702312111854553,0.0003,0.012357717816485092,0.012416313926223665,1.3261968176811934,0.06937674811342731,-135.56113934516907
8656,,263.46536,100.0,20732,,41,,,0.03487705439329147,865600,0.01,,,,,,,,,,,,,
8660,0.07241165245688984,269.61026,100.0,20756,0.29699999999999993,41,0.27,0.0,0.03487687557935715,866400,0.03,3.304371255458294,41.94896545954032,0.08714916522148997,41.94896545954032,108224,0.22714816802181304,26.341537058353424,0.0003,0.012398372768075205,0.012670506825088523,-0.6986460546031594,0.06756722636055201,-135.35210800170898
8664,,269.61026,100.0,20756,,41,,,0.03487687557935715,866400,0.03,,,,,,,,,,,,,
8668,0.13509088887886056,269.56125,100.0,20770,0.22499999999999998,41,0.48,0.0,0.03487521782517433,867200,0.03,4.850012016084196,41.94896545954032,0.08763463504146785,41.94896545954032,108288,0.22710325894877315,26.871971487998962,0.0003,0.012376465776469558,0.012580125912791118,-0.31970150093548,0.06977389025269076,-135.5459246635437
8672,,269.56125,100.0,20770,,41,,,0.03487521782517433,867200,0.03,,,,,,,,,,,,,
8676,0.21271597784641677,267.17688,100.0,20794,0.22499999999999998,41,0.72,0.0,0.03488301485776901,868000,0.03,4.73111786473848,41.94896545954032,0.08969498798251152,41.94896545954032,108416,0.22912684571929276,26.065716117620468,0.0003,0.012398453807691112,0.013549373725254554,0.8881292613223195,0.0699483310454525,-134.92244791984558
8680,,267.17688,100.0,20794,,41,,,0.03488301485776901,868000,0.03,,,,,,,,,,,,,
8684,0.28338083650467233,267.65546,100.0,20808,0.3,41,0.57,0.0,0.03487344831228256,868800,0.03,4.441025432521846,41.94896545954032,0.09870927408337593,41.94896545954032,108480,0.2280123163945973,26.71687251329422,0.0003,0.01238595726317726,0.016869607861735858,-1.5486820018850267,0.07141005987068638,-134.71796870231628
8688,,267.65546,100.0,20808,,41,,,0.03487344831228256,868800,0.03,,,,,,,,,,,,,
8692,0.026424953149664292,266.51315,100.0,20831,0.264,41,0.09,0.0,0.034871622920036316,869600,0.02,4.704795570292933,41.94896545954032,0.09181885083671659,41.94896545954032,108608,0.2294839636888355,28.98101568222046,0.0003,0.012322436858084984,0.012802634970284998,-1.7376453271135688,0.07000232848804444,-135.35242080688477
8696,,266.51315,100.0,20831,,41,,,0.034871622920036316,869600,0.02,,,,,,,,,,,,,
8700,0.4274635044692314,266.39108,100.0,20846,0.27599999999999997,41,1.26,0.0,0.034868255257606506,870400,0.02,4.851729650412388,41.94896545954032,0.09263782191555947,41.94896545954032,108672,0.22688355762511492,27.10403859615326,0.0003,0.012261713316547684,0.015635027251846623,-1.7274188094306737,0.07062595838215202,-135.29382729530334
8704,,266.39108,100.0,20846,,41,,,0.034868255257606506,870400,0.02,,,,,,,,,,,,,
8708,0.02121198574304592,267.3096,100.0,20871,0.26099999999999995,41,0.06,0.0,0.03486984223127365,871200,0.03,4.204914816617749,41.94896545954032,0.08813692070543766,41.94896545954032,108800,0.22718097595497966,27.05012133717537,0.0003,0.012217295618029311,0.013128736150974873,0.37073611025698483,0.07173654151847586,-135.14665055274963
8712,,267.3096,100.0,20871,,41,,,0.03486984223127365,871200,0.03,,,,,,,,,,,,,
8716,0.08472315679804675,265.8996,100.0,20894,0.25199999999999995,41,0.36,0.0,0.03485901653766632,872000,0.03,4.806592203596399,41.94896545954032,0.09016388049349189,41.94896545954032,108928,0.2266776254400611,25.776999920606613,0.0003,0.012190919311251491,0.0124426172405947,1.6474276427179575,0.06611374375643209,-135.79275703430176
8720,,265.8996,100.0,20894,,41,,,0.03485901653766632,872000,0.03,,,,,,,,,,,,,
8724,0.24525760508653607,266.5131,100.0,20909,0.27599999999999997,41,0.84,0.0,0.03485514596104622,872800,0.04,3.95841371990178,41.94896545954032,0.09014094586018473,41.94896545954032,108992,0.2278584826271981,26.701012164354324,0.0003,0.01224749167158734,0.012863854979514144,0.06546387309208512,0.06847485958132893,-135.74136018753052
8728,,266.5131,100.0,20909,,41,,,0.03485514596104622,872800,0.04,,,,,,,,,,,,,
8732,0.5104079460227634,269.81796,100.0,20933,0.3,41,1.86,0.0,0.03485685586929321,873600,0.04,4.777941902702079,41.94896545954032,0.08898767316713929,41.94896545954032,109120,0.22961526806466281,28.474094182252884,0.0003,0.01225563304615207,0.013356382143683732,-0.47780180163681507,0.07440068107098341,-135.51578521728516
8736,,269.81796,100.0,20933,,41,,,0.03485685586929321,873600,0.04,,,,,,,,,,,,,
8740,0.10191681125108118,267.12634,100.0,20946,0.3,41,0.39,0.0,0.03485395014286041,874400,0.04,4.694720140152369,41.94896545954032,0.08967603265773505,41.94896545954032,109184,0.22640919173136353,26.70157891511917,0.0003,0.012241867763805203,0.013378253650444094,-0.7949683824554086,0.07074983190977946,-135.64622163772583
8744,,267.12634,100.0,20946,,41,,,0.03485395014286041,874400,0.04,,,,,,,,,,,,,
8748,0.08844498126909996,266.7781,100.0,20970,0.24899999999999994,41,0.36,0.0,0.03484882786870003,875200,0.04,4.563821450439474,41.94896545954032,0.08981251169461757,41.94896545954032,109312,0.2286156276240945,27.063092172145844,0.0003,0.012239412491908297,0.012151457769505214,-1.023888279683888,0.06964498723391443,-136.0027003288269
8752,,266.7781,100.0,20970,,41,,,0.03484882786870003,875200,0.04,,,,,,,,,,,,,
8756,0.2661702861019689,265.28107,100.0,20984,0.285,41,0.54,0.0,0.034849900752305984,876000,0.03,4.897793729712084,41.94896545954032,0.0882787040900439,41.94896545954032,109376,0.22827486274763942,26.951897621154785,0.0003,0.012223302779602818,0.012268938851775602,0.27435711631551385,0.06775614916114137,-136.0578372478485
8760,,265.28107,100.0,20984,,41,,,0.034849900752305984,876000,0.03,,,,,,,,,,,,,
8764,0.10474810860083346,264.5203,100.0,21008,0.22499999999999998,41,0.39,0.0,0.034842751920223236,876800,0.03,3.7006270905065026,41.94896545954032,0.08874909905716777,41.94896545954032,109504,0.22737802262417972,29.147653222084045,0.0003,0.01216373746865429,0.013094640235067345,-0.8402741621248424,0.07052377465879545,-136.1601414680481
8768,,264.5203,100.0,21008,,41,,,0.034842751920223236,876800,0.03,,,,,,,,,,,,,
8772,0.33235880418968605,265.76636,100.0,21032,0.249,41,0.72,0.0,0.034841883927583694,877600,0.03,4.576960207075198,41.94896545954032,0.08873105759266764,41.94896545954032,109632,0.22767180460505188,27.2093066573143,0.0003,0.012153190662502311,0.014042047019756865,-0.4903333899565041,0.07079797895858064,-135.99000334739685
8776,,265.76636,100.0,21032,,41,,,0.034841883927583694,877600,0.03,,,,,,,,,,,,,
8780,0.1928667565436389,265.5137,100.0,21046,0.3,41,0.75,0.0,0.0348467156291008,878400,0.04,4.331529253409885,41.94896545954032,0.08984985772985965,41.94896545954032,109696,0.22872863220982254,27.322810173034668,0.0003,0.012157621371443383,0.015235352992021944,0.5790109054651111,0.07189041475066915,-136.02676820755005
8784,,265.5137,100.0,21046,,41,,,0.0348467156291008,878400,0.04,,,,,,,,,,,,,
8788,0.3372507719908605,267.45825,100.0,21070,0.22499999999999998,41,1.02,0.0,0.034841835498809814,879200,0.04,4.681941567894055,41.94896545954032,0.08806390664540231,41.94896545954032,109824,0.22663888917304575,27.084951907396317,0.0003,0.012136310309870169,0.013762338836386334,0.14367546944413334,0.0716799563379027,-136.06731700897217
8792,,267.45825,100.0,21070,,41,,,0.034841835498809814,879200,0.04,,,,,,,,,,,,,
8796,0.38826243802355104,266.18176,100.0,21084,0.264,41,1.17,0.0,0.03484059497714043,880000,0.04,4.511488966983993,41.94896545954032,0.08888086082879454,41.94896545954032,109888,0.22788175847381353,27.148017078638077,0.0003,0.012122892498155124,0.01387063416041201,0.4773921202868223,0.07144727918785065,-135.94763445854187
8800,,266.18176,100.0,21084,,41,,,0.03484059497714043,880000,0.04,,,,,,,,,,,,,
8804,0.30792094869492526,266.37915,100.0,21108,0.258,41,0.99,0.0,0.034838978201150894,880800,0.04,4.7177647732532435,41.10998615034951,0.08859302452765405,41.10998615034951,110016,0.22881410527043045,28.000081688165665,0.0003,0.012132487827329896,0.013113825873006135,-0.02388166729360819,0.07146493473555893,-135.9221794605255
8808,,266.37915,100.0,21108,,41,,,0.034838978201150894,880800,0.04,,,,,,,,,,,,,
8812,0.580716946335727,265.12698,100.0,21122,0.3,41,1.86,0.0,0.03484674543142319,881600,0.03,4.966680854228595,41.10998615034951,0.08739324496127665,41.10998615034951,110080,0.2279143901541829,26.4496728181839,0.0003,0.012140698338043876,0.012754931340168696,1.153569245710969,0.07053873548284173,-136.3460249900818
8816,,265.12698,100.0,21122,,41,,,0.03484674543142319,881600,0.03,,,,,,,,,,,,,
8820,0.2802420681978506,265.55728,100.0,21145,0.26099999999999995,41,0.72,0.0,0.03485129773616791,882400,0.02,4.354870430983415,41.10998615034951,0.08836745715234429,41.10998615034951,110208,0.22704757563769817,26.22977602481842,0.0003,0.01214845449430868,0.012438210440450348,0.14552648819517344,0.07047998410416767,-135.79599118232727
8824,,265.55728,100.0,21145,,41,,,0.03485129773616791,882400,0.02,,,,,,,,,,,,,
8828,0.1527640732431606,266.4783,100.0,21159,0.26099999999999995,41,0.57,0.0,0.03484903275966644,883200,0.02,4.7675584142388345,41.10998615034951,0.08880816143937409,41.10998615034951,110272,0.230712914140895,26.529907405376434,0.0003,0.01213860942516476,0.013400084339082241,-0.8584311348386109,0.07013866200577468,-136.03701329231262
8832,,266.4783,100.0,21159,,41,,,0.03484903275966644,883200,0.02,,,,,,,,,,,,,
8836,0.1365468595558116,268.00052,100.0,21184,0.249,41,0.57,0.0,0.0348445363342762,884000,0.03,4.175348196713827,41.10998615034951,0.0850882971426472,41.10998615034951,110400,0.22500570071861148,26.786737024784088,0.0003,0.012147730696597137,0.013131176878232509,-1.1166300997138023,0.07189634238602594,-136.78258061408997
8840,,268.00052,100.0,21184,,41,,,0.0348445363342762,884000,0.03,,,,,,,,,,,,,
8844,0.18865940860087985,271.78265,100.0,21209,0.3,41,0.51,0.0,0.034845080226659775,884800,0.04,4.367114495501583,41.10998615034951,0.08635189069900662,41.10998615034951,110528,0.22714257519692183,29.001534730196,0.0003,0.012128861111705191,0.014634311395639088,0.720991297159344,0.07250465941615403,-136.45952582359314
8848,,271.78265,100.0,21209,,41,,,0.034845080226659775,884800,0.04,,,,,,,,,,,,,
8852,0.2916814557283709,273.1431,100.0,21222,0.3,41,0.75,0.0,0.034850697964429855,885600,0.04,4.776684849210451,41.10998615034951,0.08699654031079262,41.10998615034951,110592,0.22842161892913282,28.611889004707336,0.0003,0.012145684362621978,0.012757830372720491,-0.2973876448813826,0.06947072787443176,-136.6616325378418
8856,,273.1431,100.0,21222,,41,,,0.034850697964429855,885600,0.04,,,,,,,,,,,,,
8860,0.0074068271097795365,272.87384,100.0,21246,0.21,41,0.03,0.0,0.034846559166908264,886400,0.06,3.831581932285309,41.10998615034951,0.08688713458832353,41.10998615034951,110720,0.22761790757067502,28.02207913994789,0.0003,0.012051622543367557,0.0123393039975781,-2.5479860338382423,0.0719986148760654,-136.28951811790466
8864,,272.87384,100.0,21246,,41,,,0.034846559166908264,886400,0.06,,,,,,,,,,,,,
8868,0.0,274.98758,100.0,21263,0.29699999999999993,41,0.0,0.0,0.03484737128019333,887200,0.07,3.859773388913151,41.10998615034951,0.08690691064111888,41.10998615034951,110784,0.22634777193889022,27.64713478088379,0.0003,0.011994510990916751,0.014740843485924415,-0.9056860950076953,0.07283963629743084,-136.1862711906433
8872,,274.98758,100.0,21263,,41,,,0.03484737128019333,887200,0.07,,,,,,,,,,,,,
8876,0.3932880265315387,276.6083,100.0,21288,0.267,41,1.11,0.0,0.03483935445547104,888000,0.07,4.63602144525901,41.10998615034951,0.08857876306865364,41.10998615034951,110912,0.22795039787888527,28.073330461978912,0.0003,0.011920395380002446,0.014899145433446392,-1.3728514096001163,0.07100914878537878,-136.95827913284302
8880,,276.6083,100.0,21288,,41,,,0.03483935445547104,888000,0.07,,,,,,,,,,,,,
8884,0.1377764036842827,277.09915,100.0,21301,0.25199999999999995,41,0.51,0.0,0.034842535853385925,888800,0.07,4.071156226324097,41.10998615034951,0.08841747080441564,41.10998615034951,110976,0.2280640327371657,28.979622393846512,0.0003,0.01191838392696809,0.013881342354579829,0.6205265838652849,0.0738292908645235,-136.7269537448883
8888,,277.09915,100.0,21301,,41,,,0.034842535853385925,888800,0.07,,,,,,,,,,,,,
8892,0.31953139126821106,276.9088,100.0,21326,0.288,41,1.11,0.0,0.03484140336513519,889600,0.07,4.6902440479297995,41.10998615034951,0.08522603602614254,41.10998615034951,111104,0.22646349063143134,26.647929906845093,0.0003,0.011867100824019872,0.01249127124901861,-0.7749473103322089,0.0711823453893885,-137.1262490749359
8896,,276.9088,100.0,21326,,41,,,0.03484140336513519,889600,0.07,,,,,,,,,,,,,
8900,0.2742749917953435,274.49677,100.0,21352,0.23399999999999996,41,0.69,0.0,0.03483659029006958,890400,0.07,3.8906660459994344,41.10998615034951,0.08819776074960828,41.10998615034951,111232,0.22630474530160427,27.898138999938965,0.0003,0.011781134046032093,0.013149002639693208,-2.4949271886143833,0.07458786282222718,-136.80276656150818
8904,,274.49677,100.0,21352,,41,,,0.03483659029006958,890400,0.07,,,,,,,,,,,,,
8908,0.0064467767305781964,270.6775,100.0,21366,0.3,41,0.03,0.0,0.034837428480386734,891200,0.07,4.497406552281137,41.10998615034951,0.08984360459726304,41.10998615034951,111296,0.23108182870782912,28.335975259542465,0.0003,0.011710556267644279,0.014265012068790384,-1.059480531141162,0.07358213840052485,-137.05696630477905
8912,,270.6775,100.0,21366,,41,,,0.034837428480386734,891200,0.07,,,,,,,,,,,,,
8916,0.3880145858543427,270.2633,100.0,21392,0.3,41,1.14,0.0,0.034842852503061295,892000,0.07,5.196348554632113,41.10998615034951,0.089271807577461,41.10998615034951,111424,0.23146074451506138,28.42958903312683,0.0003,0.011683294345857576,0.01312827932270011,-1.0548085153568536,0.07146528852172196,-136.59815669059753
8920,,270.2633,100.0,21392,,41,,,0.034842852503061295,892000,0.07,,,,,,,,,,,,,
8924,0.02092651081116708,271.3782,100.0,21405,0.26399999999999996,41,0.06,0.0,0.03484778106212616,892800,0.07,4.465797655381881,41.10998615034951,0.0880424800561741,41.10998615034951,111488,0.22728929831646383,29.140001595020294,0.0003,0.01166724509675987,0.014409285839064978,-0.6349489272106439,0.07355484599247575,-137.34679007530212
8928,,271.3782,100.0,21405,,41,,,0.03484778106212616,892800,0.07,,,,,,,,,,,,,
8932,0.4149447238474362,268.67062,100.0,21430,0.3,41,1.35,0.0,0.034836094826459885,893600,0.06,4.1236882948058255,41.10998615034951,0.0884208322968334,41.10998615034951,111616,0.23101696255616844,28.90879738330841,0.0003,0.011537189726368524,0.012446517488569953,-2.422316330485046,0.07227411144413054,-136.8479688167572
8936,,268.67062,100.0,21430,,41,,,0.034836094826459885,893600,0.06,,,,,,,,,,,,,
8940,0.042295842095074004,265.0846,100.0,21443,0.3,41,0.15,0.0,0.034832652658224106,894400,0.05,4.941163771919722,41.10998615034951,0.08878147299401462,41.10998615034951,111680,0.23004052485339344,27.98406472802162,0.0003,0.011458197390311398,0.013165079202735797,-2.05506411800161,0.0728231436223723,-137.10390901565552
8944,,265.0846,100.0,21443,,41,,,0.034832652658224106,894400,0.05,,,,,,,,,,,,,
8948,0.0,262.11633,100.0,21468,0.3,41,0.0,0.0,0.03483423590660095,895200,0.05,5.0119408278714825,41.10998615034951,0.08792535623069853,41.10998615034951,111808,0.22678845981135964,25.984495222568512,0.0003,0.011355948401615024,0.012327939082751982,-0.5552628997247666,0.07089420675765723,-137.07379055023193
8952,,262.11633,100.0,21468,,41,,,0.03483423590660095,895200,0.05,,,,,,,,,,,,,
8956,0.13648156221907196,263.37607,100.0,21483,0.3,41,0.39,0.0,0.034829698503017426,896000,0.05,4.020380638011802,41.10998615034951,0.08919945429079235,41.10998615034951,111872,0.22971720597706735,26.571429401636124,0.0003,0.011329913584631868,0.01248770825623069,-1.22295713564381,0.069938120956067,-137.12027287483215
8960,,263.37607,100.0,21483,,41,,,0.034829698503017426,896000,0.05,,,,,,,,,,,,,
8964,0.1035434335258212,258.91248,100.0,21506,0.3,41,0.48,0.0,0.03482944890856743,896800,0.03,4.8366395514514515,41.10998615034951,0.08843336813151836,41.10998615034951,112000,0.22981894109398127,27.17463716864586,0.0003,0.011298078738036565,0.012658682360779494,-0.687789972522296,0.07181953504914418,-136.92377638816833
8968,,258.91248,100.0,21506,,41,,,0.03482944890856743,896800,0.03,,,,,,,,,,,,,
8972,0.21798097182305046,257.17197,100.0,21529,0.2729999999999999,41,0.72,0.0,0.03483216464519501,897600,0.02,4.582666625371086,41.10998615034951,0.08846687735058367,41.10998615034951,112128,0.2296347920782864,27.103526949882507,0.0003,0.011277114710537717,0.012627609292394482,-0.9064838187769055,0.07170390820829198,-137.03406047821045
8976,,257.17197,100.0,21529,,41,,,0.03483216464519501,897600,0.02,,,,,,,,,,,,,
8980,0.1780157959693517,255.00146,100.0,21544,0.3,41,0.45,0.0,0.034824226051568985,898400,0.01,5.038166332334698,41.10998615034951,0.08929970825556666,41.10998615034951,112192,0.2292731897905469,27.323830127716064,0.0003,0.011218710962566547,0.012097844803065527,-2.068930412293412,0.071742522821296,-136.95291686058044
8984,,255.00146,100.0,21544,,41,,,0.034824226051568985,898400,0.01,,,,,,,,,,,,,
8988,0.2628766932552945,252.85643,100.0,21567,0.3,41,0.78,0.0,0.03481389582157135,899200,0.01,4.476522668461291,41.10998615034951,0.08762669807765633,41.10998615034951,112320,0.22742883721366525,26.405011922121048,0.0003,0.011172704034834169,0.01169681364990538,-1.4831941032316536,0.0702345140161924,-137.09794998168945
8992,,252.85643,100.0,21567,,41,,,0.03481389582157135,899200,0.01,,,,,,,,,,,,,
8996,0.37775611145284993,255.53609,100.0,21581,0.3,41,1.08,0.0,0.03481858968734741,900000,0.01,4.70815232027556,41.10998615034951,0.08874281740281731,41.10998615034951,112384,0.23078435333445668,27.068806409835815,0.0003,0.011158237801282667,0.011856153309054207,0.9356569461524487,0.0690168616711162,-137.17607140541077
9000,,255.53609,100.0,21581,,41,,,0.03481858968734741,900000,0.01,,,,,,,,,,,,,
9004,0.0,253.78781,100.0,21605,0.3,41,0.0,0.0,0.03481167554855347,900800,0.01,4.806042320320879,40.28778642734252,0.08877236011903733,40.28778642734252,112512,0.23252885020338,27.97171574831009,0.0003,0.011148369056172669,0.011773950063798111,-1.4446086252573878,0.07217677519656718,-137.1112105846405
9008,,253.78781,100.0,21605,,41,,,0.03481167554855347,900800,0.01,,,,,,,,,,,,,
9012,0.2489879386585291,255.37654,100.0,21619,0.3,41,0.81,0.0,0.03480911999940872,901600,0.01,4.602672346331797,40.28778642734252,0.08937734155915678,40.28778642734252,112576,0.23284456063993275,27.80636242032051,0.0003,0.011116227819002233,0.013074357106233947,0.4610614331904799,0.07152740692254156,-137.4083526134491
9016,,255.37654,100.0,21619,,41,,,0.03480911999940872,901600,0.01,,,,,,,,,,,,,
9020,0.4266890699941442,256.86896,100.0,21644,0.3,41,1.29,0.0,0.03480919077992439,902400,0.01,4.7737199473328635,40.28778642734252,0.08774926606565714,40.28778642734252,112704,0.2330105344299227,27.097096472978592,0.0003,0.011160793656017631,0.011725978416507132,0.053355413605459034,0.07140889996662736,-137.5808460712433
9024,,256.86896,100.0,21644,,41,,,0.03480919077992439,902400,0.01,,,,,,,,,,,,,
9028,0.007465874490865312,252.78871,100.0,21667,0.3,41,0.03,0.0,0.034816548228263855,903200,0.01,4.8347582434512555,40.28778642734252,0.0898055360885337,40.28778642734252,112832,0.23273021238856018,26.685660541057587,0.0003,0.011200609675142914,0.012712849435047247,0.8150790678337216,0.07121544081019238,-137.34104084968567
9032,,252.78871,100.0,21667,,41,,,0.034816548228263855,903200,0.01,,,,,,,,,,,,,
9036,0.13922173399322404,250.90425,100.0,21680,0.3,41,0.39,0.0,0.03481927886605263,904000,0.01,4.599234579059893,40.28778642734252,0.08948186202906072,40.28778642734252,112896,0.2341159377247095,26.720632642507553,0.0003,0.01121909923676867,0.014494867507892195,-0.046666054986417294,0.07251583691686392,-137.38361477851868
9040,,250.90425,100.0,21680,,41,,,0.03481927886605263,904000,0.01,,,,,,,,,,,,,
9044,0.26114251286392043,255.28612,100.0,21703,0.3,41,0.72,0.0,0.03481614589691162,904800,0.02,4.280634893065805,40.28778642734252,0.08808233239687979,40.28778642734252,113024,0.23214045027270913,27.778419107198715,0.0003,0.011249692790443078,0.012687035370618105,0.3486283328384161,0.07069164060521871,-137.54052329063416
9048,,255.28612,100.0,21703,,41,,,0.03481614589691162,904800,0.02,,,,,,,,,,,,,
9052,0.15794043603931246,256.56442,100.0,21718,0.27899999999999997,41,0.51,0.0,0.03481578454375267,905600,0.01,4.840217355855178,40.28778642734252,0.08939846907742321,40.28778642734252,113088,0.2319350391626358,27.40558761358261,0.0003,0.011262063693720847,0.011661739794362802,0.9722368409857154,0.07121637248201296,-137.67554688453674
9056,,256.56442,100.0,21718,,41,,,0.03481578454375267,905600,0.01,,,,,,,,,,,,,
9060,0.13281829948112855,254.92572,100.0,21741,0.29699999999999993,41,0.36,0.0,0.034819670021533966,906400,0.01,4.319327473721061,40.28778642734252,0.09231148741673678,40.28778642734252,113216,0.2347425022162497,27.33849522471428,0.0003,0.011306786764180288,0.013496000421582721,0.9503530240617692,0.07290384022053331,-137.96092891693115
9064,,254.92572,100.0,21741,,41,,,0.034819670021533966,906400,0.01,,,,,,,,,,,,,
9068,0.018054982193173818,254.46928,100.0,21755,0.26099999999999995,41,0.06,0.0,0.03481578826904297,907200,0.01,4.660575297301646,40.28778642734252,0.08982023550197482,40.28778642734252,113280,0.23315567686222494,27.06158897280693,0.0003,0.011312658825772814,0.012537662962131435,-0.6943867607042193,0.07140535686630756,-138.1596450805664
9072,,254.46928,100.0,21755,,41,,,0.03481578826904297,907200,0.01,,,,,,,,,,,,,
9076,0.08817326108156592,254.22644,100.0,21779,0.3,41,0.18,0.0,0.03481809049844742,908000,0.01,4.689998337886343,40.28778642734252,0.0905095060588792,40.28778642734252,113408,0.2364768935367465,27.83349558711052,0.0003,0.01136845636938233,0.011812572418421041,0.5001842575147748,0.0717299950774759,-138.04771542549133
9080,,254.22644,100.0,21779,,41,,,0.03481809049844742,908000,0.01,,,,,,,,,,,,,
9084,0.20024275608586536,254.81952,100.0,21793,0.294,41,0.75,0.0,0.034812942147254944,908800,0.01,5.116596881798144,40.28778642734252,0.08867541351355612,40.28778642734252,113472,0.230284973513335,26.32832580804825,0.0003,0.011351223147357814,0.012482638820074499,-1.1381807785946876,0.07118126447312534,-138.2779450416565
9088,,254.81952,100.0,21793,,41,,,0.034812942147254944,908800,0.01,,,,,,,,,,,,,
9092,0.03835744312947227,254.60045,100.0,21817,0.3,41,0.15,0.0,0.03482205048203468,909600,0.01,5.145022114585804,40.28778642734252,0.08821363025344908,40.28778642734252,113600,0.2340486168395728,27.777669489383698,0.0003,0.011389176797820255,0.012627900257939473,0.17139763990417123,0.07330189348431304,-138.31566858291626
9096,,254.60045,100.0,21817,,41,,,0.03482205048203468,909600,0.01,,,,,,,,,,,,,
9100,0.25359107382436424,259.66626,100.0,21841,0.3,41,0.75,0.0,0.03483188897371292,910400,0.02,4.664456691317572,40.28778642734252,0.09029733366332948,40.28778642734252,113728,0.23470398783683777,28.468132615089417,0.0003,0.011436723201768473,0.0162319670926081,3.1118192579597235,0.07565183023689315,-138.54730343818665
9104,,259.66626,100.0,21841,,41,,,0.03483188897371292,910400,0.02,,,,,,,,,,,,,
9108,0.07106547734202706,257.2061,100.0,21855,0.22799999999999998,41,0.24,0.0,0.03483038768172264,911200,0.02,4.326581280076288,40.28778642734252,0.08843544963747263,40.28778642734252,113792,0.23297344986349344,27.46008026599884,0.0003,0.011493407495436259,0.014112838813161943,-1.6717161405831575,0.07346807548310608,-138.19121551513672
9112,,257.2061,100.0,21855,,41,,,0.03483038768172264,911200,0.02,,,,,,,,,,,,,
9116,0.1534348078544009,259.66647,100.0,21879,0.3,41,0.6,0.0,0.034834761172533035,912000,0.03,4.294772034722758,40.28778642734252,0.0908150285249576,40.28778642734252,113920,0.23580587771721184,27.555579394102097,0.0003,0.011383416611352004,0.013362222773139365,-0.5836472932714969,0.07522677315864712,-138.55913877487183
9120,,259.66647,100.0,21879,,41,,,0.034834761172533035,912000,0.03,,,,,,,,,,,,,
9124,0.16684716893875542,257.156,100.0,21893,0.3,41,0.36,0.0,0.03483910486102104,912800,0.03,4.761309230418613,40.28778642734252,0.0899169921176508,40.28778642734252,113984,0.2366016951855272,28.343055456876755,0.0003,0.011366801016265526,0.01432047136768233,-0.8242370819207281,0.07657455938169733,-138.1294720172882
9128,,257.156,100.0,21893,,41,,,0.03483910486102104,912800,0.03,,,,,,,,,,,,,
9132,0.23191801157999298,258.56763,100.0,21917,0.3,41,0.75,0.0,0.03484031930565834,913600,0.03,4.794490803764205,40.28778642734252,0.0909131676889956,40.28778642734252,114112,0.2358542971778661,27.612231373786926,0.0003,0.01132850712747313,0.013817867831676267,-0.9296738633420318,0.07507105858530849,-138.42716312408447
9136,,258.56763,100.0,21917,,41,,,0.03484031930565834,913600,0.03,,,,,,,,,,,,,
9140,0.0,259.1521,100.0,21931,0.3,41,0.0,0.0,0.03484971448779106,914400,0.03,4.85558491901365,40.28778642734252,0.08998493186663836,40.28778642734252,114176,0.23541952879168093,27.45041596889496,0.0003,0.011325589512125589,0.01265431875071954,0.26215365435928106,0.07446219527628273,-138.46165013313293
9144,,259.1521,100.0,21931,,41,,,0.03484971448779106,914400,0.03,,,,,,,,,,,,,
9148,0.0,254.97734,100.0,21954,0.27899999999999997,41,0.0,0.0,0.034850429743528366,915200,0.02,4.732420798806191,40.28778642734252,0.10202405683230609,40.28778642734252,114304,0.23288338514976203,27.273859322071075,0.0003,0.011315072784782387,0.017394005597452633,0.48630194272845984,0.07339056610362604,-138.0240020751953
9152,,254.97734,100.0,21954,,41,,,0.034850429743528366,915200,0.02,,,,,,,,,,,,,
9156,0.19808840234438843,255.43617,100.0,21978,0.294,41,0.72,0.0,0.03484523296356201,916000,0.02,4.917168216052399,40.28778642734252,0.09113067062571645,40.28778642734252,114432,0.23523736535571516,26.38889968395233,0.0003,0.01132248890644405,0.014229393455025274,0.38109395327046514,0.07728981378022581,-138.15322518348694
9160,,255.43617,100.0,21978,,41,,,0.03484523296356201,916000,0.02,,,,,,,,,,,,,
9164,0.3728315017643096,258.00787,100.0,21993,0.26399999999999996,41,1.11,0.0,0.03484918922185898,916800,0.02,4.979098005582678,40.28778642734252,0.09011124027892947,40.28778642734252,114496,0.23195755574852228,27.443600803613663,0.0003,0.011333030081004836,0.014743671395990532,0.7941554114222527,0.07604012714000419,-138.6000349521637
9168,,258.00787,100.0,21993,,41,,,0.03484918922185898,916800,0.02,,,,,,,,,,,,,
9172,0.30251747959867964,265.3434,100.0,22017,0.3,41,0.84,0.0,0.0348440483212471,917600,0.03,4.329168905863367,40.28778642734252,0.09088897425681353,40.28778642734252,114624,0.2337545403279364,27.897290527820587,0.0003,0.011273408672423102,0.01405547196191037,-1.2860514195635915,0.07497180456994101,-138.19502019882202
9176,,265.3434,100.0,22017,,41,,,0.0348440483212471,917600,0.03,,,,,,,,,,,,,
9180,0.0,264.0475,100.0,22032,0.3,41,0.0,0.0,0.03484758734703064,918400,0.03,4.766279583072606,40.28778642734252,0.08987637073732913,40.28778642734252,114688,0.23266237252391875,28.886394679546356,0.0003,0.011250529263634235,0.015002218548033852,-1.5162306325510144,0.07715395843842998,-138.4313154220581
9184,,264.0475,100.0,22032,,41,,,0.03484758734703064,918400,0.03,,,,,,,,,,,,,
9188,0.04,265.55066,100.0,22055,0.27899999999999997,41,0.06,0.0,0.0348471961915493,919200,0.04,3.9072977232976056,40.28778642734252,0.0897409156896174,40.28778642734252,114816,0.23449668334797025,28.74621146917343,0.0003,0.01121671540022362,0.013450419042783324,-0.16784982848912477,0.07518554263515398,-138.1791126728058
9192,,265.55066,100.0,22055,,41,,,0.0348471961915493,919200,0.04,,,,,,,,,,,,,
9196,0.17364424528267494,262.0692,100.0,22069,0.267,41,0.75,0.0,0.03485260531306267,920000,0.03,4.637830368341209,40.28778642734252,0.09104131034109741,40.28778642734252,114880,0.23389756469987333,28.836353689432144,0.0003,0.011235258396482095,0.01387645924842218,1.0650537083856761,0.07584875647444278,-138.33676624298096
9200,,262.0692,100.0,22069,,41,,,0.03485260531306267,920000,0.03,,,,,,,,,,,,,
9204,0.18648508782805862,261.65833,100.0,22093,0.3,41,0.36,0.0,0.034848425537347794,920800,0.03,5.058000459190453,39.48203069879567,0.09497948584612459,39.48203069879567,115008,0.23843155871145427,26.722971081733704,0.0003,0.011253708129515871,0.01429916224151384,-1.099321249872446,0.07661114225629717,-137.882563829422
9208,,261.65833,100.0,22093,,41,,,0.034848425537347794,920800,0.03,,,,,,,,,,,,,
9212,0.1734433733660208,263.7572,100.0,22106,0.2909999999999999,41,0.72,0.0,0.03483616188168526,921600,0.03,4.687382088892975,39.48203069879567,0.09219750529155135,39.48203069879567,115072,0.2352406638674438,26.75006514787674,0.0003,0.011214132638997398,0.013189697579946369,-0.9531498048454523,0.07526846858672798,-138.11521744728088
9216,,263.7572,100.0,22106,,41,,,0.03483616188168526,921600,0.03,,,,,,,,,,,,,
9220,0.20607521532540535,261.5179,100.0,22130,0.249,41,0.66,0.0,0.03482590988278389,922400,0.02,4.092023643825287,39.48203069879567,0.09170738060493022,39.48203069879567,115200,0.2375353870447725,27.175745129585266,0.0003,0.011172342696227133,0.013798961910651997,-0.3353545325808227,0.07549343234859407,-138.2411186695099
9224,,261.5179,100.0,22130,,41,,,0.03482590988278389,922400,0.02,,,,,,,,,,,,,
9228,0.22000206102749484,266.04614,100.0,22154,0.3,41,0.75,0.0,0.03482254594564438,923200,0.03,4.192092683322334,39.48203069879567,0.09134673560038209,39.48203069879567,115328,0.23833903507329524,27.745459258556366,0.0003,0.011135934939375147,0.013455933447403368,-1.3713701195083559,0.07566846604458988,-137.99869012832642
9232,,266.04614,100.0,22154,,41,,,0.03482254594564438,923200,0.03,,,,,,,,,,,,,
9236,0.18978049885872184,269.9235,100.0,22167,0.26099999999999995,41,0.39,0.0,0.03482706472277641,924000,0.05,3.5439014466181,39.48203069879567,0.08942112186923623,39.48203069879567,115392,0.23663277784362435,27.73779720067978,0.0003,0.011114705936051905,0.012821937169064768,1.5988233180250973,0.07483703881734982,-138.11945605278015
9240,,269.9235,100.0,22167,,41,,,0.03482706472277641,924000,0.05,,,,,,,,,,,,,
9244,0.3186519238464581,269.60898,100.0,22190,0.264,41,0.78,0.0,0.034820035099983215,924800,0.05,4.292058014002048,39.48203069879567,0.0909390045562759,39.48203069879567,115520,0.23609457002021372,28.202468246221542,0.0003,0.011098661067080684,0.012745871070364956,-0.2894433424808085,0.07489918172359467,-138.14686608314514
9248,,269.60898,100.0,22190,,41,,,0.034820035099983215,924800,0.05,,,,,,,,,,,,,
9252,0.1421388523387242,268.5428,100.0,22204,0.27899999999999997,41,0.63,0.0,0.034815527498722076,925600,0.05,4.699888110275597,39.48203069879567,0.08987194730434567,39.48203069879567,115584,0.2391746467910707,30.35966220498085,0.0003,0.01107305972254835,0.013037559052463621,-1.6947821448557079,0.07610144303180277,-138.19814682006836
9256,,268.5428,100.0,22204,,41,,,0.034815527498722076,925600,0.05,,,,,,,,,,,,,
9260,0.0,267.0851,100.0,22226,0.3,41,0.0,0.0,0.03480733186006546,926400,0.05,4.867966561963031,39.48203069879567,0.09432204102631658,39.48203069879567,115712,0.2374027008190751,30.09367373585701,0.0003,0.011010071277269162,0.01464934364776127,0.3658216812182218,0.07612078916281462,-138.14329624176025
9264,,267.0851,100.0,22226,,41,,,0.03480733186006546,926400,0.05,,,,,,,,,,,,,
9268,0.06691856513061335,266.3001,100.0,22240,0.2909999999999999,41,0.36,0.0,0.03480193018913269,927200,0.05,4.353974908612314,39.48203069879567,0.09423803852405399,39.48203069879567,115776,0.23970741243101656,30.38285106420517,0.0003,0.011006694548996165,0.013438268768368289,0.10597645584493876,0.07557510433252901,-138.26704573631287
9272,,266.3001,100.0,22240,,41,,,0.03480193018913269,927200,0.05,,,,,,,,,,,,,
9276,0.2374562852111974,264.31546,100.0,22264,0.3,41,0.78,0.0,0.03479326516389847,928000,0.05,4.205839442522626,39.48203069879567,0.09269761410541832,39.48203069879567,115904,0.24005376384593546,32.61175775527954,0.0003,0.010961782070808113,0.012761651938490104,0.19537160592153668,0.07747202122118324,-138.43921828269958
9280,,264.31546,100.0,22264,,41,,,0.03479326516389847,928000,0.05,,,,,,,,,,,,,
9284,0.179287481130353,266.59225,100.0,22287,0.3,41,0.39,0.0,0.034788116812705994,928800,0.05,4.787859169297164,39.48203069879567,0.09847347403410822,39.48203069879567,116032,0.2374952391255647,28.90366879105568,0.0003,0.010982328778482042,0.014807329440372996,2.0421452717855573,0.07673007936682552,-138.342444896698
9288,,266.59225,100.0,22287,,41,,,0.034788116812705994,928800,0.05,,,,,,,,,,,,,
9292,0.046624369127147285,262.08157,100.0,22301,0.22499999999999998,41,0.15,0.0,0.0347856804728508,929600,0.04,4.155448630055008,39.48203069879567,0.09357500087935477,39.48203069879567,116096,0.2391818342730403,27.75691068172455,0.0003,0.011013128401827998,0.012643173373362515,-0.21919653192162514,0.0745217350195162,-138.6959068775177
9296,,262.08157,100.0,22301,,41,,,0.0347856804728508,929600,0.04,,,,,,,,,,,,,
9300,0.0,257.63937,100.0,22323,0.3,41,0.0,0.0,0.03478506579995155,930400,0.04,4.670626393103581,39.48203069879567,0.09193022083491087,39.48203069879567,116224,0.2385837435722351,28.996024280786514,0.0003,0.011022590697393753,0.011951060740102548,0.9168914747424424,0.07499235379509628,-138.9643635749817
9304,,257.63937,100.0,22323,,41,,,0.03478506579995155,930400,0.04,,,,,,,,,,,,,
9308,0.08973501416413888,258.6422,100.0,22338,0.3,41,0.42,0.0,0.034784868359565735,931200,0.04,4.620772850393216,39.48203069879567,0.09190918377134949,39.48203069879567,116288,0.23916669911704957,29.821055620908737,0.0003,0.011051059220335446,0.012739131278067362,1.6873366180807352,0.07451853557722643,-138.34159135818481
9312,,258.6422,100.0,22338,,41,,,0.034784868359565735,931200,0.04,,,,,,,,,,,,,
9316,0.2343487962822426,261.52673,100.0,22361,0.24299999999999997,41,0.63,0.0,0.03478493541479111,932000,0.05,4.073150187865891,39.48203069879567,0.09291129186749458,39.48203069879567,116416,0.23793193604797125,28.568440288305283,0.0003,0.011097875554696657,0.015198874869383872,1.198796740383841,0.07695475482614711,-138.61311602592468
9320,,261.52673,100.0,22361,,41,,,0.03478493541479111,932000,0.05,,,,,,,,,,,,,
9324,0.16417853234811786,261.52237,100.0,22376,0.3,41,0.33,0.0,0.034786246716976166,932800,0.06,3.6516745098711936,39.48203069879567,0.09077162249013782,39.48203069879567,116480,0.23792794812470675,27.29372650384903,0.0003,0.011137131179566495,0.012858286681876052,0.6324190278537571,0.0748439917806536,-139.05316710472107
9328,,261.52237,100.0,22376,,41,,,0.034786246716976166,932800,0.06,,,,,,,,,,,,,
9332,0.16845129749544277,260.5118,100.0,22398,0.3,41,0.48,0.0,0.03478507697582245,933600,0.07,3.979775898046499,39.48203069879567,0.09261013159994036,39.48203069879567,116608,0.23740505543537438,28.830324560403824,0.0003,0.011159158530062996,0.014673418358142953,-1.1996453976025805,0.07492724934127182,-138.72502827644348
9336,,260.5118,100.0,22398,,41,,,0.03478507697582245,933600,0.07,,,,,,,,,,,,,
9340,0.26369518196854247,265.30966,100.0,22413,0.264,41,0.78,0.0,0.0347847044467926,934400,0.07,3.810850338172786,39.48203069879567,0.091752611217089,39.48203069879567,116672,0.23897789069451392,29.86448636651039,0.0003,0.011125981080112979,0.013544920104322955,0.12979952804744244,0.07625203736824915,-138.58835792541504
9344,,265.30966,100.0,22413,,41,,,0.0347847044467926,934400,0.07,,,,,,,,,,,,,
9348,0.3034590648449393,266.6194,100.0,22436,0.3,41,0.84,0.0,0.03477587178349495,935200,0.09,3.4263241300487097,39.48203069879567,0.0909647149965167,39.48203069879567,116800,0.24022022658027709,29.438297927379608,0.0003,0.011091114778537303,0.012989134578674566,0.19253745023161173,0.0761388071696274,-138.4516327381134
9352,,266.6194,100.0,22436,,41,,,0.03477587178349495,935200,0.09,,,,,,,,,,,,,
9356,0.10846990099406639,268.90274,100.0,22459,0.294,41,0.42,0.0,0.03477337956428528,936000,0.1,4.493158007023502,39.48203069879567,0.08989378751721233,39.48203069879567,116928,0.241287209559232,30.466099500656128,0.0003,0.011072149631218053,0.013554138626204804,-0.6766339177265763,0.07819505222141743,-139.16048622131348
9360,,268.90274,100.0,22459,,41,,,0.03477337956428528,936000,0.1,,,,,,,,,,,,,
9364,0.09425299668077165,271.61212,100.0,22473,0.3,41,0.24,0.0,0.03476373851299286,936800,0.12,3.8431784980071977,39.48203069879567,0.09165336389560252,39.48203069879567,116992,0.24331696331501007,30.952436476945877,0.0003,0.011049981156247668,0.013112209824612364,-0.1660550874657929,0.07730730663752183,-138.9827733039856
9368,,271.61212,100.0,22473,,41,,,0.03476373851299286,936800,0.12,,,,,,,,,,,,,
9372,0.11310270076302015,273.97815,100.0,22497,0.264,41,0.42,0.0,0.03475981205701828,937600,0.12,4.177313188972776,39.48203069879567,0.09037033095955849,39.48203069879567,117120,0.24045239947736263,30.30911660194397,0.0003,0.011038100448786281,0.013715663320908789,0.03874714160338044,0.079690185142681,-138.85549211502075
9376,,273.97815,100.0,22497,,41,,,0.03475981205701828,937600,0.12,,,,,,,,,,,,,
9380,0.0,273.45157,100.0,22511,0.3,41,0.0,0.0,0.03476186841726303,938400,0.13,3.6166140512989156,39.48203069879567,0.09241500671487302,39.48203069879567,117184,0.24143114918842912,31.63142791390419,0.0003,0.011047063977457583,0.014386720664333552,1.5457552261650562,0.07772502425359562,-138.70907163619995
9384,,273.45157,100.0,22511,,41,,,0.03476186841726303,938400,0.13,,,,,,,,,,,,,
9388,0.37754055442276524,281.64548,100.0,22534,0.3,41,1.11,0.0,0.03475835174322128,939200,0.16,3.850710064824453,39.48203069879567,0.09211951668839902,39.48203069879567,117312,0.24491753662005067,29.99593648314476,0.0003,0.011135235006804578,0.012652264587813988,0.44489559275098145,0.07922250218689442,-138.9048409461975
9392,,281.64548,100.0,22534,,41,,,0.03475835174322128,939200,0.16,,,,,,,,,,,,,
9396,0.36532411273937404,286.13766,100.0,22549,0.3,41,0.93,0.0,0.034750476479530334,940000,0.16,4.725602217627163,39.48203069879567,0.09154875727836043,39.48203069879567,117376,0.24190018232911825,28.997914880514145,0.0003,0.011161175585584715,0.012980730651179329,0.17228029388934374,0.07775647984817624,-138.77282238006592
9400,,286.13766,100.0,22549,,41,,,0.034750476479530334,940000,0.16,,,,,,,,,,,,,
9404,0.21292309453442348,289.5339,100.0,22572,0.264,41,0.75,0.0,0.03474794328212738,940800,0.16,4.742779825698786,38.692390084819756,0.09004661440849304,38.692390084819756,117504,0.2433227109722793,31.456496983766556,0.0003,0.011201667977729812,0.012727474073471967,1.4351152076851577,0.07851186278276145,-139.12294554710388
9408,,289.5339,100.0,22572,,41,,,0.03474794328212738,940800,0.16,,,,,,,,,,,,,
9412,0.276157019182442,288.63654,100.0,22594,0.3,41,0.75,0.0,0.034746985882520676,941600,0.17,4.31822489931729,38.692390084819756,0.09187924989964813,38.692390084819756,117632,0.24208300304599106,30.24442619085312,0.0003,0.011284636304480955,0.014954449237848166,0.29612818686291575,0.0805474475491792,-138.81715154647827
9416,,288.63654,100.0,22594,,41,,,0.034746985882520676,941600,0.17,,,,,,,,,,,,,
9420,0.11441888411968763,291.35648,100.0,22608,0.3,41,0.39,0.0,0.034752801060676575,942400,0.17,4.101516456428913,38.692390084819756,0.09011016797740012,38.692390084819756,117696,0.24396874546073377,29.550806313753128,0.0003,0.011294978321529925,0.013035776966717094,1.17098074615933,0.07963164185639471,-138.94842195510864
9424,,291.35648,100.0,22608,,41,,,0.034752801060676575,942400,0.17,,,,,,,,,,,,,
9428,0.12649938484918707,283.65643,100.0,22630,0.3,41,0.39,0.0,0.03475124388933182,943200,0.14,4.558738943097037,38.692390084819756,0.0906991574447602,38.692390084819756,117824,0.2420921076554805,30.41139405965805,0.0003,0.011326223044306971,0.012846612778957933,-1.403923776349984,0.0797771139186807,-138.91100454330444
9432,,283.65643,100.0,22630,,41,,,0.03475124388933182,943200,0.14,,,,,,,,,,,,,
9436,0.12164062379985968,284.73795,100.0,22645,0.3,41,0.39,0.0,0.03475082665681839,944000,0.14,4.050718896609425,38.692390084819756,0.08968795882537961,38.692390084819756,117888,0.24133884371258318,28.816690921783447,0.0003,0.011296423923340626,0.014034452338819392,-0.47866038884967566,0.07847985764965415,-138.8876974582672
9440,,284.73795,100.0,22645,,41,,,0.03475082665681839,944000,0.14,,,,,,,,,,,,,
9444,0.2767384514462325,283.75122,100.0,22668,0.264,41,0.57,0.0,0.034740470349788666,944800,0.13,3.7755739581540757,38.692390084819756,0.091167330625467,38.692390084819756,118016,0.24377866159193218,32.42979183793068,0.0003,0.01125393429538235,0.013613719733257312,0.04825752368196845,0.08007531362818554,-139.16962480545044
9448,,283.75122,100.0,22668,,41,,,0.034740470349788666,944800,0.13,,,,,,,,,,,,,
9452,0.3067936480438293,284.2358,100.0,22681,0.27899999999999997,41,0.9,0.0,0.03473668545484543,945600,0.12,4.245601775984904,38.692390084819756,0.09021583141293377,38.692390084819756,118080,0.2417282541282475,31.496531933546066,0.0003,0.011246127134654671,0.0136135801585624,-1.2699563726782799,0.07842172670643777,-139.46880674362183
9456,,284.2358,100.0,22681,,41,,,0.03473668545484543,945600,0.12,,,,,,,,,,,,,
9460,0.20227374018555608,279.5743,100.0,22704,0.26099999999999995,41,0.75,0.0,0.034731969237327576,946400,0.1,4.41898999274415,38.692390084819756,0.09143313125241548,38.692390084819756,118208,0.24345672479830682,29.921467572450638,0.0003,0.0112420358491363,0.013575136261351872,-0.07180238631553948,0.07830989977810532,-139.2907919883728
9464,,279.5743,100.0,22704,,41,,,0.034731969237327576,946400,0.1,,,,,,,,,,,,,
9468,0.058618043992383156,278.09875,100.0,22720,0.3,41,0.18,0.0,0.03472576290369034,947200,0.1,4.715799843147878,38.692390084819756,0.09212827356532216,38.692390084819756,118272,0.24422734417021275,31.117039680480957,0.0003,0.011235566009418108,0.013658445743203629,-0.5180715152528137,0.0801657079719007,-138.72321486473083
9472,,278.09875,100.0,22720,,41,,,0.03472576290369034,947200,0.1,,,,,,,,,,,,,
9476,0.17382411538729042,278.78406,100.0,22744,0.294,41,0.36,0.0,0.034721773117780685,948000,0.1,4.063923399448868,38.692390084819756,0.09190369478892535,38.692390084819756,118400,0.24372272589243948,31.636077523231506,0.0003,0.011192288555321284,0.013426859964965843,0.22960878815501928,0.07898467691848055,-139.60380387306213
9480,,278.78406,100.0,22744,,41,,,0.034721773117780685,948000,0.1,,,,,,,,,,,,,
9484,0.27329172049995654,277.085,100.0,22767,0.282,41,0.63,0.0,0.034711819142103195,948800,0.09,4.251912858690365,38.692390084819756,0.09207191423047334,38.692390084819756,118528,0.24834051239304245,33.06243187189102,0.0003,0.011188780656084418,0.012727135530440137,-1.715292600914836,0.0797156075714156,-139.46445894241333
9488,,277.085,100.0,22767,,41,,,0.034711819142103195,948800,0.09,,,,,,,,,,,,,
9492,0.22123428447885551,272.94656,100.0,22780,0.264,41,0.36,0.0,0.03470633924007416,949600,0.07,4.3042157925746976,38.692390084819756,0.09147201618179679,38.692390084819756,118592,0.24467895389534533,33.01898321509361,0.0003,0.011140420698211528,0.011490274635434616,-1.4373497373890132,0.07879685133229941,-139.6390404701233
9496,,272.94656,100.0,22780,,41,,,0.03470633924007416,949600,0.07,,,,,,,,,,,,,
9500,0.2488549583485778,273.422,100.0,22803,0.3,41,0.75,0.0,0.03471260145306587,950400,0.08,3.9950997053515978,38.692390084819756,0.095326550421305,38.692390084819756,118720,0.24887567525729537,32.301218181848526,0.0003,0.011183548369444907,0.013508111915143672,0.4507460498716682,0.08117922156816348,-139.77465891838074
9504,,273.422,100.0,22803,,41,,,0.03471260145306587,950400,0.08,,,,,,,,,,,,,
9508,0.20759496565966187,272.2164,100.0,22816,0.22499999999999998,41,0.75,0.0,0.034714192152023315,951200,0.07,4.01364587384623,38.692390084819756,0.09049972961656749,38.692390084819756,118784,0.2462756079621613,32.4856231212616,0.0003,0.011224623987800442,0.012293793814023957,2.5802978111896664,0.0804557625669986,-139.84392881393433
9512,,272.2164,100.0,22816,,41,,,0.034714192152023315,951200,0.07,,,,,,,,,,,,,
9516,0.2241484187002476,274.50702,100.0,22840,0.26099999999999995,41,0.69,0.0,0.034706052392721176,952000,0.08,4.161393375069103,38.692390084819756,0.09124528500251472,38.692390084819756,118912,0.24577146233059466,31.894481271505356,0.0003,0.011292787661659531,0.013737485438468866,1.027246018871665,0.07970296812709421,-139.48291492462158
9520,,274.50702,100.0,22840,,41,,,0.034706052392721176,952000,0.08,,,,,,,,,,,,,
9524,0.11955014469527878,275.8946,100.0,22853,0.26099999999999995,41,0.36,0.0,0.034703053534030914,952800,0.09,3.063350834178988,38.692390084819756,0.09114416816737503,38.692390084819756,118976,0.2471031527966261,31.903027594089508,0.0003,0.011339841687004082,0.01263516754261218,2.4547523674555123,0.07994465815136209,-140.13138628005981
9528,,275.8946,100.0,22853,,41,,,0.034703053534030914,952800,0.09,,,,,,,,,,,,,
9532,0.2041296153691008,274.1316,100.0,22876,0.3,41,0.54,0.0,0.03470173478126526,953600,0.09,4.0656518627595135,38.692390084819756,0.09187612973619252,38.692390084819756,119104,0.24742877180688083,32.67055889964104,0.0003,0.011425315693486482,0.012336985433648806,1.7673121385741979,0.08059835340827703,-140.37254810333252
9536,,274.1316,100.0,22876,,41,,,0.03470173478126526,953600,0.09,,,,,,,,,,,,,
9540,0.04975736697182016,271.3737,100.0,22899,0.23699999999999996,41,0.15,0.0,0.03469565510749817,954400,0.09,3.6962145357241396,38.692390084819756,0.0914721010485664,38.692390084819756,119232,0.24899910250678658,32.422371834516525,0.0003,0.011519907318870537,0.013463233721267898,2.414739368716255,0.07895084493793547,-139.56026148796082
9544,,271.3737,100.0,22899,,41,,,0.03469565510749817,954400,0.09,,,,,,,,,,,,,
9548,0.22517311708931131,273.02536,100.0,22912,0.3,41,0.75,0.0,0.03469586744904518,955200,0.1,3.965818212922307,38.692390084819756,0.09286757570225745,38.692390084819756,119296,0.2516155280172825,33.277941435575485,0.0003,0.011588797089643776,0.012388282862957567,2.6019952120259404,0.07796001044334844,-140.02635145187378
9552,,273.02536,100.0,22912,,41,,,0.03469586744904518,955200,0.1,,,,,,,,,,,,,
9556,0.051370883925568565,273.59058,100.0,22935,0.3,41,0.21,0.0,0.03470177203416824,956000,0.11,3.2307380758255095,38.692390084819756,0.09092600271105766,38.692390084819756,119424,0.2506195337045938,31.421274542808533,0.0003,0.01173171732807532,0.012867815457866527,1.2619769452139735,0.07992358901537955,-140.25091004371643
9560,,273.59058,100.0,22935,,41,,,0.03470177203416824,956000,0.11,,,,,,,,,,,,,
9564,0.4218811476886972,277.73392,100.0,22948,0.3,41,1.11,0.0,0.034698083996772766,956800,0.11,4.6300963198060705,38.692390084819756,0.09296904888469726,38.692390084819756,119488,0.25110474205575883,30.8446686565876,0.0003,0.011756284526200034,0.012283044190553483,0.6973368478938937,0.07853043248178437,-140.41490840911865
9568,,277.73392,100.0,22948,,41,,,0.034698083996772766,956800,0.11,,,,,,,,,,,,,
9572,0.11301888193785965,280.5896,100.0,22972,0.3,41,0.36,0.0,0.034702979028224945,957600,0.12,4.213622294666584,38.692390084819756,0.09168513945769519,38.692390084819756,119616,0.2508603932801634,32.814008831977844,0.0003,0.011891489004483446,0.014509226246445905,1.2198782688938081,0.07865907636005431,-140.45531129837036
9576,,280.5896,100.0,22972,,41,,,0.034702979028224945,957600,0.12,,,,,,,,,,,,,
9580,0.1052656998268022,277.53815,100.0,22986,0.3,41,0.39,0.0,0.03470182791352272,958400,0.1,4.51787003159228,38.692390084819756,0.09063662635162473,38.692390084819756,119680,0.251142856432125,34.33745101094246,0.0003,0.011938723342609592,0.013142012488970067,1.52869015163742,0.08129565324634314,-140.69754219055176
9584,,277.53815,100.0,22986,,41,,,0.03470182791352272,958400,0.1,,,,,,,,,,,,,
9588,0.0,270.61374,100.0,23009,0.3,41,0.0,0.0,0.03470117971301079,959200,0.1,4.553407110861572,38.692390084819756,0.09127206413540989,38.692390084819756,119808,0.2514607133343816,35.57853555679321,0.0003,0.012031036050757393,0.01222475719259819,0.7048554592765868,0.0813776251161471,-140.48773646354675
9592,,270.61374,100.0,23009,,41,,,0.03470117971301079,959200,0.1,,,,,,,,,,,,,
9596,0.16841628093017266,273.23755,100.0,23022,0.3,41,0.51,0.0,0.03470579534769058,960000,0.11,3.885962622851244,38.692390084819756,0.0920627061277628,38.692390084819756,119872,0.2510421231854707,33.412233889102936,0.0003,0.01206721919879783,0.01268064519535983,2.422163005452603,0.0807212091749534,-140.13694834709167
9600,,273.23755,100.0,23022,,41,,,0.03470579534769058,960000,0.11,,,,,,,,,,,,,
9604,0.38323143101830737,273.07275,100.0,23045,0.264,41,1.17,0.0,0.034690242260694504,960800,0.11,4.201495371976904,37.91854228312336,0.09176754124928266,37.91854228312336,120000,0.25078182434663177,32.92943388223648,0.0003,0.01216722175013274,0.012737462158838753,1.5385195296257734,0.08090906863799319,-140.76555752754211
9608,,273.07275,100.0,23045,,41,,,0.034690242260694504,960800,0.11,,,,,,,,,,,,,
9612,0.17082814058435442,267.85535,100.0,23068,0.3,41,0.39,0.0,0.034684620797634125,961600,0.1,4.419980647456759,37.91854228312336,0.09223434200976044,37.91854228312336,120128,0.2552409078925848,35.0267730653286,0.0003,0.012328485536272638,0.01278126475517638,0.6877878240775317,0.08156344550661743,-140.4331202507019
9616,,267.85535,100.0,23068,,41,,,0.034684620797634125,961600,0.1,,,,,,,,,,,,,
9620,0.24055731485373533,270.99402,100.0,23081,0.3,41,0.78,0.0,0.03468584269285202,962400,0.11,3.4655178920628305,37.91854228312336,0.09234141593333334,37.91854228312336,120192,0.255162444896996,33.977987468242645,0.0003,0.012384149740682915,0.01208659409894608,4.358272267738357,0.07946519966935739,-140.5312421321869
9624,,270.99402,100.0,23081,,41,,,0.03468584269285202,962400,0.11,,,,,,,,,,,,,
9628,0.011839958667211723,271.1673,100.0,23104,0.294,41,0.06,0.0,0.03469589352607727,963200,0.09,5.145319587217004,37.91854228312336,0.08934127609245479,37.91854228312336,120320,0.2507779074367136,32.03643208742142,0.0003,0.012592586004757322,0.011762484355131164,2.1330239481758326,0.07885827496647835,-140.7003893852234
9632,,271.1673,100.0,23104,,41,,,0.03469589352607727,963200,0.09,,,,,,,,,,,,,
9636,0.03037006709327179,274.6897,100.0,23119,0.3,41,0.12,0.0,0.034689564257860184,964000,0.1,4.16985374112734,37.91854228312336,0.09129683603532612,37.91854228312336,120384,0.25394513411447406,32.74548754096031,0.0003,0.012647834068047814,0.012939589563757181,0.6779739041812718,0.07824930234346539,-140.60449051856995
9640,,274.6897,100.0,23119,,41,,,0.034689564257860184,964000,0.1,,,,,,,,,,,,,
9644,0.21135911020142018,276.10486,100.0,23143,0.3,41,0.48,0.0,0.03469233959913254,964800,0.1,3.874064457924044,37.91854228312336,0.09047595481388271,37.91854228312336,120512,0.25246587861329317,33.99560245871544,0.0003,0.012723342355457135,0.013150199178198818,2.401642930111848,0.08186706807464361,-141.1314218044281
9648,,276.10486,100.0,23143,,41,,,0.03469233959913254,964800,0.1,,,,,,,,,,,,,
9652,0.013506298406952909,276.24872,100.0,23156,0.3,41,0.06,0.0,0.03469780460000038,965600,0.11,3.5300596235162542,37.91854228312336,0.09191651339642704,37.91854228312336,120576,0.2530088727362454,33.64894697070122,0.0003,0.012795569185982458,0.013267404348880518,1.3340165200643241,0.08011342363897711,-141.1084201335907
9656,,276.24872,100.0,23156,,41,,,0.03469780460000038,965600,0.11,,,,,,,,,,,,,
9660,0.0,272.98315,100.0,23179,0.3,41,0.0,0.0,0.03470160439610481,966400,0.11,4.096095054686145,37.91854228312336,0.09292339207604527,37.91854228312336,120704,0.25273658405058086,34.53618806600571,0.0003,0.012902082584332675,0.011956062051467597,-0.31036224495619535,0.07930573815247044,-141.60433077812195
9664,,272.98315,100.0,23179,,41,,,0.03470160439610481,966400,0.11,,,,,,,,,,,,,
9668,0.07907649392323587,272.8454,100.0,23203,0.2879999999999999,41,0.12,0.0,0.034699201583862305,967200,0.12,3.034787012717241,37.91854228312336,0.0917064102832228,37.91854228312336,120832,0.25380056677386165,38.11461520195007,0.0003,0.012942483881488442,0.012174024050182197,1.376420819433406,0.0835385681129992,-141.18236875534058
9672,,272.8454,100.0,23203,,41,,,0.034699201583862305,967200,0.12,,,,,,,,,,,,,
9676,0.6513303286012782,281.97128,100.0,23216,0.3,41,1.5,0.0,0.03470024839043617,968000,0.13,4.664300058569753,37.91854228312336,0.09265193250030279,37.91854228312336,120896,0.2538802525959909,35.73179203271866,0.0003,0.012979207385797054,0.012933056350448169,1.1488687610253692,0.08298161649145186,-141.64914774894714
9680,,281.97128,100.0,23216,,41,,,0.03470024839043617,968000,0.13,,,,,,,,,,,,,
9684,0.29810037353877716,288.47,100.0,23239,0.3,41,0.81,0.0,0.03469204157590866,968800,0.15,3.6365100249719724,37.91854228312336,0.09123733558226377,37.91854228312336,121024,0.25584166613407433,34.353843063116074,0.0003,0.013061430028756149,0.011226610171434004,2.067826858139597,0.08119193546008319,-142.0118043422699
9688,,288.47,100.0,23239,,41,,,0.03469204157590866,968800,0.15,,,,,,,,,,,,,
9692,0.4722005291478791,291.51532,100.0,23253,0.294,41,1.26,0.0,0.03468289598822594,969600,0.14,4.970367234917827,37.91854228312336,0.09068349283188581,37.91854228312336,121088,0.25260572019033134,36.23463773727417,0.0003,0.013096795461024158,0.011301368853310123,0.9423734415322542,0.0801216847030446,-141.97392964363098
9696,,291.51532,100.0,23253,,41,,,0.03468289598822594,969600,0.14,,,,,,,,,,,,,
9700,0.030213079667027482,289.35077,100.0,23277,0.3,41,0.09,0.0,0.03468441218137741,970400,0.14,4.535177202315206,37.91854228312336,0.091837243642658,37.91854228312336,121216,0.2563162464648485,36.55515494942665,0.0003,0.013211659170337953,0.012221471195516642,2.5529001110699028,0.08177493652328849,-142.09681630134583
9704,,289.35077,100.0,23277,,41,,,0.03468441218137741,970400,0.14,,,,,,,,,,,,,
9708,0.0,287.8829,100.0,23291,0.288,41,0.0,0.0,0.03468328341841698,971200,0.13,4.708611173863295,37.91854228312336,0.09119462838862091,37.91854228312336,121280,0.25421135360375047,35.42837792634964,0.0003,0.013279341772431508,0.011522276916366536,0.8608057117089629,0.08029242767952383,-141.58488011360168
9712,,287.8829,100.0,23291,,41,,,0.03468328341841698,971200,0.13,,,,,,,,,,,,,
9716,0.1472635747257563,289.797,100.0,23313,0.26099999999999995,41,0.39,0.0,0.034678854048252106,972000,0.13,4.153300145405097,37.91854228312336,0.0905015291646123,37.91854228312336,121408,0.25506643555127084,33.63607785105705,0.0003,0.013326128842891194,0.012605957890627906,2.0514576896093786,0.08091376430820674,-141.93573808670044
9720,,289.797,100.0,23313,,41,,,0.034678854048252106,972000,0.13,,,,,,,,,,,,,
9724,0.20139692959746858,286.98694,100.0,23326,0.255,41,0.63,0.0,0.03468311205506325,972800,0.13,4.170071490260718,37.91854228312336,0.09090481582097709,37.91854228312336,121472,0.2550546631682664,35.197034776210785,0.0003,0.013404496930888854,0.011681300951750018,2.0192123693414032,0.08050776028539985,-141.6442220211029
9728,,286.98694,100.0,23326,,41,,,0.03468311205506325,972800,0.13,,,,,,,,,,,,,
9732,0.12377389390391988,287.22562,100.0,23349,0.264,41,0.39,0.0,0.03468611463904381,973600,0.14,3.9254347156563103,37.91854228312336,0.09017802646849304,37.91854228312336,121600,0.2549876971170306,34.26289129257202,0.0003,0.013527074668672867,0.012272845626284834,3.0485496115870774,0.08034958282951266,-141.77663826942444
9736,,287.22562,100.0,23349,,41,,,0.03468611463904381,973600,0.14,,,,,,,,,,,,,
9740,0.022921197789049705,285.2813,100.0,23374,0.22799999999999998,41,0.09,0.0,0.034686557948589325,974400,0.14,3.327337904277601,37.91854228312336,0.09156346321105957,37.91854228312336,121728,0.256553509272635,35.61742651462555,0.0003,0.013704691271414049,0.012029043937218376,1.4088013018481433,0.08035363664384931,-142.0763294696808
9744,,285.2813,100.0,23374,,41,,,0.034686557948589325,974400,0.14,,,,,,,,,,,,,
9748,0.24367736253247216,287.40216,100.0,23388,0.3,41,0.72,0.0,0.03469240292906761,975200,0.13,4.087005083480913,37.91854228312336,0.09171393525321037,37.91854228312336,121792,0.2516845124773681,35.685876190662384,0.0003,0.013784889000817202,0.012851136729295831,3.5191969238221645,0.08323564229067415,-141.72963523864746
9752,,287.40216,100.0,23388,,41,,,0.03469240292906761,975200,0.13,,,,,,,,,,,,,
9756,0.1757470720883253,289.1968,100.0,23411,0.264,41,0.45,0.0,0.034683454781770706,976000,0.13,3.0766911169912077,37.91854228312336,0.09060408466029912,37.91854228312336,121920,0.25469148391857743,37.18768247961998,0.0003,0.013893292751163244,0.013035589799983427,1.8900872005615383,0.08272821037098765,-142.33795976638794
9760,,289.1968,100.0,23411,,41,,,0.034683454781770706,976000,0.13,,,,,,,,,,,,,
9764,0.17305443019257086,292.98172,100.0,23424,0.26099999999999995,41,0.39,0.0,0.034682661294937134,976800,0.14,3.7737865455044304,37.91854228312336,0.09490768960677087,37.91854228312336,121984,0.2544979266822338,35.12166902422905,0.0003,0.013960159980342723,0.014372519683092833,1.6480783433653414,0.08036878652637824,-142.14537620544434
9768,,292.98172,100.0,23424,,41,,,0.034682661294937134,976800,0.14,,,,,,,,,,,,,
9772,0.3697360941751129,284.8236,100.0,23447,0.3,41,0.96,0.0,0.034697405993938446,977600,0.11,4.7313957453056,37.91854228312336,0.08978582068812102,37.91854228312336,122112,0.25340024451725185,36.306335508823395,0.0003,0.014151908675557934,0.013201671274146065,2.1707058725878596,0.08217160473577678,-142.96046543121338
9776,,284.8236,100.0,23447,,41,,,0.034697405993938446,977600,0.11,,,,,,,,,,,,,
9780,0.21398495962342942,280.8354,100.0,23460,0.3,41,0.75,0.0,0.03469989448785782,978400,0.11,4.274989868061351,37.91854228312336,0.09086490387562662,37.91854228312336,122176,0.2528205143753439,34.96429070830345,0.0003,0.014225407023332082,0.013217945561336819,2.0124298771843314,0.08284297888167202,-142.69058322906494
9784,,280.8354,100.0,23460,,41,,,0.03469989448785782,978400,0.11,,,,,,,,,,,,,
9788,0.08134916153496903,279.3567,100.0,23482,0.294,41,0.36,0.0,0.03470957279205322,979200,0.11,4.018083427965574,37.91854228312336,0.0915203399490565,37.91854228312336,122304,0.2543950225226581,36.72771432995796,0.0003,0.014387798830284737,0.014226845320081338,2.310121954185888,0.08249402476940304,-143.00942301750183
9792,,279.3567,100.0,23482,,41,,,0.03470957279205322,979200,0.11,,,,,,,,,,,,,
9796,0.2725098892603335,280.3446,100.0,23505,0.264,41,0.72,0.0,0.03472604602575302,980000,0.11,4.828367677650746,37.91854228312336,0.09183259098790586,37.91854228312336,122432,0.2562575116753578,37.91443482041359,0.0003,0.014581861832994036,0.01466345795779489,1.0134993165265769,0.08501863642595708,-142.31659984588623
9800,,280.3446,100.0,23505,,41,,,0.03472604602575302,980000,0.11,,,,,,,,,,,,,
9804,0.0,283.88428,100.0,23518,0.26099999999999995,41,0.0,0.0,0.034727923572063446,980800,0.13,3.4612938145243053,37.160171437460896,0.09070673922542483,37.160171437460896,122496,0.2568060054909438,35.88471436500549,0.0003,0.01463756526936777,0.013601088496216107,1.8803834151476622,0.08391045173630118,-143.0626244544983
9808,,283.88428,100.0,23518,,41,,,0.034727923572063446,980800,0.13,,,,,,,,,,,,,
9812,0.01066459528738061,286.65207,100.0,23541,0.26099999999999995,41,0.03,0.0,0.03472476080060005,981600,0.14,4.247902904224909,37.160171437460896,0.08948200731538236,37.160171437460896,122624,0.25543189235031605,37.78298458456993,0.0003,0.014662768677226268,0.012944783680723049,2.691638488555327,0.08587013732176274,-143.09617400169373
9816,,286.65207,100.0,23541,,41,,,0.03472476080060005,981600,0.14,,,,,,,,,,,,,
9820,0.35451033321328784,283.90634,100.0,23554,0.285,41,0.84,0.0,0.03472895920276642,982400,0.13,4.352474069287399,37.160171437460896,0.08937030704692006,37.160171437460896,122688,0.2562652619089931,38.02578181028366,0.0003,0.014758107994566672,0.01285808178363368,0.5939415332395583,0.08429471927229315,-143.0439896583557
9824,,283.90634,100.0,23554,,41,,,0.03472895920276642,982400,0.13,,,,,,,,,,,,,
9828,0.20477246264619586,285.3721,100.0,23578,0.3,41,0.72,0.0,0.034742243587970734,983200,0.13,4.095258678788929,37.160171437460896,0.09068732394371182,37.160171437460896,122816,0.25925724185071886,38.37379539012909,0.0003,0.014826884944341145,0.012220992197399028,0.5158127811737359,0.08574122551362962,-143.08352828025818
9832,,285.3721,100.0,23578,,41,,,0.034742243587970734,983200,0.13,,,,,,,,,,,,,
9836,0.06220563389972877,286.2793,100.0,23591,0.3,41,0.12,0.0,0.034744083881378174,984000,0.13,4.234535195398413,37.160171437460896,0.09143989288713783,37.160171437460896,122880,0.2588830548338592,39.537289172410965,0.0003,0.014827769540715963,0.013060011893685441,-0.08517224388197064,0.08526318473741412,-142.91434168815613
9840,,286.2793,100.0,23591,,41,,,0.034744083881378174,984000,0.13,,,,,,,,,,,,,
9844,0.007904881506874134,280.5813,100.0,23613,0.2909999999999999,41,0.03,0.0,0.03474846109747887,984800,0.11,5.130263467204187,37.160171437460896,0.10110281070228666,37.160171437460896,123008,0.25971667002886534,37.428128480911255,0.0003,0.0148982334358152,0.013923087579314597,2.0047810622490942,0.08388119912706316,-142.618878364563
9848,,280.5813,100.0,23613,,41,,,0.03474846109747887,984800,0.11,,,,,,,,,,,,,
9852,0.2049604118829728,283.18835,100.0,23627,0.3,41,0.54,0.0,0.034748055040836334,985600,0.13,3.7217101706083797,37.160171437460896,0.0929344929754734,37.160171437460896,123072,0.2550909696146846,35.763092398643494,0.0003,0.01494645228376612,0.012469463363231625,-0.4228049588855356,0.08233777096029371,-143.17852973937988
9856,,283.18835,100.0,23627,,41,,,0.034748055040836334,985600,0.13,,,,,,,,,,,,,
9860,0.014218885550957487,274.6931,100.0,23651,0.26099999999999995,41,0.06,0.0,0.03473265841603279,986400,0.1,4.355933367719487,37.160171437460896,0.09131470299325883,37.160171437460896,123200,0.2572671715170145,37.60010007023811,0.0003,0.014909993871697225,0.011790833072154783,0.12630955316126347,0.08243731479160488,-143.78078150749207
9864,,274.6931,100.0,23651,,41,,,0.03473265841603279,986400,0.1,,,,,,,,,,,,,
9868,0.2134592895589446,275.95288,100.0,23674,0.252,41,0.48,0.0,0.03473344072699547,987200,0.11,3.936885620674704,37.160171437460896,0.09299790393561125,37.160171437460896,123328,0.2591949140187353,37.90377515554428,0.0003,0.01496691738429945,0.012791019784344826,0.03328794823028147,0.08613672223873436,-143.09791040420532
9872,,275.95288,100.0,23674,,41,,,0.03473344072699547,987200,0.11,,,,,,,,,,,,,
9876,0.2927122057159389,277.29196,100.0,23688,0.3,41,0.84,0.0,0.034740399569272995,988000,0.12,4.613341358295056,37.160171437460896,0.0910187445115298,37.160171437460896,123392,0.25613563787192106,39.101652175188065,0.0003,0.015000541461631656,0.01339090632245643,1.0260865679010749,0.08513778762426227,-143.37713932991028
9880,,277.29196,100.0,23688,,41,,,0.034740399569272995,988000,0.12,,,,,,,,,,,,,
9884,0.23057499706718965,275.07413,100.0,23711,0.27,41,0.36,0.0,0.034733280539512634,988800,0.11,4.3300737291455915,37.160171437460896,0.09156503877602518,37.160171437460896,123520,0.2591775644104928,37.471626192331314,0.0003,0.015025344182504341,0.012798288655176293,0.23339069308713078,0.08541463816072792,-143.187673330307
9888,,275.07413,100.0,23711,,41,,,0.034733280539512634,988800,0.11,,,,,,,,,,,,,
9892,0.0,277.5032,100.0,23726,0.3,41,0.0,0.0,0.03473086282610893,989600,0.13,3.4828171626721938,37.160171437460896,0.09322083904407918,37.160171437460896,123584,0.2614689564798027,37.86282467842102,0.0003,0.01502795385022182,0.012603832066815812,-0.0036631200928241014,0.08295737428124994,-143.4907066822052
9896,,277.5032,100.0,23726,,41,,,0.03473086282610893,989600,0.13,,,,,,,,,,,,,
9900,0.16299877357037076,277.87354,100.0,23748,0.3,41,0.33,0.0,0.03472689539194107,990400,0.14,4.050826565620542,37.160171437460896,0.09298755438067019,37.160171437460896,123712,0.2600140336435288,38.70672380924225,0.0003,0.015025789776700549,0.01306839712196961,0.15708794258534908,0.08422697067726403,-142.92279601097107
9904,,277.87354,100.0,23748,,41,,,0.03472689539194107,990400,0.14,,,,,,,,,,,,,
9908,0.22227612157321555,275.6624,100.0,23762,0.3,41,0.36,0.0,0.03472861275076866,991200,0.14,4.303866754838373,37.160171437460896,0.09272073197644204,37.160171437460896,123776,0.2609434777405113,38.07206219434738,0.0003,0.015058944845804945,0.011164734438352752,1.2234397449065,0.08236211526673287,-143.29438304901123
9912,,275.6624,100.0,23762,,41,,,0.03472861275076866,991200,0.14,,,,,,,,,,,,,
9916,0.39697121496615806,271.174,100.0,23786,0.26099999999999995,41,0.66,0.0,0.03472013399004936,992000,0.15,4.147703120429052,37.160171437460896,0.09420328470878303,37.160171437460896,123904,0.26113422214984894,40.106964111328125,0.0003,0.015072505862917751,0.0126833173490013,-1.7677297343034297,0.08266786322928965,-143.7245888710022
9920,,271.174,100.0,23786,,41,,,0.03472013399004936,992000,0.15,,,,,,,,,,,,,
9924,0.18349558874795405,272.35953,100.0,23810,0.3,41,0.69,0.0,0.034722257405519485,992800,0.16,3.451574972093285,37.160171437460896,0.09269324573688209,37.160171437460896,124032,0.26155731175094843,38.84134751558304,0.0003,0.015095228387508541,0.012864253596490016,0.03491237945854664,0.0828075974714011,-143.68955063819885
9928,,272.35953,100.0,23810,,41,,,0.034722257405519485,992800,0.16,,,,,,,,,,,,,
9932,0.17583566419979782,271.96674,100.0,23825,0.285,41,0.45,0.0,0.0347219780087471,993600,0.15,4.551494629406903,37.160171437460896,0.09225767594762146,37.160171437460896,124096,0.26167110656388104,38.214284271001816,0.0003,0.015127466947888024,0.013020465237786993,0.94078125548549,0.08340075227897614,-143.48411011695862
9936,,271.96674,100.0,23825,,41,,,0.0347219780087471,993600,0.15,,,,,,,,,,,,,
9940,0.0,266.44244,100.0,23848,0.3,41,0.0,0.0,0.0347164161503315,994400,0.14,4.654771620209418,37.160171437460896,0.09135868318844587,37.160171437460896,124224,0.2612115272786468,38.61652281880379,0.0003,0.015098616218892857,0.012641023924516048,0.31780337169766426,0.08265282411593944,-143.9762396812439
9944,,266.44244,100.0,23848,,41,,,0.0347164161503315,994400,0.14,,,,,,,,,,,,,
9948,0.1488688657837921,263.81943,100.0,23860,0.2909999999999999,41,0.39,0.0,0.03471144288778305,995200,0.12,4.572394282530205,37.160171437460896,0.09331812255550176,37.160171437460896,124288,0.26291419100016356,39.159800320863724,0.0003,0.015076838855748065,0.01194328699784819,-0.5193519992753863,0.08140450075734407,-143.35923957824707
9952,,263.81943,100.0,23860,,41,,,0.03471144288778305,995200,0.12,,,,,,,,,,,,,
9956,0.2248820593511635,265.57495,100.0,23884,0.3,41,0.69,0.0,0.03470519185066223,996000,0.12,4.666814788566139,37.160171437460896,0.09434240125119686,37.160171437460896,124416,0.26396194100379944,37.92944476008415,0.0003,0.01504270032455679,0.012780421144270804,1.3393779513426125,0.08082133653806522,-143.79796743392944
9960,,265.57495,100.0,23884,,41,,,0.03470519185066223,996000,0.12,,,,,,,,,,,,,
9964,0.10342816998665977,263.48816,100.0,23897,0.3,41,0.39,0.0,0.03470572084188461,996800,0.11,4.797616011935768,37.160171437460896,0.09281531313899904,37.160171437460896,124480,0.2615692219696939,38.48980787396431,0.0003,0.01507624561781995,0.012450300760974642,-0.12631512200459838,0.08208346692845225,-143.59588980674744
9968,,263.48816,100.0,23897,,41,,,0.03470572084188461,996800,0.11,,,,,,,,,,,,,
9972,0.03517989354551967,259.14166,100.0,23922,0.23999999999999996,41,0.15,0.0,0.03471052274107933,997600,0.11,3.54865760643067,37.160171437460896,0.09818101755809039,37.160171437460896,124608,0.2642773080151528,39.50371289253235,0.0003,0.015152149921050295,0.0166479525869363,1.0865106338169426,0.08481867413502187,-143.65927743911743
9976,,259.14166,100.0,23922,,41,,,0.03471052274107933,997600,0.11,,,,,,,,,,,,,
9980,0.0,253.29172,100.0,23936,0.285,41,0.0,0.0,0.034706320613622665,998400,0.09,4.242308215248086,37.160171437460896,0.09750298946164548,37.160171437460896,124672,0.2666846525389701,41.39501714706421,0.0003,0.015180222995695658,0.014458801306318492,-0.7632917510345578,0.08290373382624239,-143.6442093849182
9984,,253.29172,100.0,23936,,41,,,0.034706320613622665,998400,0.09,,,,,,,,,,,,,
9988,0.07599311634841736,251.60379,100.0,23959,0.3,41,0.21,0.0,0.03470293805003166,999200,0.09,4.022447283236933,37.160171437460896,0.0972715716343373,37.160171437460896,124800,0.2666882153134793,41.47417038679123,0.0003,0.015130360538023524,0.012800098011211958,-1.2492634635418653,0.08354679693002254,-143.57672548294067
9992,,251.60379,100.0,23959,,41,,,0.03470293805003166,999200,0.09,,,,,,,,,,,,,
9996,0.17287948071624043,253.70984,100.0,23983,0.3,41,0.42,0.0,0.034703172743320465,1000000,0.1,3.6552907126462553,37.160171437460896,0.09605297457892448,37.160171437460896,124928,0.2661911603063345,38.60603567957878,0.0003,0.01513251148571726,0.0122913979794248,0.06213962519541383,0.08295522059779614,-143.4514937400818
10000,,253.70984,100.0,23983,,41,,,0.034703172743320465,1000000,0.1,,,,,,,,,,,,,
10004,0.008669016815687665,251.67578,100.0,23996,0.25799999999999995,41,0.03,0.0,0.03470613434910774,1000800,0.07,4.676517820809318,36.41696800871168,0.0968173531582579,36.41696800871168,124992,0.2660343104507774,40.035197019577026,0.0003,0.01516756892669946,0.013583614745584782,1.1471754270605743,0.08302198199089617,-143.77685713768005
10008,,251.67578,100.0,23996,,41,,,0.03470613434910774,1000800,0.07,,,,,,,,,,,,,
10012,0.26515365260256596,252.43324,100.0,24020,0.26699999999999996,41,0.54,0.0,0.03470798209309578,1001600,0.06,4.781840414512621,36.41696800871168,0.09962545754387975,36.41696800871168,125120,0.26787891797721386,42.48179039359093,0.0003,0.015281222687917762,0.014816623042861465,0.39850173238664865,0.08417176036164165,-143.52326345443726
10016,,252.43324,100.0,24020,,41,,,0.03470798209309578,1001600,0.06,,,,,,,,,,,,,
10020,0.114898127516132,250.122,100.0,24033,0.3,41,0.36,0.0,0.03469908982515335,1002400,0.05,3.902489431970581,36.41696800871168,0.09744471125304699,36.41696800871168,125184,0.269045346416533,42.32781666517258,0.0003,0.015252946424880065,0.012224377504026052,-1.5121912313625216,0.0844601213466376,-144.16527557373047
10024,,250.122,100.0,24033,,41,,,0.03469908982515335,1002400,0.05,,,,,,,,,,,,,
10028,0.3202448256612225,249.05031,100.0,24056,0.288,41,0.93,0.0,0.03469042852520943,1003200,0.04,4.869929538312177,36.41696800871168,0.0934648202965036,36.41696800871168,125312,0.26871044235304,42.0076904296875,0.0003,0.01516005618032068,0.010559867710981052,-0.8573987204581499,0.08287433546502143,-143.94263625144958
10032,,249.05031,100.0,24056,,41,,,0.03469042852520943,1003200,0.04,,,,,,,,,,,,,
10036,0.0,251.43521,100.0,24069,0.3,41,0.0,0.0,0.03469281271100044,1004000,0.05,3.904000333714447,36.41696800871168,0.09295659605413675,36.41696800871168,125376,0.2685901802033186,38.95477831363678,0.0003,0.01514342262817081,0.012217572737426963,-0.36417110869660974,0.08475229609757662,-144.15778589248657
10040,,251.43521,100.0,24069,,41,,,0.03469281271100044,1004000,0.05,,,,,,,,,,,,,
10044,0.056601810742920096,254.65652,100.0,24092,0.21299999999999997,41,0.09,0.0,0.0346854105591774,1004800,0.07,3.649161294458541,36.41696800871168,0.09359167865477502,36.41696800871168,125504,0.26833736477419734,39.60857227444649,0.0003,0.015105314378160983,0.012452910777938087,-0.5971913300454617,0.08435075206216425,-143.9386191368103
10048,,254.65652,100.0,24092,,41,,,0.0346854105591774,1004800,0.07,,,,,,,,,,,,,
10052,0.06496635249631601,253.56018,100.0,24115,0.294,41,0.21,0.0,0.03469638153910637,1005600,0.07,4.661410829476739,36.41696800871168,0.09531043586321175,36.41696800871168,125632,0.26869975915178657,39.4390584230423,0.0003,0.015145458295592107,0.01319097099622013,-0.03767334949225187,0.08447172224987298,-144.51486825942993
10056,,253.56018,100.0,24115,,41,,,0.03469638153910637,1005600,0.07,,,,,,,,,,,,,
10060,0.19489361781136239,255.89497,100.0,24129,0.3,41,0.54,0.0,0.03469758853316307,1006400,0.08,4.401931085154988,36.41696800871168,0.0962828267365694,36.41696800871168,125696,0.26962075009942055,40.792776584625244,0.0003,0.015132774176890962,0.014584012889827136,-1.1914885477162898,0.08548046019859612,-144.2486710548401
10064,,255.89497,100.0,24129,,41,,,0.03469758853316307,1006400,0.08,,,,,,,,,,,,,
10068,0.3929411993577907,257.2973,100.0,24152,0.264,41,1.11,0.0,0.03469673916697502,1007200,0.09,4.628083655024634,36.41696800871168,0.09324599371757358,36.41696800871168,125824,0.26622692542150617,43.83622217178345,0.0003,0.015053220864501782,0.014036735243280418,-0.4065994657576084,0.08534555434016511,-144.17146062850952
10072,,257.2973,100.0,24152,,41,,,0.03469673916697502,1007200,0.09,,,,,,,,,,,,,
10076,0.3565045417745381,267.9061,100.0,24167,0.3,41,0.93,0.0,0.03469671681523323,1008000,0.1,4.23788279726541,36.41696800871168,0.09265486139338464,36.41696800871168,125888,0.26871330570429564,42.878516256809235,0.0003,0.015087743682670407,0.012952846569532994,2.1547694643959403,0.08753340551629663,-144.94183826446533
10080,,267.9061,100.0,24167,,41,,,0.03469671681523323,1008000,0.1,,,,,,,,,,,,,
10084,0.2832438705048312,276.23218,100.0,24190,0.29699999999999993,41,0.78,0.0,0.03469192981719971,1008800,0.11,4.196181271328373,36.41696800871168,0.09337670414242893,36.41696800871168,126016,0.2687318050302565,42.758046209812164,0.0003,0.015145722049055621,0.012599090820003767,0.2889243019744754,0.08823487698100507,-145.45393753051758
10088,,276.23218,100.0,24190,,41,,,0.03469192981719971,1008800,0.11,,,,,,,,,,,,,
10092,0.09335606092205284,273.83774,100.0,24205,0.26099999999999995,41,0.36,0.0,0.03469371423125267,1009600,0.1,4.733303273614251,36.41696800871168,0.09288550389464945,36.41696800871168,126080,0.26845599547959864,41.14094325900078,0.0003,0.015171107079368085,0.01200564623286482,0.7343380150850862,0.08483806578442454,-145.2090084552765
10096,,273.83774,100.0,24205,,41,,,0.03469371423125267,1009600,0.1,,,,,,,,,,,,,
10100,0.09000452910538463,273.10196,100.0,24229,0.3,41,0.36,0.0,0.03469493240118027,1010400,0.09,3.965996182029428,36.41696800871168,0.09426370484288782,36.41696800871168,126208,0.2709512759465724,43.01305314898491,0.0003,0.0151779029838508,0.012251682557689492,-0.5568554818164557,0.08553471020422876,-145.42468070983887
10104,,273.10196,100.0,24229,,41,,,0.03469493240118027,1010400,0.09,,,,,,,,,,,,,
10108,0.3004349741134723,273.32782,100.0,24243,0.29699999999999993,41,0.84,0.0,0.0346936397254467,1011200,0.09,4.6522348281094725,36.41696800871168,0.09366758679971099,36.41696800871168,126272,0.2723407701123506,41.33160638809204,0.0003,0.015131555672269315,0.01171311716461787,-0.27518874127417803,0.08567325107287616,-145.77406787872314
10112,,273.32782,100.0,24243,,41,,,0.0346936397254467,1011200,0.09,,,,,,,,,,,,,
10116,0.18728915872471713,271.5288,100.0,24266,0.23999999999999996,41,0.36,0.0,0.0346977524459362,1012000,0.08,4.585702364569373,36.41696800871168,0.09293836320284754,36.41696800871168,126400,0.2699519628658891,40.71881181001663,0.0003,0.01517809995857533,0.012208508465846535,-0.5993401627056301,0.08612015249673277,-145.49886178970337
10120,,271.5288,100.0,24266,,41,,,0.0346977524459362,1012000,0.08,,,,,,,,,,,,,
10124,0.017693767583136476,274.44785,100.0,24289,0.267,41,0.06,0.0,0.034694988280534744,1012800,0.08,4.5883646972405225,36.41696800871168,0.09345064871013165,36.41696800871168,126528,0.2725229552015662,41.852853417396545,0.0003,0.015170684273471124,0.01184956049110042,-0.5828286805190146,0.08635154785588384,-145.47399139404297
10128,,274.44785,100.0,24289,,41,,,0.034694988280534744,1012800,0.08,,,,,,,,,,,,,
10132,0.2110511745974404,273.5995,100.0,24302,0.288,41,0.78,0.0,0.03469212353229523,1013600,0.08,4.688857606900193,36.41696800871168,0.09500892891082913,36.41696800871168,126592,0.27445443347096443,40.383608281612396,0.0003,0.015134324479731731,0.013009266840526834,-0.8959645084105432,0.08708027575630695,-145.91495203971863
10136,,273.5995,100.0,24302,,41,,,0.03469212353229523,1013600,0.08,,,,,,,,,,,,,
10140,0.15877922558849697,267.96603,100.0,24324,0.29699999999999993,41,0.6,0.0,0.0346955731511116,1014400,0.07,4.236855915877895,36.41696800871168,0.09459049592260271,36.41696800871168,126720,0.27479262254200876,45.00089472532272,0.0003,0.015139400085899979,0.012899970453872811,0.06876708485651761,0.08635958947706968,-145.8006467819214
10144,,267.96603,100.0,24324,,41,,,0.0346955731511116,1014400,0.07,,,,,,,,,,,,,
10148,0.37202949794293977,268.98813,100.0,24338,0.264,41,0.87,0.0,0.03469564765691757,1015200,0.06,4.640077985608987,36.41696800871168,0.094810247188434,36.41696800871168,126784,0.27703817281872034,43.61343610286713,0.0003,0.01513082032033708,0.013367283587285783,0.10817037266679108,0.08872172137489542,-145.96043038368225
10152,,268.98813,100.0,24338,,41,,,0.03469564765691757,1015200,0.06,,,,,,,,,,,,,
10156,0.2331308234604156,269.48914,100.0,24363,0.264,41,0.75,0.0,0.03470297530293465,1016000,0.06,4.242715686277769,36.41696800871168,0.0952333272434771,36.41696800871168,126912,0.2756524202413857,44.396232068538666,0.0003,0.015193334707873873,0.013717170397285372,0.03237352566793561,0.08500172605272382,-145.73087096214294
10160,,269.48914,100.0,24363,,41,,,0.03470297530293465,1016000,0.06,,,,,,,,,,,,,
10164,0.14991973978064543,267.85684,100.0,24376,0.294,41,0.39,0.0,0.0347106046974659,1016800,0.06,4.19994231869838,36.41696800871168,0.09560035134200007,36.41696800871168,126976,0.27384228724986315,40.79688721895218,0.0003,0.015210881261737086,0.015645093051716685,0.6488165727350861,0.08930933976080269,-145.73559188842773
10168,,267.85684,100.0,24376,,41,,,0.0347106046974659,1016800,0.06,,,,,,,,,,,,,
10172,0.2537815291495263,266.4928,100.0,24400,0.26099999999999995,41,0.78,0.0,0.03471238166093826,1017600,0.05,3.8403668289330515,36.41696800871168,0.09412691264878958,36.41696800871168,127104,0.27735769283026457,42.603599071502686,0.0003,0.015102868084795773,0.012328043834713753,-1.9804350996855646,0.08784775203093886,-145.9456548690796
10176,,266.4928,100.0,24400,,41,,,0.03471238166093826,1017600,0.05,,,,,,,,,,,,,
10180,0.0,260.52023,100.0,24423,0.26999999999999996,41,0.0,0.0,0.03470583260059357,1018400,0.05,3.9304995182051345,36.41696800871168,0.0968795568915084,36.41696800871168,127232,0.27553214179351926,41.69865357875824,0.0003,0.014969362629926763,0.012101866363082081,-1.7446580487303436,0.08515223115682602,-145.9153528213501
10184,,260.52023,100.0,24423,,41,,,0.03470583260059357,1018400,0.05,,,,,,,,,,,,,
10188,0.14906977925868706,256.65814,100.0,24436,0.25499999999999995,41,0.36,0.0,0.03471026197075844,1019200,0.05,4.236254932347907,36.41696800871168,0.09725470223929733,36.41696800871168,127296,0.278683400247246,42.2762733399868,0.0003,0.014928918491932563,0.014535065107338596,-0.3180332947522402,0.08677115675527602,-145.96985960006714
10192,,256.65814,100.0,24436,,41,,,0.03471026197075844,1019200,0.05,,,,,,,,,,,,,
10196,0.26800822215565484,255.2354,100.0,24460,0.3,41,0.99,0.0,0.03471473976969719,1020000,0.04,4.806837789794414,36.41696800871168,0.09712821792345494,36.41696800871168,127424,0.2770855026319623,43.02032428979874,0.0003,0.014904561423463747,0.012958186795003712,0.675210187677294,0.08868538052774966,-146.06868171691895
10200,,255.2354,100.0,24460,,41,,,0.03471473976969719,1020000,0.04,,,,,,,,,,,,,
10204,0.16276465280996394,255.88463,100.0,24474,0.3,41,0.39,0.0,0.03471513092517853,1020800,0.05,4.4670130515627005,35.68862864853744,0.09626939182635397,35.68862864853744,127488,0.28204135596752167,43.04761826992035,0.0003,0.01490894476592075,0.013680062562343664,-1.307172471890226,0.08782800508197397,-146.0596160888672
10208,,255.88463,100.0,24474,,41,,,0.03471513092517853,1020800,0.05,,,,,,,,,,,,,
10212,0.0,254.78181,100.0,24496,0.282,41,0.0,0.0,0.03470439836382866,1021600,0.05,4.584726297098727,35.68862864853744,0.0954392603598535,35.68862864853744,127616,0.27856060629710555,43.70467233657837,0.0003,0.014791147725190967,0.01202643611759413,-0.376613462343812,0.09026403236202896,-146.21473956108093
10216,,254.78181,100.0,24496,,41,,,0.03470439836382866,1021600,0.05,,,,,,,,,,,,,
10220,0.23819297174602055,257.45535,100.0,24509,0.3,41,0.39,0.0,0.03470133617520332,1022400,0.07,3.1421835698630325,35.68862864853744,0.09373095899354666,35.68862864853744,127680,0.27884908812120557,42.48581027984619,0.0003,0.014796264600590803,0.01230607766774483,-0.7652606465853751,0.09090289671439677,-146.4038805961609
10224,,257.45535,100.0,24509,,41,,,0.03470133617520332,1022400,0.07,,,,,,,,,,,,,
10228,0.12038338020997545,260.1217,100.0,24533,0.26099999999999995,41,0.3,0.0,0.03469972684979439,1023200,0.09,3.2177393745430662,35.68862864853744,0.09666477795690298,35.68862864853744,127808,0.27925997134298086,41.63318967819214,0.0003,0.014801152719883248,0.011316494346829131,-0.12062838464044034,0.08903368155006319,-146.58958530426025
10232,,260.1217,100.0,24533,,41,,,0.03469972684979439,1023200,0.09,,,,,,,,,,,,,
10236,0.09145092579955463,259.91513,100.0,24548,0.27599999999999997,41,0.27,0.0,0.034700073301792145,1024000,0.08,4.623316105118888,35.68862864853744,0.0943066991167143,35.68862864853744,127872,0.27454712404869497,40.22686451673508,0.0003,0.014800820732489228,0.012675518257310614,-0.41606513620354235,0.08878940914291888,-146.45232605934143
10240,,259.91513,100.0,24548,,41,,,0.034700073301792145,1024000,0.08,,,,,,,,,,,,,
10244,0.23465317068081437,261.95383,100.0,24571,0.3,41,0.54,0.0,0.03469747304916382,1024800,0.09,4.173742951942287,35.68862864853744,0.09367637464310974,35.68862864853744,128000,0.2744591226801276,42.44475203752518,0.0003,0.01476914610248059,0.012165019939857302,0.3750823833979666,0.09081112442072481,-146.66805744171143
10248,,261.95383,100.0,24571,,41,,,0.03469747304916382,1024800,0.09,,,,,,,,,,,,,
10252,0.0,252.97975,100.0,24595,0.3,41,0.0,0.0,0.034698206931352615,1025600,0.08,4.338555861609041,35.68862864853744,0.09515177679713815,35.68862864853744,128128,0.2799035678617656,42.29876887798309,0.0003,0.014732230396475643,0.012256799345777836,-0.6419103310909122,0.09040517744142562,-146.2438542842865
10256,,252.97975,100.0,24595,,41,,,0.034698206931352615,1025600,0.08,,,,,,,,,,,,,
10260,0.20392292069762338,257.3312,100.0,24608,0.282,41,0.39,0.0,0.034701671451330185,1026400,0.08,4.277339561210063,35.68862864853744,0.09290784853510559,35.68862864853744,128192,0.2781475749798119,44.09165778756142,0.0003,0.014732726718648337,0.01249748727423139,0.14425916248001158,0.08941951161250472,-146.59150767326355
10264,,257.3312,100.0,24608,,41,,,0.034701671451330185,1026400,0.08,,,,,,,,,,,,,
10268,0.11512295018575923,260.33408,100.0,24632,0.3,41,0.45,0.0,0.0346873477101326,1027200,0.09,4.233811388213866,35.68862864853744,0.09309901960659772,35.68862864853744,128320,0.27804484497755766,44.24479776620865,0.0003,0.014652370125986636,0.011077295392169617,-1.5074612954631448,0.0888606101507321,-146.69163942337036
10272,,260.33408,100.0,24632,,41,,,0.0346873477101326,1027200,0.09,,,,,,,,,,,,,
10276,0.06671056982667134,261.18448,100.0,24646,0.22499999999999998,41,0.21,0.0,0.03468918800354004,1028000,0.09,3.2161067876753098,35.68862864853744,0.0940098298015073,35.68862864853744,128384,0.2766092855017632,48.161042749881744,0.0003,0.014621918031480163,0.010972542921081185,-0.2597598070278764,0.08856904588174075,-147.1435031890869
10280,,261.18448,100.0,24646,,41,,,0.03468918800354004,1028000,0.09,,,,,,,,,,,,,
10284,0.04,259.85995,100.0,24669,0.26699999999999996,41,0.06,0.0,0.03468318283557892,1028800,0.1,3.530591915037523,35.68862864853744,0.09592443541623652,35.68862864853744,128512,0.2840142520144582,42.60157114267349,0.0003,0.014628819393692538,0.012719600126729347,-0.1894659074023366,0.08935155032668263,-145.84137439727783
10288,,259.85995,100.0,24669,,41,,,0.03468318283557892,1028800,0.1,,,,,,,,,,,,,
10292,0.11915683441099434,261.82703,100.0,24682,0.3,41,0.39,0.0,0.03468509018421173,1029600,0.12,3.4608596785232053,35.68862864853744,0.09400634083431214,35.68862864853744,128576,0.27899900637567043,45.06746429204941,0.0003,0.014642458147136495,0.012514889007434249,0.3861806730274111,0.09067492419853806,-146.98391842842102
10296,,261.82703,100.0,24682,,41,,,0.03468509018421173,1029600,0.12,,,,,,,,,,,,,
10300,0.10802571224754243,258.7409,100.0,24705,0.24299999999999997,41,0.21,0.0,0.0346873477101326,1030400,0.13,3.8444519851378285,35.68862864853744,0.09512178238946944,35.68862864853744,128704,0.2791771055199206,43.393456757068634,0.0003,0.014650343160610646,0.011890913920069579,-0.021009158808737993,0.08962326031178236,-146.96230626106262
10304,,258.7409,100.0,24705,,41,,,0.0346873477101326,1030400,0.13,,,,,,,,,,,,,
10308,0.3515888699070797,260.68173,100.0,24728,0.26099999999999995,41,0.81,0.0,0.03468843549489975,1031200,0.12,5.028517772831941,35.68862864853744,0.09448234480805695,35.68862864853744,128832,0.2837280039675534,44.206102669239044,0.0003,0.014690038791741244,0.01087558301514946,0.5215041195042431,0.09057795023545623,-146.9342634677887
10312,,260.68173,100.0,24728,,41,,,0.03468843549489975,1031200,0.12,,,,,,,,,,,,,
10316,0.1584344898840739,262.16043,100.0,24741,0.3,41,0.36,0.0,0.034685514867305756,1032000,0.12,4.249881359300185,35.68862864853744,0.0962537118466571,35.68862864853744,128896,0.2825633781030774,42.96532618999481,0.0003,0.014706025525811128,0.01282206442556344,-0.5812816303223372,0.08974968560505658,-147.02622652053833
10320,,262.16043,100.0,24741,,41,,,0.034685514867305756,1032000,0.12,,,,,,,,,,,,,
10324,0.21345067857735578,267.06393,100.0,24764,0.3,41,0.75,0.0,0.03466968983411789,1032800,0.12,3.555032144701661,35.68862864853744,0.0954705112380907,35.68862864853744,129024,0.2827091566286981,44.18695122003555,0.0003,0.014610857848310843,0.013075110269710422,-0.06391240889206529,0.09106840053573251,-147.79823279380798
10328,,267.06393,100.0,24764,,41,,,0.03466968983411789,1032800,0.12,,,,,,,,,,,,,
10332,0.23881062247608534,266.85815,100.0,24777,0.207,41,0.54,0.0,0.03466520830988884,1033600,0.11,4.337298715406663,35.68862864853744,0.09343590890057385,35.68862864853744,129088,0.28093233658000827,42.90758967399597,0.0003,0.014598079418647103,0.010656484395440202,-0.17040167259983718,0.08968889946117997,-147.7013921737671
10336,,266.85815,100.0,24777,,41,,,0.03466520830988884,1033600,0.11,,,,,,,,,,,,,
10340,0.1905902345511681,268.53372,100.0,24800,0.3,41,0.57,0.0,0.034657083451747894,1034400,0.12,4.113976669116082,35.68862864853744,0.09362887358292937,35.68862864853744,129216,0.28057229379191995,44.88084262609482,0.0003,0.014618838526075706,0.012121561980166007,-0.32234196038916707,0.0904920210596174,-147.7689127922058
10344,,268.53372,100.0,24800,,41,,,0.034657083451747894,1034400,0.12,,,,,,,,,,,,,
10348,0.16469871107187248,269.79468,100.0,24814,0.3,41,0.51,0.0,0.03466000035405159,1035200,0.12,4.689057599212365,35.68862864853744,0.09290917846374214,35.68862864853744,129280,0.28125681541860104,43.29044944047928,0.0003,0.014625582567532547,0.010525144840357825,1.3779555023647845,0.08872197417076677,-147.5331311225891
10352,,269.79468,100.0,24814,,41,,,0.03466000035405159,1035200,0.12,,,,,,,,,,,,,
10356,0.0,271.15265,100.0,24838,0.3,41,0.0,0.0,0.03467189520597458,1036000,0.12,4.919326299292513,35.68862864853744,0.09306482819374651,35.68862864853744,129408,0.2783662253059447,44.03515672683716,0.0003,0.014818514973740093,0.012400715735566337,1.057121105492115,0.08960346260573715,-146.92062187194824
10360,,271.15265,100.0,24838,,41,,,0.03467189520597458,1036000,0.12,,,,,,,,,,,,,
10364,0.1131173480222869,271.67435,100.0,24853,0.3,41,0.36,0.0,0.034672874957323074,1036800,0.13,3.9211518236237173,35.68862864853744,0.09422645892482251,35.68862864853744,129472,0.2792451805435121,41.9725586771965,0.0003,0.014887525991071016,0.012653899590077344,2.0252695893868804,0.08949339552782476,-147.3980507850647
10368,,271.67435,100.0,24853,,41,,,0.034672874957323074,1036800,0.13,,,,,,,,,,,,,
10372,0.24041956548378987,269.85373,100.0,24876,0.3,41,0.75,0.0,0.03467623144388199,1037600,0.12,4.120736399183128,35.68862864853744,0.0962926015490666,35.68862864853744,129600,0.2795609850436449,45.992840230464935,0.0003,0.015003136388259009,0.012826736805436667,0.6028151488862932,0.08841995254624635,-147.45419430732727
10376,,269.85373,100.0,24876,,41,,,0.03467623144388199,1037600,0.12,,,,,,,,,,,,,
10380,0.14777374101945628,270.2293,100.0,24899,0.3,41,0.39,0.0,0.03467623516917229,1038400,0.12,4.386009782540589,35.68862864853744,0.09405414410866797,35.68862864853744,129728,0.2787984935566783,45.72885924577713,0.0003,0.015070245179231279,0.011909523818758316,0.7152827088721097,0.08998004894237965,-146.60624027252197
10384,,270.2293,100.0,24899,,41,,,0.03467623516917229,1038400,0.12,,,,,,,,,,,,,
10388,0.2201555358097725,271.95602,100.0,24913,0.25499999999999995,41,0.57,0.0,0.03467841446399689,1039200,0.12,4.3247188823261435,35.68862864853744,0.09253717167302966,35.68862864853744,129792,0.2816347018815577,43.811856150627136,0.0003,0.015113075292902067,0.010825047655089293,0.349180297460407,0.08716685231775045,-147.0180139541626
10392,,271.95602,100.0,24913,,41,,,0.03467841446399689,1039200,0.12,,,,,,,,,,,,,
10396,0.0,268.12933,100.0,24937,0.3,41,0.0,0.0,0.0346895195543766,1040000,0.1,4.142211922005938,35.68862864853744,0.09297897072974592,35.68862864853744,129920,0.28533068811520934,48.5136753320694,0.0003,0.015208851647912525,0.01180019148887368,2.3639386338181794,0.08819372858852148,-147.08954048156738
10400,,268.12933,100.0,24937,,41,,,0.0346895195543766,1040000,0.1,,,,,,,,,,,,,
10404,0.1064764780267727,267.6713,100.0,24952,0.26099999999999995,41,0.39,0.0,0.0346938818693161,1040800,0.09,4.332128904736503,34.97485607556669,0.09318010637070984,34.97485607556669,129984,0.28296001022681594,47.20514494180679,0.0003,0.015282631327863783,0.012012075116217602,1.8966233348473907,0.09137658728286624,-146.7919569015503
10408,,267.6713,100.0,24952,,41,,,0.0346938818693161,1040800,0.09,,,,,,,,,,,,,
10412,0.17997635783155208,269.09467,100.0,24976,0.3,41,0.72,0.0,0.03469341620802879,1041600,0.09,4.283694277529474,34.97485607556669,0.09612240153364837,34.97485607556669,130112,0.282745742239058,45.27248573303223,0.0003,0.01532581496576313,0.01305460641742684,-0.28813018347136676,0.08898052701260895,-147.17668199539185
10416,,269.09467,100.0,24976,,41,,,0.03469341620802879,1041600,0.09,,,,,,,,,,,,,
10420,0.0,262.6337,100.0,24989,0.3,41,0.0,0.0,0.03469502925872803,1042400,0.07,4.675803140467853,34.97485607556669,0.0936171633657068,34.97485607556669,130176,0.28409023815765977,43.9998214840889,0.0003,0.01532116778253112,0.01152192247172934,1.070169480284676,0.08999270631466061,-146.54646158218384
10424,,262.6337,100.0,24989,,41,,,0.03469502925872803,1042400,0.07,,,,,,,,,,,,,
10428,0.04878535305762598,265.0536,100.0,25012,0.294,41,0.21,0.0,0.0346980094909668,1043200,0.1,2.863692700480938,34.97485607556669,0.09527946973685175,34.97485607556669,130304,0.28149969736114144,44.6598961353302,0.0003,0.015414888868690468,0.012463460814615246,2.069946481846273,0.0908913693856448,-146.54217195510864
10432,,265.0536,100.0,25012,,41,,,0.0346980094909668,1043200,0.1,,,,,,,,,,,,,
10436,0.11098780245938096,260.16583,100.0,25035,0.3,41,0.39,0.0,0.03470475971698761,1044000,0.08,4.272486501552053,34.97485607556669,0.09229413152206689,34.97485607556669,130432,0.2832960933446884,43.464255928993225,0.0003,0.01560895357397385,0.010988030029693618,1.5059992561582476,0.09059237386099994,-147.0938539505005
10440,,260.16583,100.0,25035,,41,,,0.03470475971698761,1044000,0.08,,,,,,,,,,,,,
10444,0.15633429273403773,256.89938,100.0,25048,0.3,41,0.45,0.0,0.034704115241765976,1044800,0.08,4.784153439352547,34.97485607556669,0.09347443492151797,34.97485607556669,130496,0.28511487366631627,42.95054849982262,0.0003,0.015686416969401762,0.009826374520343961,1.4275459544733167,0.08733184752054513,-146.71148443222046
10448,,256.89938,100.0,25048,,41,,,0.034704115241765976,1044800,0.08,,,,,,,,,,,,,
10452,0.29147939475457735,257.6078,100.0,25072,0.3,41,0.75,0.0,0.034707434475421906,1045600,0.08,4.467145023412323,34.97485607556669,0.09234401257708669,34.97485607556669,130624,0.28654041327536106,42.33629447221756,0.0003,0.015775992680573836,0.011304588872008026,0.024295006529428065,0.08918543078470975,-146.72812604904175
10456,,257.6078,100.0,25072,,41,,,0.034707434475421906,1045600,0.08,,,,,,,,,,,,,
10460,0.11856906863155699,260.38214,100.0,25086,0.27599999999999997,41,0.39,0.0,0.03471007198095322,1046400,0.08,4.452719884244858,34.97485607556669,0.0924822207307443,34.97485607556669,130688,0.28666559094563127,46.101154804229736,0.0003,0.015792945312568918,0.01100453847902827,0.8943383230362087,0.09085016010794789,-146.73278331756592
10464,,260.38214,100.0,25086,,41,,,0.03471007198095322,1046400,0.08,,,,,,,,,,,,,
10468,0.08708564194156247,254.85088,100.0,25110,0.3,41,0.36,0.0,0.034716155380010605,1047200,0.06,4.815504688891893,34.97485607556669,0.09243184106890112,34.97485607556669,130816,0.28443485777825117,45.30631282925606,0.0003,0.01584199650096707,0.009782596229342744,-0.20614327350631356,0.08901482145301998,-146.91749215126038
10472,,254.85088,100.0,25110,,41,,,0.034716155380010605,1047200,0.06,,,,,,,,,,,,,
10476,0.23543632814485105,256.99014,100.0,25123,0.288,41,0.75,0.0,0.03471812605857849,1048000,0.07,4.070540383424437,34.97485607556669,0.09242991986684501,34.97485607556669,130880,0.2857079887762666,47.408896923065186,0.0003,0.01583669107640162,0.010121023071405943,0.12825266644358635,0.09023825847543776,-147.0148994922638
10480,,256.99014,100.0,25123,,41,,,0.03471812605857849,1048000,0.07,,,,,,,,,,,,,
10484,0.13839165489755373,254.56366,100.0,25147,0.3,41,0.39,0.0,0.0347166433930397,1048800,0.07,3.80805059603338,34.97485607556669,0.09174013044685125,34.97485607556669,131008,0.28463171189650893,42.27247858047485,0.0003,0.015896554512437433,0.010839178656169679,0.37170616863295436,0.08823408756870776,-146.7796380519867
10488,,254.56366,100.0,25147,,41,,,0.0347166433930397,1048800,0.07,,,,,,,,,,,,,
10492,0.13007432740389344,254.73975,100.0,25160,0.26099999999999995,41,0.33,0.0,0.034716248512268066,1049600,0.07,3.9799857312372775,34.97485607556669,0.09418710111640394,34.97485607556669,131072,0.28791349846869707,45.54924988746643,0.0003,0.015940453915391117,0.01044989112415351,1.2879566824994981,0.08827221486717463,-146.79058742523193
10496,,254.73975,100.0,25160,,41,,,0.034716248512268066,1049600,0.07,,,,,,,,,,,,,
10500,0.194461782232285,252.92436,100.0,25182,0.17999999999999997,41,0.36,0.0,0.03471596539020538,1050400,0.07,3.6131413424993015,34.97485607556669,0.1002650170121342,34.97485607556669,131200,0.2879415270872414,44.18369674682617,0.0003,0.016072118567535654,0.013697618931473698,1.2417094230186194,0.0895104700466618,-146.22037839889526
10504,,252.92436,100.0,25182,,41,,,0.03471596539020538,1050400,0.07,,,,,,,,,,,,,
10508,0.0,248.82527,100.0,25205,0.22499999999999998,41,0.0,0.0,0.03472140058875084,1051200,0.07,3.752379023381516,34.97485607556669,0.09708822250831872,34.97485607556669,131328,0.29141246899962425,43.3804686665535,0.0003,0.016158123966306448,0.012135096876590978,0.8786296735052019,0.08937248541042209,-146.51345086097717
10512,,248.82527,100.0,25205,,41,,,0.03472140058875084,1051200,0.07,,,,,,,,,,,,,
10516,0.13099357101116516,244.81625,100.0,25219,0.3,41,0.39,0.0,0.0347195528447628,1052000,0.06,4.1665627207319496,34.97485607556669,0.09676457208115608,34.97485607556669,131392,0.2906165453605354,47.46658205986023,0.0003,0.016151260962942615,0.011655361886369064,-1.0686193063447718,0.08896916080266237,-146.69061422348022
10520,,244.81625,100.0,25219,,41,,,0.0347195528447628,1052000,0.06,,,,,,,,,,,,,
10524,0.19099927265329902,247.8261,100.0,25244,0.27299999999999996,41,0.6,0.0,0.034725166857242584,1052800,0.06,4.707172757534935,34.97485607556669,0.09731004387140274,34.97485607556669,131520,0.28832711605355144,41.6575166285038,0.0003,0.016104131267638877,0.012526033657195512,-0.22905732784420252,0.08775740291457623,-145.5866403579712
10528,,247.8261,100.0,25244,,41,,,0.034725166857242584,1052800,0.06,,,,,,,,,,,,,
10532,0.14096506452524302,245.99406,100.0,25259,0.3,41,0.54,0.0,0.03472612053155899,1053600,0.03,4.843168460796916,34.97485607556669,0.09856418857816607,34.97485607556669,131584,0.2884176722727716,42.93477514386177,0.0003,0.01611994396080263,0.012656323564442573,-0.10238718893378973,0.08873296598903835,-145.93925595283508
10536,,245.99406,100.0,25259,,41,,,0.03472612053155899,1053600,0.03,,,,,,,,,,,,,
10540,0.0,246.67406,100.0,25283,0.282,41,0.0,0.0,0.03472272306680679,1054400,0.04,3.7327978788968217,34.97485607556669,0.09578816127032042,34.97485607556669,131712,0.29091663751751184,41.458388924598694,0.0003,0.016093987826025113,0.011252293203142472,-1.0101453680545092,0.0873827162431553,-145.78292107582092
10544,,246.67406,100.0,25283,,41,,,0.03472272306680679,1054400,0.04,,,,,,,,,,,,,
10548,0.19286312305401287,247.08408,100.0,25296,0.26099999999999995,41,0.57,0.0,0.034729719161987305,1055200,0.04,4.590770879138986,34.97485607556669,0.09508391690906137,34.97485607556669,131776,0.2890252033248544,41.15063673257828,0.0003,0.016049130616011098,0.0112814179083216,0.0012000014539808035,0.08648742374498397,-146.18321752548218
10552,,247.08408,100.0,25296,,41,,,0.034729719161987305,1055200,0.04,,,,,,,,,,,,,
10556,0.27182983066837596,246.4059,100.0,25319,0.3,41,0.72,0.0,0.034730635583400726,1056000,0.04,4.69241806338705,34.97485607556669,0.09978503466118127,34.97485607556669,131904,0.29376778472214937,44.91514107584953,0.0003,0.015989645471563563,0.012980521198187489,-1.2494999368209392,0.0906547891208902,-145.84409070014954
10560,,246.4059,100.0,25319,,41,,,0.034730635583400726,1056000,0.04,,,,,,,,,,,,,
10564,0.14079219545720734,245.15257,100.0,25342,0.25199999999999995,41,0.36,0.0,0.03473154827952385,1056800,0.04,4.226098574089075,34.97485607556669,0.09865568485110998,34.97485607556669,132032,0.2916592927649617,44.300803899765015,0.0003,0.015903253806754947,0.012327728392847348,0.8194368483964354,0.09128936554770917,-145.38865089416504
10568,,245.15257,100.0,25342,,41,,,0.03473154827952385,1056800,0.04,,,,,,,,,,,,,
10572,0.3350048092686245,243.22705,100.0,25357,0.22499999999999998,41,0.66,0.0,0.03473104536533356,1057600,0.05,3.279285651418772,34.97485607556669,0.10201838973443955,34.97485607556669,132096,0.29341314220800996,41.07450234889984,0.0003,0.015920191071927547,0.011581000551814213,-0.46208018879406154,0.08712141879368573,-144.78285312652588
10576,,243.22705,100.0,25357,,41,,,0.03473104536533356,1057600,0.05,,,,,,,,,,,,,
10580,0.1638676987239614,244.36382,100.0,25381,0.3,41,0.39,0.0,0.034739039838314056,1058400,0.06,3.9142182171479107,34.97485607556669,0.09828034962993115,34.97485607556669,132224,0.2907529352232814,42.186966598033905,0.0003,0.015997645881725475,0.011201458670257125,0.4834868835750967,0.08804618346039206,-145.37560534477234
10584,,244.36382,100.0,25381,,41,,,0.034739039838314056,1058400,0.06,,,,,,,,,,,,,
10588,0.14236557648101722,245.07736,100.0,25394,0.3,41,0.42,0.0,0.03474460169672966,1059200,0.05,4.3598659321678515,34.97485607556669,0.0986978760920465,34.97485607556669,132288,0.29178693564608693,42.56817865371704,0.0003,0.01602265369729139,0.011055935858166777,0.7477085092104971,0.0864920123713091,-144.86750030517578
10592,,245.07736,100.0,25394,,41,,,0.03474460169672966,1059200,0.05,,,,,,,,,,,,,
10596,0.21629163644108435,246.80582,100.0,25416,0.3,41,0.36,0.0,0.03474836051464081,1060000,0.06,4.02254378250878,34.97485607556669,0.09954845206812024,34.97485607556669,132416,0.2947808559983969,45.26402086019516,0.0003,0.016062234091805294,0.011313227216305677,-0.9843660178594291,0.08771931810770184,-145.06584286689758
10600,,246.80582,100.0,25417,,41,,,0.03474836051464081,1060000,0.06,,,,,,,,,,,,,
10604,0.0,248.37498,100.0,25430,0.26099999999999995,41,0.0,0.0,0.03474346548318863,1060800,0.06,4.466479820970364,34.275358954055356,0.09775920072570443,34.275358954055356,132480,0.29281877540051937,41.4826095700264,0.0003,0.016006692952942103,0.011632835892669391,-0.6671599582768977,0.08894526213407516,-145.3438320159912
10608,,248.37498,100.0,25430,,41,,,0.03474346548318863,1060800,0.06,,,,,,,,,,,,,
10612,0.08972043420765456,248.58752,100.0,25454,0.3,41,0.39,0.0,0.03474859148263931,1061600,0.06,4.254627667661324,34.275358954055356,0.09774885233491659,34.275358954055356,132608,0.2959888484328985,43.12119534611702,0.0003,0.015979112620698288,0.010109802067745477,-0.15791380871087313,0.08825543860439211,-145.5962269306183
10616,,248.58752,100.0,25454,,41,,,0.03474859148263931,1061600,0.06,,,,,,,,,,,,,
10620,0.2585307736412504,249.86316,100.0,25467,0.3,41,0.63,0.0,0.03474856913089752,1062400,0.06,4.154578620357633,34.275358954055356,0.09823987376876175,34.275358954055356,132672,0.29195505985990167,42.33578705787659,0.0003,0.015955871407641098,0.012400967985740863,0.21924720890820026,0.0892410408705473,-145.19483733177185
10624,,249.86316,100.0,25467,,41,,,0.03474856913089752,1062400,0.06,,,,,,,,,,,,,
10628,0.19762568944494696,248.4303,100.0,25491,0.294,41,0.36,0.0,0.034750983119010925,1063200,0.06,4.364114935164617,34.275358954055356,0.09938192495610565,34.275358954055356,132800,0.2943748012185097,42.85527953505516,0.0003,0.015958929812768474,0.01166144340095343,0.2531254063360393,0.08889013167936355,-144.66546368598938
10632,,248.4303,100.0,25491,,41,,,0.034750983119010925,1063200,0.06,,,,,,,,,,,,,
10636,0.0,249.38872,100.0,25514,0.3,41,0.0,0.0,0.03475072979927063,1064000,0.06,4.95253417542746,34.275358954055356,0.10263890237547457,34.275358954055356,132928,0.29728055791929364,43.5562923848629,0.0003,0.015904519095784053,0.012993456766707823,-1.2594450898468494,0.08632637490518391,-144.13013911247253
10640,,249.38872,100.0,25514,,41,,,0.03475072979927063,1064000,0.06,,,,,,,,,,,,,
10644,0.07728819956769495,254.05048,100.0,25529,0.3,41,0.39,0.0,0.03474821522831917,1064800,0.07,3.3508700434259855,34.275358954055356,0.10112237557768822,34.275358954055356,132992,0.29363798489794135,42.028645038604736,0.0003,0.015827233874006197,0.012972957010788377,-0.29799568373709917,0.08786246494855732,-144.75053644180298
10648,,254.05048,100.0,25529,,41,,,0.03474821522831917,1064800,0.07,,,,,,,,,,,,,
10652,0.20837221982560894,251.38573,100.0,25553,0.264,41,0.39,0.0,0.03474600613117218,1065600,0.07,4.035146214693751,34.275358954055356,0.10004474874585867,34.275358954055356,133120,0.2957690414041281,44.21800583600998,0.0003,0.015877917176112533,0.013030404137680307,0.875924049410969,0.08604060357902199,-144.059157371521
10656,,251.38573,100.0,25553,,41,,,0.03474600613117218,1065600,0.07,,,,,,,,,,,,,
10660,0.2649875390177722,252.8415,100.0,25567,0.288,41,0.57,0.0,0.034747980535030365,1066400,0.08,4.24882014615021,34.275358954055356,0.09918349597137421,34.275358954055356,133184,0.29565754160284996,42.0265251994133,0.0003,0.015933331073028967,0.011849953240016475,1.1240768525749445,0.08955069771036506,-144.30062651634216
10664,,252.8415,100.0,25567,,41,,,0.034747980535030365,1066400,0.08,,,,,,,,,,,,,
10668,0.1464984102583645,257.93945,100.0,25591,0.3,41,0.36,0.0,0.034745581448078156,1067200,0.08,4.14098711670521,34.275358954055356,0.09935320017393678,34.275358954055356,133312,0.29773725057020783,41.95462176203728,0.0003,0.015953384805470705,0.01134745885792654,0.6153535915073007,0.091542067239061,-144.29705595970154
10672,,257.93945,100.0,25591,,41,,,0.034745581448078156,1067200,0.08,,,,,,,,,,,,,
10676,0.0,256.49814,100.0,25605,0.3,41,0.0,0.0,0.03474371135234833,1068000,0.07,4.568275527233496,34.275358954055356,0.09824922250118107,34.275358954055356,133376,0.2977823782712221,41.83790385723114,0.0003,0.015955390117596835,0.010733428418461699,0.7706087226979434,0.08684266917407513,-144.2917275428772
10680,,256.49814,100.0,25605,,41,,,0.03474371135234833,1068000,0.07,,,,,,,,,,,,,
10684,0.1675313049279972,252.60329,100.0,25628,0.22499999999999998,41,0.51,0.0,0.03474042937159538,1068800,0.05,3.667947924632872,34.275358954055356,0.09794989007059485,34.275358954055356,133504,0.2977176601998508,41.19601786136627,0.0003,0.01594166670111008,0.011685670571750961,-0.4546429058536887,0.08686859533190727,-144.1606068611145
10688,,252.60329,100.0,25628,,41,,,0.03474042937159538,1068800,0.05,,,,,,,,,,,,,
10692,0.49497738794287804,258.0505,100.0,25652,0.3,41,1.47,0.0,0.03474903851747513,1069600,0.06,4.545364681433845,34.275358954055356,0.09812045691069216,34.275358954055356,133632,0.3050290001556277,42.69084286689758,0.0003,0.01590567472158,0.011321128353301901,0.20684317126870155,0.0886880763573572,-142.90483951568604
10696,,258.0505,100.0,25652,,41,,,0.03474903851747513,1069600,0.06,,,,,,,,,,,,,
10700,0.061632335001857455,261.23038,100.0,25667,0.22799999999999998,41,0.18,0.0,0.03474695608019829,1070400,0.06,3.9749559449362306,34.275358954055356,0.09724948147777468,34.275358954055356,133696,0.30363754322752357,46.25431436300278,0.0003,0.01589445854187943,0.012035278105031466,-1.3178972906898707,0.08871689008083194,-143.60804748535156
10704,,261.23038,100.0,25667,,41,,,0.03474695608019829,1070400,0.06,,,,,,,,,,,,,
10708,0.3408140510233958,268.32602,100.0,25691,0.3,41,1.11,0.0,0.03475077077746391,1071200,0.07,4.419368467045288,34.275358954055356,0.09488425485324115,34.275358954055356,133824,0.3010643501766026,43.46119609475136,0.0003,0.015895732096396387,0.01162231104899547,-0.8324038498103619,0.0876718400977552,-143.33842372894287
10712,,268.32602,100.0,25691,,41,,,0.03475077077746391,1071200,0.07,,,,,,,,,,,,,
10716,0.19290194536706737,267.51404,100.0,25704,0.267,41,0.36,0.0,0.034747205674648285,1072000,0.07,4.43200015398536,34.275358954055356,0.09688623354304582,34.275358954055356,133888,0.3005595486611128,43.26349633932114,0.0003,0.015866551198996603,0.01272714100923622,-0.3900874733226374,0.09063359117135406,-143.64307522773743
10720,,267.51404,100.0,25704,,41,,,0.034747205674648285,1072000,0.07,,,,,,,,,,,,,
10724,0.29210684761264893,270.75018,100.0,25727,0.26099999999999995,41,0.48,0.0,0.034749291837215424,1072800,0.08,3.480232625446976,34.275358954055356,0.09848331345710903,34.275358954055356,134016,0.3035649759694934,44.414235055446625,0.0003,0.015876323072006926,0.011756650470488239,0.1752525162883103,0.09050119575113058,-143.3648808002472
10728,,270.75018,100.0,25727,,41,,,0.034749291837215424,1072800,0.08,,,,,,,,,,,,,
10732,0.213917042467375,274.52026,100.0,25741,0.26099999999999995,41,0.75,0.0,0.03475014120340347,1073600,0.09,3.5448462994409944,34.275358954055356,0.10141320945695043,34.275358954055356,134080,0.303427966311574,41.78579568862915,0.0003,0.01585592865012586,0.01258584184688516,-0.4616517028771341,0.08916464098729193,-143.74061465263367
10736,,274.52026,100.0,25741,,41,,,0.03475014120340347,1073600,0.09,,,,,,,,,,,,,
10740,0.11956012548160962,268.6208,100.0,25764,0.294,41,0.36,0.0,0.034750085324048996,1074400,0.07,4.138757289834356,34.275358954055356,0.10014094598591328,34.275358954055356,134208,0.30151035310700536,41.947762072086334,0.0003,0.015789316006703302,0.012629003103938885,-0.8997662276960909,0.08960345084778965,-143.92931747436523
10744,,268.6208,100.0,25764,,41,,,0.034750085324048996,1074400,0.07,,,,,,,,,,,,,
10748,0.24761357845912663,271.06036,100.0,25778,0.18899999999999997,41,0.72,0.0,0.03474411368370056,1075200,0.07,4.505169358558917,34.275358954055356,0.1003791029797867,34.275358954055356,134272,0.30605616699904203,40.305893927812576,0.0003,0.015720924857305363,0.01168710361525882,-1.9233015845529735,0.08896019565872848,-142.87159752845764
10752,,271.06036,100.0,25778,,41,,,0.03474411368370056,1075200,0.07,,,,,,,,,,,,,
10756,0.3209297252350724,274.39886,100.0,25801,0.22499999999999998,41,0.75,0.0,0.034751445055007935,1076000,0.08,3.9349694932528454,34.275358954055356,0.09820874850265682,34.275358954055356,134400,0.3058441402390599,42.29237097501755,0.0003,0.015713052387582138,0.010943199151370209,0.6800849731080234,0.0878260851604864,-143.4536054134369
10760,,274.39886,100.0,25801,,41,,,0.034751445055007935,1076000,0.08,,,,,,,,,,,,,
10764,0.08046622781318982,270.63004,100.0,25825,0.204,41,0.24,0.0,0.034746572375297546,1076800,0.07,3.3004061927685315,34.275358954055356,0.09873916325159371,34.275358954055356,134528,0.30445079738274217,45.189373791217804,0.0003,0.01571420833352022,0.012595372187206522,-2.4843714103335515,0.08981111599132419,-142.85109972953796
10768,,270.63004,100.0,25825,,41,,,0.034746572375297546,1076800,0.07,,,,,,,,,,,,,
10772,0.19404985032199523,273.77118,100.0,25840,0.3,41,0.36,0.0,0.03474388271570206,1077600,0.08,4.603009338738882,34.275358954055356,0.09715906577184796,34.275358954055356,134592,0.30500052915886045,42.39898005127907,0.0003,0.015607826484483667,0.012690697149082553,-1.1999698467552662,0.08873768814373761,-142.5783407688141
10776,,273.77118,100.0,25840,,41,,,0.03474388271570206,1077600,0.08,,,,,,,,,,,,,
10780,0.22740852727701916,275.66666,100.0,25863,0.3,41,0.36,0.0,0.034739091992378235,1078400,0.09,4.055185629861909,34.275358954055356,0.09755056933499873,34.275358954055356,134720,0.30635661631822586,43.28105002641678,0.0003,0.015589177972287871,0.011734041130694095,0.3352262922562659,0.09005817212164402,-142.597425699234
10784,,275.66666,100.0,25863,,41,,,0.034739091992378235,1078400,0.09,,,,,,,,,,,,,
10788,0.1563609792143588,277.09186,100.0,25876,0.3,41,0.39,0.0,0.03473329171538353,1079200,0.09,4.6337028336552954,34.275358954055356,0.09832856641151011,34.275358954055356,134784,0.3012764132581651,40.587337613105774,0.0003,0.015568054805044085,0.012438974496035371,-1.046917676459998,0.08945395157206804,-142.60035967826843
10792,,277.09186,100.0,25876,,41,,,0.03473329171538353,1079200,0.09,,,,,,,,,,,,,
10796,0.2448295854774078,269.64926,100.0,25901,0.3,41,0.39,0.0,0.03473436087369919,1080000,0.07,4.564162362302872,34.275358954055356,0.0951543467817828,34.275358954055356,134912,0.30450040427967906,42.819215297698975,0.0003,0.015551670774584636,0.01140242296969518,0.11282904585823417,0.09031818539369851,-142.88135933876038
10800,,269.64926,100.0,25901,,41,,,0.03473436087369919,1080000,0.07,,,,,,,,,,,,,
10804,0.13484719691557856,266.63007,100.0,25916,0.3,41,0.39,0.0,0.03473685309290886,1080800,0.06,4.876108854612632,33.58985177497425,0.09541342000011355,33.58985177497425,134976,0.3055713325738907,39.44256901741028,0.0003,0.01556960929883644,0.01158529401436681,0.730962275993079,0.08710588864050806,-143.16550064086914
10808,,266.63007,100.0,25916,,41,,,0.03473685309290886,1080800,0.06,,,,,,,,,,,,,
10812,0.15641205174711315,263.64236,100.0,25940,0.26099999999999995,41,0.51,0.0,0.03473394364118576,1081600,0.06,4.380049576026834,33.58985177497425,0.09468192525673658,33.58985177497425,135104,0.3047663257457316,42.80737751722336,0.0003,0.015608387358952314,0.011921143493964337,0.08436131430789828,0.08837725140620023,-142.87391567230225
10816,,263.64236,100.0,25940,,41,,,0.03473394364118576,1081600,0.06,,,,,,,,,,,,,
10820,0.1467338557009357,262.007,100.0,25963,0.3,41,0.45,0.0,0.03473339602351189,1082400,0.05,4.703625990097666,33.58985177497425,0.0947563168592751,33.58985177497425,135232,0.3067097123712301,44.19731903076172,0.0003,0.01563578647619579,0.011561177183466498,0.3997648956719786,0.0884070546599105,-142.35151743888855
10824,,262.007,100.0,25963,,41,,,0.03473339602351189,1082400,0.05,,,,,,,,,,,,,
10828,0.11246059981374873,259.37048,100.0,25976,0.291,41,0.39,0.0,0.03473323583602905,1083200,0.05,3.9866210198477,33.58985177497425,0.09448459499981254,33.58985177497425,135296,0.3038325593806803,40.50033086538315,0.0003,0.015633764647645876,0.011182337722857483,0.9875593080651015,0.08878296555485576,-142.40641355514526
10832,,259.37048,100.0,25976,,41,,,0.03473323583602905,1083200,0.05,,,,,,,,,,,,,
10836,0.0,259.88867,100.0,26001,0.3,41,0.0,0.0,0.034723252058029175,1084000,0.06,3.9704216696492245,33.58985177497425,0.09485685406252742,33.58985177497425,135424,0.3028521239757538,41.843014776706696,0.0003,0.015597578982124105,0.01210551893018419,-0.22888209577649832,0.08755897230003029,-143.0817985534668
10840,,259.88867,100.0,26001,,41,,,0.034723252058029175,1084000,0.06,,,,,,,,,,,,,
10844,0.0,256.2112,100.0,26015,0.22499999999999998,41,0.0,0.0,0.03471898287534714,1084800,0.06,3.8264007762168237,33.58985177497425,0.10675495734903961,33.58985177497425,135488,0.3032503859139979,42.10929024219513,0.0003,0.01560340597643517,0.014890117250615731,0.6077831237344071,0.08792909060139209,-142.1398344039917
10848,,256.2112,100.0,26015,,41,,,0.03471898287534714,1084800,0.06,,,,,,,,,,,,,
10852,0.0,254.02704,100.0,26039,0.26099999999999995,41,0.0,0.0,0.034728966653347015,1085600,0.06,4.36146521883631,33.58985177497425,0.10183726972900331,33.58985177497425,135616,0.30371406115591526,40.67608380317688,0.0003,0.015727736783446744,0.013239757885457948,0.8119214717298746,0.09034780028741807,-142.28525161743164
10856,,254.02704,100.0,26039,,41,,,0.034728966653347015,1085600,0.06,,,,,,,,,,,,,
10860,0.0,247.81773,100.0,26053,0.24899999999999994,41,0.0,0.0,0.034730810672044754,1086400,0.04,4.6327755588855375,33.58985177497425,0.09946138190571219,33.58985177497425,135680,0.3055773605592549,40.6263624727726,0.0003,0.01578889272059314,0.011766224437451456,2.2112979642115533,0.0889385842019692,-142.29513907432556
10864,,247.81773,100.0,26053,,41,,,0.034730810672044754,1086400,0.04,,,,,,,,,,,,,
10868,0.11373507307190396,248.56613,100.0,26076,0.27,41,0.18,0.0,0.03473382815718651,1087200,0.03,3.9796267362105784,33.58985177497425,0.09545689239166677,33.58985177497425,135808,0.3048015786334872,42.34078174829483,0.0003,0.01593765150755644,0.01203179314325098,1.349117238773033,0.08904412179253995,-142.21524810791016
10872,,248.56613,100.0,26076,,41,,,0.03473382815718651,1087200,0.03,,,,,,,,,,,,,
10876,0.03593436385336321,242.74171,100.0,26090,0.3,41,0.18,0.0,0.034730568528175354,1088000,0.02,4.6470684743697355,33.58985177497425,0.10114504233933985,33.58985177497425,135872,0.30944055458530784,42.987925946712494,0.0003,0.015963470592396334,0.013244536436104681,0.06267867935821414,0.0889372993260622,-141.34334707260132
10880,,242.74171,100.0,26090,,41,,,0.034730568528175354,1088000,0.02,,,,,,,,,,,,,
10884,0.0,244.67294,100.0,26114,0.3,41,0.0,0.0,0.03472450003027916,1088800,0.03,3.952846368468185,33.58985177497425,0.09711325552780181,33.58985177497425,136000,0.30591529281809926,44.35819059610367,0.0003,0.015980574651621282,0.012617659333045594,-0.06635405123233795,0.08831396361347288,-142.09994077682495
10888,,244.67294,100.0,26114,,41,,,0.03472450003027916,1088800,0.03,,,,,,,,,,,,,
10892,0.011282297694961035,244.60266,100.0,26138,0.3,41,0.03,0.0,0.03472414240241051,1089600,0.03,4.349381721003562,33.58985177497425,0.09620585769880563,33.58985177497425,136128,0.3062776974402368,40.72132658958435,0.0003,0.016035381035180762,0.012897815729957074,0.19315422605723143,0.08829754521138966,-141.2575180530548
10896,,244.60266,100.0,26138,,41,,,0.03472414240241051,1089600,0.03,,,,,,,,,,,,,
10900,0.0,240.61281,100.0,26151,0.22799999999999998,41,0.0,0.0,0.03472896292805672,1090400,0.03,3.828609747262317,33.58985177497425,0.09672709042206407,33.58985177497425,136192,0.3040778562426567,39.2399280667305,0.0003,0.0160627156146802,0.012337116073467769,1.0069946909788996,0.08825943490955979,-141.31660389900208
10904,,240.61281,100.0,26151,,41,,,0.03472896292805672,1090400,0.03,,,,,,,,,,,,,
10908,0.18893492015495447,239.07715,100.0,26174,0.3,41,0.36,0.0,0.034731268882751465,1091200,0.03,3.8379447978419567,33.58985177497425,0.10053980373777449,33.58985177497425,136320,0.3081515277735889,41.715610325336456,0.0003,0.016148544294992462,0.013282770887599327,0.6175510406028479,0.08918633311986923,-141.7308690547943
10912,,239.07715,100.0,26174,,41,,,0.034731268882751465,1091200,0.03,,,,,,,,,,,,,
10916,0.059231662017838076,241.19478,100.0,26187,0.3,41,0.09,0.0,0.03473101556301117,1092000,0.04,3.4618129097624744,33.58985177497425,0.10191116272471845,33.58985177497425,136384,0.3086249390617013,41.869816929101944,0.0003,0.016163371183210984,0.013505975271982607,-0.1890191282145679,0.09061551105696708,-141.02438235282898
10920,,241.19478,100.0,26187,,41,,,0.03473101556301117,1092000,0.04,,,,,,,,,,,,,
10924,0.0652821964395403,238.93608,100.0,26210,0.264,41,0.21,0.0,0.03473156318068504,1092800,0.03,4.211690563934857,33.58985177497425,0.1011292909970507,33.58985177497425,136512,0.3088074545376003,40.50965493917465,0.0003,0.0161498848174233,0.011806698930740822,0.8468714513001032,0.08944875886663795,-141.17714071273804
10928,,238.93608,100.0,26210,,41,,,0.03473156318068504,1092800,0.03,,,,,,,,,,,,,
10932,0.0,235.8271,100.0,26224,0.27299999999999996,41,0.0,0.0,0.03473454341292381,1093600,0.03,3.5330484930671333,33.58985177497425,0.10045209841337055,33.58985177497425,136576,0.3092363295145333,43.3685462474823,0.0003,0.01617094033281319,0.0132601653385791,0.49298616079613566,0.09039991325698793,-141.30228924751282
10936,,235.8271,100.0,26224,,41,,,0.03473454341292381,1093600,0.03,,,,,,,,,,,,,
10940,0.1947173699665023,234.87625,100.0,26247,0.24,41,0.36,0.0,0.03473847359418869,1094400,0.03,4.143356346234945,33.58985177497425,0.10049246170092374,33.58985177497425,136704,0.3105834499001503,41.678175419569016,0.0003,0.016306754754623398,0.012742383732984308,0.678810209967196,0.09165386599488556,-141.02191162109375
10944,,234.87625,100.0,26247,,41,,,0.03473847359418869,1094400,0.03,,,,,,,,,,,,,
10948,0.2461617631394806,241.67838,100.0,26270,0.294,41,0.72,0.0,0.03473754972219467,1095200,0.04,4.108846898531377,33.58985177497425,0.10104920715093613,33.58985177497425,136832,0.31083554634824395,44.366423577070236,0.0003,0.016297995374770835,0.014759377176233102,-0.14538321690633893,0.09010512253735214,-141.0447928905487
10952,,241.67838,100.0,26270,,41,,,0.03473754972219467,1095200,0.04,,,,,,,,,,,,,
10956,0.0,247.8918,100.0,26284,0.27,41,0.0,0.0,0.034733470529317856,1096000,0.06,3.149186000833514,33.58985177497425,0.10001109528820962,33.58985177497425,136896,0.31061182310804725,42.8881256878376,0.0003,0.016285408433759585,0.012645601411350071,-1.4592666877433658,0.08810799894854426,-141.3412902355194
10960,,247.8918,100.0,26284,,41,,,0.034733470529317856,1096000,0.06,,,,,,,,,,,,,
10964,0.15232751757350468,248.95619,100.0,26309,0.3,41,0.33,0.0,0.03472413867712021,1096800,0.07,4.504782593207263,33.58985177497425,0.09864610608201474,33.58985177497425,137024,0.3091646768152714,42.24467423558235,0.0003,0.016195579315535724,0.011457490247266833,0.4153662361204624,0.08866802148986608,-140.84440279006958
10968,,248.95619,100.0,26309,,41,,,0.03472413867712021,1096800,0.07,,,,,,,,,,,,,
10972,0.1861135556235998,249.39195,100.0,26322,0.267,41,0.36,0.0,0.034722618758678436,1097600,0.07,3.8351201880718753,33.58985177497425,0.09838498430326581,33.58985177497425,137088,0.31241945549845695,43.037067264318466,0.0003,0.016240816039498895,0.012179353761894163,1.1015436344314367,0.089847746421583,-141.02606415748596
10976,,249.39195,100.0,26322,,41,,,0.034722618758678436,1097600,0.07,,,,,,,,,,,,,
10980,0.020569226266720933,253.74016,100.0,26344,0.26399999999999996,41,0.09,0.0,0.03472476825118065,1098400,0.09,3.072646027960102,33.58985177497425,0.09868498926516622,33.58985177497425,137216,0.31162756448611617,43.77114748954773,0.0003,0.016275619942462072,0.010757193449535407,-0.1700831048656255,0.08768712857272476,-141.94320797920227
10984,,253.74016,100.0,26344,,41,,,0.03472476825118065,1098400,0.09,,,,,,,,,,,,,
10988,0.0,248.89813,100.0,26357,0.3,41,0.0,0.0,0.0347251370549202,1099200,0.08,4.396520015838707,33.58985177497425,0.09753486968111247,33.58985177497425,137280,0.31054693507030606,42.76595765352249,0.0003,0.01627087261294946,0.010670860421669204,-0.20046634576283395,0.08901586011052132,-141.73922753334045
10992,,248.89813,100.0,26357,,41,,,0.0347251370549202,1099200,0.08,,,,,,,,,,,,,
10996,0.32277269590752733,252.85649,100.0,26381,0.285,41,0.75,0.0,0.03471660614013672,1100000,0.08,4.431524691541561,33.58985177497425,0.09913400956429541,33.58985177497425,137408,0.31574667897075415,43.346591889858246,0.0003,0.016190359339816496,0.011464364913990721,-0.1956658996641636,0.08505682391114533,-141.44037652015686
11000,,252.85649,100.0,26381,,41,,,0.03471660614013672,1100000,0.08,,,,,,,,,,,,,
11004,0.3079454615551717,258.8525,100.0,26395,0.3,41,0.75,0.0,0.034719858318567276,1100800,0.08,5.271799396184814,32.91805473947476,0.09894503466784954,32.91805473947476,137472,0.3125687791034579,42.00950187444687,0.0003,0.01621481540496461,0.011236811827984639,1.8697446917649359,0.08800972532480955,-140.8651762008667
11008,,258.8525,100.0,26395,,41,,,0.034719858318567276,1100800,0.08,,,,,,,,,,,,,
11012,0.060370155632540445,257.18195,100.0,26418,0.3,41,0.33,0.0,0.03472213074564934,1101600,0.08,4.680922113485517,32.91805473947476,0.10075732495170087,32.91805473947476,137600,0.30917772743850946,42.768655210733414,0.0003,0.016276020993245766,0.011974472785368562,0.05941459606401622,0.08676276891492307,-141.28616762161255
11016,,257.18195,100.0,26418,,41,,,0.03472213074564934,1101600,0.08,,,,,,,,,,,,,
11020,0.33108842433351077,258.42108,100.0,26441,0.26099999999999995,41,0.78,0.0,0.03471320867538452,1102400,0.08,3.651451538799324,32.91805473947476,0.10187233809847385,32.91805473947476,137728,0.3127226219512522,43.68236869573593,0.0003,0.01626624132040888,0.012787950974598061,-0.8427393247839063,0.08940348424948752,-141.63419580459595
11024,,258.42108,100.0,26441,,41,,,0.03471320867538452,1102400,0.08,,,,,,,,,,,,,
11028,0.0,259.19778,100.0,26454,0.26099999999999995,41,0.0,0.0,0.0347130224108696,1103200,0.07,4.668725101898476,32.91805473947476,0.10409478622023016,32.91805473947476,137792,0.3132670000195503,43.73494932055473,0.0003,0.016258244082564488,0.012655409082071856,0.6627845726907253,0.08698742475826293,-141.34345722198486
11032,,259.19778,100.0,26455,,41,,,0.0347130224108696,1103200,0.07,,,,,,,,,,,,,
11036,0.0,261.76562,100.0,26478,0.3,41,0.0,0.0,0.034711163491010666,1104000,0.07,4.623679271112581,32.91805473947476,0.10292903147637844,32.91805473947476,137920,0.31364192720502615,41.98129412531853,0.0003,0.016300491959555075,0.011706126577337272,1.0109397219493985,0.08786424924619496,-141.48570322990417
11040,,261.76562,100.0,26478,,41,,,0.034711163491010666,1104000,0.07,,,,,,,,,,,,,
11044,0.02,259.64655,100.0,26492,0.3,41,0.03,0.0,0.03470628708600998,1104800,0.07,4.422237195802613,32.91805473947476,0.10002841195091605,32.91805473947476,137984,0.3116873297840357,43.55223959684372,0.0003,0.016338022251147777,0.011366640545020346,0.4751684404909611,0.08708220993867144,-141.61311531066895
11048,,259.64655,100.0,26492,,41,,,0.03470628708600998,1104800,0.07,,,,,,,,,,,,,
11052,0.17703118683717897,257.2612,100.0,26515,0.3,41,0.39,0.0,0.034700363874435425,1105600,0.06,3.918733811263126,32.91805473947476,0.10066998633556068,32.91805473947476,138112,0.31441596802324057,38.60647431015968,0.0003,0.016385303693823516,0.011003765270288568,0.5890336609445512,0.08833564596716315,-141.20833086967468
11056,,257.2612,100.0,26515,,41,,,0.034700363874435425,1105600,0.06,,,,,,,,,,,,,
11060,0.0,252.9506,100.0,26529,0.3,41,0.0,0.0,0.0346958227455616,1106400,0.05,4.167761018529885,32.91805473947476,0.10004519717767835,32.91805473947476,138176,0.3131611202843487,39.71415391564369,0.0003,0.016398770065279678,0.011006596905644983,-0.06729701708536595,0.08857385104056448,-141.41486120224
11064,,252.9506,100.0,26529,,41,,,0.0346958227455616,1106400,0.05,,,,,,,,,,,,,
11068,0.03733224863126785,247.93394,100.0,26551,0.19799999999999998,41,0.15,0.0,0.03468957543373108,1107200,0.04,4.278669505525515,32.91805473947476,0.10089231573510915,32.91805473947476,138304,0.31588835921138525,39.582844108343124,0.0003,0.016471860610181466,0.011832969270471949,0.391181442188099,0.08562114764936268,-140.696115732193
11072,,247.93394,100.0,26551,,41,,,0.03468957543373108,1107200,0.04,,,,,,,,,,,,,
11076,0.0,249.40594,100.0,26575,0.3,41,0.0,0.0,0.03468158841133118,1108000,0.04,3.5222201883131965,32.91805473947476,0.09973283880390227,32.91805473947476,138432,0.3133707349188626,41.02459669113159,0.0003,0.016575592453591526,0.010803374636452645,-0.19242925895377994,0.08684815815649927,-140.3463397026062
11080,,249.40594,100.0,26575,,41,,,0.03468158841133118,1108000,0.04,,,,,,,,,,,,,
11084,0.0,258.86218,100.0,26589,0.3,41,0.0,0.0,0.034681856632232666,1108800,0.06,3.0450887036661616,32.91805473947476,0.09880584594793618,32.91805473947476,138496,0.31859116489067674,42.12892127037048,0.0003,0.016573792963754386,0.01092744484776631,0.0681466615642421,0.08636150415986776,-140.0959677696228
11088,,258.86218,100.0,26589,,41,,,0.034681856632232666,1108800,0.06,,,,,,,,,,,,,
11092,0.24614785999449354,259.2283,100.0,26613,0.264,41,0.78,0.0,0.03467622771859169,1109600,0.06,4.537919076886789,32.91805473947476,0.1033050159458071,32.91805473947476,138624,0.313372821547091,41.65806978940964,0.0003,0.01652535449829884,0.01195950774854282,-0.3171109508257359,0.08566420606803149,-140.4038004875183
11096,,259.2283,100.0,26613,,41,,,0.03467622771859169,1109600,0.06,,,,,,,,,,,,,
11100,0.16967045182763826,258.0543,100.0,26626,0.3,41,0.33,0.0,0.03467364236712456,1110400,0.07,4.711943738793826,32.91805473947476,0.10115059628151357,32.91805473947476,138688,0.31631931150332093,43.28965550661087,0.0003,0.016511013061972335,0.01180809431389207,0.13662093062885106,0.0864578252658248,-140.4878807067871
11104,,258.0543,100.0,26626,,41,,,0.03467364236712456,1110400,0.07,,,,,,,,,,,,,
11108,0.06795548839002874,257.3215,100.0,26650,0.291,41,0.12,0.0,0.034671567380428314,1111200,0.08,4.2965365361137655,32.91805473947476,0.09964146267157048,32.91805473947476,138816,0.3154502157121897,43.40353775024414,0.0003,0.0164713854319416,0.011581634076719638,-0.0707609944511205,0.08869423542637378,-140.6777913570404
11112,,257.3215,100.0,26650,,41,,,0.034671567380428314,1111200,0.08,,,,,,,,,,,,,
11116,0.016100752486767705,256.65887,100.0,26663,0.24599999999999997,41,0.06,0.0,0.034672703593969345,1112000,0.09,2.842506173872629,32.91805473947476,0.09933210792951286,32.91805473947476,138880,0.31275630788877606,40.11297860741615,0.0003,0.01649932368309237,0.011117703608761076,0.7728098812513053,0.0852859349688515,-140.63743472099304
11120,,256.65887,100.0,26663,,41,,,0.034672703593969345,1112000,0.09,,,,,,,,,,,,,
11124,0.13274273253334656,257.08572,100.0,26686,0.207,41,0.21,0.0,0.03466406837105751,1112800,0.09,3.949255372624306,32.91805473947476,0.10033649206161499,32.91805473947476,139008,0.316101070959121,43.34074515104294,0.0003,0.01653488553711213,0.012138689773564693,-0.6472178939729929,0.087723329779692,-140.1334764957428
11128,,257.08572,100.0,26686,,41,,,0.03466406837105751,1112800,0.09,,,,,,,,,,,,,
11132,0.10837165776435574,255.4502,100.0,26700,0.264,41,0.36,0.0,0.03465917333960533,1113600,0.09,4.5372397798357005,32.91805473947476,0.1010921117849648,32.91805473947476,139072,0.313954658806324,41.41451486945152,0.0003,0.016468267451273277,0.011310540772683453,-1.8503560633398592,0.0860035881632939,-140.3466100692749
11136,,255.4502,100.0,26700,,41,,,0.03465917333960533,1113600,0.09,,,,,,,,,,,,,
11140,0.19500999984313638,266.49622,100.0,26725,0.3,41,0.63,0.0,0.03465300798416138,1114400,0.13,2.26271644218441,32.91805473947476,0.0993810755899176,32.91805473947476,139200,0.31262449687346816,42.98380994796753,0.0003,0.016442616004496813,0.010986049695929978,-0.23321974743157625,0.08773193915840238,-140.20297980308533
11144,,266.49622,100.0,26725,,41,,,0.03465300798416138,1114400,0.13,,,,,,,,,,,,,
11148,0.0349290943777313,271.04346,100.0,26749,0.3,41,0.06,0.0,0.03464443236589432,1115200,0.14,3.49385141488047,32.91805473947476,0.09984959673602134,32.91805473947476,139328,0.3175869449041784,45.06575506925583,0.0003,0.016360927082132548,0.011850012015202083,-0.23719958565197885,0.08644230884965509,-141.03804779052734
11152,,271.04346,100.0,26749,,41,,,0.03464443236589432,1115200,0.14,,,,,,,,,,,,,
11156,0.0,268.33746,100.0,26762,0.3,41,0.0,0.0,0.03464359790086746,1116000,0.13,4.895075850524702,32.91805473947476,0.09975213115103543,32.91805473947476,139392,0.3176261531189084,45.837764263153076,0.0003,0.016330014332197607,0.01142548547431943,-0.31773107103072107,0.08803504647221416,-141.32959961891174
11160,,268.33746,100.0,26762,,41,,,0.03464359790086746,1116000,0.13,,,,,,,,,,,,,
11164,0.13771250709597704,271.02625,100.0,26784,0.3,41,0.36,0.0,0.03463209420442581,1116800,0.13,4.771833431453877,32.91805473947476,0.10012107819784433,32.91805473947476,139520,0.3163825827650726,43.6725352704525,0.0003,0.016330443060724065,0.012601488662767224,-1.4784988719038665,0.08558821224141866,-140.81323552131653
11168,,271.02625,100.0,26784,,41,,,0.03463209420442581,1116800,0.13,,,,,,,,,,,,,
11172,0.08334363370218895,271.72394,100.0,26798,0.3,41,0.24,0.0,0.0346318855881691,1117600,0.13,4.560193349362246,32.91805473947476,0.09863890951965004,32.91805473947476,139584,0.3140112832188606,41.757599264383316,0.0003,0.016261124634183943,0.013172457860491704,-1.0927929081954062,0.08678307465743273,-140.90034556388855
11176,,271.72394,100.0,26798,,41,,,0.0346318855881691,1117600,0.13,,,,,,,,,,,,,
11180,0.0,261.1385,100.0,26821,0.26099999999999995,41,0.0,0.0,0.03462367504835129,1118400,0.1,4.583472736217592,32.91805473947476,0.10264716041274369,32.91805473947476,139712,0.3190696812234819,43.22456395626068,0.0003,0.01618664665147662,0.013777162166661583,-0.5912967007607222,0.08643463801126927,-140.32320308685303
11184,,261.1385,100.0,26821,,41,,,0.03462367504835129,1118400,0.1,,,,,,,,,,,,,
11188,0.0,263.85312,100.0,26835,0.267,41,0.0,0.0,0.034625254571437836,1119200,0.1,4.0025712701411145,32.91805473947476,0.0992146220523864,32.91805473947476,139776,0.31474983040243387,42.28851020336151,0.0003,0.016208336601266637,0.011246524460148066,1.4793514041230083,0.08529573219129816,-141.04211950302124
11192,,263.85312,100.0,26835,,41,,,0.034625254571437836,1119200,0.1,,,,,,,,,,,,,
11196,0.4000685987448234,261.8092,100.0,26858,0.3,41,0.96,0.0,0.03462790325284004,1120000,0.11,4.167998475061933,32.91805473947476,0.10663656971883029,32.91805473947476,139904,0.3113953531719744,41.66720110177994,0.0003,0.016323124844348058,0.012681085165240802,-0.5521341911517084,0.08606588328257203,-140.77384638786316
11200,,261.8092,100.0,26858,,41,,,0.03462790325284004,1120000,0.11,,,,,,,,,,,,,
11204,0.4632384517814368,263.49353,100.0,26882,0.264,41,1.05,0.0,0.03462458401918411,1120800,0.11,4.548565155084646,32.259693644685264,0.10180246038362384,32.259693644685264,140032,0.3135425210930407,43.30153438448906,0.0003,0.016275918169412762,0.01201320621476043,-0.6473578811855987,0.08567386376671493,-141.02804040908813
11208,,263.49353,100.0,26882,,41,,,0.03462458401918411,1120800,0.11,,,,,,,,,,,,,
11212,0.21524039511598503,269.46942,100.0,26896,0.3,41,0.36,0.0,0.03461704030632973,1121600,0.12,3.4829009282103125,32.259693644685264,0.09950414986815304,32.259693644685264,140096,0.31096118316054344,42.66665279865265,0.0003,0.016229992819717154,0.012530285472166725,-1.2676326383370906,0.08716781169641763,-140.8573763370514
11216,,269.46942,100.0,26896,,41,,,0.03461704030632973,1121600,0.12,,,,,,,,,,,,,
11220,0.11492432611433755,272.80103,100.0,26919,0.3,41,0.39,0.0,0.03460456803441048,1122400,0.13,3.0337805155104753,32.259693644685264,0.0995387458242476,32.259693644685264,140224,0.3135026483796537,44.473642110824585,0.0003,0.016198866971535608,0.0118242114331224,-0.38476435700431466,0.08559447224251926,-140.97828221321106
11224,,272.80103,100.0,26919,,41,,,0.03460456803441048,1122400,0.13,,,,,,,,,,,,,
11228,0.0,273.2713,100.0,26934,0.26399999999999996,41,0.0,0.0,0.034599997103214264,1123200,0.14,3.9197274715676933,32.259693644685264,0.0986305526457727,32.259693644685264,140288,0.3092965460382402,44.78267079591751,0.0003,0.016175963275600225,0.010899921206146246,-0.3496667998842895,0.0860812027240172,-141.26885724067688
11232,,273.2713,100.0,26934,,41,,,0.034599997103214264,1123200,0.14,,,,,,,,,,,,,
11236,0.1399656989207672,264.19528,100.0,26956,0.3,41,0.3,0.0,0.03459382802248001,1124000,0.12,4.220563155158003,32.259693644685264,0.09899978607427329,32.259693644685264,140416,0.31246122997254133,45.30829727649689,0.0003,0.01611045957542956,0.013162664225092158,0.12159382831305265,0.08596306282561272,-141.07994318008423
11240,,264.19528,100.0,26956,,41,,,0.03459382802248001,1124000,0.12,,,,,,,,,,,,,
11244,0.0,262.82794,100.0,26971,0.3,41,0.0,0.0,0.03459148481488228,1124800,0.12,3.51672827170097,32.259693644685264,0.09916917013470083,32.259693644685264,140480,0.31485689617693424,45.10294961929321,0.0003,0.016094539547339082,0.011977214708167594,-0.08562473114579916,0.08775064907968044,-141.18670082092285
11248,,262.82794,100.0,26971,,41,,,0.03459148481488228,1124800,0.12,,,,,,,,,,,,,
11252,0.024768509982128543,268.28818,100.0,26993,0.3,41,0.06,0.0,0.03458119183778763,1125600,0.13,4.165456754596635,32.259693644685264,0.0990221390966326,32.259693644685264,140608,0.30966332321986556,46.45147371292114,0.0003,0.016084020404377952,0.012405497858708259,-0.6926435411442071,0.08430905675049871,-141.13526344299316
11256,,268.28818,100.0,26993,,41,,,0.03458119183778763,1125600,0.13,,,,,,,,,,,,,
11260,0.08902686844907372,271.39783,100.0,27007,0.3,41,0.36,0.0,0.03457868844270706,1126400,0.14,4.173618586349487,32.259693644685264,0.0988471704768017,32.259693644685264,140672,0.31210519187152386,42.5162633061409,0.0003,0.01608672138536349,0.011995835731795523,0.3877032124437392,0.08571638620924205,-141.25836896896362
11264,,271.39783,100.0,27007,,41,,,0.03457868844270706,1126400,0.14,,,,,,,,,,,,,
11268,0.1,274.57748,100.0,27030,0.3,41,0.15,0.0,0.03456922993063927,1127200,0.15,4.26547428005131,32.259693644685264,0.09784641501028091,32.259693644685264,140800,0.31329712457954884,42.71658882498741,0.0003,0.01615311249042861,0.010967219113808824,-1.7793387472629547,0.0866248665843159,-141.48759007453918
11272,,274.57748,100.0,27030,,41,,,0.03456922993063927,1127200,0.15,,,,,,,,,,,,,
11276,0.0463226166731664,278.0006,100.0,27053,0.3,41,0.18,0.0,0.034555938094854355,1128000,0.16,4.063030021215156,32.259693644685264,0.10011514334473759,32.259693644685264,140928,0.3141037649475038,45.301941096782684,0.0003,0.016073372098617256,0.010820383657119237,-0.35685778805054724,0.08513225894421339,-141.62338089942932
11280,,278.0006,100.0,27053,,41,,,0.034555938094854355,1128000,0.16,,,,,,,,,,,,,
11284,0.11997617224332416,283.9595,100.0,27067,0.26099999999999995,41,0.42,0.0,0.034556902945041656,1128800,0.17,3.906918499388053,32.259693644685264,0.09676071477588266,32.259693644685264,140992,0.3090579607523978,43.27100583910942,0.0003,0.016106847149785608,0.011851175062474795,2.177344756666571,0.08383940672501922,-141.4474287033081
11288,,283.9595,100.0,27067,,41,,,0.034556902945041656,1128800,0.17,,,,,,,,,,,,,
11292,0.1626105416670322,282.0318,100.0,27091,0.3,41,0.36,0.0,0.03455441817641258,1129600,0.15,4.994547029901924,32.259693644685264,0.09764585713855922,32.259693644685264,141120,0.3115756302140653,42.558506548404694,0.0003,0.01630297049996443,0.011577768236747943,1.5852463457267731,0.0861578700132668,-141.19027280807495
11296,,282.0318,100.0,27091,,41,,,0.03455441817641258,1129600,0.15,,,,,,,,,,,,,
11300,0.03345293938582876,280.7611,100.0,27105,0.3,41,0.15,0.0,0.03455011174082756,1130400,0.14,4.922472261082259,32.259693644685264,0.09872048499528319,32.259693644685264,141184,0.30974291637539864,44.485889345407486,0.0003,0.016354369814507663,0.01202575613569934,0.3394388472661376,0.0849958969047293,-141.4308340549469
11304,,280.7611,100.0,27105,,41,,,0.03455011174082756,1130400,0.14,,,,,,,,,,,,,
11308,0.0,280.17053,100.0,27128,0.3,41,0.0,0.0,0.03454960882663727,1131200,0.15,4.030484961889652,32.259693644685264,0.09778121020644903,32.259693644685264,141312,0.3111615367233753,45.30379939079285,0.0003,0.016440209205029532,0.011248364440689329,1.3324433416128159,0.08675860019866377,-141.66838955879211
11312,,280.17053,100.0,27128,,41,,,0.03454960882663727,1131200,0.15,,,,,,,,,,,,,
11316,0.0961214536327399,276.1007,100.0,27141,0.264,41,0.36,0.0,0.03455011546611786,1132000,0.13,4.144320482471544,32.259693644685264,0.09819940978195518,32.259693644685264,141376,0.3124407543800771,41.60003113746643,0.0003,0.016492493596160784,0.01026317905052565,0.10865472676232457,0.08385486737824976,-141.7367901802063
11320,,276.1007,100.0,27141,,41,,,0.03455011546611786,1132000,0.13,,,,,,,,,,,,,
11324,0.1153761232296896,273.99048,100.0,27165,0.3,41,0.42,0.0,0.03454137593507767,1132800,0.1,4.880626508268623,32.259693644685264,0.09753902186639607,32.259693644685264,141504,0.31064485386013985,44.486235439777374,0.0003,0.016513154230779037,0.011254993980401196,-0.5346421469002962,0.08272337098605931,-141.01384973526
11328,,273.99048,100.0,27165,,41,,,0.03454137593507767,1132800,0.1,,,,,,,,,,,,,
11332,0.2047044191963613,276.54495,100.0,27189,0.3,41,0.66,0.0,0.03454471379518509,1133600,0.1,4.0064739734536525,32.259693644685264,0.09617517597507685,32.259693644685264,141632,0.31084239948540926,45.0729004740715,0.0003,0.016564983467105776,0.012217801537190098,1.3817719533108175,0.08500637410907075,-140.87595105171204
11336,,276.54495,100.0,27189,,41,,,0.03454471379518509,1133600,0.1,,,,,,,,,,,,,
11340,0.3225619123365667,279.4179,100.0,27203,0.29699999999999993,41,0.84,0.0,0.034547582268714905,1134400,0.1,4.367150477525606,32.259693644685264,0.09574259619694203,32.259693644685264,141696,0.3096019537188113,44.417761981487274,0.0003,0.016621508257230744,0.012642665671592113,1.0605342687340453,0.08573406504001468,-140.7259967327118
11344,,279.4179,100.0,27203,,41,,,0.034547582268714905,1134400,0.1,,,,,,,,,,,,,
11348,0.0,275.9837,100.0,27226,0.3,41,0.0,0.0,0.03454722836613655,1135200,0.09,4.694360756095154,32.259693644685264,0.09628589125350118,32.259693644685264,141824,0.3116916003637016,46.20714843273163,0.0003,0.016688191215507686,0.011388707556761801,2.586405370151624,0.0876324261771515,-140.85045838356018
11352,,275.9837,100.0,27226,,41,,,0.03454722836613655,1135200,0.09,,,,,,,,,,,,,
11356,0.4469566809314726,277.90466,100.0,27240,0.26099999999999995,41,1.14,0.0,0.03454717993736267,1136000,0.09,4.428918581404216,32.259693644685264,0.09471943811513484,32.259693644685264,141888,0.3089529862627387,45.747100472450256,0.0003,0.016799478500615805,0.011852722331241239,1.9231773227220401,0.08843495999462903,-141.35214114189148
11360,,277.90466,100.0,27240,,41,,,0.03454717993736267,1136000,0.09,,,,,,,,,,,,,
11364,0.2430318328803183,271.147,100.0,27262,0.25499999999999995,41,0.42,0.0,0.03454475477337837,1136800,0.07,4.571237685089112,32.259693644685264,0.09686335013248026,32.259693644685264,142016,0.3108721929602325,45.42219656705856,0.0003,0.016929013800108805,0.01425817303970689,0.5615286016836762,0.08721268619410694,-140.55461430549622
11368,,271.147,100.0,27262,,41,,,0.03454475477337837,1136800,0.07,,,,,,,,,,,,,
11372,0.15992338994859887,271.87955,100.0,27276,0.25199999999999995,41,0.51,0.0,0.03454390913248062,1137600,0.07,4.507010180555773,32.259693644685264,0.09531721426174045,32.259693644685264,142080,0.3125580991618335,46.445671051740646,0.0003,0.01692968135466799,0.011388242994144093,1.0990071510896087,0.08667598990723491,-141.28182291984558
11376,,271.87955,100.0,27276,,41,,,0.03454390913248062,1137600,0.07,,,,,,,,,,,,,
11380,0.26639408520341623,273.34677,100.0,27300,0.27599999999999997,41,0.57,0.0,0.03454010561108589,1138400,0.06,3.7432035066964273,32.259693644685264,0.09563434054143727,32.259693644685264,142208,0.3083359724842012,47.20507109165192,0.0003,0.017066216183593497,0.012030401718220674,0.28237281274050474,0.08735582779627293,-141.59775018692017
11384,,273.34677,100.0,27300,,41,,,0.03454010561108589,1138400,0.06,,,,,,,,,,,,,
11388,0.0,269.18152,100.0,27313,0.26099999999999995,41,0.0,0.0,0.03454689681529999,1139200,0.06,4.59845755651481,32.259693644685264,0.0960746284108609,32.259693644685264,142272,0.30525925755500793,46.14067220687866,0.0003,0.017121223296271637,0.013295759956235997,2.2935913063120097,0.08949141285847872,-141.45715880393982
11392,,269.18152,100.0,27313,,41,,,0.03454689681529999,1139200,0.06,,,,,,,,,,,,,
11396,0.1280751689581904,266.9658,100.0,27336,0.25799999999999995,41,0.36,0.0,0.0345441997051239,1140000,0.06,4.2688088056350395,32.259693644685264,0.09558993123937398,32.259693644685264,142400,0.30871942127123475,43.47998523712158,0.0003,0.017189813748700544,0.011463230664958246,-0.6031144682783633,0.08660594187676907,-141.09043145179749
11400,,266.9658,100.0,27336,,41,,,0.0345441997051239,1140000,0.06,,,,,,,,,,,,,
11404,0.13200084535934717,264.49884,100.0,27358,0.264,41,0.36,0.0,0.034553349018096924,1140800,0.05,4.553956939956424,31.61449977179156,0.09633825870696455,31.61449977179156,142528,0.31202848395332694,42.88761883974075,0.0003,0.017218858673004434,0.01089634374511661,1.6892559449188411,0.08817580190952867,-140.88121819496155
11408,,264.49884,100.0,27358,,41,,,0.034553349018096924,1140800,0.05,,,,,,,,,,,,,
11412,0.1006349948998577,265.72546,100.0,27372,0.29699999999999993,41,0.3,0.0,0.034553106874227524,1141600,0.06,3.9055041224832667,31.61449977179156,0.09848330484237522,31.61449977179156,142592,0.3094378625974059,47.42822915315628,0.0003,0.017260978667763993,0.012068449337675702,-0.39693401381373405,0.08897882956080139,-141.11070275306702
11416,,265.72546,100.0,27372,,41,,,0.034553106874227524,1141600,0.06,,,,,,,,,,,,,
11420,0.24853841522729841,264.5557,100.0,27395,0.3,41,0.66,0.0,0.03455889970064163,1142400,0.05,4.900908458332279,31.61449977179156,0.0980268563143909,31.61449977179156,142720,0.3091501323506236,44.18455582857132,0.0003,0.017169069207739085,0.011722585317329504,-0.6376545005477965,0.08812749380012974,-140.64775681495667
11424,,264.5557,100.0,27395,,41,,,0.03455889970064163,1142400,0.05,,,,,,,,,,,,,
11428,0.09349649430526269,262.54218,100.0,27409,0.26099999999999995,41,0.15,0.0,0.03455531597137451,1143200,0.05,4.048213036505441,31.61449977179156,0.096954460372217,31.61449977179156,142784,0.30854221107438207,46.06292235851288,0.0003,0.017148151906440035,0.011624674989434425,0.04396913340315223,0.08792483387514949,-141.22382998466492
11432,,262.54218,100.0,27409,,41,,,0.03455531597137451,1143200,0.05,,,,,,,,,,,,,
11436,0.05694933093224058,259.80246,100.0,27433,0.255,41,0.09,0.0,0.034559596329927444,1144000,0.05,4.052424580917411,31.61449977179156,0.10191474435850978,31.61449977179156,142912,0.3114786008372903,45.31938233971596,0.0003,0.01715953284292482,0.012678367631451692,0.23584315064363182,0.09001995238941163,-141.16420650482178
11440,,259.80246,100.0,27433,,41,,,0.034559596329927444,1144000,0.05,,,,,,,,,,,,,
11444,0.14444938343317115,255.1211,100.0,27446,0.22799999999999998,41,0.42,0.0,0.03455927595496178,1144800,0.05,4.3343071652710305,31.61449977179156,0.09857083589304239,31.61449977179156,142976,0.3114763116464019,45.11678275465965,0.0003,0.017169614642625675,0.010922368288447615,-0.6550218833144754,0.08712072775233537,-140.54160356521606
11448,,255.1211,100.0,27446,,41,,,0.03455927595496178,1144800,0.05,,,,,,,,,,,,,
11452,0.2815188378196919,254.8082,100.0,27469,0.3,41,0.72,0.0,0.034549303352832794,1145600,0.05,4.549830370664841,31.61449977179156,0.09773761127144098,31.61449977179156,143104,0.3106911494396627,42.11686581373215,0.0003,0.017124022910138592,0.010794199704832863,0.10709442058578134,0.0887494299095124,-140.74119901657104
11456,,254.8082,100.0,27469,,41,,,0.034549303352832794,1145600,0.05,,,,,,,,,,,,,
11460,0.02046060312286767,250.02533,100.0,27493,0.22499999999999998,41,0.06,0.0,0.034548696130514145,1146400,0.04,4.562848344987976,31.61449977179156,0.10111995926126838,31.61449977179156,143232,0.31418376695364714,47.95583760738373,0.0003,0.017144545854534954,0.011917915886442643,-0.9207681911066175,0.090786746237427,-140.57890486717224
11464,,250.02533,100.0,27493,,41,,,0.034548696130514145,1146400,0.04,,,,,,,,,,,,,
11468,0.20019415048630304,248.98717,100.0,27506,0.26099999999999995,41,0.39,0.0,0.03454989194869995,1147200,0.05,3.2408937909565765,31.61449977179156,0.10156513645779341,31.61449977179156,143296,0.3147336901165545,44.906046748161316,0.0003,0.017096618423238397,0.012464746869227383,-0.0350336330011487,0.0900004297727719,-140.2180905342102
11472,,248.98717,100.0,27506,,41,,,0.03454989194869995,1147200,0.05,,,,,,,,,,,,,
11476,0.010213579340500142,244.44055,100.0,27530,0.207,41,0.03,0.0,0.03453776240348816,1148000,0.05,4.395523372583637,31.61449977179156,0.10138878948055208,31.61449977179156,143424,0.3184399181045592,45.265763998031616,0.0003,0.01703335650381632,0.010635050755809061,-1.6698145172558725,0.09147297323215753,-140.27509880065918
11480,,244.44055,100.0,27530,,41,,,0.03453776240348816,1148000,0.05,,,,,,,,,,,,,
11484,0.023195437461812022,241.61037,100.0,27544,0.3,41,0.09,0.0,0.03453144431114197,1148800,0.05,4.023343324906546,31.61449977179156,0.10247979208361357,31.61449977179156,143488,0.3143757856450975,44.92881605029106,0.0003,0.016959399014012888,0.013280279250466265,-0.837055477546528,0.08858946117106825,-140.16672897338867
11488,,241.61037,100.0,27544,,41,,,0.03453144431114197,1148800,0.05,,,,,,,,,,,,,
11492,0.3996405007800599,247.32008,100.0,27567,0.249,41,0.75,0.0,0.03452349826693535,1149600,0.07,3.261923881183144,31.61449977179156,0.099059242522344,31.61449977179156,143616,0.31471892027184367,48.44535917043686,0.0003,0.016941479465458542,0.012637293453735765,-1.5644611166790128,0.09097453288268298,-140.41261553764343
11496,,247.32008,100.0,27567,,41,,,0.03452349826693535,1149600,0.07,,,,,,,,,,,,,
11500,0.0,247.92255,100.0,27580,0.3,41,0.0,0.0,0.034524206072092056,1150400,0.08,3.7269142957509134,31.61449977179156,0.09937286132480949,31.61449977179156,143680,0.3166871531866491,43.57488393783569,0.0003,0.016892209503566846,0.012095991180103738,-0.2051867675036192,0.08906263043172657,-140.4325077533722
11504,,247.92255,100.0,27580,,41,,,0.034524206072092056,1150400,0.08,,,,,,,,,,,,,
11508,0.21998372015025042,250.27281,100.0,27603,0.3,41,0.63,0.0,0.03451058641076088,1151200,0.08,5.191803079168048,31.61449977179156,0.10296637681312859,31.61449977179156,143808,0.3135257260873914,43.1485909819603,0.0003,0.01679093748680316,0.013007796420424711,-1.2271332563832402,0.0910858849529177,-140.77545404434204
11512,,250.27281,100.0,27603,,41,,,0.03451058641076088,1151200,0.08,,,,,,,,,,,,,
11516,0.0843462159338438,247.08652,100.0,27616,0.3,41,0.15,0.0,0.034512318670749664,1152000,0.09,3.6814604008120515,31.61449977179156,0.10093669325578958,31.61449977179156,143872,0.3138737175613642,47.2418891787529,0.0003,0.016756547789555043,0.012128514914365951,0.5949176631402224,0.08916057401802391,-140.84833693504333
11520,,247.08652,100.0,27616,,41,,,0.034512318670749664,1152000,0.09,,,,,,,,,,,,,
11524,0.02,242.80008,100.0,27639,0.26099999999999995,41,0.03,0.0,0.034501686692237854,1152800,0.08,3.9719843450156413,31.61449977179156,0.10129058780148625,31.61449977179156,144000,0.31293499609455466,43.52219766378403,0.0003,0.016769833106081933,0.012427086301613599,-1.2702831896021962,0.09025176987051964,-141.0379981994629
11528,,242.80008,100.0,27639,,41,,,0.034501686692237854,1152800,0.08,,,,,,,,,,,,,
11532,0.04383925677118583,243.04611,100.0,27663,0.264,41,0.12,0.0,0.034504957497119904,1153600,0.08,4.417536088529354,31.61449977179156,0.10141662345267832,31.61449977179156,144128,0.3152080378495157,42.19924309849739,0.0003,0.016712491225916892,0.011353964750014711,0.47799386363476515,0.08913165610283613,-140.23782587051392
11536,,243.04611,100.0,27663,,41,,,0.034504957497119904,1153600,0.08,,,,,,,,,,,,,
11540,0.162692836496427,246.38646,100.0,27677,0.25799999999999995,41,0.39,0.0,0.03450038656592369,1154400,0.09,3.2154320637477998,31.61449977179156,0.10021156829316169,31.61449977179156,144192,0.3177026156336069,45.25194865465164,0.0003,0.01668983473791741,0.012327633485256229,-1.1657931883819401,0.08961809182073921,-140.74427580833435
11544,,246.38646,100.0,27677,,41,,,0.03450038656592369,1154400,0.09,,,,,,,,,,,,,
11548,0.16209934413197127,247.65613,100.0,27699,0.3,41,0.48,0.0,0.03449367731809616,1155200,0.11,3.627995265480757,31.61449977179156,0.09940122778061777,31.61449977179156,144320,0.3139125076122582,44.88340690732002,0.0003,0.01661127680563368,0.012866048513387796,-0.3106833449564874,0.09112765756435692,-140.42692732810974
11552,,247.65613,100.0,27699,,41,,,0.03449367731809616,1155200,0.11,,,,,,,,,,,,,
11556,0.11916279534254674,250.90631,100.0,27713,0.3,41,0.27,0.0,0.034488823264837265,1156000,0.13,3.7223111906979263,31.61449977179156,0.09948694903869182,31.61449977179156,144384,0.31370956962928176,44.6305211186409,0.0003,0.016596478671999648,0.011073750116338488,-0.7121499488130212,0.08993056998588145,-140.17604565620422
11560,,250.90631,100.0,27713,,41,,,0.034488823264837265,1156000,0.13,,,,,,,,,,,,,
11564,0.0,255.19254,100.0,27736,0.26699999999999996,41,0.0,0.0,0.03447636961936951,1156800,0.13,4.425608294350288,31.61449977179156,0.10264465806540102,31.61449977179156,144512,0.3173412010073662,45.81066608428955,0.0003,0.0165522335737478,0.011462330498034135,-0.21889484371058643,0.09015721431933343,-140.68803596496582
11568,,255.19254,100.0,27736,,41,,,0.03447636961936951,1156800,0.13,,,,,,,,,,,,,
11572,0.049121697045226585,260.04968,100.0,27748,0.26099999999999995,41,0.21,0.0,0.03447640314698219,1157600,0.14,3.4964394823625162,31.61449977179156,0.1005898998118937,31.61449977179156,144576,0.3173590963706374,44.9801621735096,0.0003,0.01654332270845771,0.011419563328672666,-0.20577919576317072,0.09108371764887124,-140.67593502998352
11576,,260.04968,100.0,27748,,41,,,0.03447640314698219,1157600,0.14,,,,,,,,,,,,,
11580,0.06470293561652692,260.0794,100.0,27771,0.26099999999999995,41,0.21,0.0,0.03446834161877632,1158400,0.14,4.58238995660931,31.61449977179156,0.10014420398510993,31.61449977179156,144704,0.31940755108371377,46.78231027722359,0.0003,0.016561845724936575,0.012213723501190543,-0.8341251807287335,0.09139544412028044,-140.65041661262512
11584,,260.0794,100.0,27771,,41,,,0.03446834161877632,1158400,0.14,,,,,,,,,,,,,
11588,0.3275483207933874,260.1908,100.0,27795,0.3,41,0.75,0.0,0.03446125239133835,1159200,0.13,4.846978581329266,31.61449977179156,0.09911573131103069,31.61449977179156,144832,0.3156748912297189,41.82109618186951,0.0003,0.016551149426959455,0.013545609450375196,-0.03761535324156284,0.09074041177518666,-140.25102305412292
11592,,260.1908,100.0,27795,,41,,,0.03446125239133835,1159200,0.13,,,,,,,,,,,,,
11596,0.059032276196042274,258.29446,100.0,27809,0.3,41,0.18,0.0,0.03445560485124588,1160000,0.12,3.8178682483845376,31.61449977179156,0.10030321532394737,31.61449977179156,144896,0.3128442084416747,42.36790609359741,0.0003,0.016546242841286585,0.013197851123550208,1.0688890144228935,0.09016791929025203,-140.36053490638733
11600,,258.29446,100.0,27809,,41,,,0.03445560485124588,1160000,0.12,,,,,,,,,,,,,
11604,0.2707971246314987,260.33466,100.0,27832,0.3,41,0.54,0.0,0.03444642573595047,1160800,0.12,3.8101012810191888,30.98220977635573,0.09856468602083623,30.98220977635573,145024,0.31233422877267003,45.3036043047905,0.0003,0.01662016482441686,0.01238896945869783,-0.009907795116305351,0.09146691532805562,-140.05622744560242
11608,,260.33466,100.0,27832,,41,,,0.03444642573595047,1160800,0.12,,,,,,,,,,,,,
11612,0.13784049820204988,259.50632,100.0,27846,0.3,41,0.36,0.0,0.034443244338035583,1161600,0.1,4.797874985426757,30.98220977635573,0.10023740900214761,30.98220977635573,145088,0.31451587937772274,44.4604826271534,0.0003,0.016626535507384688,0.013237177903647535,0.07243156153708696,0.08971661725081503,-140.47404193878174
11616,,259.50632,100.0,27846,,41,,,0.034443244338035583,1161600,0.1,,,,,,,,,,,,,
11620,0.25670687401137715,259.95364,100.0,27868,0.3,41,0.66,0.0,0.03444080054759979,1162400,0.1,4.700107700958934,30.98220977635573,0.09895758610218763,30.98220977635573,145216,0.31074807792901993,46.171150743961334,0.0003,0.016736442921683192,0.012038498527545016,2.1382009205408394,0.08949713443871588,-141.1444013118744
11624,,259.95364,100.0,27868,,41,,,0.03444080054759979,1162400,0.1,,,,,,,,,,,,,
11628,0.18439212338386785,263.07178,100.0,27882,0.288,41,0.48,0.0,0.03442736715078354,1163200,0.1,4.689266659689526,30.98220977635573,0.10005195799749345,30.98220977635573,145280,0.31347298296168447,47.12123382091522,0.0003,0.01678839579108171,0.011558981561393011,0.3883218851406127,0.08864938328042626,-140.50905418395996
11632,,263.07178,100.0,27882,,41,,,0.03442736715078354,1163200,0.1,,,,,,,,,,,,,
11636,0.07562871502022195,259.31976,100.0,27905,0.18599999999999997,41,0.24,0.0,0.03442277014255524,1164000,0.1,3.5802885644744777,30.98220977635573,0.10205796826630831,30.98220977635573,145408,0.311276379507035,47.47709137201309,0.0003,0.017006845475407317,0.013341539161046967,3.8751747249625623,0.08853451116010547,-140.47499680519104
11640,,259.31976,100.0,27905,,41,,,0.03442277014255524,1164000,0.1,,,,,,,,,,,,,
11644,0.03117565757484715,261.29242,100.0,27918,0.288,41,0.09,0.0,0.03442155569791794,1164800,0.1,3.9695202727658354,30.98220977635573,0.10166093334555626,30.98220977635573,145472,0.3148588454350829,47.61512762308121,0.0003,0.017163283191621304,0.013430095292278565,1.0517588192597032,0.08911824610549957,-140.4850001335144
11648,,261.29242,100.0,27918,,41,,,0.03442155569791794,1164800,0.1,,,,,,,,,,,,,
11652,0.028667036073624707,254.7675,100.0,27941,0.26099999999999995,41,0.09,0.0,0.034403108060359955,1165600,0.07,4.550732593407279,30.98220977635573,0.10436202900018543,30.98220977635573,145600,0.3162945983931422,44.90688490867615,0.0003,0.0173025396943558,0.013902615508413874,4.041052667889744,0.0886388405924663,-140.41730856895447
11656,,254.7675,100.0,27941,,41,,,0.034403108060359955,1165600,0.07,,,,,,,,,,,,,
11660,0.0,254.16309,100.0,27964,0.285,41,0.0,0.0,0.03439979627728462,1166400,0.07,3.649138901454228,30.98220977635573,0.1037286288337782,30.98220977635573,145728,0.31468618800863624,45.18193259835243,0.0003,0.017592151532880962,0.013524850364774466,0.7970375828444958,0.09065887227188796,-140.59702491760254
11664,,254.16309,100.0,27964,,41,,,0.03439979627728462,1166400,0.07,,,,,,,,,,,,,
11668,0.0,250.59113,100.0,27978,0.267,41,0.0,0.0,0.03439703956246376,1167200,0.06,4.479912677669588,30.98220977635573,0.10266808036249131,30.98220977635573,145792,0.31517268856987357,43.69749137759209,0.0003,0.017668879532720894,0.01327013239642838,2.2350019968580455,0.08819250611122698,-140.2738425731659
11672,,250.59113,100.0,27978,,41,,,0.03439703956246376,1167200,0.06,,,,,,,,,,,,,
11676,0.12692098561003054,251.68422,100.0,28001,0.23099999999999998,41,0.36,0.0,0.03438413143157959,1168000,0.06,3.672111700648679,30.98220977635573,0.10131208330858499,30.98220977635573,145920,0.31681200256571174,45.19223865866661,0.0003,0.017862207838334143,0.012050481767801102,-0.20927703590132296,0.0909147264319472,-140.20455288887024
11680,,251.68422,100.0,28001,,41,,,0.03438413143157959,1168000,0.06,,,,,,,,,,,,,
11684,0.30992196679456163,253.11012,100.0,28015,0.294,41,0.75,0.0,0.03438233211636543,1168800,0.06,4.427414555589755,30.98220977635573,0.10033547435887158,30.98220977635573,145984,0.31530749797821045,44.51698887348175,0.0003,0.017910552327521145,0.01210643925878685,1.5676560825668275,0.08916362305171788,-140.73180150985718
11688,,253.11012,100.0,28015,,41,,,0.03438233211636543,1168800,0.06,,,,,,,,,,,,,
11692,0.2429205411665797,250.61674,100.0,28038,0.3,41,0.57,0.0,0.03437650203704834,1169600,0.06,4.7364608716763605,30.98220977635573,0.10324410069733858,30.98220977635573,146112,0.3155090482905507,46.16217064857483,0.0003,0.018012237851507962,0.01290571829304099,0.884007868822664,0.09091100143268704,-140.1528730392456
11696,,250.61674,100.0,28038,,41,,,0.03437650203704834,1169600,0.06,,,,,,,,,,,,,
11700,0.17501172964947784,242.2563,100.0,28051,0.26399999999999996,41,0.36,0.0,0.03437478467822075,1170400,0.04,3.9089622810915667,30.98220977635573,0.10298712714575231,30.98220977635573,146176,0.31701091630384326,44.858182072639465,0.0003,0.0180541921290569,0.0111500252969563,0.5442797574214637,0.089645761763677,-140.3820149898529
11704,,242.2563,100.0,28051,,41,,,0.03437478467822075,1170400,0.04,,,,,,,,,,,,,
11708,0.0,239.73878,100.0,28074,0.3,41,0.0,0.0,0.03436925634741783,1171200,0.04,4.538568755980112,30.98220977635573,0.10180117795243859,30.98220977635573,146304,0.3149395356886089,45.02162364125252,0.0003,0.018140202766517177,0.011451835336629301,0.5734985428862274,0.08942066587042063,-139.80535697937012
11712,,239.73878,100.0,28074,,41,,,0.03436925634741783,1171200,0.04,,,,,,,,,,,,,
11716,0.44190677862321914,241.3713,100.0,28097,0.3,41,0.99,0.0,0.03436385095119476,1172000,0.05,4.497421486948256,30.98220977635573,0.10325284709688276,30.98220977635573,146432,0.3205822850577533,50.39063203334808,0.0003,0.018099794018780813,0.012159941376012284,0.09776795469224453,0.09057209629099816,-139.56790328025818
11720,,241.3713,100.0,28097,,41,,,0.03436385095119476,1172000,0.05,,,,,,,,,,,,,
11724,0.1689504591201898,240.72977,100.0,28111,0.285,41,0.33,0.0,0.03435967490077019,1172800,0.06,3.8924625570057243,30.98220977635573,0.10337293811608106,30.98220977635573,146496,0.3186716418713331,51.95961797237396,0.0003,0.018104831804521382,0.013580194434325676,0.42096516117453575,0.09161829180084169,-139.5607738494873
11728,,240.72977,100.0,28111,,41,,,0.03435967490077019,1172800,0.06,,,,,,,,,,,,,
11732,0.07780291058396599,240.95935,100.0,28134,0.288,41,0.21,0.0,0.03434925153851509,1173600,0.05,5.02023267959733,30.98220977635573,0.1033541940851137,30.98220977635573,146624,0.31661541387438774,44.33891662955284,0.0003,0.01811421918682754,0.011911045396118425,0.3710570544935763,0.08995329274330288,-138.8417718410492
11736,,240.95935,100.0,28134,,41,,,0.03434925153851509,1173600,0.05,,,,,,,,,,,,,
11740,0.0,247.52531,100.0,28148,0.3,41,0.0,0.0,0.0343470573425293,1174400,0.06,3.796621128289242,30.98220977635573,0.10286941344384104,30.98220977635573,146688,0.3169533358886838,49.523675322532654,0.0003,0.01815792065463029,0.012479184966650791,0.3647432739380747,0.09152827900834382,-139.0237102508545
11744,,247.52531,100.0,28148,,41,,,0.0343470573425293,1174400,0.06,,,,,,,,,,,,,
11748,0.19498874869308158,252.40044,100.0,28171,0.24599999999999997,41,0.42,0.0,0.0343460887670517,1175200,0.05,4.556554778928983,30.98220977635573,0.10245347092859447,30.98220977635573,146816,0.31631669076159596,44.19557201862335,0.0003,0.018198878038674593,0.01279152565257391,1.338280080119148,0.09022934641689062,-139.65345430374146
11752,,252.40044,100.0,28171,,41,,,0.0343460887670517,1175200,0.05,,,,,,,,,,,,,
11756,0.09546389371065984,261.77322,100.0,28186,0.3,41,0.18,0.0,0.03434241563081741,1176000,0.08,3.14749368352294,30.98220977635573,0.10033432894852012,30.98220977635573,146880,0.31700169714167714,46.63057607412338,0.0003,0.01824323509936221,0.01323871772910934,0.2051457839552313,0.08971793111413717,-139.40500736236572
11760,,261.77322,100.0,28186,,41,,,0.03434241563081741,1176000,0.08,,,,,,,,,,,,,
11764,0.055730222808005825,263.04648,100.0,28209,0.29699999999999993,41,0.18,0.0,0.03433956950902939,1176800,0.09,3.7527194460208437,30.98220977635573,0.10351351008284837,30.98220977635573,147008,0.3184778681024909,49.98570281267166,0.0003,0.01833593807532452,0.013720755210670177,1.2714849825715646,0.09103475231677294,-139.02397513389587
11768,,263.04648,100.0,28209,,41,,,0.03433956950902939,1176800,0.09,,,,,,,,,,,,,
11772,0.007336557848929968,261.11603,100.0,28223,0.26099999999999995,41,0.03,0.0,0.03433471545577049,1177600,0.08,4.142707496598284,30.98220977635573,0.10066495765931904,30.98220977635573,147072,0.3172577051445842,51.161045610904694,0.0003,0.018406001036055386,0.012608862787601538,0.5254102256149054,0.08954101090785116,-139.99644565582275
11776,,261.11603,100.0,28223,,41,,,0.03433471545577049,1177600,0.08,,,,,,,,,,,,,
11780,0.2716207429221313,266.20184,100.0,28246,0.294,41,0.48,0.0,0.034334372729063034,1178400,0.09,3.612418290907058,30.98220977635573,0.10382797894999385,30.98220977635573,147200,0.3201153287664056,46.617124140262604,0.0003,0.018550793174654245,0.012551498191896826,2.185035648755729,0.09114899311680347,-139.80796813964844
11784,,266.20184,100.0,28246,,41,,,0.034334372729063034,1178400,0.09,,,,,,,,,,,,,
11788,0.02,272.47812,100.0,28269,0.3,41,0.03,0.0,0.03433678671717644,1179200,0.12,3.1328843975404363,30.98220977635573,0.10296313604339957,30.98220977635573,147328,0.31779663311317563,50.290731728076935,0.0003,0.018779082893161103,0.013779779379547108,1.58052675309591,0.0902971011819318,-139.72434878349304
11792,,272.47812,100.0,28269,,41,,,0.03433678671717644,1179200,0.12,,,,,,,,,,,,,
11796,0.0,278.0324,100.0,28282,0.3,41,0.0,0.0,0.03433113545179367,1180000,0.13,4.0441169299520405,30.98220977635573,0.10200407775118947,30.98220977635573,147392,0.3166406233794987,50.16325134038925,0.0003,0.01883291034027934,0.01131538426852785,0.36893924907781184,0.0898996718460694,-140.08475136756897
11800,,278.0324,100.0,28282,,41,,,0.03433113545179367,1180000,0.13,,,,,,,,,,,,,
11804,0.31856644586187355,283.37366,100.0,28307,0.3,41,0.72,0.0,0.03432878851890564,1180800,0.15,4.070711673547382,30.362565580828615,0.101489995024167,30.362565580828615,147520,0.31690975837409496,46.61352103948593,0.0003,0.018961229361593723,0.011285738393780775,0.91914963722229,0.08942608267534524,-140.17065620422363
11808,,283.37366,100.0,28307,,41,,,0.03432878851890564,1180800,0.15,,,,,,,,,,,,,
11812,0.059289862859026876,282.40796,100.0,28320,0.27899999999999997,41,0.24,0.0,0.03432425856590271,1181600,0.15,3.6665982340338727,30.362565580828615,0.10057651461102068,30.362565580828615,147584,0.3194295852445066,46.17853993177414,0.0003,0.01898428553249687,0.01126457798818592,0.05737333605065942,0.08887903101276606,-140.17358565330505
11816,,282.40796,100.0,28320,,41,,,0.03432425856590271,1181600,0.15,,,,,,,,,,,,,
11820,0.1721031420366684,285.02002,100.0,28342,0.3,41,0.3,0.0,0.03432460129261017,1182400,0.15,4.677395552430661,30.362565580828615,0.10291888879146427,30.362565580828615,147712,0.3169350530952215,45.069813907146454,0.0003,0.01909084661747329,0.013324152663699351,1.3369469628669322,0.08951875835191458,-139.52708387374878
11824,,285.02002,100.0,28342,,41,,,0.03432460129261017,1182400,0.15,,,,,,,,,,,,,
11828,0.0,287.08737,100.0,28356,0.3,41,0.0,0.0,0.034321799874305725,1183200,0.16,3.6772487719040368,30.362565580828615,0.102202418143861,30.362565580828615,147776,0.31927549466490746,44.5161874294281,0.0003,0.019150940788676962,0.011088493731222115,1.3193190256133676,0.08938856096938252,-140.51162838935852
11832,,287.08737,100.0,28356,,41,,,0.034321799874305725,1183200,0.16,,,,,,,,,,,,,
11836,0.0,288.79398,100.0,28378,0.3,41,0.0,0.0,0.034319788217544556,1184000,0.17,3.6843453776702155,30.362565580828615,0.10293194488622248,30.362565580828615,147904,0.3195416312664747,46.569200813770294,0.0003,0.01936140569159761,0.010173935603233986,1.1852201917208731,0.08984599821269512,-140.2366704940796
11840,,288.79398,100.0,28378,,41,,,0.034319788217544556,1184000,0.17,,,,,,,,,,,,,
11844,0.29114937103812677,282.39523,100.0,28403,0.3,41,0.6,0.0,0.034313466399908066,1184800,0.18,4.3202482383755045,30.362565580828615,0.10346066649071872,30.362565580828615,148032,0.31849398417398334,48.90780770778656,0.0003,0.019520655274391174,0.011326176711008884,1.1408211784437299,0.09114222717471421,-140.47577667236328
11848,,282.39523,100.0,28403,,41,,,0.034313466399908066,1184800,0.18,,,,,,,,,,,,,
11852,0.12619668693159725,282.1447,100.0,28416,0.3,41,0.42,0.0,0.03431522846221924,1185600,0.19,3.1363834281923797,30.362565580828615,0.10099439672194421,30.362565580828615,148096,0.31892478512600064,49.262682139873505,0.0003,0.019614066870417446,0.01099812773463782,1.9861188814975321,0.08922103187069297,-141.26921606063843
11856,,282.1447,100.0,28416,,41,,,0.03431522846221924,1185600,0.19,,,,,,,,,,,,,
11860,0.12275282512886605,279.55862,100.0,28438,0.264,41,0.39,0.0,0.034310247749090195,1186400,0.17,4.259827135439862,30.362565580828615,0.1024916423484683,30.362565580828615,148224,0.3224247829057276,47.90937250852585,0.0003,0.01978215415147133,0.011899806588189676,1.9803001648979262,0.0914666058961302,-140.91119170188904
11864,,279.55862,100.0,28438,,41,,,0.034310247749090195,1186400,0.17,,,,,,,,,,,,,
11868,0.31402005060234345,282.5423,100.0,28453,0.3,41,0.9,0.0,0.034307170659303665,1187200,0.18,3.875052313262253,30.362565580828615,0.1016123314620927,30.362565580828615,148288,0.3204979542642832,47.27245283126831,0.0003,0.019879495725035667,0.012071075114363339,0.6139593627303839,0.08878159092273563,-141.38409757614136
11872,,282.5423,100.0,28453,,41,,,0.034307170659303665,1187200,0.18,,,,,,,,,,,,,
11876,0.0,280.75104,100.0,28476,0.264,41,0.0,0.0,0.03429962694644928,1188000,0.18,4.532996440722815,30.362565580828615,0.10508249781560153,30.362565580828615,148416,0.3183778100647032,45.40330559015274,0.0003,0.020080877118743956,0.01347355215693824,1.7730457851430401,0.09474822878837585,-141.7209348678589
11880,,280.75104,100.0,28476,,41,,,0.03429962694644928,1188000,0.18,,,,,,,,,,,,,
11884,0.0,271.9496,100.0,28490,0.3,41,0.0,0.0,0.0342966690659523,1188800,0.15,4.634721481232678,30.362565580828615,0.10478073649574071,30.362565580828615,148480,0.3213582606986165,48.016037464141846,0.0003,0.02018301564385183,0.012553301472507883,1.9171242890879512,0.09028322086669505,-141.68974709510803
11888,,271.9496,100.0,28490,,41,,,0.0342966690659523,1188800,0.15,,,,,,,,,,,,,
11892,0.0,264.77753,100.0,28513,0.3,41,0.0,0.0,0.03429623693227768,1189600,0.15,2.919797688713207,30.362565580828615,0.10198956553358585,30.362565580828615,148608,0.32198266638442874,50.22065809369087,0.0003,0.02036953705828637,0.012425557913957164,2.2008816725574434,0.09166068769991398,-142.03930068016052
11896,,264.77753,100.0,28513,,41,,,0.03429623693227768,1189600,0.15,,,,,,,,,,,,,
11900,0.0,271.66064,100.0,28526,0.3,41,0.0,0.0,0.03429988771677017,1190400,0.18,2.0974949747317013,30.362565580828615,0.10361493052914739,30.362565580828615,148672,0.3246973669156432,52.86951506137848,0.0003,0.020475832250667736,0.012142686086008325,2.752489609643817,0.09133220394141972,-141.5805525779724
11904,,271.66064,100.0,28526,,41,,,0.03429988771677017,1190400,0.18,,,,,,,,,,,,,
11908,0.0,270.1649,100.0,28551,0.22499999999999998,41,0.0,0.0,0.03430313616991043,1191200,0.18,3.163479925017968,30.362565580828615,0.10370262339711189,30.362565580828615,148800,0.3204768896102905,50.762014389038086,0.0003,0.02075646471348591,0.01280827984737698,1.2621366987004876,0.08940278657246381,-142.3924720287323
11912,,270.1649,100.0,28551,,41,,,0.03430313616991043,1191200,0.18,,,,,,,,,,,,,
11916,0.0,268.1316,100.0,28573,0.26099999999999995,41,0.0,0.0,0.0342981182038784,1192000,0.17,3.768380642065943,30.362565580828615,0.10609522077720612,30.362565580828615,148928,0.32565472461283207,51.64517802000046,0.0003,0.020899896830087528,0.01166807308618445,-0.2404076224192977,0.09079146664589643,-141.76997208595276
11920,,268.1316,100.0,28573,,41,,,0.0342981182038784,1192000,0.17,,,,,,,,,,,,,
11924,0.0,270.57605,100.0,28586,0.25799999999999995,41,0.0,0.0,0.03429770469665527,1192800,0.18,2.826916696666379,30.362565580828615,0.10660504770930856,30.362565580828615,148992,0.32142505748197436,51.264567732810974,0.0003,0.02091232207021676,0.012621669491636567,0.9284435582812876,0.09443269646726549,-142.08278274536133
11928,,270.57605,100.0,28586,,41,,,0.03429770469665527,1192800,0.18,,,,,,,,,,,,,
11932,0.12856331671314256,272.45123,100.0,28609,0.3,41,0.36,0.0,0.03429976850748062,1193600,0.19,3.6749202616637597,30.362565580828615,0.10584899305831641,30.362565580828615,149120,0.3249322487972677,53.37015521526337,0.0003,0.021112121205078438,0.012939802451001015,2.409171895124018,0.09077061677817255,-142.19051671028137
11936,,272.45123,100.0,28609,,41,,,0.03429976850748062,1193600,0.19,,,,,,,,,,,,,
11940,0.1370836042194577,273.3578,100.0,28623,0.2909999999999999,41,0.45,0.0,0.034293703734874725,1194400,0.18,4.934932864560981,30.362565580828615,0.10548312752507627,30.362565580828615,149184,0.3230823609046638,46.370215356349945,0.0003,0.021214097971096635,0.012997848527447786,0.5287945289164782,0.09029668383300304,-142.4622883796692
11944,,273.3578,100.0,28623,,41,,,0.034293703734874725,1194400,0.18,,,,,,,,,,,,,
11948,0.1951573683813347,269.96146,100.0,28646,0.3,41,0.57,0.0,0.034282464534044266,1195200,0.15,4.189645438821695,30.362565580828615,0.10711106064263731,30.362565580828615,149312,0.3221811084076762,51.06377112865448,0.0003,0.021402090962510556,0.01284336394019192,2.375568695832044,0.09001460764557123,-142.49688601493835
11952,,269.96146,100.0,28646,,41,,,0.034282464534044266,1195200,0.15,,,,,,,,,,,,,
11956,0.28042407741015013,270.95575,100.0,28659,0.3,41,0.75,0.0,0.03428689390420914,1196000,0.16,3.9704202067366627,30.362565580828615,0.10555909166578203,30.362565580828615,149376,0.32179836090654135,50.81116873025894,0.0003,0.021544679417274892,0.014162159677653108,2.065913279308006,0.08970675617456436,-142.46387672424316
11960,,270.95575,100.0,28659,,41,,,0.03428689390420914,1196000,0.16,,,,,,,,,,,,,
11964,0.0,272.75238,100.0,28682,0.3,41,0.0,0.0,0.0342833548784256,1196800,0.16,3.841066636439945,30.362565580828615,0.10415992722846568,30.362565580828615,149504,0.3211969304829836,51.93642169237137,0.0003,0.02175768234883435,0.01276867814885918,-0.005430365214124322,0.09138786734547466,-142.1186180114746
11968,,272.75238,100.0,28682,,41,,,0.0342833548784256,1196800,0.16,,,,,,,,,,,,,
11972,0.02070266509240591,276.67654,100.0,28706,0.3,41,0.09,0.0,0.034284915775060654,1197600,0.17,3.371415173380315,30.362565580828615,0.10414767509792,30.362565580828615,149632,0.32348977448418736,51.199985325336456,0.0003,0.0218547718541231,0.013353697380807716,1.7586136108729988,0.09097797819413245,-142.70636892318726
11976,,276.67654,100.0,28706,,41,,,0.034284915775060654,1197600,0.17,,,,,,,,,,,,,
11980,0.0,280.57513,100.0,28720,0.3,41,0.0,0.0,0.034283123910427094,1198400,0.18,4.019929349941371,30.362565580828615,0.1042972335126251,30.362565580828615,149696,0.3230638364329934,53.53463262319565,0.0003,0.021973103954223916,0.015099585565621965,1.5832256833091378,0.09323197335470468,-142.85968470573425
11984,,280.57513,100.0,28720,,41,,,0.034283123910427094,1198400,0.18,,,,,,,,,,,,,
11988,0.0,279.0944,100.0,28744,0.27,41,0.0,0.0,0.034274592995643616,1199200,0.17,4.153207534224073,30.362565580828615,0.10430038860067725,30.362565580828615,149824,0.3205222673714161,57.49003505706787,0.0003,0.022143726964714006,0.012269784827367403,1.8886991755571216,0.09409127570688725,-143.30710339546204
11992,,279.0944,100.0,28744,,41,,,0.034274592995643616,1199200,0.17,,,,,,,,,,,,,
11996,0.11462283724705914,281.1923,100.0,28758,0.3,41,0.21,0.0,0.034273020923137665,1200000,0.15,4.344046359736994,30.362565580828615,0.10443101136479527,30.362565580828615,149888,0.32454945473000407,54.30869406461716,0.0003,0.02229281998006627,0.012947437222464941,2.393961104331538,0.09382960514631122,-142.4186511039734
12000,,281.1923,100.0,28758,,41,,,0.034273020923137665,1200000,0.15,,,,,,,,,,,,,
12004,0.0,280.94974,100.0,28781,0.282,41,0.0,0.0,0.034271568059921265,1200800,0.14,3.505823799234483,29.75531426921204,0.10362542944494635,29.75531426921204,150016,0.3224259549751878,54.474974393844604,0.0003,0.02248555381083861,0.012875770898972405,1.573261208832264,0.09396227751858532,-143.40862655639648
12008,,280.94974,100.0,28781,,41,,,0.034271568059921265,1200800,0.14,,,,,,,,,,,,,
12012,0.1276418837147026,285.42163,100.0,28795,0.264,41,0.27,0.0,0.03427056223154068,1201600,0.16,3.079434170794678,29.75531426921204,0.10468125459738076,29.75531426921204,150080,0.32256842963397503,52.58196008205414,0.0003,0.022612065688008443,0.013687041297089309,1.614982747938484,0.09411114919930696,-143.42823672294617
12016,,285.42163,100.0,28795,,41,,,0.03427056223154068,1201600,0.16,,,,,,,,,,,,,
12020,0.09094530239343414,283.1239,100.0,28818,0.264,41,0.39,0.0,0.03426998108625412,1202400,0.15,4.488483958273995,29.75531426921204,0.10220578801818192,29.75531426921204,150208,0.3178525259718299,53.79562005400658,0.0003,0.022808456211350858,0.012396631551382598,1.378202002029866,0.09128357691224664,-143.23534631729126
12024,,283.1239,100.0,28818,,41,,,0.03426998108625412,1202400,0.15,,,,,,,,,,,,,
12028,0.17439020158600993,278.84976,100.0,28832,0.26099999999999995,41,0.42,0.0,0.03427528962492943,1203200,0.14,4.0964244591001515,29.75531426921204,0.10284027620218694,29.75531426921204,150272,0.3191116042435169,52.127092480659485,0.0003,0.022918272501556203,0.012123675296606962,1.4617549336981028,0.09245892334729433,-143.1451542377472
12032,,278.84976,100.0,28832,,41,,,0.03427528962492943,1203200,0.14,,,,,,,,,,,,,
12036,0.3754964271730106,279.23526,100.0,28856,0.26099999999999995,41,0.78,0.0,0.03427589684724808,1204000,0.14,3.690450322629198,29.75531426921204,0.10347277496475726,29.75531426921204,150400,0.3246182440780103,47.78914177417755,0.0003,0.02311798295704648,0.01266381015011575,1.767530900426209,0.0936334291473031,-142.62361407279968
12040,,279.23526,100.0,28856,,41,,,0.03427589684724808,1204000,0.14,,,,,,,,,,,,,
12044,0.0,284.48187,100.0,28878,0.3,41,0.0,0.0,0.03427443280816078,1204800,0.17,2.236389908021139,29.75531426921204,0.10511166660580784,29.75531426921204,150528,0.3194521185941994,52.88899403810501,0.0003,0.023289569246117026,0.01370479806791991,0.14619062445126474,0.09329322120174766,-143.74736762046814
12048,,284.48187,100.0,28878,,41,,,0.03427443280816078,1204800,0.17,,,,,,,,,,,,,
12052,0.04,286.16458,100.0,28892,0.2909999999999999,41,0.06,0.0,0.03427129238843918,1205600,0.19,2.997059202066337,29.75531426921204,0.10575604613404721,29.75531426921204,150592,0.32081515062600374,50.21716311573982,0.0003,0.02331151269027032,0.013792259647743776,0.7846234035678208,0.09392766281962395,-143.2441384792328
12056,,286.16458,100.0,28892,,41,,,0.03427129238843918,1205600,0.19,,,,,,,,,,,,,
12060,0.0,286.47876,100.0,28915,0.26099999999999995,41,0.0,0.0,0.0342722162604332,1206400,0.18,4.192089686910276,29.75531426921204,0.10556053335312754,29.75531426921204,150720,0.31923971325159073,51.02945375442505,0.0003,0.0234984912967775,0.012491139474150259,0.8712285780347884,0.09300561482086778,-143.353844165802
12064,,286.47876,100.0,28915,,41,,,0.0342722162604332,1206400,0.18,,,,,,,,,,,,,
12068,0.0,277.14923,100.0,28929,0.24299999999999997,41,0.0,0.0,0.034275468438863754,1207200,0.15,3.8617652220095833,29.75531426921204,0.1050529406638816,29.75531426921204,150784,0.31993208127096295,50.473276913166046,0.0003,0.023583042959216982,0.012793955131201074,1.2918335082940757,0.09349669155199081,-143.40224623680115
12072,,277.14923,100.0,28929,,41,,,0.034275468438863754,1207200,0.15,,,,,,,,,,,,,
12076,0.0,275.74054,100.0,28952,0.3,41,0.0,0.0,0.03427354618906975,1208000,0.15,4.831020166562507,29.75531426921204,0.10693032771814615,29.75531426921204,150912,0.3223906639032066,55.418194234371185,0.0003,0.023674752126680687,0.013661113291163929,1.74283599446062,0.09496153448708355,-144.17288422584534
12080,,275.74054,100.0,28952,,41,,,0.03427354618906975,1208000,0.15,,,,,,,,,,,,,
12084,0.0,272.94626,100.0,28966,0.285,41,0.0,0.0,0.03426652401685715,1208800,0.15,4.075534170388971,29.75531426921204,0.10640418319962919,29.75531426921204,150976,0.32244675559923053,56.56998699903488,0.0003,0.023789205471985042,0.012587773686391301,0.2550877414178103,0.09198720706626773,-143.80522108078003
12088,,272.94626,100.0,28966,,41,,,0.03426652401685715,1208800,0.15,,,,,,,,,,,,,
12092,0.015688616016580698,274.6074,100.0,28989,0.29699999999999993,41,0.06,0.0,0.03426658362150192,1209600,0.16,4.061849624791311,29.75531426921204,0.10522915190085769,29.75531426921204,151104,0.3220843109302223,55.632706582546234,0.0003,0.023902048909803852,0.0124640905924025,0.8073211880400777,0.09182447066996247,-144.16420936584473
12096,,274.6074,100.0,28989,,41,,,0.03426658362150192,1209600,0.16,,,,,,,,,,,,,
12100,0.08284117790660042,270.61807,100.0,29012,0.29699999999999993,41,0.21,0.0,0.034267883747816086,1210400,0.15,4.36104354289441,29.75531426921204,0.10801087564323097,29.75531426921204,151232,0.3229748304001987,56.10986104607582,0.0003,0.023944195098010823,0.013414607768936548,-0.19793396815657616,0.09328606456983835,-143.71283102035522
12104,,270.61807,100.0,29012,,41,,,0.034267883747816086,1210400,0.15,,,,,,,,,,,,,
12108,0.0,272.58884,100.0,29026,0.3,41,0.0,0.0,0.034263934940099716,1211200,0.15,3.3397450811269844,29.75531426921204,0.10635097767226398,29.75531426921204,151296,0.3226880063302815,52.51012295484543,0.0003,0.02397872257279232,0.012907262353110127,0.692540671559982,0.0920932397712022,-143.83041501045227
12112,,272.58884,100.0,29026,,41,,,0.034263934940099716,1211200,0.15,,,,,,,,,,,,,
12116,0.0,268.78125,100.0,29049,0.3,41,0.0,0.0,0.03426946699619293,1212000,0.13,4.480640076899477,29.75531426921204,0.10636123968288302,29.75531426921204,151424,0.3207609257660806,52.786413073539734,0.0003,0.02407812644378282,0.013380156044149771,0.5242874501273036,0.09308329317718744,-144.4713351726532
12120,,268.78125,100.0,29049,,41,,,0.03426946699619293,1212000,0.13,,,,,,,,,,,,,
12124,0.008268935903838466,270.08377,100.0,29063,0.26099999999999995,41,0.03,0.0,0.034270089119672775,1212800,0.13,3.796586763940637,29.75531426921204,0.10766047064680606,29.75531426921204,151488,0.3261125525459647,56.283959686756134,0.0003,0.024109274992952123,0.01508716020907741,0.6099707081448287,0.09546310151927173,-143.33352422714233
12128,,270.08377,100.0,29063,,41,,,0.034270089119672775,1212800,0.13,,,,,,,,,,,,,
12132,0.13848410586435633,274.36346,100.0,29087,0.3,41,0.36,0.0,0.03425848111510277,1213600,0.13,4.110509758435675,29.75531426921204,0.10719674732536077,29.75531426921204,151616,0.3244300545193255,56.19634413719177,0.0003,0.024083843250991777,0.01347845923010027,-0.9947024006396532,0.09343916061334312,-143.9697289466858
12136,,274.36346,100.0,29087,,41,,,0.03425848111510277,1213600,0.13,,,,,,,,,,,,,
12140,0.06469670486359629,269.69617,100.0,29101,0.3,41,0.24,0.0,0.03426431864500046,1214400,0.12,3.5740039143817843,29.75531426921204,0.1056386933196336,29.75531426921204,151680,0.3195257093757391,53.55907869338989,0.0003,0.02409016856108792,0.012685240944847465,1.5792728522792459,0.09541736321989447,-144.23963260650635
12144,,269.69617,100.0,29101,,41,,,0.03426431864500046,1214400,0.12,,,,,,,,,,,,,
12148,0.019638359927161002,269.8634,100.0,29124,0.252,41,0.03,0.0,0.03426218032836914,1215200,0.12,2.357643549952897,29.75531426921204,0.10606992954853922,29.75531426921204,151808,0.31874577328562737,55.741481602191925,0.0003,0.024151699908543378,0.01412482970772544,0.0014892139006406069,0.09600227524060756,-143.35040926933289
12152,,269.8634,100.0,29124,,41,,,0.03426218032836914,1215200,0.12,,,,,,,,,,,,,
12156,0.11132157705431822,264.62183,100.0,29138,0.3,41,0.39,0.0,0.034254610538482666,1216000,0.1,4.844402948699153,29.75531426921204,0.10814863780979067,29.75531426921204,151872,0.3184766271151602,57.58525085449219,0.0003,0.024162113666534424,0.01563196963252267,0.008921616710722446,0.09522772952914238,-143.60057854652405
12160,,264.62183,100.0,29138,,41,,,0.034254610538482666,1216000,0.1,,,,,,,,,,,,,
12164,0.09205448505636765,268.00522,100.0,29161,0.3,41,0.36,0.0,0.03424939885735512,1216800,0.11,3.8511994773429756,29.75531426921204,0.10448392783291638,29.75531426921204,152000,0.3221093835309148,63.12882447242737,0.0003,0.024201068648835644,0.012950613090652041,-1.2685338624287397,0.09712080133613199,-143.81033658981323
12168,,268.00522,100.0,29161,,41,,,0.03424939885735512,1216800,0.11,,,,,,,,,,,,,
12172,0.2279514129800102,267.86096,100.0,29183,0.3,41,0.54,0.0,0.03424566239118576,1217600,0.12,4.026455023744007,29.75531426921204,0.10946488031186163,29.75531426921204,152128,0.32103686686605215,56.48151445388794,0.0003,0.024126456177327782,0.01417925485293381,-1.0993600820656866,0.09382275003008544,-143.43890142440796
12176,,267.86096,100.0,29183,,41,,,0.03424566239118576,1217600,0.12,,,,,,,,,,,,,
12180,0.18161379119710244,271.03,100.0,29197,0.3,41,0.48,0.0,0.03424369916319847,1218400,0.14,3.8063476802880643,29.75531426921204,0.10654047317802906,29.75531426921204,152192,0.32278692442923784,53.079184889793396,0.0003,0.024049928062595427,0.012358109226624947,-0.8054462189320475,0.09333737229462713,-143.91438746452332
12184,,271.03,100.0,29197,,41,,,0.03424369916319847,1218400,0.14,,,,,,,,,,,,,
12188,0.0,273.2335,100.0,29220,0.3,41,0.0,0.0,0.03424277529120445,1219200,0.15,3.3667425198451713,29.75531426921204,0.10753871581982821,29.75531426921204,152320,0.32213668432086706,52.71869504451752,0.0003,0.02402445240295492,0.012756639262079261,-0.20035796985030174,0.09403442626353353,-144.5232903957367
12192,,273.2335,100.0,29220,,41,,,0.03424277529120445,1219200,0.15,,,,,,,,,,,,,
12196,0.0,275.89258,100.0,29236,0.26099999999999995,41,0.0,0.0,0.03424491733312607,1220000,0.16,3.046980990512274,29.75531426921204,0.10937676159664989,29.75531426921204,152384,0.32771692890673876,55.877505123615265,0.0003,0.024007776693906635,0.01368486117280554,-0.7091047117719427,0.09634259273298085,-143.80732226371765
12200,,275.89258,100.0,29236,,41,,,0.03424491733312607,1220000,0.16,,,,,,,,,,,,,
12204,0.0,271.2995,100.0,29260,0.3,41,0.0,0.0,0.0342416986823082,1220800,0.15,4.6215726567164195,29.160207983827803,0.10599596938118339,29.160207983827803,152512,0.32262789690867066,55.68197053670883,0.0003,0.023765510850353166,0.0127816823151079,-0.7552459491416812,0.09548085718415678,-144.03366255760193
12208,,271.2995,100.0,29260,,41,,,0.0342416986823082,1220800,0.15,,,,,,,,,,,,,
12212,0.00533982261231551,271.8873,100.0,29273,0.3,41,0.03,0.0,0.03423185646533966,1221600,0.15,4.319124633837212,29.160207983827803,0.10563052305951715,29.160207983827803,152576,0.32628895388916135,58.323104083538055,0.0003,0.023669844318646938,0.012541862874059007,-1.7492748042568564,0.09727590542752296,-144.35300540924072
12216,,271.8873,100.0,29273,,41,,,0.03423185646533966,1221600,0.15,,,,,,,,,,,,,
12220,0.15792460910678674,278.56073,100.0,29297,0.26099999999999995,41,0.33,0.0,0.03421607241034508,1222400,0.19,2.1972492776022854,29.160207983827803,0.10718274139799178,29.160207983827803,152704,0.32442297460511327,55.1063511967659,0.0003,0.023446451494237408,0.013993405635119416,-1.1396143261808902,0.09584804670885205,-143.7209506034851
12224,,278.56073,100.0,29297,,41,,,0.03421607241034508,1222400,0.19,,,,,,,,,,,,,
12228,0.17541039926853522,284.38083,100.0,29320,0.3,41,0.39,0.0,0.034206174314022064,1223200,0.21,2.8718833807625406,29.160207983827803,0.10526577068958431,29.160207983827803,152832,0.32745497254654765,56.9895521402359,0.0003,0.02336013244348578,0.01307235050626332,-1.405554988887161,0.09704351623076946,-143.9403636455536
12232,,284.38083,100.0,29320,,41,,,0.034206174314022064,1223200,0.21,,,,,,,,,,,,,
12236,0.0,279.96613,100.0,29334,0.3,41,0.0,0.0,0.03420662134885788,1224000,0.2,4.618887314491322,29.160207983827803,0.10539155337028205,29.160207983827803,152896,0.3252033907920122,55.09197962284088,0.0003,0.023272532736882567,0.013143094729457516,0.5362052782438695,0.09539083926938474,-143.51878237724304
12240,,279.96613,100.0,29334,,41,,,0.03420662134885788,1224000,0.2,,,,,,,,,,,,,
12244,0.3182364249779179,279.1398,100.0,29358,0.3,41,1.23,0.0,0.034202154725790024,1224800,0.18,4.743992987444357,29.160207983827803,0.10520525055471808,29.160207983827803,153024,0.3271788018755615,62.49167203903198,0.0003,0.02324189737555571,0.01266596696950728,0.21609443565830588,0.09620932908728719,-143.65011358261108
12248,,279.1398,100.0,29358,,41,,,0.034202154725790024,1224800,0.18,,,,,,,,,,,,,
12252,0.11136042746148699,274.25995,100.0,29371,0.3,41,0.39,0.0,0.034196894615888596,1225600,0.16,4.324886068167296,29.160207983827803,0.10544783680234104,29.160207983827803,153088,0.32723208609968424,58.514678835868835,0.0003,0.023211239255033433,0.014367998344823718,-1.5574732657987624,0.09637932840269059,-144.05313301086426
12256,,274.25995,100.0,29371,,41,,,0.034196894615888596,1225600,0.16,,,,,,,,,,,,,
12260,0.3102899818731213,271.9879,100.0,29394,0.294,41,0.72,0.0,0.03419623523950577,1226400,0.17,4.291591464445797,29.160207983827803,0.10537927492987365,29.160207983827803,153216,0.3270584736019373,55.956757962703705,0.0003,0.023203662043670192,0.014056735111807939,0.2969048051163554,0.0976711600087583,-143.46343398094177
12264,,271.9879,100.0,29394,,41,,,0.03419623523950577,1226400,0.17,,,,,,,,,,,,,
12268,0.13679042837714486,273.4973,100.0,29409,0.3,41,0.27,0.0,0.03419552370905876,1227200,0.17,4.127030032917507,29.160207983827803,0.10563022899441421,29.160207983827803,153280,0.328948674723506,52.67750734090805,0.0003,0.02320069374400191,0.01292192977416562,-0.4510128847323358,0.09536756738089025,-143.9417519569397
12272,,273.4973,100.0,29409,,41,,,0.03419552370905876,1227200,0.17,,,,,,,,,,,,,
12276,0.0,269.56366,100.0,29432,0.3,41,0.0,0.0,0.03418638929724693,1228000,0.16,4.302250318210809,29.160207983827803,0.10641292028594762,29.160207983827803,153408,0.3276243219152093,54.09422218799591,0.0003,0.023097587778465822,0.013532395532820374,-0.8324183113873005,0.0974697096971795,-143.7350513935089
12280,,269.56366,100.0,29432,,41,,,0.03418638929724693,1228000,0.16,,,,,,,,,,,,,
12284,0.07892970305935361,273.3976,100.0,29446,0.26099999999999995,41,0.3,0.0,0.034179896116256714,1228800,0.16,3.8316368953503046,29.160207983827803,0.11076868593227118,29.160207983827803,153472,0.3291600001975894,54.822272062301636,0.0003,0.023065604706062004,0.01523993623413844,0.08328689984045923,0.09640093299094588,-142.84137654304504
12288,,273.3976,100.0,29446,,41,,,0.034179896116256714,1228800,0.16,,,,,,,,,,,,,
12292,0.07720531669555791,271.62265,100.0,29469,0.3,41,0.12,0.0,0.03416628763079643,1229600,0.16,3.464984288889167,29.160207983827803,0.10618619876913726,29.160207983827803,153600,0.32795250369235873,57.63849139213562,0.0003,0.02300833526533097,0.013807419090881012,0.23692101193591952,0.09732052206527442,-143.47921895980835
12296,,271.62265,100.0,29469,,41,,,0.03416628763079643,1229600,0.16,,,,,,,,,,,,,
12300,0.1696577861416855,267.37915,100.0,29491,0.291,41,0.36,0.0,0.034163396805524826,1230400,0.14,4.5583717617571535,29.160207983827803,0.10488864197395742,29.160207983827803,153728,0.32704637525603175,58.17677700519562,0.0003,0.023008967749774456,0.01222920873988187,0.9397841844474897,0.09918560867663473,-144.13246822357178
12304,,267.37915,100.0,29491,,41,,,0.034163396805524826,1230400,0.14,,,,,,,,,,,,,
12308,0.0,264.60397,100.0,29505,0.3,41,0.0,0.0,0.03415806218981743,1231200,0.13,5.065766930671534,29.160207983827803,0.10682427522260696,29.160207983827803,153792,0.3273926395922899,54.018861174583435,0.0003,0.023079148726537824,0.013406319383648224,1.0210398179478943,0.09775252197869122,-143.67684841156006
12312,,264.60397,100.0,29505,,41,,,0.03415806218981743,1231200,0.13,,,,,,,,,,,,,
12316,0.33625643932329685,266.57135,100.0,29528,0.3,41,0.81,0.0,0.03414829075336456,1232000,0.11,4.668823224579974,29.160207983827803,0.106128957006149,29.160207983827803,153920,0.32580168126150966,55.657858431339264,0.0003,0.023152183304773644,0.012479072778660338,0.9089853828772902,0.09739345125854015,-143.73897647857666
12320,,266.57135,100.0,29528,,41,,,0.03414829075336456,1232000,0.11,,,,,,,,,,,,,
12324,0.09169007687301109,256.50867,100.0,29541,0.29699999999999993,41,0.36,0.0,0.03414691612124443,1232800,0.07,4.4188460611430065,29.160207983827803,0.10617529402952641,29.160207983827803,153984,0.3317068722099066,52.352869510650635,0.0003,0.02317268043407239,0.012447518332919572,0.4172301886137575,0.09985582600347698,-143.40199327468872
12328,,256.50867,100.0,29541,,41,,,0.03414691612124443,1232800,0.07,,,,,,,,,,,,,
12332,0.0,253.6478,100.0,29564,0.3,41,0.0,0.0,0.034134477376937866,1233600,0.06,4.677024096618822,29.160207983827803,0.10737920238170773,29.160207983827803,154112,0.33177533047273755,56.65558922290802,0.0003,0.02315312877180986,0.012160761310951784,0.8621105283964425,0.09760355204343796,-143.19634103775024
12336,,253.6478,100.0,29564,,41,,,0.034134477376937866,1233600,0.06,,,,,,,,,,,,,
12340,0.10825297670289023,256.14737,100.0,29578,0.3,41,0.36,0.0,0.034134067595005035,1234400,0.07,3.6542496809982112,29.160207983827803,0.10653765685856342,29.160207983827803,154176,0.3312065857462585,52.07446217536926,0.0003,0.023201566975330934,0.011716364686435554,1.2732078061671928,0.09639121370855719,-143.4477183818817
12344,,256.14737,100.0,29578,,41,,,0.034134067595005035,1234400,0.07,,,,,,,,,,,,,
12348,0.07743753337562924,257.19373,100.0,29602,0.3,41,0.3,0.0,0.03412805125117302,1235200,0.08,4.038519653707952,29.160207983827803,0.10448401048779488,29.160207983827803,154304,0.33005343517288566,57.736386477947235,0.0003,0.023225409589940682,0.013160359572793823,0.8505065777571872,0.09951255016494542,-143.25500750541687
12352,,257.19373,100.0,29602,,41,,,0.03412805125117302,1235200,0.08,,,,,,,,,,,,,
12356,0.14471269122898034,261.35452,100.0,29626,0.25499999999999995,41,0.39,0.0,0.03412576764822006,1236000,0.08,4.049994917118712,29.160207983827803,0.10465607850346714,29.160207983827803,154432,0.33355660270899534,55.06704390048981,0.0003,0.02333236954291351,0.01080973178613931,1.1374496293719858,0.09789912425912917,-144.05704498291016
12360,,261.35452,100.0,29626,,41,,,0.03412576764822006,1236000,0.08,,,,,,,,,,,,,
12364,0.10087723114945428,256.14423,100.0,29639,0.3,41,0.33,0.0,0.0341227762401104,1236800,0.06,4.144902477027694,29.160207983827803,0.10681172413751483,29.160207983827803,154496,0.3333764495328069,54.8227234184742,0.0003,0.02335998843773268,0.01223034474242013,1.2066451292484999,0.09833949257154018,-142.81158876419067
12368,,256.14423,100.0,29639,,41,,,0.0341227762401104,1236800,0.06,,,,,,,,,,,,,
12372,0.271728972304327,261.41107,100.0,29663,0.3,41,0.81,0.0,0.034119587391614914,1237600,0.07,4.236122780430063,29.160207983827803,0.10660004196688533,29.160207983827803,154624,0.3356850673444569,52.829312562942505,0.0003,0.02347621094668284,0.012408370414050296,0.47118300781585276,0.09680036117788404,-142.82705354690552
12376,,261.41107,100.0,29663,,41,,,0.034119587391614914,1237600,0.07,,,,,,,,,,,,,
12380,0.2917855176157914,259.15002,100.0,29676,0.264,41,0.75,0.0,0.034113723784685135,1238400,0.06,4.2219846220423385,29.160207983827803,0.10720643703825772,29.160207983827803,154688,0.33403192088007927,59.46175038814545,0.0003,0.023493912565754727,0.012428021233063191,0.08752997918054461,0.09738010133150965,-143.50849533081055
12384,,259.15002,100.0,29676,,41,,,0.034113723784685135,1238400,0.06,,,,,,,,,,,,,
12388,0.0,258.9139,100.0,29700,0.3,41,0.0,0.0,0.03410455211997032,1239200,0.05,4.4316984371519474,29.160207983827803,0.1056820253143087,29.160207983827803,154816,0.3313313187099993,51.6250085234642,0.0003,0.0234444756351877,0.012312676757574081,0.989807807141915,0.09542836074251682,-142.83813428878784
12392,,258.9139,100.0,29700,,41,,,0.03410455211997032,1239200,0.05,,,,,,,,,,,,,
12396,0.07460515135456759,261.55157,100.0,29714,0.3,41,0.24,0.0,0.034104298800230026,1240000,0.06,3.760200722039546,29.160207983827803,0.10733032552525401,29.160207983827803,154880,0.33603095496073365,55.9296989440918,0.0003,0.023485714016715065,0.014425659086555243,0.26133136986754835,0.09754598373547196,-142.7153296470642
12400,,261.55157,100.0,29714,,41,,,0.034104298800230026,1240000,0.06,,,,,,,,,,,,,
12404,0.009257109399588308,264.60913,100.0,29737,0.29699999999999993,41,0.03,0.0,0.03409133106470108,1240800,0.07,3.952167196551461,28.57700382415124,0.1036755294771865,28.57700382415124,155008,0.3277748730033636,55.32281506061554,0.0003,0.02329507502145134,0.011185344301338773,-1.908441546256654,0.09681892418302596,-143.78115248680115
12408,,264.60913,100.0,29737,,41,,,0.03409133106470108,1240800,0.07,,,,,,,,,,,,,
12412,0.0,268.3311,100.0,29751,0.3,41,0.0,0.0,0.03409244120121002,1241600,0.09,3.219713544349214,28.57700382415124,0.1049511170713231,28.57700382415124,155072,0.3305510925129056,61.56681776046753,0.0003,0.023241180431796238,0.011576198387047043,0.303091618232429,0.09589195915032178,-142.90501427650452
12416,,268.3311,100.0,29751,,41,,,0.03409244120121002,1241600,0.09,,,,,,,,,,,,,
12420,0.07600341600972679,263.9247,100.0,29773,0.26099999999999995,41,0.3,0.0,0.03409178927540779,1242400,0.09,4.200086263019271,28.57700382415124,0.10600486164912581,28.57700382415124,155200,0.33254865230992436,57.03509020805359,0.0003,0.02319015489774756,0.011992910614935681,-0.9113734040874988,0.09671217598952353,-143.8922655582428
12424,,263.9247,100.0,29773,,41,,,0.03409178927540779,1242400,0.09,,,,,,,,,,,,,
12428,0.23185596205866424,265.15598,100.0,29796,0.21899999999999994,41,0.75,0.0,0.034085530787706375,1243200,0.09,4.321076889413062,28.57700382415124,0.10607403167523444,28.57700382415124,155328,0.3324919049628079,54.713621854782104,0.0003,0.023051179654430598,0.011911669105757028,-1.018987833056599,0.09642481722403318,-143.55358123779297
12432,,265.15598,100.0,29796,,41,,,0.034085530787706375,1243200,0.09,,,,,,,,,,,,,
12436,0.0,265.1432,100.0,29809,0.3,41,0.0,0.0,0.03407856449484825,1244000,0.09,3.676555291007658,28.57700382415124,0.10401449899654835,28.57700382415124,155392,0.3312120921909809,55.649962306022644,0.0003,0.022991395060671493,0.010760060933534987,-1.1103826768230647,0.09607556473929435,-143.50958895683289
12440,,265.1432,100.0,29809,,41,,,0.03407856449484825,1244000,0.09,,,,,,,,,,,,,
12444,0.0,263.84833,100.0,29832,0.3,41,0.0,0.0,0.034067362546920776,1244800,0.1,3.1273296115866076,28.57700382415124,0.1028728534001857,28.57700382415124,155520,0.33206835808232427,50.85900402069092,0.0003,0.02288701562792994,0.009870527377643157,-1.2791649990249425,0.09380716923624277,-143.28779983520508
12448,,263.84833,100.0,29832,,41,,,0.034067362546920776,1244800,0.1,,,,,,,,,,,,,
12452,0.0,259.27634,100.0,29844,0.264,41,0.0,0.0,0.034067731350660324,1245600,0.09,4.466466232365919,28.57700382415124,0.10413137858267874,28.57700382415124,155584,0.33127556601539254,53.64578151702881,0.0003,0.02282703941455111,0.01064671133281081,0.2438007559394464,0.09623960545286536,-143.46998620033264
12456,,259.27634,100.0,29844,,41,,,0.034067731350660324,1245600,0.09,,,,,,,,,,,,,
12460,0.544478916146119,262.46033,100.0,29868,0.3,41,1.53,0.0,0.03407185524702072,1246400,0.09,4.934258079948509,28.57700382415124,0.1047660750336945,28.57700382415124,155712,0.32932980032637715,50.54186415672302,0.0003,0.022853937203763053,0.012397819984471425,-0.061731773195788264,0.09522600308991969,-143.39155173301697
12464,,262.46033,100.0,29868,,41,,,0.03407185524702072,1246400,0.09,,,,,,,,,,,,,
12468,0.0,262.5679,100.0,29882,0.285,41,0.0,0.0,0.034062646329402924,1247200,0.1,3.687874347979508,28.57700382415124,0.10464454477187246,28.57700382415124,155776,0.32824733993038535,53.30904543399811,0.0003,0.02283202120452188,0.011293046321952716,-1.0458314856514335,0.09446456225123256,-144.11527228355408
12472,,262.5679,100.0,29882,,41,,,0.034062646329402924,1247200,0.1,,,,,,,,,,,,,
12476,0.04134385633009865,260.30215,100.0,29904,0.3,41,0.12,0.0,0.03405437245965004,1248000,0.1,4.063968984647577,28.57700382415124,0.10209314711391926,28.57700382415124,155904,0.3276776787824929,54.610308825969696,0.0003,0.02281876071356237,0.010460295579832746,-0.81439363444224,0.09532213606871665,-144.10292530059814
12480,,260.30215,100.0,29904,,41,,,0.03405437245965004,1248000,0.1,,,,,,,,,,,,,
12484,0.0,260.16492,100.0,29928,0.23999999999999996,41,0.0,0.0,0.03404773771762848,1248800,0.1,4.3293667681045465,28.57700382415124,0.10459023003932089,28.57700382415124,156032,0.3304344015195966,56.52944505214691,0.0003,0.02274022958590649,0.011042028228985146,-0.021069477312266827,0.09392817120533437,-143.94279789924622
12488,,260.16492,100.0,29928,,41,,,0.03404773771762848,1248800,0.1,,,,,,,,,,,,,
12492,0.10803620025201732,256.5176,100.0,29941,0.3,41,0.39,0.0,0.03404129669070244,1249600,0.09,4.831530858617287,28.57700382415124,0.10423743212595582,28.57700382415124,156096,0.3265354111790657,57.53984546661377,0.0003,0.02271709594060667,0.010884432726015802,-0.6180123041849583,0.09432550019118935,-144.1207413673401
12496,,256.5176,100.0,29941,,41,,,0.03404129669070244,1249600,0.09,,,,,,,,,,,,,
12500,0.4827702918578031,256.0559,100.0,29963,0.3,41,1.17,0.0,0.03403966873884201,1250400,0.09,3.747723710320492,28.57700382415124,0.10243896651081741,28.57700382415124,156224,0.32730098394677043,52.17558395862579,0.0003,0.022787848545704037,0.010910810211498756,-0.5654125618748367,0.09265003865584731,-143.58789563179016
12504,,256.0559,100.0,29963,,41,,,0.03403966873884201,1250400,0.09,,,,,,,,,,,,,
12508,0.12064612992237954,254.35806,100.0,29978,0.294,41,0.39,0.0,0.03404058516025543,1251200,0.08,4.868728973707218,28.57700382415124,0.10376729548443109,28.57700382415124,156288,0.32760564237833023,49.00203785300255,0.0003,0.02276230853749439,0.011536799414898269,0.49609509529545903,0.09400651219766587,-143.61705255508423
12512,,254.35806,100.0,29978,,41,,,0.03404058516025543,1251200,0.08,,,,,,,,,,,,,
12516,0.0,254.91449,100.0,30000,0.26099999999999995,41,0.0,0.0,0.03403713181614876,1252000,0.08,4.007559562053961,28.57700382415124,0.10164647630881518,28.57700382415124,156416,0.32728173304349184,52.34239315986633,0.0003,0.02278093312634155,0.011303496292384807,0.4745171070098877,0.09393808094318956,-143.3941683769226
12520,,254.91449,100.0,30000,,41,,,0.03403713181614876,1252000,0.08,,,,,,,,,,,,,
12524,0.0,258.2695,100.0,30014,0.3,41,0.0,0.0,0.03403635323047638,1252800,0.09,3.9150730247838714,28.57700382415124,0.10518933227285743,28.57700382415124,156480,0.32886307407170534,53.20634859800339,0.0003,0.0228290963859763,0.011832854303065687,0.6801810087636113,0.09439575101714581,-142.8394627571106
12528,,258.2695,100.0,30014,,41,,,0.03403635323047638,1252800,0.09,,,,,,,,,,,,,
12532,0.0,253.53375,100.0,30037,0.264,41,0.0,0.0,0.03403278440237045,1253600,0.08,4.4619552112264875,28.57700382415124,0.10477933299262077,28.57700382415124,156608,0.32851681485772133,53.57898324728012,0.0003,0.022810085181845352,0.011176678388437722,-0.509637463837862,0.09406593290623277,-143.30085968971252
12536,,253.53375,100.0,30037,,41,,,0.03403278440237045,1253600,0.08,,,,,,,,,,,,,
12540,0.0737719612847263,251.96786,100.0,30050,0.288,41,0.15,0.0,0.03403006121516228,1254400,0.07,4.8336566535496654,28.57700382415124,0.10502789856400341,28.57700382415124,156672,0.33082531578838825,56.202257335186005,0.0003,0.02280961914220825,0.012339623644948006,0.37359462201129645,0.09634423966053873,-143.76426029205322
12544,,251.96786,100.0,30050,,41,,,0.03403006121516228,1254400,0.07,,,,,,,,,,,,,
12548,0.09606400652889457,254.7069,100.0,30074,0.249,41,0.33,0.0,0.034022875130176544,1255200,0.07,3.044152286408245,28.57700382415124,0.1022613572422415,28.57700382415124,156800,0.32727261539548635,52.63665622472763,0.0003,0.022726042749127373,0.011507839808473364,-0.5935304779559374,0.09498171717859805,-143.31378555297852
12552,,254.7069,100.0,30074,,41,,,0.034022875130176544,1255200,0.07,,,,,,,,,,,,,
12556,0.171069673903519,254.04855,100.0,30097,0.3,41,0.54,0.0,0.03403012081980705,1256000,0.07,4.635510843104027,28.57700382415124,0.1042036396684125,28.57700382415124,156928,0.32910226937383413,54.76152765750885,0.0003,0.02283033588901162,0.011149022593599511,0.8041477859951556,0.09406270331237465,-143.11956191062927
12560,,254.04855,100.0,30097,,41,,,0.03403012081980705,1256000,0.07,,,,,,,,,,,,,
12564,0.27413322842791726,251.76799,100.0,30111,0.29699999999999993,41,0.57,0.0,0.03402891755104065,1256800,0.07,4.584140426711037,28.57700382415124,0.10339289286639541,28.57700382415124,156992,0.32608327409252524,54.453704833984375,0.0003,0.022869193693622947,0.011106563804787584,0.46848716982640326,0.09073440521024168,-143.64268946647644
12568,,251.76799,100.0,30111,,41,,,0.03402891755104065,1256800,0.07,,,,,,,,,,,,,
12572,0.02,259.87677,100.0,30133,0.3,41,0.03,0.0,0.03403332829475403,1257600,0.1,1.9703001353549667,28.57700382415124,0.10687956458423287,28.57700382415124,157120,0.3306984822265804,58.461035668849945,0.0003,0.02286190289305523,0.011933867375773843,-0.3990371807012707,0.09318661398719996,-143.36355018615723
12576,,259.87677,100.0,30133,,41,,,0.03403332829475403,1257600,0.1,,,,,,,,,,,,,
12580,0.2619507717919696,265.7345,100.0,30148,0.3,41,0.48,0.0,0.034032102674245834,1258400,0.11,3.4789287803113482,28.57700382415124,0.10433679388370365,28.57700382415124,157184,0.32955870404839516,57.244339406490326,0.0003,0.0228625790332444,0.011023417006072123,0.0857240897603333,0.09268599783536047,-143.78007102012634
12584,,265.7345,100.0,30148,,41,,,0.034032102674245834,1258400,0.11,,,,,,,,,,,,,
12588,0.4083869175476267,267.3299,100.0,30172,0.3,41,1.17,0.0,0.0340280681848526,1259200,0.11,4.713870432875564,28.57700382415124,0.11498793901409954,28.57700382415124,157312,0.33228745590895414,60.628235161304474,0.0003,0.022793671174440533,0.013293095689732581,-0.42904620082117617,0.09396718698553741,-143.09111523628235
12592,,267.3299,100.0,30172,,41,,,0.0340280681848526,1259200,0.11,,,,,,,,,,,,,
12596,0.17667812071537414,267.0305,100.0,30186,0.3,41,0.33,0.0,0.034024372696876526,1260000,0.11,4.231589741377153,28.57700382415124,0.10941312438808382,28.57700382415124,157376,0.33012718241661787,59.349535167217255,0.0003,0.022783852939028293,0.013965829741209745,-0.16463962674606591,0.0949362872634083,-143.26328015327454
12600,,267.0305,100.0,30186,,41,,,0.034024372696876526,1260000,0.11,,,,,,,,,,,,,
12604,0.322059307344505,268.3916,100.0,30209,0.3,41,1.05,0.0,0.0340242013335228,1260800,0.11,4.154747930104913,28.00546374766822,0.10704954143147916,28.00546374766822,157504,0.3313077506609261,57.110976576805115,0.0003,0.022790309245465323,0.01329255858581746,0.09678549505770206,0.0946555226109922,-143.78935360908508
12608,,268.3916,100.0,30209,,41,,,0.0340242013335228,1260800,0.11,,,,,,,,,,,,,
12612,0.17498778456168437,268.23032,100.0,30232,0.288,41,0.27,0.0,0.03402877599000931,1261600,0.11,4.276371538308195,28.00546374766822,0.1095462879166007,28.00546374766822,157632,0.3338346895761788,54.487837970256805,0.0003,0.022812786686699837,0.013358191645238549,-0.097381989704445,0.09392742172349244,-143.86474776268005
12616,,268.23032,100.0,30232,,41,,,0.03402877599000931,1261600,0.11,,,,,,,,,,,,,
12620,0.0,266.4972,100.0,30245,0.294,41,0.0,0.0,0.0340346060693264,1262400,0.1,4.245464414392684,28.00546374766822,0.10669690696522593,28.00546374766822,157696,0.33198861544951797,56.60123550891876,0.0003,0.022800948238000274,0.011317922777379863,0.10901077999733388,0.09605618088971823,-143.44028878211975
12624,,266.4972,100.0,30245,,41,,,0.0340346060693264,1262400,0.1,,,,,,,,,,,,,
12628,0.3092666541777193,266.91183,100.0,30268,0.22199999999999995,41,1.08,0.0,0.03403691202402115,1263200,0.1,3.8310129435956664,28.00546374766822,0.10644852404948324,28.00546374766822,157824,0.334703775588423,54.48247843980789,0.0003,0.022709103301167488,0.01193163615243975,-1.0854802974499762,0.09395421564113349,-143.51580667495728
12632,,266.91183,100.0,30268,,41,,,0.03403691202402115,1263200,0.1,,,,,,,,,,,,,
12636,0.0,265.9173,100.0,30282,0.22499999999999998,41,0.0,0.0,0.03403431177139282,1264000,0.1,4.071063809274237,28.00546374766822,0.10684701742138714,28.00546374766822,157888,0.3357127960771322,52.322049379348755,0.0003,0.02263580384897068,0.01087207219825359,-1.17690812330693,0.09467461868189275,-143.2733874320984
12640,,265.9173,100.0,30282,,41,,,0.03403431177139282,1264000,0.1,,,,,,,,,,,,,
12644,0.05482320585174578,271.68503,100.0,30306,0.27599999999999997,41,0.09,0.0,0.03403167426586151,1264800,0.12,3.2040629261428357,28.00546374766822,0.10531876527238637,28.00546374766822,158016,0.3326669563539326,60.1296004652977,0.0003,0.02251848380547017,0.011165271353092976,-2.1617070094216615,0.09499425056856126,-144.1218445301056
12648,,271.68503,100.0,30306,,41,,,0.03403167426586151,1264800,0.12,,,,,,,,,,,,,
12652,0.0,272.55298,100.0,30320,0.3,41,0.0,0.0,0.03402839973568916,1265600,0.12,4.228218920712958,28.00546374766822,0.10559051181189716,28.00546374766822,158080,0.33168259216472507,57.99009120464325,0.0003,0.022414323524571955,0.01290709921886446,-0.4144761466886848,0.09585389320272952,-143.94165873527527
12656,,272.55298,100.0,30320,,41,,,0.03402839973568916,1265600,0.12,,,,,,,,,,,,,
12660,0.10795451723797132,272.80536,100.0,30343,0.18599999999999997,41,0.36,0.0,0.03403434157371521,1266400,0.12,3.6545140936528093,28.00546374766822,0.1086331094847992,28.00546374766822,158208,0.33533351635560393,58.02042120695114,0.0003,0.022441515320679173,0.011493176923977444,0.5445658839307725,0.09459356882143766,-143.66307520866394
12664,,272.80536,100.0,30343,,41,,,0.03403434157371521,1266400,0.12,,,,,,,,,,,,,
12668,0.1182078215111409,276.7755,100.0,30357,0.3,41,0.39,0.0,0.03403415530920029,1267200,0.12,4.356472312707099,28.00546374766822,0.10855811508372426,28.00546374766822,158272,0.336254240013659,60.01928609609604,0.0003,0.02243331933277659,0.011339390184730291,-1.589899327373132,0.09421547676902264,-144.2688970565796
12672,,276.7755,100.0,30357,,41,,,0.03403415530920029,1267200,0.12,,,,,,,,,,,,,
12676,0.17064819956504643,269.50076,100.0,30380,0.23399999999999996,41,0.45,0.0,0.03403043374419212,1268000,0.09,3.9820451779116244,28.00546374766822,0.10653911577537656,28.00546374766822,158400,0.33410137612372637,60.02059704065323,0.0003,0.022274469665717334,0.011225321766687557,-1.4685576315969229,0.0939099524402991,-143.56627106666565
12680,,269.50076,100.0,30380,,41,,,0.03403043374419212,1268000,0.09,,,,,,,,,,,,,
12684,0.26617160630281106,271.4156,100.0,30403,0.29699999999999993,41,0.66,0.0,0.03402279317378998,1268800,0.09,3.830814217193315,28.00546374766822,0.10584269580431283,28.00546374766822,158528,0.3324522436596453,55.550801515579224,0.0003,0.02212198922643438,0.011516484402818605,-0.2829778245650232,0.09507327829487622,-143.75153756141663
12688,,271.4156,100.0,30403,,41,,,0.03402279317378998,1268800,0.09,,,,,,,,,,,,,
12692,0.12007469737746079,267.27957,100.0,30416,0.3,41,0.39,0.0,0.03402071073651314,1269600,0.08,4.347825749653271,28.00546374766822,0.10607378650456667,28.00546374766822,158592,0.33244432834908366,59.68673640489578,0.0003,0.022083012969233096,0.012570797603984829,-1.1374590233899653,0.09439631353598088,-144.38888239860535
12696,,267.27957,100.0,30416,,41,,,0.03402071073651314,1269600,0.08,,,,,,,,,,,,,
12700,0.10515560680820218,263.22263,100.0,30438,0.2909999999999999,41,0.21,0.0,0.03401922434568405,1270400,0.08,4.171165478735728,28.00546374766822,0.10767473792657256,28.00546374766822,158720,0.3341682907193899,57.26569622755051,0.0003,0.02195579305407591,0.012787733612640295,-1.4104596613906324,0.09565056196879596,-143.69667077064514
12704,,263.22263,100.0,30438,,41,,,0.03401922434568405,1270400,0.08,,,,,,,,,,,,,
12708,0.0,263.96902,100.0,30451,0.3,41,0.0,0.0,0.03401833027601242,1271200,0.09,3.9661957231825977,28.00546374766822,0.10612425918225199,28.00546374766822,158784,0.33337759552523494,55.53646630048752,0.0003,0.021876453596632928,0.012336117521044798,-0.897330186329782,0.09364005655515939,-144.2073187828064
12712,,263.96902,100.0,30451,,41,,,0.03401833027601242,1271200,0.09,,,,,,,,,,,,,
12716,0.050000953633417444,265.1754,100.0,30473,0.26099999999999995,41,0.18,0.0,0.03400815278291702,1272000,0.09,4.522368947378133,28.00546374766822,0.10367563599720597,28.00546374766822,158912,0.33471748046576977,60.615167796611786,0.0003,0.021699013246688992,0.011676154739689082,-1.7638248531147838,0.09306664206087589,-143.90939712524414
12720,,265.1754,100.0,30473,,41,,,0.03400815278291702,1272000,0.09,,,,,,,,,,,,,
12724,0.050782017560297314,264.94073,100.0,30488,0.29699999999999993,41,0.12,0.0,0.034007277339696884,1272800,0.1,4.1873326371224024,28.00546374766822,0.1051737165544182,28.00546374766822,158976,0.3336100676096976,56.332978546619415,0.0003,0.021595960366539657,0.0123719069379149,-0.499635809333995,0.09390757617074996,-143.33243536949158
12728,,264.94073,100.0,30488,,41,,,0.034007277339696884,1272800,0.1,,,,,,,,,,,,,
12732,0.22107104612126466,266.31512,100.0,30512,0.3,41,0.57,0.0,0.0340101383626461,1273600,0.1,4.1114992904778065,28.00546374766822,0.10413426428567618,28.00546374766822,159104,0.3308771993033588,58.69426256418228,0.0003,0.02149255492258817,0.011498074782139156,1.2093759977724403,0.09339072415605187,-144.52652764320374
12736,,266.31512,100.0,30512,,41,,,0.0340101383626461,1273600,0.1,,,,,,,,,,,,,
12740,0.10157301011554727,266.1196,100.0,30534,0.291,41,0.18,0.0,0.03400513157248497,1274400,0.09,4.2088267419055585,28.00546374766822,0.10533936216961592,28.00546374766822,159232,0.33632104005664587,60.86750286817551,0.0003,0.021438611729536206,0.012094070814782754,-1.1469072350300848,0.09553153498563915,-143.9633343219757
12744,,266.1196,100.0,30534,,41,,,0.03400513157248497,1274400,0.09,,,,,,,,,,,,,
12748,0.2788872911227662,268.593,100.0,30548,0.3,41,0.75,0.0,0.03400794789195061,1275200,0.08,4.512101281993311,28.00546374766822,0.10308054718188941,28.00546374766822,159296,0.3326898175291717,57.5788568854332,0.0003,0.021408571396023035,0.011700090366502991,0.22193618933670223,0.09345754107926041,-144.23919486999512
12752,,268.593,100.0,30548,,41,,,0.03400794789195061,1275200,0.08,,,,,,,,,,,,,
12756,0.0,268.25827,100.0,30570,0.288,41,0.0,0.0,0.03400077670812607,1276000,0.08,4.039909956175169,28.00546374766822,0.10618197335861623,28.00546374766822,159424,0.32986330054700375,60.680394887924194,0.0003,0.021380467107519507,0.012960858286533039,-1.0217297626659274,0.09447948005981743,-144.34183168411255
12760,,268.25827,100.0,30570,,41,,,0.03400077670812607,1276000,0.08,,,,,,,,,,,,,
12764,0.3592207016752319,271.94888,100.0,30583,0.288,41,0.75,0.0,0.033998843282461166,1276800,0.09,2.9366866442829784,28.00546374766822,0.10462516010738909,28.00546374766822,159488,0.3292551077902317,58.448623955249786,0.0003,0.021312317752745003,0.01264211027591955,-0.3282395824790001,0.09494212490972131,-144.25971937179565
12768,,271.94888,100.0,30583,,41,,,0.033998843282461166,1276800,0.09,,,,,,,,,,,,,
12772,0.13169519506423177,269.1751,100.0,30606,0.294,41,0.21,0.0,0.033993542194366455,1277600,0.1,3.280198272110766,28.00546374766822,0.10358039836864918,28.00546374766822,159616,0.33240741258487105,61.98143136501312,0.0003,0.02124904832453467,0.01121267602138687,0.14638631884008646,0.0928537615109235,-143.9709951877594
12776,,269.1751,100.0,30606,,41,,,0.033993542194366455,1277600,0.1,,,,,,,,,,,,,
12780,0.0,264.58887,100.0,30620,0.29699999999999993,41,0.0,0.0,0.03399753198027611,1278400,0.1,3.830538454014284,28.00546374766822,0.10455794772133231,28.00546374766822,159680,0.3334637233056128,54.89364367723465,0.0003,0.021232548751868308,0.011788369665737264,0.09250978054478765,0.09382676833774894,-144.12910294532776
12784,,264.58887,100.0,30620,,41,,,0.03399753198027611,1278400,0.1,,,,,,,,,,,,,
12788,0.0,267.59488,100.0,30642,0.3,41,0.0,0.0,0.03399404138326645,1279200,0.11,4.278995418937183,28.00546374766822,0.10262521344702691,28.00546374766822,159808,0.3288758643902838,56.311423659324646,0.0003,0.021223964489763603,0.010949975738185458,-0.9305046370718628,0.09294204483740032,-144.37935757637024
12792,,267.59488,100.0,30642,,41,,,0.03399404138326645,1279200,0.11,,,,,,,,,,,,,
12796,0.0,269.77655,100.0,30656,0.288,41,0.0,0.0,0.03399091958999634,1280000,0.12,3.714147267486141,28.00546374766822,0.10359832656104118,28.00546374766822,159872,0.333565563429147,57.37115174531937,0.0003,0.021132695575943217,0.010997023946401896,0.1322010699659586,0.09068338456563652,-143.63675332069397
12800,,269.77655,100.0,30656,,41,,,0.03399091958999634,1280000,0.12,,,,,,,,,,,,,
12804,0.0627430778344294,270.1003,100.0,30680,0.3,41,0.24,0.0,0.03398576378822327,1280800,0.11,4.393538953654366,27.44535447271485,0.10502556699793786,27.44535447271485,160000,0.33660867251455784,56.2156423330307,0.0003,0.021144067315617576,0.012759977034875192,-1.3559621688909829,0.092731763725169,-143.76386904716492
12808,,270.1003,100.0,30680,,41,,,0.03398576378822327,1280800,0.11,,,,,,,,,,,,,
12812,0.10243551746670422,271.70914,100.0,30703,0.27299999999999996,41,0.33,0.0,0.03397990018129349,1281600,0.12,3.804129045437874,27.44535447271485,0.10648001183290035,27.44535447271485,160128,0.336449068505317,56.024651885032654,0.0003,0.02105640238733031,0.011846889909065794,0.36038754926994443,0.09263397322501987,-143.36606884002686
12816,,271.70914,100.0,30703,,41,,,0.03397990018129349,1281600,0.12,,,,,,,,,,,,,
12820,0.392672837441391,278.86218,100.0,30715,0.3,41,0.72,0.0,0.03397892042994499,1282400,0.15,3.7466399149197986,27.44535447271485,0.10589130758307874,27.44535447271485,160192,0.33328932663425803,65.23436683416367,0.0003,0.02108707101433538,0.0137590101621754,0.9909152191830799,0.094458571751602,-143.57069849967957
12824,,278.86218,100.0,30715,,41,,,0.03397892042994499,1282400,0.15,,,,,,,,,,,,,
12828,0.33545710969288917,280.0675,100.0,30738,0.29699999999999993,41,0.69,0.0,0.03397250920534134,1283200,0.14,4.731619156230935,27.44535447271485,0.10517577221617103,27.44535447271485,160320,0.33566259359940886,63.5765745639801,0.0003,0.02109202352585271,0.012742281767714303,-0.7052503286395222,0.09623156033921987,-144.53476548194885
12832,,280.0675,100.0,30738,,41,,,0.03397250920534134,1283200,0.14,,,,,,,,,,,,,
12836,0.5366343785801553,285.70425,100.0,30751,0.3,41,1.5,0.0,0.03396520018577576,1284000,0.15,3.79749121615972,27.44535447271485,0.10420586029067636,27.44535447271485,160384,0.3328693341463804,65.18009978532791,0.0003,0.02102596845361404,0.012961954904312734,-0.03870721627026796,0.09752931736875325,-144.06023693084717
12840,,285.70425,100.0,30751,,41,,,0.03396520018577576,1284000,0.15,,,,,,,,,,,,,
12844,0.12283392469517708,283.7058,100.0,30776,0.282,41,0.39,0.0,0.033964596688747406,1284800,0.15,4.085357858926142,27.44535447271485,0.10621037275996059,27.44535447271485,160512,0.3349956697784364,66.85211777687073,0.0003,0.021015113568864763,0.01384773752943147,-0.16023308807052672,0.09614059131126851,-144.00956010818481
12848,,283.7058,100.0,30776,,41,,,0.033964596688747406,1284800,0.15,,,,,,,,,,,,,
12852,0.26076206486894926,285.5641,100.0,30789,0.3,41,0.75,0.0,0.03396311029791832,1285600,0.17,3.28774755761262,27.44535447271485,0.10671424306929111,27.44535447271485,160576,0.3332516439259052,55.92548710107803,0.0003,0.02101670388947241,0.012640195593121462,0.9212290879804641,0.09548413753509521,-144.40245294570923
12856,,285.5641,100.0,30789,,41,,,0.03396311029791832,1285600,0.17,,,,,,,,,,,,,
12860,0.14105915492593948,284.24014,100.0,30813,0.3,41,0.36,0.0,0.033954180777072906,1286400,0.16,4.17930146197506,27.44535447271485,0.10729003546293825,27.44535447271485,160704,0.3364395899698138,60.40863382816315,0.0003,0.021141166420420632,0.012412660420523025,0.9271297184750438,0.09547797066625208,-143.93058276176453
12864,,284.24014,100.0,30813,,41,,,0.033954180777072906,1286400,0.16,,,,,,,,,,,,,
12868,0.026390928226714107,282.2276,100.0,30837,0.3,41,0.12,0.0,0.03396010398864746,1287200,0.15,3.909468308950144,27.44535447271485,0.10700818127952516,27.44535447271485,160832,0.3361043930053711,61.36793398857117,0.0003,0.021469474158948287,0.013084037185763009,1.5376962963491678,0.0945407641120255,-143.87432289123535
12872,,282.2276,100.0,30837,,41,,,0.03396010398864746,1287200,0.15,,,,,,,,,,,,,
12876,0.0,282.11026,100.0,30850,0.3,41,0.0,0.0,0.03396644815802574,1288000,0.15,4.155424082323509,27.44535447271485,0.1071453852346167,27.44535447271485,160896,0.3318704687990248,57.890708684921265,0.0003,0.021543752460274845,0.014083432499319315,-0.3867799141444266,0.0965918704168871,-144.07908391952515
12880,,282.11026,100.0,30850,,41,,,0.03396644815802574,1288000,0.15,,,,,,,,,,,,,
12884,0.02144432347513013,278.8136,100.0,30873,0.27599999999999997,41,0.09,0.0,0.03396286815404892,1288800,0.14,3.906745100405975,27.44535447271485,0.10673553077504039,27.44535447271485,161024,0.3376489346846938,60.643633246421814,0.0003,0.021528071054490283,0.012771197492838837,-0.381049235817045,0.09706600417848676,-144.1423795223236
12888,,278.8136,100.0,30873,,41,,,0.03396286815404892,1288800,0.14,,,,,,,,,,,,,
12892,0.26110702299336963,275.4596,100.0,30886,0.3,41,0.75,0.0,0.03396659716963768,1289600,0.12,4.659281526458057,27.44535447271485,0.11461489018984139,27.44535447271485,161088,0.3376077772118151,59.57171684503555,0.0003,0.021528579527512193,0.014126334666798357,0.8584752620663494,0.09404905722476542,-143.8245484828949
12896,,275.4596,100.0,30886,,41,,,0.03396659716963768,1289600,0.12,,,,,,,,,,,,,
12900,0.0,274.2552,100.0,30909,0.3,41,0.0,0.0,0.033948060125112534,1290400,0.12,4.038143037510673,27.44535447271485,0.10798212653025985,27.44535447271485,161216,0.3355100187472999,60.92155361175537,0.0003,0.021478177048265934,0.0133272889215732,-0.6069824498845264,0.09398073086049408,-143.59873366355896
12904,,274.2552,100.0,30909,,41,,,0.033948060125112534,1290400,0.12,,,,,,,,,,,,,
12908,0.1809638224862444,280.5343,100.0,30923,0.294,41,0.48,0.0,0.03394641727209091,1291200,0.15,3.382798871634116,27.44535447271485,0.10873340780381113,27.44535447271485,161280,0.3349427403882146,60.4568794965744,0.0003,0.021481025556568056,0.0124658822096535,0.6026555374846794,0.0937965614721179,-143.53466749191284
12912,,280.5343,100.0,30923,,41,,,0.03394641727209091,1291200,0.15,,,,,,,,,,,,,
12916,0.23685963048977318,277.42813,100.0,30946,0.3,41,0.66,0.0,0.03393559157848358,1292000,0.13,4.535722906125057,27.44535447271485,0.10607179417274892,27.44535447271485,161408,0.3314099763520062,59.71034812927246,0.0003,0.021516193402931094,0.012669401985476725,-0.7078930879943073,0.09362427948508412,-144.20337343215942
12920,,277.42813,100.0,30946,,41,,,0.03393559157848358,1292000,0.13,,,,,,,,,,,,,
12924,0.035036344924711374,272.61942,100.0,30961,0.29699999999999993,41,0.09,0.0,0.0339336059987545,1292800,0.13,3.85853670818252,27.44535447271485,0.10427806456573308,27.44535447271485,161472,0.3322500381618738,61.11257743835449,0.0003,0.021524375420995057,0.012190893219667487,1.186620049062185,0.0928615954471752,-143.5305678844452
12928,,272.61942,100.0,30961,,41,,,0.0339336059987545,1292800,0.13,,,,,,,,,,,,,
12932,0.1423045544850585,271.9956,100.0,30983,0.3,41,0.39,0.0,0.033935416489839554,1293600,0.15,2.444864602626443,27.44535447271485,0.11267589987255633,27.44535447271485,161600,0.33170078601688147,56.744598507881165,0.0003,0.02161309777875431,0.014259645315178204,0.6735489831771702,0.09353777428623289,-143.68477702140808
12936,,271.9956,100.0,30983,,41,,,0.033935416489839554,1293600,0.15,,,,,,,,,,,,,
12940,0.21995918428416983,270.8392,100.0,31006,0.264,41,0.45,0.0,0.03393377736210823,1294400,0.15,4.417418198627804,27.44535447271485,0.10433239815756679,27.44535447271485,161728,0.331009934656322,53.745158433914185,0.0003,0.021696532028727233,0.011757771237171255,-1.057806811761111,0.09217222267761827,-143.6003930568695
12944,,270.8392,100.0,31006,,41,,,0.03393377736210823,1294400,0.15,,,,,,,,,,,,,
12948,0.3530021544400334,268.04428,100.0,31019,0.3,41,0.72,0.0,0.033928725868463516,1295200,0.14,4.564929279381949,27.44535447271485,0.10558773227967322,27.44535447271485,161792,0.33231405494734645,57.967486917972565,0.0003,0.02163313393248245,0.012320401583565399,-0.23539435397833586,0.093443782068789,-144.06852078437805
12952,,268.04428,100.0,31019,,41,,,0.033928725868463516,1295200,0.14,,,,,,,,,,,,,
12956,0.16704494280238985,264.21347,100.0,31042,0.29699999999999993,41,0.39,0.0,0.03392910584807396,1296000,0.13,3.403712237875837,27.44535447271485,0.1053626355715096,27.44535447271485,161920,0.3342138812877238,57.634784162044525,0.0003,0.021711873298045248,0.011084895326348487,0.9497863268479705,0.09227621101308614,-143.35904383659363
12960,,264.21347,100.0,31042,,41,,,0.03392910584807396,1296000,0.13,,,,,,,,,,,,,
12964,0.02190686823030094,265.28317,100.0,31055,0.29699999999999993,41,0.06,0.0,0.033925861120224,1296800,0.13,3.5571247232349297,27.44535447271485,0.10623726155608892,27.44535447271485,161984,0.33442981261759996,56.06091892719269,0.0003,0.021777175745228305,0.011983668031462003,0.9832066262606531,0.09173720376566052,-143.27381086349487
12968,,265.28317,100.0,31055,,41,,,0.033925861120224,1296800,0.13,,,,,,,,,,,,,
12972,0.28913723462890245,264.46704,100.0,31078,0.3,41,0.66,0.0,0.03392606973648071,1297600,0.12,4.6964873018487845,27.44535447271485,0.10539929266087711,27.44535447271485,162112,0.33369889855384827,55.58916932344437,0.0003,0.0218687511223834,0.01230329999816604,0.6423364270012826,0.09041814669035375,-143.4811406135559
12976,,264.46704,100.0,31078,,41,,,0.03392606973648071,1297600,0.12,,,,,,,,,,,,,
12980,0.07751628704043012,265.15448,100.0,31091,0.3,41,0.21,0.0,0.033924002200365067,1298400,0.12,4.473299435844273,27.44535447271485,0.10457148321438581,27.44535447271485,162176,0.33438014332205057,54.921423971652985,0.0003,0.021931371215032414,0.011573319054150488,0.3041807736735791,0.09060205519199371,-142.77790665626526
12984,,265.15448,100.0,31091,,41,,,0.033924002200365067,1298400,0.12,,,,,,,,,,,,,
12988,0.0,263.6234,100.0,31114,0.22799999999999998,41,0.0,0.0,0.03392442688345909,1299200,0.12,4.175041268651787,27.44535447271485,0.10588857403490692,27.44535447271485,162304,0.3342668595723808,56.5622056722641,0.0003,0.022022374760126695,0.012101164596970193,0.8387662542518228,0.09025247429963201,-142.72005701065063
12992,,263.6234,100.0,31114,,41,,,0.03392442688345909,1299200,0.12,,,,,,,,,,,,,
12996,0.0,265.2695,100.0,31137,0.3,41,0.0,0.0,0.033908553421497345,1300000,0.12,4.676001213146688,27.44535447271485,0.10393457603640854,27.44535447271485,162432,0.3334191399626434,56.17097771167755,0.0003,0.021987457235809416,0.013313837007444818,-0.6862131496891379,0.08862135570961982,-143.27769088745117
13000,,265.2695,100.0,31137,,41,,,0.033908553421497345,1300000,0.12,,,,,,,,,,,,,
13004,0.0744139402782017,260.38577,100.0,31151,0.26099999999999995,41,0.33,0.0,0.03390359506011009,1300800,0.09,4.5249783114438085,26.896447383260558,0.10354531987104565,26.896447383260558,162496,0.3352394690737128,54.09942126274109,0.0003,0.02193153227563016,0.012510173444752581,-0.5241678198799491,0.08890315156895667,-143.0086486339569
13008,,260.38577,100.0,31151,,41,,,0.03390359506011009,1300800,0.09,,,,,,,,,,,,,
13012,0.10201721014954732,260.88544,100.0,31174,0.3,41,0.42,0.0,0.03389613330364227,1301600,0.09,4.209876675323021,26.896447383260558,0.10360026569105685,26.896447383260558,162624,0.33237830037251115,53.0112127661705,0.0003,0.02190619515022263,0.012833656481234357,-0.12769096437841654,0.09106700867414474,-142.85201716423035
13016,,260.88544,100.0,31174,,41,,,0.03389613330364227,1301600,0.09,,,,,,,,,,,,,
13020,0.1326073226344896,261.4975,100.0,31189,0.3,41,0.39,0.0,0.03389252349734306,1302400,0.1,4.10304032812321,26.896447383260558,0.10402093909215182,26.896447383260558,162688,0.3359653106890619,55.03028702735901,0.0003,0.021876420913031325,0.011784502246882766,-1.0981875013094395,0.0901576749747619,-142.57357120513916
13024,,261.4975,100.0,31189,,41,,,0.03389252349734306,1302400,0.1,,,,,,,,,,,,,
13028,0.23517835247713342,258.23328,100.0,31213,0.3,41,0.54,0.0,0.033895935863256454,1303200,0.06,4.775046426901179,26.896447383260558,0.10269099613651633,26.896447383260558,162816,0.3336795554496348,56.18963587284088,0.0003,0.021889163152081892,0.01230484529514797,0.8079935589339584,0.08957807172555476,-143.24356627464294
13032,,258.23328,100.0,31213,,41,,,0.033895935863256454,1303200,0.06,,,,,,,,,,,,,
13036,0.19615937296004693,254.60846,100.0,31226,0.2909999999999999,41,0.66,0.0,0.0338868610560894,1304000,0.04,4.380663253127571,26.896447383260558,0.10315364284906536,26.896447383260558,162880,0.3375172195956111,54.17463260889053,0.0003,0.021875429345527664,0.01201853127713548,-0.29541421099565923,0.08832393761258572,-143.10714650154114
13040,,254.60846,100.0,31226,,41,,,0.0338868610560894,1304000,0.04,,,,,,,,,,,,,
13044,0.0,255.65828,100.0,31249,0.267,41,0.0,0.0,0.03389107435941696,1304800,0.05,3.692339416337102,26.896447383260558,0.10751350526697934,26.896447383260558,163008,0.3340203296393156,57.124866366386414,0.0003,0.021963271137792617,0.012156864446296822,0.8834329743403941,0.09037012816406786,-142.44226264953613
13048,,255.65828,100.0,31249,,41,,,0.03389107435941696,1304800,0.05,,,,,,,,,,,,,
13052,0.1337184074743284,255.14664,100.0,31263,0.19799999999999998,41,0.33,0.0,0.033891625702381134,1305600,0.04,3.90061437117708,26.896447383260558,0.10493292124010623,26.896447383260558,163072,0.33679729606956244,59.63447630405426,0.0003,0.022027929953765124,0.01210594066651538,0.03226649388670921,0.08932391996495426,-142.30114269256592
13056,,255.14664,100.0,31263,,41,,,0.033891625702381134,1305600,0.04,,,,,,,,,,,,,
13060,0.22660920101528909,259.64502,100.0,31287,0.3,41,0.75,0.0,0.033900778740644455,1306400,0.05,4.069295244256825,26.896447383260558,0.10355365159921348,26.896447383260558,163200,0.330940461717546,58.595595717430115,0.0003,0.02217705501243472,0.010836290162842488,1.3923368284013122,0.08960189612116665,-142.5254681110382
13064,,259.64502,100.0,31287,,41,,,0.033900778740644455,1306400,0.05,,,,,,,,,,,,,
13068,0.08544129464687321,259.02612,100.0,31309,0.3,41,0.36,0.0,0.033903513103723526,1307200,0.06,3.37757913108767,26.896447383260558,0.10342820850200951,26.896447383260558,163328,0.3372516273520887,54.46526229381561,0.0003,0.022307640057988465,0.011185791343450546,0.9961225826409645,0.08649951126426458,-142.02646398544312
13072,,259.02612,100.0,31309,,41,,,0.033903513103723526,1307200,0.06,,,,,,,,,,,,,
13076,0.20094242875403862,259.49188,100.0,31324,0.29699999999999993,41,0.78,0.0,0.033905040472745895,1308000,0.06,4.863942759485002,26.896447383260558,0.1027468804968521,26.896447383260558,163392,0.334208011161536,54.46388405561447,0.0003,0.02241199533455074,0.01088454371347325,0.5025187903083861,0.08852376299910247,-141.74078583717346
13080,,259.49188,100.0,31324,,41,,,0.033905040472745895,1308000,0.06,,,,,,,,,,,,,
13084,0.10539399980556836,261.4644,100.0,31346,0.2909999999999999,41,0.45,0.0,0.03390353545546532,1308800,0.06,4.9201533232740395,26.896447383260558,0.10256431857123971,26.896447383260558,163520,0.33369770599529147,54.015922367572784,0.0003,0.022497226862469688,0.012462771839636844,-0.09664434986189008,0.08958046545740217,-141.89565682411194
13088,,261.4644,100.0,31346,,41,,,0.03390353545546532,1308800,0.06,,,,,,,,,,,,,
13092,0.17142311937579538,259.41757,100.0,31360,0.25499999999999995,41,0.36,0.0,0.033902984112501144,1309600,0.07,4.34807401509209,26.896447383260558,0.10206393129192293,26.896447383260558,163584,0.33141352143138647,52.369084656238556,0.0003,0.022458849940449,0.0115063129705959,0.2294674280565232,0.0888619776815176,-142.11661958694458
13096,,259.41757,100.0,31360,,41,,,0.033902984112501144,1309600,0.07,,,,,,,,,,,,,
13100,0.2640988134146545,261.87637,100.0,31384,0.288,41,1.14,0.0,0.033902037888765335,1310400,0.07,5.184120393937261,26.896447383260558,0.10226373572368175,26.896447383260558,163712,0.3307563145644963,49.14119803905487,0.0003,0.022488390241051093,0.011578828642086592,0.28095810557715595,0.08992051740642637,-141.79833579063416
13104,,261.87637,100.0,31384,,41,,,0.033902037888765335,1310400,0.07,,,,,,,,,,,,,
13108,0.10203319230410722,263.72678,100.0,31398,0.2909999999999999,41,0.39,0.0,0.03390079736709595,1311200,0.07,4.276475793742338,26.896447383260558,0.10364548896905035,26.896447383260558,163776,0.3298197868280113,52.480074644088745,0.0003,0.02250100940000266,0.012734000571072102,-0.017874930519610643,0.09113095153588802,-141.80127334594727
13112,,263.72678,100.0,31398,,41,,,0.03390079736709595,1311200,0.07,,,,,,,,,,,,,
13116,0.38355700818183613,264.3795,100.0,31422,0.2909999999999999,41,0.81,0.0,0.033906105905771255,1312000,0.06,4.678617544730049,26.896447383260558,0.10380627657286823,26.896447383260558,163904,0.3320862087421119,51.32379788160324,0.0003,0.02250424525118433,0.012244714438566007,-0.014106211951002479,0.08944465883541852,-141.99768805503845
13120,,264.3795,100.0,31422,,41,,,0.033906105905771255,1312000,0.06,,,,,,,,,,,,,
13124,0.11665201221560496,266.15414,100.0,31445,0.3,41,0.36,0.0,0.03390221297740936,1312800,0.08,3.7472000519220314,26.896447383260558,0.11576772946864367,26.896447383260558,164032,0.33278760593384504,52.96300584077835,0.0003,0.022464162961114198,0.014828715429757722,-0.7550801815232262,0.08837424975354224,-142.33552527427673
13128,,266.15414,100.0,31445,,41,,,0.03390221297740936,1312800,0.08,,,,,,,,,,,,,
13132,0.5095256166027481,268.2351,100.0,31458,0.291,41,1.11,0.0,0.03390449285507202,1313600,0.08,4.71856345743324,26.896447383260558,0.1092829005792737,26.896447383260558,164096,0.3329795990139246,56.66966474056244,0.0003,0.022448635863838717,0.012517543822468724,0.550378440413624,0.08988164109177887,-141.8523600101471
13136,,268.2351,100.0,31458,,41,,,0.03390449285507202,1313600,0.08,,,,,,,,,,,,,
13140,0.029127903968615573,275.60342,100.0,31481,0.294,41,0.12,0.0,0.0338997058570385,1314400,0.09,3.526219128751387,26.896447383260558,0.10221465502399951,26.896447383260558,164224,0.33269384130835533,52.439228653907776,0.0003,0.02249105734517798,0.012104378314688802,1.247863967437297,0.08865505887661129,-142.1427936553955
13144,,275.60342,100.0,31481,,41,,,0.0338997058570385,1314400,0.09,,,,,,,,,,,,,
13148,0.0,270.80408,100.0,31495,0.27899999999999997,41,0.0,0.0,0.03390328586101532,1315200,0.08,4.26057027662547,26.896447383260558,0.10225708305370063,26.896447383260558,164288,0.33714449405670166,51.18010753393173,0.0003,0.022582762729143724,0.010206484672380611,0.48216212540864944,0.08805866981856525,-142.05550003051758
13152,,270.80408,100.0,31495,,41,,,0.03390328586101532,1315200,0.08,,,,,,,,,,,,,
13156,0.2026900999717206,272.32843,100.0,31518,0.288,41,0.39,0.0,0.033893924206495285,1316000,0.09,3.9566336988187643,26.896447383260558,0.10189855459611863,26.896447383260558,164416,0.33410319732502103,54.2727991938591,0.0003,0.022529381880303845,0.010607922020426486,0.08637775480747223,0.08671471721027046,-141.43968772888184
13160,,272.32843,100.0,31518,,41,,,0.033893924206495285,1316000,0.09,,,,,,,,,,,,,
13164,0.43709211115007796,267.66956,100.0,31531,0.3,41,1.53,0.0,0.033891335129737854,1316800,0.06,4.918754130653822,26.896447383260558,0.1020521663594991,26.896447383260558,164480,0.33288433123379946,53.47239702939987,0.0003,0.022529983631102368,0.01067200058241724,0.6959799391916022,0.08911301114130765,-141.39883708953857
13168,,267.66956,100.0,31531,,41,,,0.033891335129737854,1316800,0.06,,,,,,,,,,,,,
13172,0.0,266.8164,100.0,31554,0.3,41,0.0,0.0,0.033891014754772186,1317600,0.06,4.207949085902502,26.896447383260558,0.1015260056592524,26.896447383260558,164608,0.33328152308240533,52.21755903959274,0.0003,0.022653564752545208,0.011326483432640089,1.0247490131296217,0.08704979217145592,-141.41657376289368
13176,,266.8164,100.0,31554,,41,,,0.033891014754772186,1317600,0.06,,,,,,,,,,,,,
13180,0.4352929036450046,267.4061,100.0,31568,0.26999999999999996,41,1.14,0.0,0.03389093279838562,1318400,0.06,4.928360253726611,26.896447383260558,0.10183145210612565,26.896447383260558,164672,0.336817744653672,53.50883591175079,0.0003,0.022694600716931745,0.010189857061050134,0.6265688488492742,0.08609412284567952,-141.60723066329956
13184,,267.4061,100.0,31568,,41,,,0.03389093279838562,1318400,0.06,,,,,,,,,,,,,
13188,0.07568596115506569,265.3165,100.0,31590,0.294,41,0.27,0.0,0.03388756141066551,1319200,0.06,4.343296518119182,26.896447383260558,0.1028331657871604,26.896447383260558,164800,0.3362517487257719,50.6200253367424,0.0003,0.022672059916658327,0.01042268121818779,-1.550607574172318,0.08865417493507266,-141.4400749206543
13192,,265.3165,100.0,31590,,41,,,0.03388756141066551,1319200,0.06,,,,,,,,,,,,,
13196,0.2604565376387414,269.93384,100.0,31612,0.22499999999999998,41,0.75,0.0,0.03387915715575218,1320000,0.05,3.9991150748988478,26.896447383260558,0.1049216246465221,26.896447383260558,164928,0.33421510038897395,51.92978858947754,0.0003,0.022541023296071216,0.012313184815866407,-0.4888886627741158,0.08512487052939832,-140.6735908985138
13200,,269.93384,100.0,31612,,41,,,0.03387915715575218,1320000,0.05,,,,,,,,,,,,,
13204,0.2938785380853323,273.41595,100.0,31625,0.264,41,0.75,0.0,0.03389052674174309,1320800,0.05,4.402975306459229,26.358518435595347,0.10226069111377001,26.358518435595347,164992,0.3344624452292919,48.81135666370392,0.0003,0.022577619703952223,0.010811056738020852,2.346840794198215,0.08547403546981514,-140.96081399917603
13208,,273.41595,100.0,31625,,41,,,0.03389052674174309,1320800,0.05,,,,,,,,,,,,,
13212,0.43465386196688244,279.20984,100.0,31649,0.3,41,0.75,0.0,0.0338863879442215,1321600,0.07,3.821790227251181,26.358518435595347,0.09999391052406281,26.358518435595347,165120,0.33197772689163685,49.523559272289276,0.0003,0.022688618337269872,0.010653810189978685,-0.19339409284293652,0.08486327296122909,-141.20422267913818
13216,,279.20984,100.0,31649,,41,,,0.0338863879442215,1321600,0.07,,,,,,,,,,,,,
13220,0.29517273240681663,281.39157,100.0,31662,0.264,41,0.66,0.0,0.033891428261995316,1322400,0.08,3.7972522098759662,26.358518435595347,0.09952335397247225,26.358518435595347,165184,0.33359890477731824,59.50768560171127,0.0003,0.022731134435161948,0.009623524223570712,1.349474793765694,0.08680016326252371,-141.367840051651
13224,,281.39157,100.0,31662,,41,,,0.033891428261995316,1322400,0.08,,,,,,,,,,,,,
13228,0.07491575744816072,277.3771,100.0,31685,0.3,41,0.3,0.0,0.033890653401613235,1323200,0.07,4.046852347873713,26.358518435595347,0.09724448865745217,26.358518435595347,165312,0.3280655634589493,56.46319591999054,0.0003,0.02293991800979711,0.01077924049604917,0.040802076226100326,0.08493491064291447,-141.43203496932983
13232,,277.3771,100.0,31685,,41,,,0.033890653401613235,1323200,0.07,,,,,,,,,,,,,
13236,0.14910587009188384,279.58325,100.0,31698,0.264,41,0.45,0.0,0.033888351172208786,1324000,0.09,3.35789330168565,26.358518435595347,0.09973060362972319,26.358518435595347,165376,0.333850204013288,53.875634133815765,0.0003,0.022890518594067544,0.011047512292861938,-0.8355187408160418,0.08814918098505586,-141.29205465316772
13240,,279.58325,100.0,31698,,41,,,0.033888351172208786,1324000,0.09,,,,,,,,,,,,,
13244,0.0,273.79044,100.0,31721,0.3,41,0.0,0.0,0.033889371901750565,1324800,0.09,3.813021101289678,26.358518435595347,0.10107951099053025,26.358518435595347,165504,0.3340197424404323,48.587490260601044,0.0003,0.02292365813627839,0.010859107947908342,0.6973938983865082,0.08701875200495124,-140.79000616073608
13248,,273.79044,100.0,31721,,41,,,0.033889371901750565,1324800,0.09,,,,,,,,,,,,,
13252,0.040042575813748725,274.1764,100.0,31744,0.25499999999999995,41,0.15,0.0,0.03388072922825813,1325600,0.08,4.44396292571078,26.358518435595347,0.10235241858754307,26.358518435595347,165632,0.33279451029375196,57.3403440117836,0.0003,0.02297328971326351,0.011939811360207386,-1.5397964706644416,0.08755697216838598,-141.2851529121399
13256,,274.1764,100.0,31744,,41,,,0.03388072922825813,1325600,0.08,,,,,,,,,,,,,
13260,0.0,277.59366,100.0,31757,0.264,41,0.0,0.0,0.033884935081005096,1326400,0.1,3.4980879399495772,26.358518435595347,0.10152195859700441,26.358518435595347,165696,0.3312749117612839,61.75359171628952,0.0003,0.02299261189182289,0.01110044937377097,2.3291309925261885,0.0838197369594127,-141.91703629493713
13264,,277.59366,100.0,31757,,41,,,0.033884935081005096,1326400,0.1,,,,,,,,,,,,,
13268,0.1899805408747973,280.8213,100.0,31779,0.27299999999999996,41,0.36,0.0,0.03388078138232231,1327200,0.11,4.0218762913308135,26.358518435595347,0.10187080956529826,26.358518435595347,165824,0.33379935938864946,60.49524235725403,0.0003,0.02307545964140445,0.0107587985767168,0.16379062831401825,0.08633564854972064,-141.65134620666504
13272,,280.8213,100.0,31779,,41,,,0.03388078138232231,1327200,0.11,,,,,,,,,,,,,
13276,0.0,279.8045,100.0,31793,0.264,41,0.0,0.0,0.033885177224874496,1328000,0.11,4.556496566799507,26.358518435595347,0.1026382353156805,26.358518435595347,165888,0.3337340531870723,56.823292911052704,0.0003,0.023138111253501847,0.01169651548116235,1.564274993026629,0.08511206007096916,-141.8710618019104
13280,,279.8045,100.0,31793,,41,,,0.033885177224874496,1328000,0.11,,,,,,,,,,,,,
13284,0.0,278.25092,100.0,31816,0.294,41,0.0,0.0,0.033880434930324554,1328800,0.11,4.41346825906063,26.358518435595347,0.10172522801440209,26.358518435595347,166016,0.33112058555707335,49.74355673789978,0.0003,0.023134445800678805,0.012139972022850998,-1.6584965309593827,0.08580117858946323,-141.22250986099243
13288,,278.25092,100.0,31816,,41,,,0.033880434930324554,1328800,0.11,,,,,,,,,,,,,
13292,0.15764811042875074,279.39346,100.0,31830,0.3,41,0.36,0.0,0.0338808111846447,1329600,0.12,4.015066875213186,26.358518435595347,0.101042176829651,26.358518435595347,166080,0.3332245512865484,52.03695982694626,0.0003,0.02304786187596619,0.010752948590379674,-0.10462366696447134,0.08463858370669186,-141.1144847869873
13296,,279.39346,100.0,31830,,41,,,0.0338808111846447,1329600,0.12,,,,,,,,,,,,,
13300,0.0,270.57056,100.0,31852,0.282,41,0.0,0.0,0.03388175368309021,1330400,0.11,4.641491949045804,26.358518435595347,0.10191400942858309,26.358518435595347,166208,0.33057014690712094,53.770089983940125,0.0003,0.023070363706210628,0.011100408068159595,-0.7303207224467769,0.0870071075623855,-141.07701349258423
13304,,270.57056,100.0,31852,,41,,,0.03388175368309021,1330400,0.11,,,,,,,,,,,,,
13308,0.23474587462562624,269.4296,100.0,31866,0.288,41,0.75,0.0,0.03388405591249466,1331200,0.1,4.575377193252234,26.358518435595347,0.1012491814326495,26.358518435595347,166272,0.33125693583860993,51.676697969436646,0.0003,0.02301750480546616,0.010526932273933198,-0.14997351728379726,0.08593202743213624,-141.25546717643738
13312,,269.4296,100.0,31866,,41,,,0.03388405591249466,1331200,0.1,,,,,,,,,,,,,
13316,0.12032416278652092,263.21173,100.0,31890,0.29699999999999993,41,0.39,0.0,0.03388713672757149,1332000,0.1,4.5072441846121505,26.358518435595347,0.10297283611726016,26.358518435595347,166400,0.33498178655281663,59.82467448711395,0.0003,0.023019456304609776,0.011172581544087734,0.2829293832182884,0.08639567671343684,-141.76753997802734
13320,,263.21173,100.0,31890,,41,,,0.03388713672757149,1332000,0.1,,,,,,,,,,,,,
13324,0.0496354223432326,257.5405,100.0,31913,0.3,41,0.12,0.0,0.03387927636504173,1332800,0.09,4.729182539538984,26.358518435595347,0.10296073812060058,26.358518435595347,166528,0.3298409366980195,50.592738926410675,0.0003,0.022956217551836744,0.011873021299834363,-0.6565071324585006,0.08598061662632972,-141.47180891036987
13328,,257.5405,100.0,31913,,41,,,0.03387927636504173,1332800,0.09,,,,,,,,,,,,,
13332,0.0,254.29033,100.0,31926,0.26099999999999995,41,0.0,0.0,0.03387754410505295,1333600,0.07,3.5539508701865556,26.358518435595347,0.10186050506308675,26.358518435595347,166592,0.33108260156586766,48.831375658512115,0.0003,0.022932873253012076,0.010384796005382668,0.5675631023477763,0.08624146040529013,-141.60859608650208
13336,,254.29033,100.0,31926,,41,,,0.03387754410505295,1333600,0.07,,,,,,,,,,,,,
13340,0.0068721870116770604,255.12433,100.0,31951,0.3,41,0.03,0.0,0.03388390690088272,1334400,0.07,5.013074245164775,26.358518435595347,0.10183112788945436,26.358518435595347,166720,0.332886494230479,52.1232333779335,0.0003,0.023104325344320387,0.010820583403983619,0.3935508690774441,0.08438610646408051,-141.23780179023743
13344,,255.12433,100.0,31951,,41,,,0.03388390690088272,1334400,0.07,,,,,,,,,,,,,
13348,0.3196183028206835,258.38828,100.0,31965,0.3,41,0.87,0.0,0.03388596698641777,1335200,0.07,4.22143277079474,26.358518435595347,0.10257591865956783,26.358518435595347,166784,0.3311884440481663,51.07793289422989,0.0003,0.023144676873926073,0.011425653123296797,1.2463038619607687,0.08593504736199975,-141.38748860359192
13352,,258.38828,100.0,31965,,41,,,0.03388596698641777,1335200,0.07,,,,,,,,,,,,,
13356,0.0,257.9333,100.0,31988,0.291,41,0.0,0.0,0.033882495015859604,1336000,0.07,4.206246222718527,26.358518435595347,0.10125635098665953,26.358518435595347,166912,0.3306363266892731,52.27578753232956,0.0003,0.02312670470564626,0.010714758878748398,-0.6205608677119017,0.08731798792723566,-141.11204147338867
13360,,257.9333,100.0,31988,,41,,,0.033882495015859604,1336000,0.07,,,,,,,,,,,,,
13364,0.0,251.34805,100.0,32001,0.264,41,0.0,0.0,0.03388671576976776,1336800,0.06,3.7481698430685753,26.358518435595347,0.1007578200660646,26.358518435595347,166976,0.3285716096870601,47.005235850811005,0.0003,0.023126779386075214,0.011874825671839062,1.4480164078995585,0.08632961055263877,-141.20754504203796
13368,,251.34805,100.0,32001,,41,,,0.03388671576976776,1336800,0.06,,,,,,,,,,,,,
13372,0.1839317488146966,252.69194,100.0,32025,0.3,41,0.42,0.0,0.03389229252934456,1337600,0.06,3.9219536597499207,26.358518435595347,0.10200078168418258,26.358518435595347,167104,0.32841017423197627,51.10543301701546,0.0003,0.023272462538443506,0.013906000247516204,-0.9212041969876736,0.08801753772422671,-140.74489307403564
13376,,252.69194,100.0,32025,,41,,,0.03389229252934456,1337600,0.06,,,,,,,,,,,,,
13380,0.47219882734612445,256.70038,100.0,32047,0.29699999999999993,41,1.11,0.0,0.033881548792123795,1338400,0.06,4.899760229803301,26.358518435595347,0.10361753101460636,26.358518435595347,167232,0.3311863555572927,51.858265817165375,0.0003,0.023175647715106606,0.013101459036988672,0.5478441957384348,0.08648080890998244,-140.95148396492004
13384,,256.70038,100.0,32047,,41,,,0.033881548792123795,1338400,0.06,,,,,,,,,,,,,
13388,0.0,255.2859,100.0,32061,0.23699999999999996,41,0.0,0.0,0.03388252481818199,1339200,0.05,4.168662448143521,26.358518435595347,0.10480576101690531,26.358518435595347,167296,0.3302283766679466,56.47376811504364,0.0003,0.023267177486559376,0.014377386323758401,1.295156626496464,0.08948497171513736,-141.3337688446045
13392,,255.2859,100.0,32061,,41,,,0.03388252481818199,1339200,0.05,,,,,,,,,,,,,
13396,0.2611210746540119,257.42224,100.0,32084,0.27299999999999996,41,0.78,0.0,0.03388596698641777,1340000,0.05,4.636721897340963,26.358518435595347,0.10603917273692787,26.358518435595347,167424,0.3339910372160375,54.003246039152145,0.0003,0.023493644082918763,0.012356018247373868,2.129520327784121,0.08750881545711309,-141.3031554222107
13400,,257.42224,100.0,32084,,41,,,0.03388596698641777,1340000,0.05,,,,,,,,,,,,,
13404,0.12518908709957005,258.48892,100.0,32097,0.264,41,0.3,0.0,0.03388912230730057,1340800,0.07,4.086642274199994,25.831348066883436,0.10426699987147003,25.831348066883436,167488,0.3326240391470492,53.17259466648102,0.0003,0.023619059822522104,0.011236629321501823,1.0086587173864245,0.08781596104381606,-140.9856777191162
13408,,258.48892,100.0,32097,,41,,,0.03388912230730057,1340800,0.07,,,,,,,,,,,,,
13412,0.0,255.19693,100.0,32120,0.288,41,0.0,0.0,0.03388817608356476,1341600,0.06,4.029655459346355,25.831348066883436,0.1032475852407515,25.831348066883436,167616,0.3332132063806057,49.50898492336273,0.0003,0.023666570923523977,0.012347783624136355,1.1868544607423246,0.08671182696707547,-140.22843766212463
13416,,255.19693,100.0,32120,,41,,,0.03388817608356476,1341600,0.06,,,,,,,,,,,,,
13420,0.0,255.0208,100.0,32135,0.18899999999999997,41,0.0,0.0,0.03388943895697594,1342400,0.07,3.126747467957799,25.831348066883436,0.1017962460173294,25.831348066883436,167680,0.33700956171378493,49.08073249459267,0.0003,0.023687903420068324,0.010976995690725744,0.009596674237400293,0.08636555087286979,-140.3629014492035
13424,,255.0208,100.0,32135,,41,,,0.03388943895697594,1342400,0.07,,,,,,,,,,,,,
13428,0.0,257.9219,100.0,32157,0.222,41,0.0,0.0,0.03389368951320648,1343200,0.08,3.7456519087621896,25.831348066883436,0.10467021411750466,25.831348066883436,167808,0.3362266947515309,52.03184986114502,0.0003,0.023773783264914528,0.010907087606028654,-0.516930787358433,0.08839214069303125,-140.6389410495758
13432,,257.9219,100.0,32157,,41,,,0.03389368951320648,1343200,0.08,,,,,,,,,,,,,
13436,0.09943318563598766,257.12497,100.0,32171,0.3,41,0.36,0.0,0.03389085456728935,1344000,0.08,3.764784378276478,25.831348066883436,0.1037047776626423,25.831348066883436,167872,0.33576450729742646,46.14503771066666,0.0003,0.023787837591953576,0.010557046989561059,1.7732003573328257,0.08728795393835753,-140.24580264091492
13440,,257.12497,100.0,32171,,41,,,0.03389085456728935,1344000,0.08,,,,,,,,,,,,,
13444,0.1512069279574597,254.59673,100.0,32193,0.29699999999999993,41,0.39,0.0,0.03389137610793114,1344800,0.07,4.681025898076706,25.831348066883436,0.10292907431721687,25.831348066883436,168000,0.3347474103793502,50.01718434691429,0.0003,0.02402830056962557,0.01155315129290102,0.49586428340990096,0.08981570287141949,-140.16771721839905
13448,,254.59673,100.0,32193,,41,,,0.03389137610793114,1344800,0.07,,,,,,,,,,,,,
13452,0.05160143319600057,253.35738,100.0,32217,0.3,41,0.24,0.0,0.03388750180602074,1345600,0.07,4.31242624059194,25.831348066883436,0.10424881242215633,25.831348066883436,168128,0.3389483983628452,50.84198051691055,0.0003,0.024103533942252398,0.012550925988762174,-0.1351145077496767,0.08708532794844359,-140.04976868629456
13456,,253.35738,100.0,32217,,41,,,0.03388750180602074,1345600,0.07,,,,,,,,,,,,,
13460,0.3243003305228045,256.71536,100.0,32231,0.3,41,0.57,0.0,0.03388475626707077,1346400,0.08,4.075217927986061,25.831348066883436,0.10317155136726797,25.831348066883436,168192,0.33753154519945383,49.721691608428955,0.0003,0.02412594947963953,0.011618627984717023,-0.44798534852452576,0.08774856803938746,-139.61612820625305
13464,,256.71536,100.0,32231,,41,,,0.03388475626707077,1346400,0.08,,,,,,,,,,,,,
13468,0.24151532855978544,264.13647,100.0,32253,0.264,41,0.75,0.0,0.033886294811964035,1347200,0.1,3.1631188507168457,25.831348066883436,0.10173024260438979,25.831348066883436,168320,0.33443211670964956,50.72623863816261,0.0003,0.024134373961715028,0.012466344254789874,-0.18854196299798787,0.08810159692075104,-140.81650495529175
13472,,264.13647,100.0,32253,,41,,,0.033886294811964035,1347200,0.1,,,,,,,,,,,,,
13476,0.10164002798837139,258.0393,100.0,32268,0.3,41,0.3,0.0,0.033886805176734924,1348000,0.09,4.994350177016038,25.831348066883436,0.10049329767934978,25.831348066883436,168384,0.333505941554904,50.53806173801422,0.0003,0.024134270730428398,0.01152945958165219,-0.017417224124073982,0.08784697658848017,-140.9379858970642
13480,,258.0393,100.0,32268,,41,,,0.033886805176734924,1348000,0.09,,,,,,,,,,,,,
13484,0.12043845269443217,261.85468,100.0,32292,0.3,41,0.36,0.0,0.033881768584251404,1348800,0.1,4.088057421328404,25.831348066883436,0.10090825823135674,25.831348066883436,168512,0.33475094102323055,53.63081508874893,0.0003,0.02408132451819256,0.011478253072709776,-2.0427002501673996,0.08864758489653468,-140.74323773384094
13488,,261.85468,100.0,32292,,41,,,0.033881768584251404,1348800,0.1,,,,,,,,,,,,,
13492,0.14972281798883902,262.2599,100.0,32305,0.26099999999999995,41,0.36,0.0,0.03388239070773125,1349600,0.1,4.588574354652681,25.831348066883436,0.10032553621567786,25.831348066883436,168576,0.33026141999289393,51.817377150058746,0.0003,0.02401911636115983,0.010920778426225297,0.22790455305948853,0.08831202972214669,-140.96942234039307
13496,,262.2599,100.0,32305,,41,,,0.03388239070773125,1349600,0.1,,,,,,,,,,,,,
13500,0.20473426901076455,258.87976,100.0,32329,0.26099999999999995,41,0.57,0.0,0.03387417271733284,1350400,0.1,4.156140184791027,25.831348066883436,0.09987500216811895,25.831348066883436,168704,0.3326694150455296,51.65582597255707,0.0003,0.023914333229186013,0.011319328608806245,-0.06541046057827771,0.08767588541377336,-140.95369863510132
13504,,258.87976,100.0,32329,,41,,,0.03387417271733284,1350400,0.1,,,,,,,,,,,,,
13508,0.19446540411000424,262.76895,100.0,32351,0.3,41,0.39,0.0,0.03386327251791954,1351200,0.1,4.135132611772159,25.831348066883436,0.1030046179657802,25.831348066883436,168832,0.33525470783933997,54.961313366889954,0.0003,0.023741216777125373,0.010741159312601667,-2.2594900591066107,0.08783787593711168,-141.03144669532776
13512,,262.76895,100.0,32351,,41,,,0.03386327251791954,1351200,0.1,,,,,,,,,,,,,
13516,0.0,271.45303,100.0,32365,0.3,41,0.0,0.0,0.03386586159467697,1352000,0.12,3.6901947044938304,25.831348066883436,0.1023439223645255,25.831348066883436,168896,0.33502818970009685,51.99235051870346,0.0003,0.02363585081184283,0.011988527883659117,-0.33400336606428027,0.08852225437294692,-140.94479131698608
13520,,271.45303,100.0,32365,,41,,,0.03386586159467697,1352000,0.12,,,,,,,,,,,,,
13524,0.0,272.71808,100.0,32389,0.3,41,0.0,0.0,0.03386498615145683,1352800,0.12,3.9080682561844657,25.831348066883436,0.09898984676692635,25.831348066883436,169024,0.3327976129949093,49.85173863172531,0.0003,0.023536524327937514,0.010623064372339286,-0.7290381558705121,0.08955989929381758,-140.550066947937
13528,,272.71808,100.0,32389,,41,,,0.03386498615145683,1352800,0.12,,,,,,,,,,,,,
13532,0.40816135091633454,274.01636,100.0,32402,0.3,41,1.35,0.0,0.03387285768985748,1353600,0.11,4.4038120199489805,25.831348066883436,0.10011032433249056,25.831348066883436,169088,0.33176139229908586,50.804958403110504,0.0003,0.023513246938819066,0.010655882753781043,0.33450703974813223,0.08515138505026698,-140.89149522781372
13536,,274.01636,100.0,32402,,41,,,0.03387285768985748,1353600,0.11,,,,,,,,,,,,,
13540,0.1884129190842742,281.1016,100.0,32425,0.3,41,0.57,0.0,0.033866994082927704,1354400,0.13,3.8440471242212264,25.831348066883436,0.09903932921588421,25.831348066883436,169216,0.33064342057332397,57.44002330303192,0.0003,0.023486974387196824,0.010606914860545658,-0.17356670065782964,0.08966303267516196,-141.71440267562866
13544,,281.1016,100.0,32425,,41,,,0.033866994082927704,1354400,0.13,,,,,,,,,,,,,
13548,0.14614440617670346,287.59393,100.0,32439,0.3,41,0.3,0.0,0.03386081010103226,1355200,0.16,3.0396094663593924,25.831348066883436,0.09836538683157414,25.831348066883436,169280,0.3283888972364366,53.890630543231964,0.0003,0.023432927555404603,0.01157131492800545,-0.8761025953572243,0.08899239031597972,-141.9327883720398
13552,,287.59393,100.0,32439,,41,,,0.03386081010103226,1355200,0.16,,,,,,,,,,,,,
13556,0.0,287.46072,100.0,32462,0.3,41,0.0,0.0,0.033867496997117996,1356000,0.16,3.9486149601781984,25.831348066883436,0.10028201609384269,25.831348066883436,169408,0.33238542824983597,50.37812000513077,0.0003,0.023374866519588977,0.010920726155745797,-1.160061553120613,0.08777718257624656,-141.55603218078613
13560,,287.46072,100.0,32462,,41,,,0.033867496997117996,1356000,0.16,,,,,,,,,,,,,
13564,0.1337046548658909,286.34198,100.0,32476,0.3,41,0.21,0.0,0.03385879099369049,1356800,0.14,3.4260786646219357,25.831348066883436,0.09974849957507104,25.831348066883436,169472,0.3315134481526911,53.59190768003464,0.0003,0.02325549942906946,0.011235984617087524,-1.577684667892754,0.08606709504965693,-141.5685007572174
13568,,286.34198,100.0,32476,,41,,,0.03385879099369049,1356800,0.14,,,,,,,,,,,,,
13572,0.04,287.41318,100.0,32498,0.3,41,0.06,0.0,0.03386249765753746,1357600,0.16,3.784725879199637,25.831348066883436,0.0997297007124871,25.831348066883436,169600,0.3282537222839892,52.369012117385864,0.0003,0.023165293590864167,0.012028128709062003,-0.4563333769328892,0.08804668847005814,-141.99981808662415
13576,,287.41318,100.0,32498,,41,,,0.03386249765753746,1357600,0.16,,,,,,,,,,,,,
13580,0.0,284.67825,100.0,32520,0.294,41,0.0,0.0,0.03386092185974121,1358400,0.16,3.8870621749023484,25.831348066883436,0.10065227968152612,25.831348066883436,169728,0.33318233862519264,49.149448335170746,0.0003,0.02303877574740909,0.011014895593689289,0.5563490364002064,0.0895125730894506,-141.60684728622437
13584,,284.67825,100.0,32520,,41,,,0.03386092185974121,1358400,0.16,,,,,,,,,,,,,
13588,0.4168349939727845,286.7987,100.0,32533,0.3,41,1.11,0.0,0.03386665880680084,1359200,0.15,3.6637081270340066,25.831348066883436,0.09945571015123278,25.831348066883436,169792,0.32881393237039447,49.64161038398743,0.0003,0.023030459677102044,0.01053944217710523,-0.5063497486989945,0.08851740986574441,-141.04817247390747
13592,,286.7987,100.0,32533,,41,,,0.03386665880680084,1359200,0.15,,,,,,,,,,,,,
13596,0.1067422596458879,288.12363,100.0,32556,0.288,41,0.36,0.0,0.03386358916759491,1360000,0.14,4.499403997727295,25.831348066883436,0.10007549659349024,25.831348066883436,169920,0.32775438064709306,50.60610216856003,0.0003,0.022849087428767234,0.010721502017986495,-2.5553053345065564,0.08844419603701681,-141.83547830581665
13600,,288.12363,100.0,32556,,41,,,0.03386358916759491,1360000,0.14,,,,,,,,,,,,,
13604,0.28083958453417596,289.09323,100.0,32570,0.3,41,0.63,0.0,0.033864181488752365,1360800,0.13,4.393620918994099,25.314721105545768,0.10048385092522949,25.314721105545768,169984,0.32780647883191705,50.649489879608154,0.0003,0.02270468568895012,0.011833537311758846,-0.6422364024911076,0.08656107191927731,-141.19089150428772
13608,,289.09323,100.0,32570,,41,,,0.033864181488752365,1360800,0.13,,,,,,,,,,,,,
13612,0.060609781622928044,290.3131,100.0,32593,0.3,41,0.21,0.0,0.03386278450489044,1361600,0.14,3.8428607260446874,25.314721105545768,0.10130077716894448,25.314721105545768,170112,0.3278869823552668,52.35779291391373,0.0003,0.02261591301066801,0.012293212766962824,-2.3157230615615845,0.08593060437124223,-140.9273464679718
13616,,290.3131,100.0,32593,,41,,,0.03386278450489044,1361600,0.14,,,,,,,,,,,,,
13620,0.0,283.12155,100.0,32606,0.264,41,0.0,0.0,0.03386025130748749,1362400,0.12,3.5672597363322405,25.314721105545768,0.10332836746238172,25.314721105545768,170176,0.3317026454024017,55.30942386388779,0.0003,0.02249017043504864,0.010934557623841101,-0.8159935048315674,0.0865980526432395,-140.872389793396
13624,,283.12155,100.0,32606,,41,,,0.03386025130748749,1362400,0.12,,,,,,,,,,,,,
13628,0.017746330451296796,279.74033,100.0,32629,0.2909999999999999,41,0.06,0.0,0.03385143727064133,1363200,0.11,4.74777956602516,25.314721105545768,0.10180475085508078,25.314721105545768,170304,0.3278516847640276,52.8406822681427,0.0003,0.022290627559414133,0.011105565787147498,-1.4405582081526518,0.08862422790843993,-141.48275995254517
13632,,279.74033,100.0,32629,,41,,,0.03385143727064133,1363200,0.11,,,,,,,,,,,,,
13636,0.1222301379282675,276.0806,100.0,32652,0.3,41,0.36,0.0,0.03384406864643097,1364000,0.11,4.191685007706873,25.314721105545768,0.09991180803626776,25.314721105545768,170432,0.3247495242394507,56.98679858446121,0.0003,0.022006977029377595,0.009734214145282749,-1.6630251379683614,0.08709809265565127,-141.77713298797607
13640,,276.0806,100.0,32652,,41,,,0.03384406864643097,1364000,0.11,,,,,,,,,,,,,
13644,0.08151044283259229,267.0206,100.0,32666,0.3,41,0.24,0.0,0.03384527564048767,1364800,0.07,4.317054516254186,25.314721105545768,0.10113446554169059,25.314721105545768,170496,0.3311666212975979,55.01714915037155,0.0003,0.02192497596843168,0.009823903084907215,-0.5746946050785482,0.0867828211048618,-141.41794896125793
13648,,267.0206,100.0,32666,,41,,,0.03384527564048767,1364800,0.07,,,,,,,,,,,,,
13652,0.014873758296161022,271.30402,100.0,32689,0.285,41,0.06,0.0,0.03384271264076233,1365600,0.08,4.076012259562469,25.314721105545768,0.10193291865289211,25.314721105545768,170624,0.32811147393658757,56.067853420972824,0.0003,0.02181726897833869,0.012242606666404754,-0.005849499488249421,0.08715684770140797,-141.39485955238342
13656,,271.30402,100.0,32689,,41,,,0.03384271264076233,1365600,0.08,,,,,,,,,,,,,
13660,0.10388464691446375,264.22668,100.0,32702,0.3,41,0.21,0.0,0.033844757825136185,1366400,0.08,3.5146106739630683,25.314721105545768,0.10076540103182197,25.314721105545768,170688,0.3309876206330955,55.008419543504715,0.0003,0.021778139780508354,0.010149498833925463,-0.33649395895190537,0.08712221379391849,-141.0518717765808
13664,,264.22668,100.0,32702,,41,,,0.033844757825136185,1366400,0.08,,,,,,,,,,,,,
13668,0.2429600288012722,267.82724,100.0,32724,0.294,41,0.51,0.0,0.033848054707050323,1367200,0.11,2.787450152742222,25.314721105545768,0.10143814631737769,25.314721105545768,170816,0.32616404723376036,54.2567640542984,0.0003,0.021719287586165592,0.011132718878798187,-0.4423680731561035,0.08545466093346477,-141.04476022720337
13672,,267.82724,100.0,32724,,41,,,0.033848054707050323,1367200,0.11,,,,,,,,,,,,,
13676,0.12835848800099245,267.96976,100.0,32737,0.27899999999999997,41,0.39,0.0,0.033843375742435455,1368000,0.1,4.063224820631128,25.314721105545768,0.10300000722054392,25.314721105545768,170880,0.3288914067670703,48.3557325899601,0.0003,0.02168012084439397,0.011255819284997415,-0.30753931147046387,0.08619022893253714,-140.93880486488342
13680,,267.96976,100.0,32737,,41,,,0.033843375742435455,1368000,0.1,,,,,,,,,,,,,
13684,0.0,267.32217,100.0,32760,0.29699999999999993,41,0.0,0.0,0.03383816033601761,1368800,0.1,4.353319918617115,25.314721105545768,0.10051605268381536,25.314721105545768,171008,0.3288550223223865,48.544956654310226,0.0003,0.021646819193847477,0.010650127522239927,-1.8879488550592214,0.08739692613016814,-141.3439495563507
13688,,267.32217,100.0,32760,,41,,,0.03383816033601761,1368800,0.1,,,,,,,,,,,,,
13692,0.1670155260798407,268.29245,100.0,32774,0.3,41,0.39,0.0,0.03383396938443184,1369600,0.12,3.234312164042879,25.314721105545768,0.10427829355467111,25.314721105545768,171072,0.32542573334649205,50.84832149744034,0.0003,0.021537836699280888,0.011602586702792905,0.2704507578164339,0.08533419203013182,-140.70748090744019
13696,,268.29245,100.0,32774,,41,,,0.03383396938443184,1369600,0.12,,,,,,,,,,,,,
13700,0.0,268.77264,100.0,32797,0.26099999999999995,41,0.0,0.0,0.03382861614227295,1370400,0.14,3.2397336103265717,25.314721105545768,0.10462749644648284,25.314721105545768,171200,0.3312804661691189,50.92011630535126,0.0003,0.021531966660404578,0.011470279438071884,0.039754409925080836,0.08851669984869659,-141.35283637046814
13704,,268.77264,100.0,32797,,41,,,0.03382861614227295,1370400,0.14,,,,,,,,,,,,,
13708,0.007500058562169758,267.07925,100.0,32819,0.264,41,0.03,0.0,0.03382706269621849,1371200,0.14,3.9010409243885795,25.314721105545768,0.10661096253897995,25.314721105545768,171328,0.3279306944459677,51.35725611448288,0.0003,0.02155743958428502,0.011266464629443362,1.0362821388989687,0.0885222745127976,-141.89167141914368
13712,,267.07925,100.0,32819,,41,,,0.03382706269621849,1371200,0.14,,,,,,,,,,,,,
13716,0.020280213187839964,270.8717,100.0,32832,0.264,41,0.09,0.0,0.03382706642150879,1372000,0.15,3.772857694236019,25.314721105545768,0.10374819464050233,25.314721105545768,171392,0.3274243650957942,50.39836925268173,0.0003,0.02160693588666618,0.01167182851349935,0.2075682496652007,0.08777837152592838,-141.32843899726868
13720,,270.8717,100.0,32832,,41,,,0.03382706642150879,1372000,0.15,,,,,,,,,,,,,
13724,0.01991960299130876,272.18005,100.0,32855,0.26099999999999995,41,0.06,0.0,0.03381998836994171,1372800,0.16,3.279464251502692,25.314721105545768,0.10943283746019006,25.314721105545768,171520,0.3274262105114758,50.053298354148865,0.0003,0.021471056767040864,0.013362782410695218,-1.7460995842702687,0.08825678005814552,-141.73145937919617
13728,,272.18005,100.0,32855,,41,,,0.03381998836994171,1372800,0.16,,,,,,,,,,,,,
13732,0.0,275.98392,100.0,32868,0.26099999999999995,41,0.0,0.0,0.033816318958997726,1373600,0.18,2.910479777620975,25.314721105545768,0.10762256605084985,25.314721105545768,171584,0.330738359130919,53.01529276371002,0.0003,0.021384969411883503,0.012308551056776196,-0.18356013111770153,0.08829447824973613,-141.25505328178406
13736,,275.98392,100.0,32868,,41,,,0.033816318958997726,1373600,0.18,,,,,,,,,,,,,
13740,0.038781745348810584,276.84616,100.0,32891,0.3,41,0.06,0.0,0.03380739316344261,1374400,0.19,3.9017988107977817,25.314721105545768,0.10678131505846977,25.314721105545768,171712,0.3305768324062228,56.54338961839676,0.0003,0.021323049382772297,0.01228879700647667,-0.7397633569780737,0.08991442702244967,-141.92229413986206
13744,,276.84616,100.0,32891,,41,,,0.03380739316344261,1374400,0.19,,,,,,,,,,,,,
13748,0.0,268.98993,100.0,32904,0.2909999999999999,41,0.0,0.0,0.03381137177348137,1375200,0.17,4.451162708957766,25.314721105545768,0.10688880947418511,25.314721105545768,171776,0.3280601971782744,50.991237223148346,0.0003,0.02133196173235774,0.012181736638012808,0.5585467044729739,0.08649482426699251,-141.89106440544128
13752,,268.98993,100.0,32904,,41,,,0.03381137177348137,1375200,0.17,,,,,,,,,,,,,
13756,0.3488517969266237,277.0769,100.0,32927,0.3,41,0.81,0.0,0.03380076587200165,1376000,0.18,3.810588952808809,25.314721105545768,0.10527499567251652,25.314721105545768,171904,0.3310358328744769,53.44247326254845,0.0003,0.02127966471016407,0.011678330571157858,1.3792379167862236,0.09030340635217726,-141.3224446773529
13760,,277.0769,100.0,32927,,41,,,0.03380076587200165,1376000,0.18,,,,,,,,,,,,,
13764,0.0,279.16248,100.0,32950,0.3,41,0.0,0.0,0.033802829682826996,1376800,0.19,2.511946994742482,25.314721105545768,0.10548670997377485,25.314721105545768,172032,0.33215626422315836,52.16025185585022,0.0003,0.021356396726332605,0.012192834190500434,0.19357017055153847,0.08744617889169604,-141.41874194145203
13768,,279.16248,100.0,32950,,41,,,0.033802829682826996,1376800,0.19,,,,,,,,,,,,,
13772,0.45102470933477845,281.95868,100.0,32965,0.25799999999999995,41,0.96,0.0,0.0338008850812912,1377600,0.19,3.5758808923682057,25.314721105545768,0.10952734807506204,25.314721105545768,172096,0.3335585966706276,55.832282304763794,0.0003,0.021387986023910344,0.012323567119892687,-0.03806769580114633,0.0882462072186172,-140.97154831886292
13776,,281.95868,100.0,32965,,41,,,0.0338008850812912,1377600,0.19,,,,,,,,,,,,,
13780,0.0,277.77872,100.0,32987,0.22199999999999995,41,0.0,0.0,0.033805690705776215,1378400,0.18,3.863719897523398,25.314721105545768,0.11113423435017467,25.314721105545768,172224,0.33297165390104055,57.858647644519806,0.0003,0.021491527237230912,0.0130166175076738,-1.1657454322557896,0.09110617102123797,-141.97664952278137
13784,,277.77872,100.0,32987,,41,,,0.033805690705776215,1378400,0.18,,,,,,,,,,,,,
13788,0.10519671589607,276.04523,100.0,33002,0.3,41,0.36,0.0,0.03380177170038223,1379200,0.17,4.166719794541008,25.314721105545768,0.10708365624304861,25.314721105545768,172288,0.3330679670907557,52.29850670695305,0.0003,0.021452197601320222,0.013175191183108836,0.04825224750675261,0.09027157409582287,-141.81142377853394
13792,,276.04523,100.0,33002,,41,,,0.03380177170038223,1379200,0.17,,,,,,,,,,,,,
13796,0.045661727743120356,273.86337,100.0,33024,0.2909999999999999,41,0.15,0.0,0.0337960422039032,1380000,0.17,4.505262101158907,25.314721105545768,0.10573880234733224,25.314721105545768,172416,0.3312896089628339,52.60822653770447,0.0003,0.02147271655849181,0.01138530168827856,-0.5264857965521514,0.08994354994501919,-141.92934727668762
13800,,273.86337,100.0,33024,,41,,,0.0337960422039032,1380000,0.17,,,,,,,,,,,,,
13804,0.1715577095719063,272.35175,100.0,33038,0.3,41,0.36,0.0,0.033797647804021835,1380800,0.15,4.390797526766024,24.80842668343485,0.10512343992013484,24.80842668343485,172480,0.33094101352617145,50.189201325178146,0.0003,0.02146219168207608,0.011097776354290545,1.1005858818534762,0.08918340830132365,-142.11316657066345
13808,,272.35175,100.0,33038,,41,,,0.033797647804021835,1380800,0.15,,,,,,,,,,,,,
13812,0.17134732060995694,271.1298,100.0,33060,0.3,41,0.51,0.0,0.03379875048995018,1381600,0.13,3.7287869933460227,24.80842668343485,0.10679178137797862,24.80842668343485,172608,0.3299590670503676,47.677693128585815,0.0003,0.02164453739533201,0.012648069110582583,0.6588908820413053,0.08788527897559106,-142.09863924980164
13816,,271.1298,100.0,33060,,41,,,0.03379875048995018,1381600,0.13,,,,,,,,,,,,,
13820,0.05885193323384918,273.3903,100.0,33074,0.294,41,0.09,0.0,0.033793337643146515,1382400,0.13,3.9827010185396894,24.80842668343485,0.10656061163172126,24.80842668343485,172672,0.33624862181022763,52.33556139469147,0.0003,0.021663766383426264,0.012618902597751003,-1.0326728248037398,0.08797051501460373,-141.8897271156311
13824,,273.3903,100.0,33074,,41,,,0.033793337643146515,1382400,0.13,,,,,,,,,,,,,
13828,0.5327798439062809,271.33417,100.0,33096,0.23399999999999999,41,1.14,0.0,0.03378969430923462,1383200,0.11,4.354734673422737,24.80842668343485,0.10519183904398233,24.80842668343485,172800,0.33689467003569007,59.14709281921387,0.0003,0.02164865387021564,0.01349209352338221,0.8368483809754252,0.0903846810106188,-140.86761593818665
13832,,271.33417,100.0,33096,,41,,,0.03378969430923462,1383200,0.11,,,,,,,,,,,,,
13836,0.188800665746561,271.43942,100.0,33119,0.3,41,0.39,0.0,0.033786699175834656,1384000,0.1,4.501917040919725,24.80842668343485,0.10643171530682594,24.80842668343485,172928,0.33287194883450866,54.548430025577545,0.0003,0.021701211284380406,0.012530392668850254,1.3277073996141553,0.08762722555547953,-140.84992909431458
13840,,271.43942,100.0,33119,,41,,,0.033786699175834656,1384000,0.1,,,,,,,,,,,,,
13844,0.09418391906506757,271.87646,100.0,33132,0.29699999999999993,41,0.33,0.0,0.03378783166408539,1384800,0.1,3.9343720237581277,24.80842668343485,0.10617911629378796,24.80842668343485,172992,0.33108106767758727,56.88422930240631,0.0003,0.02179760517901741,0.011676709313178435,1.0199940232560039,0.08987176569644362,-141.29963278770447
13848,,271.87646,100.0,33132,,41,,,0.03378783166408539,1384800,0.1,,,,,,,,,,,,,
13852,0.07674665040696704,270.3758,100.0,33155,0.2879999999999999,41,0.27,0.0,0.03378339856863022,1385600,0.1,4.640363337117777,24.80842668343485,0.10540790297091007,24.80842668343485,173120,0.32855434296652675,48.56474605202675,0.0003,0.02199104308965616,0.012136610093875788,1.2513414025306702,0.09140617726370692,-141.00761532783508
13856,,270.3758,100.0,33155,,41,,,0.03378339856863022,1385600,0.1,,,,,,,,,,,,,
13860,0.09754451899670111,267.31204,100.0,33169,0.29399999999999993,41,0.36,0.0,0.033785250037908554,1386400,0.08,3.4469471776298963,24.80842668343485,0.10420376330148429,24.80842668343485,173184,0.3283464387059212,50.61270493268967,0.0003,0.022062165749957785,0.01139190770481946,0.7931611957028508,0.09025570272933692,-140.3939709663391
13864,,267.31204,100.0,33169,,41,,,0.033785250037908554,1386400,0.08,,,,,,,,,,,,,
13868,0.1176961957129763,261.70007,100.0,33192,0.3,41,0.36,0.0,0.03377683833241463,1387200,0.07,4.187781890152112,24.80842668343485,0.10431069496553391,24.80842668343485,173312,0.3302302281372249,51.584294110536575,0.0003,0.022003909543855116,0.012118053135054652,-0.14176445035263896,0.09060466743540019,-140.83594632148743
13872,,261.70007,100.0,33192,,41,,,0.03377683833241463,1387200,0.07,,,,,,,,,,,,,
13876,0.18178803353314377,261.64856,100.0,33205,0.27899999999999997,41,0.66,0.0,0.033778343349695206,1388000,0.06,4.155602176519313,24.80842668343485,0.10864411271177232,24.80842668343485,173376,0.3276432198472321,49.53497904539108,0.0003,0.02205647324444726,0.010886863397900015,0.6784540172666311,0.08956523868255317,-140.74198126792908
13880,,261.64856,100.0,33205,,41,,,0.033778343349695206,1388000,0.06,,,,,,,,,,,,,
13884,0.20051550331554727,265.5845,100.0,33228,0.27599999999999997,41,0.6,0.0,0.033777814358472824,1388800,0.07,4.094197683511305,24.80842668343485,0.10586562508251518,24.80842668343485,173504,0.3314304412342608,54.22354477643967,0.0003,0.02210412107524462,0.01119251488125883,0.18546990398317575,0.08816246897913516,-141.3421459197998
13888,,265.5845,100.0,33228,,41,,,0.033777814358472824,1388800,0.07,,,,,,,,,,,,,
13892,0.12023845067284877,265.56387,100.0,33251,0.3,41,0.54,0.0,0.03377281874418259,1389600,0.07,4.163599605809435,24.80842668343485,0.10425888595636934,24.80842668343485,173632,0.3271284596994519,52.05300536751747,0.0003,0.022120549314422533,0.011955145062529482,0.7839253576239571,0.08945378253702074,-141.43885207176208
13896,,265.56387,100.0,33251,,41,,,0.03377281874418259,1389600,0.07,,,,,,,,,,,,,
13900,0.06535476278352947,262.77145,100.0,33264,0.285,41,0.15,0.0,0.03377406299114227,1390400,0.07,4.320349875072751,24.80842668343485,0.11382050067186356,24.80842668343485,173696,0.3323341002687812,50.18028521537781,0.0003,0.02216272783698514,0.012481484067393467,0.803274723701179,0.08903897635173053,-140.86981654167175
13904,,262.77145,100.0,33264,,41,,,0.03377406299114227,1390400,0.07,,,,,,,,,,,,,
13908,0.4614855447313908,274.47665,100.0,33288,0.3,41,1.17,0.0,0.0337754562497139,1391200,0.11,2.6364186783478725,24.80842668343485,0.10463410732336342,24.80842668343485,173824,0.33178396383300424,53.239732563495636,0.0003,0.022207051486475393,0.011496391365653835,0.9537090510129929,0.08916435949504375,-141.12301111221313
13912,,274.47665,100.0,33288,,41,,,0.0337754562497139,1391200,0.11,,,,,,,,,,,,,
13916,0.2889794892510393,278.00986,100.0,33301,0.29699999999999993,41,0.72,0.0,0.033774830400943756,1392000,0.12,3.705908982210385,24.80842668343485,0.10427977831568569,24.80842668343485,173888,0.3293502521701157,53.29446065425873,0.0003,0.022224093409022316,0.011093484848970547,-0.6915919611928985,0.0882676598848775,-141.5923149585724
13920,,278.00986,100.0,33301,,41,,,0.033774830400943756,1392000,0.12,,,,,,,,,,,,,
13924,0.010775662508285766,272.55185,100.0,33323,0.26099999999999995,41,0.03,0.0,0.03377653658390045,1392800,0.11,4.4161688249089615,24.80842668343485,0.10426218854263425,24.80842668343485,174016,0.32985712168738246,55.252212822437286,0.0003,0.022237508150283247,0.012307393677474465,0.9114779662340879,0.08944631775375456,-141.00356698036194
13928,,272.55185,100.0,33323,,41,,,0.03377653658390045,1392800,0.11,,,,,,,,,,,,,
13932,0.0,272.5929,100.0,33337,0.26699999999999996,41,0.0,0.0,0.033779326826334,1393600,0.12,3.882299517558095,24.80842668343485,0.10509545111563057,24.80842668343485,174080,0.3298012660816312,51.49463415145874,0.0003,0.022287530067842454,0.011292855851934291,0.9117063377052546,0.08900877903215587,-140.74482774734497
13936,,272.5929,100.0,33337,,41,,,0.033779326826334,1393600,0.12,,,,,,,,,,,,,
13940,0.0,277.28986,100.0,33359,0.2909999999999999,41,0.0,0.0,0.03378499671816826,1394400,0.14,3.4188223235207853,24.80842668343485,0.10281951341312379,24.80842668343485,174208,0.3273304458707571,54.07913503050804,0.0003,0.022452292614616454,0.010969701310386881,-0.4223721220623702,0.08915141271427274,-141.02558851242065
13944,,277.28986,100.0,33359,,41,,,0.03378499671816826,1394400,0.14,,,,,,,,,,,,,
13948,0.11368484281886858,278.78464,100.0,33372,0.3,41,0.39,0.0,0.03378225490450859,1395200,0.13,5.04712372211879,24.80842668343485,0.10382201476022601,24.80842668343485,174272,0.3310841787606478,56.65271157026291,0.0003,0.022434418264310807,0.011115537337900605,0.9257764467038214,0.08987849892582744,-140.79752254486084
13952,,278.78464,100.0,33372,,41,,,0.03378225490450859,1395200,0.13,,,,,,,,,,,,,
13956,0.19111566177720177,282.88214,100.0,33396,0.3,41,0.66,0.0,0.033786773681640625,1396000,0.14,3.88968353839269,24.80842668343485,0.10184065077919513,24.80842668343485,174400,0.32621425995603204,52.52770638465881,0.0003,0.022500841034343466,0.01226503405632684,1.8062545477878302,0.08858374366536736,-141.06924843788147
13960,,282.88214,100.0,33396,,41,,,0.033786773681640625,1396000,0.14,,,,,,,,,,,,,
13964,0.0,276.7585,100.0,33419,0.26999999999999996,41,0.0,0.0,0.033789314329624176,1396800,0.12,4.40874330777518,24.80842668343485,0.10624812205787748,24.80842668343485,174528,0.3308445173315704,53.4050726890564,0.0003,0.02259595732903108,0.011038152668334078,1.9394666939042509,0.08972959220409393,-140.27797770500183
13968,,276.7585,100.0,33419,,41,,,0.033789314329624176,1396800,0.12,,,,,,,,,,,,,
13972,0.12841221881997622,276.80212,100.0,33432,0.19499999999999995,41,0.39,0.0,0.03379443287849426,1397600,0.13,3.3583498116635684,24.80842668343485,0.10534564673434943,24.80842668343485,174592,0.32930527860298753,55.33579182624817,0.0003,0.022695055726217106,0.011703693817253225,0.2984919435111806,0.08873247413430363,-140.55205035209656
13976,,276.80212,100.0,33432,,41,,,0.03379443287849426,1397600,0.13,,,,,,,,,,,,,
13980,0.0,274.43878,100.0,33456,0.3,41,0.0,0.0,0.03379680961370468,1398400,0.13,4.0881311755679945,24.80842668343485,0.10485493764281273,24.80842668343485,174720,0.32934796158224344,50.28978654742241,0.0003,0.022708102653268725,0.012101294021704234,-0.01565441768616438,0.09197352186311036,-141.09439516067505
13984,,274.43878,100.0,33456,,41,,,0.03379680961370468,1398400,0.13,,,,,,,,,,,,,
13988,0.07242999957935944,275.23654,100.0,33470,0.3,41,0.12,0.0,0.03379406780004501,1399200,0.15,2.630186650443516,24.80842668343485,0.10628269088920206,24.80842668343485,174784,0.3344558347016573,51.48606404662132,0.0003,0.022718551248544827,0.011077306924562436,0.8022165251895785,0.09019374859053642,-141.27876996994019
13992,,275.23654,100.0,33470,,41,,,0.03379406780004501,1399200,0.15,,,,,,,,,,,,,
13996,0.0,274.32706,100.0,33493,0.29699999999999993,41,0.0,0.0,0.033788666129112244,1400000,0.15,4.09974960016682,24.80842668343485,0.10744407959282398,24.80842668343485,174912,0.33266813214868307,52.02074271440506,0.0003,0.02259849922847934,0.01348634617170319,-0.73705526557751,0.09021945623680949,-141.3669822216034
14000,,274.32706,100.0,33493,,41,,,0.033788666129112244,1400000,0.15,,,,,,,,,,,,,
14004,0.0,266.15616,100.0,33507,0.3,41,0.0,0.0,0.03378818556666374,1400800,0.12,4.4003955763647555,24.31225814976615,0.10988759342581034,24.31225814976615,174976,0.3338147453032434,55.04764574766159,0.0003,0.022501461702631786,0.01381450641201809,-2.2994636693038046,0.09028341853991151,-140.63536429405212
14008,,266.15616,100.0,33507,,41,,,0.03378818556666374,1400800,0.12,,,,,,,,,,,,,
14012,0.0,258.37924,100.0,33530,0.2909999999999999,41,0.0,0.0,0.03378206491470337,1401600,0.1,4.8491169316288065,24.31225814976615,0.10740777221508324,24.31225814976615,175104,0.3306314251385629,56.59336876869202,0.0003,0.02222007801174186,0.011649301995930728,-1.2034152823034674,0.08913610584568232,-141.35860800743103
14016,,258.37924,100.0,33530,,41,,,0.03378206491470337,1401600,0.1,,,,,,,,,,,,,
14020,0.0,258.26715,100.0,33553,0.3,41,0.0,0.0,0.033784523606300354,1402400,0.1,4.811931966707071,24.31225814976615,0.11001595994457603,24.31225814976615,175232,0.3318806109018624,54.16978967189789,0.0003,0.02206835910328664,0.01282212328078458,-0.4718795889057219,0.08832660783082247,-140.99840307235718
14024,,258.26715,100.0,33553,,41,,,0.033784523606300354,1402400,0.1,,,,,,,,,,,,,
14028,0.18254163509223378,255.70647,100.0,33566,0.27599999999999997,41,0.39,0.0,0.03377672657370567,1403200,0.09,4.491034392624979,24.31225814976615,0.11322645132895559,24.31225814976615,175296,0.3324824501760304,61.11199998855591,0.0003,0.021973880473524332,0.012038148241117597,-1.6893965604249388,0.08959937375038862,-141.344740152359
14032,,255.70647,100.0,33566,,41,,,0.03377672657370567,1403200,0.09,,,,,,,,,,,,,
14036,0.06975702642218325,253.14522,100.0,33589,0.294,41,0.27,0.0,0.033777523785829544,1404000,0.08,4.958048466402778,24.31225814976615,0.10729607671964914,24.31225814976615,175424,0.3328817514702678,60.395621091127396,0.0003,0.02178165767691098,0.01103014962427551,-0.496673620888032,0.0907611638540402,-140.54474091529846
14040,,253.14522,100.0,33589,,41,,,0.033777523785829544,1404000,0.08,,,,,,,,,,,,,
14044,0.0,251.15132,100.0,33602,0.3,41,0.0,0.0,0.03377849608659744,1404800,0.08,4.302439011814667,24.31225814976615,0.10680532385595143,24.31225814976615,175488,0.3307169280014932,62.92665123939514,0.0003,0.021730428852606565,0.011189442593604326,-0.9791051801294088,0.08852480433415622,-141.09511733055115
14048,,251.15132,100.0,33602,,41,,,0.03377849608659744,1404800,0.08,,,,,,,,,,,,,
14052,0.176299410319138,250.27164,100.0,33624,0.3,41,0.48,0.0,0.03377874940633774,1405600,0.08,4.183512586721086,24.31225814976615,0.10714142688084394,24.31225814976615,175616,0.33380598947405815,57.21470642089844,0.0003,0.021630446281051263,0.01266818319709273,-1.2383249551057816,0.09060364030301571,-140.58365654945374
14056,,250.27164,100.0,33624,,41,,,0.03377874940633774,1405600,0.08,,,,,,,,,,,,,
14060,0.21935895081810894,251.2627,100.0,33638,0.2909999999999999,41,0.75,0.0,0.03378009796142578,1406400,0.09,4.0304176111002,24.31225814976615,0.10557252739090472,24.31225814976615,175680,0.3323630387894809,61.09880006313324,0.0003,0.02153306218679063,0.01072664005914703,-1.5615721610374749,0.09020424471236765,-140.76864552497864
14064,,251.2627,100.0,33638,,41,,,0.03378009796142578,1406400,0.09,,,,,,,,,,,,,
14068,0.15613264615312075,249.04883,100.0,33661,0.3,41,0.39,0.0,0.03376764804124832,1407200,0.08,4.517010867165606,24.31225814976615,0.1042336265090853,24.31225814976615,175808,0.3312305477447808,60.5291314125061,0.0003,0.021316776081221178,0.011526754264195915,-1.4432957135140896,0.09066521015483886,-141.20224690437317
14072,,249.04883,100.0,33661,,41,,,0.03376764804124832,1407200,0.08,,,,,,,,,,,,,
14076,0.1877995906659785,248.43134,100.0,33674,0.26999999999999996,41,0.69,0.0,0.033767543733119965,1408000,0.07,4.5257324016453495,24.31225814976615,0.10583842068444937,24.31225814976615,175872,0.3349910471588373,54.59312891960144,0.0003,0.02125836379127577,0.012441783670510631,-0.8814814366633072,0.0915223523043096,-140.57468819618225
14080,,248.43134,100.0,33674,,41,,,0.033767543733119965,1408000,0.07,,,,,,,,,,,,,
14084,0.0,247.64769,100.0,33697,0.3,41,0.0,0.0,0.03376106545329094,1408800,0.06,4.618747135329407,24.31225814976615,0.10459921113215387,24.31225814976615,176000,0.3330748239532113,55.13465368747711,0.0003,0.02106671457295306,0.011557642461411888,-0.8777277523186058,0.08870178204961121,-140.5367829799652
14088,,247.64769,100.0,33697,,41,,,0.03376106545329094,1408800,0.06,,,,,,,,,,,,,
14092,0.0623982457124696,245.50734,100.0,33720,0.3,41,0.21,0.0,0.033754102885723114,1409600,0.04,4.557583262182785,24.31225814976615,0.10489320021588355,24.31225814976615,176128,0.3329608282074332,59.846240639686584,0.0003,0.02096245117718354,0.012013359882985242,-0.6101609477773309,0.09124080266337842,-140.78047442436218
14096,,245.50734,100.0,33720,,41,,,0.033754102885723114,1409600,0.04,,,,,,,,,,,,,
14100,0.0,241.7809,100.0,33734,0.264,41,0.0,0.0,0.03375210985541344,1410400,0.03,4.060898292306791,24.31225814976615,0.10534484661184251,24.31225814976615,176192,0.3320392328314483,60.791539907455444,0.0003,0.020941734284861013,0.01305583436624147,-0.28253289335407317,0.09228705451823771,-141.60356998443604
14104,,241.7809,100.0,33734,,41,,,0.03375210985541344,1410400,0.03,,,,,,,,,,,,,
14108,0.07838560877489995,238.84251,100.0,33756,0.3,41,0.21,0.0,0.033747024834156036,1411200,0.03,4.27754624443864,24.31225814976615,0.10375937214121222,24.31225814976615,176320,0.3299351083114743,59.29969120025635,0.0003,0.02092986280331388,0.011865631735417992,-0.45154742640443146,0.09090067446231842,-141.30300784111023
14112,,238.84251,100.0,33756,,41,,,0.033747024834156036,1411200,0.03,,,,,,,,,,,,,
14116,0.0,237.25385,100.0,33769,0.3,41,0.0,0.0,0.033746566623449326,1412000,0.03,3.9159726723021278,24.31225814976615,0.10459797352086753,24.31225814976615,176384,0.3350492538884282,52.33731585741043,0.0003,0.020860190503299236,0.010713842573750298,-1.7040031761862338,0.08786826813593507,-140.37850069999695
14120,,237.25385,100.0,33769,,41,,,0.033746566623449326,1412000,0.03,,,,,,,,,,,,,
14124,0.010219156324473256,236.40094,100.0,33791,0.3,41,0.03,0.0,0.03374738246202469,1412800,0.03,4.20627782688912,24.31225814976615,0.10651942773256451,24.31225814976615,176512,0.33581804437562823,53.4689938724041,0.0003,0.02072779316222295,0.01118220354692312,-1.509814964607358,0.08962031418923289,-140.25924825668335
14128,,236.40094,100.0,33791,,41,,,0.03374738246202469,1412800,0.03,,,,,,,,,,,,,
14132,0.394765499449943,238.50433,100.0,33806,0.294,41,1.11,0.0,0.03374069556593895,1413600,0.03,4.298360532318667,24.31225814976615,0.10703469207510352,24.31225814976615,176576,0.33559463545680046,57.85126608610153,0.0003,0.020654132997151464,0.011982137824816164,-1.1213155265431851,0.09220154222566634,-140.30000042915344
14136,,238.50433,100.0,33806,,41,,,0.03374069556593895,1413600,0.03,,,,,,,,,,,,,
14140,0.0,235.53632,100.0,33829,0.3,41,0.0,0.0,0.03373206406831741,1414400,0.02,4.437662720592337,24.31225814976615,0.1055438817711547,24.31225814976615,176704,0.3335965727455914,56.38832366466522,0.0003,0.020476243691518903,0.011441200746048708,-1.6374712649267167,0.09139060822781175,-139.86875915527344
14144,,235.53632,100.0,33829,,41,,,0.03373206406831741,1414400,0.02,,,,,,,,,,,,,
14148,0.0,235.39326,100.0,33851,0.264,41,0.0,0.0,0.03372219204902649,1415200,0.03,3.504231756564347,24.31225814976615,0.10671453562099487,24.31225814976615,176832,0.34234274877235293,56.013963520526886,0.0003,0.020317246788181365,0.010681108484277502,-1.4459985247813165,0.09073541674297303,-139.78775453567505
14152,,235.39326,100.0,33851,,41,,,0.03372219204902649,1415200,0.03,,,,,,,,,,,,,
14156,0.015452501793003226,232.32994,100.0,33864,0.264,41,0.06,0.0,0.0337149053812027,1416000,0.03,3.608112003817523,24.31225814976615,0.10651017387863249,24.31225814976615,176896,0.3384384806267917,56.48441708087921,0.0003,0.020242524216882885,0.010046632727608085,-0.607770495582372,0.08886363264173269,-139.98674845695496
14160,,232.32994,100.0,33864,,41,,,0.0337149053812027,1416000,0.03,,,,,,,,,,,,,
14164,0.0,234.62666,100.0,33888,0.3,41,0.0,0.0,0.03370513394474983,1416800,0.03,3.855655517969291,24.31225814976615,0.10692625504452735,24.31225814976615,177024,0.33800627291202545,55.974082827568054,0.0003,0.020208097179420292,0.013217034524132032,-1.2686006091535091,0.09209323348477483,-140.12250804901123
14168,,234.62666,100.0,33888,,41,,,0.03370513394474983,1416800,0.03,,,,,,,,,,,,,
14172,0.3128897590364208,232.98677,100.0,33901,0.26099999999999995,41,0.78,0.0,0.03370414301753044,1417600,0.03,4.107179254757411,24.31225814976615,0.10590860387310386,24.31225814976615,177088,0.33932828018441796,55.90848082304001,0.0003,0.020182725216727704,0.011477740299596917,1.2072474719025195,0.09166141366586089,-140.07989954948425
14176,,232.98677,100.0,33901,,41,,,0.03370414301753044,1417600,0.03,,,,,,,,,,,,,
14180,0.0,236.75195,100.0,33925,0.264,41,0.0,0.0,0.03370054438710213,1418400,0.04,3.4273599945269204,24.31225814976615,0.10917281347792596,24.31225814976615,177216,0.3361375108361244,60.30396527051926,0.0003,0.020237851480487734,0.012710933828202542,1.648922144784592,0.09071643429342657,-140.13765621185303
14184,,236.75195,100.0,33925,,41,,,0.03370054438710213,1418400,0.04,,,,,,,,,,,,,
14188,0.265910441451685,243.54646,100.0,33938,0.3,41,0.57,0.0,0.03369760513305664,1419200,0.06,3.4732553369828323,24.31225814976615,0.10686934378463775,24.31225814976615,177280,0.33694841153919697,63.0601270198822,0.0003,0.020326346100773662,0.011295643358607776,1.4032778139226139,0.09199439594522119,-140.56955194473267
14192,,243.54646,100.0,33938,,41,,,0.03369760513305664,1419200,0.06,,,,,,,,,,,,,
14196,0.09498321986173279,246.58438,100.0,33961,0.3,41,0.36,0.0,0.03369486704468727,1420000,0.07,4.2027295874624295,24.31225814976615,0.10385488928295672,24.31225814976615,177408,0.33434787718579173,57.41009667515755,0.0003,0.020427422394277528,0.010630429809680209,-0.3440692669246346,0.08995828544721007,-140.01470041275024
14200,,246.58438,100.0,33961,,41,,,0.03369486704468727,1420000,0.07,,,,,,,,,,,,,
14204,0.0,249.00786,100.0,33975,0.27599999999999997,41,0.0,0.0,0.033697374165058136,1420800,0.07,4.497929043225607,23.82601298677083,0.10298741527367383,23.82601298677083,177472,0.33876839000731707,58.54249197244644,0.0003,0.020435140235349536,0.01037836070463527,0.13003185763955116,0.09033417864702642,-140.8772416114807
14208,,249.00786,100.0,33975,,41,,,0.033697374165058136,1420800,0.07,,,,,,,,,,,,,
14212,0.287407040154635,254.25949,100.0,33998,0.3,41,0.6,0.0,0.033690568059682846,1421600,0.09,4.050551420120928,23.82601298677083,0.10376595798879862,23.82601298677083,177600,0.3416354348883033,55.594559729099274,0.0003,0.020335495384642854,0.011975657725997735,-0.7998760368209332,0.09191791119519621,-139.69294929504395
14216,,254.25949,100.0,33998,,41,,,0.033690568059682846,1421600,0.09,,,,,,,,,,,,,
14220,0.11720956355809328,258.58487,100.0,34021,0.285,41,0.36,0.0,0.033691875636577606,1422400,0.09,4.813609065838598,23.82601298677083,0.10437341430224478,23.82601298677083,177728,0.34013590356335044,54.27149173617363,0.0003,0.0202954537817277,0.011115829529444454,-1.10971027193591,0.08995515003334731,-139.775395154953
14224,,258.58487,100.0,34021,,41,,,0.033691875636577606,1422400,0.09,,,,,,,,,,,,,
14228,0.0,259.4348,100.0,34035,0.2909999999999999,41,0.0,0.0,0.03369401395320892,1423200,0.1,3.8914372415891565,23.82601298677083,0.10439545754343271,23.82601298677083,177792,0.3416534517891705,57.916045159101486,0.0003,0.020261747064068913,0.011496394348796457,0.4227307483088225,0.08928147342521697,-139.97578883171082
14232,,259.4348,100.0,34035,,41,,,0.03369401395320892,1423200,0.1,,,,,,,,,,,,,
14236,0.15514569525907537,256.39938,100.0,34057,0.26999999999999996,41,0.36,0.0,0.033691808581352234,1424000,0.1,4.300005543083168,23.82601298677083,0.10536518320441246,23.82601298677083,177920,0.33959648897871375,53.248303174972534,0.0003,0.020168568124063313,0.012414352691848762,-1.5174645783845335,0.08952603710349649,-139.39766335487366
14240,,256.39938,100.0,34057,,41,,,0.033691808581352234,1424000,0.1,,,,,,,,,,,,,
14244,0.2551069131560656,257.09726,100.0,34071,0.21299999999999997,41,0.39,0.0,0.03369464352726936,1424800,0.09,4.303661479994979,23.82601298677083,0.10499967087525874,23.82601298677083,177984,0.34031539829447865,61.68830704689026,0.0003,0.020138843945460394,0.011940763528400566,-0.30569245701190084,0.09088765818160027,-139.59949922561646
14248,,257.09726,100.0,34071,,41,,,0.03369464352726936,1424800,0.09,,,,,,,,,,,,,
14252,0.3204265399593574,268.26715,100.0,34093,0.3,41,0.81,0.0,0.03368490934371948,1425600,0.11,3.8304515506461616,23.82601298677083,0.10477118729613721,23.82601298677083,178112,0.3403656715527177,59.5506734251976,0.0003,0.019979451462859288,0.011628723572357558,-0.7906111974734813,0.09269681735895574,-139.61369943618774
14256,,268.26715,100.0,34093,,41,,,0.03368490934371948,1425600,0.11,,,,,,,,,,,,,
14260,0.21895826553323372,270.43808,100.0,34107,0.3,41,0.39,0.0,0.03368756175041199,1426400,0.1,3.84284380907135,23.82601298677083,0.10466138820629567,23.82601298677083,178176,0.3401423189789057,51.85058128833771,0.0003,0.019957215496106073,0.011870698865095619,-0.20793001190759242,0.09284301800653338,-139.74955773353577
14264,,270.43808,100.0,34107,,41,,,0.03368756175041199,1426400,0.1,,,,,,,,,,,,,
14268,0.18994261570024562,274.98444,100.0,34129,0.3,41,0.45,0.0,0.033672869205474854,1427200,0.13,3.538387439514776,23.82601298677083,0.10368039947934449,23.82601298677083,178304,0.334712540730834,57.07884407043457,0.0003,0.019857892504660413,0.011638670534011908,-1.8987807855010033,0.09300114621873945,-139.31840133666992
14272,,274.98444,100.0,34129,,41,,,0.033672869205474854,1427200,0.13,,,,,,,,,,,,,
14276,0.0,276.8318,100.0,34153,0.23999999999999996,41,0.0,0.0,0.03367055580019951,1428000,0.13,3.8676700999700158,23.82601298677083,0.10421051608864218,23.82601298677083,178432,0.33684149850159883,60.86123025417328,0.0003,0.01968354289419949,0.013653319496370386,-0.33533666655421257,0.09514692740049213,-139.5679316520691
14280,,276.8318,100.0,34153,,41,,,0.03367055580019951,1428000,0.13,,,,,,,,,,,,,
14284,0.3247738644324969,275.06537,100.0,34168,0.3,41,0.75,0.0,0.033668048679828644,1428800,0.13,3.691621686576361,23.82601298677083,0.10523269942495972,23.82601298677083,178496,0.3383859284222126,58.53185558319092,0.0003,0.019691894412972033,0.012753460883686785,-0.427964128786698,0.09170578874181956,-140.2188687324524
14288,,275.06537,100.0,34168,,41,,,0.033668048679828644,1428800,0.13,,,,,,,,,,,,,
14292,0.047309065388659324,274.63882,100.0,34190,0.29699999999999993,41,0.12,0.0,0.03366433456540108,1429600,0.14,4.057471475614628,23.82601298677083,0.10607844649348408,23.82601298677083,178624,0.33875581296160817,53.6822646856308,0.0003,0.019570848264265805,0.013573530093708541,0.19159905798733234,0.09179280197713524,-139.0177731513977
14296,,274.63882,100.0,34190,,41,,,0.03366433456540108,1429600,0.14,,,,,,,,,,,,,
14300,0.2129559409376791,271.22723,100.0,34204,0.23999999999999996,41,0.36,0.0,0.033662088215351105,1430400,0.13,3.3243233874312197,23.82601298677083,0.1032939573051408,23.82601298677083,178688,0.3381800861097872,56.31992393732071,0.0003,0.019583799497922882,0.012549272883916274,-0.5527292198967189,0.09393592248670757,-140.8820035457611
14304,,271.22723,100.0,34204,,41,,,0.033662088215351105,1430400,0.13,,,,,,,,,,,,,
14308,0.0,267.55658,100.0,34227,0.26099999999999995,41,0.0,0.0,0.03366001695394516,1431200,0.13,3.848050395641901,23.82601298677083,0.10641110094729811,23.82601298677083,178816,0.33848227141425014,59.838982462882996,0.0003,0.019540565612260252,0.014055018655199092,-1.8387286034412682,0.09408324910327792,-139.9872260093689
14312,,267.55658,100.0,34227,,41,,,0.03366001695394516,1431200,0.13,,,,,,,,,,,,,
14316,0.005534347334528535,264.35443,100.0,34240,0.22799999999999998,41,0.03,0.0,0.03365899249911308,1432000,0.12,3.834737743208992,23.82601298677083,0.10509850399103016,23.82601298677083,178880,0.3393499138765037,53.63407576084137,0.0003,0.019474977772915736,0.01226356627739733,0.349631673656404,0.09464652533642948,-139.8076651096344
14320,,264.35443,100.0,34240,,41,,,0.03365899249911308,1432000,0.12,,,,,,,,,,,,,
14324,0.0,263.11472,100.0,34263,0.26099999999999995,41,0.0,0.0,0.03365902602672577,1432800,0.11,4.288306148074411,23.82601298677083,0.10456409270409495,23.82601298677083,179008,0.3400093549862504,52.50658982992172,0.0003,0.0194489203277044,0.0120437208970543,0.698002649936825,0.09486176760401577,-140.113112449646
14328,,263.11472,100.0,34263,,41,,,0.03365902602672577,1432800,0.11,,,,,,,,,,,,,
14332,0.17847196442271585,262.11908,100.0,34276,0.288,41,0.27,0.0,0.033663488924503326,1433600,0.11,4.078581426919368,23.82601298677083,0.10510466527193785,23.82601298677083,179072,0.33907559886574745,54.73675960302353,0.0003,0.01949375428375788,0.011631937508354895,0.8892410611733794,0.09335284365806729,-140.04602670669556
14336,,262.11908,100.0,34276,,41,,,0.033663488924503326,1433600,0.11,,,,,,,,,,,,,
14340,0.10743379105969833,262.77176,100.0,34299,0.29699999999999993,41,0.24,0.0,0.03366023302078247,1434400,0.12,4.538466609750559,23.82601298677083,0.10696969949640334,23.82601298677083,179200,0.3414021451026201,54.47277247905731,0.0003,0.019523855356965214,0.011363641169737093,0.8614415461197495,0.09449916530866176,-139.1992678642273
14344,,262.77176,100.0,34299,,41,,,0.03366023302078247,1434400,0.12,,,,,,,,,,,,,
14348,0.16903058251350336,265.71075,100.0,34323,0.225,41,0.39,0.0,0.03365461155772209,1435200,0.13,2.779415708340912,23.82601298677083,0.10321788641158491,23.82601298677083,179328,0.343020623549819,56.95677971839905,0.0003,0.019570981879951432,0.012058409098244738,1.6374979333486408,0.09569036948960274,-139.79575777053833
14352,,265.71075,100.0,34323,,41,,,0.03365461155772209,1435200,0.13,,,,,,,,,,,,,
14356,0.2123306530858059,267.17044,100.0,34337,0.3,41,0.63,0.0,0.033653683960437775,1436000,0.13,3.654115760358315,23.82601298677083,0.10373055026866496,23.82601298677083,179392,0.34027944365516305,57.09935927391052,0.0003,0.01965330058010295,0.011660044903692324,1.0556512833572924,0.09434622887056321,-139.90292525291443
14360,,267.17044,100.0,34337,,41,,,0.033653683960437775,1436000,0.13,,,,,,,,,,,,,
14364,0.27273311726794014,265.53842,100.0,34361,0.3,41,0.6,0.0,0.03364903852343559,1436800,0.11,3.9598047784813217,23.82601298677083,0.10390612808987498,23.82601298677083,179520,0.34111005114391446,60.469734847545624,0.0003,0.019788938312558457,0.012267532823898364,2.201708496781066,0.09650036343373358,-139.87656116485596
14368,,265.53842,100.0,34361,,41,,,0.03364903852343559,1436800,0.11,,,,,,,,,,,,,
14372,0.0,262.40488,100.0,34374,0.3,41,0.0,0.0,0.03365319222211838,1437600,0.11,3.9529828265924554,23.82601298677083,0.1060612405417487,23.82601298677083,179584,0.34501572558656335,57.88066554069519,0.0003,0.019887784641468897,0.013632630201755092,1.3687049250584096,0.09511091734748334,-139.9147675037384
14376,,262.40488,100.0,34374,,41,,,0.03365319222211838,1437600,0.11,,,,,,,,,,,,,
14380,0.0,255.62332,100.0,34397,0.21299999999999997,41,0.0,0.0,0.03364431485533714,1438400,0.09,3.8952844600562617,23.82601298677083,0.10587352013681084,23.82601298677083,179712,0.342042023781687,56.86190766096115,0.0003,0.01989370392402634,0.011642924277111888,1.033696049824357,0.09669819823466241,-139.63669657707214
14384,,255.62332,100.0,34397,,41,,,0.03364431485533714,1438400,0.09,,,,,,,,,,,,,
14388,0.07921158398275091,260.81412,100.0,34410,0.3,41,0.3,0.0,0.03364136815071106,1439200,0.1,2.689673524542479,23.82601298677083,0.10521231999155134,23.82601298677083,179776,0.34331640508025885,60.77846598625183,0.0003,0.019917338795494288,0.011713300489645917,0.8391718694474548,0.09450264810584486,-140.10841298103333
14392,,260.81412,100.0,34410,,41,,,0.03364136815071106,1439200,0.1,,,,,,,,,,,,,
14396,0.12988430727214567,260.4414,100.0,34433,0.26999999999999996,41,0.36,0.0,0.03363747522234917,1440000,0.1,4.223329693858765,23.82601298677083,0.10541955044027418,23.82601298677083,179904,0.34059649938717484,57.26265233755112,0.0003,0.02012909491895698,0.013275180659547914,1.9605709053575993,0.09560685756150633,-140.56321215629578
14400,,260.4414,100.0,34433,,41,,,0.03363747522234917,1440000,0.1,,,,,,,,,,,,,
14404,0.12617667123339837,265.29315,100.0,34456,0.25799999999999995,41,0.33,0.0,0.03363439068198204,1440800,0.11,3.529705428368294,23.349492727035415,0.10612572997342795,23.349492727035415,180032,0.34302984550595284,59.58721709251404,0.0003,0.020314490655437112,0.012437264129403047,0.47733532707206905,0.09536816168110818,-140.12089276313782
14408,,265.29315,100.0,34456,,41,,,0.03363439068198204,1440800,0.11,,,,,,,,,,,,,
14412,0.16016537941545267,267.88565,100.0,34469,0.291,41,0.33,0.0,0.0336344838142395,1441600,0.12,3.446965774183102,23.349492727035415,0.10581759770866483,23.349492727035415,180096,0.34085728507488966,54.474146246910095,0.0003,0.020383637223858386,0.011802322500443552,2.12098781298846,0.094571543042548,-140.91419100761414
14416,,267.88565,100.0,34469,,41,,,0.0336344838142395,1441600,0.12,,,,,,,,,,,,,
14420,0.19755281542193806,268.11862,100.0,34492,0.26699999999999996,41,0.72,0.0,0.033633530139923096,1442400,0.12,3.8742032288501225,23.349492727035415,0.10407066822517663,23.349492727035415,180224,0.3407261036336422,57.323501884937286,0.0003,0.02056344650918618,0.011687525286106393,1.8785588783212006,0.09569913428276777,-140.79493117332458
14424,,268.11862,100.0,34492,,41,,,0.033633530139923096,1442400,0.12,,,,,,,,,,,,,
14428,0.0,272.44003,100.0,34505,0.22799999999999998,41,0.0,0.0,0.03363671526312828,1443200,0.13,3.2879052332775167,23.349492727035415,0.10498392139561474,23.349492727035415,180288,0.34110680036246777,58.46556097269058,0.0003,0.02065128684625961,0.01215860703814542,1.617406899575144,0.0930557776009664,-140.48189425468445
14432,,272.44003,100.0,34505,,41,,,0.03363671526312828,1443200,0.13,,,,,,,,,,,,,
14436,0.18971845014076336,273.17706,100.0,34528,0.25199999999999995,41,0.48,0.0,0.03362714871764183,1444000,0.13,4.281410046950213,23.349492727035415,0.10470239783171564,23.349492727035415,180416,0.34058374306187034,56.413877725601196,0.0003,0.020731807657284662,0.010710855411161901,-0.03330379817634821,0.09568476933054626,-140.23153114318848
14440,,273.17706,100.0,34528,,41,,,0.03362714871764183,1444000,0.13,,,,,,,,,,,,,
14444,0.14233651692062155,270.35046,100.0,34542,0.222,41,0.42,0.0,0.03362413868308067,1444800,0.12,2.7953166461789736,23.349492727035415,0.10622702934779227,23.349492727035415,180480,0.3446108573116362,59.3326700925827,0.0003,0.020723591471323743,0.01221105861623073,0.7296236034017056,0.0949653674615547,-139.87287664413452
14448,,270.35046,100.0,34542,,41,,,0.03362413868308067,1444800,0.12,,,,,,,,,,,,,
14452,0.0,267.9103,100.0,34564,0.3,41,0.0,0.0,0.03361472114920616,1445600,0.13,3.740876743361656,23.349492727035415,0.10815159417688847,23.349492727035415,180608,0.3453324995934963,60.69777286052704,0.0003,0.020871609303867444,0.012510567408753559,1.2729553111712448,0.09656327276024967,-140.7550392150879
14456,,267.9103,100.0,34564,,41,,,0.03361472114920616,1445600,0.13,,,,,,,,,,,,,
14460,0.0,264.49103,100.0,34577,0.3,41,0.0,0.0,0.03361593559384346,1446400,0.12,4.200755943910524,23.349492727035415,0.10733506036922336,23.349492727035415,180672,0.34341686172410846,57.47117459774017,0.0003,0.020994790305849165,0.010520629461097997,2.584387033479288,0.09531158430036157,-140.20948767662048
14464,,264.49103,100.0,34577,,41,,,0.03361593559384346,1446400,0.12,,,,,,,,,,,,,
14468,0.0,256.48123,100.0,34600,0.22799999999999998,41,0.0,0.0,0.03361689671874046,1447200,0.11,3.3597772669704646,23.349492727035415,0.10599458205979317,23.349492727035415,180800,0.34281442360952497,65.48830598592758,0.0003,0.0212104138918221,0.010948796509183012,0.08123521413654089,0.09762853209394962,-140.56724667549133
14472,,256.48123,100.0,34600,,41,,,0.03361689671874046,1447200,0.11,,,,,,,,,,,,,
14476,0.0,261.40677,100.0,34624,0.22499999999999998,41,0.0,0.0,0.0336167998611927,1448000,0.13,3.00134982968777,23.349492727035415,0.11432632186915725,23.349492727035415,180928,0.3451552684418857,58.56994038820267,0.0003,0.02123333979398012,0.013414662709692493,0.8801546259783208,0.09814423101488501,-140.15582728385925
14480,,261.40677,100.0,34624,,41,,,0.0336167998611927,1448000,0.13,,,,,,,,,,,,,
14484,0.09333392085201497,257.99277,100.0,34637,0.26099999999999995,41,0.36,0.0,0.033618319779634476,1448800,0.12,4.354391584645215,23.349492727035415,0.10958998324349523,23.349492727035415,180992,0.34552448242902756,62.33285117149353,0.0003,0.02129534076084383,0.012129296352213714,0.3024180671200156,0.09741823410149664,-139.71071815490723
14488,,257.99277,100.0,34637,,41,,,0.033618319779634476,1448800,0.12,,,,,,,,,,,,,
14492,0.09682926956950942,263.83575,100.0,34660,0.288,41,0.24,0.0,0.033605895936489105,1449600,0.13,2.1358078613006626,23.349492727035415,0.10896745615173131,23.349492727035415,181120,0.34699521912261844,56.55618894100189,0.0003,0.02124029168044217,0.011989579586952459,-0.6112360199913383,0.09541102696675807,-139.96263313293457
14496,,263.83575,100.0,34660,,41,,,0.033605895936489105,1449600,0.13,,,,,,,,,,,,,
14500,0.2264227166612001,273.63586,100.0,34673,0.3,41,0.39,0.0,0.03361049294471741,1450400,0.16,2.54025037152503,23.349492727035415,0.10933178046252578,23.349492727035415,181184,0.34665360720828176,60.46298623085022,0.0003,0.02129312913166359,0.011993163214356173,1.650791758671403,0.09821838734205812,-140.53703427314758
14504,,273.63586,100.0,34673,,41,,,0.03361049294471741,1450400,0.16,,,,,,,,,,,,,
14508,0.13948369805824623,272.9053,100.0,34695,0.26099999999999995,41,0.36,0.0,0.03360724449157715,1451200,0.15,3.6404548127634717,23.349492727035415,0.10754153889138252,23.349492727035415,181312,0.3461462655104697,60.32892042398453,0.0003,0.021351299685193226,0.011878022669407073,0.24859482515603304,0.09764376375824213,-140.73259854316711
14512,,272.9053,100.0,34695,,41,,,0.03360724449157715,1451200,0.15,,,,,,,,,,,,,
14516,0.43106865274009165,275.9743,100.0,34709,0.3,41,1.14,0.0,0.033602964133024216,1452000,0.15,4.087417631694184,23.349492727035415,0.1066794607322663,23.349492727035415,181376,0.34378211526200175,58.77963835000992,0.0003,0.02133478966425173,0.012964821995410603,-1.2875097976066172,0.09724774409551173,-140.44090390205383
14520,,275.9743,100.0,34709,,41,,,0.033602964133024216,1452000,0.15,,,,,,,,,,,,,
14524,0.17244248400272763,275.4586,100.0,34732,0.264,41,0.33,0.0,0.03360111266374588,1452800,0.16,3.9876475272013296,23.349492727035415,0.10730306489858776,23.349492727035415,181504,0.3472195793874562,61.30982506275177,0.0003,0.021329235256416723,0.013475944579113275,-0.0826544901356101,0.09901127789635211,-140.1610770225525
14528,,275.4586,100.0,34732,,41,,,0.03360111266374588,1452800,0.16,,,,,,,,,,,,,
14532,0.013680020176174255,274.11987,100.0,34755,0.282,41,0.06,0.0,0.03360170125961304,1453600,0.17,2.9996282894647184,23.349492727035415,0.10668943647760898,23.349492727035415,181632,0.34696579398587346,56.70095628499985,0.0003,0.02128172473749146,0.011258068669121712,-0.22797876107506454,0.10056764294859022,-140.79763650894165
14536,,274.11987,100.0,34755,,41,,,0.03360170125961304,1453600,0.17,,,,,,,,,,,,,
14540,0.20386849919106925,276.64963,100.0,34769,0.3,41,0.36,0.0,0.033601000905036926,1454400,0.17,3.9659108819656956,23.349492727035415,0.10811978916171938,23.349492727035415,181696,0.3520406177267432,63.572818994522095,0.0003,0.02124533138703555,0.011334616006934084,0.10179714648984373,0.0989127604989335,-140.92388248443604
14544,,276.64963,100.0,34769,,41,,,0.033601000905036926,1454400,0.17,,,,,,,,,,,,,
14548,0.0,272.1031,100.0,34793,0.21299999999999997,41,0.0,0.0,0.03359498456120491,1455200,0.16,3.2387262848590024,23.349492727035415,0.10960255458485335,23.349492727035415,181824,0.3497149711474776,62.29469460248947,0.0003,0.021149704640265554,0.012058659856847953,-2.9397924542427063,0.098689692793414,-140.14506149291992
14552,,272.1031,100.0,34793,,41,,,0.03359498456120491,1455200,0.16,,,,,,,,,,,,,
14556,0.09580205312160114,273.85373,100.0,34807,0.26099999999999995,41,0.15,0.0,0.03358865901827812,1456000,0.18,3.6971905148879745,23.349492727035415,0.10729891574010253,23.349492727035415,181888,0.3505969434045255,55.82046014070511,0.0003,0.021003190049668774,0.011092888205894269,-1.1251655443338677,0.09853174758609384,-139.7853991985321
14560,,273.85373,100.0,34807,,41,,,0.03358865901827812,1456000,0.18,,,,,,,,,,,,,
14564,0.2917649180081643,288.26382,100.0,34831,0.3,41,0.72,0.0,0.03358188271522522,1456800,0.21,2.9544867912037542,23.349492727035415,0.10571765282656997,23.349492727035415,182016,0.3477770537137985,56.80109357833862,0.0003,0.020939436071785167,0.011552147305337712,0.4429874394554645,0.0985744553618133,-140.1652443408966
14568,,288.26382,100.0,34831,,41,,,0.03358188271522522,1456800,0.21,,,,,,,,,,,,,
14572,0.364860163800338,292.8827,100.0,34845,0.3,41,0.81,0.0,0.03358010947704315,1457600,0.2,4.217247915295164,23.349492727035415,0.10615144285839051,23.349492727035415,182080,0.3492577583529055,62.62511944770813,0.0003,0.02091768616810441,0.01180501816998003,-1.083582759834826,0.10111249366309494,-139.98504400253296
14576,,292.8827,100.0,34845,,41,,,0.03358010947704315,1457600,0.2,,,,,,,,,,,,,
14580,0.0,291.19305,100.0,34868,0.26099999999999995,41,0.0,0.0,0.03356887772679329,1458400,0.2,3.4225110432918457,23.349492727035415,0.1036365560721606,23.349492727035415,182208,0.34888558089733124,59.59110647439957,0.0003,0.020808992150705308,0.011406586454540957,-0.9273486770689487,0.09853205783292651,-140.39570212364197
14584,,291.19305,100.0,34868,,41,,,0.03356887772679329,1458400,0.2,,,,,,,,,,,,,
14588,0.22048623898408157,288.93488,100.0,34881,0.25799999999999995,41,0.75,0.0,0.033568479120731354,1459200,0.2,4.182575601817936,23.349492727035415,0.1058511525625363,23.349492727035415,182272,0.34853512328118086,64.39772140979767,0.0003,0.020822958496864885,0.01219179926556535,1.3678688385989517,0.0980733340838924,-140.37470293045044
14592,,288.93488,100.0,34881,,41,,,0.033568479120731354,1459200,0.2,,,,,,,,,,,,,
14596,0.09988962619016695,278.81143,100.0,34904,0.264,41,0.39,0.0,0.03356325626373291,1460000,0.16,4.089277683822672,23.349492727035415,0.10530847532209009,23.349492727035415,182400,0.34816574631258845,56.168720841407776,0.0003,0.020954758598236367,0.011263107378908899,0.9160768201109022,0.10103253554552794,-139.98492646217346
14600,,278.81143,100.0,34904,,41,,,0.03356325626373291,1460000,0.16,,,,,,,,,,,,,
14604,0.0471764480761593,275.80276,100.0,34928,0.26099999999999995,41,0.12,0.0,0.03356170654296875,1460800,0.16,3.709941949863082,22.882502872494705,0.10208364215213805,22.882502872494705,182528,0.34830872947350144,58.18191510438919,0.0003,0.021050008945167065,0.011094084726209985,-0.29215664719231427,0.0982284996425733,-140.89293813705444
14608,,275.80276,100.0,34928,,41,,,0.03356170654296875,1460800,0.16,,,,,,,,,,,,,
14612,0.02,276.6366,100.0,34941,0.3,41,0.03,0.0,0.033558156341314316,1461600,0.17,3.5022114675640985,22.882502872494705,0.10385364992544055,22.882502872494705,182592,0.34852817095816135,60.288378179073334,0.0003,0.02102012900286354,0.012434801705239806,0.48653948633000255,0.09919987304601818,-140.0039427280426
14616,,276.6366,100.0,34941,,41,,,0.033558156341314316,1461600,0.17,,,,,,,,,,,,,
14620,0.018180910714768114,273.05576,100.0,34964,0.264,41,0.06,0.0,0.033549949526786804,1462400,0.16,3.599614007571651,22.882502872494705,0.10323161561973393,22.882502872494705,182720,0.34860784793272614,58.50234717130661,0.0003,0.021101787104271352,0.010612572354148142,0.3162001862656325,0.09721687133423984,-140.5425443649292
14624,,273.05576,100.0,34964,,41,,,0.033549949526786804,1462400,0.16,,,,,,,,,,,,,
14628,0.5726949786907085,276.78308,100.0,34977,0.3,41,1.23,0.0,0.033547382801771164,1463200,0.17,4.861594210615272,22.882502872494705,0.10460365528706461,22.882502872494705,182784,0.3517681728117168,57.21258056163788,0.0003,0.02117434481624514,0.012551043662824668,1.9248847222188488,0.0992452148348093,-140.00046610832214
14632,,276.78308,100.0,34977,,41,,,0.033547382801771164,1463200,0.17,,,,,,,,,,,,,
14636,0.019071764354193468,275.19385,100.0,35000,0.26099999999999995,41,0.06,0.0,0.03354698792099953,1464000,0.16,4.204858878385244,22.882502872494705,0.10605295561254025,22.882502872494705,182912,0.34889467200264335,60.18321478366852,0.0003,0.021331412834115326,0.012348467396805063,1.7651166126597673,0.10132632323075086,-140.6612627506256
14640,,275.19385,100.0,35000,,41,,,0.03354698792099953,1464000,0.16,,,,,,,,,,,,,
14644,0.0,269.16492,100.0,35014,0.3,41,0.0,0.0,0.033547334372997284,1464800,0.14,4.5210358258759165,22.882502872494705,0.11735017993487418,22.882502872494705,182976,0.3473198995925486,64.12847584486008,0.0003,0.021423437574412674,0.014845169156615157,1.0634177685715258,0.0994516572682187,-140.2309057712555
14648,,269.16492,100.0,35014,,41,,,0.033547334372997284,1464800,0.14,,,,,,,,,,,,,
14652,0.3315729227442411,278.291,100.0,35037,0.3,41,0.63,0.0,0.03354779630899429,1465600,0.15,3.863089725586531,22.882502872494705,0.10388181847520173,22.882502872494705,183104,0.3453507977537811,64.46312040090561,0.0003,0.021613448800053447,0.01140620581645635,-0.12854373222216964,0.09845761593896896,-140.23932814598083
14656,,278.291,100.0,35037,,41,,,0.03354779630899429,1465600,0.15,,,,,,,,,,,,,
14660,0.019273299853947153,271.46155,100.0,35059,0.26399999999999996,41,0.03,0.0,0.03353618457913399,1466400,0.13,4.471157173541478,22.882502872494705,0.10198839323129505,22.882502872494705,183232,0.3473985777236521,65.97416639328003,0.0003,0.02160594891756773,0.011070974065660266,1.227044608676806,0.09828243206720799,-140.40117287635803
14664,,271.46155,100.0,35059,,41,,,0.03353618457913399,1466400,0.13,,,,,,,,,,,,,
14668,0.24536446200654477,260.91254,100.0,35072,0.22499999999999998,41,0.39,0.0,0.03352829068899155,1467200,0.12,3.2415167372637708,22.882502872494705,0.10160945553798229,22.882502872494705,183296,0.34829223062843084,60.01067358255386,0.0003,0.021621725987643003,0.011047339336073492,-1.7677140813320875,0.09689700591843575,-139.63364338874817
14672,,260.91254,100.0,35072,,41,,,0.03352829068899155,1467200,0.12,,,,,,,,,,,,,
14676,0.05552848018464927,257.48874,100.0,35095,0.264,41,0.09,0.0,0.03352044150233269,1468000,0.1,4.144761762410851,22.882502872494705,0.1038050880888477,22.882502872494705,183424,0.3477620971389115,59.98128193616867,0.0003,0.02155671568471007,0.010068687333841808,-0.05579985026270151,0.09944962791632861,-139.8066165447235
14680,,257.48874,100.0,35095,,41,,,0.03352044150233269,1468000,0.1,,,,,,,,,,,,,
14684,0.0,255.51523,100.0,35108,0.207,41,0.0,0.0,0.03351745754480362,1468800,0.1,3.9431665838412027,22.882502872494705,0.10213242995087057,22.882502872494705,183488,0.34675407921895385,55.52461916208267,0.0003,0.0215206969587598,0.011538215920154471,-1.0522103199036792,0.09783014899585396,-139.7617847919464
14688,,255.51523,100.0,35108,,41,,,0.03351745754480362,1468800,0.1,,,,,,,,,,,,,
14692,0.08701108171187658,258.9873,100.0,35132,0.264,41,0.36,0.0,0.03351437300443649,1469600,0.11,3.9895719587182015,22.882502872494705,0.10165081813465804,22.882502872494705,183616,0.346613603644073,65.3344014286995,0.0003,0.02137251675594598,0.011638397474598605,-1.3210759365465492,0.09681000339332968,-140.06931138038635
14696,,258.9873,100.0,35132,,41,,,0.03351437300443649,1469600,0.11,,,,,,,,,,,,,
14700,0.4444889509129862,253.78412,100.0,35145,0.26099999999999995,41,0.75,0.0,0.03351159393787384,1470400,0.1,4.0326779008013744,22.882502872494705,0.10107814776711166,22.882502872494705,183680,0.3478460996411741,61.045920729637146,0.0003,0.02134354767622426,0.010636500352120493,-0.013582917395979166,0.09802987950388342,-139.82153797149658
14704,,253.78412,100.0,35145,,41,,,0.03351159393787384,1470400,0.1,,,,,,,,,,,,,
14708,0.3120409192446009,254.28363,100.0,35168,0.264,41,0.63,0.0,0.033503007143735886,1471200,0.1,4.522203665295737,22.882502872494705,0.10282336152158678,22.882502872494705,183808,0.3473659874871373,59.419124126434326,0.0003,0.021324470842955634,0.011393285960366484,-0.6510929488576949,0.09891603805590421,-139.50248432159424
14712,,254.28363,100.0,35168,,41,,,0.033503007143735886,1471200,0.1,,,,,,,,,,,,,
14716,0.04151439433231494,254.96399,100.0,35183,0.288,41,0.15,0.0,0.03349980339407921,1472000,0.1,3.488772989409325,22.882502872494705,0.10237447626423091,22.882502872494705,183872,0.3450383706949651,62.3797792494297,0.0003,0.021264204842736945,0.011824354864074849,0.32563957339152694,0.10065644234418869,-139.83736157417297
14720,,254.96399,100.0,35183,,41,,,0.03349980339407921,1472000,0.1,,,,,,,,,,,,,
14724,0.0,252.23312,100.0,35206,0.26099999999999995,41,0.0,0.0,0.033494528383016586,1472800,0.1,3.5452892789543116,22.882502872494705,0.10322461684700102,22.882502872494705,184000,0.34688893612474203,58.200106263160706,0.0003,0.021300213178619742,0.012065951399563346,0.3966601388528943,0.10121031862217933,-140.15176606178284
14728,,252.23312,100.0,35206,,41,,,0.033494528383016586,1472800,0.1,,,,,,,,,,,,,
14732,0.007759727950783803,251.20312,100.0,35230,0.267,41,0.03,0.0,0.03348181024193764,1473600,0.1,3.181191749352471,22.882502872494705,0.10228812787681818,22.882502872494705,184128,0.3442698516882956,51.27986207604408,0.0003,0.021278351894579828,0.011140293259813916,-0.22880984283983707,0.09703894623089582,-139.35325264930725
14736,,251.20312,100.0,35230,,41,,,0.03348181024193764,1473600,0.1,,,,,,,,,,,,,
14740,0.15552077884294443,255.20197,100.0,35243,0.26099999999999995,41,0.36,0.0,0.03348467871546745,1474400,0.12,3.35326025492795,22.882502872494705,0.1012013761792332,22.882502872494705,184192,0.34233154729008675,61.73328047990799,0.0003,0.02134921870310791,0.01052317058929475,2.9275883676018566,0.09870914160273969,-139.60735893249512
14744,,255.20197,100.0,35243,,41,,,0.03348467871546745,1474400,0.12,,,,,,,,,,,,,
14748,0.0,252.97223,100.0,35266,0.264,41,0.0,0.0,0.03347577899694443,1475200,0.12,2.726499874892036,22.882502872494705,0.10356846079230309,22.882502872494705,184320,0.34424494160339236,55.64970576763153,0.0003,0.021528016950469464,0.010820642542967107,1.1491800118237734,0.10011061141267419,-140.14823508262634
14752,,252.97223,100.0,35266,,41,,,0.03347577899694443,1475200,0.12,,,,,,,,,,,,,
14756,0.08829033940132262,251.69637,100.0,35280,0.25799999999999995,41,0.15,0.0,0.03347604721784592,1476000,0.13,3.9738796689985265,22.882502872494705,0.10286767885554582,22.882502872494705,184384,0.3450748836621642,54.986064195632935,0.0003,0.02159444976132363,0.011961165924731176,0.4204602118115872,0.09824959794059396,-139.40658736228943
14760,,251.69637,100.0,35280,,41,,,0.03347604721784592,1476000,0.13,,,,,,,,,,,,,
14764,0.01961171215754607,256.59473,100.0,35304,0.3,41,0.06,0.0,0.03347061201930046,1476800,0.13,4.135239419111911,22.882502872494705,0.10537547897547483,22.882502872494705,184512,0.3458366640843451,58.04492378234863,0.0003,0.021614796511130407,0.01328030997683527,-1.1650761901400983,0.09996354684699327,-138.57763576507568
14768,,256.59473,100.0,35304,,41,,,0.03347061201930046,1476800,0.13,,,,,,,,,,,,,
14772,0.10973216125177737,260.99857,100.0,35317,0.18899999999999997,41,0.24,0.0,0.03347169980406761,1477600,0.16,2.2434470774603588,22.882502872494705,0.10252249450422823,22.882502872494705,184576,0.3416167418472469,65.28605473041534,0.0003,0.021585507201962173,0.012340405068243854,1.1636910787783563,0.09966852818615735,-139.30237126350403
14776,,260.99857,100.0,35317,,41,,,0.03347169980406761,1477600,0.16,,,,,,,,,,,,,
14780,0.3595328159739532,265.09512,100.0,35342,0.264,41,0.96,0.0,0.033469460904598236,1478400,0.17,4.516783163670952,22.882502872494705,0.10279149259440601,22.882502872494705,184704,0.34633486438542604,61.070698618888855,0.0003,0.021707818494178355,0.012550922750961035,0.8505328670144081,0.09879182814620435,-139.53206253051758
14784,,265.09512,100.0,35342,,41,,,0.033469460904598236,1478400,0.17,,,,,,,,,,,,,
14788,0.0,262.14987,100.0,35365,0.25799999999999995,41,0.0,0.0,0.03345903381705284,1479200,0.17,4.123989289276409,22.882502872494705,0.10406040563248098,22.882502872494705,184832,0.3425559150055051,61.353026270866394,0.0003,0.021725589147536084,0.01292768831626745,-0.9991474584676325,0.10091627773363143,-139.2152328491211
14792,,262.14987,100.0,35365,,41,,,0.03345903381705284,1479200,0.17,,,,,,,,,,,,,
14796,0.030784220912121994,264.56696,100.0,35378,0.25799999999999995,41,0.09,0.0,0.03344748169183731,1480000,0.18,3.2402210064926824,22.882502872494705,0.10223478137049824,22.882502872494705,184896,0.3410971029661596,57.172707319259644,0.0003,0.021622535947244614,0.011958194736507721,-1.5505495860707015,0.0970014906488359,-139.04322981834412
14800,,264.56696,100.0,35378,,41,,,0.03344748169183731,1480000,0.18,,,,,,,,,,,,,
14804,0.0,268.4197,100.0,35401,0.23099999999999998,41,0.0,0.0,0.0334404855966568,1480800,0.18,2.943373068227745,22.42485281504481,0.10227898985613137,22.42485281504481,185024,0.34170291014015675,61.25054633617401,0.0003,0.02153833259944804,0.011188295713509433,-0.7542576396372169,0.09986702143214643,-139.56966876983643
14808,,268.4197,100.0,35401,,41,,,0.0334404855966568,1480800,0.18,,,,,,,,,,,,,
14812,0.14532367801091386,266.89832,100.0,35415,0.27599999999999997,41,0.36,0.0,0.03342844918370247,1481600,0.16,4.556525396076855,22.42485281504481,0.10163355816621333,22.42485281504481,185088,0.3429943644441664,63.373671531677246,0.0003,0.021463112498167902,0.011725276308425236,-0.9717013966292143,0.09865320438984782,-139.46845769882202
14816,,266.89832,100.0,35415,,41,,,0.03342844918370247,1481600,0.16,,,,,,,,,,,,,
14820,0.055332081016694054,263.96893,100.0,35438,0.29699999999999993,41,0.18,0.0,0.03342220187187195,1482400,0.15,4.638580561114747,22.42485281504481,0.1013485643779859,22.42485281504481,185216,0.3408212270587683,57.60039249062538,0.0003,0.02144238378969021,0.011066822764405515,0.7291936257388443,0.09995526378042996,-140.12528324127197
14824,,263.96893,100.0,35438,,41,,,0.03342220187187195,1482400,0.15,,,,,,,,,,,,,
14828,0.0753886212404322,269.1782,100.0,35452,0.3,41,0.36,0.0,0.03342363238334656,1483200,0.15,4.124837261714776,22.42485281504481,0.10098797793034464,22.42485281504481,185280,0.3417513994500041,68.20840746164322,0.0003,0.021477100730407983,0.010796636684972327,1.1659983892459422,0.1002057803561911,-139.81249356269836
14832,,269.1782,100.0,35452,,41,,,0.03342363238334656,1483200,0.15,,,,,,,,,,,,,
14836,0.01987129586968464,264.14487,100.0,35475,0.282,41,0.06,0.0,0.03341389819979668,1484000,0.14,4.42187816327648,22.42485281504481,0.10156183654908091,22.42485281504481,185408,0.33878331119194627,59.508756160736084,0.0003,0.02156275830930099,0.011596806347370148,-1.2965454398654401,0.1013218907173723,-139.67460989952087
14840,,264.14487,100.0,35475,,41,,,0.03341389819979668,1484000,0.14,,,,,,,,,,,,,
14844,0.23989579845440942,262.0291,100.0,35488,0.29699999999999993,41,0.42,0.0,0.03340310603380203,1484800,0.12,3.95262507119454,22.42485281504481,0.10393969982396811,22.42485281504481,185472,0.3424472869373858,62.359066903591156,0.0003,0.0215195685159415,0.011966807673161384,-1.3299911804497242,0.10011091595515609,-139.75351333618164
14848,,262.0291,100.0,35488,,41,,,0.03340310603380203,1484800,0.12,,,,,,,,,,,,,
14852,0.23244748715499433,264.37006,100.0,35512,0.3,41,0.51,0.0,0.03340106084942818,1485600,0.12,4.013377069112998,22.42485281504481,0.10353990981820971,22.42485281504481,185600,0.3432944887317717,59.92934322357178,0.0003,0.021482207404915243,0.01314017731056083,-0.08622662955895066,0.10107294342014939,-140.1550579071045
14856,,264.37006,100.0,35512,,41,,,0.03340106084942818,1485600,0.12,,,,,,,,,,,,,
14860,0.12520431821363867,268.58618,100.0,35535,0.29699999999999993,41,0.39,0.0,0.03339666873216629,1486400,0.14,3.520070779936266,22.42485281504481,0.10407410399056971,22.42485281504481,185728,0.34366015810519457,59.80516827106476,0.0003,0.021588931645965204,0.012593769388331566,0.9926889843773097,0.0998163822805509,-140.16482305526733
14864,,268.58618,100.0,35535,,41,,,0.03339666873216629,1486400,0.14,,,,,,,,,,,,,
14868,0.37043366442556325,263.585,100.0,35549,0.3,41,0.93,0.0,0.03339540958404541,1487200,0.11,4.85806964364844,22.42485281504481,0.10426768753677607,22.42485281504481,185792,0.34299492835998535,60.40715730190277,0.0003,0.021686771127860993,0.01230988585302839,2.3948083214927465,0.10058537498116493,-140.12140440940857
14872,,263.585,100.0,35549,,41,,,0.03339540958404541,1487200,0.11,,,,,,,,,,,,,
14876,0.0,262.49265,100.0,35572,0.3,41,0.0,0.0,0.03338906168937683,1488000,0.11,3.9349121248826915,22.42485281504481,0.10147008043713868,22.42485281504481,185920,0.3435066817328334,67.84487795829773,0.0003,0.0218613357283175,0.011852598596306052,-0.1251556349452585,0.09995876555331051,-140.57346057891846
14880,,262.49265,100.0,35572,,41,,,0.03338906168937683,1488000,0.11,,,,,,,,,,,,,
14884,0.20523313137197466,267.8212,100.0,35586,0.3,41,0.51,0.0,0.033388763666152954,1488800,0.12,3.2457598566660537,22.42485281504481,0.10189729975536466,22.42485281504481,185984,0.3435027520172298,62.339120626449585,0.0003,0.021868593350518495,0.013304867527040187,1.125809408025816,0.09945240814704448,-140.46245694160461
14888,,267.8212,100.0,35586,,41,,,0.033388763666152954,1488800,0.12,,,,,,,,,,,,,
14892,0.0,269.0601,100.0,35609,0.3,41,0.0,0.0,0.03338782861828804,1489600,0.13,2.9862644080765595,22.42485281504481,0.10194728220812976,22.42485281504481,186112,0.3415767354890704,60.616258561611176,0.0003,0.021971898328047246,0.012971837364602834,1.392304787877947,0.10005304031074047,-140.06322407722473
14896,,269.0601,100.0,35609,,41,,,0.03338782861828804,1489600,0.13,,,,,,,,,,,,,
14900,0.10216174562384288,270.32532,100.0,35623,0.3,41,0.36,0.0,0.03338557481765747,1490400,0.13,4.398989262607055,22.42485281504481,0.1035929872887209,22.42485281504481,186176,0.34374706726521254,62.4981826543808,0.0003,0.02203596057370305,0.013561266212491319,-0.4735830398276448,0.10218248551245779,-140.02171850204468
14904,,270.32532,100.0,35623,,41,,,0.03338557481765747,1490400,0.13,,,,,,,,,,,,,
14908,0.09412120148313342,266.5967,100.0,35645,0.264,41,0.36,0.0,0.033378466963768005,1491200,0.13,4.44061434895899,22.42485281504481,0.10438092623371631,22.42485281504481,186304,0.3428410543128848,64.21172529459,0.0003,0.022043608245439827,0.011818854607554385,-0.25449988013133407,0.10117574024479836,-140.47803902626038
14912,,266.5967,100.0,35645,,41,,,0.033378466963768005,1491200,0.13,,,,,,,,,,,,,
14916,0.17527462505300093,265.68768,100.0,35669,0.25199999999999995,41,0.42,0.0,0.03336920961737633,1492000,0.13,4.683377245056204,22.42485281504481,0.10186853189952672,22.42485281504481,186432,0.3430296410806477,66.56495779752731,0.0003,0.021986995387123898,0.01241524512442993,-0.7251044642180204,0.0993291923077777,-139.13086938858032
14920,,265.68768,100.0,35669,,41,,,0.03336920961737633,1492000,0.13,,,,,,,,,,,,,
14924,0.15583449826871767,266.53253,100.0,35682,0.3,41,0.39,0.0,0.033369582146406174,1492800,0.12,4.761455472410698,22.42485281504481,0.1018210049951449,22.42485281504481,186496,0.3421082468703389,63.645542562007904,0.0003,0.02194909006357193,0.013251237323856913,0.15488968789577484,0.10247072170022875,-139.722962141037
14928,,266.53253,100.0,35682,,41,,,0.033369582146406174,1492800,0.12,,,,,,,,,,,,,
14932,0.02,267.50635,100.0,35707,0.3,41,0.03,0.0,0.033364780247211456,1493600,0.13,3.924079704527841,22.42485281504481,0.10361251828726381,22.42485281504481,186624,0.3434347603470087,65.32241594791412,0.0003,0.021964120940538123,0.013322007471288089,0.24358664825558662,0.1024746639886871,-139.53201937675476
14936,,267.50635,100.0,35707,,41,,,0.033364780247211456,1493600,0.13,,,,,,,,,,,,,
14940,0.436275689288955,272.05286,100.0,35720,0.3,41,0.93,0.0,0.03336111456155777,1494400,0.14,3.811457808548081,22.42485281504481,0.10444597189780325,22.42485281504481,186688,0.3390002674423158,64.8505448102951,0.0003,0.021956915938062593,0.012046163050399628,-0.06417718611191958,0.10413029335904866,-139.64790081977844
14944,,272.05286,100.0,35720,,41,,,0.03336111456155777,1494400,0.14,,,,,,,,,,,,,
14948,0.23235146155647185,267.95435,100.0,35743,0.3,41,0.54,0.0,0.03335138037800789,1495200,0.13,4.36821800149296,22.42485281504481,0.10418300738092512,22.42485281504481,186816,0.33983619743958116,65.9974091053009,0.0003,0.021770834951894358,0.012166955311840866,-0.7547435313463211,0.1020443351007998,-139.23467779159546
14952,,267.95435,100.0,35743,,41,,,0.03335138037800789,1495200,0.13,,,,,,,,,,,,,
14956,0.08510922543804438,269.7195,100.0,35758,0.294,41,0.27,0.0,0.033349212259054184,1496000,0.13,3.391971403227642,22.42485281504481,0.10352320864330977,22.42485281504481,186880,0.34185068123042583,61.39403688907623,0.0003,0.021691367321182042,0.01356971568748122,-0.491413950570859,0.10361033398658037,-139.54079365730286
14960,,269.7195,100.0,35758,,41,,,0.033349212259054184,1496000,0.13,,,,,,,,,,,,,
14964,0.16611479410454424,264.32687,100.0,35780,0.264,41,0.36,0.0,0.033339723944664,1496800,0.12,4.258565331885163,22.42485281504481,0.10231862054206431,22.42485281504481,187008,0.33912385860458016,70.74710446596146,0.0003,0.021625273540848866,0.01303401463519549,-0.7143684106413275,0.10289283900056034,-139.47670602798462
14968,,264.32687,100.0,35780,,41,,,0.033339723944664,1496800,0.12,,,,,,,,,,,,,
14972,0.17723099861226113,264.58148,100.0,35794,0.264,41,0.45,0.0,0.033335860818624496,1497600,0.12,3.6409421537772193,22.42485281504481,0.10064892726950347,22.42485281504481,187072,0.341226392891258,63.73197400569916,0.0003,0.021564237482380122,0.012238655719556846,-0.2418264877051115,0.10169715178199112,-140.13812685012817
14976,,264.58148,100.0,35794,,41,,,0.033335860818624496,1497600,0.12,,,,,,,,,,,,,
14980,0.0,264.71732,100.0,35817,0.29699999999999993,41,0.0,0.0,0.033325862139463425,1498400,0.12,3.776705736334865,22.42485281504481,0.1047351707238704,22.42485281504481,187200,0.33890683902427554,60.03300499916077,0.0003,0.021617121004965156,0.014727637957548723,1.5381141232792288,0.10441280866507441,-139.96338987350464
14984,,264.71732,100.0,35817,,41,,,0.033325862139463425,1498400,0.12,,,,,,,,,,,,,
14988,0.018641804380529613,261.9005,100.0,35841,0.26099999999999995,41,0.06,0.0,0.03332758694887161,1499200,0.11,4.195226007248965,22.42485281504481,0.10362038156017661,22.42485281504481,187328,0.34059614688158035,66.63943076133728,0.0003,0.021804219722980633,0.013463296920235734,0.3359755049459636,0.10478247923310846,-140.33335995674133
14992,,261.9005,100.0,35841,,41,,,0.03332758694887161,1499200,0.11,,,,,,,,,,,,,
14996,0.36564129420768915,258.70087,100.0,35854,0.22199999999999995,41,1.11,0.0,0.03332287445664406,1500000,0.09,4.2081835188001016,22.42485281504481,0.10288160236086696,22.42485281504481,187392,0.33759249234572053,66.35527032613754,0.0003,0.021829806064488366,0.01340456547040958,0.7539022321579978,0.10495102941058576,-139.75212860107422
15000,,258.70087,100.0,35854,,41,,,0.03332287445664406,1500000,0.09,,,,,,,,,,,,,
15004,0.18842437915423293,260.07996,100.0,35878,0.3,41,0.39,0.0,0.03332027047872543,1500800,0.09,3.9824922041201565,21.976355758743914,0.1003415200393647,21.976355758743914,187520,0.34090924356132746,58.709610521793365,0.0003,0.021953394636511803,0.010188821543124504,0.8289402339141816,0.10364010406192392,-140.72239685058594
15008,,260.07996,100.0,35878,,41,,,0.03332027047872543,1500800,0.09,,,,,,,,,,,,,
15012,0.14109267825390204,263.11096,100.0,35892,0.2729999999999999,41,0.36,0.0,0.033321067690849304,1501600,0.1,4.225240082851018,21.976355758743914,0.10151541861705482,21.976355758743914,187584,0.3366836281493306,62.87216407060623,0.0003,0.022005735198035836,0.011337298172293231,0.8966158620314673,0.10416925209574401,-140.56008076667786
15016,,263.11096,100.0,35892,,41,,,0.033321067690849304,1501600,0.1,,,,,,,,,,,,,
15020,0.11291122034459594,262.29095,100.0,35915,0.3,41,0.36,0.0,0.033310264348983765,1502400,0.1,3.887161139292908,21.976355758743914,0.10216157988179475,21.976355758743914,187712,0.3375391876325011,60.722922801971436,0.0003,0.022209629940334707,0.011354924812621903,-0.12166172999422997,0.10436006402596831,-140.98329901695251
15024,,262.29095,100.0,35915,,41,,,0.033310264348983765,1502400,0.1,,,,,,,,,,,,,
15028,0.1907028642010403,263.9,100.0,35929,0.22499999999999998,41,0.75,0.0,0.03331191837787628,1503200,0.11,3.158235299257041,21.976355758743914,0.10436035483144224,21.976355758743914,187776,0.34281544806435704,65.15353709459305,0.0003,0.022248372581088915,0.014273100154241547,2.002454791450873,0.10468199558090419,-141.07494068145752
15032,,263.9,100.0,35929,,41,,,0.03331191837787628,1503200,0.11,,,,,,,,,,,,,
15036,0.0,257.7449,100.0,35953,0.3,41,0.0,0.0,0.03330352157354355,1504000,0.09,4.343162113721107,21.976355758743914,0.10485088697168976,21.976355758743914,187904,0.3435822045430541,61.034193992614746,0.0003,0.022432793863117695,0.012307445409533102,0.815064019523561,0.10377099609468132,-140.56639194488525
15040,,257.7449,100.0,35953,,41,,,0.03330352157354355,1504000,0.09,,,,,,,,,,,,,
15044,0.0,257.74725,100.0,35978,0.23399999999999999,41,0.0,0.0,0.03330240026116371,1504800,0.09,4.100060198780502,21.976355758743914,0.10249554354231805,21.976355758743914,188032,0.34090391686186194,58.84756773710251,0.0003,0.022497930855024606,0.010807637139805593,-0.365631896071136,0.10224968858528882,-140.89406180381775
15048,,257.74725,100.0,35978,,41,,,0.03330240026116371,1504800,0.09,,,,,,,,,,,,,
15052,0.1901260378943204,251.63295,100.0,35990,0.27599999999999997,41,0.36,0.0,0.033297959715127945,1505600,0.07,3.716493325575965,21.976355758743914,0.10316820535808802,21.976355758743914,188096,0.34282277012243867,60.80036270618439,0.0003,0.022481735883047804,0.011172957129019778,0.24807385122403502,0.10601893439888954,-140.96264743804932
15056,,251.63295,100.0,35990,,41,,,0.033297959715127945,1505600,0.07,,,,,,,,,,,,,
15060,0.40184110372940024,257.72763,100.0,36015,0.3,41,1.2,0.0,0.03328882157802582,1506400,0.09,3.451341387744185,21.976355758743914,0.10278368601575494,21.976355758743914,188224,0.3413426661863923,63.54633289575577,0.0003,0.022482682194095105,0.012442765801097266,-0.030777843203395605,0.10358501598238945,-140.95105743408203
15064,,257.72763,100.0,36015,,41,,,0.03328882157802582,1506400,0.09,,,,,,,,,,,,,
15068,0.17010155063139507,256.8235,100.0,36028,0.3,41,0.27,0.0,0.03328889608383179,1507200,0.09,4.407149186775072,21.976355758743914,0.102775948937051,21.976355758743914,188288,0.3408728074282408,56.147864401340485,0.0003,0.022523249412188306,0.010457098098413553,0.6431374214589596,0.10325786960311234,-140.52433133125305
15072,,256.8235,100.0,36028,,41,,,0.03328889608383179,1507200,0.09,,,,,,,,,,,,,
15076,0.2732478963202081,258.37213,100.0,36052,0.26099999999999995,41,0.72,0.0,0.033279966562986374,1508000,0.08,4.353853288967298,21.976355758743914,0.10257672029547393,21.976355758743914,188416,0.3412989191710949,58.89766085147858,0.0003,0.022646323719527572,0.012367697621812113,1.114027668023482,0.10337281529791653,-141.15138411521912
15080,,258.37213,100.0,36052,,41,,,0.033279966562986374,1508000,0.08,,,,,,,,,,,,,
15084,0.6485538220996524,258.25012,100.0,36065,0.26699999999999996,41,1.44,0.0,0.033278755843639374,1508800,0.07,4.37914262471348,21.976355758743914,0.10328419459983706,21.976355758743914,188480,0.3404457843862474,64.20696753263474,0.0003,0.02274415415013209,0.014202536636730656,1.8334383675828576,0.10581785556860268,-141.323499917984
15088,,258.25012,100.0,36065,,41,,,0.033278755843639374,1508800,0.07,,,,,,,,,,,,,
15092,0.08941123853147141,259.48566,100.0,36088,0.3,41,0.36,0.0,0.03326992690563202,1509600,0.08,3.3606312861191463,21.976355758743914,0.10357542731799185,21.976355758743914,188608,0.3440559282898903,59.74895179271698,0.0003,0.02283899881877005,0.012055572995450348,0.10720690595917404,0.10582797485403717,-141.64319920539856
15096,,259.48566,100.0,36088,,41,,,0.03326992690563202,1509600,0.08,,,,,,,,,,,,,
15100,0.15343152313416458,262.53827,100.0,36100,0.2909999999999999,41,0.24,0.0,0.03327042609453201,1510400,0.08,3.7530976319506975,21.976355758743914,0.10494383133482188,21.976355758743914,188672,0.34540135553106666,59.5473610162735,0.0003,0.022872821224154904,0.01191272211872274,1.3518354585394263,0.10420153208542615,-140.96820521354675
15104,,262.53827,100.0,36100,,41,,,0.03327042609453201,1510400,0.08,,,,,,,,,,,,,
15108,0.0,256.04703,100.0,36124,0.3,41,0.0,0.0,0.03326712176203728,1511200,0.07,3.964614939024356,21.976355758743914,0.10489983239676803,21.976355758743914,188800,0.34573450358584523,67.36252784729004,0.0003,0.02300623062183149,0.01237937424593838,-0.590353149920702,0.10354700533207506,-141.53627347946167
15112,,256.04703,100.0,36124,,41,,,0.03326712176203728,1511200,0.07,,,,,,,,,,,,,
15116,0.1071889532495886,259.14368,100.0,36146,0.264,41,0.21,0.0,0.033251263201236725,1512000,0.1,3.0535819721177195,21.976355758743914,0.1032881768187508,21.976355758743914,188928,0.3420166792348027,66.32242846488953,0.0003,0.02297492607613094,0.0116376138466876,1.0402859803289175,0.10404674510937184,-142.2761368751526
15120,,259.14368,100.0,36146,,41,,,0.033251263201236725,1512000,0.1,,,,,,,,,,,,,
15124,0.006090803349409153,267.7584,100.0,36160,0.3,41,0.03,0.0,0.03324871137738228,1512800,0.13,2.983384524490662,21.976355758743914,0.10405560722574592,21.976355758743914,188992,0.343967751134187,71.29517543315887,0.0003,0.02306277849129401,0.013408005972451065,1.2388413208536804,0.10494239476975054,-142.7879626750946
15128,,267.7584,100.0,36160,,41,,,0.03324871137738228,1512800,0.13,,,,,,,,,,,,,
15132,0.23446284466977627,270.34506,100.0,36183,0.264,41,0.36,0.0,0.03323977813124657,1513600,0.13,3.3293922212019873,21.976355758743914,0.10490420274436474,21.976355758743914,189120,0.3427283149212599,68.99648743867874,0.0003,0.02311382323387079,0.012239457544637844,0.1552748680114746,0.1062069198815152,-142.40624022483826
15136,,270.34506,100.0,36183,,41,,,0.03323977813124657,1513600,0.13,,,,,,,,,,,,,
15140,0.15245732816790944,275.8321,100.0,36198,0.3,41,0.42,0.0,0.03323861211538315,1514400,0.14,3.769792486543572,21.976355758743914,0.10617636505048722,21.976355758743914,189184,0.3428515298292041,63.60535091161728,0.0003,0.023151773581048474,0.012655507620365825,0.895241079851985,0.10445093386806548,-142.23731446266174
15144,,275.8321,100.0,36198,,41,,,0.03323861211538315,1514400,0.14,,,,,,,,,,,,,
15148,0.5442200070854809,279.11096,100.0,36222,0.26099999999999995,41,1.41,0.0,0.03323311358690262,1515200,0.14,4.619675892201409,21.976355758743914,0.10291592718567699,21.976355758743914,189312,0.34366429364308715,66.22843247652054,0.0003,0.023270241596037522,0.011624905266216956,1.506677026161924,0.10412538179662079,-143.27433061599731
15152,,279.11096,100.0,36222,,41,,,0.03323311358690262,1515200,0.14,,,,,,,,,,,,,
15156,0.00893594239175213,282.23575,100.0,36236,0.26099999999999995,41,0.03,0.0,0.033237334340810776,1516000,0.17,2.399477304039644,21.976355758743914,0.10045762173831463,21.976355758743914,189376,0.3403250193223357,64.70577609539032,0.0003,0.02339915672200732,0.011825024397694506,1.5516575006768107,0.10759744816459715,-143.4091670513153
15160,,282.23575,100.0,36236,,41,,,0.033237334340810776,1516000,0.17,,,,,,,,,,,,,
15164,0.21874564618701697,277.42413,100.0,36259,0.264,41,0.36,0.0,0.033232711255550385,1516800,0.15,4.196051392803049,21.976355758743914,0.10562776669394225,21.976355758743914,189504,0.3412976944819093,76.1650859117508,0.0003,0.02362329320749268,0.012519672302005347,1.2964104213751853,0.10520898341201246,-143.4158616065979
15168,,277.42413,100.0,36259,,41,,,0.033232711255550385,1516800,0.15,,,,,,,,,,,,,
15172,0.020902024409004606,276.52948,100.0,36281,0.3,41,0.06,0.0,0.03323839232325554,1517600,0.15,4.229223199205845,21.976355758743914,0.10386439505964518,21.976355758743914,189632,0.3429624140262604,63.921254217624664,0.0003,0.023971224523847923,0.014228752588678617,0.2381361434236169,0.10788769752252847,-142.84688997268677
15176,,276.52948,100.0,36281,,41,,,0.03323839232325554,1517600,0.15,,,,,,,,,,,,,
15180,0.17901375430821465,275.57156,100.0,36294,0.3,41,0.84,0.0,0.033236969262361526,1518400,0.15,5.118009083752588,21.976355758743914,0.10615625802893192,21.976355758743914,189696,0.34211448626592755,63.35015231370926,0.0003,0.023973297560587525,0.012741458951495588,0.6828132180962712,0.10522496420890093,-142.47207236289978
15184,,275.57156,100.0,36294,,41,,,0.033236969262361526,1518400,0.15,,,,,,,,,,,,,
15188,0.1746479279103183,268.07043,100.0,36317,0.264,41,0.39,0.0,0.03323277458548546,1519200,0.14,4.443957853392335,21.976355758743914,0.10518014151602983,21.976355758743914,189824,0.3429904757067561,61.93500828742981,0.0003,0.023969295842107385,0.011666560210869648,0.42680734454188496,0.10647629178129137,-142.60242748260498
15192,,268.07043,100.0,36317,,41,,,0.03323277458548546,1519200,0.14,,,,,,,,,,,,,
15196,0.22425160531377444,267.3678,100.0,36331,0.26099999999999995,41,0.72,0.0,0.033230073750019073,1520000,0.15,3.2929003587816816,21.976355758743914,0.10567324049770832,21.976355758743914,189888,0.34286245703697205,69.24134743213654,0.0003,0.02399523911299184,0.013028329303779174,0.11115285218693316,0.10657992376945913,-143.09900999069214
15200,,267.3678,100.0,36331,,41,,,0.033230073750019073,1520000,0.15,,,,,,,,,,,,,
15204,0.08715961660961342,271.6593,100.0,36355,0.3,41,0.18,0.0,0.03322287276387215,1520800,0.16,3.2461319887433495,21.536828643569034,0.10558154329191893,21.536828643569034,190016,0.3421524949371815,63.59513467550278,0.0003,0.024060934782028198,0.013086084371025208,0.24816715111956,0.10708959517069161,-143.42687845230103
15208,,271.6593,100.0,36355,,41,,,0.03322287276387215,1520800,0.16,,,,,,,,,,,,,
15212,0.27608320393880065,271.86365,100.0,36369,0.294,41,0.75,0.0,0.03322192281484604,1521600,0.15,4.31644709558778,21.536828643569034,0.10438754106871784,21.536828643569034,190080,0.3470691880211234,71.60985654592514,0.0003,0.02408387840841897,0.011075697984779254,0.10241122567094862,0.10519930568989366,-142.9688446521759
15216,,271.86365,100.0,36369,,41,,,0.03322192281484604,1521600,0.15,,,,,,,,,,,,,
15220,0.03872598001721303,264.04575,100.0,36393,0.26099999999999995,41,0.06,0.0,0.03321114927530289,1522400,0.12,2.925589785717694,21.536828643569034,0.10380092018749565,21.536828643569034,190208,0.3481485936790705,65.53117674589157,0.0003,0.024106671276967973,0.011488434683997184,0.20189861487597227,0.10751123714726418,-143.08530926704407
15224,,264.04575,100.0,36393,,41,,,0.03321114927530289,1522400,0.12,,,,,,,,,,,,,
15228,0.15392644256052646,264.4661,100.0,36407,0.26099999999999995,41,0.36,0.0,0.033214859664440155,1523200,0.13,2.9329368002057636,21.536828643569034,0.10255456157028675,21.536828643569034,190272,0.34504640474915504,65.145731985569,0.0003,0.02414042959571816,0.01155098233721219,1.638777055311948,0.10813316784333438,-143.37529110908508
15232,,264.4661,100.0,36407,,41,,,0.033214859664440155,1523200,0.13,,,,,,,,,,,,,
15236,0.11792026812643584,262.96054,100.0,36430,0.264,41,0.36,0.0,0.03320350497961044,1524000,0.13,4.333933644123335,21.536828643569034,0.10388570581562817,21.536828643569034,190400,0.34357510413974524,69.77583730220795,0.0003,0.02432684466475621,0.01075298986688722,-0.537161729298532,0.10876347974408418,-143.36927938461304
15240,,262.96054,100.0,36430,,41,,,0.03320350497961044,1524000,0.13,,,,,,,,,,,,,
15244,0.1856226585777252,260.69208,100.0,36453,0.3,41,0.3,0.0,0.033200882375240326,1524800,0.13,3.309177272876123,21.536828643569034,0.10177955485414714,21.536828643569034,190528,0.34674439020454884,66.62406915426254,0.0003,0.024437095184111968,0.011122404015623033,1.028370947111398,0.10711919341702014,-144.06675696372986
15248,,260.69208,100.0,36453,,41,,,0.033200882375240326,1524800,0.13,,,,,,,,,,,,,
15252,0.32590345314062047,259.76413,100.0,36467,0.3,41,0.75,0.0,0.033198531717061996,1525600,0.12,4.673982771955335,21.536828643569034,0.10261066618841141,21.536828643569034,190592,0.3456428893841803,70.22222292423248,0.0003,0.024515100696589798,0.010372755321441218,0.7716920184902847,0.10822761931922287,-143.6300287246704
15256,,259.76413,100.0,36467,,41,,,0.033198531717061996,1525600,0.12,,,,,,,,,,,,,
15260,0.08953642631244187,255.92725,100.0,36490,0.3,41,0.39,0.0,0.033201612532138824,1526400,0.1,4.852270981945615,21.536828643569034,0.10110714472830296,21.536828643569034,190720,0.34584140963852406,58.897627770900726,0.0003,0.02468264411436394,0.009766852745087817,0.7967847054824233,0.10554064228199422,-143.57178282737732
15264,,255.92725,100.0,36490,,41,,,0.033201612532138824,1526400,0.1,,,,,,,,,,,,,
15268,0.0,259.57565,100.0,36504,0.22799999999999998,41,0.0,0.0,0.0331890694797039,1527200,0.11,3.912067003394979,21.536828643569034,0.09856276004575193,21.536828643569034,190784,0.34218838531523943,66.87473952770233,0.0003,0.024748472846113145,0.010272842497215606,0.28465916542336345,0.10756421112455428,-143.5494213104248
15272,,259.57565,100.0,36504,,41,,,0.0331890694797039,1527200,0.11,,,,,,,,,,,,,
15276,0.07641658396586072,260.39883,100.0,36528,0.23399999999999999,41,0.27,0.0,0.03319208696484566,1528000,0.12,3.530663159793168,21.536828643569034,0.10404833522625268,21.536828643569034,190912,0.34709774469956756,65.57583564519882,0.0003,0.024896567163523287,0.011386277292331215,1.0606400017859414,0.10640225117094815,-142.56921243667603
15280,,260.39883,100.0,36528,,41,,,0.03319208696484566,1528000,0.12,,,,,,,,,,,,,
15284,0.2720932852241846,267.07718,100.0,36542,0.3,41,0.78,0.0,0.03319226950407028,1528800,0.13,4.428335579737853,21.536828643569034,0.10202797420788556,21.536828643569034,190976,0.3418017183430493,64.05201160907745,0.0003,0.025003177870530635,0.011599345707509201,0.544066694797948,0.10646374465432018,-143.88820552825928
15288,,267.07718,100.0,36542,,41,,,0.03319226950407028,1528800,0.13,,,,,,,,,,,,,
15292,0.2468131723724848,267.59558,100.0,36565,0.294,41,0.84,0.0,0.03319258242845535,1529600,0.13,3.625712140204821,21.536828643569034,0.10033835552167147,21.536828643569034,191104,0.3444166420958936,66.65639680624008,0.0003,0.02512051715166308,0.009433437226107344,-0.1783277583308518,0.10651595867238939,-142.76884937286377
15296,,267.59558,100.0,36565,,41,,,0.03319258242845535,1529600,0.13,,,,,,,,,,,,,
15300,0.5514283222134507,267.2525,100.0,36590,0.264,41,1.41,0.0,0.03318559005856514,1530400,0.12,4.222361102846101,21.536828643569034,0.09994013607501984,21.536828643569034,191232,0.3412070069462061,64.94421350955963,0.0003,0.025108973612077534,0.0117772439843975,0.29616636666469276,0.10700775752775371,-143.17610216140747
15304,,267.2525,100.0,36590,,41,,,0.03318559005856514,1530400,0.12,,,,,,,,,,,,,
15308,0.33093525741215374,270.48657,100.0,36604,0.264,41,1.11,0.0,0.0331835001707077,1531200,0.12,4.8780069966401465,21.536828643569034,0.09936299757100642,21.536828643569034,191296,0.3418049542233348,68.80132085084915,0.0003,0.02512922527967021,0.011749014596716734,-0.17653010971844196,0.10625379346311092,-143.17646503448486
15312,,270.48657,100.0,36604,,41,,,0.0331835001707077,1531200,0.12,,,,,,,,,,,,,
15316,0.007892830860460458,269.5573,100.0,36627,0.26099999999999995,41,0.03,0.0,0.03317656368017197,1532000,0.12,4.3705253582225,21.536828643569034,0.09973424696363509,21.536828643569034,191424,0.3378165536560118,67.53437727689743,0.0003,0.025288855948019773,0.010643666159012355,0.2396245887503028,0.10767959814984351,-143.97655177116394
15320,,269.5573,100.0,36627,,41,,,0.03317656368017197,1532000,0.12,,,,,,,,,,,,,
15324,0.12247074497976822,265.59058,100.0,36641,0.3,41,0.27,0.0,0.033178288489580154,1532800,0.12,3.773718503368323,21.536828643569034,0.10129765095189214,21.536828643569034,191488,0.34108924167230725,71.32277196645737,0.0003,0.025342992594232783,0.01182957714627264,1.728605325333774,0.1060703070834279,-143.67390894889832
15328,,265.59058,100.0,36641,,41,,,0.033178288489580154,1532800,0.12,,,,,,,,,,,,,
15332,0.13244496389201502,265.29678,100.0,36665,0.282,41,0.45,0.0,0.03317686542868614,1533600,0.12,3.614560447993982,21.536828643569034,0.10109812556765974,21.536828643569034,191616,0.34041227493435144,65.22393095493317,0.0003,0.025631674681790173,0.012602569040609524,2.1007929891347885,0.10661397548392415,-144.46891164779663
15336,,265.29678,100.0,36665,,41,,,0.03317686542868614,1533600,0.12,,,,,,,,,,,,,
15340,0.4239906909594061,273.09714,100.0,36679,0.3,41,1.11,0.0,0.03317044675350189,1534400,0.12,3.9132295458212,21.536828643569034,0.09949935099575669,21.536828643569034,191680,0.34164976002648473,69.11247849464417,0.0003,0.025776986265555024,0.011756605032132939,1.32639218471013,0.10772960970643908,-144.18338060379028
15344,,273.09714,100.0,36679,,41,,,0.03317044675350189,1534400,0.12,,,,,,,,,,,,,
15348,0.14771402780655943,270.98788,100.0,36702,0.25499999999999995,41,0.39,0.0,0.0331728458404541,1535200,0.13,3.95908812959022,21.536828643569034,0.10018469928763807,21.536828643569034,191808,0.339270256459713,65.43368017673492,0.0003,0.02598941742326133,0.014028189441887662,0.6017161188647151,0.10691727953962982,-143.88440942764282
15352,,270.98788,100.0,36702,,41,,,0.0331728458404541,1535200,0.13,,,,,,,,,,,,,
15356,0.14703756509782168,273.19144,100.0,36716,0.3,41,0.42,0.0,0.0331725999712944,1536000,0.13,4.048357956885222,21.536828643569034,0.10072655696421862,21.536828643569034,191872,0.3415191494859755,65.58649438619614,0.0003,0.02602394885616377,0.012332011057878844,0.032371767912991345,0.10626654117368162,-144.06238794326782
15360,,273.19144,100.0,36716,,41,,,0.0331725999712944,1536000,0.13,,,,,,,,,,,,,
15364,0.048514026393977366,273.29022,100.0,36739,0.3,41,0.15,0.0,0.033175040036439896,1536800,0.13,4.127285157470465,21.536828643569034,0.1016881198156625,21.536828643569034,192000,0.3383232597261667,69.6889334321022,0.0003,0.026081842777784914,0.012690841518633533,0.6307480689138174,0.10812500130850822,-143.82890272140503
15368,,273.29022,100.0,36739,,41,,,0.033175040036439896,1536800,0.13,,,,,,,,,,,,,
15372,0.13657061339547874,271.90497,100.0,36762,0.3,41,0.36,0.0,0.033164381980895996,1537600,0.12,4.474894608057146,21.536828643569034,0.09923789917957038,21.536828643569034,192128,0.33737244131043553,72.19692975282669,0.0003,0.026064823236083612,0.012115262819861528,0.9903485490940511,0.1071191388182342,-144.80243039131165
15376,,271.90497,100.0,36762,,41,,,0.033164381980895996,1537600,0.12,,,,,,,,,,,,,
15380,0.21284098540849317,267.68628,100.0,36775,0.22799999999999998,41,0.39,0.0,0.03315996751189232,1538400,0.1,4.014464009832449,21.536828643569034,0.09896161430515349,21.536828643569034,192192,0.33946278179064393,67.52740669250488,0.0003,0.02614311152137816,0.011194261620403267,-0.361569544300437,0.10514540725853294,-144.04398846626282
15384,,267.68628,100.0,36775,,41,,,0.03315996751189232,1538400,0.1,,,,,,,,,,,,,
15388,0.0,269.33655,100.0,36800,0.25799999999999995,41,0.0,0.0,0.03314974531531334,1539200,0.11,3.4797321033210022,21.536828643569034,0.09745616721920669,21.536828643569034,192320,0.3350326828658581,70.49043107032776,0.0003,0.02611153622274287,0.011685168396070367,0.35346122249029577,0.10582161357160658,-144.47262859344482
15392,,269.33655,100.0,36800,,41,,,0.03314974531531334,1539200,0.11,,,,,,,,,,,,,
15396,0.1614691836341967,266.17184,100.0,36814,0.3,41,0.36,0.0,0.03315539285540581,1540000,0.09,4.622478998567574,21.536828643569034,0.09851128049194813,21.536828643569034,192384,0.3373129894025624,61.81431180238724,0.0003,0.02616991533432156,0.01197225257055834,0.689009218942374,0.10364806349389255,-143.2874391078949
15400,,266.17184,100.0,36814,,41,,,0.03315539285540581,1540000,0.09,,,,,,,,,,,,,
15404,0.01088126412839647,262.35675,100.0,36837,0.3,41,0.06,0.0,0.033154234290122986,1540800,0.09,4.8894346870621765,21.106092070697656,0.09898809436708689,21.106092070697656,192512,0.33413362223654985,64.15334808826447,0.0003,0.026203606190392748,0.011832943127956241,1.0144933917326853,0.10530475783161819,-143.93022775650024
15408,,262.35675,100.0,36837,,41,,,0.033154234290122986,1540800,0.09,,,,,,,,,,,,,
15412,0.0,262.50513,100.0,36850,0.264,41,0.0,0.0,0.03316005691885948,1541600,0.09,4.821577288658711,21.106092070697656,0.10340661101508886,21.106092070697656,192576,0.3389092548750341,74.1798939704895,0.0003,0.026340844546211883,0.0134821337487665,2.3145682639442384,0.1065601009177044,-144.0507743358612
15416,,262.50513,100.0,36850,,41,,,0.03316005691885948,1541600,0.09,,,,,,,,,,,,,
15420,0.0,263.59106,100.0,36873,0.26999999999999996,41,0.0,0.0,0.03315913677215576,1542400,0.08,3.8680515159971542,21.106092070697656,0.1003528357250616,21.106092070697656,192704,0.338294830173254,64.27699333429337,0.0003,0.026588018983602524,0.012110963820305187,1.0980071614030749,0.10586261644493788,-144.2946994304657
15424,,263.59106,100.0,36873,,41,,,0.03315913677215576,1542400,0.08,,,,,,,,,,,,,
15428,0.2029201718497724,267.55457,100.0,36895,0.3,41,0.63,0.0,0.03315430134534836,1543200,0.08,4.192534009794138,21.106092070697656,0.09970877785235643,21.106092070697656,192832,0.3324950309470296,62.72401696443558,0.0003,0.02661029144655913,0.011887252687301952,-0.7948453715071082,0.10575497976969928,-144.63116002082825
15432,,267.55457,100.0,36895,,41,,,0.03315430134534836,1543200,0.08,,,,,,,,,,,,,
15436,0.02,264.83862,100.0,36909,0.26099999999999995,41,0.03,0.0,0.03315045312047005,1544000,0.08,3.3339953206926567,21.106092070697656,0.09937008481938392,21.106092070697656,192896,0.3342549977824092,67.16600465774536,0.0003,0.026540831720922142,0.01148273934086319,0.3930020839907229,0.10586736025288701,-144.33125352859497
15440,,264.83862,100.0,36909,,41,,,0.03315045312047005,1544000,0.08,,,,,,,,,,,,,
15444,0.07397790728392063,264.31046,100.0,36932,0.3,41,0.12,0.0,0.03315125033259392,1544800,0.08,4.159579534256665,21.106092070697656,0.09782407723832875,21.106092070697656,193024,0.3333627483807504,65.2126595377922,0.0003,0.02675292661297135,0.01141326824290445,-0.5302920190151781,0.1072977886069566,-143.7570300102234
15448,,264.31046,100.0,36932,,41,,,0.03315125033259392,1544800,0.08,,,,,,,,,,,,,
15452,0.0,262.16913,100.0,36945,0.264,41,0.0,0.0,0.03315216675400734,1545600,0.07,4.462367980366274,21.106092070697656,0.09949772828258574,21.106092070697656,193088,0.3339210506528616,68.1344627737999,0.0003,0.026729429402621463,0.01068318903708132,0.07642382197082043,0.10594563954509795,-144.50003957748413
15456,,262.16913,100.0,36945,,41,,,0.03315216675400734,1545600,0.07,,,,,,,,,,,,,
15460,0.2741091096076352,259.71164,100.0,36967,0.26099999999999995,41,0.72,0.0,0.03315987437963486,1546400,0.07,4.22506080624714,21.106092070697656,0.10172177152708173,21.106092070697656,193216,0.3334587290883064,63.250764310359955,0.0003,0.026725664094556123,0.01193975612113718,0.338760475628078,0.10411624726839364,-143.5968644618988
15464,,259.71164,100.0,36967,,41,,,0.03315987437963486,1546400,0.07,,,,,,,,,,,,,
15468,0.039738578457799864,261.39462,100.0,36981,0.22799999999999998,41,0.15,0.0,0.03315743803977966,1547200,0.08,3.1516458279475783,21.106092070697656,0.09975526202470064,21.106092070697656,193280,0.3332323729991913,65.16796147823334,0.0003,0.02674952123197727,0.011033719987608492,-0.40312832104973495,0.10424748412333429,-144.37990260124207
15472,,261.39462,100.0,36981,,41,,,0.03315743803977966,1547200,0.08,,,,,,,,,,,,,
15476,0.16916401638976275,269.81464,100.0,37005,0.26099999999999995,41,0.36,0.0,0.03315170109272003,1548000,0.1,3.6062688567089367,21.106092070697656,0.10107571154367179,21.106092070697656,193408,0.3338367249816656,65.96078366041183,0.0003,0.026686542754760012,0.013228950243501458,0.015415956731885672,0.10465400607790798,-144.91653156280518
15480,,269.81464,100.0,37005,,41,,,0.03315170109272003,1548000,0.1,,,,,,,,,,,,,
15484,0.08997447330306517,265.11176,100.0,37019,0.3,41,0.15,0.0,0.033152755349874496,1548800,0.09,3.6666107271813217,21.106092070697656,0.10347682074643672,21.106092070697656,193472,0.33449740055948496,70.07344621419907,0.0003,0.026741581124952063,0.011860824721225072,0.7895592087879777,0.10463576554320753,-144.69169116020203
15488,,265.11176,100.0,37019,,41,,,0.033152755349874496,1548800,0.09,,,,,,,,,,,,,
15492,0.2628213880919003,268.87628,100.0,37041,0.3,41,0.51,0.0,0.03314827382564545,1549600,0.1,4.034130952442561,21.106092070697656,0.10217161651235074,21.106092070697656,193600,0.3360296110622585,66.97459775209427,0.0003,0.026873449940467253,0.0118035383784445,0.6709459566045552,0.10326021921355277,-144.71389961242676
15496,,268.87628,100.0,37041,,41,,,0.03314827382564545,1549600,0.1,,,,,,,,,,,,,
15500,0.2250511786046178,270.50095,100.0,37064,0.27899999999999997,41,0.72,0.0,0.03314562886953354,1550400,0.11,3.413324817028352,21.106092070697656,0.10153622378129512,21.106092070697656,193728,0.3356816116720438,66.03846645355225,0.0003,0.02701793925371021,0.013542114647862036,0.31295890221372247,0.10542331100441515,-143.6373496055603
15504,,270.50095,100.0,37064,,41,,,0.03314562886953354,1550400,0.11,,,,,,,,,,,,,
15508,0.07956494651649194,274.03177,100.0,37077,0.3,41,0.21,0.0,0.03314861282706261,1551200,0.12,3.829661077609554,21.106092070697656,0.10136390652041882,21.106092070697656,193792,0.3387316018342972,66.75328457355499,0.0003,0.027097788377432153,0.011887655105965678,0.7953057400882244,0.10550768079701811,-143.75779366493225
15512,,274.03177,100.0,37077,,41,,,0.03314861282706261,1551200,0.12,,,,,,,,,,,,,
15516,0.3965733374508386,276.09177,100.0,37100,0.29699999999999993,41,1.11,0.0,0.03314802050590515,1552000,0.11,4.949721099506329,21.106092070697656,0.09931576519738883,21.106092070697656,193920,0.3351706275716424,65.99866849184036,0.0003,0.02714722658856772,0.012846198100305628,0.9401179170235991,0.10586988483555615,-143.52072644233704
15520,,276.09177,100.0,37100,,41,,,0.03314802050590515,1552000,0.11,,,,,,,,,,,,,
15524,0.0,274.5992,100.0,37113,0.21599999999999997,41,0.0,0.0,0.03314461559057236,1552800,0.11,3.5758652650271454,21.106092070697656,0.1034222359303385,21.106092070697656,193984,0.33842395851388574,66.1348403096199,0.0003,0.02720764436526224,0.012438140031008516,0.01353743055369705,0.10530554200522602,-143.53587365150452
15528,,274.5992,100.0,37113,,41,,,0.03314461559057236,1552800,0.11,,,,,,,,,,,,,
15532,0.3208430154150953,269.06583,100.0,37136,0.2909999999999999,41,0.69,0.0,0.03313701972365379,1553600,0.12,4.00260627289092,21.106092070697656,0.10247287573292851,21.106092070697656,194112,0.3376750638708472,61.93171066045761,0.0003,0.027192673907848075,0.012010659804218449,-0.46652503102086484,0.10535748640540987,-143.21078443527222
15536,,269.06583,100.0,37136,,41,,,0.03313701972365379,1553600,0.12,,,,,,,,,,,,,
15540,0.1094180888717654,267.00156,100.0,37149,0.18599999999999997,41,0.24,0.0,0.033143334090709686,1554400,0.13,2.8233455972164183,21.106092070697656,0.10139744146727026,21.106092070697656,194176,0.3395241107791662,60.75110590457916,0.0003,0.027175178664037958,0.011261921776167583,0.7107362810056657,0.10285845561884344,-142.95469450950623
15544,,267.00156,100.0,37149,,41,,,0.033143334090709686,1554400,0.13,,,,,,,,,,,,,
15548,0.017596303215230206,267.48364,100.0,37172,0.25499999999999995,41,0.06,0.0,0.033143192529678345,1555200,0.13,4.323064641220515,21.106092070697656,0.09996780892834067,21.106092070697656,194304,0.3363758074119687,63.18192821741104,0.0003,0.027197240095119923,0.012214370173751377,-0.4341453961096704,0.10310523409862071,-142.7580440044403
15552,,267.48364,100.0,37172,,41,,,0.033143192529678345,1555200,0.13,,,,,,,,,,,,,
15556,0.13042565781084106,266.93964,100.0,37195,0.25799999999999995,41,0.39,0.0,0.033143267035484314,1556000,0.14,3.811059198302297,21.106092070697656,0.10037503892090172,21.106092070697656,194432,0.33771602157503366,63.86058038473129,0.0003,0.027185787010239437,0.01119499835476745,-0.05920860939659178,0.10460106283426285,-142.9044759273529
15560,,266.93964,100.0,37195,,41,,,0.033143267035484314,1556000,0.14,,,,,,,,,,,,,
15564,0.0,273.3887,100.0,37210,0.3,41,0.0,0.0,0.033142201602458954,1556800,0.16,2.739305168987683,21.106092070697656,0.09906929894350469,21.106092070697656,194496,0.33619730500504375,62.859476923942566,0.0003,0.027166266576386988,0.012177780743513722,-1.2623987491242588,0.10472555097658187,-142.74618077278137
15568,,273.3887,100.0,37210,,41,,,0.033142201602458954,1556800,0.16,,,,,,,,,,,,,
15572,0.0,274.2104,100.0,37233,0.26099999999999995,41,0.0,0.0,0.03314504772424698,1557600,0.17,3.3493516015989098,21.106092070697656,0.0979959323303774,21.106092070697656,194624,0.3355544451624155,63.059184432029724,0.0003,0.027262584131676704,0.010511199368920643,0.9933632707688957,0.10293536586686969,-143.30712699890137
15576,,274.2104,100.0,37233,,41,,,0.03314504772424698,1557600,0.17,,,,,,,,,,,,,
15580,0.0,265.85043,100.0,37246,0.22499999999999998,41,0.0,0.0,0.03314445912837982,1558400,0.15,3.926811168184145,21.106092070697656,0.09978314791806042,21.106092070697656,194688,0.3395118690095842,62.96818494796753,0.0003,0.02736622662632726,0.010641893160936888,0.5707881153794006,0.10491113283205777,-143.14166283607483
15584,,265.85043,100.0,37246,,41,,,0.03314445912837982,1558400,0.15,,,,,,,,,,,,,
15588,0.03986699383729787,270.50543,100.0,37269,0.3,41,0.09,0.0,0.03314099833369255,1559200,0.17,2.8812636118324657,21.106092070697656,0.10092450364027172,21.106092070697656,194816,0.33844430604949594,62.47809851169586,0.0003,0.02758109982823953,0.012328265380347148,0.5323730476666242,0.1036741352872923,-143.0637490749359
15592,,270.50543,100.0,37269,,41,,,0.03314099833369255,1559200,0.17,,,,,,,,,,,,,
15596,0.0,264.49243,100.0,37282,0.288,41,0.0,0.0,0.033135902136564255,1560000,0.18,3.1160465306499083,21.106092070697656,0.10183368774596602,21.106092070697656,194880,0.3400064711458981,68.11093401908875,0.0003,0.027560543967410922,0.011190436613105703,-0.37131318310275674,0.10370933404192328,-143.3786816596985
15600,,264.49243,100.0,37282,,41,,,0.033135902136564255,1560000,0.18,,,,,,,,,,,,,
15604,0.12673568749246478,265.17044,100.0,37305,0.3,41,0.39,0.0,0.03313440829515457,1560800,0.17,4.176027170020712,20.683970229283698,0.10239842382725328,20.683970229283698,195008,0.3442720393650234,65.6060705780983,0.0003,0.02739990092231892,0.011498468324134592,-0.3668857114389539,0.10241291124839336,-143.1562077999115
15608,,265.17044,100.0,37305,,41,,,0.03313440829515457,1560800,0.17,,,,,,,,,,,,,
15612,0.09187429203612353,260.76047,100.0,37318,0.25499999999999995,41,0.33,0.0,0.033130329102277756,1561600,0.17,4.730015596750723,20.683970229283698,0.10050262848380953,20.683970229283698,195072,0.34138274379074574,61.98284125328064,0.0003,0.027364533831132576,0.010511297859920887,-0.9491155561991036,0.10356780455913395,-142.9706208705902
15616,,260.76047,100.0,37318,,41,,,0.033130329102277756,1561600,0.17,,,,,,,,,,,,,
15620,0.0,257.89548,100.0,37342,0.264,41,0.0,0.0,0.033126600086688995,1562400,0.17,4.425045328507857,20.683970229283698,0.10117955564055592,20.683970229283698,195200,0.3431115276180208,63.02876162528992,0.0003,0.027283028088277206,0.010620971741445828,-1.1862696520984173,0.10490402684081346,-142.9462547302246
15624,,257.89548,100.0,37342,,41,,,0.033126600086688995,1562400,0.17,,,,,,,,,,,,,
15628,0.07913289888555872,262.3573,100.0,37364,0.26099999999999995,41,0.24,0.0,0.03313080593943596,1563200,0.17,4.235992204054512,20.683970229283698,0.10479358327575028,20.683970229283698,195328,0.3445040532387793,60.87475723028183,0.0003,0.02721652085892856,0.01141266382910544,-0.014222357189282775,0.10128525772597641,-142.58724856376648
15632,,262.3573,100.0,37364,,41,,,0.03313080593943596,1563200,0.17,,,,,,,,,,,,,
15636,0.02,256.62592,100.0,37378,0.23399999999999999,41,0.03,0.0,0.03312515467405319,1564000,0.14,3.6237890511573427,20.683970229283698,0.10298125201370567,20.683970229283698,195392,0.3432118622586131,57.35049390792847,0.0003,0.02718614399782382,0.01172552866046317,-1.3334606494172476,0.10228813521098346,-142.77400135993958
15640,,256.62592,100.0,37378,,41,,,0.03312515467405319,1564000,0.14,,,,,,,,,,,,,
15644,0.016424011411561378,258.0776,100.0,37400,0.3,41,0.06,0.0,0.03312557190656662,1564800,0.14,4.148777693147932,20.683970229283698,0.10247716505546123,20.683970229283698,195520,0.34659048402681947,54.36915200948715,0.0003,0.02703969125286676,0.011015431497071404,-0.38564022653736174,0.1017558230087161,-143.0220251083374
15648,,258.0776,100.0,37400,,41,,,0.03312557190656662,1564800,0.14,,,,,,,,,,,,,
15652,0.08772622993417442,262.22498,100.0,37414,0.23699999999999996,41,0.15,0.0,0.03312191367149353,1565600,0.15,2.811751062138473,20.683970229283698,0.1024925314122811,20.683970229283698,195584,0.34814597479999065,58.76789093017578,0.0003,0.026988849422195926,0.01159359783923719,-0.334049669560045,0.10313737217802554,-143.39460015296936
15656,,262.22498,100.0,37414,,41,,,0.03312191367149353,1565600,0.15,,,,,,,,,,,,,
15660,0.0,262.65204,100.0,37438,0.3,41,0.0,0.0,0.033113788813352585,1566400,0.15,3.861940068223981,20.683970229283698,0.10021745937410742,20.683970229283698,195712,0.3424412072636187,56.25135827064514,0.0003,0.02686735155293718,0.010326420298952144,0.8887292011640966,0.10274184658192098,-142.9956464767456
15664,,262.65204,100.0,37438,,41,,,0.033113788813352585,1566400,0.15,,,,,,,,,,,,,
15668,0.20919153250527148,261.37814,100.0,37451,0.3,41,0.72,0.0,0.03311515599489212,1567200,0.13,4.167960514726236,20.683970229283698,0.10696042433846742,20.683970229283698,195776,0.3444506940431893,62.119655072689056,0.0003,0.026980847265804186,0.012712498672044603,1.2678752758074552,0.1046081269159913,-143.8442099094391
15672,,261.37814,100.0,37451,,41,,,0.03311515599489212,1567200,0.13,,,,,,,,,,,,,
15676,0.03544919056621294,263.8498,100.0,37474,0.26099999999999995,41,0.12,0.0,0.03311939164996147,1568000,0.13,4.031275162924551,20.683970229283698,0.10103788936976343,20.683970229283698,195904,0.34114357782527804,63.719985246658325,0.0003,0.027122107159812003,0.011560143830138259,0.2511141812428832,0.10277489200234413,-143.79665565490723
15680,,263.8498,100.0,37474,,41,,,0.03311939164996147,1568000,0.13,,,,,,,,,,,,,
15684,0.11869191166202957,263.40497,100.0,37497,0.21299999999999997,41,0.42,0.0,0.033120691776275635,1568800,0.13,3.495579338637749,20.683970229283698,0.0999874925473705,20.683970229283698,196032,0.34180973935872316,64.70024132728577,0.0003,0.027172264497494325,0.011240195090067573,0.623769807163626,0.10472944180946797,-143.46585249900818
15688,,263.40497,100.0,37497,,41,,,0.033120691776275635,1568800,0.13,,,,,,,,,,,,,
15692,0.0,261.21558,100.0,37510,0.21899999999999994,41,0.0,0.0,0.03312116861343384,1569600,0.11,3.8381706117086822,20.683970229283698,0.10060008580330759,20.683970229283698,196096,0.34302557865157723,59.698847234249115,0.0003,0.027204482903471217,0.010781306540593505,0.7689252735581249,0.10192913725040853,-144.60937690734863
15696,,261.21558,100.0,37510,,41,,,0.03312116861343384,1569600,0.11,,,,,,,,,,,,,
15700,0.3239538429014545,263.1534,100.0,37534,0.26099999999999995,41,0.99,0.0,0.033124446868896484,1570400,0.12,3.889740507973566,20.683970229283698,0.10018076945561916,20.683970229283698,196224,0.34263929072767496,59.0400670170784,0.0003,0.027342162851709872,0.01110246911412105,0.5284976800903678,0.1030602736864239,-143.87445187568665
15704,,263.1534,100.0,37534,,41,,,0.033124446868896484,1570400,0.12,,,,,,,,,,,,,
15708,0.1280260734630354,263.64337,100.0,37548,0.3,41,0.36,0.0,0.03311985731124878,1571200,0.12,3.6744615898977258,20.683970229283698,0.1011337919626385,20.683970229283698,196288,0.3457112121395767,53.03095704317093,0.0003,0.027424978761700913,0.01273589368793182,0.9093280844390392,0.10394977254327387,-143.48010540008545
15712,,263.64337,100.0,37548,,41,,,0.03311985731124878,1571200,0.12,,,,,,,,,,,,,
15716,0.10401858396255159,264.21658,100.0,37572,0.264,41,0.42,0.0,0.0331110954284668,1572000,0.12,4.458395796467294,20.683970229283698,0.0996883965563029,20.683970229283698,196416,0.34449017606675625,60.952049911022186,0.0003,0.02756465194397606,0.00974855360618676,-0.018954608589410782,0.10239067452494055,-143.92081665992737
15720,,264.21658,100.0,37572,,41,,,0.0331110954284668,1572000,0.12,,,,,,,,,,,,,
15724,0.0,262.0877,100.0,37585,0.3,41,0.0,0.0,0.0331081859767437,1572800,0.11,4.361535045623283,20.683970229283698,0.10057202621828765,20.683970229283698,196480,0.34500328125432134,61.20736086368561,0.0003,0.027588132594246417,0.009567192282702308,0.6933538480661809,0.10106815816834569,-143.3169732093811
15728,,262.0877,100.0,37585,,41,,,0.0331081859767437,1572800,0.11,,,,,,,,,,,,,
15732,0.11787775632326315,260.92648,100.0,37608,0.22499999999999998,41,0.24,0.0,0.03311470150947571,1573600,0.13,3.5132821773905234,20.683970229283698,0.10309906129259616,20.683970229283698,196608,0.34695795085281134,55.419530749320984,0.0003,0.027762107783928514,0.010996722528943792,1.889186792774126,0.10463576926849782,-143.5041139125824
15736,,260.92648,100.0,37608,,41,,,0.03311470150947571,1573600,0.13,,,,,,,,,,,,,
15740,0.11468853121098961,260.41394,100.0,37621,0.3,41,0.39,0.0,0.033117055892944336,1574400,0.11,4.589993126508254,20.683970229283698,0.10146235825959593,20.683970229283698,196672,0.34250767482444644,61.13973921537399,0.0003,0.027967328554950655,0.010426186927361414,0.6082914220169187,0.10169090167619288,-143.95155429840088
15744,,260.41394,100.0,37621,,41,,,0.033117055892944336,1574400,0.11,,,,,,,,,,,,,
15748,0.0,261.53113,100.0,37645,0.26099999999999995,41,0.0,0.0,0.033115990459918976,1575200,0.11,3.6896685722769758,20.683970229283698,0.09988016914576292,20.683970229283698,196800,0.34282225696370006,56.13159143924713,0.0003,0.02814801607746631,0.012011130369501188,1.4782209736295044,0.10607737151440233,-143.44554781913757
15752,,261.53113,100.0,37645,,41,,,0.033115990459918976,1575200,0.11,,,,,,,,,,,,,
15756,0.0,252.46024,100.0,37667,0.22499999999999998,41,0.0,0.0,0.03311867266893387,1576000,0.09,3.666736647708513,20.683970229283698,0.10123456653673202,20.683970229283698,196928,0.3476428119465709,62.13763469457626,0.0003,0.028406199300661683,0.010782211349578574,2.1331697539426386,0.10324060532730073,-142.9486267566681
15760,,252.46024,100.0,37667,,41,,,0.03311867266893387,1576000,0.09,,,,,,,,,,,,,
15764,0.0,251.50119,100.0,37682,0.24,41,0.0,0.0,0.03311491757631302,1576800,0.1,3.390620415718857,20.683970229283698,0.10215344314929098,20.683970229283698,196992,0.34923936566337943,65.45848017930984,0.0003,0.028616937750484794,0.01032335236959625,0.282412011642009,0.10368305188603699,-143.07364583015442
15768,,251.50119,100.0,37682,,41,,,0.03311491757631302,1576800,0.1,,,,,,,,,,,,,
15772,0.0,251.3992,100.0,37704,0.3,41,0.0,0.0,0.03311517834663391,1577600,0.1,2.476139629828259,20.683970229283698,0.10123682615812868,20.683970229283698,197120,0.34577435767278075,62.25286388397217,0.0003,0.02877365768654272,0.010523855173232732,0.7056305792648345,0.1021635695360601,-143.46933937072754
15776,,251.3992,100.0,37704,,41,,,0.03311517834663391,1577600,0.1,,,,,,,,,,,,,
15780,0.0,249.53929,100.0,37718,0.17699999999999996,41,0.0,0.0,0.03311643376946449,1578400,0.1,3.7587075226686077,20.683970229283698,0.11834012565668672,20.683970229283698,197184,0.3494447348639369,61.4456090927124,0.0003,0.02884036733303219,0.015981843484041747,0.43209921941161156,0.10142542433459312,-142.64339447021484
15784,,249.53929,100.0,37718,,41,,,0.03311643376946449,1578400,0.1,,,,,,,,,,,,,
15788,0.0,246.07358,100.0,37740,0.3,41,0.0,0.0,0.033126261085271835,1579200,0.09,4.07219257245155,20.683970229283698,0.10909201495815068,20.683970229283698,197312,0.34652695851400495,56.14491868019104,0.0003,0.0289145483111497,0.013832875243679155,0.7334433242212981,0.10094669030513614,-142.0407259464264
15792,,246.07358,100.0,37740,,41,,,0.033126261085271835,1579200,0.09,,,,,,,,,,,,,
15796,0.0,245.97891,100.0,37754,0.25499999999999995,41,0.0,0.0,0.03312592953443527,1580000,0.08,3.1968908018507505,20.683970229283698,0.10817288153339177,20.683970229283698,197376,0.35144124552607536,60.80987632274628,0.0003,0.02893603834672831,0.01327267500164453,-0.15647196560166776,0.10045426874421537,-142.8650302886963
15800,,245.97891,100.0,37754,,41,,,0.03312592953443527,1580000,0.08,,,,,,,,,,,,,
15804,0.05499270906721357,242.68794,100.0,37776,0.204,41,0.15,0.0,0.03311707451939583,1580800,0.08,3.5732832468866333,20.270290824698026,0.1041994906263426,20.270290824698026,197504,0.3513643811456859,57.12933772802353,0.0003,0.028875548508949578,0.011575085518416017,-0.232942700618878,0.10133022407535464,-142.54464101791382
15808,,242.68794,100.0,37776,,41,,,0.03311707451939583,1580800,0.08,,,,,,,,,,,,,
15812,0.0,243.95076,100.0,37799,0.23699999999999996,41,0.0,0.0,0.03310789540410042,1581600,0.09,3.1190195072430775,20.270290824698026,0.10397716145962477,20.270290824698026,197632,0.35543170012533665,56.43197405338287,0.0003,0.028887847758596763,0.012056567938998342,-0.3177767109591514,0.10189821862149984,-141.80978965759277
15816,,243.95076,100.0,37799,,41,,,0.03310789540410042,1581600,0.09,,,,,,,,,,,,,
15820,0.0,242.31737,100.0,37812,0.3,41,0.0,0.0,0.033107321709394455,1582400,0.09,3.942264730964946,20.270290824698026,0.10313859896268696,20.270290824698026,197696,0.3545179571956396,59.04904168844223,0.0003,0.02891243257909082,0.010753796712378971,0.9222159115597606,0.10364646220114082,-142.33302879333496
15824,,242.31737,100.0,37812,,41,,,0.033107321709394455,1582400,0.09,,,,,,,,,,,,,
15828,0.0,242.80066,100.0,37834,0.3,41,0.0,0.0,0.03310678154230118,1583200,0.1,3.750192029137644,20.270290824698026,0.1045316627714783,20.270290824698026,197824,0.3568938043899834,62.26231187582016,0.0003,0.028941653959918767,0.010713401621615048,-0.1229680641554296,0.10039564198814332,-142.3028371334076
15832,,242.80066,100.0,37834,,41,,,0.03310678154230118,1583200,0.1,,,,,,,,,,,,,
15836,0.13775329334526631,240.9045,100.0,37847,0.25199999999999995,41,0.33,0.0,0.03310670331120491,1584000,0.09,4.367161591747194,20.270290824698026,0.10451105772517622,20.270290824698026,197888,0.35401440784335136,63.05467242002487,0.0003,0.028934861125890166,0.01225474458624376,-0.23715595318935812,0.10124679945874959,-142.01966977119446
15840,,240.9045,100.0,37847,,41,,,0.03310670331120491,1584000,0.09,,,,,,,,,,,,,
15844,0.1506326957796982,237.90186,100.0,37871,0.26099999999999995,41,0.45,0.0,0.033108148723840714,1584800,0.09,3.894484980341973,20.270290824698026,0.1071116216480732,20.270290824698026,198016,0.35556035954505205,59.84095740318298,0.0003,0.028818744816817343,0.012625535411643796,-0.8081889383029193,0.10114327154587954,-142.4068202972412
15848,,237.90186,100.0,37871,,41,,,0.033108148723840714,1584800,0.09,,,,,,,,,,,,,
15852,0.1843248808828411,243.51395,100.0,37885,0.3,41,0.6,0.0,0.033105701208114624,1585600,0.1,4.282094365257822,20.270290824698026,0.10586760635487735,20.270290824698026,198080,0.35513869021087885,59.070561945438385,0.0003,0.028724886564305052,0.012594825653650332,-1.6454509012401104,0.1018560848897323,-141.55461978912354
15856,,243.51395,100.0,37885,,41,,,0.033105701208114624,1585600,0.1,,,,,,,,,,,,,
15860,0.16189361343663602,246.36644,100.0,37908,0.3,41,0.36,0.0,0.03310152888298035,1586400,0.1,4.141418714666367,20.270290824698026,0.10271413892041892,20.270290824698026,198208,0.35408732015639544,57.148421585559845,0.0003,0.02846696591586806,0.01148029320029309,-0.3240767037495971,0.10208931914530694,-141.85392117500305
15864,,246.36644,100.0,37908,,41,,,0.03310152888298035,1586400,0.1,,,,,,,,,,,,,
15868,0.0,244.64642,100.0,37921,0.26099999999999995,41,0.0,0.0,0.03309532627463341,1587200,0.1,4.26555809999942,20.270290824698026,0.10572420875541866,20.270290824698026,198272,0.35960035771131516,56.874472856521606,0.0003,0.028414407221134752,0.011027981592633296,-1.1541267989668995,0.10260928573552519,-141.23004293441772
15872,,244.64642,100.0,37921,,41,,,0.03309532627463341,1587200,0.1,,,,,,,,,,,,,
15876,0.20390121648396164,242.22435,100.0,37944,0.282,41,0.75,0.0,0.03309442102909088,1588000,0.09,4.202464763100103,20.270290824698026,0.10444677656050771,20.270290824698026,198400,0.35550928860902786,57.565186858177185,0.0003,0.02810573097667657,0.011197733256267384,-0.48515734961256385,0.10287091799546033,-141.5929343700409
15880,,242.22435,100.0,37944,,41,,,0.03309442102909088,1588000,0.09,,,,,,,,,,,,,
15884,0.11840575237126098,248.95634,100.0,37968,0.26099999999999995,41,0.36,0.0,0.03309100493788719,1588800,0.1,3.427667079745208,20.270290824698026,0.10283890052232891,20.270290824698026,198528,0.3549964786507189,53.34211301803589,0.0003,0.027998372970614582,0.011114724118669983,-0.6453575340565294,0.10104602877981961,-141.92072892189026
15888,,248.95634,100.0,37968,,41,,,0.03309100493788719,1588800,0.1,,,,,,,,,,,,,
15892,0.10214532445893361,248.35912,100.0,37981,0.22799999999999998,41,0.39,0.0,0.03308995068073273,1589600,0.11,2.860839427312712,20.270290824698026,0.10323774360585958,20.270290824698026,198592,0.3555655227974057,51.07057970762253,0.0003,0.027911157871130854,0.010318460284906905,-1.5866220156894997,0.10029804997611791,-141.97270011901855
15896,,248.35912,100.0,37981,,41,,,0.03308995068073273,1589600,0.11,,,,,,,,,,,,,
15900,0.1780444837968625,257.04874,100.0,38005,0.27899999999999997,41,0.57,0.0,0.03308967500925064,1590400,0.12,4.350776070057578,20.270290824698026,0.10430650529451668,20.270290824698026,198720,0.3553029880858958,53.88927060365677,0.0003,0.027721844176994637,0.009799806444789283,-1.1344427990261465,0.10086062352638692,-142.07690715789795
15904,,257.04874,100.0,38005,,41,,,0.03308967500925064,1590400,0.12,,,,,,,,,,,,,
15908,0.0,260.68594,100.0,38018,0.25799999999999995,41,0.0,0.0,0.03308486565947533,1591200,0.13,3.124545246475924,20.270290824698026,0.10103667934890836,20.270290824698026,198784,0.3527121329680085,52.030996680259705,0.0003,0.027619689790299162,0.010845612603588961,-1.2428726251237094,0.10150084632914513,-142.30979895591736
15912,,260.68594,100.0,38018,,41,,,0.03308486565947533,1591200,0.13,,,,,,,,,,,,,
15916,0.005734372333157074,257.5833,100.0,38041,0.2909999999999999,41,0.03,0.0,0.03308038413524628,1592000,0.12,3.7547660223318964,20.270290824698026,0.10114573163446039,20.270290824698026,198912,0.35637429915368557,52.77684539556503,0.0003,0.027450017514638603,0.011083391844294965,-1.4179687737487257,0.0997156931553036,-142.5403561592102
15920,,257.5833,100.0,38041,,41,,,0.03308038413524628,1592000,0.12,,,,,,,,,,,,,
15924,0.050823296338822835,259.81268,100.0,38054,0.3,41,0.18,0.0,0.03307681903243065,1592800,0.14,2.9395287321073993,20.270290824698026,0.10301464004442096,20.270290824698026,198976,0.3598785288631916,56.69676837325096,0.0003,0.02735978100099601,0.011776586514315568,-0.7803585481597111,0.1007657558657229,-141.69080710411072
15928,,259.81268,100.0,38054,,41,,,0.03307681903243065,1592800,0.14,,,,,,,,,,,,,
15932,0.1412224575570205,260.09122,100.0,38077,0.264,41,0.27,0.0,0.03307333216071129,1593600,0.14,4.243646108471364,20.270290824698026,0.10525970871094614,20.270290824698026,199104,0.36033190274611115,53.67441403865814,0.0003,0.02725841768551618,0.012951573560712859,-0.3948153618257493,0.10105674504302442,-142.36362981796265
15936,,260.09122,100.0,38077,,41,,,0.03307333216071129,1593600,0.14,,,,,,,,,,,,,
15940,0.0,259.12842,100.0,38099,0.264,41,0.0,0.0,0.03307153657078743,1594400,0.14,3.9750386309516386,20.270290824698026,0.10418443917296827,20.270290824698026,199232,0.3614611476659775,51.70143806934357,0.0003,0.02704756023013033,0.011119305454485584,-1.2153963877353817,0.10099002998322248,-141.8856053352356
15944,,259.12842,100.0,38099,,41,,,0.03307153657078743,1594400,0.14,,,,,,,,,,,,,
15948,0.3416838709215844,259.4,100.0,38113,0.29699999999999993,41,0.78,0.0,0.033069904893636703,1595200,0.13,4.093028278201758,20.270290824698026,0.10373249545227736,20.270290824698026,199296,0.3635929352603853,56.13989907503128,0.0003,0.026952349668135867,0.01073999679647386,-1.0497561695519835,0.10091472661588341,-141.494074344635
15952,,259.4,100.0,38113,,41,,,0.033069904893636703,1595200,0.13,,,,,,,,,,,,,
15956,0.0,260.025,100.0,38136,0.29699999999999993,41,0.0,0.0,0.03306668996810913,1596000,0.14,2.9140921820858563,20.270290824698026,0.10263795417267829,20.270290824698026,199424,0.3624346274882555,52.838206231594086,0.0003,0.026735205407021567,0.01121194519510027,-0.3293719105422497,0.09642884822096676,-141.19883823394775
15960,,260.025,100.0,38136,,41,,,0.03306668996810913,1596000,0.14,,,,,,,,,,,,,
15964,0.0,263.54407,100.0,38149,0.3,41,0.0,0.0,0.03306829184293747,1596800,0.16,3.175715007526864,20.270290824698026,0.10270035872235894,20.270290824698026,199488,0.36319529451429844,56.96377122402191,0.0003,0.0267204349511303,0.010507867315027397,-0.42761754896491766,0.100526939262636,-141.6302309036255
15968,,263.54407,100.0,38149,,41,,,0.03306829184293747,1596800,0.16,,,,,,,,,,,,,
15972,0.0,263.14792,100.0,38172,0.26099999999999995,41,0.0,0.0,0.033066220581531525,1597600,0.16,3.893243266015436,20.270290824698026,0.10295568476431072,20.270290824698026,199616,0.3623013822361827,51.220996618270874,0.0003,0.026605972787365317,0.010849244772543898,-0.09970631171017885,0.09946798905730247,-141.63113856315613
15976,,263.14792,100.0,38172,,41,,,0.033066220581531525,1597600,0.16,,,,,,,,,,,,,
15980,0.19487029662285402,260.88263,100.0,38185,0.3,41,0.36,0.0,0.03306187689304352,1598400,0.16,3.7094629602161935,20.270290824698026,0.1029145501088351,20.270290824698026,199680,0.36071357037872076,55.70397633314133,0.0003,0.02655058033997193,0.011415909670176916,-1.6055688257329166,0.09870825160760432,-141.0010256767273
15984,,260.88263,100.0,38185,,41,,,0.03306187689304352,1598400,0.16,,,,,,,,,,,,,
15988,0.0,259.31342,100.0,38208,0.3,41,0.0,0.0,0.033062055706977844,1599200,0.15,4.235441478972192,20.270290824698026,0.10246924171224236,20.270290824698026,199808,0.36460951482877135,52.81701582670212,0.0003,0.02628837659722194,0.010627970375935547,-0.7785322647541761,0.09779510833323002,-141.21102333068848
15992,,259.31342,100.0,38208,,41,,,0.033062055706977844,1599200,0.15,,,,,,,,,,,,,
15996,0.0,251.74304,100.0,38221,0.26099999999999995,41,0.0,0.0,0.033059995621442795,1600000,0.13,4.576421276908148,20.270290824698026,0.10170989809557796,20.270290824698026,199872,0.3624273696914315,54.538427114486694,0.0003,0.026193598489044234,0.010640308297297452,-1.5461070593446493,0.09693065041210502,-141.222505569458
16000,,251.74304,100.0,38221,,41,,,0.033059995621442795,1600000,0.13,,,,,,,,,,,,,
16004,0.0,247.2497,100.0,38245,0.3,41,0.0,0.0,0.033054105937480927,1600800,0.12,4.094711177240398,19.864885008204062,0.1030917294556275,19.864885008204062,200000,0.3641042346134782,54.39182722568512,0.0003,0.025901965476805344,0.010776455703307875,-1.2247665044851601,0.09852894686628133,-141.2943742275238
16008,,247.2497,100.0,38245,,41,,,0.033054105937480927,1600800,0.12,,,,,,,,,,,,,
16012,0.0,246.41988,100.0,38268,0.3,41,0.0,0.0,0.03305713087320328,1601600,0.11,4.540633669638783,19.864885008204062,0.10244656994473189,19.864885008204062,200128,0.3646878618746996,53.384759187698364,0.0003,0.025771045009605587,0.01085564291861374,-1.3750069600064307,0.0973056370858103,-140.66576480865479
16016,,246.41988,100.0,38268,,41,,,0.03305713087320328,1601600,0.11,,,,,,,,,,,,,
16020,0.0,247.6854,100.0,38281,0.3,41,0.0,0.0,0.03304772078990936,1602400,0.1,3.9640142549258273,19.864885008204062,0.1054077809676528,19.864885008204062,200192,0.36436120234429836,55.55839666724205,0.0003,0.02560263974010013,0.011297007935354486,-1.3943977978779003,0.09987373009789735,-141.7461085319519
16024,,247.6854,100.0,38281,,41,,,0.03304772078990936,1602400,0.1,,,,,,,,,,,,,
16028,0.0,249.39369,100.0,38305,0.3,41,0.0,0.0,0.033045750111341476,1603200,0.09,4.867642893447002,19.864885008204062,0.10319385200273246,19.864885008204062,200320,0.3629162502475083,52.49709939956665,0.0003,0.02544659993145615,0.009907169904181501,0.3507634161505848,0.09809592412784696,-141.1786551475525
16032,,249.39369,100.0,38305,,41,,,0.033045750111341476,1603200,0.09,,,,,,,,,,,,,
16036,0.0,252.61089,100.0,38319,0.264,41,0.0,0.0,0.03304100036621094,1604000,0.1,4.131613194616292,19.864885008204062,0.10035982530098408,19.864885008204062,200384,0.36113328812643886,61.05951923131943,0.0003,0.025412286107894033,0.010476187242602464,-1.3543587597087026,0.09755663841497153,-141.8245062828064
16040,,252.61089,100.0,38319,,41,,,0.03304100036621094,1604000,0.1,,,,,,,,,,,,,
16044,0.0,250.13072,100.0,38342,0.29399999999999993,41,0.0,0.0,0.03303631767630577,1604800,0.09,4.325017628482021,19.864885008204062,0.10184040328022093,19.864885008204062,200512,0.3620548122562468,55.78684249520302,0.0003,0.025257958739530295,0.010487598803592846,0.021331821801140904,0.09771136532071978,-142.05686211585999
16048,,250.13072,100.0,38342,,41,,,0.03303631767630577,1604800,0.09,,,,,,,,,,,,,
16052,0.16185869135711567,246.92592,100.0,38355,0.27,41,0.39,0.0,0.033036794513463974,1605600,0.08,4.89815255080475,19.864885008204062,0.10513477900531143,19.864885008204062,200576,0.36540258722379804,54.044057846069336,0.0003,0.025245152617571875,0.011254545519477688,-0.24756404012441635,0.0973932531196624,-140.98950934410095
16056,,246.92592,100.0,38355,,41,,,0.033036794513463974,1605600,0.08,,,,,,,,,,,,,
16060,0.11154451728031661,242.54312,100.0,38378,0.264,41,0.27,0.0,0.03302508592605591,1606400,0.06,3.82927767457293,19.864885008204062,0.10276912478730083,19.864885008204062,200704,0.36410745047032833,53.593805491924286,0.0003,0.02521997911389917,0.011587851226067869,-0.8520195204764605,0.09501915634609759,-141.65089750289917
16064,,242.54312,100.0,38378,,41,,,0.03302508592605591,1606400,0.06,,,,,,,,,,,,,
16068,0.08318453951916811,243.0832,100.0,38403,0.3,41,0.15,0.0,0.03301888331770897,1607200,0.07,3.1796347332075503,19.864885008204062,0.10269050090573728,19.864885008204062,200832,0.36334623396396637,49.85660344362259,0.0003,0.025207901402609423,0.011528588060173206,1.0444711954332888,0.09732252696994692,-141.42753863334656
16072,,243.0832,100.0,38403,,41,,,0.03301888331770897,1607200,0.07,,,,,,,,,,,,,
16076,0.0,243.67218,100.0,38416,0.3,41,0.0,0.0,0.03301159664988518,1608000,0.08,4.206601244627763,19.864885008204062,0.10273068922106177,19.864885008204062,200896,0.3603533753193915,52.701031655073166,0.0003,0.025301064684754238,0.011474368089693598,0.5275343926623464,0.09747016988694668,-141.82992887496948
16080,,243.67218,100.0,38416,,41,,,0.03301159664988518,1608000,0.08,,,,,,,,,,,,,
16084,0.2159165060024001,242.1241,100.0,38439,0.3,41,0.36,0.0,0.03301301226019859,1608800,0.06,4.837959065043415,19.864885008204062,0.10153385798912495,19.864885008204062,201024,0.3585455846041441,51.93151333928108,0.0003,0.025436253083171323,0.01099920033084345,0.6641442528925836,0.09601830341853201,-141.60171103477478
16088,,242.1241,100.0,38439,,41,,,0.03301301226019859,1608800,0.06,,,,,,,,,,,,,
16092,0.0,244.02765,100.0,38452,0.3,41,0.0,0.0,0.03300967812538147,1609600,0.07,3.569945188121099,19.864885008204062,0.10178097093012184,19.864885008204062,201088,0.3638487230055034,55.79187214374542,0.0003,0.025486165803158656,0.01084872406499926,0.46649231389164925,0.09570098924450576,-141.46987080574036
16096,,244.02765,100.0,38452,,41,,,0.03300967812538147,1609600,0.07,,,,,,,,,,,,,
16100,0.08872094129447401,243.06671,100.0,38476,0.264,41,0.27,0.0,0.0330084003508091,1610400,0.07,4.169722458790688,19.864885008204062,0.10225710645318031,19.864885008204062,201216,0.3623524443246424,54.51307636499405,0.0003,0.025680123508209363,0.010444560186442686,0.08863936620764434,0.09680814517196268,-140.95638465881348
16104,,243.06671,100.0,38476,,41,,,0.0330084003508091,1610400,0.07,,,,,,,,,,,,,
16108,0.056577768799408935,247.0595,100.0,38489,0.3,41,0.27,0.0,0.033007390797138214,1611200,0.08,4.091712995042025,19.864885008204062,0.10163230577018112,19.864885008204062,201280,0.3630897533148527,52.18886911869049,0.0003,0.025752461777301505,0.009969008737243712,1.1244708246085793,0.094048589351587,-140.8467059135437
16112,,247.0595,100.0,38489,,41,,,0.033007390797138214,1611200,0.08,,,,,,,,,,,,,
16116,0.14209698499490409,244.35391,100.0,38511,0.3,41,0.36,0.0,0.033002033829689026,1612000,0.07,4.591351390117306,19.864885008204062,0.09971401002258062,19.864885008204062,201408,0.35567803448066115,51.65182667970657,0.0003,0.025824538693996146,0.009388404025230557,0.36507206154055893,0.09491288987919688,-141.8403880596161
16120,,244.35391,100.0,38511,,41,,,0.033002033829689026,1612000,0.07,,,,,,,,,,,,,
16124,0.20265572066422077,247.90659,100.0,38525,0.26099999999999995,41,0.42,0.0,0.03299415111541748,1612800,0.07,4.752485309638653,19.864885008204062,0.10075191198848188,19.864885008204062,201472,0.3582909982651472,57.837118327617645,0.0003,0.02582000702386722,0.010617774332786212,0.11539425095543265,0.09408706321846694,-140.9904887676239
16128,,247.90659,100.0,38525,,41,,,0.03299415111541748,1612800,0.07,,,,,,,,,,,,,
16132,0.0,250.07323,100.0,38548,0.3,41,0.0,0.0,0.03299032524228096,1613600,0.08,4.3680531523914246,19.864885008204062,0.10078535473439842,19.864885008204062,201600,0.3583830944262445,51.40832459926605,0.0003,0.025863082759315148,0.010605065912386635,-0.08104170067235827,0.09254899981897324,-140.71122241020203
16136,,250.07323,100.0,38548,,41,,,0.03299032524228096,1613600,0.08,,,,,,,,,,,,,
16140,0.0,252.94557,100.0,38570,0.3,41,0.0,0.0,0.032991673797369,1614400,0.09,3.3155758129165367,19.864885008204062,0.10242237360216677,19.864885008204062,201728,0.3568994486704469,49.43476638197899,0.0003,0.025863745977403596,0.011347680214385036,0.2882411670871079,0.0945941754616797,-140.1202473640442
16144,,252.94557,100.0,38570,,41,,,0.032991673797369,1614400,0.09,,,,,,,,,,,,,
16148,0.0,258.075,100.0,38584,0.26099999999999995,41,0.0,0.0,0.03298991546034813,1615200,0.11,3.618423398386634,19.864885008204062,0.10167570575140417,19.864885008204062,201792,0.35675772139802575,52.66381114721298,0.0003,0.025871444144286215,0.010502549383090809,-0.22093927394598722,0.09315257880371064,-140.1352894306183
16152,,258.075,100.0,38584,,41,,,0.03298991546034813,1615200,0.11,,,,,,,,,,,,,
16156,0.2324096580756924,257.91318,100.0,38608,0.3,41,0.39,0.0,0.03298806771636009,1616000,0.11,4.904085246907817,19.864885008204062,0.10166409309022129,19.864885008204062,201920,0.35737579269334674,52.209270775318146,0.0003,0.025846817588899285,0.011153292063681874,-0.33766982425004244,0.09566837025340647,-139.61547255516052
16160,,257.91318,100.0,38608,,41,,,0.03298806771636009,1616000,0.11,,,,,,,,,,,,,
16164,0.0,257.10437,100.0,38621,0.222,41,0.0,0.0,0.032979171723127365,1616800,0.11,2.4278189244234327,19.864885008204062,0.10076278855558485,19.864885008204062,201984,0.3568642344325781,53.316393971443176,0.0003,0.025777009315788746,0.010262116527883336,-1.0272945929318666,0.09670061781071126,-140.3402452468872
16168,,257.10437,100.0,38621,,41,,,0.032979171723127365,1616800,0.11,,,,,,,,,,,,,
16172,0.10903765292697429,262.37704,100.0,38644,0.3,41,0.21,0.0,0.03298085182905197,1617600,0.13,3.3277098774981813,19.864885008204062,0.10121292341500521,19.864885008204062,202112,0.3582888077944517,49.02945214509964,0.0003,0.025780971453059465,0.010552075058512855,0.638022986240685,0.09459817036986351,-139.8336534500122
16176,,262.37704,100.0,38644,,41,,,0.03298085182905197,1617600,0.13,,,,,,,,,,,,,
16180,0.07671354874903996,260.42035,100.0,38657,0.26099999999999995,41,0.27,0.0,0.03298584371805191,1618400,0.13,3.6865026643940535,19.864885008204062,0.1015323136234656,19.864885008204062,202176,0.35617403499782085,54.967004895210266,0.0003,0.025842596543952823,0.01037314402492484,0.641658553853631,0.0959890226367861,-139.82764148712158
16184,,260.42035,100.0,38657,,41,,,0.03298584371805191,1618400,0.13,,,,,,,,,,,,,
16188,0.09831736651292046,263.76535,100.0,38679,0.29699999999999993,41,0.15,0.0,0.03298458456993103,1619200,0.13,4.166279586568628,19.864885008204062,0.1016911620972678,19.864885008204062,202304,0.35589634254574776,48.4723234474659,0.0003,0.02589613531017676,0.011243027151067508,0.7099245181307197,0.0932075718883425,-140.23167300224304
16192,,263.76535,100.0,38679,,41,,,0.03298458456993103,1619200,0.13,,,,,,,,,,,,,
16196,0.09846599479034931,263.16794,100.0,38703,0.26099999999999995,41,0.15,0.0,0.03298028185963631,1620000,0.12,3.919514581890927,19.864885008204062,0.10426713852211833,19.864885008204062,202432,0.3567133182659745,50.26599991321564,0.0003,0.02591507986653596,0.010648886775015853,-0.9805165615398437,0.09490445361007005,-139.48903703689575
16200,,263.16794,100.0,38703,,41,,,0.03298028185963631,1620000,0.12,,,,,,,,,,,,,
16204,0.0,266.57382,100.0,38716,0.285,41,0.0,0.0,0.03298035264015198,1620800,0.13,4.086094992877337,19.46758730803998,0.10206981713417917,19.46758730803998,202496,0.35828310111537576,47.53390285372734,0.0003,0.02585867716697976,0.011341416095092427,0.8247060487046838,0.09089267859235406,-140.37221264839172
16208,,266.57382,100.0,38716,,41,,,0.03298035264015198,1620800,0.13,,,,,,,,,,,,,
16212,0.0,270.0814,100.0,38740,0.22499999999999998,41,0.0,0.0,0.032978348433971405,1621600,0.15,2.615002112907314,19.46758730803998,0.10517777490895241,19.46758730803998,202624,0.35660378355532885,54.78138071298599,0.0003,0.025930614327080548,0.012163254694314674,0.7839260818436742,0.09278684458695352,-140.32924890518188
16216,,270.0814,100.0,38740,,41,,,0.032978348433971405,1621600,0.15,,,,,,,,,,,,,
16220,0.3101548678876853,275.11444,100.0,38754,0.3,41,0.75,0.0,0.03297221288084984,1622400,0.17,3.529329726234985,19.46758730803998,0.10430080979131162,19.46758730803998,202688,0.35797047754749656,53.791688144207,0.0003,0.025974268442951143,0.01155689921870362,-0.15484347566962242,0.09587020648177713,-139.91072583198547
16224,,275.11444,100.0,38754,,41,,,0.03297221288084984,1622400,0.17,,,,,,,,,,,,,
16228,0.06408060763930275,278.39142,100.0,38777,0.3,41,0.24,0.0,0.032980017364025116,1623200,0.18,3.6627759613223527,19.46758730803998,0.10441620356868953,19.46758730803998,202816,0.358136388938874,53.225458800792694,0.0003,0.026063298661028966,0.012919553169922438,0.22577763278968632,0.09532958746422082,-140.2741415500641
16232,,278.39142,100.0,38777,,41,,,0.032980017364025116,1623200,0.18,,,,,,,,,,,,,
16236,0.0,273.5853,100.0,38790,0.3,41,0.0,0.0,0.032978080213069916,1624000,0.16,4.512162946308318,19.46758730803998,0.10146574373356998,19.46758730803998,202880,0.35649898229166865,50.36688995361328,0.0003,0.026055686554173008,0.012243798053532373,-0.31538553978316486,0.09455865249037743,-140.14089679718018
16240,,273.5853,100.0,38790,,41,,,0.032978080213069916,1624000,0.16,,,,,,,,,,,,,
16244,0.13581446132992664,277.26306,100.0,38813,0.3,41,0.21,0.0,0.032981861382722855,1624800,0.16,3.048321877711678,19.46758730803998,0.0996070554247126,19.46758730803998,203008,0.3545193672180176,50.08724445104599,0.0003,0.026057881710585207,0.011156294218380935,-0.3490023373160511,0.09479141468182206,-140.92136907577515
16248,,277.26306,100.0,38813,,41,,,0.032981861382722855,1624800,0.16,,,,,,,,,,,,,
16252,0.0,275.28442,100.0,38826,0.3,41,0.0,0.0,0.03297947719693184,1625600,0.16,4.3656435425767235,19.46758730803998,0.10353506030514836,19.46758730803998,203072,0.3579239509999752,47.68685692548752,0.0003,0.026002537313615903,0.011807827817392536,-1.1734629208222032,0.09560366731602699,-140.51462388038635
16256,,275.28442,100.0,38826,,41,,,0.03297947719693184,1625600,0.16,,,,,,,,,,,,,
16260,0.0,273.28262,100.0,38848,0.3,41,0.0,0.0,0.03298492729663849,1626400,0.15,4.751759871779621,19.46758730803998,0.10209838056471199,19.46758730803998,203200,0.3601194303482771,55.37794345617294,0.0003,0.025963952648453414,0.009787282553588739,-0.7402708064764738,0.09435467678122222,-140.77025938034058
16264,,273.28262,100.0,38848,,41,,,0.03298492729663849,1626400,0.15,,,,,,,,,,,,,
16268,0.15859244880529746,278.87775,100.0,38870,0.29399999999999993,41,0.39,0.0,0.03297863528132439,1627200,0.15,3.361854598623328,19.46758730803998,0.10251927049830556,19.46758730803998,203328,0.3577831774018705,50.97243386507034,0.0003,0.02589449766674079,0.010794998583151028,-1.1090770699083805,0.09557209082413465,-140.88355708122253
16272,,278.87775,100.0,38870,,41,,,0.03297863528132439,1627200,0.15,,,,,,,,,,,,,
16276,0.5270603544631023,279.2714,100.0,38885,0.23699999999999996,41,1.47,0.0,0.03298022970557213,1628000,0.12,4.578833155955837,19.46758730803998,0.10148911131545901,19.46758730803998,203392,0.35928255831822753,54.86346411705017,0.0003,0.02590823729406111,0.010895556006289553,1.127345106098801,0.09403313207440078,-141.13321733474731
16280,,279.2714,100.0,38885,,41,,,0.03298022970557213,1628000,0.12,,,,,,,,,,,,,
16284,0.0,282.41257,100.0,38908,0.294,41,0.0,0.0,0.0329769030213356,1628800,0.13,3.8229155150746412,19.46758730803998,0.10061948758084327,19.46758730803998,203520,0.3617990673519671,52.91913986206055,0.0003,0.026093733293237165,0.011210553588171024,-0.029667586786672473,0.09542407258413732,-140.9732482433319
16288,,282.41257,100.0,38908,,41,,,0.0329769030213356,1628800,0.13,,,,,,,,,,,,,
16292,0.0,279.63904,100.0,38921,0.3,41,0.0,0.0,0.03297515958547592,1629600,0.13,5.181572350420192,19.46758730803998,0.09760897175874561,19.46758730803998,203584,0.3598736198619008,51.23491585254669,0.0003,0.02611239891848527,0.010900218512688298,0.36338217044249177,0.09250956261530519,-140.99868750572205
16296,,279.63904,100.0,38921,,41,,,0.03297515958547592,1629600,0.13,,,,,,,,,,,,,
16300,0.0,283.7392,100.0,38945,0.3,41,0.0,0.0,0.032971110194921494,1630400,0.14,4.409001225164676,19.46758730803998,0.09802041482180357,19.46758730803998,203712,0.35814937809482217,54.953741669654846,0.0003,0.026178770465776324,0.009968048700102372,0.5861798827536404,0.0939800936030224,-141.16086339950562
16304,,283.7392,100.0,38945,,41,,,0.032971110194921494,1630400,0.14,,,,,,,,,,,,,
16308,0.12357294684184197,281.72617,100.0,38959,0.3,41,0.48,0.0,0.032978031784296036,1631200,0.13,3.9914849504151833,19.46758730803998,0.10170824965462089,19.46758730803998,203776,0.36158543499186635,49.86106154322624,0.0003,0.026302786194719374,0.011628686857875437,1.9313809620216489,0.09531334426719695,-140.75192379951477
16312,,281.72617,100.0,38959,,41,,,0.032978031784296036,1631200,0.13,,,,,,,,,,,,,
16316,0.21473192858365256,278.7079,100.0,38983,0.294,41,0.42,0.0,0.03297535702586174,1632000,0.11,3.8360486496501767,19.46758730803998,0.09873750025872141,19.46758730803998,203904,0.3584741074591875,58.27416259050369,0.0003,0.02641245862469077,0.010826896716025658,-0.8315551881678402,0.09440349193755537,-140.4921417236328
16320,,278.7079,100.0,38983,,41,,,0.03297535702586174,1632000,0.11,,,,,,,,,,,,,
16324,0.08,279.53903,100.0,39005,0.3,41,0.12,0.0,0.03297920525074005,1632800,0.12,2.7537578087387273,19.46758730803998,0.09985235123895109,19.46758730803998,204032,0.35667766025289893,60.189783334732056,0.0003,0.02648341318126768,0.011260218503593933,1.256922434316948,0.095498381764628,-141.5080497264862
16328,,279.53903,100.0,39005,,41,,,0.03297920525074005,1632800,0.12,,,,,,,,,,,,,
16332,0.18459673097070797,275.62698,100.0,39019,0.26099999999999995,41,0.36,0.0,0.03298138827085495,1633600,0.11,4.6459011446786675,19.46758730803998,0.09941192576661706,19.46758730803998,204096,0.3571849977597594,53.61618396639824,0.0003,0.026560235652141273,0.012590239173732698,0.23621863033622503,0.0962239719228819,-141.0736162662506
16336,,275.62698,100.0,39019,,41,,,0.03298138827085495,1633600,0.11,,,,,,,,,,,,,
16340,0.0,275.92007,100.0,39041,0.3,41,0.0,0.0,0.03298306465148926,1634400,0.12,3.3965465342883805,19.46758730803998,0.10091249120887369,19.46758730803998,204224,0.36008784733712673,52.28775134682655,0.0003,0.026535953569691628,0.012372532466542907,0.6623503933660686,0.09571267501451075,-141.02746391296387
16344,,275.92007,100.0,39041,,41,,,0.03298306465148926,1634400,0.12,,,,,,,,,,,,,
16348,0.11937625695573553,272.95557,100.0,39054,0.22499999999999998,41,0.36,0.0,0.032984811812639236,1635200,0.11,4.08798666009318,19.46758730803998,0.10101451899390668,19.46758730803998,204288,0.360911151394248,47.96755814552307,0.0003,0.026572728587780148,0.012938369491166668,0.2255212797317654,0.0926816362189129,-139.84126043319702
16352,,272.95557,100.0,39054,,41,,,0.032984811812639236,1635200,0.11,,,,,,,,,,,,,
16356,0.3811275500364378,282.19208,100.0,39078,0.264,41,0.75,0.0,0.032984305173158646,1636000,0.12,3.903514257632629,19.46758730803998,0.10287641803734004,19.46758730803998,204416,0.36367466719821095,50.54042249917984,0.0003,0.026486138347536325,0.01292460866534384,-0.39605696708895266,0.09653467265889049,-140.28933477401733
16360,,282.19208,100.0,39078,,41,,,0.032984305173158646,1636000,0.12,,,,,,,,,,,,,
16364,0.13357299374386686,280.75143,100.0,39092,0.264,41,0.36,0.0,0.03298403322696686,1636800,0.12,4.290550376846386,19.46758730803998,0.1000812181737274,19.46758730803998,204480,0.3603932550176978,52.22432082891464,0.0003,0.026465249189641327,0.011165617492224555,-0.22218879451975226,0.09455675818026066,-140.90186643600464
16368,,280.75143,100.0,39092,,41,,,0.03298403322696686,1636800,0.12,,,,,,,,,,,,,
16372,0.0,277.60153,100.0,39116,0.3,41,0.0,0.0,0.03298744931817055,1637600,0.12,3.88489134199482,19.46758730803998,0.09914882644079626,19.46758730803998,204608,0.3618508670479059,46.36403629183769,0.0003,0.026461299479706213,0.009907785854011308,-0.36836987594142556,0.09368005266878754,-140.5581181049347
16376,,277.60153,100.0,39116,,41,,,0.03298744931817055,1637600,0.12,,,,,,,,,,,,,
16380,0.237655258019347,277.49396,100.0,39131,0.3,41,0.63,0.0,0.03298275172710419,1638400,0.13,3.4507475641694896,19.46758730803998,0.09918732929509133,19.46758730803998,204672,0.3628234015777707,52.41235390305519,0.0003,0.026409911311930045,0.010846606361155864,-0.32892492786049843,0.09424528770614415,-140.44841289520264
16384,,277.49396,100.0,39131,,41,,,0.03298275172710419,1638400,0.13,,,,,,,,,,,,,
16388,0.0,279.60968,100.0,39155,0.3,41,0.0,0.0,0.03298462554812431,1639200,0.14,4.454919865327785,19.46758730803998,0.09829428233206272,19.46758730803998,204800,0.3614465072751045,56.25684201717377,0.0003,0.026436903950525448,0.009902214136673138,-0.9707614514045417,0.09499947470612824,-140.56881856918335
16392,,279.60968,100.0,39155,,41,,,0.03298462554812431,1639200,0.14,,,,,,,,,,,,,
16396,0.1323134688837124,277.29578,100.0,39177,0.3,41,0.39,0.0,0.03298370912671089,1640000,0.13,5.103247404545675,19.46758730803998,0.09735353908035904,19.46758730803998,204928,0.36181070702150464,54.94462767243385,0.0003,0.02634730644058436,0.011624463208136149,-0.25026269792579114,0.09485415206290781,-141.15814447402954
16400,,277.29578,100.0,39177,,41,,,0.03298370912671089,1640000,0.13,,,,,,,,,,,,,
16404,0.0,276.3055,100.0,39191,0.23399999999999999,41,0.0,0.0,0.03298404812812805,1640800,0.13,3.4078941222190133,19.078235561879183,0.0973605444887653,19.078235561879183,204992,0.3597468687221408,50.15899854898453,0.0003,0.02634781348751858,0.010142641971469857,0.4614770049229264,0.09566520573571324,-141.1500654220581
16408,,276.3055,100.0,39191,,41,,,0.03298404812812805,1640800,0.13,,,,,,,,,,,,,
16412,0.0,273.6962,100.0,39213,0.264,41,0.0,0.0,0.03298523277044296,1641600,0.13,3.698560975193798,19.078235561879183,0.09938671090640128,19.078235561879183,205120,0.36423041857779026,52.26334047317505,0.0003,0.026484433677978814,0.01038882754437509,-0.09392416011542082,0.09462383447680622,-141.03013443946838
16416,,273.6962,100.0,39213,,41,,,0.03298523277044296,1641600,0.13,,,,,,,,,,,,,
16420,0.0,262.65234,100.0,39227,0.3,41,0.0,0.0,0.03298024833202362,1642400,0.1,4.245301276843989,19.078235561879183,0.10174051811918616,19.078235561879183,205184,0.36830993043258786,50.06475281715393,0.0003,0.02643346495460719,0.011543272994458675,-1.2467878931201994,0.09294905501883477,-140.66260147094727
16424,,262.65234,100.0,39227,,41,,,0.03298024833202362,1642400,0.1,,,,,,,,,,,,,
16428,0.3160900945246037,268.77786,100.0,39251,0.288,41,0.81,0.0,0.03298242390155792,1643200,0.1,3.7662341799964594,19.078235561879183,0.09711514273658395,19.078235561879183,205312,0.3648175853304565,48.56482943892479,0.0003,0.026242231717333198,0.009824797169130761,-1.1656233463436365,0.09554615919478238,-140.8996479511261
16432,,268.77786,100.0,39251,,41,,,0.03298242390155792,1643200,0.1,,,,,,,,,,,,,
16436,0.16699248535411695,271.796,100.0,39263,0.3,41,0.36,0.0,0.032978225499391556,1644000,0.11,3.0519450880694494,19.078235561879183,0.09786772832740098,19.078235561879183,205376,0.3635614877566695,52.277057230472565,0.0003,0.026125529024284333,0.010666656264220364,-1.5824560020118952,0.09306792507413775,-140.71085691452026
16440,,271.796,100.0,39263,,41,,,0.032978225499391556,1644000,0.11,,,,,,,,,,,,,
16444,0.12724539832506804,272.59464,100.0,39287,0.3,41,0.39,0.0,0.03297947719693184,1644800,0.11,4.0254828187550915,19.078235561879183,0.09917154454160482,19.078235561879183,205504,0.36643053824082017,47.37303829193115,0.0003,0.026032968424260616,0.009511372711131116,-0.8307250440120697,0.0935458216117695,-141.20873761177063
16448,,272.59464,100.0,39287,,41,,,0.03297947719693184,1644800,0.11,,,,,,,,,,,,,
16452,0.08089130516825539,269.8959,100.0,39310,0.3,41,0.36,0.0,0.03297163546085358,1645600,0.1,4.466048640153121,19.078235561879183,0.10153252992313355,19.078235561879183,205632,0.3658945308998227,49.4534347653389,0.0003,0.02584257983835414,0.010739068187831435,-1.633916076272726,0.09420580929145217,-140.6153209209442
16456,,269.8959,100.0,39310,,41,,,0.03297163546085358,1645600,0.1,,,,,,,,,,,,,
16460,0.17420780496601096,264.92352,100.0,39323,0.29699999999999993,41,0.48,0.0,0.03297518938779831,1646400,0.1,4.895812020630285,19.078235561879183,0.10135823127347976,19.078235561879183,205696,0.36806439282372594,57.04057428240776,0.0003,0.025729981367476285,0.011542789434315637,-0.0305602322332561,0.09089007426518947,-140.98511576652527
16464,,264.92352,100.0,39323,,41,,,0.03297518938779831,1646400,0.1,,,,,,,,,,,,,
16468,0.2643593458967695,264.0255,100.0,39347,0.3,41,0.81,0.0,0.03297535702586174,1647200,0.09,4.823428762889325,19.078235561879183,0.10035341198090464,19.078235561879183,205824,0.36329043889418244,56.02203559875488,0.0003,0.025660679792053998,0.010572651510301512,0.014628736302256584,0.09478621603921056,-141.31038880348206
16472,,264.0255,100.0,39347,,41,,,0.03297535702586174,1647200,0.09,,,,,,,,,,,,,
16476,0.09098907035786719,259.71674,100.0,39360,0.264,41,0.15,0.0,0.03296938166022301,1648000,0.09,4.060903921860831,19.078235561879183,0.10155010630842298,19.078235561879183,205888,0.36567227030172944,52.44603535532951,0.0003,0.025629684794694185,0.009528412876534276,-1.8478588735451922,0.09177242626901716,-140.79107546806335
16480,,259.71674,100.0,39360,,41,,,0.03296938166022301,1648000,0.09,,,,,,,,,,,,,
16484,0.0,256.91962,100.0,39382,0.3,41,0.0,0.0,0.03296268731355667,1648800,0.08,4.0114278822531615,19.078235561879183,0.1018859997857362,19.078235561879183,206016,0.3658485598862171,52.96448591351509,0.0003,0.025333075900562108,0.009386371293658158,-0.9179567222017795,0.09131061576772481,-140.65231561660767
16488,,256.91962,100.0,39382,,41,,,0.03296268731355667,1648800,0.08,,,,,,,,,,,,,
16492,0.09965217316184027,256.56857,100.0,39395,0.3,41,0.21,0.0,0.03296263515949249,1649600,0.09,4.413512358424878,19.078235561879183,0.10106932499911636,19.078235561879183,206080,0.367827323731035,48.82544648647308,0.0003,0.025257417932152748,0.009613955629902193,-1.3296850433107466,0.0917510554427281,-140.81470465660095
16496,,256.56857,100.0,39395,,41,,,0.03296263515949249,1649600,0.09,,,,,,,,,,,,,
16500,0.2193533289581183,260.5699,100.0,39419,0.3,41,0.39,0.0,0.03295566886663437,1650400,0.1,3.7691801143046324,19.078235561879183,0.10237447347026318,19.078235561879183,206208,0.3635502625256777,48.180310159921646,0.0003,0.025041320855962113,0.011614404451393057,-0.6719576842151582,0.0948853581212461,-140.91029739379883
16504,,260.5699,100.0,39419,,41,,,0.03295566886663437,1650400,0.1,,,,,,,,,,,,,
16508,0.0,269.4599,100.0,39433,0.3,41,0.0,0.0,0.03295648843050003,1651200,0.12,3.565308597973567,19.078235561879183,0.10003233910538256,19.078235561879183,206272,0.3652640376240015,53.6777940094471,0.0003,0.02501184630091302,0.009746417177666444,-0.325547635788098,0.09349647082854062,-141.0537464618683
16512,,269.4599,100.0,39433,,41,,,0.03295648843050003,1651200,0.12,,,,,,,,,,,,,
16516,0.0,276.9293,100.0,39455,0.264,41,0.0,0.0,0.03295407444238663,1652000,0.13,3.521710532516735,19.078235561879183,0.09938651684205979,19.078235561879183,206400,0.3663195949047804,55.22792208194733,0.0003,0.024921400123275816,0.010376664980867645,-1.9904373383615166,0.09109375264961272,-141.2612705230713
16520,,276.9293,100.0,39455,,41,,,0.03295407444238663,1652000,0.13,,,,,,,,,,,,,
16524,0.06042267910722157,278.70764,100.0,39479,0.3,41,0.15,0.0,0.032960280776023865,1652800,0.13,4.032202121796257,19.078235561879183,0.10076522245071828,19.078235561879183,206528,0.3655991004779935,56.46934077143669,0.0003,0.02482633857289329,0.010640804826834938,-0.6197240282781422,0.0916524576023221,-141.0380847454071
16528,,278.70764,100.0,39479,,41,,,0.032960280776023865,1652800,0.13,,,,,,,,,,,,,
16532,0.07698757524270552,273.12677,100.0,39491,0.3,41,0.36,0.0,0.03296039626002312,1653600,0.13,4.344552285247637,19.078235561879183,0.1044487621402368,19.078235561879183,206592,0.3616310707293451,60.05130732059479,0.0003,0.024731214303756133,0.01189687837177189,-1.4472053553909063,0.09323700179811567,-141.46624755859375
16536,,273.12677,100.0,39491,,41,,,0.03296039626002312,1653600,0.13,,,,,,,,,,,,,
16540,0.1901270946929779,270.9143,100.0,39514,0.3,41,0.3,0.0,0.03295549005270004,1654400,0.11,4.3458023421391365,19.078235561879183,0.09816705249249935,19.078235561879183,206720,0.36313633201643825,51.98814794421196,0.0003,0.024567883869167417,0.010158896220673341,-2.159662258811295,0.08975601173005998,-140.7924416065216
16544,,270.9143,100.0,39514,,41,,,0.03295549005270004,1654400,0.11,,,,,,,,,,,,,
16548,0.24851644016851615,269.42825,100.0,39528,0.22499999999999998,41,0.45,0.0,0.032958533614873886,1655200,0.12,3.1543629829516844,19.078235561879183,0.10051651962567121,19.078235561879183,206784,0.3648372828029096,54.59296295046806,0.0003,0.024448328680591658,0.010164096267544664,-0.4711600885493681,0.0926698143593967,-141.33950090408325
16552,,269.42825,100.0,39528,,41,,,0.032958533614873886,1655200,0.12,,,,,,,,,,,,,
16556,0.2946078183143005,276.0582,100.0,39551,0.3,41,0.78,0.0,0.032946325838565826,1656000,0.14,3.935257676450311,19.078235561879183,0.09992646786849946,19.078235561879183,206912,0.36018149461597204,51.70515948534012,0.0003,0.024168667354388162,0.012827294496673858,-3.0823766568209976,0.09472589613869786,-141.70661449432373
16560,,276.0582,100.0,39551,,41,,,0.032946325838565826,1656000,0.14,,,,,,,,,,,,,
16564,0.0,275.74582,100.0,39566,0.3,41,0.0,0.0,0.03295021504163742,1656800,0.14,3.7759590781324106,19.078235561879183,0.09938351681921631,19.078235561879183,206976,0.36379773123189807,57.03309541940689,0.0003,0.023990057816263288,0.010050514654722065,-0.22249746904708445,0.0926147298887372,-141.4729392528534
16568,,275.74582,100.0,39566,,41,,,0.03295021504163742,1656800,0.14,,,,,,,,,,,,,
16572,0.21978853226089423,273.99823,100.0,39589,0.3,41,0.36,0.0,0.03295017406344414,1657600,0.14,4.740996109027412,19.078235561879183,0.10010024590883404,19.078235561879183,207104,0.3631321433931589,53.08775416016579,0.0003,0.023795942252036184,0.01082213193149073,-1.2231682650744915,0.09368824225384742,-141.1628897190094
16576,,273.99823,100.0,39589,,41,,,0.03295017406344414,1657600,0.14,,,,,,,,,,,,,
16580,0.09549807127176856,275.01178,100.0,39612,0.25799999999999995,41,0.39,0.0,0.03294309973716736,1658400,0.13,3.9669602779240076,19.078235561879183,0.10113631712738425,19.078235561879183,207232,0.36414445424452424,49.373593628406525,0.0003,0.02365192663273774,0.010884456725761993,-1.1042469248641282,0.09462735627312213,-141.17059803009033
16584,,275.01178,100.0,39612,,41,,,0.03294309973716736,1658400,0.13,,,,,,,,,,,,,
16588,0.10669965812412535,273.90604,100.0,39625,0.26399999999999996,41,0.42,0.0,0.03294308856129646,1659200,0.13,3.707462586821243,19.078235561879183,0.09988340199925005,19.078235561879183,207296,0.3599332203157246,48.899761378765106,0.0003,0.02356742712436244,0.011217445411602966,-0.2319230893626809,0.09337489039171487,-141.4622392654419
16592,,273.90604,100.0,39625,,41,,,0.03294308856129646,1659200,0.13,,,,,,,,,,,,,
16596,0.21386067525237296,276.56247,100.0,39648,0.3,41,0.33,0.0,0.03294330835342407,1660000,0.13,2.8559846579709296,19.078235561879183,0.0993427945068106,19.078235561879183,207424,0.36040172446519136,49.16227784752846,0.0003,0.023359963204711676,0.01040574337093858,-0.4284924101084471,0.09454254736192524,-140.70557641983032
16600,,276.56247,100.0,39648,,41,,,0.03294330835342407,1660000,0.13,,,,,,,,,,,,,
16604,0.007960318231161811,272.5444,100.0,39662,0.3,41,0.03,0.0,0.03293648734688759,1660800,0.12,4.195476915201203,18.6966708506416,0.10125513072125614,18.6966708506416,207488,0.3582501085475087,55.00160503387451,0.0003,0.02327580688870512,0.011342035824782215,-2.0288312404882163,0.09338482934981585,-141.07904291152954
16608,,272.5444,100.0,39662,,41,,,0.03293648734688759,1660800,0.12,,,,,,,,,,,,,
16612,0.1376797019243949,272.1396,100.0,39686,0.282,41,0.42,0.0,0.032936569303274155,1661600,0.14,2.5337663085001294,18.6966708506416,0.10508433636277914,18.6966708506416,207616,0.35689507285133004,55.00616377592087,0.0003,0.023139849392464384,0.012019936846627388,-1.219924519304186,0.09446150239091367,-141.9989368915558
16616,,272.1396,100.0,39686,,41,,,0.032936569303274155,1661600,0.14,,,,,,,,,,,,,
16620,0.282055170540997,271.68643,100.0,39699,0.3,41,0.72,0.0,0.03293731436133385,1662400,0.13,4.384432517565676,18.6966708506416,0.10287430789321661,18.6966708506416,207680,0.35641118977218866,56.466901153326035,0.0003,0.023057183774653822,0.012889989811810665,-0.13436645222827792,0.09610027633607388,-141.62720155715942
16624,,271.68643,100.0,39699,,41,,,0.03293731436133385,1662400,0.13,,,,,,,,,,,,,
16628,0.12338455980980038,270.16626,100.0,39722,0.3,41,0.36,0.0,0.032931629568338394,1663200,0.14,3.5047625551046284,18.6966708506416,0.09952730045188218,18.6966708506416,207808,0.3575464175082743,55.45503854751587,0.0003,0.022943618067074567,0.010741023601440247,-0.7458652255591005,0.09377490589395165,-142.42381167411804
16632,,270.16626,100.0,39722,,41,,,0.032931629568338394,1663200,0.14,,,,,,,,,,,,,
16636,0.2970204207254387,276.30804,100.0,39736,0.3,41,0.75,0.0,0.03292965888977051,1664000,0.15,3.6960301542393204,18.6966708506416,0.0979138829279691,18.6966708506416,207872,0.3617197019048035,51.973936319351196,0.0003,0.02290927871945314,0.00926742969386396,-0.44205835554748774,0.09453454695176333,-142.3164985179901
16640,,276.30804,100.0,39736,,41,,,0.03292965888977051,1664000,0.15,,,,,,,,,,,,,
16644,0.02,276.9948,100.0,39761,0.3,41,0.03,0.0,0.03292708471417427,1664800,0.15,3.3177371777049602,18.6966708506416,0.09811546897981316,18.6966708506416,208000,0.3590715196914971,55.05474814772606,0.0003,0.022833159717265517,0.00994126130535733,0.2763490122742951,0.09545060363598168,-142.56747126579285
16648,,276.9948,100.0,39761,,41,,,0.03292708471417427,1664800,0.15,,,,,,,,,,,,,
16652,0.27217634546458697,280.16492,100.0,39785,0.29699999999999993,41,0.87,0.0,0.032927341759204865,1665600,0.15,3.5402075644880835,18.6966708506416,0.09676901041530073,18.6966708506416,208128,0.35566231049597263,55.55087500810623,0.0003,0.022921946394490078,0.009799229861528147,0.9259499835316092,0.09414381976239383,-142.74058604240417
16656,,280.16492,100.0,39785,,41,,,0.032927341759204865,1665600,0.15,,,,,,,,,,,,,
16660,0.18725645688515694,279.23953,100.0,39798,0.3,41,0.45,0.0,0.03292551264166832,1666400,0.15,3.937787033014246,18.6966708506416,0.09838722134009004,18.6966708506416,208192,0.3554910337552428,53.14083802700043,0.0003,0.022943253890844062,0.010521129246626515,-0.42516757384873927,0.09484242193866521,-142.1790976524353
16664,,279.23953,100.0,39798,,41,,,0.03292551264166832,1666400,0.15,,,,,,,,,,,,,
16668,0.061526257872466295,278.18466,100.0,39821,0.26099999999999995,41,0.18,0.0,0.032920580357313156,1667200,0.15,3.810065328035579,18.6966708506416,0.1001523903105408,18.6966708506416,208320,0.36140943691134453,57.59897807240486,0.0003,0.02295709666213952,0.010536020636209287,0.2727430696832016,0.09458391147200018,-142.02972316741943
16672,,278.18466,100.0,39821,,41,,,0.032920580357313156,1667200,0.15,,,,,,,,,,,,,
16676,0.0904691209453828,280.43387,100.0,39834,0.3,41,0.36,0.0,0.03291532024741173,1668000,0.15,5.018759301051422,18.6966708506416,0.09757373062893748,18.6966708506416,208384,0.35912422370165586,51.763175159692764,0.0003,0.022917986992979422,0.01075108189979801,-0.8685257334727794,0.09606148430611938,-142.45724868774414
16680,,280.43387,100.0,39834,,41,,,0.03291532024741173,1668000,0.15,,,,,,,,,,,,,
16684,0.0,281.94446,100.0,39857,0.3,41,0.0,0.0,0.032923199236392975,1668800,0.16,3.776851529402571,18.6966708506416,0.09832131885923445,18.6966708506416,208512,0.3589319596067071,53.3902852833271,0.0003,0.023057474376400933,0.0115118064059061,1.9995026891119778,0.09487527224700898,-141.77791833877563
16688,,281.94446,100.0,39857,,41,,,0.032923199236392975,1668800,0.16,,,,,,,,,,,,,
16692,0.0,282.78076,100.0,39870,0.25499999999999995,41,0.0,0.0,0.032925620675086975,1669600,0.16,3.1216352880311233,18.6966708506416,0.10094378853682429,18.6966708506416,208576,0.3562351274304092,58.912838488817215,0.0003,0.02313868229975924,0.011273994809016585,0.019139680080115795,0.0940730149159208,-142.39683985710144
16696,,282.78076,100.0,39870,,41,,,0.032925620675086975,1669600,0.16,,,,,,,,,,,,,
16700,0.15632065931310257,278.7102,100.0,39893,0.3,41,0.33,0.0,0.03292088210582733,1670400,0.16,4.014722723633095,18.6966708506416,0.09940783120691776,18.6966708506416,208704,0.3570739636197686,53.64040559530258,0.0003,0.023118074372177944,0.012389151321258396,0.010583492694422603,0.09499931812752038,-142.26798462867737
16704,,278.7102,100.0,39893,,41,,,0.03292088210582733,1670400,0.16,,,,,,,,,,,,,
16708,0.0,273.99857,100.0,39916,0.22499999999999998,41,0.0,0.0,0.03291726112365723,1671200,0.14,3.6184305130725547,18.6966708506416,0.10185074165929109,18.6966708506416,208832,0.36087261931970716,48.29275670647621,0.0003,0.02316400143899955,0.012432787683792412,0.23978767450898886,0.09338657441549003,-142.47085976600647
16712,,273.99857,100.0,39916,,41,,,0.03291726112365723,1671200,0.14,,,,,,,,,,,,,
16716,0.2778911977818947,278.23044,100.0,39930,0.3,41,0.75,0.0,0.03291534259915352,1672000,0.15,3.300678935166081,18.6966708506416,0.09801407821942121,18.6966708506416,208896,0.3576333769597113,52.063901484012604,0.0003,0.02315349440323189,0.01154509613479604,0.2811184253077954,0.09661758423317224,-142.6769461631775
16720,,278.23044,100.0,39930,,41,,,0.03291534259915352,1672000,0.15,,,,,,,,,,,,,
16724,0.0,281.21542,100.0,39952,0.3,41,0.0,0.0,0.03291228786110878,1672800,0.16,3.0901789254474363,18.6966708506416,0.09912635025102645,18.6966708506416,209024,0.3563447007909417,55.532203525304794,0.0003,0.023154295049607754,0.012555878434795886,0.42337345506530255,0.09576355828903615,-143.15981769561768
16728,,281.21542,100.0,39952,,41,,,0.03291228786110878,1672800,0.16,,,,,,,,,,,,,
16732,0.0,279.54895,100.0,39965,0.3,41,0.0,0.0,0.03291645273566246,1673600,0.16,3.3488317804885264,18.6966708506416,0.09844814508687705,18.6966708506416,209088,0.3575164144858718,55.40256443619728,0.0003,0.02321364893577993,0.010947358277917374,0.6247000130824745,0.09539966040756553,-142.87619924545288
16736,,279.54895,100.0,39965,,41,,,0.03291645273566246,1673600,0.16,,,,,,,,,,,,,
16740,0.23779711194332123,280.53345,100.0,39989,0.3,41,0.6,0.0,0.03291114792227745,1674400,0.16,5.095647871045591,18.6966708506416,0.0997223494341597,18.6966708506416,209216,0.3541937591508031,56.38611298799515,0.0003,0.02318595358519815,0.0118218916686601,-1.870434280950576,0.09536941349506378,-142.4694676399231
16744,,280.53345,100.0,39989,,41,,,0.03291114792227745,1674400,0.16,,,,,,,,,,,,,
16748,0.13414476133303818,281.45526,100.0,40003,0.3,41,0.24,0.0,0.032912470400333405,1675200,0.17,3.697547758134937,18.6966708506416,0.10582146851811558,18.6966708506416,209280,0.3560061422176659,59.58383786678314,0.0003,0.02307331102201715,0.013053271286480594,0.23338182247243822,0.09474727453198284,-142.45665383338928
16752,,281.45526,100.0,40003,,41,,,0.032912470400333405,1675200,0.17,,,,,,,,,,,,,
16756,0.2615057955761514,276.66904,100.0,40026,0.2909999999999999,41,0.63,0.0,0.03291153907775879,1676000,0.16,4.419594125785876,18.6966708506416,0.1002785514574498,18.6966708506416,209408,0.3539329902268946,51.09187889099121,0.0003,0.023142413061577827,0.01029077400744427,0.13413668447174132,0.0965403855079785,-143.15166687965393
16760,,276.66904,100.0,40026,,41,,,0.03291153907775879,1676000,0.16,,,,,,,,,,,,,
16764,0.02,278.09265,100.0,40039,0.3,41,0.03,0.0,0.03291386365890503,1676800,0.17,3.711446104350927,18.6966708506416,0.10014996794052422,18.6966708506416,209472,0.3534290795214474,54.996703296899796,0.0003,0.02315616005216725,0.01199752114189323,0.4006799072958529,0.09799488598946482,-142.99916625022888
16768,,278.09265,100.0,40039,,41,,,0.03291386365890503,1676800,0.17,,,,,,,,,,,,,
16772,0.0,276.39087,100.0,40061,0.3,41,0.0,0.0,0.03291425108909607,1677600,0.17,4.011792559574006,18.6966708506416,0.09708644694183022,18.6966708506416,209600,0.3528528814204037,55.35463681817055,0.0003,0.023243455652846023,0.010859442540095188,-0.26345766871236265,0.09672960499301553,-142.8107430934906
16776,,276.39087,100.0,40061,,41,,,0.03291425108909607,1677600,0.17,,,,,,,,,,,,,
16780,0.0,277.84488,100.0,40084,0.2909999999999999,41,0.0,0.0,0.03289801627397537,1678400,0.18,3.2422435748794305,18.6966708506416,0.10219451319426298,18.6966708506416,209728,0.35405034106224775,57.05924850702286,0.0003,0.023088801826816052,0.0120536337926751,-1.7839602414751425,0.09544897265732288,-143.30110001564026
16784,,277.84488,100.0,40084,,41,,,0.03289801627397537,1678400,0.18,,,,,,,,,,,,,
16788,0.2639279167952895,278.6258,100.0,40098,0.3,41,0.6,0.0,0.0328957736492157,1679200,0.18,3.5368892853691616,18.6966708506416,0.10247839416842908,18.6966708506416,209792,0.35651987697929144,49.70761477947235,0.0003,0.022977162181632593,0.012614914317964576,-0.7709254405926913,0.09550980804488063,-143.43692708015442
16792,,278.6258,100.0,40098,,41,,,0.0328957736492157,1679200,0.18,,,,,,,,,,,,,
16796,0.14641378163426166,277.85205,100.0,40121,0.3,41,0.36,0.0,0.03289288282394409,1680000,0.18,3.6147288188723996,18.6966708506416,0.09937745379284024,18.6966708506416,209920,0.35200472502037883,54.96162757277489,0.0003,0.022964329895330593,0.012025207142869476,0.11210725852288306,0.09641882707364857,-144.35794639587402
16800,,277.85205,100.0,40121,,41,,,0.03289288282394409,1680000,0.18,,,,,,,,,,,,,
16804,0.0,278.27307,100.0,40134,0.23399999999999996,41,0.0,0.0,0.03289305046200752,1680800,0.17,3.900829103385418,18.322737433628767,0.1013626956846565,18.322737433628767,209984,0.3533153170719743,55.65764036774635,0.0003,0.022992694459389895,0.01163205554621527,0.21027148980647326,0.09539223928004503,-144.05523896217346
16808,,278.27307,100.0,40134,,41,,,0.03289305046200752,1680800,0.17,,,,,,,,,,,,,
16812,0.0,277.4279,100.0,40157,0.264,41,0.0,0.0,0.03288845345377922,1681600,0.17,3.541571244059865,18.322737433628767,0.09747615153901279,18.322737433628767,210112,0.3534923321567476,54.598296761512756,0.0003,0.022998052241746336,0.011665729827655014,0.399734242586419,0.09487656969577074,-144.37334728240967
16816,,277.4279,100.0,40157,,41,,,0.03288845345377922,1681600,0.17,,,,,,,,,,,,,
16820,0.0,279.7222,100.0,40169,0.3,41,0.0,0.0,0.032884299755096436,1682400,0.17,4.038664427833329,18.322737433628767,0.10035520535893738,18.322737433628767,210176,0.3551822891458869,62.33052235841751,0.0003,0.023058598511852324,0.011991245330136735,0.7014364502392709,0.09543327812571079,-144.65097045898438
16824,,279.7222,100.0,40169,,41,,,0.032884299755096436,1682400,0.17,,,,,,,,,,,,,
16828,0.03695027080134183,274.46313,100.0,40192,0.3,41,0.06,0.0,0.03288786858320236,1683200,0.15,2.9070478470806784,18.322737433628767,0.09896283328998834,18.322737433628767,210304,0.3516809158027172,54.567172557115555,0.0003,0.02323399786837399,0.011564244970941218,1.2593240346759558,0.09536922734696418,-144.31754970550537
16832,,274.46313,100.0,40192,,41,,,0.03288786858320236,1683200,0.15,,,,,,,,,,,,,
16836,0.0,272.70428,100.0,40215,0.29699999999999993,41,0.0,0.0,0.03288563713431358,1684000,0.15,4.063040213263377,18.322737433628767,0.09987292240839452,18.322737433628767,210432,0.3516651005484164,53.93706834316254,0.0003,0.02330889893346466,0.013219570915680379,1.3549026348628104,0.09563457197509706,-144.54189801216125
16840,,272.70428,100.0,40215,,41,,,0.03288563713431358,1684000,0.15,,,,,,,,,,,,,
16844,0.08048877878732393,279.37585,100.0,40230,0.25799999999999995,41,0.18,0.0,0.0328914038836956,1684800,0.18,2.936207800612234,18.322737433628767,0.10058032302185893,18.322737433628767,210496,0.3483728328719735,56.72152188420296,0.0003,0.023445475730113685,0.014699939434649423,1.642914154974278,0.09575774415861815,-144.8037188053131
16848,,279.37585,100.0,40230,,41,,,0.0328914038836956,1684800,0.18,,,,,,,,,,,,,
16852,0.17729629245653022,277.3931,100.0,40252,0.3,41,0.27,0.0,0.032887447625398636,1685600,0.15,4.1175465914185985,18.322737433628767,0.09858898259699345,18.322737433628767,210624,0.34756492730230093,54.162662982940674,0.0003,0.02351119150989689,0.010966033696604427,-0.43054879957344383,0.0959671069867909,-144.95028686523438
16856,,277.3931,100.0,40252,,41,,,0.032887447625398636,1685600,0.15,,,,,,,,,,,,,
16860,0.06552561854287488,275.075,100.0,40265,0.3,41,0.18,0.0,0.03288731724023819,1686400,0.14,4.541532607858071,18.322737433628767,0.09982204518746585,18.322737433628767,210688,0.3510558367706835,54.1009436249733,0.0003,0.02347943457425572,0.010895124585658778,0.12340776366181672,0.09514425788074732,-145.23481130599976
16864,,275.075,100.0,40265,,41,,,0.03288731724023819,1686400,0.14,,,,,,,,,,,,,
16868,0.07950458855569169,279.72638,100.0,40288,0.3,41,0.12,0.0,0.032880749553442,1687200,0.14,3.8193400973663865,18.322737433628767,0.09694583259988576,18.322737433628767,210816,0.3486813372001052,59.38473892211914,0.0003,0.023506614612415433,0.010224740792182274,0.6211583879776299,0.0949535509571433,-145.0219304561615
16872,,279.72638,100.0,40288,,41,,,0.032880749553442,1687200,0.14,,,,,,,,,,,,,
16876,0.0,273.24243,100.0,40302,0.3,41,0.0,0.0,0.032877497375011444,1688000,0.12,4.476932850832082,18.322737433628767,0.09643419715575874,18.322737433628767,210880,0.3454446536488831,57.576685667037964,0.0003,0.02352727999095805,0.010068323877931107,0.3321189257549122,0.09499785793013871,-145.54019403457642
16880,,273.24243,100.0,40302,,41,,,0.032877497375011444,1688000,0.12,,,,,,,,,,,,,
16884,0.12938305844804224,279.18173,100.0,40325,0.26099999999999995,41,0.39,0.0,0.03287728875875473,1688800,0.13,3.6652356059131352,18.322737433628767,0.09739168081432581,18.322737433628767,211008,0.34998228354379535,55.70535588264465,0.0003,0.023620250081876293,0.010051982884760946,0.08205165271647274,0.0933187601622194,-145.28655338287354
16888,,279.18173,100.0,40325,,41,,,0.03287728875875473,1688800,0.13,,,,,,,,,,,,,
16892,0.01541022817904256,269.5241,100.0,40341,0.264,41,0.06,0.0,0.03287586197257042,1689600,0.1,4.0430278503067765,18.322737433628767,0.09781890118028969,18.322737433628767,211072,0.34653738560155034,53.778952062129974,0.0003,0.023694578529102728,0.012141494946263265,1.2937645241618156,0.09724084194749594,-144.96616339683533
16896,,269.5241,100.0,40341,,41,,,0.03287586197257042,1689600,0.1,,,,,,,,,,,,,
16900,0.18499434870082976,267.4736,100.0,40363,0.3,41,0.36,0.0,0.03287819027900696,1690400,0.1,4.35951304260212,18.322737433628767,0.09630167589057237,18.322737433628767,211200,0.3454508329741657,54.48316892981529,0.0003,0.023819825350074098,0.009870093719655415,-0.1250094606075436,0.0946413007332012,-145.2467179298401
16904,,267.4736,100.0,40363,,41,,,0.03287819027900696,1690400,0.1,,,,,,,,,,,,,
16908,0.0,261.73904,100.0,40386,0.3,41,0.0,0.0,0.03287371248006821,1691200,0.09,3.991798986737097,18.322737433628767,0.09819138690363616,18.322737433628767,211328,0.3476840821094811,56.62500363588333,0.0003,0.02378504752414301,0.00956805341047584,-0.5095166671089828,0.0944863841868937,-144.6343047618866
16912,,261.73904,100.0,40386,,41,,,0.03287371248006821,1691200,0.09,,,,,,,,,,,,,
16916,0.0,262.40515,100.0,40399,0.3,41,0.0,0.0,0.032874953001737595,1692000,0.1,3.606319820365742,18.322737433628767,0.09910652786493301,18.322737433628767,211392,0.34810797963291407,56.949985325336456,0.0003,0.023761078948155046,0.009865816791716497,-0.7452738198917359,0.09422401757910848,-144.20334458351135
16920,,262.40515,100.0,40399,,41,,,0.032874953001737595,1692000,0.1,,,,,,,,,,,,,
16924,0.30208844927122513,256.82654,100.0,40423,0.26099999999999995,41,0.72,0.0,0.032870128750801086,1692800,0.08,4.218604647412405,18.322737433628767,0.0981637870427221,18.322737433628767,211520,0.3484326908364892,56.51323813199997,0.0003,0.023590256343595684,0.008256648550741374,-1.3057349491864443,0.0915740777272731,-144.99316930770874
16928,,256.82654,100.0,40423,,41,,,0.032870128750801086,1692800,0.08,,,,,,,,,,,,,
16932,0.23220034050955485,253.38171,100.0,40436,0.3,41,0.36,0.0,0.032871417701244354,1693600,0.07,4.4978312968666465,18.322737433628767,0.09782281809020787,18.322737433628767,211584,0.34724304312840104,55.88961508870125,0.0003,0.023516482178820297,0.010296877371729352,-1.417800942901522,0.09029163292143494,-144.34392666816711
16936,,253.38171,100.0,40436,,41,,,0.032871417701244354,1693600,0.07,,,,,,,,,,,,,
16940,0.05178328393269312,255.92245,100.0,40460,0.282,41,0.09,0.0,0.03286557272076607,1694400,0.09,3.208497242669584,18.322737433628767,0.097458302276209,18.322737433628767,211712,0.34891379717737436,55.03726860880852,0.0003,0.023216634697746485,0.009127572851866717,-0.6945580353494734,0.09088582824915648,-144.77846908569336
16944,,255.92245,100.0,40460,,41,,,0.03286557272076607,1694400,0.09,,,,,,,,,,,,,
16948,0.04,249.37457,100.0,40474,0.3,41,0.06,0.0,0.03286513686180115,1695200,0.09,3.8634812218473233,18.322737433628767,0.10222348547540605,18.322737433628767,211776,0.34684571949765086,55.444970548152924,0.0003,0.023168520827312022,0.009893536123854574,-1.5589010685216635,0.0922185336239636,-144.37240982055664
16952,,249.37457,100.0,40474,,41,,,0.03286513686180115,1695200,0.09,,,,,,,,,,,,,
16956,0.0,252.50075,100.0,40497,0.3,41,0.0,0.0,0.032863665372133255,1696000,0.1,3.4987862589107,18.322737433628767,0.09887978341430426,18.322737433628767,211904,0.3456620783545077,61.73359739780426,0.0003,0.02308716971310787,0.011974924789683428,1.141582289012149,0.09144482563715428,-144.56827473640442
16960,,252.50075,100.0,40497,,41,,,0.032863665372133255,1696000,0.1,,,,,,,,,,,,,
16964,0.28242848727837955,251.77756,100.0,40520,0.288,41,0.54,0.0,0.03286184370517731,1696800,0.11,4.084067745490869,18.322737433628767,0.0973741429625079,18.322737433628767,212032,0.34302083402872086,59.791078329086304,0.0003,0.023032495548250154,0.010229065490420908,0.2199592589167878,0.09169621847104281,-144.5978455543518
16968,,251.77756,100.0,40520,,41,,,0.03286184370517731,1696800,0.11,,,,,,,,,,,,,
16972,0.07924165419150386,249.55045,100.0,40534,0.3,41,0.27,0.0,0.0328620970249176,1697600,0.1,4.635810039868607,18.322737433628767,0.09858453425113112,18.322737433628767,212096,0.34332839492708445,60.11525171995163,0.0003,0.023046144749969244,0.01080951806216035,-0.17716853972524405,0.09285072539933026,-144.2230670452118
16976,,249.55045,100.0,40534,,41,,,0.0328620970249176,1697600,0.1,,,,,,,,,,,,,
16980,0.18276569518269986,254.03802,100.0,40558,0.288,41,0.75,0.0,0.03285527974367142,1698400,0.11,3.650935681208921,18.322737433628767,0.09767102205660194,18.322737433628767,212224,0.34332648664712906,51.99756973981857,0.0003,0.02292969133122824,0.010108813770784764,-2.3765983160119504,0.09214440477080643,-144.94290471076965
16984,,254.03802,100.0,40558,,41,,,0.03285527974367142,1698400,0.11,,,,,,,,,,,,,
16988,0.03739790737057018,252.42355,100.0,40572,0.29699999999999993,41,0.15,0.0,0.03285466134548187,1699200,0.11,3.770849189921794,18.322737433628767,0.09763515938539058,18.322737433628767,212288,0.3425219436176121,54.926455825567245,0.0003,0.022775500430725515,0.011190217446710449,-1.9338157514575869,0.09204516431782395,-144.70942950248718
16992,,252.42355,100.0,40572,,41,,,0.03285466134548187,1699200,0.11,,,,,,,,,,,,,
16996,0.10474433526050748,255.62926,100.0,40596,0.3,41,0.36,0.0,0.03285275399684906,1700000,0.12,3.811645763448098,18.322737433628767,0.09784042940009385,18.322737433628767,212416,0.34590696170926094,56.78604292869568,0.0003,0.022591716406168416,0.011696498047967907,0.08623642357997596,0.0908260716823861,-144.6609170436859
17000,,255.62926,100.0,40596,,41,,,0.03285275399684906,1700000,0.12,,,,,,,,,,,,,
17004,0.0728290737616652,255.73987,100.0,40609,0.3,41,0.15,0.0,0.032850492745637894,1700800,0.12,3.995896078459383,17.95628268495619,0.09748197079170495,17.95628268495619,212480,0.3431183979846537,55.90629231929779,0.0003,0.022577524156076834,0.009267677152820397,-0.8999359295703471,0.09075602935627103,-144.60512447357178
17008,,255.73987,100.0,40609,,41,,,0.032850492745637894,1700800,0.12,,,,,,,,,,,,,
17012,0.024661789672445842,256.8898,100.0,40632,0.267,41,0.09,0.0,0.03284060209989548,1701600,0.12,3.8388807920645838,17.95628268495619,0.09846172877587378,17.95628268495619,212608,0.34271062770858407,52.4248623251915,0.0003,0.022419651475502178,0.010345041519030929,0.16304139140993357,0.0939214447280392,-145.1283655166626
17016,,256.8898,100.0,40632,,41,,,0.03284060209989548,1701600,0.12,,,,,,,,,,,,,
17020,0.12403776111668222,257.30612,100.0,40646,0.25799999999999995,41,0.33,0.0,0.03284228965640068,1702400,0.13,3.2787207794583537,17.95628268495619,0.09888906287960708,17.95628268495619,212672,0.34378564916551113,49.02622792124748,0.0003,0.02240482601337135,0.009053437224793015,-1.3414375998545438,0.09094149945303798,-145.3225076198578
17024,,257.30612,100.0,40646,,41,,,0.03284228965640068,1702400,0.13,,,,,,,,,,,,,
17028,0.2844370363285019,259.64606,100.0,40668,0.3,41,0.78,0.0,0.03283250704407692,1703200,0.13,4.639472510101008,17.95628268495619,0.09798523155041039,17.95628268495619,212800,0.341890606097877,52.66577073931694,0.0003,0.022215062606846914,0.009891543271805858,-1.063609166070819,0.09150748664978892,-144.71405720710754
17032,,259.64606,100.0,40668,,41,,,0.03283250704407692,1703200,0.13,,,,,,,,,,,,,
17036,0.0,259.9427,100.0,40691,0.264,41,0.0,0.0,0.03282126784324646,1704000,0.12,3.1574867336283274,17.95628268495619,0.09641465882305056,17.95628268495619,212928,0.3410841654986143,54.880817621946335,0.0003,0.022086742421379313,0.010932854740531184,-0.31468268227763474,0.09200706297997385,-144.68828463554382
17040,,259.9427,100.0,40691,,41,,,0.03282126784324646,1704000,0.12,,,,,,,,,,,,,
17044,0.1297469638009477,255.04298,100.0,40704,0.3,41,0.36,0.0,0.03281601518392563,1704800,0.1,4.263252853285025,17.95628268495619,0.09712118748575449,17.95628268495619,212992,0.3414396890439093,61.89059618115425,0.0003,0.022047134290914983,0.00992504696114338,-0.61214888561517,0.09181162889581174,-145.4037208557129
17048,,255.04298,100.0,40704,,41,,,0.03281601518392563,1704800,0.1,,,,,,,,,,,,,
17052,0.0,256.79544,100.0,40727,0.2909999999999999,41,0.0,0.0,0.03280699998140335,1705600,0.1,3.977222371784969,17.95628268495619,0.09711522806901485,17.95628268495619,213120,0.34226272348314524,51.50649559497833,0.0003,0.02190963050816208,0.010343224770622328,-0.8888893376570195,0.0935903494246304,-145.2182812690735
17056,,256.79544,100.0,40727,,41,,,0.03280699998140335,1705600,0.1,,,,,,,,,,,,,
17060,0.1474722342766544,256.39694,100.0,40741,0.3,41,0.33,0.0,0.032808851450681686,1706400,0.11,3.5231985267521937,17.95628268495619,0.10599777300376445,17.95628268495619,213184,0.34159033466130495,53.7156497836113,0.0003,0.021835054067196324,0.012589033685799222,-0.9778194620739669,0.09159618627745658,-144.2087368965149
17064,,256.39694,100.0,40741,,41,,,0.032808851450681686,1706400,0.11,,,,,,,,,,,,,
17068,0.08306374074838722,253.81631,100.0,40764,0.3,41,0.18,0.0,0.03280167654156685,1707200,0.1,4.244920718290873,17.95628268495619,0.10131191927939653,17.95628268495619,213312,0.34057591995224357,55.60083615779877,0.0003,0.02169782796408981,0.010428479414258618,-0.896267187781632,0.09254688024520874,-144.76435136795044
17072,,253.81631,100.0,40764,,41,,,0.03280167654156685,1707200,0.1,,,,,,,,,,,,,
17076,0.08241609153087437,257.9334,100.0,40777,0.3,41,0.36,0.0,0.032802827656269073,1708000,0.11,4.437752895746694,17.95628268495619,0.09919245901983231,17.95628268495619,213376,0.3416665862314403,52.74501088261604,0.0003,0.021666256885509938,0.009775759550393559,0.29208740848116577,0.09306398464832455,-144.48998093605042
17080,,257.9334,100.0,40777,,41,,,0.032802827656269073,1708000,0.11,,,,,,,,,,,,,
17084,0.0,253.74957,100.0,40800,0.29699999999999993,41,0.0,0.0,0.032804008573293686,1708800,0.1,4.217518416932357,17.95628268495619,0.09832140302751213,17.95628268495619,213504,0.3412045771256089,57.3928242623806,0.0003,0.021795276494231075,0.01075235391544993,0.9082009424455464,0.09358367405366153,-145.17646622657776
17088,,253.74957,100.0,40800,,41,,,0.032804008573293686,1708800,0.1,,,,,,,,,,,,,
17092,0.13287559059005105,253.53033,100.0,40823,0.3,41,0.36,0.0,0.03279939293861389,1709600,0.09,3.822421469014923,17.95628268495619,0.09824410546571016,17.95628268495619,213632,0.34546384448185563,57.93633085489273,0.0003,0.021859217173187062,0.010928637326287571,-0.8735298495739698,0.09358971193432808,-144.05280685424805
17096,,253.53033,100.0,40823,,41,,,0.03279939293861389,1709600,0.09,,,,,,,,,,,,,
17100,0.2263579218510383,254.93169,100.0,40836,0.27899999999999997,41,0.36,0.0,0.0327923446893692,1710400,0.1,4.023608150904314,17.95628268495619,0.09735123033169657,17.95628268495619,213696,0.34116715425625443,58.21870720386505,0.0003,0.021797487075673416,0.011796088409028016,-0.38196034682914615,0.0941638188669458,-144.85971355438232
17104,,254.93169,100.0,40836,,41,,,0.0327923446893692,1710400,0.1,,,,,,,,,,,,,
17108,0.06948645398522128,252.10378,100.0,40860,0.3,41,0.21,0.0,0.03278900310397148,1711200,0.09,4.227042262375997,17.95628268495619,0.09781623538583517,17.95628268495619,213824,0.3415711657144129,53.71351230144501,0.0003,0.02182998528587632,0.00872530612105038,0.6183145311661065,0.09191971027757972,-144.90170884132385
17112,,252.10378,100.0,40860,,41,,,0.03278900310397148,1711200,0.09,,,,,,,,,,,,,
17116,0.02,253.81897,100.0,40873,0.3,41,0.03,0.0,0.03278723359107971,1712000,0.1,2.85259626539074,17.95628268495619,0.09620169154368341,17.95628268495619,213888,0.34370222268626094,55.79875695705414,0.0003,0.02187899567070417,0.010355143593187677,0.727086172439158,0.09254860109649599,-144.90995621681213
17120,,253.81897,100.0,40873,,41,,,0.03278723359107971,1712000,0.1,,,,,,,,,,,,,
17124,0.0,253.43703,100.0,40896,0.3,41,0.0,0.0,0.032787106931209564,1712800,0.09,4.400145972873304,17.95628268495619,0.09817930788267404,17.95628268495619,214016,0.3443274646997452,51.14557099342346,0.0003,0.02190862176939845,0.010962296182697173,-0.5006262769456953,0.09375432750675827,-144.12140083312988
17128,,253.43703,100.0,40896,,41,,,0.032787106931209564,1712800,0.09,,,,,,,,,,,,,
17132,0.12295041209841892,253.76143,100.0,40909,0.27299999999999996,41,0.3,0.0,0.032785531133413315,1713600,0.11,3.5018172240232803,17.95628268495619,0.10107707872521132,17.95628268495619,214080,0.3441028967499733,54.83698058128357,0.0003,0.02188843840849586,0.012659343825362157,-0.22980868443846703,0.09470291552133858,-144.69546103477478
17136,,253.76143,100.0,40909,,41,,,0.032785531133413315,1713600,0.11,,,,,,,,,,,,,
17140,0.0,256.09683,100.0,40933,0.3,41,0.0,0.0,0.03278101608157158,1714400,0.12,2.8450931533842128,17.95628268495619,0.10026239859871566,17.95628268495619,214208,0.34602119540795684,51.70311579108238,0.0003,0.021916426456300542,0.012498252632212825,0.018003468518145382,0.09442599071189761,-145.28230357170105
17144,,256.09683,100.0,40933,,41,,,0.03278101608157158,1714400,0.12,,,,,,,,,,,,,
17148,0.0,254.97964,100.0,40946,0.26699999999999996,41,0.0,0.0,0.03277330845594406,1715200,0.12,4.093022176437664,17.95628268495619,0.10079102660529315,17.95628268495619,214272,0.3449896415695548,57.05781400203705,0.0003,0.02190847578458488,0.011357392351783346,0.34885830665007234,0.09379792353138328,-144.55454206466675
17152,,254.97964,100.0,40946,,41,,,0.03277330845594406,1715200,0.12,,,,,,,,,,,,,
17156,0.15772620517962305,258.78857,100.0,40969,0.3,41,0.39,0.0,0.03277429938316345,1716000,0.12,3.441592573835365,17.95628268495619,0.10004795040003955,17.95628268495619,214400,0.34243243699893355,53.83624655008316,0.0003,0.02189760428154841,0.012674097328272182,-0.26177371642552316,0.09486546751577407,-145.46364569664001
17160,,258.78857,100.0,40969,,41,,,0.03277429938316345,1716000,0.12,,,,,,,,,,,,,
17164,0.12662804490071364,263.0717,100.0,40993,0.264,41,0.3,0.0,0.0327710323035717,1716800,0.13,3.489259136732324,17.95628268495619,0.09838491107802838,17.95628268495619,214528,0.3438866795040667,62.33658802509308,0.0003,0.02188521236530505,0.011728914883860853,-0.04921830119565129,0.09253874467685819,-145.4211823940277
17168,,263.0717,100.0,40993,,41,,,0.0327710323035717,1716800,0.13,,,,,,,,,,,,,
17172,0.11277850243313052,267.9455,100.0,41007,0.22499999999999998,41,0.36,0.0,0.03276756405830383,1717600,0.15,3.18801060260371,17.95628268495619,0.09830466308631003,17.95628268495619,214592,0.3423614944331348,60.97343760728836,0.0003,0.02189101101248525,0.010992880888807122,0.7377500042784959,0.09318173443898559,-145.53162336349487
17176,,267.9455,100.0,41007,,41,,,0.03276756405830383,1717600,0.15,,,,,,,,,,,,,
17180,0.05828719804646419,266.32617,100.0,41030,0.3,41,0.15,0.0,0.03276067599654198,1718400,0.14,4.090633830663696,17.95628268495619,0.0997934868792072,17.95628268495619,214720,0.3463298948481679,61.16069883108139,0.0003,0.021972002083202824,0.01325943991105305,0.9349045718554407,0.09401470294687897,-145.3018250465393
17184,,266.32617,100.0,41030,,41,,,0.03276067599654198,1718400,0.14,,,,,,,,,,,,,
17188,0.17003789761321023,266.68466,100.0,41043,0.264,41,0.27,0.0,0.032759811729192734,1719200,0.14,2.994822205294106,17.95628268495619,0.09722757386043668,17.95628268495619,214784,0.34051914839074016,58.697548270225525,0.0003,0.02203153830487281,0.012446417538740207,1.2212225070688874,0.0933516698423773,-144.61916184425354
17192,,266.68466,100.0,41043,,41,,,0.032759811729192734,1719200,0.14,,,,,,,,,,,,,
17196,0.33639983530394985,267.37094,100.0,41066,0.3,41,0.78,0.0,0.03275356441736221,1720000,0.13,5.096776756927609,17.95628268495619,0.0980601399205625,17.95628268495619,214912,0.34445734322071075,58.92409825325012,0.0003,0.02211705583613366,0.01210471607191721,0.6856131739914417,0.09497088892385364,-145.88475251197815
17200,,267.37094,100.0,41066,,41,,,0.03275356441736221,1720000,0.13,,,,,,,,,,,,,
17204,0.12990946095459532,268.84183,100.0,41080,0.282,41,0.36,0.0,0.032755300402641296,1720800,0.13,4.246406806134945,17.59715703125707,0.0986929393839091,17.59715703125707,214976,0.34325766609981656,57.16623890399933,0.0003,0.02221222867956385,0.012251652966369875,2.1123297451995313,0.09399843472056091,-145.65139055252075
17208,,268.84183,100.0,41080,,41,,,0.032755300402641296,1720800,0.13,,,,,,,,,,,,,
17212,0.21769382307699345,270.76257,100.0,41102,0.3,41,0.39,0.0,0.03275065869092941,1721600,0.13,4.09336650923723,17.59715703125707,0.09728293365333229,17.59715703125707,215104,0.34448726708069444,60.7135688662529,0.0003,0.022361549199558794,0.010086682697874494,-0.6930333776399493,0.0952750981086865,-145.66510891914368
17216,,270.76257,100.0,41102,,41,,,0.03275065869092941,1721600,0.13,,,,,,,,,,,,,
17220,0.23588708722456456,268.89368,100.0,41125,0.3,41,0.54,0.0,0.03275289759039879,1722400,0.13,3.697109103350698,17.59715703125707,0.09587626927532256,17.59715703125707,215232,0.3429168090224266,56.474996864795685,0.0003,0.02255141336354427,0.01121270105795702,1.410057885106653,0.09406853548716754,-144.73057174682617
17224,,268.89368,100.0,41125,,41,,,0.03275289759039879,1722400,0.13,,,,,,,,,,,,,
17228,0.0,269.7081,100.0,41139,0.3,41,0.0,0.0,0.03275001049041748,1723200,0.14,3.4579873478426357,17.59715703125707,0.09867548185866326,17.59715703125707,215296,0.34497665241360664,60.941414058208466,0.0003,0.022647273988695815,0.010955596851999871,1.883776392787695,0.09559429611545056,-144.59176635742188
17232,,269.7081,100.0,41139,,41,,,0.03275001049041748,1723200,0.14,,,,,,,,,,,,,
17236,0.1936303608952356,266.341,100.0,41163,0.282,41,0.39,0.0,0.032740652561187744,1724000,0.11,3.9755573776037356,17.59715703125707,0.09916058124508709,17.59715703125707,215424,0.346154170576483,61.23690423369408,0.0003,0.022832002985524014,0.010443268809467554,-0.702959829941392,0.09419273398816586,-144.0855212211609
17240,,266.341,100.0,41163,,41,,,0.032740652561187744,1724000,0.11,,,,,,,,,,,,,
17244,0.039472898961322694,260.48413,100.0,41175,0.264,41,0.12,0.0,0.03273927420377731,1724800,0.09,4.1719463031665756,17.59715703125707,0.09954877477139235,17.59715703125707,215488,0.3457695101387799,62.22057372331619,0.0003,0.02280446086660959,0.0112312611163361,1.2212313693016768,0.09317608352284878,-144.60147500038147
17248,,260.48413,100.0,41175,,41,,,0.03273927420377731,1724800,0.09,,,,,,,,,,,,,
17252,0.0,256.47824,100.0,41198,0.3,41,0.0,0.0,0.03273693472146988,1725600,0.08,4.263888591085323,17.59715703125707,0.09941626398358494,17.59715703125707,215616,0.3455849848687649,63.56499272584915,0.0003,0.022967043274547905,0.011060783792345319,2.1874058600515127,0.0947653945768252,-144.30589938163757
17256,,256.47824,100.0,41198,,41,,,0.03273693472146988,1725600,0.08,,,,,,,,,,,,,
17260,0.1639606260942603,259.4033,100.0,41212,0.26099999999999995,41,0.36,0.0,0.03273551166057587,1726400,0.1,3.2723598836672045,17.59715703125707,0.09817182726692408,17.59715703125707,215680,0.3458986207842827,57.69042390584946,0.0003,0.023123641818528995,0.010937997023575008,2.065465498715639,0.09654393664095551,-143.66976594924927
17264,,259.4033,100.0,41212,,41,,,0.03273551166057587,1726400,0.1,,,,,,,,,,,,,
17268,0.0,256.02,100.0,41236,0.3,41,0.0,0.0,0.03273377940058708,1727200,0.09,4.0642026147294645,17.59715703125707,0.09957948443479836,17.59715703125707,215808,0.34370758989825845,58.42328059673309,0.0003,0.023443781450623646,0.012414929609803949,1.0397526269080117,0.09686796343885362,-144.52498245239258
17272,,256.02,100.0,41236,,41,,,0.03273377940058708,1727200,0.09,,,,,,,,,,,,,
17276,0.07432548591900456,251.98788,100.0,41251,0.288,41,0.21,0.0,0.03273424506187439,1728000,0.08,4.566823904198103,17.59715703125707,0.0981306586181745,17.59715703125707,215872,0.34472330659627914,61.45240581035614,0.0003,0.02352766541298479,0.009224060333508532,1.0739890388213098,0.09541809046640992,-144.42397737503052
17280,,251.98788,100.0,41251,,41,,,0.03273424506187439,1728000,0.08,,,,,,,,,,,,,
17284,0.16113094519701662,251.7826,100.0,41275,0.3,41,0.36,0.0,0.03273569047451019,1728800,0.07,4.716285830798534,17.59715703125707,0.09805720997974277,17.59715703125707,216000,0.34544964460656047,58.60465735197067,0.0003,0.023722090758383274,0.011646182523691095,1.834531391505152,0.09579326072707772,-144.04748845100403
17288,,251.7826,100.0,41275,,41,,,0.03273569047451019,1728800,0.07,,,,,,,,,,,,,
17292,0.0,254.7873,100.0,41299,0.27299999999999996,41,0.0,0.0,0.032734133303165436,1729600,0.1,2.438759517369666,17.59715703125707,0.09985356091056019,17.59715703125707,216128,0.34604898281395435,53.43479123711586,0.0003,0.0239284542913083,0.012648249190533534,0.6106425368925557,0.09645212814211845,-144.34363555908203
17296,,254.7873,100.0,41299,,41,,,0.032734133303165436,1729600,0.1,,,,,,,,,,,,,
17300,0.03365251926927264,251.04457,100.0,41313,0.3,41,0.12,0.0,0.03273037075996399,1730400,0.1,4.614785161643565,17.59715703125707,0.09995622490532696,17.59715703125707,216192,0.34878824977204204,54.82756245136261,0.0003,0.02402218949282542,0.011948914572712965,0.6847859960980713,0.09691020334139466,-144.01301789283752
17304,,251.04457,100.0,41313,,41,,,0.03273037075996399,1730400,0.1,,,,,,,,,,,,,
17308,0.0,251.66324,100.0,41337,0.264,41,0.0,0.0,0.032728806138038635,1731200,0.11,3.8759866737579847,17.59715703125707,0.10228350281249732,17.59715703125707,216320,0.349384690169245,57.089632511138916,0.0003,0.024225979606853798,0.010959233513858635,1.987840463174507,0.09471902553923428,-143.2010772228241
17312,,251.66324,100.0,41337,,41,,,0.032728806138038635,1731200,0.11,,,,,,,,,,,,,
17316,0.2890578054020121,254.33551,100.0,41352,0.27899999999999997,41,0.75,0.0,0.03272536024451256,1732000,0.1,4.072619428288622,17.59715703125707,0.10103070642799139,17.59715703125707,216384,0.3475994453765452,57.1352037191391,0.0003,0.024325376987690106,0.012177724558569025,0.6795621846104041,0.09726079599931836,-143.93460083007812
17320,,254.33551,100.0,41352,,41,,,0.03272536024451256,1732000,0.1,,,,,,,,,,,,,
17324,0.0,255.77478,100.0,41376,0.3,41,0.0,0.0,0.03271903842687607,1732800,0.09,4.413021393466529,17.59715703125707,0.10108558530919254,17.59715703125707,216512,0.3491148538887501,56.491691172122955,0.0003,0.024438300722977147,0.012474643241148442,1.2800450311042368,0.09757249988615513,-143.33380556106567
17328,,255.77478,100.0,41376,,41,,,0.03271903842687607,1732800,0.09,,,,,,,,,,,,,
17332,0.09410343320680627,256.98334,100.0,41389,0.3,41,0.24,0.0,0.03272124379873276,1733600,0.09,4.236029826723077,17.59715703125707,0.10367932741064578,17.59715703125707,216576,0.3498851116746664,57.26124107837677,0.0003,0.024578911048593,0.013359684264287353,1.8949672230519354,0.09583149198442698,-143.81788277626038
17336,,256.98334,100.0,41389,,41,,,0.03272124379873276,1733600,0.09,,,,,,,,,,,,,
17340,0.2908181517887992,261.4971,100.0,41413,0.3,41,0.48,0.0,0.03271833807229996,1734400,0.11,3.5095294354138646,17.59715703125707,0.09951033443212509,17.59715703125707,216704,0.35065083857625723,57.4548701941967,0.0003,0.024734817328862846,0.011160783069499303,1.0168398963287473,0.09632326243445277,-143.1481409072876
17344,,261.4971,100.0,41413,,41,,,0.03271833807229996,1734400,0.11,,,,,,,,,,,,,
17348,0.0,260.84186,100.0,41435,0.3,41,0.0,0.0,0.03272254019975662,1735200,0.11,4.2366820255417394,17.59715703125707,0.10028502554632723,17.59715703125707,216832,0.3513688459061086,55.41164594888687,0.0003,0.024886466650059447,0.011796551443694625,0.25559217808768153,0.09409381169825792,-143.08939933776855
17352,,260.84186,100.0,41435,,41,,,0.03272254019975662,1735200,0.11,,,,,,,,,,,,,
17356,0.12,262.1032,100.0,41450,0.3,41,0.18,0.0,0.032721806317567825,1736000,0.11,3.3037325536601263,17.59715703125707,0.1019726594677195,17.59715703125707,216896,0.3518608286976814,55.272915571928024,0.0003,0.024918224662542343,0.011365937862137798,0.4787212489172816,0.09532194351777434,-143.0384738445282
17360,,262.1032,100.0,41450,,41,,,0.032721806317567825,1736000,0.11,,,,,,,,,,,,,
17364,0.11865342651854677,256.38858,100.0,41473,0.3,41,0.36,0.0,0.0327208936214447,1736800,0.09,4.262131628968967,17.59715703125707,0.10008514951914549,17.59715703125707,217024,0.3523713480681181,53.00463530421257,0.0003,0.025172833004035056,0.010297448567143874,2.4623176688328385,0.09468242467846721,-143.12295961380005
17368,,256.38858,100.0,41473,,41,,,0.0327208936214447,1736800,0.09,,,,,,,,,,,,,
17372,0.07556973992462344,255.6991,100.0,41486,0.264,41,0.24,0.0,0.032724544405937195,1737600,0.09,4.297323607524305,17.59715703125707,0.1012669475749135,17.59715703125707,217088,0.3546754438430071,51.7682808637619,0.0003,0.025312346435384825,0.01071451523603173,0.2966554588638246,0.09231931425165385,-142.21259689331055
17376,,255.6991,100.0,41486,,41,,,0.032724544405937195,1737600,0.09,,,,,,,,,,,,,
17380,0.28995442285903683,253.89404,100.0,41509,0.264,41,0.96,0.0,0.032716959714889526,1738400,0.1,4.185062006082405,17.59715703125707,0.0991242501186207,17.59715703125707,217216,0.34954739874228835,58.34440517425537,0.0003,0.02530151844257489,0.011404163007682655,0.026147939497604966,0.09695874445606023,-143.1088161468506
17384,,253.89404,100.0,41509,,41,,,0.032716959714889526,1738400,0.1,,,,,,,,,,,,,
17388,0.1121217070172031,253.89586,100.0,41522,0.288,41,0.39,0.0,0.03271535038948059,1739200,0.1,3.5088477281149255,17.59715703125707,0.09881059429608285,17.59715703125707,217280,0.3551962091587484,59.63012173771858,0.0003,0.025311173347290605,0.009685772885859478,-0.0007345359772443771,0.09410108451265842,-142.4343705177307
17392,,253.89586,100.0,41522,,41,,,0.03271535038948059,1739200,0.1,,,,,,,,,,,,,
17396,0.0,256.6364,100.0,41547,0.3,41,0.0,0.0,0.03272032365202904,1740000,0.11,2.914604202219209,17.59715703125707,0.10013012797571719,17.59715703125707,217408,0.3562010754831135,55.7480750977993,0.0003,0.02522377812420018,0.012116169687942602,0.10157827846705914,0.09474306448828429,-142.6496946811676
17400,,256.6364,100.0,41547,,41,,,0.03272032365202904,1740000,0.11,,,,,,,,,,,,,
17404,0.0,258.07867,100.0,41562,0.3,41,0.0,0.0,0.03271898627281189,1740800,0.12,3.122609394884657,17.245213890631923,0.10048518644180149,17.245213890631923,217472,0.35727204894647,56.62135198712349,0.0003,0.02517720975447446,0.010006496966525447,-1.1588198726531118,0.09332738956436515,-142.5586392879486
17408,,258.07867,100.0,41562,,41,,,0.03271898627281189,1740800,0.12,,,,,,,,,,,,,
17412,0.18632993199323078,260.905,100.0,41585,0.264,41,0.45,0.0,0.032712049782276154,1741600,0.14,4.205836802903112,17.245213890631923,0.0989002346759662,17.245213890631923,217600,0.3549346886575222,63.90475994348526,0.0003,0.02508916158694774,0.011347321968059987,-1.2201935886405408,0.094889126252383,-142.7530460357666
17416,,260.905,100.0,41585,,41,,,0.032712049782276154,1741600,0.14,,,,,,,,,,,,,
17420,0.237000119117974,261.20816,100.0,41609,0.3,41,0.39,0.0,0.032711997628211975,1742400,0.16,2.9950372157067853,17.245213890631923,0.09864703810308129,17.245213890631923,217728,0.3542183921672404,61.72083616256714,0.0003,0.02498667227337137,0.011399549686757382,-0.0943260497879237,0.09416148765012622,-143.37954950332642
17424,,261.20816,100.0,41609,,41,,,0.032711997628211975,1742400,0.16,,,,,,,,,,,,,
17428,0.0,262.17413,100.0,41622,0.3,41,0.0,0.0,0.03271041065454483,1743200,0.17,3.435964486488414,17.245213890631923,0.09845858812332153,17.245213890631923,217792,0.3503408497199416,56.47296470403671,0.0003,0.02504471901920624,0.010566395605565049,0.3766996026970446,0.09676242200657725,-143.43663120269775
17432,,262.17413,100.0,41622,,41,,,0.03271041065454483,1743200,0.17,,,,,,,,,,,,,
17436,0.16975384135634763,263.22034,100.0,41645,0.3,41,0.54,0.0,0.03271393105387688,1744000,0.16,4.1766426430620145,17.245213890631923,0.09873766591772437,17.245213890631923,217920,0.3503115251660347,57.86190539598465,0.0003,0.025165241211652756,0.010649554453266319,0.13324207672849298,0.09318758209701627,-143.0160973072052
17440,,263.22034,100.0,41645,,41,,,0.03271393105387688,1744000,0.16,,,,,,,,,,,,,
17444,0.0,265.46945,100.0,41658,0.26099999999999995,41,0.0,0.0,0.03270895406603813,1744800,0.18,3.2024748045007123,17.245213890631923,0.09815809933934361,17.245213890631923,217984,0.34718651743605733,52.887430906295776,0.0003,0.025132843846222386,0.011104773468105122,-0.2953619137406349,0.09496393892914057,-143.55389976501465
17448,,265.46945,100.0,41658,,41,,,0.03270895406603813,1744800,0.18,,,,,,,,,,,,,
17452,0.2506316127101377,263.8351,100.0,41681,0.3,41,0.72,0.0,0.03270868584513664,1745600,0.18,3.8850798282824517,17.245213890631923,0.09694298671092838,17.245213890631923,218112,0.3513008593581617,59.34314227104187,0.0003,0.02522973934537731,0.010069285555800889,0.5247499099932611,0.09594449517317116,-143.29652571678162
17456,,263.8351,100.0,41681,,41,,,0.03270868584513664,1745600,0.18,,,,,,,,,,,,,
17460,0.1528417761638994,273.54706,100.0,41695,0.3,41,0.3,0.0,0.032705649733543396,1746400,0.21,3.6165052152506276,17.245213890631923,0.0976211124798283,17.245213890631923,218176,0.3485762751661241,63.4369912147522,0.0003,0.025273713952628896,0.011325490624585655,-0.06986467726528645,0.09480844473000616,-143.99975895881653
17464,,273.54706,100.0,41695,,41,,,0.032705649733543396,1746400,0.21,,,,,,,,,,,,,
17468,0.007084699525062897,273.24213,100.0,41718,0.26099999999999995,41,0.03,0.0,0.032698605209589005,1747200,0.21,4.209582072742158,17.245213890631923,0.09870240557938814,17.245213890631923,218304,0.3480128198862076,59.21282982826233,0.0003,0.025249307305784896,0.012108550501579884,0.8761315003503114,0.09537127474322915,-143.69081234931946
17472,,273.24213,100.0,41718,,41,,,0.032698605209589005,1747200,0.21,,,,,,,,,,,,,
17476,0.12327145352913832,279.36642,100.0,41742,0.3,41,0.36,0.0,0.03270626813173294,1748000,0.21,4.780090033849385,17.245213890631923,0.09726367972325534,17.245213890631923,218432,0.347878853790462,59.84482538700104,0.0003,0.02535714633995667,0.011836583660624456,0.47018309123814106,0.09482924221083522,-144.22065472602844
17480,,279.36642,100.0,41742,,41,,,0.03270626813173294,1748000,0.21,,,,,,,,,,,,,
17484,0.21158383575996376,279.65112,100.0,41756,0.26099999999999995,41,0.72,0.0,0.03271181881427765,1748800,0.2,4.501471710783424,17.245213890631923,0.09654086781665683,17.245213890631923,218496,0.34486975613981485,53.25004279613495,0.0003,0.025445651437621564,0.011012022863724269,0.6567917242646217,0.09509037411771715,-144.18296098709106
17488,,279.65112,100.0,41756,,41,,,0.03271181881427765,1748800,0.2,,,,,,,,,,,,,
17492,0.0,278.34003,100.0,41780,0.29699999999999993,41,0.0,0.0,0.032713331282138824,1749600,0.2,3.289892276812668,17.245213890631923,0.09868869883939624,17.245213890631923,218624,0.3467849111184478,53.62619602680206,0.0003,0.02549671704764478,0.011497833933390211,1.798600576352328,0.097528314916417,-143.90153622627258
17496,,278.34003,100.0,41780,,41,,,0.032713331282138824,1749600,0.2,,,,,,,,,,,,,
17500,0.12437006973993325,276.57062,100.0,41795,0.3,41,0.36,0.0,0.03270994499325752,1750400,0.19,3.7032482272800302,17.245213890631923,0.09767954214476049,17.245213890631923,218688,0.3460930408909917,54.684575498104095,0.0003,0.025560259411577135,0.010532682623306755,-0.3397668020334095,0.09716661099810153,-144.05561470985413
17504,,276.57062,100.0,41795,,41,,,0.03270994499325752,1750400,0.19,,,,,,,,,,,,,
17508,0.09780429657932783,273.99313,100.0,41818,0.3,41,0.36,0.0,0.03271571174263954,1751200,0.18,3.671621796017949,17.245213890631923,0.10968315438367426,17.245213890631923,218816,0.35006602806970477,55.43324840068817,0.0003,0.025581566675100476,0.013316472817678005,-0.269932659342885,0.09510325931478292,-143.67987275123596
17512,,273.99313,100.0,41818,,41,,,0.03271571174263954,1751200,0.18,,,,,,,,,,,,,
17516,0.0,271.4633,100.0,41831,0.294,41,0.0,0.0,0.03271649405360222,1752000,0.16,3.9483142662054744,17.245213890631923,0.10167089488822967,17.245213890631923,218880,0.34937670547515154,53.85081943869591,0.0003,0.025573996594175696,0.012266956946405116,-0.1798971714451909,0.09616681199986488,-143.4186146259308
17520,,271.4633,100.0,41831,,41,,,0.03271649405360222,1752000,0.16,,,,,,,,,,,,,
17524,0.10179112450977307,270.45316,100.0,41855,0.3,41,0.24,0.0,0.032711319625377655,1752800,0.16,3.156081952714216,17.245213890631923,0.10002083273138851,17.245213890631923,219008,0.34708102280274034,57.697578489780426,0.0003,0.025528791622491553,0.012899837238364853,-0.3046991964802146,0.09669144812505692,-142.80777597427368
17528,,270.45316,100.0,41855,,41,,,0.032711319625377655,1752800,0.16,,,,,,,,,,,,,
17532,0.06938341040815206,278.59915,100.0,41869,0.26999999999999996,41,0.12,0.0,0.032717540860176086,1753600,0.17,3.6218916924588886,17.245213890631923,0.09911422058939934,17.245213890631923,219072,0.34910333482548594,53.61614391207695,0.0003,0.025596944557037205,0.013442115108773578,1.5170160825364292,0.09570063499268144,-142.9958848953247
17536,,278.59915,100.0,41869,,41,,,0.032717540860176086,1753600,0.17,,,,,,,,,,,,,
17540,0.20202146034188392,273.2341,100.0,41892,0.222,41,0.39,0.0,0.032719098031520844,1754400,0.15,4.667465877330771,17.245213890631923,0.10116920375730842,17.245213890631923,219200,0.3526558382436633,54.7312967479229,0.0003,0.025682600331492722,0.012438266981916968,0.4900560872629285,0.09493868914432824,-143.55742192268372
17544,,273.2341,100.0,41892,,41,,,0.032719098031520844,1754400,0.15,,,,,,,,,,,,,
17548,0.0,278.2576,100.0,41914,0.3,41,0.0,0.0,0.03272293880581856,1755200,0.16,3.1426698701807436,17.245213890631923,0.09850729489699006,17.245213890631923,219328,0.34624645859003067,58.61259216070175,0.0003,0.02557272877311334,0.012473411756218411,-0.3730282618198544,0.09672241006046534,-144.65144395828247
17552,,278.2576,100.0,41914,,41,,,0.03272293880581856,1755200,0.16,,,,,,,,,,,,,
17556,0.0,267.80087,100.0,41927,0.29699999999999993,41,0.0,0.0,0.032719116657972336,1756000,0.12,4.471235996834459,17.245213890631923,0.10072516300715506,17.245213890631923,219392,0.34899401012808084,55.51702705025673,0.0003,0.025572061305865645,0.012957844315678813,0.7407976565882564,0.0994768274249509,-143.77752137184143
17560,,267.80087,100.0,41928,,41,,,0.032719116657972336,1756000,0.12,,,,,,,,,,,,,
17564,0.039658083208552644,265.9601,100.0,41950,0.24599999999999997,41,0.18,0.0,0.032713882625103,1756800,0.11,4.335314252158705,17.245213890631923,0.10119928163476288,17.245213890631923,219520,0.3517211228609085,57.4859756231308,0.0003,0.025518941518384963,0.012327732729318086,-1.1353383054956794,0.09830536262597889,-143.51739811897278
17568,,265.9601,100.0,41950,,41,,,0.032713882625103,1756800,0.11,,,,,,,,,,,,,
17572,0.0,264.2648,100.0,41964,0.3,41,0.0,0.0,0.0327131561934948,1757600,0.11,4.281320053609331,17.245213890631923,0.10137992259114981,17.245213890631923,219584,0.3529174327850342,53.182805836200714,0.0003,0.025401242019142956,0.011895336669113021,-0.8857894840184599,0.0958231067052111,-143.4507167339325
17576,,264.2648,100.0,41964,,41,,,0.0327131561934948,1757600,0.11,,,,,,,,,,,,,
17580,0.12074088774690814,261.61542,100.0,41987,0.22499999999999998,41,0.33,0.0,0.03271954506635666,1758400,0.11,4.564722102758459,17.245213890631923,0.10011016728822142,17.245213890631923,219712,0.34921917179599404,54.942702144384384,0.0003,0.025420877791475505,0.011047894280636683,0.9453412580769509,0.09609536489006132,-143.26216578483582
17584,,261.61542,100.0,41987,,41,,,0.03271954506635666,1758400,0.11,,,,,,,,,,,,,
17588,0.09102017404246972,261.70242,100.0,42001,0.288,41,0.36,0.0,0.03271745890378952,1759200,0.11,3.5803320981318945,17.245213890631923,0.09956307744141668,17.245213890631923,219776,0.3483263645321131,54.58435174822807,0.0003,0.02543724764836952,0.011645229707937688,-1.0443886113353074,0.09526550071313977,-143.51489067077637
17592,,261.70242,100.0,42001,,41,,,0.03271745890378952,1759200,0.11,,,,,,,,,,,,,
17596,0.0,264.0165,100.0,42024,0.3,41,0.0,0.0,0.03271546587347984,1760000,0.11,3.987783891540033,17.245213890631923,0.0994805566733703,17.245213890631923,219904,0.35093087516725063,59.81697201728821,0.0003,0.02526422357186675,0.011373675995855592,-1.596579915145412,0.09491607663221657,-143.15932726860046
17600,,264.0165,100.0,42024,,41,,,0.03271546587347984,1760000,0.11,,,,,,,,,,,,,
17604,0.1433930212432434,266.44745,100.0,42048,0.24299999999999997,41,0.27,0.0,0.03271864354610443,1760800,0.12,3.4141450385029106,16.900309612819285,0.10092929168604314,16.900309612819285,220032,0.35283385775983334,63.82179665565491,0.0003,0.025167545391013846,0.01237023038265761,0.4751985449111089,0.09471445740200579,-143.29455733299255
17608,,266.44745,100.0,42048,,41,,,0.03271864354610443,1760800,0.12,,,,,,,,,,,,,
17612,0.22025686974671202,266.40125,100.0,42061,0.24899999999999994,41,0.6,0.0,0.03272075951099396,1761600,0.11,3.3347259346944615,16.900309612819285,0.09856934612616897,16.900309612819285,220096,0.350314071867615,65.83071148395538,0.0003,0.025215959642082453,0.01147387224045815,0.6885086623951793,0.09786310198251158,-143.14249467849731
17616,,266.40125,100.0,42061,,41,,,0.03272075951099396,1761600,0.11,,,,,,,,,,,,,
17620,0.24917766849376766,263.37085,100.0,42084,0.3,41,0.45,0.0,0.032729413360357285,1762400,0.12,3.624210179392542,16.900309612819285,0.09896980912890285,16.900309612819285,220224,0.35389111330732703,58.85276913642883,0.0003,0.02526543929707259,0.011231185744691174,-0.5769780168775469,0.09493606421165168,-143.228684425354
17624,,263.37085,100.0,42084,,41,,,0.032729413360357285,1762400,0.12,,,,,,,,,,,,,
17628,0.06,266.26294,100.0,42098,0.3,41,0.09,0.0,0.03272740915417671,1763200,0.14,3.910264059954612,16.900309612819285,0.0999350241618231,16.900309612819285,220288,0.35158385802060366,62.821996331214905,0.0003,0.025198149436619133,0.011023127462976845,-0.6577180377207696,0.0975604112027213,-142.98058128356934
17632,,266.26294,100.0,42098,,41,,,0.03272740915417671,1763200,0.14,,,,,,,,,,,,,
17636,0.052565627357095336,267.10324,100.0,42121,0.27599999999999997,41,0.12,0.0,0.03273700550198555,1764000,0.15,3.0781044108069024,16.900309612819285,0.09905666578561068,16.900309612819285,220416,0.35246762400493026,62.679776191711426,0.0003,0.025171474466333166,0.012892355967778713,-0.2865591598674655,0.09628106083255261,-143.05569744110107
17640,,267.10324,100.0,42121,,41,,,0.03273700550198555,1764000,0.15,,,,,,,,,,,,,
17644,0.06952410800332808,262.40808,100.0,42134,0.3,41,0.15,0.0,0.032739292830228806,1764800,0.16,4.2485653550007445,16.900309612819285,0.10137491882778704,16.900309612819285,220480,0.3488406091928482,57.14400479197502,0.0003,0.02511572017101571,0.01233657530247001,-2.2756726143416017,0.09699325589463115,-143.36694359779358
17648,,262.40808,100.0,42134,,41,,,0.032739292830228806,1764800,0.16,,,,,,,,,,,,,
17652,0.29161532545317503,259.8892,100.0,42157,0.3,41,0.9,0.0,0.0327342264354229,1765600,0.15,4.569346561447311,16.900309612819285,0.10076109482906759,16.900309612819285,220608,0.35376698384061456,57.747515469789505,0.0003,0.024740114633459598,0.011958549159317045,-1.2068223024252802,0.09755893831606954,-143.08223843574524
17656,,259.8892,100.0,42157,,41,,,0.0327342264354229,1765600,0.15,,,,,,,,,,,,,
17660,0.02,266.6885,100.0,42171,0.3,41,0.03,0.0,0.032732415944337845,1766400,0.16,4.006421392365134,16.900309612819285,0.09802834887523204,16.900309612819285,220672,0.3485725149512291,58.95532047748566,0.0003,0.024645590252475813,0.012821141150197946,-1.3148408494889736,0.0961701727937907,-142.6034872531891
17664,,266.6885,100.0,42171,,41,,,0.032732415944337845,1766400,0.16,,,,,,,,,,,,,
17668,0.16950100460163361,268.92404,100.0,42195,0.3,41,0.45,0.0,0.03272834047675133,1767200,0.17,4.432323627555806,16.900309612819285,0.10063037218060344,16.900309612819285,220800,0.3496978422626853,56.080023884773254,0.0003,0.024403329036431387,0.01127073826501146,-1.0893367633689195,0.0973034844500944,-142.68203282356262
17672,,268.92404,100.0,42195,,41,,,0.03272834047675133,1767200,0.17,,,,,,,,,,,,,
17676,0.3773786420876244,270.23587,100.0,42219,0.3,41,1.23,0.0,0.03273714333772659,1768000,0.18,4.2385322041624285,16.900309612819285,0.09982691146433353,16.900309612819285,220928,0.3518983623944223,59.88453769683838,0.0003,0.024279808334540576,0.013079386146273464,-0.08449772594030946,0.09539438330102712,-142.76478338241577
17680,,270.23587,100.0,42219,,41,,,0.03273714333772659,1768000,0.18,,,,,,,,,,,,,
17684,0.2216178797422511,272.72372,100.0,42234,0.29699999999999993,41,0.39,0.0,0.0327385738492012,1768800,0.18,4.569508857974172,16.900309612819285,0.09944208862725645,16.900309612819285,220992,0.35075385589152575,56.62921977043152,0.0003,0.024247430847026408,0.01250330909533659,-1.6304028241429478,0.0967019556555897,-142.32007122039795
17688,,272.72372,100.0,42234,,41,,,0.0327385738492012,1768800,0.18,,,,,,,,,,,,,
17692,0.0,273.99432,100.0,42258,0.3,41,0.0,0.0,0.032738231122493744,1769600,0.18,3.602768353103439,16.900309612819285,0.09856913960538805,16.900309612819285,221120,0.34839223185554147,57.08341407775879,0.0003,0.023947334353579208,0.01192920602625236,-0.9588353578001261,0.0977649794658646,-142.32013511657715
17696,,273.99432,100.0,42258,,41,,,0.032738231122493744,1769600,0.18,,,,,,,,,,,,,
17700,0.053282689000100886,271.54013,100.0,42271,0.3,41,0.09,0.0,0.032740168273448944,1770400,0.17,3.358604164573949,16.900309612819285,0.09900469426065683,16.900309612819285,221184,0.35088113276287913,58.47802495956421,0.0003,0.02387963773799129,0.011217452592973132,-1.2189923515543342,0.09983129007741809,-142.6720597743988
17704,,271.54013,100.0,42271,,41,,,0.032740168273448944,1770400,0.17,,,,,,,,,,,,,
17708,0.006469633374045733,265.67206,100.0,42294,0.3,41,0.03,0.0,0.032744720578193665,1771200,0.17,4.188302040023906,16.900309612819285,0.0982745320070535,16.900309612819285,221312,0.3524175677448511,56.93546921014786,0.0003,0.02371247671544552,0.011775237835536245,-0.7540041506290436,0.09627200791146606,-142.71691465377808
17712,,265.67206,100.0,42294,,41,,,0.032744720578193665,1771200,0.17,,,,,,,,,,,,,
17716,0.0,265.76746,100.0,42308,0.26099999999999995,41,0.0,0.0,0.03274141624569893,1772000,0.15,3.585541173029509,16.900309612819285,0.09746286750305444,16.900309612819285,221376,0.3455070098862052,55.26680898666382,0.0003,0.023592057666974142,0.010463643448019866,-1.8116726955631748,0.09590171184390783,-142.45191287994385
17720,,265.76746,100.0,42308,,41,,,0.03274141624569893,1772000,0.15,,,,,,,,,,,,,
17724,0.061759775134414226,264.7614,100.0,42332,0.3,41,0.3,0.0,0.03274073079228401,1772800,0.14,3.859625731170786,16.900309612819285,0.10131612548138946,16.900309612819285,221504,0.3501207400113344,66.30658656358719,0.0003,0.023398789286147803,0.010972050578857306,-0.5276184461545199,0.09683546971064061,-142.46345949172974
17728,,264.7614,100.0,42332,,41,,,0.03274073079228401,1772800,0.14,,,,,,,,,,,,,
17732,0.027335799420544184,261.8777,100.0,42355,0.26099999999999995,41,0.12,0.0,0.03274410963058472,1773600,0.13,4.1543116282606025,16.900309612819285,0.10013309470377862,16.900309612819285,221632,0.34998977929353714,57.35530573129654,0.0003,0.023378047539154068,0.01152394605014706,0.0850025259424001,0.09746488835662603,-142.39663767814636
17736,,261.8777,100.0,42355,,41,,,0.03274410963058472,1773600,0.13,,,,,,,,,,,,,
17740,0.14406282064335135,268.05136,100.0,42368,0.285,41,0.36,0.0,0.032747890800237656,1774400,0.14,2.381736082128004,16.900309612819285,0.09806250839028507,16.900309612819285,221696,0.3479726598598063,56.34527766704559,0.0003,0.0233741695410572,0.010102224339789245,0.06060671526938677,0.09563400724437088,-142.42794799804688
17744,,268.05136,100.0,42368,,41,,,0.032747890800237656,1774400,0.14,,,,,,,,,,,,,
17748,0.0,269.06247,100.0,42391,0.3,41,0.0,0.0,0.03274338319897652,1775200,0.15,3.8750399196018765,16.900309612819285,0.1014436415862292,16.900309612819285,221824,0.3498637215234339,59.95391410589218,0.0003,0.02331444635638036,0.011521974738570862,-0.6809524471173063,0.09781463025137782,-141.62814211845398
17752,,269.06247,100.0,42391,,41,,,0.03274338319897652,1775200,0.15,,,,,,,,,,,,,
17756,0.0,266.02454,100.0,42404,0.22799999999999998,41,0.0,0.0,0.03274824470281601,1776000,0.14,3.5618122012665503,16.900309612819285,0.10025977727491409,16.900309612819285,221888,0.35096490336582065,60.57051420211792,0.0003,0.023264065064722672,0.010100195129780332,-0.2603759110206738,0.09554433776065707,-142.28601169586182
17760,,266.02454,100.0,42404,,41,,,0.03274824470281601,1776000,0.14,,,,,,,,,,,,,
17764,0.050231708035287176,262.3477,100.0,42427,0.195,41,0.09,0.0,0.03275064378976822,1776800,0.14,3.8571123933701985,16.900309612819285,0.0999093895079568,16.900309612819285,222016,0.35154878394678235,55.500178158283234,0.0003,0.02315936764352955,0.011661492040730081,-0.9620153241558,0.09754555963445455,-141.97579765319824
17768,,262.3477,100.0,42427,,41,,,0.03275064378976822,1776800,0.14,,,,,,,,,,,,,
17772,0.29540226351452276,268.76614,100.0,42441,0.26099999999999995,41,0.54,0.0,0.03274817764759064,1777600,0.14,3.258725863025461,16.900309612819285,0.10013888182584196,16.900309612819285,222080,0.3515031891874969,58.10707342624664,0.0003,0.023097334342310205,0.011254812525294255,-0.3333298163488507,0.09695979778189212,-141.9551396369934
17776,,268.76614,100.0,42441,,41,,,0.03274817764759064,1777600,0.14,,,,,,,,,,,,,
17780,0.1985216772527831,268.49228,100.0,42464,0.3,41,0.36,0.0,0.03275215998291969,1778400,0.13,3.6721991223953028,16.900309612819285,0.10222438559867442,16.900309612819285,222208,0.3486795504577458,57.566832423210144,0.0003,0.02301301376428455,0.011978758448094595,-1.3479490783065557,0.09780787152703851,-142.75104570388794
17784,,268.49228,100.0,42464,,41,,,0.03275215998291969,1778400,0.13,,,,,,,,,,,,,
17788,0.01944566235897617,268.7938,100.0,42478,0.3,41,0.03,0.0,0.03275531157851219,1779200,0.15,3.3007089109411307,16.900309612819285,0.10148563596885651,16.900309612819285,222272,0.3501111879013479,58.634343922138214,0.0003,0.022925869008759037,0.011166598218551371,-0.9540204717777669,0.09710440644994378,-142.96861362457275
17792,,268.7938,100.0,42478,,41,,,0.03275531157851219,1779200,0.15,,,,,,,,,,,,,
17796,0.0,266.88855,100.0,42501,0.2909999999999999,41,0.0,0.0,0.03275676444172859,1780000,0.14,3.845313278154127,16.900309612819285,0.10089489445090294,16.900309612819285,222400,0.349296978674829,60.83042824268341,0.0003,0.022803465399192646,0.013133924003341235,-1.0738540538586676,0.09756167873274535,-142.6747214794159
17800,,266.88855,100.0,42501,,41,,,0.03275676444172859,1780000,0.14,,,,,,,,,,,,,
17804,0.06363471102072533,265.44843,100.0,42524,0.3,41,0.15,0.0,0.032752178609371185,1780800,0.15,3.023759078355173,16.562303420562902,0.10146433010231704,16.562303420562902,222528,0.35095687210559845,63.682447135448456,0.0003,0.022620212141191587,0.010492053588677663,-0.660977074992843,0.0973004630068317,-142.83741998672485
17808,,265.44843,100.0,42524,,41,,,0.032752178609371185,1780800,0.15,,,,,,,,,,,,,
17812,0.34282665438217114,265.6609,100.0,42537,0.3,41,0.69,0.0,0.03275620937347412,1781600,0.14,4.6774944780866985,16.562303420562902,0.10036883736029267,16.562303420562902,222592,0.34925833996385336,57.81649270653725,0.0003,0.022624524019192904,0.010736657219240442,0.2168619001749903,0.09649420308414847,-142.19971370697021
17816,,265.6609,100.0,42537,,41,,,0.03275620937347412,1781600,0.14,,,,,,,,,,,,,
17820,0.02,269.08917,100.0,42560,0.3,41,0.03,0.0,0.032760683447122574,1782400,0.15,3.902770227552438,16.562303420562902,0.10057807143311948,16.562303420562902,222720,0.3497256860136986,55.34867799282074,0.0003,0.022683743358356878,0.0108320732251741,1.352505219168961,0.09780198358930647,-142.1955006122589
17824,,269.08917,100.0,42560,,41,,,0.032760683447122574,1782400,0.15,,,,,,,,,,,,,
17828,0.0,269.54218,100.0,42574,0.264,41,0.0,0.0,0.03276343271136284,1783200,0.15,3.8072917587250803,16.562303420562902,0.10123091470450163,16.562303420562902,222784,0.35118321795016527,61.55470722913742,0.0003,0.022777723876060918,0.01137864428164903,0.28587212320417166,0.09617877926211804,-142.6037998199463
17832,,269.54218,100.0,42574,,41,,,0.03276343271136284,1783200,0.15,,,,,,,,,,,,,
17836,0.24937476449788457,267.2423,100.0,42597,0.3,41,0.75,0.0,0.03276184946298599,1784000,0.14,4.208511525472977,16.562303420562902,0.1000668442575261,16.562303420562902,222912,0.3489117450080812,55.933337807655334,0.0003,0.022720868641044945,0.010442966864502523,-1.3591990759596229,0.09555605333298445,-142.7837119102478
17840,,267.2423,100.0,42597,,41,,,0.03276184946298599,1784000,0.14,,,,,,,,,,,,,
17844,0.0,267.2769,100.0,42610,0.264,41,0.0,0.0,0.03276246041059494,1784800,0.13,3.66337491463222,16.562303420562902,0.09888485679402947,16.562303420562902,222976,0.3531673983670771,60.02611416578293,0.0003,0.022655768872937188,0.011026311134628486,-0.22018962213769555,0.0970491343177855,-141.57865118980408
17848,,267.2769,100.0,42610,,41,,,0.03276246041059494,1784800,0.13,,,,,,,,,,,,,
17852,0.18650486552926415,266.0739,100.0,42632,0.3,41,0.39,0.0,0.03275676444172859,1785600,0.13,4.155132382447267,16.562303420562902,0.10001674166414887,16.562303420562902,223104,0.34708064841106534,53.57937580347061,0.0003,0.022647546516964212,0.011403575947042555,0.6891808691434562,0.09746941854245961,-142.12444376945496
17856,,266.0739,100.0,42632,,41,,,0.03275676444172859,1785600,0.13,,,,,,,,,,,,,
17860,0.0,269.8842,100.0,42656,0.3,41,0.0,0.0,0.032754283398389816,1786400,0.14,3.058986193299719,16.562303420562902,0.09927126893308014,16.562303420562902,223232,0.3483364484272897,50.58311289548874,0.0003,0.02276150931720622,0.010836447705514729,1.994921596487984,0.09697716915979981,-142.64946842193604
17864,,269.8842,100.0,42656,,41,,,0.032754283398389816,1786400,0.14,,,,,,,,,,,,,
17868,0.0,262.82312,100.0,42669,0.26099999999999995,41,0.0,0.0,0.03275466710329056,1787200,0.14,4.212495520173768,16.562303420562902,0.10035185888409615,16.562303420562902,223296,0.35007583489641547,49.5500094294548,0.0003,0.022864035796374083,0.010472586527612293,0.15183598268777132,0.09471635043155402,-141.55109024047852
17872,,262.82312,100.0,42669,,41,,,0.03275466710329056,1787200,0.14,,,,,,,,,,,,,
17876,0.0,256.95105,100.0,42693,0.3,41,0.0,0.0,0.03275282308459282,1788000,0.13,3.5328969988030856,16.562303420562902,0.10087880387436599,16.562303420562902,223424,0.3525049276649952,57.79768764972687,0.0003,0.022972518403548747,0.010588977918814635,0.5839017129037529,0.09799261030275375,-142.13919949531555
17880,,256.95105,100.0,42693,,41,,,0.03275282308459282,1788000,0.13,,,,,,,,,,,,,
17884,0.02,257.5558,100.0,42707,0.25199999999999995,41,0.03,0.0,0.03274991363286972,1788800,0.12,4.404438622743835,16.562303420562902,0.09966057306155562,16.562303420562902,223488,0.35404090862721205,58.11862653493881,0.0003,0.023024683556286618,0.012143633415689692,1.1160028232261539,0.09558016387745738,-140.83780670166016
17888,,257.5558,100.0,42707,,41,,,0.03274991363286972,1788800,0.12,,,,,,,,,,,,,
17892,0.0,254.19623,100.0,42730,0.3,41,0.0,0.0,0.0327584333717823,1789600,0.1,4.400465525848543,16.562303420562902,0.10088205349165946,16.562303420562902,223616,0.35704486817121506,54.25410670042038,0.0003,0.02312440171954222,0.011933885587495752,-0.13965847995132208,0.09660905518103391,-141.33746695518494
17896,,254.19623,100.0,42730,,41,,,0.0327584333717823,1789600,0.1,,,,,,,,,,,,,
17900,0.03043145118255044,253.19243,100.0,42743,0.3,41,0.12,0.0,0.03276137262582779,1790400,0.09,3.9869007721221705,16.562303420562902,0.10018398205284029,16.562303420562902,223680,0.35612008487805724,52.07031172513962,0.0003,0.023117525357520208,0.011518369952682406,-0.17004239093512297,0.09765862906351686,-141.89390444755554
17904,,253.19243,100.0,42743,,41,,,0.03276137262582779,1790400,0.09,,,,,,,,,,,,,
17908,0.0,256.68594,100.0,42766,0.3,41,0.0,0.0,0.03276176005601883,1791200,0.1,3.3374179983258108,16.562303420562902,0.10195908753667027,16.562303420562902,223808,0.3560655158944428,57.809006690979004,0.0003,0.023060224310029298,0.012362505112832878,1.1887939686421305,0.09671828511636704,-142.23452138900757
17912,,256.68594,100.0,42766,,41,,,0.03276176005601883,1791200,0.1,,,,,,,,,,,,,
17916,0.030590517816723898,256.32956,100.0,42780,0.294,41,0.09,0.0,0.03276386111974716,1792000,0.11,3.727332149629356,16.562303420562902,0.1071330945705995,16.562303420562902,223872,0.35642227390781045,59.05574947595596,0.0003,0.023144831211538985,0.012982401312910952,1.8790321411797777,0.09728827967774123,-141.85673213005066
17920,,256.32956,100.0,42780,,41,,,0.03276386111974716,1792000,0.11,,,,,,,,,,,,,
17924,0.033709272050006824,251.81439,100.0,42803,0.29699999999999993,41,0.15,0.0,0.032766204327344894,1792800,0.11,4.129561828262917,16.562303420562902,0.10053244477603585,16.562303420562902,224000,0.35333825182169676,58.165258944034576,0.0003,0.0231965811108239,0.011506626491609495,0.5040513845160604,0.09806983335874975,-142.5818817615509
17928,,251.81439,100.0,42803,,41,,,0.032766204327344894,1792800,0.11,,,,,,,,,,,,,
17932,0.33291979702753755,248.91264,100.0,42826,0.3,41,0.57,0.0,0.032758235931396484,1793600,0.11,4.179259623438068,16.562303420562902,0.1042487466474995,16.562303420562902,224128,0.3513630786910653,54.774153649806976,0.0003,0.02322863193694502,0.013068893727904651,0.46167935989797115,0.09895823954138905,-142.36935591697693
17936,,248.91264,100.0,42826,,41,,,0.032758235931396484,1793600,0.11,,,,,,,,,,,,,
17940,0.03586035232553344,243.93748,100.0,42840,0.264,41,0.15,0.0,0.03275803476572037,1794400,0.1,4.5702676090159375,16.562303420562902,0.10516717133577913,16.562303420562902,224192,0.35229618195444345,59.25209206342697,0.0003,0.023277824628166854,0.011871990696818102,0.06452198408078402,0.09957248345017433,-142.45839381217957
17944,,243.93748,100.0,42840,,41,,,0.03275803476572037,1794400,0.1,,,,,,,,,,,,,
17948,0.0,242.51828,100.0,42862,0.3,41,0.0,0.0,0.03275736793875694,1795200,0.09,4.874587151334137,16.562303420562902,0.10000080231111497,16.562303420562902,224320,0.352781371679157,60.38994085788727,0.0003,0.023398966673994437,0.010584785988612566,1.1177410210948437,0.09967905387748033,-142.49691104888916
17952,,242.51828,100.0,42862,,41,,,0.03275736793875694,1795200,0.09,,,,,,,,,,,,,
17956,0.0,241.83342,100.0,42875,0.264,41,0.0,0.0,0.03275906667113304,1796000,0.09,3.2054009332717635,16.562303420562902,0.09944699530024081,16.562303420562902,224384,0.35147351305931807,52.38877031207085,0.0003,0.02344783750595525,0.011010889094904996,0.07710029324516654,0.10026333411224186,-142.91164255142212
17960,,241.83342,100.0,42875,,41,,,0.03275906667113304,1796000,0.09,,,,,,,,,,,,,
17964,0.02371609750324521,243.36739,100.0,42898,0.264,41,0.09,0.0,0.0327635183930397,1796800,0.1,2.904597169805156,16.562303420562902,0.10098178591579199,16.562303420562902,224512,0.35351077700033784,52.92294600605965,0.0003,0.023463803401682526,0.010962171843857504,-0.07176452968269587,0.09853493433911353,-141.56468558311462
17968,,243.36739,100.0,42898,,41,,,0.0327635183930397,1796800,0.1,,,,,,,,,,,,,
17972,0.27957315177667114,248.16483,100.0,42912,0.3,41,0.93,0.0,0.03276352211833,1797600,0.1,4.3494512197686,16.562303420562902,0.10229661408811808,16.562303420562902,224576,0.35218190820887685,49.836027562618256,0.0003,0.023494976456277072,0.010396954650786938,0.8493326839525253,0.09900647203903645,-141.9112250804901
17976,,248.16483,100.0,42912,,41,,,0.03276352211833,1797600,0.1,,,,,,,,,,,,,
17980,0.13396060007842808,240.61992,100.0,42934,0.24899999999999994,41,0.21,0.0,0.03276340663433075,1798400,0.09,3.4678363209011063,16.562303420562902,0.09956921415869147,16.562303420562902,224704,0.35151150403544307,57.40536344051361,0.0003,0.02344786562025547,0.010256309386022622,-0.167562443530187,0.09981280972715467,-142.38139009475708
17984,,240.61992,100.0,42934,,41,,,0.03276340663433075,1798400,0.09,,,,,,,,,,,,,
17988,0.06083584442318543,242.02977,100.0,42958,0.3,41,0.18,0.0,0.032763995230197906,1799200,0.1,3.9583139228923936,16.562303420562902,0.09755675354972482,16.562303420562902,224832,0.35221542604267597,56.75893700122833,0.0003,0.02339358883909881,0.011015129144652747,-0.5209753792732954,0.10074778238777071,-142.45295071601868
17992,,242.02977,100.0,42958,,41,,,0.032763995230197906,1799200,0.1,,,,,,,,,,,,,
17996,0.14406379710823952,243.38393,100.0,42971,0.3,41,0.54,0.0,0.032765306532382965,1800000,0.1,4.097840213728998,16.562303420562902,0.09800321783404797,16.562303420562902,224896,0.35517303459346294,55.70794719457626,0.0003,0.023356765595963225,0.010377163132943679,-0.7351018553599715,0.10108098911587149,-142.07002449035645
18000,,243.38393,100.0,42971,,41,,,0.032765306532382965,1800000,0.1,,,,,,,,,,,,,
18004,0.1490283457049328,256.2608,100.0,42993,0.3,41,0.24,0.0,0.03276354447007179,1800800,0.13,2.4019558690817093,16.23105735215164,0.09724834316875786,16.23105735215164,225024,0.35146124195307493,56.632782340049744,0.0003,0.023221861018100753,0.00902623614820186,-1.7722934277262539,0.10079994879197329,-142.73129892349243
18008,,256.2608,100.0,42993,,41,,,0.03276354447007179,1800800,0.13,,,,,,,,,,,,,
18012,0.2747824347544834,257.86743,100.0,43006,0.3,41,0.63,0.0,0.03276295214891434,1801600,0.12,4.311387887852393,16.23105735215164,0.09686733048874885,16.23105735215164,225088,0.35426900582388043,52.54175424575806,0.0003,0.023093393858289346,0.009628727893868927,-1.2276279055513442,0.10074869683012366,-142.99535250663757
18016,,257.86743,100.0,43006,,41,,,0.03276295214891434,1801600,0.12,,,,,,,,,,,,,
18020,0.06867266191964974,255.1894,100.0,43029,0.29699999999999993,41,0.12,0.0,0.03276429697871208,1802400,0.12,3.8085729844346203,16.23105735215164,0.09820231446065009,16.23105735215164,225216,0.3511574757285416,53.21420383453369,0.0003,0.022990132332779467,0.010871037666220218,-0.9551925491541624,0.10152600007131696,-142.13370060920715
18024,,255.1894,100.0,43029,,41,,,0.03276429697871208,1802400,0.12,,,,,,,,,,,,,
18028,0.057284671943028546,260.22986,100.0,43042,0.264,41,0.18,0.0,0.032760098576545715,1803200,0.12,3.024491620878377,16.23105735215164,0.09802149469032884,16.23105735215164,225280,0.3497332981787622,50.62039065361023,0.0003,0.022898992901900783,0.011157973043737002,-0.9654849055223167,0.100508036557585,-142.25631856918335
18032,,260.22986,100.0,43042,,41,,,0.032760098576545715,1803200,0.12,,,,,,,,,,,,,
18036,0.06200808931981545,264.51505,100.0,43066,0.26099999999999995,41,0.15,0.0,0.032763589173555374,1804000,0.13,3.7057329899352425,16.23105735215164,0.09672458132263273,16.23105735215164,225408,0.3514701151289046,61.68415302038193,0.0003,0.022970706078922376,0.011278439957095543,-1.0869632265530527,0.10180984949693084,-142.3154752254486
18040,,264.51505,100.0,43066,,41,,,0.032763589173555374,1804000,0.13,,,,,,,,,,,,,
18044,0.04801558820367447,267.47754,100.0,43080,0.3,41,0.12,0.0,0.03276072442531586,1804800,0.14,4.200296131614582,16.23105735215164,0.09781103755813092,16.23105735215164,225472,0.35111831687390804,53.20032349228859,0.0003,0.022878647898323834,0.010117064601217862,-0.8390869530849159,0.10219279525335878,-142.767169713974
18048,,267.47754,100.0,43080,,41,,,0.03276072442531586,1804800,0.14,,,,,,,,,,,,,
18052,0.021811453856381516,272.81677,100.0,43102,0.3,41,0.06,0.0,0.03276371583342552,1805600,0.16,3.510706326503477,16.23105735215164,0.09759695595130324,16.23105735215164,225600,0.3548084800131619,58.34339427947998,0.0003,0.022831850918009877,0.011577670051337918,0.6959325186908245,0.10227142914664,-142.6913664340973
18056,,272.81677,100.0,43102,,41,,,0.03276371583342552,1805600,0.16,,,,,,,,,,,,,
18060,0.0,271.12915,100.0,43125,0.3,41,0.0,0.0,0.03276947885751724,1806400,0.14,4.777499245567885,16.23105735215164,0.09831371752079576,16.23105735215164,225728,0.3525504465214908,52.67602977156639,0.0003,0.02293245794135146,0.011735897591279354,1.9130045408383012,0.10244907601736486,-143.1621482372284
18064,,271.12915,100.0,43125,,41,,,0.03276947885751724,1806400,0.14,,,,,,,,,,,,,
18068,0.2483204005030558,277.38684,100.0,43139,0.3,41,0.75,0.0,0.032775454223155975,1807200,0.15,3.563017975720673,16.23105735215164,0.0973895494826138,16.23105735215164,225792,0.35195447131991386,56.805434197187424,0.0003,0.023020282591460273,0.01032526420749491,1.1750035749282688,0.1032689216081053,-143.54026412963867
18072,,277.38684,100.0,43139,,41,,,0.032775454223155975,1807200,0.15,,,,,,,,,,,,,
18076,0.08357545129004101,275.5216,100.0,43162,0.22499999999999998,41,0.33,0.0,0.03278548642992973,1808000,0.15,3.98560183591633,16.23105735215164,0.10123906412627548,16.23105735215164,225920,0.3537246654741466,55.628712356090546,0.0003,0.023315289086895064,0.01239437359618023,0.5427324145566672,0.10146078723482788,-142.7316973209381
18080,,275.5216,100.0,43162,,41,,,0.03278548642992973,1808000,0.15,,,,,,,,,,,,,
18084,0.18508640339539809,276.99576,100.0,43175,0.27299999999999996,41,0.36,0.0,0.03278646990656853,1808800,0.15,4.071728074653561,16.23105735215164,0.09978514956310391,16.23105735215164,225984,0.3501559682190418,53.942092061042786,0.0003,0.023353835160378367,0.01228973987599602,1.3527106926776469,0.1028955060755834,-142.6522355079651
18088,,276.99576,100.0,43175,,41,,,0.03278646990656853,1808800,0.15,,,,,,,,,,,,,
18092,0.25875703236827,275.75366,100.0,43198,0.3,41,0.54,0.0,0.03278377279639244,1809600,0.15,4.489718881305899,16.23105735215164,0.10119737172499299,16.23105735215164,226112,0.3550194497220218,56.27606213092804,0.0003,0.023477675422327593,0.011409060571168084,-0.6890026067849249,0.10074678272940218,-142.99809575080872
18096,,275.75366,100.0,43198,,41,,,0.03278377279639244,1809600,0.15,,,,,,,,,,,,,
18100,0.27615175098734895,265.90616,100.0,43212,0.282,41,0.78,0.0,0.032780397683382034,1810400,0.12,4.028305443920264,16.23105735215164,0.10031648760195822,16.23105735215164,226176,0.35152857936918736,58.91376769542694,0.0003,0.02348529067239724,0.011089088104199618,1.2554345512762666,0.10145845345687121,-142.80241322517395
18104,,265.90616,100.0,43212,,41,,,0.032780397683382034,1810400,0.12,,,,,,,,,,,,,
18108,0.19937007877394386,263.58414,100.0,43236,0.3,41,0.57,0.0,0.03278500959277153,1811200,0.12,4.405647187502301,16.23105735215164,0.09950667270459235,16.23105735215164,226304,0.3548501404002309,57.5105317234993,0.0003,0.023647073947358876,0.010994092241162434,1.7494947977829725,0.10313875053543597,-142.77962708473206
18112,,263.58414,100.0,43236,,41,,,0.03278500959277153,1811200,0.12,,,,,,,,,,,,,
18116,0.408816367451302,269.23447,100.0,43259,0.3,41,0.75,0.0,0.032792121171951294,1812000,0.12,4.0400640641845476,16.23105735215164,0.10036273254081607,16.23105735215164,226432,0.35173744847998023,55.63651496171951,0.0003,0.02383251942228526,0.010564483753114473,1.2315927487798035,0.10416034259833395,-143.7799153327942
18120,,269.23447,100.0,43259,,41,,,0.032792121171951294,1812000,0.12,,,,,,,,,,,,,
18124,0.3354584550766761,267.9878,100.0,43272,0.26099999999999995,41,0.84,0.0,0.03279260918498039,1812800,0.11,4.4127360681366445,16.23105735215164,0.10042066720779985,16.23105735215164,226496,0.3527430142275989,58.4800888299942,0.0003,0.02394948701839894,0.010740043479017913,2.402551864972338,0.10137681837659329,-143.40878987312317
18128,,267.9878,100.0,43272,,41,,,0.03279260918498039,1812800,0.11,,,,,,,,,,,,,
18132,0.02707383598114276,267.3888,100.0,43295,0.264,41,0.12,0.0,0.03279326483607292,1813600,0.11,4.181585781004436,16.23105735215164,0.10141679435037076,16.23105735215164,226624,0.35536942770704627,61.41262698173523,0.0003,0.024188724637497216,0.011848909074615221,0.3996745669282973,0.10323528957087547,-143.23023009300232
18136,,267.3888,100.0,43295,,41,,,0.03279326483607292,1813600,0.11,,,,,,,,,,,,,
18140,0.06104694678140211,261.76462,100.0,43308,0.249,41,0.24,0.0,0.03278997540473938,1814400,0.1,4.0518834362595815,16.23105735215164,0.10180990432854742,16.23105735215164,226688,0.3510611611418426,55.73815459012985,0.0003,0.0242650315631181,0.012139859289163724,1.129587670788169,0.10231614508666098,-143.94875574111938
18144,,261.76462,100.0,43308,,41,,,0.03278997540473938,1814400,0.1,,,,,,,,,,,,,
18148,0.0,263.69058,100.0,43330,0.3,41,0.0,0.0,0.032795023173093796,1815200,0.11,2.7582973787656044,16.23105735215164,0.1025841140653938,16.23105735215164,226816,0.3523507108911872,60.56257915496826,0.0003,0.024489508738042787,0.011930019194551278,2.8758733086287975,0.10190283937845379,-143.66258931159973
18152,,263.69058,100.0,43330,,41,,,0.032795023173093796,1815200,0.11,,,,,,,,,,,,,
18156,0.0,262.1201,100.0,43343,0.26099999999999995,41,0.0,0.0,0.032802071422338486,1816000,0.11,4.210503530989728,16.23105735215164,0.10092457570135593,16.23105735215164,226880,0.34904382238164544,59.00676465034485,0.0003,0.02469954892876558,0.010288773617503466,2.3941386938095093,0.10185428138356656,-144.14182329177856
18160,,262.1201,100.0,43343,,41,,,0.032802071422338486,1816000,0.11,,,,,,,,,,,,,
18164,0.18340282830247598,260.81564,100.0,43367,0.3,41,0.39,0.0,0.03280232101678848,1816800,0.11,4.487743350689943,16.23105735215164,0.10652057558763772,16.23105735215164,227008,0.35349211003631353,52.53650310635567,0.0003,0.025153128372039646,0.012436570708814543,2.2724977545440197,0.10377301147673279,-142.9890842437744
18168,,260.81564,100.0,43367,,41,,,0.03280232101678848,1816800,0.11,,,,,,,,,,,,,
18172,0.22354635456623273,259.42184,100.0,43381,0.3,41,0.39,0.0,0.03280280530452728,1817600,0.1,4.085789452791569,16.23105735215164,0.10443780443165451,16.23105735215164,227072,0.35137471463531256,56.9453267455101,0.0003,0.025333836470963433,0.012058325970428996,1.9842081456445158,0.1029476341791451,-143.48460054397583
18176,,259.42184,100.0,43381,,41,,,0.03280280530452728,1817600,0.1,,,,,,,,,,,,,
18180,0.25797798872248995,266.09894,100.0,43403,0.3,41,0.69,0.0,0.032806798815727234,1818400,0.11,4.557713366079311,16.23105735215164,0.10181566467508674,16.23105735215164,227200,0.3510528621263802,57.588255643844604,0.0003,0.02556717995321378,0.011494133810629137,0.529130183160305,0.10168682562652975,-143.24676418304443
18184,,266.09894,100.0,43403,,41,,,0.032806798815727234,1818400,0.11,,,,,,,,,,,,,
18188,0.017854037621483295,269.18686,100.0,43427,0.3,41,0.09,0.0,0.032806091010570526,1819200,0.12,3.3005064040637553,16.23105735215164,0.09924284100998193,16.23105735215164,227328,0.3517478443682194,57.56804382801056,0.0003,0.025743826379766688,0.010659708397724899,0.989106388296932,0.10070842143613845,-143.3601849079132
18192,,269.18686,100.0,43427,,41,,,0.032806091010570526,1819200,0.12,,,,,,,,,,,,,
18196,0.0,269.42447,100.0,43441,0.264,41,0.0,0.0,0.03280385211110115,1820000,0.12,4.11554833907584,16.23105735215164,0.10009166691452265,16.23105735215164,227392,0.352678335737437,56.59985077381134,0.0003,0.0258646065776702,0.011596813819778617,1.4886564440093935,0.10209611605387181,-143.04910373687744
18200,,269.42447,100.0,43441,,41,,,0.03280385211110115,1820000,0.12,,,,,,,,,,,,,
18204,0.09949935594690523,266.41138,100.0,43464,0.25799999999999995,41,0.39,0.0,0.03281070664525032,1820800,0.12,3.728215772627615,15.906436205108609,0.10100906435400248,15.906436205108609,227520,0.35025437735021114,56.69594258069992,0.0003,0.026196534046903253,0.011240500884014182,2.253606440499425,0.10203170543536544,-143.1200292110443
18208,,266.41138,100.0,43464,,41,,,0.03281070664525032,1820800,0.12,,,,,,,,,,,,,
18212,0.22172247257282574,265.6764,100.0,43478,0.26099999999999995,41,0.45,0.0,0.03281095251441002,1821600,0.15,2.9125890447018814,15.906436205108609,0.10281853622291237,15.906436205108609,227584,0.3547996263951063,54.7365163564682,0.0003,0.02633690956281498,0.012128942944400478,0.5529287673998624,0.10213002923410386,-143.45383977890015
18216,,265.6764,100.0,43478,,41,,,0.03281095251441002,1821600,0.15,,,,,,,,,,,,,
18220,0.07714927026478453,264.49426,100.0,43501,0.3,41,0.24,0.0,0.032805100083351135,1822400,0.14,3.3019911876755965,15.906436205108609,0.10259373812004924,15.906436205108609,227712,0.35489803552627563,56.150824427604675,0.0003,0.02636702306335792,0.011942848286707886,0.5775580387562513,0.1030006700893864,-142.71211743354797
18224,,264.49426,100.0,43501,,41,,,0.032805100083351135,1822400,0.14,,,,,,,,,,,,,
18228,0.11595657168933123,264.86844,100.0,43515,0.3,41,0.39,0.0,0.032801952213048935,1823200,0.14,4.491415888460625,15.906436205108609,0.10297072737012058,15.906436205108609,227776,0.3523303703404963,61.2160964012146,0.0003,0.02641320796101354,0.01134136216569459,0.7967283544130623,0.1030002674087882,-143.2036292552948
18232,,264.86844,100.0,43515,,41,,,0.032801952213048935,1823200,0.14,,,,,,,,,,,,,
18236,0.25585014264486317,265.42847,100.0,43538,0.3,41,0.81,0.0,0.03280920907855034,1824000,0.14,4.009442049051361,15.906436205108609,0.10504257341381162,15.906436205108609,227904,0.34966727485880256,58.410201609134674,0.0003,0.026636087393853813,0.013710720260860398,1.778165767667815,0.10201145301107317,-143.70310640335083
18240,,265.42847,100.0,43538,,41,,,0.03280920907855034,1824000,0.14,,,,,,,,,,,,,
18244,0.0,271.67682,100.0,43562,0.285,41,0.0,0.0,0.032801851630210876,1824800,0.15,3.8252944928500585,15.906436205108609,0.10393478896003217,15.906436205108609,228032,0.35172542091459036,55.36752009391785,0.0003,0.026739839697256684,0.012574267988384236,0.6543553547235206,0.10292532225139439,-143.30197477340698
18248,,271.67682,100.0,43562,,41,,,0.032801851630210876,1824800,0.15,,,,,,,,,,,,,
18252,0.18217784934693956,266.01495,100.0,43576,0.29699999999999993,41,0.36,0.0,0.03279965743422508,1825600,0.12,4.460128630825491,15.906436205108609,0.10401675896719098,15.906436205108609,228096,0.354051380418241,54.69244122505188,0.0003,0.026807259331690148,0.014032609622518066,0.041175761725753546,0.10420231195166707,-143.83729553222656
18256,,266.01495,100.0,43576,,41,,,0.03279965743422508,1825600,0.12,,,,,,,,,,,,,
18260,0.3724847807132092,272.4455,100.0,43599,0.26099999999999995,41,0.78,0.0,0.03280579298734665,1826400,0.12,3.6626899880085193,15.906436205108609,0.10324983776081353,15.906436205108609,228224,0.35161240259185433,53.919042229652405,0.0003,0.026967246958520263,0.013115626345097553,2.4625164286699146,0.10288093774579465,-143.62323594093323
18264,,272.4455,100.0,43599,,41,,,0.03280579298734665,1826400,0.12,,,,,,,,,,,,,
18268,0.19130700986837887,268.35593,100.0,43612,0.3,41,0.39,0.0,0.03280290216207504,1827200,0.13,4.649874658803404,15.906436205108609,0.10380425595212728,15.906436205108609,228288,0.35300227254629135,54.421064376831055,0.0003,0.027123036299599335,0.013954704176285304,0.7537599294446409,0.10442001838237047,-142.79670786857605
18272,,268.35593,100.0,43612,,41,,,0.03280290216207504,1827200,0.13,,,,,,,,,,,,,
18276,0.02776610191339651,264.1821,100.0,43636,0.26099999999999995,41,0.09,0.0,0.0328056663274765,1828000,0.12,4.165947965771062,15.906436205108609,0.10121391143184155,15.906436205108609,228416,0.35166689148172736,54.05691832304001,0.0003,0.02741911605698988,0.011674095214402769,2.589263460598886,0.10266622109338641,-143.31110429763794
18280,,264.1821,100.0,43636,,41,,,0.0328056663274765,1828000,0.12,,,,,,,,,,,,,
18284,0.17356285190992185,262.52466,100.0,43650,0.3,41,0.78,0.0,0.03281278535723686,1828800,0.11,4.735140010554766,15.906436205108609,0.10265190387144685,15.906436205108609,228480,0.3529381491243839,58.19356191158295,0.0003,0.027638783998554572,0.01214863500354113,2.0530963828787208,0.10408782085869461,-142.66952538490295
18288,,262.52466,100.0,43650,,41,,,0.03281278535723686,1828800,0.11,,,,,,,,,,,,,
18292,0.0,261.32782,100.0,43672,0.264,41,0.0,0.0,0.03281368687748909,1829600,0.1,4.738042165478974,15.906436205108609,0.10054773057345301,15.906436205108609,228608,0.3497860482893884,55.09904569387436,0.0003,0.02778691699495539,0.011873135590576567,0.3600134593434632,0.10387775849085301,-142.70207047462463
18296,,261.32782,100.0,43672,,41,,,0.03281368687748909,1829600,0.1,,,,,,,,,,,,,
18300,0.24277567713546863,267.56815,100.0,43686,0.3,41,0.84,0.0,0.03281686455011368,1830400,0.12,3.814817072577343,15.906436205108609,0.09959614754188806,15.906436205108609,228672,0.34739901777356863,56.720431089401245,0.0003,0.027836652501719072,0.011935799899220001,0.821798796299845,0.1043986571021378,-143.3907196521759
18304,,267.56815,100.0,43686,,41,,,0.03281686455011368,1830400,0.12,,,,,,,,,,,,,
18308,0.18527929157544543,264.74478,100.0,43709,0.3,41,0.42,0.0,0.0328124575316906,1831200,0.11,4.354605587029498,15.906436205108609,0.10282279329840094,15.906436205108609,228800,0.3483123444020748,55.60057854652405,0.0003,0.028005494561512023,0.013130266685038805,0.4950310585554689,0.10210945073049515,-143.310941696167
18312,,264.74478,100.0,43709,,41,,,0.0328124575316906,1831200,0.11,,,,,,,,,,,,,
18316,0.0,262.10242,100.0,43732,0.3,41,0.0,0.0,0.03281126543879509,1832000,0.08,3.8881920355957136,15.906436205108609,0.10358725988771766,15.906436205108609,228928,0.3490231893956661,59.41083347797394,0.0003,0.028167302545625716,0.012882491944765206,0.6633022687747143,0.10145649185869843,-143.573180437088
18320,,262.10242,100.0,43732,,41,,,0.03281126543879509,1832000,0.08,,,,,,,,,,,,,
18324,0.2032465521430285,260.1927,100.0,43745,0.26099999999999995,41,0.48,0.0,0.03280891850590706,1832800,0.07,4.3205513295608995,15.906436205108609,0.10455807275138795,15.906436205108609,228992,0.3527027955278754,55.8296662569046,0.0003,0.02814951047184877,0.012547186925075948,-0.2086968538351357,0.10120213939808309,-142.83218431472778
18328,,260.1927,100.0,43745,,41,,,0.03280891850590706,1832800,0.07,,,,,,,,,,,,,
18332,0.16553453886196817,266.9559,100.0,43768,0.3,41,0.39,0.0,0.032796964049339294,1833600,0.1,3.428672488414082,15.906436205108609,0.10258769465144724,15.906436205108609,229120,0.34696403285488486,58.39440527558327,0.0003,0.028259210259420797,0.012561144358187448,1.2315781705547124,0.10214819281827658,-142.9902126789093
18336,,266.9559,100.0,43768,,41,,,0.032796964049339294,1833600,0.1,,,,,,,,,,,,,
18340,0.1344326094759998,265.4074,100.0,43782,0.27899999999999997,41,0.36,0.0,0.03279413282871246,1834400,0.1,3.4760709844121522,15.906436205108609,0.10123560822103173,15.906436205108609,229184,0.3487341939471662,52.45776551961899,0.0003,0.028362761600874364,0.012112543437979184,2.1549258325248957,0.10110835335217416,-143.25729751586914
18344,,265.4074,100.0,43782,,41,,,0.03279413282871246,1834400,0.1,,,,,,,,,,,,,
18348,0.15077625780388665,269.8215,100.0,43805,0.3,41,0.33,0.0,0.032796308398246765,1835200,0.12,4.314526586961847,15.906436205108609,0.10093509336002171,15.906436205108609,229312,0.3464201418682933,52.53983035683632,0.0003,0.02857174360542558,0.012896303793240804,1.5067829524632543,0.10081252013333142,-143.17919898033142
18352,,269.8215,100.0,43805,,41,,,0.032796308398246765,1835200,0.12,,,,,,,,,,,,,
18356,0.03661037759241242,269.48157,100.0,43819,0.3,41,0.12,0.0,0.0327928401529789,1836000,0.13,4.382999861478342,15.906436205108609,0.10343399981502444,15.906436205108609,229376,0.3467035726644099,54.65704846382141,0.0003,0.028657497983658686,0.011919454023882281,0.3627960595767945,0.10192709288094193,-143.33044576644897
18360,,269.48157,100.0,43819,,41,,,0.0327928401529789,1836000,0.13,,,,,,,,,,,,,
18364,0.00622371470615497,267.23,100.0,43841,0.3,41,0.03,0.0,0.032782383263111115,1836800,0.14,4.118736740467263,15.906436205108609,0.10269117914140224,15.906436205108609,229504,0.34545181365683675,57.74743723869324,0.0003,0.028800973726902157,0.012883810923085548,0.0751710101030767,0.10246601875405759,-143.91483974456787
18368,,267.23,100.0,43841,,41,,,0.032782383263111115,1836800,0.14,,,,,,,,,,,,,
18372,0.0,263.91986,100.0,43864,0.3,41,0.0,0.0,0.03278636187314987,1837600,0.13,3.641431543107727,15.906436205108609,0.10337540146429092,15.906436205108609,229632,0.3456932990811765,57.30249226093292,0.0003,0.02910722856177017,0.01163688180531608,1.8395677966764197,0.10422540362924337,-143.62153005599976
18376,,263.91986,100.0,43864,,41,,,0.03278636187314987,1837600,0.13,,,,,,,,,,,,,
18380,0.3108784993672666,265.0457,100.0,43877,0.267,41,0.66,0.0,0.0327916219830513,1838400,0.13,3.9384606451031914,15.906436205108609,0.10319448704831302,15.906436205108609,229696,0.34262857725843787,54.03820079565048,0.0003,0.029270729137351736,0.011276206925685983,2.144110791385174,0.10243627440650016,-144.41372895240784
18384,,265.0457,100.0,43877,,41,,,0.0327916219830513,1838400,0.13,,,,,,,,,,,,,
