time/fps,reward/info_exist_reward,reward/grasp_reward,train/std,reward/static_reward,time/total_timesteps,rollout/success_rate,rollout/ep_len_mean,time/episodes,rollout/ep_rew_mean,reward/goal_reward,time/time_elapsed,reward/approach_reward,train/actor_target_loss,train/ent_coef_loss,train/critic_aux_loss,train/actor_aux_loss,train/actor_loss,train/target_weight,train/ent_coef,train/aux_weight,train/learning_rate,train/critic_loss,train/n_updates,train/critic_target_loss
350,2.91,0.0,0.025476466864347458,0.0,800,0.0,100.0,4,259.29114,0.0,2,2.4975722345635676,,,,,,,,,,,,
350,,,0.025476466864347458,,800,0.0,100.0,8,259.29114,,2,,,,,,,,,,,,,
64,0.75,0.0,0.02551856078207493,0.0,1600,0.0,100.0,12,244.4964,0.0,24,2.755115503490549,0.10557220014743507,-10.888132207095623,0.39254067093133926,0.43390675773844123,51.52655625343323,100.0,0.19946727715432644,100.0,0.0003,50.62802708148956,128,0.10872892127372324
63,,,0.02551856078207493,,1600,0.0,100.0,16,244.4964,,25,,,,,,,,,,,,,
63,0.0,0.0,0.025534996762871742,0.0,2400,0.0,100.0,20,225.10681,0.0,38,2.6953263910862844,0.085495111416094,-11.391076743602753,0.3948220503516495,0.40360498102381825,46.21688538789749,100.0,0.19543833192437887,100.0,0.0003,48.62388753890991,192,0.08715132030192763
63,,,0.025534996762871742,,2400,0.0,100.0,24,225.10681,,38,,,,,,,,,,,,,
51,1.74,0.12,0.02556600235402584,0.0,3200,0.0,100.0,28,230.93317,0.03139539928131395,61,3.0797728302837357,0.07130088476696983,-13.947669804096222,0.4104423266835511,0.3911906825378537,42.25087583065033,100.0,0.1873317884746939,100.0,0.0003,48.54182356595993,320,0.07220067380694672
51,,,0.02556600235402584,,3200,0.0,100.0,32,230.93317,,61,,,,,,,,,,,,,
53,2.01,0.0,0.02558164671063423,0.0,4000,0.0,100.0,36,233.95273,0.0,74,2.7121902820094674,0.0656937847379595,-13.343705236911774,0.4039799179881811,0.37032963475212455,39.177335262298584,100.0,0.1834138936828822,100.0,0.0003,47.21830236911774,384,0.06538503163028508
53,,,0.02558164671063423,,4000,0.0,100.0,40,233.95273,,74,,,,,,,,,,,,,
49,0.39,0.0,0.02561303600668907,0.0,4800,0.0,100.0,44,229.80952,0.0,97,2.42334179197446,0.06975518690887839,-12.962372183799744,0.3918726434931159,0.3229080415330827,33.778440952301025,100.0,0.17644189368002117,100.0,0.0003,46.25231355428696,512,0.06792618398321792
49,,,0.02561303600668907,,4800,0.0,100.0,48,229.80952,,97,,,,,,,,,,,,,
50,0.15,0.0,0.025629591196775436,0.0,5600,0.0,100.0,52,225.54973,0.0,110,2.521244482541352,0.07349899550899863,-12.198742285370827,0.3840155843645334,0.3073960258625448,32.228999346494675,100.0,0.17321086092852056,100.0,0.0003,45.67251247167587,576,0.0700276730931364
50,,,0.025629591196775436,,5600,0.0,100.0,56,225.54973,,110,,,,,,,,,,,,,
48,0.12,0.0,0.025663860142230988,0.0,6400,0.0,100.0,60,225.7594,0.0,132,2.8971454780849344,0.06703575630672276,-12.748788461089134,0.3559954762458801,0.2736917487345636,27.016417741775513,100.0,0.1670746172312647,100.0,0.0003,42.4068678021431,704,0.06487295177066699
48,,,0.025663860142230988,,6400,0.0,100.0,64,225.7594,,132,,,,,,,,,,,,,
46,0.18,0.0,0.02569698542356491,0.0,7200,0.0,100.0,68,225.11388,0.0,155,2.8398313517966516,0.09663434524554759,-12.741465598344803,0.34115302469581366,0.25655055581592023,27.165938049554825,100.0,0.16110102622769773,100.0,0.0003,44.1100167632103,832,0.09675651497673243
46,,,0.02569698542356491,,7200,0.0,100.0,72,225.11388,,155,,,,,,,,,,,,,
47,1.11,0.0,0.025713292881846428,0.0,8000,0.0,100.0,76,222.80746,0.0,168,2.600466424762624,0.10009242652449757,-12.824458099901676,0.3201495395042002,0.24735769792459905,26.003347039222717,100.0,0.15815141540952027,100.0,0.0003,42.14619588851929,896,0.09759760147426277
47,,,0.025713292881846428,,8000,0.0,100.0,80,222.80746,,168,,,,,,,,,,,,,
46,0.0,0.0,0.02574768476188183,0.0,8800,0.0,100.0,84,219.97609,0.0,190,2.4860521404801084,0.10175962850917131,-12.404556855559349,0.3193218861706555,0.23981670592911541,24.486318975687027,100.0,0.15271718474105,100.0,0.0003,42.18734383583069,1024,0.09894507529679686
46,,,0.02574768476188183,,8800,0.0,100.0,88,219.97609,,190,,,,,,,,,,,,,
47,1.86,0.0,0.025763539597392082,0.0,9600,0.0,100.0,92,221.40681,0.0,203,2.7067005473566756,0.10803636093623936,-12.415070533752441,0.31305343098938465,0.23744430067017674,24.27851366996765,100.0,0.15001906594261527,100.0,0.0003,42.24498051404953,1088,0.10529039870016277
47,,,0.025763539597392082,,9600,0.0,100.0,96,221.40681,,203,,,,,,,,,,,,,
45,1.47,0.0,0.025795260444283485,0.0,10400,0.0,100.0,100,221.43748,0.0,226,2.9613067087805014,0.10901452810503542,-12.829186707735062,0.29955813474953175,0.22171293012797832,21.522502213716507,100.0,0.14482963155023754,100.0,0.0003,41.093682527542114,1216,0.10661555815022439
45,,,0.025795260444283485,,10400,0.0,100.0,104,221.43748,,226,,,,,,,,,,,,,
46,0.36,0.0,0.02581203170120716,0.0,11200,0.0,100.0,108,217.08559,0.0,239,2.4284824809593566,0.10913681332021952,-12.693094432353973,0.2960004131309688,0.21480372035875916,20.203713536262512,100.0,0.1423175607342273,100.0,0.0003,40.763592183589935,1280,0.10785769275389612
46,,,0.02581203170120716,,11200,0.0,100.0,112,217.08559,,239,,,,,,,,,,,,,
45,0.0,0.0,0.025843344628810883,0.0,12000,0.0,100.0,116,215.26509,0.0,261,2.4158326981933644,0.10260186076629907,-12.916666075587273,0.29575885832309723,0.22359514888375998,19.450474441051483,100.0,0.1372583033517003,100.0,0.0003,40.06593835353851,1408,0.10053223790600896
45,,,0.025843344628810883,,12000,0.0,100.0,120,215.26509,,261,,,,,,,,,,,,,
46,0.36,0.0,0.025859901681542397,0.0,12800,0.0,100.0,124,212.85475,0.0,274,2.233291688102325,0.09875510295387357,-13.538168370723724,0.2992447232827544,0.22668603481724858,18.778826251626015,100.0,0.13488365663215518,100.0,0.0003,40.08087623119354,1472,0.09713136544451118
46,,,0.025859901681542397,,12800,0.0,100.0,128,212.85475,,274,,,,,,,,,,,,,
45,0.0,0.0,0.025892196223139763,0.0,13600,0.0,100.0,132,206.43303,0.0,297,2.5487700129867594,0.09377038199454546,-12.932314738631248,0.29566771630197763,0.22105340845882893,16.939116671681404,100.0,0.13007095223292708,100.0,0.0003,39.34795552492142,1600,0.0933893834007904
45,,,0.025892196223139763,,13600,0.0,100.0,136,206.43303,,297,,,,,,,,,,,,,
45,0.0,0.0,0.02592591755092144,0.0,14400,0.0,100.0,140,201.78969,0.0,319,2.443298694834614,0.09168866882100701,-14.263775944709778,0.2958626919426024,0.22216869168914855,15.848120614886284,100.0,0.12544727139174938,100.0,0.0003,39.56863582134247,1728,0.09423223987687379
45,,,0.02592591755092144,,14400,0.0,100.0,144,201.78969,,319,,,,,,,,,,,,,
45,0.21,0.0,0.025941820815205574,0.0,15200,0.0,100.0,148,201.03133,0.0,331,2.8729597559685716,0.0909486577147618,-13.921529337763786,0.29961503436788917,0.217454272788018,14.879733681678772,100.0,0.12313554319553077,100.0,0.0003,40.129619896411896,1792,0.09545464010443538
45,,,0.025941820815205574,,15200,0.0,100.0,152,201.03133,,331,,,,,,,,,,,,,
45,1.05,0.0,0.025975672528147697,0.0,16000,0.0,100.0,156,202.60275,0.0,354,2.756619526800659,0.0890518669039011,-13.665040835738182,0.28963871905580163,0.2152165488805622,13.480567872524261,100.0,0.11876946408301592,100.0,0.0003,39.26602894067764,1920,0.09638907737098634
45,,,0.025975672528147697,,16000,0.0,100.0,160,202.60275,,354,,,,,,,,,,,,,
45,0.36,0.0,0.025992192327976227,0.0,16800,0.0,100.0,164,200.91147,0.0,366,2.4919168590092533,0.08534786745440215,-14.738891780376434,0.28620014898478985,0.20835759537294507,11.724716663360596,100.0,0.11662524298299104,100.0,0.0003,38.705387234687805,1984,0.09377765050157905
45,,,0.025992192327976227,,16800,0.0,100.0,168,200.91147,,366,,,,,,,,,,,,,
45,0.39,0.0,0.026023661717772484,0.0,17600,0.0,100.0,172,199.01784,0.0,389,2.6356435299960412,0.08298391744028777,-14.150426715612411,0.2826532702893019,0.21336364862509072,11.16128958761692,100.0,0.11246318416669965,100.0,0.0003,38.47841554880142,2112,0.0937213032739237
45,,,0.026023661717772484,,17600,0.0,100.0,176,199.01784,,389,,,,,,,,,,,,,
45,0.36,0.0,0.026039311662316322,0.0,18400,0.0,100.0,180,198.25998,0.0,402,2.3338182167541355,0.08207172178663313,-15.277694061398506,0.2815717104822397,0.2074136862065643,9.951012074947357,100.0,0.11038276110775769,100.0,0.0003,38.43534606695175,2176,0.09415107022505254
45,,,0.026039311662316322,,18400,0.0,100.0,184,198.25998,,402,,,,,,,,,,,,,
45,0.78,0.0,0.026073578745126724,0.0,19200,0.0,100.0,188,197.82564,0.0,424,2.469320798619106,0.07588492683134973,-14.784829780459404,0.2933277115225792,0.21538242045789957,9.254493698477745,100.0,0.1063290040474385,100.0,0.0003,39.336933970451355,2304,0.09092385205440223
45,,,0.026073578745126724,,19200,0.0,100.0,192,197.82564,,424,,,,,,,,,,,,,
44,1.53,0.0,0.026106562465429306,0.0,20000,0.0,100.0,196,196.01227,0.0,447,2.5375105689331448,0.07100541412364691,-15.908669352531433,0.29449197743088007,0.21631133533082902,7.702272318303585,100.0,0.10245991044212133,100.0,0.0003,39.19602006673813,2432,0.0881322679342702
44,,,0.026106562465429306,,20000,0.0,100.0,200,196.01227,,447,,,,,,,,,,,,,
45,0.54,0.0,0.026121867820620537,0.0,20800,0.0,100.0,204,196.00468,0.0,460,2.249238757338858,0.06884191808057949,-15.522334098815918,0.28590919310227036,0.21381450863555074,6.062557980418205,98.0,0.1004872985649854,98.0,0.0003,37.5053676366806,2496,0.08701572206337005
45,,,0.026121867820620537,,20800,0.0,100.0,208,196.00468,,460,,,,,,,,,,,,,
44,0.0,0.0,0.026151781901717186,0.0,21600,0.0,100.0,212,196.94978,0.0,482,2.219775304839922,0.06284188939025626,-15.610576555132866,0.28504290245473385,0.2107653117273003,4.2048956751823425,98.0,0.09682253864593804,98.0,0.0003,37.240492045879364,2624,0.0829091212945059
44,,,0.026151781901717186,,21600,0.0,100.0,216,196.94978,,482,,,,,,,,,,,,,
45,1.29,0.0,0.02616855688393116,0.0,22400,0.0,100.0,220,200.41428,0.0,495,2.69141394567776,0.06477599329082295,-15.450937792658806,0.28715142980217934,0.20862205000594258,3.6854761615395546,98.0,0.09506324224639684,98.0,0.0003,37.674654603004456,2688,0.08506270858924836
45,,,0.02616855688393116,,22400,0.0,100.0,224,200.41428,,495,,,,,,,,,,,,,
44,1.5,0.0,0.0261999424546957,0.0,23200,0.0,100.0,228,206.13872,0.0,517,2.6258414166120785,0.06387306336546317,-15.258465707302094,0.2840795279480517,0.20651513617485762,2.447747439146042,98.0,0.09166540636215359,98.0,0.0003,37.47693753242493,2816,0.08690080849919468
44,,,0.0261999424546957,,23200,0.0,100.0,232,206.13872,,517,,,,,,,,,,,,,
45,1.14,0.0,0.026215536519885063,0.0,24000,0.0,100.0,236,209.77788,0.0,530,2.8153523812309373,0.06224096554797143,-16.480127930641174,0.28300454979762435,0.2014917468186468,1.0976875573396683,98.0,0.08997005061246455,98.0,0.0003,37.499160289764404,2880,0.08689485630020499
45,,,0.026215536519885063,,24000,0.0,100.0,240,209.77788,,530,,,,,,,,,,,,,
44,0.81,0.0,0.02624688856303692,0.0,24800,0.0,100.0,244,212.36719,0.0,553,2.6176859543467375,0.05731627967907116,-15.56351514160633,0.2847237950190902,0.20148191694170237,-0.32843196392059326,98.0,0.08674353058449924,98.0,0.0003,37.48763692378998,3008,0.08388696156907827
44,,,0.02624688856303692,,24800,0.0,100.0,248,212.36719,,553,,,,,,,,,,,,,
45,1.05,0.0,0.026263216510415077,0.0,25600,0.0,100.0,252,213.84438,0.0,566,2.598861480230031,0.057426572195254266,-16.693038016557693,0.2807465884834528,0.20043847407214344,-1.0499142855405807,98.0,0.08517535193823278,98.0,0.0003,37.15689277648926,3072,0.08465427975170314
45,,,0.026263216510415077,,25600,0.0,100.0,256,213.84438,,566,,,,,,,,,,,,,
44,2.25,0.0,0.026293404400348663,0.0,26400,0.0,100.0,260,214.77695,0.0,588,2.4742111150735404,0.056221629900392145,-17.137045443058014,0.2816836922429502,0.1986016291193664,-2.3844218775629997,98.0,0.08201447210740298,98.0,0.0003,37.262674391269684,3200,0.08425255713518709
44,,,0.026293404400348663,,26400,0.0,100.0,264,214.77695,,588,,,,,,,,,,,,,
44,1.83,0.0,0.02632329799234867,0.0,27200,0.0,100.0,268,221.244,0.0,611,2.8965770159415962,0.05311013082973659,-16.33796000480652,0.27713989932090044,0.1937550650909543,-4.343585439026356,98.0,0.07896011974662542,98.0,0.0003,36.87713938951492,3328,0.0827412725193426
44,,,0.02632329799234867,,27200,0.0,100.0,272,221.244,,611,,,,,,,,,,,,,
44,0.39,0.0,0.026338083669543266,0.0,28000,0.0,100.0,276,224.82225,0.0,624,2.5740138244699784,0.051797711406834424,-16.807603895664215,0.27796881133690476,0.19191670091822743,-5.241776183247566,98.0,0.07754497067071497,98.0,0.0003,36.816461622714996,3392,0.0810107383877039
44,,,0.026338083669543266,,28000,0.0,100.0,280,224.82225,,624,,,,,,,,,,,,,
44,0.96,0.0,0.02636638469994068,0.0,28800,0.0,100.0,284,227.28308,0.0,646,2.788028744201617,0.05378497170750052,-17.869018703699112,0.27497742930427194,0.19099353440105915,-6.27419089525938,98.0,0.07468816405162215,98.0,0.0003,36.58559548854828,3520,0.08142787398537621
44,,,0.02636638469994068,,28800,0.0,100.0,288,227.28308,,646,,,,,,,,,,,,,
44,1.23,0.0,0.026381395757198334,0.0,29600,0.0,100.0,292,228.8409,0.0,659,2.6191822268215468,0.05132551537826657,-16.612386614084244,0.2781337988562882,0.19264247291721404,-6.736363068223,98.0,0.07331216940656304,98.0,0.0003,37.16855847835541,3584,0.08162649255245924
44,,,0.026381395757198334,,29600,0.0,100.0,296,228.8409,,659,,,,,,,,,,,,,
44,1.92,0.0,0.026411283761262894,0.0,30400,0.0,100.0,300,232.1981,0.0,682,2.9542921984301405,0.045761859335470945,-16.730098888278008,0.2780335370916873,0.18762085121124983,-8.97828970104456,98.0,0.07072582049295306,98.0,0.0003,36.63641667366028,3712,0.0779352696845308
44,,,0.026411283761262894,,30400,0.0,100.0,304,232.1981,,682,,,,,,,,,,,,,
44,1.62,0.0,0.026426265016198158,0.0,31200,0.0,100.0,308,235.46301,0.0,696,2.4106632179661616,0.044127405155450106,-16.649865865707397,0.27571665216237307,0.18756598769687116,-9.84118727594614,98.0,0.06949156033806503,98.0,0.0003,36.33612513542175,3776,0.07709563930984586
44,,,0.026426265016198158,,31200,0.0,100.0,312,235.46301,,696,,,,,,,,,,,,,
44,1.35,0.0,0.026456071063876152,0.0,32000,0.0,100.0,316,240.06761,0.0,718,2.8714735132470923,0.04202057796646841,-16.626356840133667,0.2729574521072209,0.19167071999982,-10.696493193507195,98.0,0.06706886785104871,98.0,0.0003,36.150701224803925,3904,0.07687402819283307
44,,,0.026456071063876152,,32000,0.0,100.0,320,240.06761,,718,,,,,,,,,,,,,
44,1.14,0.0,0.026485925540328026,0.0,32800,0.0,100.0,324,241.74551,0.0,741,2.7036305716028615,0.04197209590347484,-17.215079233050346,0.2706377999857068,0.18451711535453796,-12.434585615992546,98.0,0.06471238867379725,98.0,0.0003,35.82136410474777,4032,0.07686743990052491
44,,,0.026485925540328026,,32800,0.0,100.0,328,241.74551,,741,,,,,,,,,,,,,
44,1.44,0.0,0.02650044672191143,0.0,33600,0.0,100.0,332,243.34369,0.0,753,2.8067729722690267,0.043376161716878414,-17.84027273952961,0.2660585811827332,0.17906939866952598,-13.522502109408379,98.0,0.06353278376627713,98.0,0.0003,35.46487122774124,4096,0.0780604193569161
44,,,0.02650044672191143,,33600,0.0,100.0,336,243.34369,,753,,,,,,,,,,,,,
44,1.8,0.0,0.026529325172305107,0.0,34400,0.0,100.0,340,246.48857,0.0,776,2.782844722025381,0.03961866468307562,-18.465168207883835,0.26113248453475535,0.17128696921281517,-15.772674158215523,98.0,0.06124435778474435,98.0,0.0003,34.961127519607544,4224,0.07719074946362525
44,,,0.026529325172305107,,34400,0.0,100.0,344,246.48857,,776,,,,,,,,,,,,,
44,2.61,0.0,0.0265448447316885,0.0,35200,0.0,100.0,348,250.82974,0.0,789,3.007617492084471,0.038134737871587276,-17.46861246228218,0.260788252344355,0.17192417755723,-16.169344931840897,98.0,0.06011400150600821,98.0,0.0003,34.78946095705032,4288,0.07549597206525505
44,,,0.0265448447316885,,35200,0.0,100.0,352,250.82974,,789,,,,,,,,,,,,,
44,1.23,0.0,0.02657334879040718,0.0,36000,0.0,100.0,356,253.00774,0.0,812,2.66408764189687,0.03733546921284869,-17.360766232013702,0.2574415961280465,0.16886226274073124,-17.866162061691284,98.0,0.057999813521746546,98.0,0.0003,34.633978605270386,4416,0.07512349425815046
44,,,0.02657334879040718,,36000,0.0,100.0,360,253.00774,,812,,,,,,,,,,,,,
44,1.05,0.0,0.02658933773636818,0.0,36800,0.0,100.0,364,252.42676,0.0,825,2.87598496391098,0.038233231724007055,-17.018215224146843,0.2570249424315989,0.17109456565231085,-17.97073596715927,98.0,0.05700096482178196,98.0,0.0003,34.50941422581673,4480,0.0753355915658176
44,,,0.02658933773636818,,36800,0.0,100.0,368,252.42676,,825,,,,,,,,,,,,,
44,1.65,0.0,0.026619138196110725,0.0,37600,0.0,100.0,372,251.70308,0.0,847,2.698473301423716,0.034625671920366585,-18.491457909345627,0.254475852008909,0.16438510757870972,-20.092238754034042,98.0,0.05494152277242392,98.0,0.0003,34.15308013558388,4608,0.0739525860408321
44,,,0.026619138196110725,,37600,0.0,100.0,376,251.70308,,847,,,,,,,,,,,,,
44,2.82,0.0,0.02663261443376541,0.0,38400,0.0,100.0,380,255.62599,0.0,860,2.497744849226946,0.034243099071318284,-18.704566448926926,0.25353599712252617,0.16548581793904305,-20.630075305700302,98.0,0.053930998023133725,98.0,0.0003,34.18272376060486,4672,0.07380473928060383
44,,,0.02663261443376541,,38400,0.0,100.0,384,255.62599,,860,,,,,,,,,,,,,
44,2.46,0.0,0.026661746203899384,0.0,39200,0.0,100.0,388,256.96542,0.0,883,2.372878977599756,0.04024701047455892,-19.078061178326607,0.24973920942284167,0.18539302749559283,-19.153567299246788,98.0,0.051982762466650456,98.0,0.0003,33.62168210744858,4800,0.07153828837908804
44,,,0.026661746203899384,,39200,0.0,100.0,392,256.96542,,883,,,,,,,,,,,,,
44,2.73,0.0,0.02668933756649494,0.0,40000,0.0,100.0,396,257.1417,0.0,906,2.597071223003456,0.0333177863212768,-17.471105486154556,0.24660692643374205,0.16312242206186056,-23.173392295837402,98.0,0.05015306279528886,98.0,0.0003,33.307564079761505,4928,0.0725133252562955
44,,,0.02668933756649494,,40000,0.0,100.0,400,257.1417,,906,,,,,,,,,,,,,
44,2.04,0.0,0.026702990755438805,0.0,40800,0.0,100.0,404,256.64255,0.0,919,2.323470445140501,0.03264801608747803,-18.517360985279083,0.24237136030569673,0.15625217068009079,-24.933595955371857,96.03999999999999,0.04927927575772628,96.03999999999999,0.0003,32.24508836865425,4992,0.07081837992882356
44,,,0.026702990755438805,,40800,0.0,100.0,408,256.64255,,919,,,,,,,,,,,,,
44,2.61,0.0,0.02672891691327095,0.0,41600,0.0,100.0,412,257.21487,0.0,942,2.37456054118725,0.03257692325860262,-18.5804650336504,0.25313029042445123,0.15884144604206085,-25.902238994836807,96.03999999999999,0.047516721999272704,96.03999999999999,0.0003,33.41921725869179,5120,0.0714375126408413
44,,,0.02672891691327095,,41600,0.0,100.0,416,257.21487,,942,,,,,,,,,,,,,
44,2.25,0.0,0.026742974296212196,0.0,42400,0.0,100.0,420,257.44083,0.0,955,2.9492006524217733,0.03040110191795975,-18.556507289409637,0.2580795327667147,0.15733783296309412,-26.835383623838425,96.03999999999999,0.04668207361828536,96.03999999999999,0.0003,33.69040468335152,5184,0.0682778765913099
44,,,0.026742974296212196,,42400,0.0,100.0,424,257.44083,,955,,,,,,,,,,,,,
44,2.25,0.0,0.026770656928420067,0.0,43200,0.0,100.0,428,257.4474,0.0,977,2.8570796692615996,0.028510926116723567,-17.850708782672882,0.24288083286955953,0.15630908450111747,-28.042790859937668,96.03999999999999,0.045084805286023766,96.03999999999999,0.0003,31.70642352104187,5312,0.06472730229143053
44,,,0.026770656928420067,,43200,0.0,100.0,432,257.4474,,977,,,,,,,,,,,,,
44,1.86,0.0,0.02678605355322361,0.0,44000,0.0,100.0,436,258.0214,0.0,990,2.5929581999387517,0.0286480660433881,-18.377650052309036,0.2399099722970277,0.15893158945254982,-28.170576453208923,96.03999999999999,0.04432563460431993,96.03999999999999,0.0003,31.71392685174942,5376,0.06604202336166054
44,,,0.02678605355322361,,44000,0.0,100.0,440,258.0214,,990,,,,,,,,,,,,,
44,2.16,0.0,0.026814505457878113,0.0,44800,0.0,100.0,444,255.41531,0.0,1013,2.717020468483345,0.02830388769507408,-19.314275309443474,0.2374761754181236,0.15246514976024628,-30.047859400510788,96.03999999999999,0.04277349711628631,96.03999999999999,0.0003,31.342849284410477,5504,0.06490911188302562
44,,,0.026814505457878113,,44800,0.0,100.0,448,255.41531,,1013,,,,,,,,,,,,,
44,2.49,0.0,0.026841172948479652,0.0,45600,0.0,100.0,452,255.9507,0.0,1036,2.666702179157939,0.027722993167117238,-20.207493498921394,0.2324062534607947,0.15485720662400126,-30.91260489821434,96.03999999999999,0.041262944287154824,96.03999999999999,0.0003,30.59829318523407,5632,0.061964589986018836
44,,,0.026841172948479652,,45600,0.0,100.0,456,255.9507,,1036,,,,,,,,,,,,,
44,2.22,0.0,0.02685505338013172,0.0,46400,0.0,100.0,460,258.08945,0.0,1049,2.9745282997526434,0.02729113944224082,-18.76325197517872,0.23633970879018307,0.15331700397655368,-31.716967523097992,96.03999999999999,0.04050462768645957,96.03999999999999,0.0003,30.853969424962997,5696,0.06156456161988899
44,,,0.02685505338013172,,46400,0.0,100.0,464,258.08945,,1049,,,,,,,,,,,,,
44,3.0,0.0,0.02688436582684517,0.0,47200,0.0,100.0,468,261.9266,0.0,1071,2.8652081710114845,0.023691356094786897,-18.987036034464836,0.22816350823268294,0.1529906562063843,-33.142258793115616,96.03999999999999,0.03909331816248596,96.03999999999999,0.0003,29.740190863609314,5824,0.058117964887060225
44,,,0.02688436582684517,,47200,0.0,100.0,472,261.9266,,1071,,,,,,,,,,,,,
44,3.0,0.0,0.02689853496849537,0.0,48000,0.0,100.0,476,263.6595,0.0,1084,2.5352064471313747,0.024775230034720153,-19.874920681118965,0.23173100035637617,0.14986991439945996,-34.04496639966965,96.03999999999999,0.038400664285290986,96.03999999999999,0.0003,30.231927126646042,5888,0.05755747063085437
44,,,0.02689853496849537,,48000,0.0,100.0,480,263.6595,,1084,,,,,,,,,,,,,
44,2.67,0.0,0.026924818754196167,0.0,48800,0.0,100.0,484,265.15262,0.0,1107,2.95142169238859,0.023618225968675688,-19.695131853222847,0.22387916897423565,0.14866155060008168,-35.312037855386734,96.03999999999999,0.03698737337253988,96.03999999999999,0.0003,29.013465464115143,6016,0.05638109246501699
44,,,0.026924818754196167,,48800,0.0,100.0,488,265.15262,,1107,,,,,,,,,,,,,
44,2.7,0.0,0.026938294991850853,0.0,49600,0.0,100.0,492,267.8582,0.0,1120,3.046870776464636,0.021080245729535818,-19.47874979674816,0.22146727982908487,0.14439560449682176,-36.422164261341095,96.03999999999999,0.03633057343540713,96.03999999999999,0.0003,28.414421558380127,6080,0.05153255892219022
44,,,0.026938294991850853,,49600,0.0,100.0,496,267.8582,,1120,,,,,,,,,,,,,
44,2.04,0.0,0.026966514065861702,0.0,50400,0.0,100.0,500,268.3213,0.0,1142,2.8672464905930126,0.021220775175606832,-20.842460840940475,0.2196340668015182,0.14343200833536685,-37.70660322904587,96.03999999999999,0.0350693654618226,96.03999999999999,0.0003,28.750554531812668,6208,0.05560792452888563
44,,,0.026966514065861702,,50400,0.0,100.0,504,268.3213,,1142,,,,,,,,,,,,,
44,3.0,0.0,0.02698151208460331,0.0,51200,0.0,100.0,508,269.05453,0.0,1154,2.5458348924488976,0.022274875242146663,-18.91938292980194,0.22073949524201453,0.1452093576081097,-37.73609697818756,96.03999999999999,0.03442050836747512,96.03999999999999,0.0003,28.4609597325325,6272,0.052782943996135145
44,,,0.02698151208460331,,51200,0.0,100.0,512,269.05453,,1154,,,,,,,,,,,,,
44,1.26,0.0,0.027009451761841774,0.0,52000,0.0,100.0,516,267.88922,0.0,1177,2.7151024516915623,0.022237716839299537,-19.3677147179842,0.21775119425728917,0.14603965892456472,-38.944366097450256,96.03999999999999,0.03326226776698604,96.03999999999999,0.0003,28.21515828371048,6400,0.051301386614795774
44,,,0.027009451761841774,,52000,0.0,100.0,520,267.88922,,1177,,,,,,,,,,,,,
43,2.88,0.0,0.02703660912811756,0.0,52800,0.0,100.0,524,269.00345,0.0,1200,2.4838746102920686,0.02341618071659468,-18.783928096294403,0.22353951074182987,0.1452439301647246,-39.74747312068939,96.03999999999999,0.032139942049980164,96.03999999999999,0.0003,28.982259184122086,6528,0.05168527766363695
43,,,0.02703660912811756,,52800,0.0,100.0,528,269.00345,,1200,,,,,,,,,,,,,
44,2.64,0.0,0.027051271870732307,0.0,53600,0.0,100.0,532,268.96652,0.0,1213,2.631885783401892,0.023059423809172586,-18.790524408221245,0.2207000299822539,0.1524749284144491,-39.63347142934799,96.03999999999999,0.031590258062351495,96.03999999999999,0.0003,28.60279905796051,6592,0.05232660216279328
44,,,0.027051271870732307,,53600,0.0,100.0,536,268.96652,,1213,,,,,,,,,,,,,
44,2.91,0.0,0.0270772036164999,0.0,54400,0.0,100.0,540,275.2724,0.0,1235,3.2659712049891056,0.023954076270456426,-19.376536771655083,0.21469991211779416,0.14304062142036855,-41.580617904663086,96.03999999999999,0.030547356815077364,96.03999999999999,0.0003,28.337861329317093,6720,0.05413161311298609
44,,,0.0270772036164999,,54400,0.0,100.0,544,275.2724,,1235,,,,,,,,,,,,,
44,3.0,0.0,0.02708999253809452,0.0,55200,0.0,100.0,548,277.2983,0.0,1248,3.347805384408866,0.024460599524900317,-19.789304465055466,0.2120729961898178,0.14359836000949144,-41.94270807504654,96.03999999999999,0.03000940359197557,96.03999999999999,0.0003,27.993996739387512,6784,0.051856709469575435
44,,,0.02708999253809452,,55200,0.0,100.0,552,277.2983,,1248,,,,,,,,,,,,,
44,2.91,0.0,0.027117552235722542,0.0,56000,0.0,100.0,556,276.84723,0.0,1271,2.2864088503097717,0.022499092272482812,-18.832425609230995,0.2117209630087018,0.145906500518322,-42.80900037288666,96.03999999999999,0.02897759375628084,96.03999999999999,0.0003,27.777930706739426,6912,0.05114933877484873
44,,,0.027117552235722542,,56000,0.0,100.0,560,276.84723,,1271,,,,,,,,,,,,,
44,2.64,0.0,0.02713041566312313,0.0,56800,0.0,100.0,564,275.82214,0.0,1284,2.358462683787666,0.022260891724727117,-19.237638667225838,0.21628740499727428,0.1434019625885412,-43.50925624370575,96.03999999999999,0.028483704547397792,96.03999999999999,0.0003,28.18915230035782,6976,0.050466268439777195
44,,,0.02713041566312313,,56800,0.0,100.0,568,275.82214,,1284,,,,,,,,,,,,,
44,2.76,0.0,0.027154983952641487,0.0,57600,0.0,100.0,572,278.92743,0.0,1306,3.296182331510193,0.021868079566047527,-18.433948829770088,0.2100731055252254,0.143503230297938,-44.62545603513718,96.03999999999999,0.027527043770533055,96.03999999999999,0.0003,27.646052718162537,7104,0.05213353328872472
44,,,0.027154983952641487,,57600,0.0,100.0,576,278.92743,,1306,,,,,,,,,,,,,
43,2.22,0.0,0.027179621160030365,0.0,58400,0.0,100.0,580,279.36667,0.0,1329,3.1562400462541755,0.022495876517496072,-18.27278371155262,0.2115652491338551,0.14248570404015481,-45.64699250459671,96.03999999999999,0.026637770410161465,96.03999999999999,0.0003,27.7472942173481,7232,0.051650364068336785
43,,,0.027179621160030365,,58400,0.0,100.0,584,279.36667,,1329,,,,,,,,,,,,,
44,2.43,0.0,0.02719300240278244,0.0,59200,0.0,100.0,588,281.33997,0.0,1342,3.336202977681384,0.021187357197050005,-17.772588953375816,0.20838865195401013,0.13955537066794932,-46.744130194187164,96.03999999999999,0.026220845873467624,96.03999999999999,0.0003,27.138399243354797,7296,0.04915155004709959
44,,,0.02719300240278244,,59200,0.0,100.0,592,281.33997,,1342,,,,,,,,,,,,,
43,2.28,0.0,0.027219269424676895,0.0,60000,0.0,100.0,596,280.32407,0.0,1365,2.4273080131009768,0.023764941812260076,-18.39912237226963,0.2083190872799605,0.14004229672718793,-47.3980770111084,96.03999999999999,0.025367811176693067,96.03999999999999,0.0003,27.4570195376873,7424,0.050780820194631815
43,,,0.027219269424676895,,60000,0.0,100.0,600,280.32407,,1365,,,,,,,,,,,,,
44,3.0,0.0,0.027232922613620758,0.0,60800,0.0,100.0,604,282.93396,0.0,1378,3.2726018994999935,0.02330771880224347,-17.797804564237595,0.20749184302985668,0.13980602915398777,-48.427700221538544,94.11919999999999,0.02495866993558593,94.11919999999999,0.0003,26.743575364351273,7488,0.05011815979378298
44,,,0.027232922613620758,,60800,0.0,100.0,608,282.93396,,1378,,,,,,,,,,,,,
43,2.1,0.0,0.02726108767092228,0.0,61600,0.0,100.0,612,284.52646,0.0,1401,3.0887344258720835,0.022446418151957914,-16.53467983007431,0.2070045187138021,0.14079947979189456,-49.2788827419281,94.11919999999999,0.02418952708831057,94.11919999999999,0.0003,26.515200465917587,7616,0.04748710023704916
43,,,0.02726108767092228,,61600,0.0,100.0,616,284.52646,,1401,,,,,,,,,,,,,
44,3.0,0.0,0.02727409265935421,0.0,62400,0.0,100.0,620,288.1362,0.0,1414,3.3760880465262915,0.022075527187553234,-16.599322512745857,0.2051495152991265,0.14076656545512378,-49.912905275821686,94.11919999999999,0.023830984806409106,94.11919999999999,0.0003,26.484002709388733,7680,0.048320658155716956
44,,,0.02727409265935421,,62400,0.0,100.0,624,288.1362,,1414,,,,,,,,,,,,,
43,2.79,0.0,0.027298787608742714,0.0,63200,0.0,100.0,628,292.03915,0.0,1436,3.460226424083221,0.02166006571496837,-15.87691579759121,0.20301796006970108,0.13798492297064513,-51.2308292388916,94.11919999999999,0.023122459737351164,94.11919999999999,0.0003,26.255306005477905,7808,0.04842715576523915
43,,,0.027298787608742714,,63200,0.0,100.0,632,292.03915,,1436,,,,,,,,,,,,,
44,3.0,0.0,0.02731030434370041,0.0,64000,0.0,100.0,636,293.94693,0.0,1450,2.8357740571767396,0.02160777927201707,-16.323135815560818,0.20072597567923367,0.13533771759830415,-52.015995025634766,94.11919999999999,0.022785043984185904,94.11919999999999,0.0003,26.0108904838562,7872,0.04739283211529255
44,,,0.02731030434370041,,64000,0.0,100.0,640,293.94693,,1450,,,,,,,,,,,,,
43,3.0,0.0,0.027334261685609818,0.0,64800,0.0,100.0,644,294.06488,0.0,1472,3.0725401092160967,0.020854064336162992,-14.000609040260315,0.20304792537353933,0.1388838307466358,-52.837256252765656,94.11919999999999,0.022103856841567904,94.11919999999999,0.0003,26.023071616888046,8000,0.04765417391899973
43,,,0.027334261685609818,,64800,0.0,100.0,648,294.06488,,1472,,,,,,,,,,,,,
43,2.64,0.0,0.027358507737517357,0.0,65600,0.0,100.0,652,293.69647,0.0,1495,3.034693915006075,0.01960964224417694,-17.450052827596664,0.20080658234655857,0.13742181286215782,-53.96578699350357,94.11919999999999,0.021446685685077682,94.11919999999999,0.0003,25.619379818439484,8128,0.04523709154454991
43,,,0.027358507737517357,,65600,0.0,100.0,656,293.69647,,1495,,,,,,,,,,,,,
44,2.4,0.0,0.027372267097234726,0.0,66400,0.0,100.0,660,295.09265,0.0,1508,3.000425370153039,0.020403995309607126,-15.759096384048462,0.20074951951391995,0.13355087826494128,-54.77839016914368,94.11919999999999,0.021109691762831062,94.11919999999999,0.0003,25.914089798927307,8192,0.046182891295757145
44,,,0.027372267097234726,,66400,0.0,100.0,664,295.09265,,1508,,,,,,,,,,,,,
43,2.61,0.0,0.027396313846111298,0.0,67200,0.0,100.0,668,294.96378,0.0,1530,3.1846144973351302,0.022185795169207267,-16.332687482237816,0.20230548409745097,0.13712614821270108,-55.38935989141464,94.11919999999999,0.020471131429076195,94.11919999999999,0.0003,25.884843558073044,8320,0.04506352776661515
43,,,0.027396313846111298,,67200,0.0,100.0,672,294.96378,,1530,,,,,,,,,,,,,
44,2.25,0.0,0.027408219873905182,0.0,68000,0.0,100.0,676,294.13824,0.0,1543,2.792149973451314,0.0195900306571275,-15.897449754178524,0.19957857811823487,0.13645151583477855,-55.982179164886475,94.11919999999999,0.020152103796135634,94.11919999999999,0.0003,25.361746460199356,8384,0.04545585665619001
44,,,0.027408219873905182,,68000,0.0,100.0,680,294.13824,,1543,,,,,,,,,,,,,
43,2.52,0.0,0.027435006573796272,0.0,68800,0.0,100.0,684,294.4752,0.0,1565,3.1648687193837732,0.01917238275927957,-14.693660825490952,0.19840283854864538,0.13466536137275398,-57.18551355600357,94.11919999999999,0.019562012079404667,94.11919999999999,0.0003,25.640848517417908,8512,0.045073399087414145
43,,,0.027435006573796272,,68800,0.0,100.0,688,294.4752,,1565,,,,,,,,,,,,,
44,2.64,0.0,0.027446523308753967,0.0,69600,0.0,100.0,692,295.28104,0.0,1578,3.115091782202153,0.019318584352731705,-14.241521395742893,0.2008881054352969,0.13582947675604373,-57.5257642865181,94.11919999999999,0.019275951548479497,94.11919999999999,0.0003,25.695946484804153,8576,0.04396074201213196
44,,,0.027446523308753967,,69600,0.0,100.0,696,295.28104,,1578,,,,,,,,,,,,,
43,3.0,0.0,0.027471251785755157,0.0,70400,0.0,100.0,700,297.31204,0.0,1602,3.11033937990156,0.020294053058023565,-15.14341814815998,0.20294691319577396,0.1336698809172958,-58.46596872806549,94.11919999999999,0.018738211394520476,94.11919999999999,0.0003,25.71235528588295,8704,0.04389671719400212
43,,,0.027471251785755157,,70400,0.0,100.0,704,297.31204,,1602,,,,,,,,,,,,,
43,2.61,0.0,0.027494724839925766,0.0,71200,0.0,100.0,708,299.06165,0.0,1624,3.160706731346698,0.019724433281226084,-12.59579448401928,0.20200788462534547,0.13893645582720637,-59.13507550954819,94.11919999999999,0.018221416568849236,94.11919999999999,0.0003,25.637551993131638,8832,0.04395773820579052
43,,,0.027494724839925766,,71200,0.0,100.0,712,299.06165,,1624,,,,,,,,,,,,,
43,3.0,0.0,0.027506312355399132,0.0,72000,0.0,100.0,716,299.31375,0.0,1637,2.855347190021107,0.019190733073628508,-13.142329756170511,0.19815225433558226,0.1345140632474795,-60.11953121423721,94.11919999999999,0.01797833835007623,94.11919999999999,0.0003,25.316280782222748,8896,0.04416463430970907
43,,,0.027506312355399132,,72000,0.0,100.0,720,299.31375,,1637,,,,,,,,,,,,,
43,2.82,0.0,0.027530178427696228,0.0,72800,0.0,100.0,724,297.79285,0.0,1659,2.994207579847138,0.019455352245131508,-13.97578676789999,0.20124696427956223,0.13522562896832824,-60.9817430973053,94.11919999999999,0.017494863481260836,94.11919999999999,0.0003,25.454147577285767,9024,0.042904713365715
43,,,0.027530178427696228,,72800,0.0,100.0,728,297.79285,,1659,,,,,,,,,,,,,
44,2.55,0.0,0.02754252590239048,0.0,73600,0.0,100.0,732,296.95782,0.0,1672,3.0449449989293993,0.02044633803598117,-13.234875842928886,0.19795216410420835,0.136438227025792,-61.32338356971741,94.11919999999999,0.017242038127733395,94.11919999999999,0.0003,25.29050114750862,9088,0.04448390344623476
44,,,0.02754252590239048,,73600,0.0,100.0,736,296.95782,,1672,,,,,,,,,,,,,
43,2.61,0.0,0.027566751465201378,0.0,74400,0.0,100.0,740,297.12747,0.0,1695,3.1414959048872464,0.020431219178135507,-11.964294918812811,0.19721137615852058,0.13446489069610834,-62.54256600141525,94.11919999999999,0.016782533435616642,94.11919999999999,0.0003,24.835950404405594,9216,0.04196548985783011
43,,,0.027566751465201378,,74400,0.0,100.0,744,297.12747,,1695,,,,,,,,,,,,,
44,3.0,0.0,0.027578720822930336,0.0,75200,0.0,100.0,748,297.5299,0.0,1708,3.118155260145463,0.01831466479052324,-13.46336179599166,0.19538419996388257,0.13296881201677024,-63.358680725097656,94.11919999999999,0.01654801535187289,94.11919999999999,0.0003,24.807259261608124,9280,0.041808799374848604
44,,,0.027578720822930336,,75200,0.0,100.0,752,297.5299,,1708,,,,,,,,,,,,,
43,2.01,0.0,0.027600780129432678,0.0,76000,0.0,100.0,756,297.40442,0.0,1730,3.0101832807721074,0.020113021455472335,-13.95477170497179,0.19532298133708537,0.13306569983251393,-63.95374810695648,94.11919999999999,0.0160834034322761,94.11919999999999,0.0003,24.84807315468788,9408,0.04327399661997333
43,,,0.027600780129432678,,76000,0.0,100.0,760,297.40442,,1730,,,,,,,,,,,,,
44,1.5,0.0,0.027613913640379906,0.0,76800,0.0,100.0,764,297.9302,0.0,1743,3.3340700404460493,0.020794510885025375,-12.337559461593628,0.1955632553435862,0.13627703255042434,-63.98923975229263,94.11919999999999,0.015845502552110702,94.11919999999999,0.0003,25.482394874095917,9472,0.04600541898980737
44,,,0.027613913640379906,,76800,0.0,100.0,768,297.9302,,1743,,,,,,,,,,,,,
43,3.0,0.0,0.027636758983135223,0.0,77600,0.0,100.0,772,298.1913,0.0,1766,2.6613197930509744,0.020558292206260376,-13.289834331721067,0.19789936649613082,0.13379697385244071,-65.13422387838364,94.11919999999999,0.015418229304486886,94.11919999999999,0.0003,25.476241648197174,9600,0.04505810618866235
43,,,0.027636758983135223,,77600,0.0,100.0,776,298.1913,,1766,,,,,,,,,,,,,
43,2.25,0.0,0.027657318860292435,0.0,78400,0.0,100.0,780,297.08093,0.0,1788,2.5850274530381814,0.020514642921625637,-13.016932496801019,0.19482937501743436,0.13508029200602323,-65.68608659505844,94.11919999999999,0.014985364410676993,94.11919999999999,0.0003,25.14118656516075,9728,0.044543336844071746
43,,,0.027657318860292435,,78400,0.0,100.0,784,297.08093,,1788,,,,,,,,,,,,,
43,2.79,0.0,0.02766597829759121,0.0,79200,0.0,100.0,788,296.863,0.0,1801,3.1726690686111554,0.020615287881810218,-13.249648418277502,0.19461699854582548,0.135443567764014,-66.10468685626984,94.11919999999999,0.014758597069885582,94.11919999999999,0.0003,24.94443792104721,9792,0.04300834611058235
43,,,0.02766597829759121,,79200,0.0,100.0,792,296.863,,1801,,,,,,,,,,,,,
43,2.64,0.0,0.02768990769982338,0.0,80000,0.0,100.0,796,296.61584,0.0,1824,3.208610052645735,0.020992341233068146,-10.308115967549384,0.1979531932156533,0.13714623101986945,-66.83080643415451,94.11919999999999,0.014391861011972651,94.11919999999999,0.0003,25.575745552778244,9920,0.04443594324402511
43,,,0.02768990769982338,,80000,0.0,100.0,800,296.61584,,1824,,,,,,,,,,,,,
43,1.86,0.0,0.02770066447556019,0.0,80800,0.0,100.0,804,295.13052,0.0,1837,3.2279403736753376,0.02101783998659812,-10.148674834519625,0.19338163803331554,0.13709264597855508,-67.49126017093658,92.23681599999999,0.01422163653478492,92.23681599999999,0.0003,24.737264186143875,9984,0.044593578786589205
43,,,0.02770066447556019,,80800,0.0,100.0,808,295.13052,,1837,,,,,,,,,,,,,
43,1.38,0.0,0.027723852545022964,0.0,81600,0.0,100.0,812,294.50854,0.0,1860,2.836967966075889,0.02051742201729212,-9.66320412629284,0.1964024449698627,0.13535584462806582,-68.56501078605652,92.23681599999999,0.013868723501218483,92.23681599999999,0.0003,24.833680421113968,10112,0.04487290047109127
43,,,0.027723852545022964,,81600,0.0,100.0,816,294.50854,,1860,,,,,,,,,,,,,
43,2.07,0.0,0.02773568220436573,0.0,82400,0.0,100.0,820,293.79565,0.0,1872,2.72896105114349,0.023332600583671592,-8.271292080171406,0.19416051032021642,0.13885031710378826,-68.34619987010956,92.23681599999999,0.01371960187680088,92.23681599999999,0.0003,24.683780908584595,10176,0.04531930584926158
43,,,0.02773568220436573,,82400,0.0,100.0,824,293.79565,,1872,,,,,,,,,,,,,
43,1.89,0.0,0.02775697596371174,0.0,83200,0.0,100.0,828,291.64334,0.0,1895,3.3728836413396652,0.02061083093576599,-9.588075117673725,0.19848601729609072,0.13780907029286027,-69.43939471244812,92.23681599999999,0.013420635223155841,92.23681599999999,0.0003,25.44806894659996,10304,0.04616737726610154
43,,,0.02775697596371174,,83200,0.0,100.0,832,291.64334,,1895,,,,,,,,,,,,,
43,2.04,0.0,0.027781164273619652,0.0,84000,0.0,100.0,836,292.9351,0.0,1919,3.2921684298665457,0.020519275552942418,-7.719768659211695,0.19519055634737015,0.13729544472880661,-70.31712830066681,92.23681599999999,0.013141097253537737,92.23681599999999,0.0003,25.117529660463333,10432,0.04401178628904745
43,,,0.027781164273619652,,84000,0.0,100.0,840,292.9351,,1919,,,,,,,,,,,,,
43,2.31,0.0,0.027792150154709816,0.0,84800,0.0,100.0,844,292.17535,0.0,1932,3.4693278634867153,0.019316626101499423,-9.983150246087462,0.19184254482388496,0.13392996927723289,-71.22797107696533,92.23681599999999,0.012995279161259532,92.23681599999999,0.0003,24.222610265016556,10496,0.04225670173764229
43,,,0.027792150154709816,,84800,0.0,100.0,848,292.17535,,1932,,,,,,,,,,,,,
43,1.71,0.0,0.027811499312520027,0.0,85600,0.0,100.0,852,290.0686,0.0,1955,2.9884524384169784,0.01898127788444981,-10.674060529097915,0.19298548623919487,0.1347483778372407,-71.93153083324432,92.23681599999999,0.012646492788917385,92.23681599999999,0.0003,25.03402915596962,10624,0.0433153867488727
43,,,0.027811499312520027,,85600,0.0,100.0,856,290.0686,,1955,,,,,,,,,,,,,
43,2.31,0.0,0.0278216153383255,0.0,86400,0.0,100.0,860,290.5764,0.0,1968,3.030815274793192,0.02054292800312396,-9.913841065950692,0.19270548643544316,0.1350136661203578,-72.22777116298676,92.23681599999999,0.012472492962842807,92.23681599999999,0.0003,24.63515415787697,10688,0.04166659014299512
43,,,0.0278216153383255,,86400,0.0,100.0,864,290.5764,,1968,,,,,,,,,,,,,
43,2.25,0.0,0.027842914685606956,0.0,87200,0.0,100.0,868,291.88068,0.0,1990,3.3420377742447416,0.019848429525154643,-9.438972591655329,0.1913176910020411,0.1348205280955881,-73.00853526592255,92.23681599999999,0.012162149781943299,92.23681599999999,0.0003,24.50284481048584,10816,0.04168834397569299
43,,,0.027842914685606956,,87200,0.0,100.0,872,291.88068,,1990,,,,,,,,,,,,,
43,2.52,0.0,0.02785312756896019,0.0,88000,0.0,100.0,876,294.96997,0.0,2003,3.572188995201728,0.021124853432411328,-9.695798150554765,0.18874754360876977,0.13340438064187765,-73.36858284473419,92.23681599999999,0.012012676030281,92.23681599999999,0.0003,24.2121941447258,10880,0.04244177567306906
43,,,0.02785312756896019,,88000,0.0,100.0,880,294.96997,,2003,,,,,,,,,,,,,
43,2.25,0.0,0.02787471003830433,0.0,88800,0.0,100.0,884,294.64893,0.0,2025,3.1264327912210144,0.020133412224822678,-9.200702813221142,0.19278753967955709,0.13522136013489217,-74.0519849061966,92.23681599999999,0.011707311874488369,92.23681599999999,0.0003,24.7190882563591,11008,0.04230804956750944
43,,,0.02787471003830433,,88800,0.0,100.0,888,294.64893,,2025,,,,,,,,,,,,,
43,1.71,0.0,0.02788296528160572,0.0,89600,0.0,100.0,892,296.56985,0.0,2038,2.6708629035828073,0.020562915364280343,-9.291756996768527,0.19286133209243417,0.1352165441494435,-74.54311323165894,92.23681599999999,0.011561858453205787,92.23681599999999,0.0003,24.892381727695465,11072,0.042668337002396584
43,,,0.02788296528160572,,89600,0.0,100.0,896,296.56985,,2038,,,,,,,,,,,,,
43,2.04,0.0,0.02790107950568199,0.0,90400,0.0,100.0,900,295.48007,0.0,2061,3.261238706901245,0.020609127575880848,-7.766763444058597,0.1936770509928465,0.13423298753332347,-75.3264228105545,92.23681599999999,0.011277162790065631,92.23681599999999,0.0003,24.74528196454048,11200,0.04193863627733663
43,,,0.02790107950568199,,90400,0.0,100.0,904,295.48007,,2061,,,,,,,,,,,,,
43,2.76,0.0,0.02792126126587391,0.0,91200,0.0,100.0,908,297.86172,0.0,2084,3.03203144967587,0.019903791922843084,-8.171722313389182,0.1919358477462083,0.13445749622769654,-75.93956124782562,92.23681599999999,0.011048563988879323,92.23681599999999,0.0003,24.61621966958046,11328,0.040338702383451164
43,,,0.02792126126587391,,91200,0.0,100.0,912,297.86172,,2084,,,,,,,,,,,,,
43,1.8,0.0,0.027929767966270447,0.0,92000,0.0,100.0,916,298.9713,0.0,2096,3.4719578642098714,0.02135383636050392,-9.682047558249906,0.1896465108729899,0.1351907942444086,-76.2697092294693,92.23681599999999,0.010917403240455315,92.23681599999999,0.0003,24.802547216415405,11392,0.04276745897368528
43,,,0.027929767966270447,,92000,0.0,100.0,920,298.9713,,2096,,,,,,,,,,,,,
43,1.62,0.0,0.02794715389609337,0.0,92800,0.0,100.0,924,301.16733,0.0,2119,3.1646706649023946,0.0212052728747949,-8.115383044350892,0.19194596749730408,0.13556752016302198,-76.90848302841187,92.23681599999999,0.010629393233102746,92.23681599999999,0.0003,24.808328688144684,11520,0.04266719683073461
43,,,0.02794715389609337,,92800,0.0,100.0,928,301.16733,,2119,,,,,,,,,,,,,
43,2.34,0.0,0.027957148849964142,0.0,93600,0.0,100.0,932,301.86996,0.0,2132,3.569931138182062,0.01842164123081602,-7.925291526596993,0.19369725952856243,0.13872371846809983,-77.33008682727814,92.23681599999999,0.010506240738322958,92.23681599999999,0.0003,24.812740355730057,11584,0.03958771933685057
43,,,0.027957148849964142,,93600,0.0,100.0,936,301.86996,,2132,,,,,,,,,,,,,
43,2.67,0.0,0.027970870956778526,0.0,94400,0.0,100.0,940,302.83542,0.0,2155,3.304883770945393,0.019812347047263756,-8.812424233648926,0.1917911027558148,0.13610462693031877,-77.9842472076416,92.23681599999999,0.01025194652902428,92.23681599999999,0.0003,24.768864780664444,11712,0.03970413186470978
43,,,0.027970870956778526,,94400,0.0,100.0,944,302.83542,,2155,,,,,,,,,,,,,
43,1.5,0.0,0.027975725010037422,0.0,95200,0.0,100.0,948,301.942,0.0,2168,3.30432095979022,0.019542147070751525,-10.35638560098596,0.19287772080861032,0.13419082656037062,-78.41221082210541,92.23681599999999,0.01011114004359115,92.23681599999999,0.0003,24.909649431705475,11776,0.04024122605915181
43,,,0.027975725010037422,,95200,0.0,100.0,952,301.942,,2168,,,,,,,,,,,,,
43,2.58,0.0,0.027989860624074936,0.0,96000,0.0,100.0,956,303.00565,0.0,2191,3.684522744268234,0.019343266380019486,-9.765231230761856,0.19418170908465981,0.13775471632834524,-78.76573121547699,92.23681599999999,0.009866018954198807,92.23681599999999,0.0003,25.00693044066429,11904,0.04048761332524009
43,,,0.027989860624074936,,96000,0.0,100.0,960,303.00565,,2191,,,,,,,,,,,,,
43,2.34,0.0,0.02800392173230648,0.0,96800,0.0,100.0,964,303.64993,0.0,2213,3.2180263613605415,0.018127809918951243,-7.173542101401836,0.19417796726338565,0.13693523744586855,-79.59458315372467,92.23681599999999,0.00963913269515615,92.23681599999999,0.0003,25.20436605811119,12032,0.039538251352496445
43,,,0.02800392173230648,,96800,0.0,100.0,968,303.64993,,2213,,,,,,,,,,,,,
43,2.1,0.0,0.028014281764626503,0.0,97600,0.0,100.0,972,300.15417,0.0,2226,2.863027381827686,0.01860824851610232,-6.446995096746832,0.19467587140388787,0.13746922928839922,-79.95393466949463,92.23681599999999,0.009545169275952503,92.23681599999999,0.0003,25.51762816309929,12096,0.042368225345853716
43,,,0.028014281764626503,,97600,0.0,100.0,976,300.15417,,2226,,,,,,,,,,,,,
43,2.97,0.0,0.028027314692735672,0.0,98400,0.0,100.0,980,301.26422,0.0,2249,3.5335568726648954,0.018894491498940624,-8.421619587345049,0.1936254808679223,0.13739041530061513,-80.42414128780365,92.23681599999999,0.00934408548346255,92.23681599999999,0.0003,24.966966152191162,12224,0.03789868616149761
43,,,0.028027314692735672,,98400,0.0,100.0,984,301.26422,,2249,,,,,,,,,,,,,
43,2.52,0.0,0.028033442795276642,0.0,99200,0.0,100.0,988,301.1828,0.0,2262,2.625456086082063,0.019200166818336584,-6.9304690239951015,0.19307033042423427,0.1360781070543453,-80.87273597717285,92.23681599999999,0.009225777932442725,92.23681599999999,0.0003,24.658193230628967,12288,0.038112508540507406
43,,,0.028033442795276642,,99200,0.0,100.0,992,301.1828,,2262,,,,,,,,,,,,,
43,1.5,0.0,0.028046123683452606,0.0,100000,0.0,100.0,996,300.48743,0.0,2285,2.968225478825441,0.01875168870901689,-7.379779899260029,0.1911122095771134,0.1369105513440445,-81.47972273826599,92.23681599999999,0.009012014721520245,92.23681599999999,0.0003,24.53088715672493,12416,0.037543415965046734
43,,,0.028046123683452606,,100000,0.0,100.0,1000,300.48743,,2285,,,,,,,,,,,,,
43,2.04,0.0,0.028054485097527504,0.0,100800,0.0,100.0,1004,301.16898,0.0,2298,3.396116268331105,0.019001903623575345,-6.988538052421063,0.19381467020139098,0.13655760325491428,-82.19945704936981,90.39207968,0.00891655644227285,90.39207968,0.0003,24.47466289997101,12480,0.03839108132524416
43,,,0.028054485097527504,,100800,0.0,100.0,1008,301.16898,,2298,,,,,,,,,,,,,
43,2.25,0.0,0.028068797662854195,0.0,101600,0.0,100.0,1012,301.55252,0.0,2321,3.378283760136319,0.019271866156486794,-7.249644395895302,0.19063472119159997,0.13441579439677298,-82.89001262187958,90.39207968,0.008723091916181147,90.39207968,0.0003,24.30342346429825,12608,0.039059370232280344
43,,,0.028068797662854195,,101600,0.0,100.0,1016,301.55252,,2321,,,,,,,,,,,,,
43,1.92,0.0,0.028074538335204124,0.0,102400,0.0,100.0,1020,303.72757,0.0,2334,3.4437406136839788,0.018688301541260444,-7.139631184283644,0.1912369707133621,0.13332089374307543,-83.4749608039856,90.39207968,0.008629598247352988,90.39207968,0.0003,24.255600154399872,12672,0.0379642617481295
43,,,0.028074538335204124,,102400,0.0,100.0,1024,303.72757,,2334,,,,,,,,,,,,,
43,2.58,0.0,0.028079664334654808,0.0,103200,0.0,100.0,1028,304.88187,0.0,2356,3.390835184362182,0.018705602473346516,-9.373710653395392,0.19200175697915256,0.1335567138157785,-84.14900588989258,90.39207968,0.008388224829104729,90.39207968,0.0003,24.954391479492188,12800,0.04177686822367832
43,,,0.028079664334654808,,103200,0.0,100.0,1032,304.88187,,2356,,,,,,,,,,,,,
43,1.98,0.0,0.028085799887776375,0.0,104000,0.0,100.0,1036,302.46426,0.0,2379,3.2458727305477284,0.019539786968380213,-7.2949662883765996,0.19463815749622881,0.14078838797286153,-83.9842267036438,90.39207968,0.00817296773311682,90.39207968,0.0003,24.418967872858047,12928,0.03856099161203019
43,,,0.028085799887776375,,104000,0.0,100.0,1040,302.46426,,2379,,,,,,,,,,,,,
43,2.25,0.0,0.028087034821510315,0.0,104800,0.0,100.0,1044,303.0885,0.0,2392,2.9812664749565285,0.019851073360769078,-8.400309728924185,0.1920346668921411,0.13489231374114752,-84.94441640377045,90.39207968,0.008075495949015021,90.39207968,0.0003,24.469731867313385,12992,0.039525042549939826
43,,,0.028087034821510315,,104800,0.0,100.0,1048,303.0885,,2392,,,,,,,,,,,,,
43,3.0,0.0,0.028094973415136337,0.0,105600,0.0,100.0,1052,306.8335,0.0,2415,3.422220785306436,0.01841076579876244,-6.707288066390902,0.19645862048491836,0.13752189185470343,-85.75778257846832,90.39207968,0.007903610006906092,90.39207968,0.0003,24.928628236055374,13120,0.0399792016542051
43,,,0.028094973415136337,,105600,0.0,100.0,1056,306.8335,,2415,,,,,,,,,,,,,
43,3.0,0.0,0.0281008742749691,0.0,106400,0.0,100.0,1060,308.6012,0.0,2427,3.5794436038029005,0.01976690701849293,-5.326629948336631,0.19791315775364637,0.1361666265875101,-86.02949249744415,90.39207968,0.007828208246792201,90.39207968,0.0003,25.821234226226807,13184,0.04138876116485335
43,,,0.0281008742749691,,106400,0.0,100.0,1064,308.6012,,2427,,,,,,,,,,,,,
43,3.0,0.0,0.028112422674894333,0.0,107200,0.0,100.0,1068,309.81354,0.0,2450,3.6624699222422223,0.019328527108882554,-6.293578344397247,0.19196078088134527,0.135443169856444,-86.95132088661194,90.39207968,0.007647683181858156,90.39207968,0.0003,24.37328663468361,13312,0.038558932836167514
43,,,0.028112422674894333,,107200,0.0,100.0,1072,309.81354,,2450,,,,,,,,,,,,,
43,1.83,0.0,0.028115103021264076,0.0,108000,0.0,100.0,1076,307.5363,0.0,2463,2.6871290251351785,0.018009848761721514,-9.350522547960281,0.18775676283985376,0.13454953965265304,-87.64672338962555,90.39207968,0.007561393242212944,90.39207968,0.0003,23.828910291194916,13376,0.037529613997321576
43,,,0.028115103021264076,,108000,0.0,100.0,1080,307.5363,,2463,,,,,,,,,,,,,
43,1.86,0.0,0.02812153846025467,0.0,108800,0.0,100.0,1084,306.58,0.0,2486,3.0716367227048833,0.017924187312019058,-8.381363401655108,0.1926377557683736,0.1356302403146401,-88.23988783359528,90.39207968,0.007353661967499647,90.39207968,0.0003,24.39305156469345,13504,0.03787214160547592
43,,,0.02812153846025467,,108800,0.0,100.0,1088,306.58,,2486,,,,,,,,,,,,,
43,1.74,0.0,0.028129570186138153,0.0,109600,0.0,100.0,1092,307.71594,0.0,2509,3.0154953885648035,0.017847357739810832,-4.422524337423965,0.19394283811561763,0.1411809369456023,-88.37595307826996,90.39207968,0.007197545040980913,90.39207968,0.0003,24.944469958543777,13632,0.038406135281547904
43,,,0.028129570186138153,,109600,0.0,100.0,1096,307.71594,,2509,,,,,,,,,,,,,
43,2.61,0.0,0.028134198859333992,0.0,110400,0.0,100.0,1100,308.4065,0.0,2522,3.619513926612857,0.0186802237003576,-6.199171785265207,0.19066652422770858,0.13869599346071482,-88.8454372882843,90.39207968,0.007141661597415805,90.39207968,0.0003,24.50877222418785,13696,0.03957162398728542
43,,,0.028134198859333992,,110400,0.0,100.0,1104,308.4065,,2522,,,,,,,,,,,,,
43,1.23,0.0,0.028134752064943314,0.0,111200,0.0,100.0,1108,306.45758,0.0,2544,2.6295389687446784,0.019003817898919806,-8.089411675231531,0.19207257498055696,0.13653677701950073,-89.83318638801575,90.39207968,0.006963230058318004,90.39207968,0.0003,24.43970987200737,13824,0.03795594838447869
43,,,0.028134752064943314,,111200,0.0,100.0,1112,306.45758,,2544,,,,,,,,,,,,,
43,2.25,0.0,0.028136782348155975,0.0,112000,0.0,100.0,1116,305.99612,0.0,2557,3.378198907906808,0.019346459419466555,-6.025103866122663,0.19037816603668034,0.13570483250077814,-90.26375925540924,90.39207968,0.006877376879856456,90.39207968,0.0003,24.44471549987793,13888,0.03970238761394285
43,,,0.028136782348155975,,112000,0.0,100.0,1120,305.99612,,2557,,,,,,,,,,,,,
43,1.89,0.0,0.028139915317296982,0.0,112800,0.0,100.0,1124,305.17743,0.0,2580,3.202071891400393,0.017977857030928135,-4.534949949476868,0.19354603020474315,0.13630145380739123,-91.02485871315002,90.39207968,0.00674877104756888,90.39207968,0.0003,24.71956580877304,14016,0.03768515770207159
43,,,0.028139915317296982,,112800,0.0,100.0,1128,305.17743,,2580,,,,,,,,,,,,,
43,2.19,0.0,0.02814161218702793,0.0,113600,0.0,100.0,1132,306.9702,0.0,2593,3.426347329262514,0.018919314214144833,-5.304493270814419,0.19378598872572184,0.1393874059431255,-91.1735907793045,90.39207968,0.006692838949675206,90.39207968,0.0003,24.998322665691376,14080,0.039851515903137624
43,,,0.02814161218702793,,113600,0.0,100.0,1136,306.9702,,2593,,,,,,,,,,,,,
43,3.0,0.0,0.028147712349891663,0.0,114400,0.0,100.0,1140,308.13644,0.0,2616,3.494687506216331,0.019971579284174368,-3.1245104901026934,0.19921826454810798,0.13693384279031307,-92.3355758190155,90.39207968,0.006586214039998595,90.39207968,0.0003,25.325816303491592,14208,0.04024294498958625
43,,,0.028147712349891663,,114400,0.0,100.0,1144,308.13644,,2616,,,,,,,,,,,,,
43,2.61,0.0,0.028150061145424843,0.0,115200,0.0,100.0,1148,305.3893,0.0,2629,3.2743179494713566,0.02145431582175661,-3.4748379403026775,0.19602245558053255,0.13932582770939916,-92.40669989585876,90.39207968,0.006562584538187366,90.39207968,0.0003,24.95832198858261,14272,0.03845302248373628
43,,,0.028150061145424843,,115200,0.0,100.0,1152,305.3893,,2629,,,,,,,,,,,,,
43,2.73,0.0,0.02815375104546547,0.0,116000,0.0,100.0,1156,303.05673,0.0,2651,3.1178722849446148,0.019241119458456524,-3.122257952578366,0.19319374207407236,0.13593770237639546,-93.70186769962311,90.39207968,0.006473594141425565,90.39207968,0.0003,24.58689957857132,14400,0.03849808356608264
43,,,0.02815375104546547,,116000,0.0,100.0,1160,303.05673,,2651,,,,,,,,,,,,,
43,2.34,0.0,0.0281534343957901,0.0,116800,0.0,100.0,1164,304.3193,0.0,2675,3.750045822027714,0.017455416615121067,-4.915609729941934,0.19282656139694154,0.13559066550806165,-94.54844379425049,90.39207968,0.00637651800934691,90.39207968,0.0003,24.740576595067978,14528,0.03685566454078071
43,,,0.0281534343957901,,116800,0.0,100.0,1168,304.3193,,2675,,,,,,,,,,,,,
43,2.91,0.0,0.02815452218055725,0.0,117600,0.0,100.0,1172,304.62122,0.0,2687,3.2361516300815434,0.017186597164254636,-5.205271290615201,0.19189954339526594,0.1360839563421905,-94.98925232887268,90.39207968,0.006316197992418893,90.39207968,0.0003,24.97232735157013,14592,0.038291947363177314
43,,,0.02815452218055725,,117600,0.0,100.0,1176,304.62122,,2687,,,,,,,,,,,,,
43,2.34,0.0,0.028153881430625916,0.0,118400,0.0,100.0,1180,307.07855,0.0,2710,3.3684148977912027,0.01603794655238744,-5.999668504111469,0.18821588368155062,0.1333783541340381,-95.89287638664246,90.39207968,0.006215855835762341,90.39207968,0.0003,24.61532226204872,14720,0.039440200955141336
43,,,0.028153881430625916,,118400,0.0,100.0,1184,307.07855,,2710,,,,,,,,,,,,,
43,2.64,0.0,0.02815355733036995,0.0,119200,0.0,100.0,1188,309.1925,0.0,2723,3.063140340126643,0.018611110557685606,-4.937723341863602,0.1872400543652475,0.13730976881925017,-95.81155896186829,90.39207968,0.0061529118320322596,90.39207968,0.0003,23.804112911224365,14784,0.03574516094522551
43,,,0.02815355733036995,,119200,0.0,100.0,1192,309.1925,,2723,,,,,,,,,,,,,
43,2.31,0.0,0.02815460041165352,0.0,120000,0.0,100.0,1196,307.91306,0.0,2746,3.259368145603468,0.01565364892303478,-1.368323780130595,0.1861641020514071,0.13267899164929986,-97.0818862915039,90.39207968,0.006071972027712036,90.39207968,0.0003,23.7731910943985,14912,0.037866697792196646
43,,,0.02815460041165352,,120000,0.0,100.0,1200,307.91306,,2746,,,,,,,,,,,,,
43,2.25,0.0,0.028157971799373627,0.0,120800,0.0,100.0,1204,309.47028,0.0,2759,3.94969214178196,0.01838171096460428,-2.8398378915153444,0.18896038527600467,0.13453196303453296,-97.44251620769501,88.58423808639999,0.0060517528909258544,88.58423808639999,0.0003,23.677676111459732,14976,0.035853708192007616
43,,,0.028157971799373627,,120800,0.0,100.0,1208,309.47028,,2759,,,,,,,,,,,,,
43,2.58,0.0,0.02815564163029194,0.0,121600,0.0,100.0,1212,309.97562,0.0,2781,3.762482375541951,0.017129210231360048,-2.6195818264968693,0.18987130373716354,0.1336605162359774,-98.355877161026,88.58423808639999,0.0059600883250823244,88.58423808639999,0.0003,23.950524359941483,15104,0.035839487944031134
43,,,0.02815564163029194,,121600,0.0,100.0,1216,309.97562,,2781,,,,,,,,,,,,,
43,2.64,0.0,0.028157299384474754,0.0,122400,0.0,100.0,1220,313.00095,0.0,2803,4.244167617630848,0.017096718540415168,-0.47006162256002426,0.1916373260319233,0.13560498552396894,-98.93315589427948,88.58423808639999,0.00589681384008145,88.58423808639999,0.0003,24.13896617293358,15232,0.03602030931506306
43,,,0.028157299384474754,,122400,0.0,100.0,1224,313.00095,,2803,,,,,,,,,,,,,
43,2.43,0.0,0.02815907448530197,0.0,123200,0.0,100.0,1228,313.12958,0.0,2816,3.884606637340549,0.01651933066023048,-1.28337338170968,0.18805336230434477,0.1328314272686839,-99.49820983409882,88.58423808639999,0.0058934439803124405,88.58423808639999,0.0003,23.450057089328766,15296,0.03537285828497261
43,,,0.02815907448530197,,123200,0.0,100.0,1232,313.12958,,2816,,,,,,,,,,,,,
43,2.61,0.0,0.028160210698843002,0.0,124000,0.0,100.0,1236,313.0098,0.0,2839,3.7447957515674126,0.01657865547167603,-1.3376397171523422,0.1939202188514173,0.13349557481706142,-100.1492567062378,88.58423808639999,0.0058517986835795455,88.58423808639999,0.0003,24.4635908305645,15424,0.03672605939209461
43,,,0.028160210698843002,,124000,0.0,100.0,1240,313.0098,,2839,,,,,,,,,,,,,
43,2.22,0.0,0.02816244214773178,0.0,124800,0.0,100.0,1244,314.07,0.0,2852,3.38583478112148,0.017257046347367577,-2.007890444714576,0.18887942703440785,0.13216072705108672,-100.41473507881165,88.58423808639999,0.005833942843310069,88.58423808639999,0.0003,24.49183878302574,15488,0.03961539521696977
43,,,0.02816244214773178,,124800,0.0,100.0,1248,314.07,,2852,,,,,,,,,,,,,
43,2.46,0.0,0.028162606060504913,0.0,125600,0.0,100.0,1252,316.5283,0.0,2875,3.63416029820718,0.018508793713408522,-2.414989688200876,0.18864564457908273,0.13573957548942417,-100.85026264190674,88.58423808639999,0.005793808493763208,88.58423808639999,0.0003,23.598722100257874,15616,0.036363260907819495
43,,,0.028162606060504913,,125600,0.0,100.0,1256,316.5283,,2875,,,,,,,,,,,,,
43,2.64,0.0,0.028161799535155296,0.0,126400,0.0,100.0,1260,317.13077,0.0,2888,3.671290446814142,0.020470526200369932,-3.7231637840159237,0.1900241116527468,0.13467157038394362,-101.14977037906647,88.58423808639999,0.005749712225224357,88.58423808639999,0.0003,24.406486064195633,15680,0.03997545366291888
43,,,0.028161799535155296,,126400,0.0,100.0,1264,317.13077,,2888,,,,,,,,,,,,,
43,2.94,0.0,0.02816576324403286,0.0,127200,0.0,100.0,1268,317.8546,0.0,2910,3.9696049402306675,0.01924727093137335,-0.8586457197088748,0.19145420379936695,0.13735152629669756,-101.53552281856537,88.58423808639999,0.005703588809410576,88.58423808639999,0.0003,24.148549616336823,15808,0.03792691437411122
43,,,0.02816576324403286,,127200,0.0,100.0,1272,317.8546,,2910,,,,,,,,,,,,,
43,2.88,0.0,0.028168048709630966,0.0,128000,0.0,100.0,1276,318.3686,0.0,2923,3.541845332207603,0.018243485756102018,-0.7191172139719129,0.1908274358138442,0.13522906065918505,-102.04317271709442,88.58423808639999,0.0056834696006262675,88.58423808639999,0.0003,24.805977404117584,15872,0.04193126573227346
43,,,0.028168048709630966,,128000,0.0,100.0,1280,318.3686,,2923,,,,,,,,,,,,,
43,2.64,0.0,0.028167959302663803,0.0,128800,0.0,100.0,1284,319.09198,0.0,2946,3.839501789317705,0.019575666694436222,-1.809579853899777,0.1903609954752028,0.13906170323025435,-102.3798907995224,88.58423808639999,0.005641701893182471,88.58423808639999,0.0003,24.49820637702942,16000,0.03922328632324934
43,,,0.028167959302663803,,128800,0.0,100.0,1288,319.09198,,2946,,,,,,,,,,,,,
43,2.43,0.0,0.028173157945275307,0.0,129600,0.0,100.0,1292,319.24628,0.0,2968,3.5249437263432255,0.018154856879846193,-0.034861963242292404,0.1872217678464949,0.13503838563337922,-103.28457474708557,88.58423808639999,0.005616138376353774,88.58423808639999,0.0003,24.04647395014763,16128,0.03817970972158946
43,,,0.028173157945275307,,129600,0.0,100.0,1296,319.24628,,2968,,,,,,,,,,,,,
43,3.0,0.0,0.028177417814731598,0.0,130400,0.0,100.0,1300,320.5584,0.0,2981,4.148871117600117,0.019594667450292036,1.0429296847432852,0.1887421498540789,0.13830986060202122,-103.31159031391144,88.58423808639999,0.0056217956662294455,88.58423808639999,0.0003,23.837206572294235,16192,0.03908371482975781
43,,,0.028177417814731598,,130400,0.0,100.0,1304,320.5584,,2981,,,,,,,,,,,,,
43,2.4,0.0,0.02817745879292488,0.0,131200,0.0,100.0,1308,321.61884,0.0,3003,3.7192523143153506,0.017242017755052075,-1.0328991238493472,0.1864427321124822,0.1328548437450081,-104.54049897193909,88.58423808639999,0.005629018152831122,88.58423808639999,0.0003,23.842835783958435,16320,0.03790584683883935
43,,,0.02817745879292488,,131200,0.0,100.0,1312,321.61884,,3003,,,,,,,,,,,,,
43,2.64,0.0,0.02817711792886257,0.0,132000,0.0,100.0,1316,322.51132,0.0,3016,4.556496262328364,0.016762346916948445,-1.1056689729448408,0.18908514990471303,0.13455336447805166,-104.4501359462738,88.58423808639999,0.005621729855192825,88.58423808639999,0.0003,24.34671398997307,16384,0.03815353647223674
43,,,0.02817711792886257,,132000,0.0,100.0,1320,322.51132,,3016,,,,,,,,,,,,,
43,3.0,0.0,0.028179364278912544,0.0,132800,0.0,100.0,1324,323.91327,0.0,3039,4.060529387200051,0.0163446985243354,-1.8934151893481612,0.18847407260909677,0.13333423773292452,-105.35848248004913,88.58423808639999,0.005575180555752013,88.58423808639999,0.0003,23.724229872226715,16512,0.03628366155317053
43,,,0.028179364278912544,,132800,0.0,100.0,1328,323.91327,,3039,,,,,,,,,,,,,
43,2.85,0.0,0.028185665607452393,0.0,133600,0.0,100.0,1332,324.44708,0.0,3052,3.6534117500086536,0.0172610784356948,-0.33478012308478355,0.18868034449405968,0.13266692752949893,-105.74042594432831,88.58423808639999,0.00555784171592677,88.58423808639999,0.0003,24.0387561917305,16576,0.03799821590655483
43,,,0.028185665607452393,,133600,0.0,100.0,1336,324.44708,,3052,,,,,,,,,,,,,
43,3.0,0.0,0.028187910094857216,0.0,134400,0.0,100.0,1340,326.141,0.0,3075,3.978766089463783,0.01702358096372336,-1.2715553959133103,0.18924486497417092,0.1379853414837271,-105.80808818340302,88.58423808639999,0.005547894259507302,88.58423808639999,0.0003,24.277696639299393,16704,0.037325556739233434
43,,,0.028187910094857216,,134400,0.0,100.0,1344,326.141,,3075,,,,,,,,,,,,,
43,3.0,0.0,0.02819492295384407,0.0,135200,0.0,100.0,1348,329.32697,0.0,3097,4.2014915805828075,0.015460600625374354,0.4963838281109929,0.18906170688569546,0.13411061861552298,-106.92165958881378,88.58423808639999,0.00554331060993718,88.58423808639999,0.0003,23.893489807844162,16832,0.03654663101769984
43,,,0.02819492295384407,,135200,0.0,100.0,1352,329.32697,,3097,,,,,,,,,,,,,
43,3.0,0.0,0.02819778397679329,0.0,136000,0.0,100.0,1356,331.471,0.0,3110,3.936121923394769,0.015104815436643548,-1.4848057865165174,0.18642081855796278,0.13372094044461846,-107.31244087219238,88.58423808639999,0.0055433982342947274,88.58423808639999,0.0003,23.398810923099518,16896,0.035940606700023636
43,,,0.02819778397679329,,136000,0.0,100.0,1360,331.471,,3110,,,,,,,,,,,,,
43,3.0,0.0,0.02820548601448536,0.0,136800,0.0,100.0,1364,331.75696,0.0,3133,4.29910541251939,0.014959933352656662,-0.15341240930138156,0.18808043072931468,0.13527500175405294,-107.92564082145691,88.58423808639999,0.005535976844839752,88.58423808639999,0.0003,23.76469659805298,17024,0.03635886817937717
43,,,0.02820548601448536,,136800,0.0,100.0,1368,331.75696,,3133,,,,,,,,,,,,,
43,3.0,0.0,0.028207529336214066,0.0,137600,0.0,100.0,1372,333.9805,0.0,3145,4.0947869077883565,0.01605080688750604,-1.2113848394947127,0.19063667859882116,0.13546311273239553,-107.80066311359406,88.58423808639999,0.005536371550988406,88.58423808639999,0.0003,24.123850345611572,17088,0.03587153408443555
43,,,0.028207529336214066,,137600,0.0,100.0,1376,333.9805,,3145,,,,,,,,,,,,,
43,3.0,0.0,0.028211483731865883,0.0,138400,0.0,100.0,1380,334.20422,0.0,3168,4.134857401140216,0.016123737397720106,-0.41318006173241884,0.18626046646386385,0.13297128700651228,-108.74762308597565,88.58423808639999,0.005517144592886325,88.58423808639999,0.0003,23.57063791155815,17216,0.035829890315653756
43,,,0.028211483731865883,,138400,0.0,100.0,1384,334.20422,,3168,,,,,,,,,,,,,
43,3.0,0.0,0.028213592246174812,0.0,139200,0.0,100.0,1388,335.30212,0.0,3181,3.996351131976707,0.014910210680682212,0.4904395991470665,0.18957361998036504,0.13322612619958818,-109.23327612876892,88.58423808639999,0.005511850329639856,88.58423808639999,0.0003,23.475377589464188,17280,0.03467388602439314
43,,,0.028213592246174812,,139200,0.0,100.0,1392,335.30212,,3181,,,,,,,,,,,,,
43,3.0,0.0,0.028217226266860962,0.0,140000,0.0,100.0,1396,338.2193,0.0,3204,4.471692983557603,0.01601194049726473,-1.298514441237785,0.19210155797190964,0.13615340774413198,-109.3626503944397,88.58423808639999,0.0055262319729081355,88.58423808639999,0.0003,23.833363711833954,17408,0.035526083200238645
43,,,0.028217226266860962,,140000,0.0,100.0,1400,338.2193,,3204,,,,,,,,,,,,,
43,3.0,0.0,0.028218882158398628,0.0,140800,0.0,100.0,1404,338.50934,0.0,3217,3.9326932117767956,0.020440317632164806,0.05591994896531105,0.19238151796162128,0.1353157829726115,-109.64879810810089,86.812553324672,0.0055223900999408215,86.812553324672,0.0003,23.978279769420624,17472,0.036166562378639355
43,,,0.028218882158398628,,140800,0.0,100.0,1408,338.50934,,3217,,,,,,,,,,,,,
43,2.61,0.0,0.028226718306541443,0.0,141600,0.0,100.0,1412,337.7068,0.0,3240,4.169557340818035,0.017220339781488292,1.336511943838559,0.18797952239401639,0.13529579900205135,-110.3977142572403,86.812553324672,0.005519508231373038,86.812553324672,0.0003,23.43099507689476,17600,0.03654992929659784
43,,,0.028226718306541443,,141600,0.0,100.0,1416,337.7068,,3240,,,,,,,,,,,,,
43,3.0,0.0,0.02823384664952755,0.0,142400,0.0,100.0,1420,337.89392,0.0,3263,3.948127298197357,0.01711406683898531,1.1792932802345604,0.18972645606845617,0.14013927953783423,-110.70782828330994,86.812553324672,0.005569063010625541,86.812553324672,0.0003,23.182665944099426,17728,0.03504072016221471
43,,,0.02823384664952755,,142400,0.0,100.0,1424,337.89392,,3263,,,,,,,,,,,,,
43,3.0,0.0,0.028238527476787567,0.0,143200,0.0,100.0,1428,338.7228,0.0,3276,4.275546406355964,0.015121782256755978,2.9535599825903773,0.1889938940294087,0.1335264528170228,-111.73257684707642,86.812553324672,0.0055917419158504345,86.812553324672,0.0003,23.082610815763474,17792,0.03458293620496988
43,,,0.028238527476787567,,143200,0.0,100.0,1432,338.7228,,3276,,,,,,,,,,,,,
43,3.0,0.0,0.028250014409422874,0.0,144000,0.0,100.0,1436,340.1374,0.0,3299,4.476182547978022,0.01673871450475417,1.2331301588565111,0.18807364464737475,0.13291180366650224,-112.3030309677124,86.812553324672,0.0056538113713031635,86.812553324672,0.0003,22.96332323551178,17920,0.03475869039539248
43,,,0.028250014409422874,,144000,0.0,100.0,1440,340.1374,,3299,,,,,,,,,,,,,
43,3.0,0.0,0.028257856145501137,0.0,144800,0.0,100.0,1444,339.94797,0.0,3312,4.206529617292416,0.016059904723078944,4.121072814799845,0.18969413684681058,0.13352307432796806,-112.5655986070633,86.812553324672,0.005683053765096702,86.812553324672,0.0003,23.23200598359108,17984,0.03523335966747254
43,,,0.028257856145501137,,144800,0.0,100.0,1448,339.94797,,3312,,,,,,,,,,,,,
43,3.0,0.0,0.0282666627317667,0.0,145600,0.0,100.0,1452,340.41104,0.0,3335,4.096467902351659,0.015599983133142814,4.167114263866097,0.1878842948935926,0.13191615894902498,-113.23423218727112,86.812553324672,0.005755953141488135,86.812553324672,0.0003,23.18337655067444,18112,0.035071713995421305
43,,,0.0282666627317667,,145600,0.0,100.0,1456,340.41104,,3335,,,,,,,,,,,,,
43,2.28,0.0,0.028273817151784897,0.0,146400,0.0,100.0,1460,338.10843,0.0,3348,3.64748741610622,0.018198910300270654,2.372441351180896,0.18979560025036335,0.13467450614552945,-113.2457515001297,86.812553324672,0.005805371903988998,86.812553324672,0.0003,23.248304307460785,18176,0.03635456252959557
43,,,0.028273817151784897,,146400,0.0,100.0,1464,338.10843,,3348,,,,,,,,,,,,,
43,2.61,0.0,0.02829008921980858,0.0,147200,0.0,100.0,1468,336.155,0.0,3370,3.938364908579246,0.017676580362604,3.6763860769569874,0.18414435721933842,0.13158495572861284,-114.048712849617,86.812553324672,0.0058665927208494395,86.812553324672,0.0003,22.410262942314148,18304,0.03545486193615943
43,,,0.02829008921980858,,147200,0.0,100.0,1472,336.155,,3370,,,,,,,,,,,,,
43,2.28,0.0,0.028301384299993515,0.0,148000,0.0,100.0,1476,334.76566,0.0,3393,3.031160030866754,0.01612376034609042,3.0771133014932275,0.18636439670808613,0.132574237533845,-114.55721056461334,86.812553324672,0.005964553929516114,86.812553324672,0.0003,22.821239054203033,18432,0.03478733089286834
43,,,0.028301384299993515,,148000,0.0,100.0,1480,334.76566,,3393,,,,,,,,,,,,,
43,2.4,0.0,0.02830883301794529,0.0,148800,0.0,100.0,1484,334.23065,0.0,3406,3.432939935060519,0.016224929931922816,4.391546274768189,0.1853306742850691,0.13474684266839176,-114.61359143257141,86.812553324672,0.006008102332998533,86.812553324672,0.0003,22.654901832342148,18496,0.03511023474857211
43,,,0.02830883301794529,,148800,0.0,100.0,1488,334.23065,,3406,,,,,,,,,,,,,
43,3.0,0.0,0.02832900732755661,0.0,149600,0.0,100.0,1492,332.43484,0.0,3429,3.6424371887351987,0.017565556889167055,3.794450907036662,0.18584690312854946,0.13346320192795247,-115.11101949214935,86.812553324672,0.0061015685423626564,86.812553324672,0.0003,22.704005241394043,18624,0.035052849241765216
43,,,0.02832900732755661,,149600,0.0,100.0,1496,332.43484,,3429,,,,,,,,,,,,,
43,2.64,0.0,0.02833748795092106,0.0,150400,0.0,100.0,1500,330.14105,0.0,3441,3.2299361832787463,0.014884514705045149,3.989763905061409,0.1860539522022009,0.13805574644356966,-115.22200107574463,86.812553324672,0.006161526340292767,86.812553324672,0.0003,22.658339381217957,18688,0.03484816895797849
43,,,0.02833748795092106,,150400,0.0,100.0,1504,330.14105,,3441,,,,,,,,,,,,,
43,3.0,0.0,0.028351202607154846,0.0,151200,0.0,100.0,1508,330.00375,0.0,3464,3.620786906487627,0.015655136441637296,2.911159371957183,0.18933765590190887,0.13309819193091244,-116.03193593025208,86.812553324672,0.006255001535464544,86.812553324672,0.0003,23.188356071710587,18816,0.03523039122228511
43,,,0.028351202607154846,,151200,0.0,100.0,1512,330.00375,,3464,,,,,,,,,,,,,
43,2.52,0.0,0.028361700475215912,0.0,152000,0.0,100.0,1516,330.2693,0.0,3476,3.5292189934455847,0.01676091038098093,3.0197862142231315,0.18949383543804288,0.13486965489573777,-116.32353448867798,86.812553324672,0.006299006498011295,86.812553324672,0.0003,23.296776354312897,18880,0.03386942145880312
43,,,0.028361700475215912,,152000,0.0,100.0,1520,330.2693,,3476,,,,,,,,,,,,,
43,3.0,0.0,0.028378227725625038,0.0,152800,0.0,100.0,1524,328.9358,0.0,3499,3.9425381864229854,0.016483781771967188,3.0157150733284652,0.188107181340456,0.1367056742310524,-116.5900661945343,86.812553324672,0.006374905315169599,86.812553324672,0.0003,23.44136580824852,19008,0.03676669584820047
43,,,0.028378227725625038,,152800,0.0,100.0,1528,328.9358,,3499,,,,,,,,,,,,,
43,3.0,0.0,0.02838556468486786,0.0,153600,0.0,100.0,1532,328.93954,0.0,3513,4.077495500538787,0.01764481516147498,0.6986922479700297,0.18629722925834358,0.1368506852304563,-116.90560698509216,86.812553324672,0.006398425677616615,86.812553324672,0.0003,23.03236123919487,19072,0.03495871534687467
43,,,0.02838556468486786,,153600,0.0,100.0,1536,328.93954,,3513,,,,,,,,,,,,,
43,2.61,0.0,0.028403915464878082,0.0,154400,0.0,100.0,1540,329.61874,0.0,3536,4.005713686210209,0.017293002412770875,1.4280259078368545,0.18798606120981276,0.1413471670821309,-117.00018692016602,86.812553324672,0.00644710839696927,86.812553324672,0.0003,22.831807672977448,19200,0.03531344688963145
43,,,0.028403915464878082,,154400,0.0,100.0,1544,329.61874,,3536,,,,,,,,,,,,,
43,3.0,0.0,0.028420450165867805,0.0,155200,0.0,100.0,1548,329.4754,0.0,3558,3.8565254866978296,0.015684961661463603,4.76455063209869,0.18802118115127087,0.14138837705831975,-117.7660436630249,86.812553324672,0.006518632646475453,86.812553324672,0.0003,22.890203565359116,19328,0.03394260158529505
43,,,0.028420450165867805,,155200,0.0,100.0,1552,329.4754,,3558,,,,,,,,,,,,,
43,3.0,0.0,0.02843010053038597,0.0,156000,0.0,100.0,1556,329.692,0.0,3572,3.3830203238221777,0.016091457349830307,2.7616431368514895,0.18796981475315988,0.13532303518150002,-118.38645243644714,86.812553324672,0.006580431996553671,86.812553324672,0.0003,22.752332359552383,19392,0.03351374791236594
43,,,0.02843010053038597,,156000,0.0,100.0,1560,329.692,,3572,,,,,,,,,,,,,
43,3.0,0.0,0.02844815142452717,0.0,156800,0.0,100.0,1564,330.6088,0.0,3594,4.112037175898845,0.015911004375084303,3.4194792015478015,0.18891090038232505,0.13484621269162744,-118.92871034145355,86.812553324672,0.006676657547359355,86.812553324672,0.0003,22.90209448337555,19520,0.03475460785557516
43,,,0.02844815142452717,,156800,0.0,100.0,1568,330.6088,,3594,,,,,,,,,,,,,
43,2.58,0.0,0.028454946354031563,0.0,157600,0.0,100.0,1572,333.0972,0.0,3608,3.9818903111367807,0.016224418897763826,1.422814073972404,0.1851363996975124,0.13473756215535104,-119.2307403087616,86.812553324672,0.0067036977197858505,86.812553324672,0.0003,22.385319381952286,19584,0.03374340379377827
43,,,0.028454946354031563,,157600,0.0,100.0,1576,333.0972,,3608,,,,,,,,,,,,,
43,2.85,0.0,0.028478015214204788,0.0,158400,0.0,100.0,1580,333.95993,0.0,3630,3.9709990948297884,0.01974774473637808,3.8325539929792285,0.18836329760961235,0.1442222879268229,-118.58119440078735,86.812553324672,0.006778885530366097,86.812553324672,0.0003,22.9669668674469,19712,0.03440720509388484
43,,,0.028478015214204788,,158400,0.0,100.0,1584,333.95993,,3630,,,,,,,,,,,,,
43,3.0,0.0,0.02849205583333969,0.0,159200,0.0,100.0,1588,337.51825,0.0,3643,4.347677417416137,0.01562577174627222,4.39491821359843,0.1899502056185156,0.13309917540755123,-120.12535345554352,86.812553324672,0.0068391918612178415,86.812553324672,0.0003,22.947793692350388,19776,0.03294959993218072
43,,,0.02849205583333969,,159200,0.0,100.0,1592,337.51825,,3643,,,,,,,,,,,,,
43,3.0,0.0,0.02851714938879013,0.0,160000,0.0,100.0,1596,340.26126,0.0,3666,3.9104532597113577,0.018342926050536335,2.7597261539194733,0.1836681547574699,0.13370162108913064,-120.3950035572052,86.812553324672,0.006950451403099578,86.812553324672,0.0003,22.789495915174484,19904,0.036411805922398344
43,,,0.02851714938879013,,160000,0.0,100.0,1600,340.26126,,3666,,,,,,,,,,,,,
43,3.0,0.0,0.028536682948470116,0.0,160800,0.0,100.0,1604,342.79495,0.0,3691,4.268293126604771,0.019204778436687775,3.652551570907235,0.1842461267951876,0.14033888920675963,-120.49645030498505,85.07630225817854,0.007011711517407093,85.07630225817854,0.0003,22.640655994415283,20032,0.036017763952258974
43,,,0.028536682948470116,,160800,0.0,100.0,1608,342.79495,,3691,,,,,,,,,,,,,
43,3.0,0.0,0.028549158945679665,0.0,161600,0.0,100.0,1612,345.4023,0.0,3703,4.516185700834403,0.01949235964275431,2.8878850461915135,0.1813000140246004,0.13207798020448536,-121.57729434967041,85.07630225817854,0.007058082344883587,85.07630225817854,0.0003,21.996446877717972,20096,0.03550798789365217
43,,,0.028549158945679665,,161600,0.0,100.0,1616,345.4023,,3703,,,,,,,,,,,,,
43,3.0,0.0,0.02857537940144539,0.0,162400,0.0,100.0,1620,346.88882,0.0,3726,3.8777479343128225,0.017003216955345124,2.756877724546939,0.18093880079686642,0.12964889546856284,-122.42267894744873,85.07630225817854,0.007194404402980581,85.07630225817854,0.0003,22.04460299015045,20224,0.03535112613462843
43,,,0.02857537940144539,,162400,0.0,100.0,1624,346.88882,,3726,,,,,,,,,,,,,
43,2.64,0.0,0.028587963432073593,0.0,163200,0.0,100.0,1628,347.75836,0.0,3740,4.078874025347597,0.017400284734321758,4.436467386549339,0.18477190425619483,0.12964885961264372,-122.68552958965302,85.07630225817854,0.007250778282468673,85.07630225817854,0.0003,22.823332220315933,20288,0.03541250282432884
43,,,0.028587963432073593,,163200,0.0,100.0,1632,347.75836,,3740,,,,,,,,,,,,,
43,3.0,0.0,0.028615370392799377,0.0,164000,0.0,100.0,1636,348.86868,0.0,3763,3.989995046807455,0.01526633343019057,3.4520117265637964,0.18132113059982657,0.12905106029938906,-123.38389992713928,85.07630225817854,0.007410813515889458,85.07630225817854,0.0003,21.68150967359543,20416,0.033551131549756974
43,,,0.028615370392799377,,164000,0.0,100.0,1640,348.86868,,3763,,,,,,,,,,,,,
43,2.61,0.0,0.028627866879105568,0.0,164800,0.0,100.0,1644,347.30286,0.0,3776,4.025058389485605,0.016597823792835698,3.3416141849011183,0.18010581866838038,0.129332818207331,-123.54321730136871,85.07630225817854,0.007465852169843856,85.07630225817854,0.0003,21.902488440275192,20480,0.034718119975877926
43,,,0.028627866879105568,,164800,0.0,100.0,1648,347.30286,,3776,,,,,,,,,,,,,
43,3.0,0.0,0.02865399420261383,0.0,165600,0.0,100.0,1652,350.1508,0.0,3800,4.323724472518165,0.017828973126597703,4.522151933982968,0.1830069946590811,0.13038662751205266,-123.89992022514343,85.07630225817854,0.007609668493387289,85.07630225817854,0.0003,22.006754338741302,20608,0.03407625088584609
43,,,0.02865399420261383,,165600,0.0,100.0,1656,350.1508,,3800,,,,,,,,,,,,,
43,3.0,0.0,0.02867237664759159,0.0,166400,0.0,100.0,1660,351.18524,0.0,3813,3.9875929128795606,0.01523985355743207,6.456976210465655,0.1800419830251485,0.12879154761321843,-124.21973538398743,85.07630225817854,0.007699161775235552,85.07630225817854,0.0003,21.708527207374573,20672,0.0354699848103337
43,,,0.02867237664759159,,166400,0.0,100.0,1664,351.18524,,3813,,,,,,,,,,,,,
43,2.61,0.0,0.028704211115837097,0.0,167200,0.0,100.0,1668,350.48044,0.0,3836,4.012424536609404,0.017105052378610708,4.167280233465135,0.17899560346268117,0.1304551634239033,-124.54170560836792,85.07630225817854,0.007863596547394991,85.07630225817854,0.0003,21.784337878227234,20800,0.03420387030928396
43,,,0.028704211115837097,,167200,0.0,100.0,1672,350.48044,,3836,,,,,,,,,,,,,
43,3.0,0.0,0.028738703578710556,0.0,168000,0.0,100.0,1676,351.47308,0.0,3859,4.51666218014163,0.017538361891638488,3.5431377021595836,0.1816401060204953,0.1364693121286109,-124.74174571037292,85.07630225817854,0.008017003565328196,85.07630225817854,0.0003,22.01849776506424,20928,0.03323967781034298
43,,,0.028738703578710556,,168000,0.0,100.0,1680,351.47308,,3859,,,,,,,,,,,,,
43,3.0,0.0,0.028750168159604073,0.0,168800,0.0,100.0,1684,351.5885,0.0,3872,4.135714252890912,0.018535488648922183,3.356602167710662,0.1811888471711427,0.14206011383794248,-124.55772125720978,85.07630225817854,0.00807953170442488,85.07630225817854,0.0003,21.665304869413376,20992,0.03419137260061689
43,,,0.028750168159604073,,168800,0.0,100.0,1688,351.5885,,3872,,,,,,,,,,,,,
43,3.0,0.36,0.028783658519387245,0.0,169600,0.0,100.0,1692,351.77216,0.09080086768904465,3895,4.213353019745884,0.017263837842619978,4.888606605120003,0.17728149332106113,0.1281517962925136,-126.33096373081207,85.07630225817854,0.008199938325560652,85.07630225817854,0.0003,21.53840535879135,21120,0.03520928113721311
43,,,0.028783658519387245,,169600,0.0,100.0,1696,351.77216,,3895,,,,,,,,,,,,,
43,3.0,0.0,0.028803149238228798,0.0,170400,0.0,100.0,1700,352.35394,0.0,3910,4.062761593443884,0.016781585305579938,4.4432476467918605,0.18155190907418728,0.12978080566972494,-126.25330531597137,85.07630225817854,0.008274754349258728,85.07630225817854,0.0003,22.24626585841179,21184,0.03534586445312016
43,,,0.028803149238228798,,170400,0.0,100.0,1704,352.35394,,3910,,,,,,,,,,,,,
43,3.0,0.0,0.028845660388469696,0.0,171200,0.0,100.0,1708,352.34317,0.0,3933,4.334242934179137,0.016230060944508296,4.836442913394421,0.18107907148078084,0.1290910932002589,-127.14134192466736,85.07630225817854,0.00846781574364286,85.07630225817854,0.0003,21.55239686369896,21312,0.03253531621885486
43,,,0.028845660388469696,,171200,0.0,100.0,1712,352.34317,,3933,,,,,,,,,,,,,
43,2.64,0.0,0.02886178530752659,0.0,172000,0.0,100.0,1716,353.04874,0.0,3947,3.916278743788726,0.01635141890437808,3.9795299428515136,0.1781784922350198,0.12800228549167514,-127.44863390922546,85.07630225817854,0.008541647519450635,85.07630225817854,0.0003,21.563385158777237,21376,0.0329809951945208
43,,,0.02886178530752659,,172000,0.0,100.0,1720,353.04874,,3947,,,,,,,,,,,,,
43,2.73,0.0,0.02889806590974331,0.0,172800,0.0,100.0,1724,353.0322,0.0,3970,4.50646127359594,0.016748619455029257,3.6207224510144442,0.1804526192136109,0.1309413075214252,-127.66401588916779,85.07630225817854,0.008712909315363504,85.07630225817854,0.0003,21.60754296183586,21504,0.03359688803902827
43,,,0.02889806590974331,,172800,0.0,100.0,1728,353.0322,,3970,,,,,,,,,,,,,
43,2.61,0.0,0.028935521841049194,0.0,173600,0.0,100.0,1732,351.667,0.0,3992,4.0510861654836985,0.01538843433081638,5.102704552933574,0.17843991587869823,0.12934766907710582,-128.42204427719116,85.07630225817854,0.008882563692168333,85.07630225817854,0.0003,21.404404193162918,21632,0.03351847577141598
43,,,0.028935521841049194,,173600,0.0,100.0,1736,351.667,,3992,,,,,,,,,,,,,
43,2.61,0.0,0.028959836810827255,0.0,174400,0.0,100.0,1740,351.93304,0.0,4006,4.168507777735547,0.01702864233084256,6.091306182323024,0.17957276781089604,0.13182434474583715,-128.2205924987793,85.07630225817854,0.008980720725958236,85.07630225817854,0.0003,21.831920742988586,21696,0.034530525183072314
43,,,0.028959836810827255,,174400,0.0,100.0,1744,351.93304,,4006,,,,,,,,,,,,,
43,3.0,0.0,0.028999241068959236,0.0,175200,0.0,100.0,1748,352.55594,0.0,4029,4.537779853241809,0.016475442178489175,5.899513554293662,0.17894322657957673,0.12838475836906582,-129.2521197795868,85.07630225817854,0.009189793185214512,85.07630225817854,0.0003,21.31232511997223,21824,0.031651386962039396
43,,,0.028999241068959236,,175200,0.0,100.0,1752,352.55594,,4029,,,,,,,,,,,,,
43,3.0,0.0,0.029025178402662277,0.0,176000,0.0,100.0,1756,351.60104,0.0,4042,4.239648613371288,0.01592853118199855,7.659886845387518,0.1782423162367195,0.12627400434575975,-129.69749796390533,85.07630225817854,0.00931998148735147,85.07630225817854,0.0003,21.462300837039948,21888,0.0338136360514909
43,,,0.029025178402662277,,176000,0.0,100.0,1760,351.60104,,4042,,,,,,,,,,,,,
43,2.97,0.0,0.029070289805531502,0.0,176800,0.0,100.0,1764,351.47604,0.0,4065,4.08737663143492,0.017705352322082035,5.106958171818405,0.17851657141000032,0.1255544334417209,-130.05269980430603,85.07630225817854,0.009580389349139296,85.07630225817854,0.0003,21.550951778888702,22016,0.03256075063836761
43,,,0.029070289805531502,,176800,0.0,100.0,1768,351.47604,,4065,,,,,,,,,,,,,
43,2.61,0.0,0.029091309756040573,0.0,177600,0.0,100.0,1772,352.74646,0.0,4078,4.019623570116833,0.017888812522869557,4.5634592470596544,0.18069013091735542,0.12736145535018295,-130.19734358787537,85.07630225817854,0.009671900465036742,85.07630225817854,0.0003,21.96446067094803,22080,0.03371754876570776
43,,,0.029091309756040573,,177600,0.0,100.0,1776,352.74646,,4078,,,,,,,,,,,,,
43,3.0,0.0,0.029142508283257484,0.0,178400,0.0,100.0,1780,353.77676,0.0,4101,4.502013098521292,0.018165348723414354,6.766437293030322,0.17611292633228004,0.12751856970135123,-130.5481779575348,85.07630225817854,0.009906218911055475,85.07630225817854,0.0003,21.651369482278824,22208,0.032694710622308776
43,,,0.029142508283257484,,178400,0.0,100.0,1784,353.77676,,4101,,,,,,,,,,,,,
43,3.0,0.0,0.029167726635932922,0.0,179200,0.0,100.0,1788,353.58652,0.0,4114,4.687519289048988,0.01879346313944552,6.166647826321423,0.1757369958795607,0.12612570880446583,-130.95244789123535,85.07630225817854,0.010038515465566888,85.07630225817854,0.0003,21.258903354406357,22272,0.03173315545427613
43,,,0.029167726635932922,,179200,0.0,100.0,1792,353.58652,,4114,,,,,,,,,,,,,
43,3.0,0.0,0.029216542840003967,0.0,180000,0.0,100.0,1796,352.95895,0.0,4137,4.264223159274357,0.016197002158151008,5.8142739264294505,0.17514464841224253,0.12461699650157243,-131.8737165927887,85.07630225817854,0.010262385461828671,85.07630225817854,0.0003,21.11983236670494,22400,0.032598077406873927
43,,,0.029216542840003967,,180000,0.0,100.0,1800,352.95895,,4137,,,,,,,,,,,,,
43,2.67,0.0,0.029263338074088097,0.0,180800,0.0,100.0,1804,350.73663,0.0,4161,3.8468876552504683,0.016547758488741238,6.181692399084568,0.1764983965549618,0.12399335589725524,-132.605712890625,83.37477621301498,0.010482683370355517,83.37477621301498,0.0003,20.941455632448196,22528,0.032290778384776786
43,,,0.029263338074088097,,180800,0.0,100.0,1808,350.73663,,4161,,,,,,,,,,,,,
43,3.0,0.0,0.02929086983203888,0.0,181600,0.0,100.0,1812,351.13254,0.0,4175,4.63117170529139,0.01739344593079295,5.922676634509116,0.19218092923983932,0.12725667236372828,-132.52608180046082,83.37477621301498,0.01062901469413191,83.37477621301498,0.0003,22.673243403434753,22592,0.032334233372239396
43,,,0.02929086983203888,,181600,0.0,100.0,1816,351.13254,,4175,,,,,,,,,,,,,
43,3.0,0.0,0.029342081397771835,0.0,182400,0.0,100.0,1820,350.97668,0.0,4198,4.082555408638275,0.015462885290617123,5.145054039545357,0.17702767765149474,0.1253674440085888,-133.31468558311462,83.37477621301498,0.010869807243579999,83.37477621301498,0.0003,20.832185000181198,22720,0.031181754340650514
43,,,0.029342081397771835,,182400,0.0,100.0,1824,350.97668,,4198,,,,,,,,,,,,,
43,3.0,0.0,0.02936827391386032,0.0,183200,0.0,100.0,1828,351.6271,0.0,4211,4.411396616308943,0.015769728051964194,4.419421929633245,0.18430491932667792,0.12486830307170749,-133.82210659980774,83.37477621301498,0.010982439271174371,83.37477621301498,0.0003,22.19025418162346,22784,0.032712616928620264
43,,,0.02936827391386032,,183200,0.0,100.0,1832,351.6271,,4211,,,,,,,,,,,,,
43,3.0,0.0,0.029423853382468224,0.0,184000,0.0,100.0,1836,351.54306,0.0,4234,4.265888178684328,0.014880609131068923,5.050331017700955,0.1742894754279405,0.12259621894918382,-134.42041087150574,83.37477621301498,0.011203051413758658,83.37477621301498,0.0003,20.48523259162903,22912,0.031231759552611038
43,,,0.029423853382468224,,184000,0.0,100.0,1840,351.54306,,4234,,,,,,,,,,,,,
43,2.97,0.0,0.029449451714754105,0.0,184800,0.0,100.0,1844,351.1425,0.0,4248,4.095385872053043,0.016313759006152395,5.213469069451094,0.17406094213947654,0.12438985693734139,-134.62768602371216,83.37477621301498,0.01131048536626622,83.37477621301498,0.0003,20.39165335893631,22976,0.031955305516021326
43,,,0.029449451714754105,,184800,0.0,100.0,1848,351.1425,,4248,,,,,,,,,,,,,
43,3.0,0.0,0.029505841434001923,0.0,185600,0.0,100.0,1852,352.0527,0.0,4272,4.730847346151208,0.015589819966407958,5.249146598391235,0.1772464574314654,0.12388349429238588,-135.05409479141235,83.37477621301498,0.011579536512726918,83.37477621301498,0.0003,20.796266615390778,23104,0.030760974303120747
43,,,0.029505841434001923,,185600,0.0,100.0,1856,352.0527,,4272,,,,,,,,,,,,,
43,3.0,0.0,0.029560700058937073,0.0,186400,0.0,100.0,1860,353.24835,0.0,4295,4.605441090800981,0.01479034913063515,3.498361906968057,0.17150093824602664,0.11913774150889367,-135.90714287757874,83.37477621301498,0.011867164677823894,83.37477621301498,0.0003,20.27424082159996,23232,0.03121315230964683
43,,,0.029560700058937073,,186400,0.0,100.0,1864,353.24835,,4295,,,,,,,,,,,,,
43,3.0,0.0,0.029586046934127808,0.0,187200,0.0,100.0,1868,351.90015,0.0,4308,3.728656576395379,0.014993701086496003,4.251995860598981,0.1712507598567754,0.12231904384680092,-135.92982602119446,83.37477621301498,0.011956412578001618,83.37477621301498,0.0003,20.283509105443954,23296,0.031378207670059055
43,,,0.029586046934127808,,187200,0.0,100.0,1872,351.90015,,4308,,,,,,,,,,,,,
43,3.0,0.0,0.029638513922691345,0.0,188000,0.0,100.0,1876,352.80707,0.0,4331,4.562450186412279,0.016049226542236283,3.9053212460130453,0.1708673699758947,0.12275835033506155,-136.15759944915771,83.37477621301498,0.012173319861176424,83.37477621301498,0.0003,20.498919516801834,23424,0.030418788635870442
43,,,0.029638513922691345,,188000,0.0,100.0,1880,352.80707,,4331,,,,,,,,,,,,,
43,3.0,0.0,0.029665634036064148,0.0,188800,0.0,100.0,1884,352.0099,0.0,4345,4.349359825611672,0.01586410086019896,4.4401345467194915,0.17330793594010174,0.12450616469141096,-136.48320174217224,83.37477621301498,0.012288329322473146,83.37477621301498,0.0003,20.20275780558586,23488,0.03120500870863907
43,,,0.029665634036064148,,188800,0.0,100.0,1888,352.0099,,4345,,,,,,,,,,,,,
43,3.0,0.0,0.029724247753620148,0.0,189600,0.0,100.0,1892,352.13,0.0,4369,4.5381677056421275,0.015074547685799189,2.217133694794029,0.1704179081134498,0.1215562648139894,-137.25236988067627,83.37477621301498,0.012491643181419931,83.37477621301498,0.0003,19.87807047367096,23616,0.029137945995898917
43,,,0.029724247753620148,,189600,0.0,100.0,1896,352.13,,4369,,,,,,,,,,,,,
43,3.0,0.0,0.029751872643828392,0.0,190400,0.0,100.0,1900,354.45862,0.0,4383,4.778496766535075,0.014536701462930068,3.952701452188194,0.16886107274331152,0.11924076196737587,-137.6463975906372,83.37477621301498,0.012559442839119583,83.37477621301498,0.0003,19.698166638612747,23680,0.029197571391705424
43,,,0.029751872643828392,,190400,0.0,100.0,1904,354.45862,,4383,,,,,,,,,,,,,
43,3.0,0.0,0.0298130102455616,0.0,191200,0.0,100.0,1908,356.4866,0.0,4405,4.5277181616796485,0.014776780313695781,4.798533316701651,0.17022761492989957,0.11990611895453185,-138.12025094032288,83.37477621301498,0.012822079006582499,83.37477621301498,0.0003,19.86383032798767,23808,0.029715796292293817
43,,,0.0298130102455616,,191200,0.0,100.0,1912,356.4866,,4405,,,,,,,,,,,,,
43,2.64,0.0,0.02984006330370903,0.0,192000,0.0,100.0,1916,355.5426,0.0,4418,4.151239373597797,0.014566417572495993,4.260205250699073,0.16845480422489345,0.11889913387130946,-138.23899006843567,83.37477621301498,0.012960895241121762,83.37477621301498,0.0003,19.59004181623459,23872,0.02944634191226214
43,,,0.02984006330370903,,192000,0.0,100.0,1920,355.5426,,4418,,,,,,,,,,,,,
43,3.0,0.0,0.029893014580011368,0.0,192800,0.0,100.0,1924,357.33118,0.0,4443,4.582124274851549,0.015667854400817305,3.78496829373762,0.1663484398741275,0.1222472736844793,-138.36883211135864,83.37477621301498,0.013175288419006392,83.37477621301498,0.0003,19.607359409332275,24000,0.02970187074970454
43,,,0.029893014580011368,,192800,0.0,100.0,1928,357.33118,,4443,,,,,,,,,,,,,
43,2.64,0.0,0.029957657679915428,0.0,193600,0.0,100.0,1932,357.06943,0.0,4466,4.207144440338566,0.015393891466374043,5.266948125790805,0.16840174049139023,0.11957110126968473,-139.13985896110535,83.37477621301498,0.013446164230117574,83.37477621301498,0.0003,19.7232603430748,24128,0.030505533766699955
43,,,0.029957657679915428,,193600,0.0,100.0,1936,357.06943,,4466,,,,,,,,,,,,,
43,3.0,0.0,0.02998480759561062,0.0,194400,0.0,100.0,1940,358.25674,0.0,4480,4.363620661189587,0.014611226535635069,1.7828670924063772,0.1667934583965689,0.11706644762307405,-139.7467451095581,83.37477621301498,0.013553309298004024,83.37477621301498,0.0003,19.48819527029991,24192,0.029642185021657497
43,,,0.02998480759561062,,194400,0.0,100.0,1944,358.25674,,4480,,,,,,,,,,,,,
43,3.0,0.0,0.030043940991163254,0.0,195200,0.0,100.0,1948,358.53836,0.0,4504,4.517368344394438,0.014373576719663106,2.2995771998539567,0.1688493387773633,0.11948253226000816,-139.987065076828,83.37477621301498,0.013746039825491607,83.37477621301498,0.0003,19.638729006052017,24320,0.030483491194900125
43,,,0.030043940991163254,,195200,0.0,100.0,1952,358.53836,,4504,,,,,,,,,,,,,
43,3.0,0.0,0.030071813613176346,0.0,196000,0.0,100.0,1956,356.43936,0.0,4517,3.675571236644347,0.01452078967122361,1.9231574593577534,0.1656485649291426,0.11737883219029754,-140.36130356788635,83.37477621301498,0.013815047510433942,83.37477621301498,0.0003,19.323474794626236,24384,0.030450274964096025
43,,,0.030071813613176346,,196000,0.0,100.0,1960,356.43936,,4517,,,,,,,,,,,,,
43,3.0,0.0,0.03013228252530098,0.0,196800,0.0,100.0,1964,357.35492,0.0,4541,4.566652230194318,0.014547101789503358,2.0215044543147087,0.16953990701586008,0.12092956039123237,-140.4249472618103,83.37477621301498,0.013939409647719003,83.37477621301498,0.0003,19.455386251211166,24512,0.028866525884950534
43,,,0.03013228252530098,,196800,0.0,100.0,1968,357.35492,,4541,,,,,,,,,,,,,
43,2.61,0.0,0.03016323409974575,0.0,197600,0.0,100.0,1972,357.13754,0.0,4555,4.210084910997792,0.01314708347490523,2.075375928543508,0.16910003824159503,0.11921118025202304,-140.92936968803406,83.37477621301498,0.014000899755046703,83.37477621301498,0.0003,19.450368404388428,24576,0.02784145961049944
43,,,0.03016323409974575,,197600,0.0,100.0,1976,357.13754,,4555,,,,,,,,,,,,,
43,3.0,0.0,0.03022346831858158,0.0,198400,0.0,100.0,1980,356.58673,0.0,4578,4.224928669999727,0.014277362104621716,0.8168415017426014,0.1675689925905317,0.11879079381469637,-141.15279412269592,83.37477621301498,0.014155267737805843,83.37477621301498,0.0003,19.540975004434586,24704,0.02970412143622525
43,,,0.03022346831858158,,198400,0.0,100.0,1984,356.58673,,4578,,,,,,,,,,,,,
43,3.0,0.0,0.03028259612619877,0.0,199200,0.0,100.0,1988,356.76865,0.0,4601,4.200599821817561,0.013482115828082897,2.3636837620288134,0.16671277000568807,0.11758008715696633,-141.88096261024475,83.37477621301498,0.014278588554589078,83.37477621301498,0.0003,19.137928247451782,24832,0.027699590107658878
43,,,0.03028259612619877,,199200,0.0,100.0,1992,356.76865,,4601,,,,,,,,,,,,,
43,3.0,0.0,0.03031327947974205,0.0,200000,0.0,100.0,1996,355.57654,0.0,4615,4.295336939221579,0.013094562440528534,1.4298405724111944,0.16609654831700027,0.11903875309508294,-142.09392666816711,83.37477621301498,0.014337204687763005,83.37477621301498,0.0003,18.941028118133545,24896,0.027940662199398503
43,,,0.03031327947974205,,200000,0.0,100.0,2000,355.57654,,4615,,,,,,,,,,,,,
43,3.0,0.0,0.03037204220890999,0.0,200800,0.0,100.0,2004,355.25436,0.0,4638,4.481207332937963,0.013678704417543486,1.0217342434916645,0.16639174823649228,0.11730227631051093,-142.7526433467865,81.70728068875466,0.014416196368983947,81.70728068875466,0.0003,18.7111097574234,25024,0.027099444370833226
43,,,0.03037204220890999,,200800,0.0,100.0,2008,355.25436,,4638,,,,,,,,,,,,,
43,3.0,0.0,0.03040013276040554,0.0,201600,0.0,100.0,2012,354.71527,0.0,4652,4.3351844021672745,0.013214939259341918,0.015405148500576615,0.1646268628537655,0.11547947046346962,-143.02168989181519,81.70728068875466,0.014429949602345005,81.70728068875466,0.0003,18.384209632873535,25088,0.026799789629876614
43,,,0.03040013276040554,,201600,0.0,100.0,2016,354.71527,,4652,,,,,,,,,,,,,
43,3.0,0.0,0.03045365773141384,0.0,202400,0.0,100.0,2020,355.05624,0.0,4676,4.074492950694878,0.014449752852669917,-0.5721318863797933,0.17286949511617422,0.1177887279773131,-142.941899061203,81.70728068875466,0.014413408818654716,81.70728068875466,0.0003,19.258687436580658,25216,0.027702695777406916
43,,,0.03045365773141384,,202400,0.0,100.0,2024,355.05624,,4676,,,,,,,,,,,,,
43,2.79,0.0,0.03047923743724823,0.0,203200,0.0,100.0,2028,354.647,0.0,4689,4.310845765857204,0.013699938557692803,-0.4826579166110605,0.16613517864607275,0.11962545197457075,-143.1757824420929,81.70728068875466,0.014395001271623187,81.70728068875466,0.0003,18.63138023018837,25280,0.027079832943854854
43,,,0.03047923743724823,,203200,0.0,100.0,2032,354.647,,4689,,,,,,,,,,,,,
43,3.0,0.0,0.0305283572524786,0.0,204000,0.0,100.0,2036,353.6339,0.0,4712,4.214081203853229,0.01418368928716518,-3.024226333014667,0.1617618582677096,0.11827541748061776,-143.6743245124817,81.70728068875466,0.014341068264911883,81.70728068875466,0.0003,18.20007473230362,25408,0.02658970994525589
43,,,0.0305283572524786,,204000,0.0,100.0,2040,353.6339,,4712,,,,,,,,,,,,,
43,3.0,0.0,0.0305540282279253,0.0,204800,0.0,100.0,2044,354.39886,0.0,4725,4.605290749984834,0.013980675306811463,0.15754831419326365,0.16739517264068127,0.11954180151224136,-143.90425086021423,81.70728068875466,0.014254014517064206,81.70728068875466,0.0003,19.005108296871185,25472,0.027458886994281784
43,,,0.0305540282279253,,204800,0.0,100.0,2048,354.39886,,4725,,,,,,,,,,,,,
43,3.0,0.0,0.030604412779211998,0.0,205600,0.0,100.0,2052,354.47757,0.0,4748,4.357082778446175,0.014211985115252901,-0.9329188214614987,0.1639747789595276,0.11666711396537721,-144.38343048095703,81.70728068875466,0.014173960851621814,81.70728068875466,0.0003,18.343332558870316,25600,0.026313151029171422
43,,,0.030604412779211998,,205600,0.0,100.0,2056,354.47757,,4748,,,,,,,,,,,,,
43,3.0,0.0,0.030649591237306595,0.0,206400,0.0,100.0,2060,354.23615,0.0,4771,4.4065200390865575,0.014830185929895379,-2.274733148398809,0.1646441591437906,0.117810731055215,-144.66835737228394,81.70728068875466,0.014025921278516762,81.70728068875466,0.0003,18.451917067170143,25728,0.02879193428088911
43,,,0.030649591237306595,,206400,0.0,100.0,2064,354.23615,,4771,,,,,,,,,,,,,
43,3.0,0.0,0.03067232109606266,0.0,207200,0.0,100.0,2068,353.01254,0.0,4785,4.357977897332896,0.013861683997674845,-1.9298136616125703,0.16379613988101482,0.11688538058660924,-145.01267743110657,81.70728068875466,0.013963965044240467,81.70728068875466,0.0003,18.32161182165146,25792,0.026442845351994038
43,,,0.03067232109606266,,207200,0.0,100.0,2072,353.01254,,4785,,,,,,,,,,,,,
43,3.0,0.0,0.030721567571163177,0.0,208000,0.0,100.0,2076,354.8619,0.0,4809,4.102373921807076,0.013703644122870173,-0.6748983267461881,0.16505859373137355,0.1182570728706196,-145.3535978794098,81.70728068875466,0.013886496089980938,81.70728068875466,0.0003,18.57599374651909,25920,0.02886434007086791
43,,,0.030721567571163177,,208000,0.0,100.0,2080,354.8619,,4809,,,,,,,,,,,,,
43,3.0,0.0,0.030745359137654305,0.0,208800,0.0,100.0,2084,355.9509,0.0,4822,4.582709399744066,0.013656920287758112,-2.390404763398692,0.16290519898757339,0.1185288499109447,-145.5110833644867,81.70728068875466,0.013827041839249432,81.70728068875466,0.0003,17.958909928798676,25984,0.02527395955985412
43,,,0.030745359137654305,,208800,0.0,100.0,2088,355.9509,,4822,,,,,,,,,,,,,
43,2.61,0.0,0.030795009806752205,0.0,209600,0.0,100.0,2092,355.7168,0.0,4847,4.183123659349508,0.014496138275717385,0.24166922643780708,0.1659381848294288,0.12004168576095253,-145.5336787700653,81.70728068875466,0.013728475983953103,81.70728068875466,0.0003,18.762766510248184,26112,0.027313713828334585
43,,,0.030795009806752205,,209600,0.0,100.0,2096,355.7168,,4847,,,,,,,,,,,,,
43,3.0,0.0,0.030816439539194107,0.0,210400,0.0,100.0,2100,356.3158,0.0,4860,4.120259418827945,0.012953318379004486,-3.1792252648156136,0.16553453938104212,0.11858075205236673,-146.16669464111328,81.70728068875466,0.013693690751097165,81.70728068875466,0.0003,18.46120196580887,26176,0.0273080290062353
43,,,0.030816439539194107,,210400,0.0,100.0,2104,356.3158,,4860,,,,,,,,,,,,,
43,3.0,0.0,0.030859654769301414,0.0,211200,0.0,100.0,2108,355.38983,0.0,4883,4.467142113868861,0.014879769398248754,-1.5566794851329178,0.16697381157428026,0.12156021955888718,-146.1903305053711,81.70728068875466,0.013513414669432677,81.70728068875466,0.0003,18.786501616239548,26304,0.027956356556387618
43,,,0.030859654769301414,,211200,0.0,100.0,2112,355.38983,,4883,,,,,,,,,,,,,
43,3.0,0.0,0.030905764549970627,0.0,212000,0.0,100.0,2116,355.26547,0.0,4907,4.292266579941634,0.01469616284884978,-2.0967377312481403,0.16673808824270964,0.12008328200317919,-146.70581245422363,81.70728068875466,0.013414208602625877,81.70728068875466,0.0003,18.433612763881683,26432,0.027380360523238778
43,,,0.030905764549970627,,212000,0.0,100.0,2120,355.26547,,4907,,,,,,,,,,,,,
43,3.0,0.0,0.030921824276447296,0.0,212800,0.0,100.0,2124,354.307,0.0,4921,4.621645983554047,0.014796418487094343,-3.9478284437209368,0.16388729703612626,0.12040021794382483,-146.75826001167297,81.70728068875466,0.013287649373523891,81.70728068875466,0.0003,18.04657292366028,26496,0.025907842442393303
43,,,0.030921824276447296,,212800,0.0,100.0,2128,354.307,,4921,,,,,,,,,,,,,
43,2.61,0.0,0.030967965722084045,0.0,213600,0.0,100.0,2132,354.2848,0.0,4944,4.306244158848032,0.016269166313577443,-1.908550945110619,0.1624168478883803,0.11821821762714535,-147.05751538276672,81.70728068875466,0.0131177587172715,81.70728068875466,0.0003,18.26009777188301,26624,0.027633211808279157
43,,,0.030967965722084045,,213600,0.0,100.0,2136,354.2848,,4944,,,,,,,,,,,,,
43,3.0,0.0,0.030988212674856186,0.0,214400,0.0,100.0,2140,353.9696,0.0,4958,4.517524555249891,0.013831697549903765,-2.9021363768260926,0.16219617007300258,0.11668624018784612,-147.6480519771576,81.70728068875466,0.01304931117920205,81.70728068875466,0.0003,17.935369849205017,26688,0.02708852912473958
43,,,0.030988212674856186,,214400,0.0,100.0,2144,353.9696,,4958,,,,,,,,,,,,,
43,3.0,0.0,0.03102760761976242,0.0,215200,0.0,100.0,2148,352.8721,0.0,4980,4.548640591196496,0.013688306105905212,-2.635690570808947,0.16328332177363336,0.11717874591704458,-148.10016918182373,81.70728068875466,0.012905458759632893,81.70728068875466,0.0003,18.448149144649506,26816,0.027824042030260898
43,,,0.03102760761976242,,215200,0.0,100.0,2152,352.8721,,4980,,,,,,,,,,,,,
43,3.0,0.0,0.03104846552014351,0.0,216000,0.0,100.0,2156,353.60867,0.0,4994,4.539730977624826,0.015191502010566182,-3.009353897534311,0.16278545232489705,0.12101631017867476,-147.80137705802917,81.70728068875466,0.012802920944523066,81.70728068875466,0.0003,18.282279565930367,26880,0.02818749993457459
43,,,0.03104846552014351,,216000,0.0,100.0,2160,353.60867,,4994,,,,,,,,,,,,,
43,3.0,0.0,0.031088661402463913,0.0,216800,0.0,100.0,2164,353.89603,0.0,5016,4.47286594720074,0.016707283939467743,-3.3479935380164534,0.1658353649545461,0.12300330703146756,-147.90859866142273,81.70728068875466,0.012625564850168303,81.70728068875466,0.0003,18.58219739794731,27008,0.02789860506891273
43,,,0.031088661402463913,,216800,0.0,100.0,2168,353.89603,,5016,,,,,,,,,,,,,
43,2.76,0.0,0.031107887625694275,0.0,217600,0.0,100.0,2172,351.54803,0.0,5030,3.9106152465039177,0.018230244764708914,-2.727014899253845,0.16336102015338838,0.12439174496103078,-147.8289749622345,81.70728068875466,0.012529859464848414,81.70728068875466,0.0003,18.461771607398987,27072,0.029239244147902355
43,,,0.031107887625694275,,217600,0.0,100.0,2176,351.54803,,5030,,,,,,,,,,,,,
43,3.0,0.0,0.031150707975029945,0.0,218400,0.0,100.0,2180,353.04333,0.0,5053,4.710631402945248,0.015381314253318124,-1.7592995606246404,0.1631844185758382,0.11747697426471859,-149.11477756500244,81.70728068875466,0.01240883843274787,81.70728068875466,0.0003,18.24011179804802,27200,0.028337161609670147
43,,,0.031150707975029945,,218400,0.0,100.0,2184,353.04333,,5053,,,,,,,,,,,,,
43,2.85,0.0,0.031189212575554848,0.0,219200,0.0,100.0,2188,352.66226,0.0,5076,4.478866414192887,0.016258857962384354,-3.1968396017327905,0.16099648014642298,0.11869875295087695,-149.14128947257996,81.70728068875466,0.012269743252545595,81.70728068875466,0.0003,18.375625014305115,27328,0.030794973514275625
43,,,0.031189212575554848,,219200,0.0,100.0,2192,352.66226,,5076,,,,,,,,,,,,,
43,3.0,0.0,0.031208615750074387,0.0,220000,0.0,100.0,2196,352.7759,0.0,5089,4.482396125093815,0.015461403978406452,-2.405193482642062,0.162871730979532,0.12080299598164856,-148.95992398262024,81.70728068875466,0.012182874925201759,81.70728068875466,0.0003,18.381811797618866,27392,0.029445813852362335
43,,,0.031208615750074387,,220000,0.0,100.0,2200,352.7759,,5089,,,,,,,,,,,,,
43,3.0,0.0,0.031247049570083618,0.0,220800,0.0,100.0,2204,354.1352,0.0,5111,4.847402843559925,0.01677857579488773,-3.293524459237233,0.16620117356069386,0.12153849843889475,-149.62004160881042,80.07313507497959,0.012033453182084486,80.07313507497959,0.0003,18.503105223178864,27520,0.030405841127503663
43,,,0.031247049570083618,,220800,0.0,100.0,2208,354.1352,,5111,,,,,,,,,,,,,
43,3.0,0.0,0.03126223385334015,0.0,221600,0.0,100.0,2212,355.01117,0.0,5127,4.830769235062203,0.015169009158853441,-4.228185013169423,0.16120319324545562,0.11751587176695466,-150.2050096988678,80.07313507497959,0.011924062870093621,80.07313507497959,0.0003,17.764648973941803,27584,0.029174051800509915
43,,,0.03126223385334015,,221600,0.0,100.0,2216,355.01117,,5127,,,,,,,,,,,,,
43,3.0,0.0,0.03130201995372772,0.0,222400,0.0,100.0,2220,355.88138,0.0,5150,4.532042796626367,0.015154871900449507,-1.0307770714862272,0.16288883425295353,0.11645332700572908,-150.6454770565033,80.07313507497959,0.011760737645090558,80.07313507497959,0.0003,18.035010993480682,27712,0.029717224650084972
43,,,0.03130201995372772,,222400,0.0,100.0,2224,355.88138,,5150,,,,,,,,,,,,,
43,3.0,0.0,0.0313221737742424,0.0,223200,0.0,100.0,2228,356.25214,0.0,5164,4.766298159553889,0.013908235254348256,-2.6588659370318055,0.16000229842029512,0.11722745141014457,-150.795889377594,80.07313507497959,0.01173448859481141,80.07313507497959,0.0003,17.484035551548004,27776,0.027435244410298765
43,,,0.0313221737742424,,223200,0.0,100.0,2232,356.25214,,5164,,,,,,,,,,,,,
43,3.0,0.0,0.031357310712337494,0.0,224000,0.0,100.0,2236,356.64542,0.0,5188,4.15596202318033,0.014232065645046532,-5.6593709630542435,0.15863729920238256,0.11826477106660604,-151.04122471809387,80.07313507497959,0.011568829111638479,80.07313507497959,0.0003,17.222241088747978,27904,0.026488459086976945
43,,,0.031357310712337494,,224000,0.0,100.0,2240,356.64542,,5188,,,,,,,,,,,,,
43,2.64,0.0,0.03139054775238037,0.0,224800,0.0,100.0,2244,356.3711,0.0,5212,4.016114503118135,0.014037177599675488,-3.449278617044911,0.16338733257725835,0.12115452892612666,-151.2281951904297,80.07313507497959,0.011353998343111016,80.07313507497959,0.0003,17.659007653594017,28032,0.027282161347102374
43,,,0.03139054775238037,,224800,0.0,100.0,2248,356.3711,,5212,,,,,,,,,,,,,
43,3.0,0.0,0.03141431882977486,0.0,225600,0.0,100.0,2252,355.2588,0.0,5225,4.45247453942824,0.015639211647794582,-2.1567987750750035,0.16034598019905388,0.12400200963020325,-151.00117778778076,80.07313507497959,0.011279818587354384,80.07313507497959,0.0003,17.498219341039658,28096,0.02793649611703586
43,,,0.03141431882977486,,225600,0.0,100.0,2256,355.2588,,5225,,,,,,,,,,,,,
43,2.55,0.0,0.03144728019833565,0.0,226400,0.0,100.0,2260,355.27716,0.0,5249,4.295171016159022,0.014065395909710787,-4.25869009969756,0.16221765032969415,0.12271668098401278,-151.55583310127258,80.07313507497959,0.011152942868648097,80.07313507497959,0.0003,17.45263196527958,28224,0.02659930777736008
43,,,0.03144728019833565,,226400,0.0,100.0,2264,355.27716,,5249,,,,,,,,,,,,,
43,2.61,0.0,0.031460247933864594,0.0,227200,0.0,100.0,2268,354.95792,0.0,5263,4.0978744552160675,0.01524904932739446,-3.523072298266925,0.1609334461390972,0.12163391418289393,-151.57536673545837,80.07313507497959,0.011055818758904934,80.07313507497959,0.0003,17.640571519732475,28288,0.028251614567125216
43,,,0.031460247933864594,,227200,0.0,100.0,2272,354.95792,,5263,,,,,,,,,,,,,
43,3.0,0.0,0.03150000423192978,0.0,228000,0.0,100.0,2276,356.19168,0.0,5286,4.694018320544642,0.013094615358568262,-1.7798161969985813,0.15944641293026507,0.11609337315894663,-152.46965217590332,80.07313507497959,0.010932382283499464,80.07313507497959,0.0003,17.314837247133255,28416,0.025774958659894764
43,,,0.03150000423192978,,228000,0.0,100.0,2280,356.19168,,5286,,,,,,,,,,,,,
43,3.0,0.0,0.031510885804891586,0.0,228800,0.0,100.0,2284,356.17938,0.0,5300,4.662115492213744,0.016134483521454968,-4.269858595682308,0.15965311485342681,0.12203006178606302,-151.98836970329285,80.07313507497959,0.01085308799520135,80.07313507497959,0.0003,17.165788397192955,28480,0.025741009769262746
43,,,0.031510885804891586,,228800,0.0,100.0,2288,356.17938,,5300,,,,,,,,,,,,,
43,3.0,0.0,0.031544607132673264,0.0,229600,0.0,100.0,2292,357.05453,0.0,5324,4.868037208344342,0.014838961375062354,-2.7335998211055994,0.15523098059929907,0.11728843220043927,-152.92765069007874,80.07313507497959,0.010705903812777251,80.07313507497959,0.0003,16.890215158462524,28608,0.02619667525868863
43,,,0.031544607132673264,,229600,0.0,100.0,2296,357.05453,,5324,,,,,,,,,,,,,
43,3.0,0.0,0.03155688941478729,0.0,230400,0.0,100.0,2300,357.52405,0.0,5338,4.3727677270282,0.01342002404271625,-4.05249204300344,0.15626790234819055,0.1165875947335735,-153.15984797477722,80.07313507497959,0.010625420894939452,80.07313507497959,0.0003,16.954252183437347,28672,0.026199420040939003
43,,,0.03155688941478729,,230400,0.0,100.0,2304,357.52405,,5338,,,,,,,,,,,,,
43,2.07,0.0,0.03157786279916763,0.0,231200,0.0,100.0,2308,354.9999,0.0,5362,3.820009169708226,0.014858539652777836,-3.773829284706153,0.15929163782857358,0.1191300805658102,-152.91907119750977,80.07313507497959,0.01042085031804163,80.07313507497959,0.0003,17.449597969651222,28800,0.027056634542532265
43,,,0.03157786279916763,,231200,0.0,100.0,2312,354.9999,,5362,,,,,,,,,,,,,
43,2.64,0.0,0.03160204738378525,0.0,232000,0.0,100.0,2316,352.62003,0.0,5385,4.005528792202222,0.016223476646700874,-2.326041592983529,0.16044856188818812,0.1215251701651141,-152.95463371276855,80.07313507497959,0.01028246057103388,80.07313507497959,0.0003,17.413444235920906,28928,0.025932420045137405
43,,,0.03160204738378525,,232000,0.0,100.0,2320,352.62003,,5385,,,,,,,,,,,,,
43,2.61,0.0,0.03161498159170151,0.0,232800,0.0,100.0,2324,352.87375,0.0,5400,4.673237297240789,0.014407427552214358,-3.4401855679461733,0.16071708872914314,0.11885506880935282,-153.30719351768494,80.07313507497959,0.010228678977000527,80.07313507497959,0.0003,17.754226699471474,28992,0.02704477380029857
43,,,0.03161498159170151,,232800,0.0,100.0,2328,352.87375,,5400,,,,,,,,,,,,,
43,3.0,0.0,0.03163920342922211,0.0,233600,0.0,100.0,2332,353.45837,0.0,5424,4.598110861733822,0.013791038552881218,-2.452072225511074,0.15699565270915627,0.11748298327438533,-153.79325985908508,80.07313507497959,0.010082814798806794,80.07313507497959,0.0003,17.19012688100338,29120,0.026202217733953148
43,,,0.03163920342922211,,233600,0.0,100.0,2336,353.45837,,5424,,,,,,,,,,,,,
43,3.0,0.0,0.03165355697274208,0.0,234400,0.0,100.0,2340,352.9136,0.0,5438,4.70044094136355,0.014699027524329722,-1.561335816513747,0.1574099068529904,0.11734792997594923,-153.77911257743835,80.07313507497959,0.010033831465989351,80.07313507497959,0.0003,17.058366805315018,29184,0.025456520277657546
43,,,0.03165355697274208,,234400,0.0,100.0,2344,352.9136,,5438,,,,,,,,,,,,,
43,2.79,0.0,0.03167164698243141,0.0,235200,0.0,100.0,2348,355.77612,0.0,5461,4.911366508609614,0.015460298913239967,-4.289952601771802,0.15716623212210834,0.12015130906365812,-153.75618815422058,80.07313507497959,0.009896139163174666,80.07313507497959,0.0003,17.144264593720436,29312,0.02671234551235102
43,,,0.03167164698243141,,235200,0.0,100.0,2352,355.77612,,5461,,,,,,,,,,,,,
43,3.0,0.0,0.03168398514389992,0.0,236000,0.0,100.0,2356,358.2091,0.0,5476,4.8578090415166635,0.015327012559282593,-4.106673778966069,0.15978910843841732,0.11954213073477149,-154.04721522331238,80.07313507497959,0.009807680849917233,80.07313507497959,0.0003,17.55027212202549,29376,0.02616433662478812
43,,,0.03168398514389992,,236000,0.0,100.0,2360,358.2091,,5476,,,,,,,,,,,,,
43,3.0,0.0,0.031708408147096634,0.0,236800,0.0,100.0,2364,358.76968,0.0,5501,4.525646759401938,0.014754726136743557,-2.593628704082221,0.1543010571040213,0.11592895758803934,-154.64816856384277,80.07313507497959,0.009705440053949133,80.07313507497959,0.0003,17.111347779631615,29504,0.027613452344667166
43,,,0.031708408147096634,,236800,0.0,100.0,2368,358.76968,,5501,,,,,,,,,,,,,
42,2.94,0.0,0.031733281910419464,0.0,237600,0.0,100.0,2372,359.73917,0.0,5528,4.546804984328234,0.014821797813056037,-3.3623099606484175,0.15683057717978954,0.11619809980038553,-154.76544189453125,80.07313507497959,0.0095728580490686,80.07313507497959,0.0003,17.437336191534996,29632,0.026207965580397286
42,,,0.031733281910419464,,237600,0.0,100.0,2376,359.73917,,5528,,,,,,,,,,,,,
43,3.0,0.0,0.031737327575683594,0.0,238400,0.0,100.0,2380,359.40915,0.0,5542,4.4656822484086245,0.014953094017982949,-5.21764407819137,0.15702414931729436,0.11738968081772327,-154.82699131965637,80.07313507497959,0.009475829589064233,80.07313507497959,0.0003,17.263086661696434,29696,0.02637851404142566
43,,,0.031737327575683594,,238400,0.0,100.0,2384,359.40915,,5542,,,,,,,,,,,,,
42,2.79,0.0,0.03175206482410431,0.0,239200,0.0,100.0,2388,357.92804,0.0,5565,4.292664223699725,0.01481426374084549,-4.6669961048755795,0.15402004751376808,0.11793966928962618,-154.92609405517578,80.07313507497959,0.009276914439396933,80.07313507497959,0.0003,16.79627473652363,29824,0.025092415875406004
42,,,0.03175206482410431,,239200,0.0,100.0,2392,357.92804,,5565,,,,,,,,,,,,,
43,2.76,0.0,0.03176278620958328,0.0,240000,0.0,100.0,2396,355.5875,0.0,5578,4.085935566097182,0.015262918110238388,-2.6592524121515453,0.15662544663064182,0.11904763232450932,-154.96891283988953,80.07313507497959,0.009197943480103277,80.07313507497959,0.0003,17.139335811138153,29888,0.026157470158068463
43,,,0.03176278620958328,,240000,0.0,100.0,2400,355.5875,,5578,,,,,,,,,,,,,
42,3.0,0.0,0.03177632763981819,0.0,240800,0.0,100.0,2404,358.11346,0.0,5602,4.894678815536309,0.014260995900258422,-4.4816270415904,0.1599820563569665,0.1172492983750999,-155.5125994682312,78.47167237347999,0.00904419063590467,78.47167237347999,0.0003,17.401964008808136,30016,0.02759039361262694
42,,,0.03177632763981819,,240800,0.0,100.0,2408,358.11346,,5602,,,,,,,,,,,,,
43,3.0,0.0,0.03178473562002182,0.0,241600,0.0,100.0,2412,360.6938,0.0,5616,4.484435215013198,0.01423259754665196,-3.5475603556260467,0.1559418560937047,0.1176398181123659,-155.63085007667542,78.47167237347999,0.00895721533743199,78.47167237347999,0.0003,16.643171593546867,30080,0.02406210484332405
43,,,0.03178473562002182,,241600,0.0,100.0,2416,360.6938,,5616,,,,,,,,,,,,,
42,3.0,0.0,0.031791381537914276,0.0,242400,0.0,100.0,2420,358.70435,0.0,5638,4.229069765858702,0.016095455255708657,-3.907953693997115,0.15779541246592999,0.12582069158088416,-155.27088165283203,78.47167237347999,0.008761845747358166,78.47167237347999,0.0003,16.89573772251606,30208,0.02453256622538902
42,,,0.031791381537914276,,242400,0.0,100.0,2424,358.70435,,5638,,,,,,,,,,,,,
43,3.0,0.0,0.031798042356967926,0.0,243200,0.0,100.0,2428,359.06683,0.0,5652,4.639116381574656,0.014973246659792494,-4.1473385081626475,0.15532201435416937,0.12289610633160919,-155.6466691493988,78.47167237347999,0.008697721204953268,78.47167237347999,0.0003,16.67954784631729,30272,0.0252415367285721
43,,,0.031798042356967926,,243200,0.0,100.0,2432,359.06683,,5652,,,,,,,,,,,,,
42,3.0,0.0,0.031802691519260406,0.0,244000,0.0,100.0,2436,360.35004,0.0,5676,4.579209672627484,0.013912377587985247,-5.927155727520585,0.15905233868397772,0.11828004033304751,-156.40381360054016,78.47167237347999,0.008528499733074568,78.47167237347999,0.0003,16.961317777633667,30400,0.02515405832673423
42,,,0.031802691519260406,,244000,0.0,100.0,2440,360.35004,,5676,,,,,,,,,,,,,
42,2.25,0.0,0.03181172534823418,0.0,244800,0.0,100.0,2444,358.93518,0.0,5701,4.030370887475923,0.013324215040483978,-5.276575171388686,0.1566354709211737,0.11664890474639833,-156.68177676200867,78.47167237347999,0.008360320411156863,78.47167237347999,0.0003,16.68935938179493,30528,0.025234553599148057
42,,,0.03181172534823418,,244800,0.0,100.0,2448,358.93518,,5701,,,,,,,,,,,,,
42,2.97,0.0,0.03181705251336098,0.0,245600,0.0,100.0,2452,358.5716,0.0,5717,4.848860439608369,0.013310463291418273,-4.064574705902487,0.15509849274531007,0.11657189356628805,-156.75908851623535,78.47167237347999,0.008279305140604265,78.47167237347999,0.0003,16.58096317946911,30592,0.02450084435986355
42,,,0.03181705251336098,,245600,0.0,100.0,2456,358.5716,,5717,,,,,,,,,,,,,
42,3.0,0.0,0.03181980177760124,0.0,246400,0.0,100.0,2460,359.6859,0.0,5741,4.802358890352436,0.013071232395304833,-3.2278042815160006,0.15312429424375296,0.11716548749245703,-156.97350573539734,78.47167237347999,0.008132909511914477,78.47167237347999,0.0003,16.511428475379944,30720,0.024263633385999128
42,,,0.03181980177760124,,246400,0.0,100.0,2464,359.6859,,5741,,,,,,,,,,,,,
42,3.0,0.0,0.0318220816552639,0.0,247200,0.0,100.0,2468,360.84534,0.0,5754,4.863767369079486,0.012894185914774425,-3.380287539679557,0.1510837262030691,0.11282153136562556,-157.44884300231934,78.47167237347999,0.008086323461611755,78.47167237347999,0.0003,16.101617828011513,30784,0.023803487740224227
42,,,0.0318220816552639,,247200,0.0,100.0,2472,360.84534,,5754,,,,,,,,,,,,,
42,3.0,0.0,0.031833671033382416,0.0,248000,0.0,100.0,2476,361.4238,0.0,5778,4.8421554344022475,0.013048088330833707,-3.1650898053776473,0.1659037028439343,0.11629431846085936,-157.60485744476318,78.47167237347999,0.007992376777110621,78.47167237347999,0.0003,17.78291057050228,30912,0.026544041495071724
42,,,0.031833671033382416,,248000,0.0,100.0,2480,361.4238,,5778,,,,,,,,,,,,,
42,2.97,0.0,0.03183996304869652,0.0,248800,0.0,100.0,2484,362.00922,0.0,5792,4.664139623112211,0.012668160947214346,-3.2359838786069304,0.1597750480286777,0.11291590740438551,-157.98729014396667,78.47167237347999,0.007941247517010197,78.47167237347999,0.0003,17.093648582696915,30976,0.024267926841275766
42,,,0.03183996304869652,,248800,0.0,100.0,2488,362.00922,,5792,,,,,,,,,,,,,
42,3.0,0.0,0.031836967915296555,0.0,249600,0.0,100.0,2492,363.37344,0.0,5815,4.705609170249366,0.014027114579221234,-4.151783199515194,0.1552962849382311,0.11635855305939913,-157.81764698028564,78.47167237347999,0.007773857214488089,78.47167237347999,0.0003,16.41994547843933,31104,0.024962879775557667
42,,,0.031836967915296555,,249600,0.0,100.0,2496,363.37344,,5815,,,,,,,,,,,,,
42,2.61,0.0,0.031838517636060715,0.0,250400,0.0,100.0,2500,361.54272,0.0,5840,4.62290635047427,0.01331408124679001,-4.220424958388321,0.15110987261869013,0.11424426129087806,-158.34114599227905,78.47167237347999,0.0076335642879712395,78.47167237347999,0.0003,15.987543120980263,31232,0.023773534092470072
42,,,0.031838517636060715,,250400,0.0,100.0,2504,361.54272,,5840,,,,,,,,,,,,,
42,2.94,0.0,0.031840644776821136,0.0,251200,0.0,100.0,2508,361.49777,0.0,5855,4.410685080225658,0.014110650241491385,-3.8604187385644764,0.1531377974897623,0.1124385183211416,-158.74704122543335,78.47167237347999,0.007568090077256784,78.47167237347999,0.0003,16.346583247184753,31296,0.025454552203882486
42,,,0.031840644776821136,,251200,0.0,100.0,2512,361.49777,,5855,,,,,,,,,,,,,
42,3.0,0.0,0.03184114024043083,0.0,252000,0.0,100.0,2516,363.0884,0.0,5878,4.567434842935925,0.013626581996504683,-5.671735933050513,0.1553344966378063,0.1156719250138849,-158.7619593143463,78.47167237347999,0.007435954124957789,78.47167237347999,0.0003,16.594350934028625,31424,0.024506514324457385
42,,,0.03184114024043083,,252000,0.0,100.0,2520,363.0884,,5878,,,,,,,,,,,,,
42,3.0,0.0,0.03183945640921593,0.0,252800,0.0,100.0,2524,364.56323,0.0,5892,4.730051899736876,0.013565936642407905,-3.3003252306953073,0.14702102378942072,0.11200267577078193,-159.30107712745667,78.47167237347999,0.007356045542110223,78.47167237347999,0.0003,15.66702225804329,31488,0.02439654264890123
42,,,0.03183945640921593,,252800,0.0,100.0,2528,364.56323,,5892,,,,,,,,,,,,,
42,3.0,0.0,0.03183985501527786,0.0,253600,0.0,100.0,2532,364.10147,0.0,5915,4.397885397697945,0.013051756599452347,-4.967025896999985,0.1491491545457393,0.11255161522421986,-159.4061722755432,78.47167237347999,0.0072418789932271466,78.47167237347999,0.0003,15.798892185091972,31616,0.02379262931935955
42,,,0.03183985501527786,,253600,0.0,100.0,2536,364.10147,,5915,,,,,,,,,,,,,
42,3.0,0.0,0.03184124454855919,0.0,254400,0.0,100.0,2540,362.91122,0.0,5928,4.231071346143232,0.015749316109577194,-4.689287789165974,0.14957205043174326,0.1154684127541259,-159.2745816707611,78.47167237347999,0.007170541692175902,78.47167237347999,0.0003,15.87610487639904,31680,0.02448748127790168
42,,,0.03184124454855919,,254400,0.0,100.0,2544,362.91122,,5928,,,,,,,,,,,,,
42,3.0,0.0,0.03184310719370842,0.0,255200,0.0,100.0,2548,364.19724,0.0,5951,4.778704008435299,0.012877874440164305,-4.471510822419077,0.15100086061283946,0.11170386068988591,-159.93148803710938,78.47167237347999,0.007049073792586569,78.47167237347999,0.0003,16.240198999643326,31808,0.025080886742216535
42,,,0.03184310719370842,,255200,0.0,100.0,2552,364.19724,,5951,,,,,,,,,,,,,
42,3.0,0.0,0.03184494003653526,0.0,256000,0.0,100.0,2556,362.77286,0.0,5966,4.310051307036639,0.01288895168545423,-4.866368390386924,0.14801606140099466,0.1124402335844934,-159.99002814292908,78.47167237347999,0.006992606118728872,78.47167237347999,0.0003,15.5204798579216,31872,0.023729618289507926
42,,,0.03184494003653526,,256000,0.0,100.0,2560,362.77286,,5966,,,,,,,,,,,,,
42,3.0,0.0,0.03184453397989273,0.0,256800,0.0,100.0,2564,362.92148,0.0,5990,4.649271887029377,0.013338339660549536,-3.147843105252832,0.1489152244757861,0.1120757678290829,-160.32274079322815,78.47167237347999,0.006872257603390608,78.47167237347999,0.0003,16.023404642939568,32000,0.025355509016662836
42,,,0.03184453397989273,,256800,0.0,100.0,2568,362.92148,,5990,,,,,,,,,,,,,
42,3.0,0.0,0.03183842822909355,0.0,257600,0.0,100.0,2572,362.15247,0.0,6013,4.617908046718801,0.013165945427317638,-4.743141017388552,0.14952371967956424,0.10982127313036472,-160.68906211853027,78.47167237347999,0.006760271106031723,78.47167237347999,0.0003,15.922022894024849,32128,0.02387929314863868
42,,,0.03183842822909355,,257600,0.0,100.0,2576,362.15247,,6013,,,,,,,,,,,,,
42,3.0,0.0,0.0318378210067749,0.0,258400,0.0,100.0,2580,360.82544,0.0,6027,4.573488969975444,0.014462810664554127,-3.1498799030669034,0.14878234080970287,0.11077223229222,-160.69784808158875,78.47167237347999,0.006703804239805322,78.47167237347999,0.0003,15.786974340677261,32192,0.02465371842845343
42,,,0.0318378210067749,,258400,0.0,100.0,2584,360.82544,,6027,,,,,,,,,,,,,
42,3.0,0.0,0.03184085339307785,0.0,259200,0.0,100.0,2588,360.64044,0.0,6050,4.665183887514701,0.013272458454594016,-6.005726728122681,0.14996557892300189,0.11541628034319729,-160.65494441986084,78.47167237347999,0.006615570375288371,78.47167237347999,0.0003,15.793609142303467,32320,0.024200119732995518
42,,,0.03184085339307785,,259200,0.0,100.0,2592,360.64044,,6050,,,,,,,,,,,,,
42,3.0,0.0,0.03183705359697342,0.0,260000,0.0,100.0,2596,361.66272,0.0,6064,4.536594698171218,0.012469984918425325,-3.9633553507737815,0.1468682917766273,0.11143369332421571,-161.2059133052826,78.47167237347999,0.006547916156705469,78.47167237347999,0.0003,15.464602246880531,32384,0.02353050843521487
42,,,0.03183705359697342,,260000,0.0,100.0,2600,361.66272,,6064,,,,,,,,,,,,,
42,3.0,0.0,0.03183816373348236,0.0,260800,0.0,100.0,2604,362.95258,0.0,6086,4.768597988121991,0.011717385765223298,-2.8255984142888337,0.14588685613125563,0.11035362293478101,-161.67982244491577,76.90223892601038,0.006440426295739599,76.90223892601038,0.0003,14.865810930728912,32512,0.021181168005568907
42,,,0.03183816373348236,,260800,0.0,100.0,2608,362.95258,,6086,,,,,,,,,,,,,
42,3.0,0.0,0.03183426335453987,0.0,261600,0.0,100.0,2612,364.05554,0.0,6099,4.865472776314,0.012227337254444137,-4.17994404444471,0.1456802529282868,0.10979428316932172,-161.72947907447815,76.90223892601038,0.00639658539876109,76.90223892601038,0.0003,14.97776834666729,32576,0.022893789049703628
42,,,0.03183426335453987,,261600,0.0,100.0,2616,364.05554,,6099,,,,,,,,,,,,,
42,3.0,0.0,0.031834475696086884,0.0,262400,0.0,100.0,2620,364.08905,0.0,6123,4.468577393467636,0.012384232832118869,-2.7619684231467545,0.14547253283672035,0.10921109898481518,-161.98549270629883,76.90223892601038,0.006323941001028288,76.90223892601038,0.0003,14.871802121400833,32704,0.021279891720041633
42,,,0.031834475696086884,,262400,0.0,100.0,2624,364.08905,,6123,,,,,,,,,,,,,
42,2.64,0.0,0.0318283885717392,0.0,263200,0.0,100.0,2628,363.3059,0.0,6146,4.568876763280027,0.01322501357208239,-2.1972612012177706,0.14946358744055033,0.10977122560143471,-162.1489462852478,76.90223892601038,0.0062422758201137185,76.90223892601038,0.0003,15.76503749191761,32832,0.02477738683228381
42,,,0.0318283885717392,,263200,0.0,100.0,2632,363.3059,,6146,,,,,,,,,,,,,
42,3.0,0.0,0.03182695806026459,0.0,264000,0.0,100.0,2636,362.8182,0.0,6160,4.147480521836929,0.013935906688857358,-3.4708588945213705,0.14517892012372613,0.11130107415374368,-162.06427812576294,76.90223892601038,0.00620724237523973,76.90223892601038,0.0003,14.984986051917076,32896,0.022817188539193012
42,,,0.03182695806026459,,264000,0.0,100.0,2640,362.8182,,6160,,,,,,,,,,,,,
42,3.0,0.0,0.0318257212638855,0.0,264800,0.0,100.0,2644,363.31177,0.0,6183,4.678338645636374,0.01358622164116241,-2.402751731686294,0.14506842102855444,0.11076214222703129,-162.36689162254333,76.90223892601038,0.006132974907814059,76.90223892601038,0.0003,14.923398911952972,33024,0.02284877460624557
42,,,0.0318257212638855,,264800,0.0,100.0,2648,363.31177,,6183,,,,,,,,,,,,,
42,3.0,0.0,0.03182529658079147,0.0,265600,0.0,100.0,2652,363.5008,0.0,6196,4.617346607844018,0.012628727170522325,-1.9892205118667334,0.1445796419866383,0.1129009579308331,-162.391366481781,76.90223892601038,0.006111151749792043,76.90223892601038,0.0003,14.969452247023582,33088,0.022220167418709025
42,,,0.03182529658079147,,265600,0.0,100.0,2656,363.5008,,6196,,,,,,,,,,,,,
42,3.0,0.0,0.03182724863290787,0.0,266400,0.0,100.0,2660,364.73105,0.0,6219,4.56140746805783,0.013576514480519108,-2.760034219129011,0.14321520645171404,0.11097219632938504,-162.64379572868347,76.90223892601038,0.0060788229093304835,76.90223892601038,0.0003,14.851413533091545,33216,0.02288779713853728
42,,,0.03182724863290787,,266400,0.0,100.0,2664,364.73105,,6219,,,,,,,,,,,,,
42,2.82,0.0,0.03182581812143326,0.0,267200,0.0,100.0,2668,361.8884,0.0,6233,4.0299432128602515,0.013953086803667247,-3.413429817184806,0.14688371634110808,0.11087756557390094,-162.7008728981018,76.90223892601038,0.0060402677045203745,76.90223892601038,0.0003,15.292840406298637,33280,0.024512781004887074
42,,,0.03182581812143326,,267200,0.0,100.0,2672,361.8884,,6233,,,,,,,,,,,,,
42,2.61,0.0,0.031824465841054916,0.0,268000,0.0,100.0,2676,360.0186,0.0,6255,4.576806019660003,0.013012705494475085,-2.502123640384525,0.1454870137386024,0.11090928572230041,-163.0259075164795,76.90223892601038,0.005960834321740549,76.90223892601038,0.0003,15.008793994784355,33408,0.02159834977646824
42,,,0.031824465841054916,,268000,0.0,100.0,2680,360.0186,,6255,,,,,,,,,,,,,
42,3.0,0.0,0.031829383224248886,0.0,268800,0.0,100.0,2684,358.1615,0.0,6269,4.0805291149767,0.01366089731163811,-0.8097665249370039,0.14344557840377092,0.1114823444513604,-162.98672580718994,76.90223892601038,0.005948747355432715,76.90223892601038,0.0003,15.02348755300045,33472,0.02242158245644532
42,,,0.031829383224248886,,268800,0.0,100.0,2688,358.1615,,6269,,,,,,,,,,,,,
42,2.97,0.0,0.03182884305715561,0.0,269600,0.0,100.0,2692,358.25797,0.0,6293,4.1485937772289985,0.011934250316699035,-1.0738333989866078,0.14300195244140923,0.10915181541349739,-163.51010608673096,76.90223892601038,0.005904608209675644,76.90223892601038,0.0003,14.79517637193203,33600,0.021922374944551848
42,,,0.03182884305715561,,269600,0.0,100.0,2696,358.25797,,6293,,,,,,,,,,,,,
42,3.0,0.0,0.03182442486286163,0.0,270400,0.0,100.0,2700,358.88058,0.0,6315,4.389960456918352,0.012170471731224097,-2.876987691386603,0.1426503835245967,0.10713391890749335,-163.88314414024353,76.90223892601038,0.005860234494321048,76.90223892601038,0.0003,14.858740165829659,33728,0.022305542253889143
42,,,0.03182442486286163,,270400,0.0,100.0,2704,358.88058,,6315,,,,,,,,,,,,,
42,3.0,0.0,0.0318184569478035,0.0,271200,0.0,100.0,2708,358.11594,0.0,6329,4.73746191432163,0.012705594737781212,-1.351062195841223,0.14320236584171653,0.10653978236950934,-163.8399374485016,76.90223892601038,0.0058336514557595365,76.90223892601038,0.0003,14.815773457288742,33792,0.021705108898459002
42,,,0.0318184569478035,,271200,0.0,100.0,2712,358.11594,,6329,,,,,,,,,,,,,
42,3.0,0.0,0.03181184083223343,0.0,272000,0.0,100.0,2716,358.12177,0.0,6353,4.69725716089265,0.014701357620651834,-3.016714796773158,0.1412672447040677,0.11337514885235578,-163.26641750335693,76.90223892601038,0.005762873246567324,76.90223892601038,0.0003,14.720171689987183,33920,0.022541482176166028
42,,,0.03181184083223343,,272000,0.0,100.0,2720,358.12177,,6353,,,,,,,,,,,,,
42,3.0,0.0,0.031809769570827484,0.0,272800,0.0,100.0,2724,359.53214,0.0,6367,4.7306926089963035,0.012157498276792467,-1.7591317145852372,0.14245231077075005,0.11099480290431529,-163.83993196487427,76.90223892601038,0.005734138198022265,76.90223892601038,0.0003,14.724501729011536,33984,0.022850506749819033
42,,,0.031809769570827484,,272800,0.0,100.0,2728,359.53214,,6367,,,,,,,,,,,,,
42,3.0,0.0,0.031808577477931976,0.0,273600,0.0,100.0,2732,359.91074,0.0,6392,4.671026966945345,0.011863431733218022,-0.9275377281010151,0.142002985579893,0.1101744428742677,-164.0869541168213,76.90223892601038,0.005693027414963581,76.90223892601038,0.0003,14.560920044779778,34112,0.02143898667418398
42,,,0.031808577477931976,,273600,0.0,100.0,2736,359.91074,,6392,,,,,,,,,,,,,
42,2.64,0.0,0.03180385380983353,0.0,274400,0.0,100.0,2740,358.29364,0.0,6406,4.376765809164427,0.013361979268665891,-1.809481231495738,0.1391371199861169,0.10744016559328884,-164.29638409614563,76.90223892601038,0.00567728717578575,76.90223892601038,0.0003,14.477048963308334,34176,0.02285776217468083
42,,,0.03180385380983353,,274400,0.0,100.0,2744,358.29364,,6406,,,,,,,,,,,,,
42,3.0,0.0,0.03181123360991478,0.0,275200,0.0,100.0,2748,358.06082,0.0,6429,4.640715892364302,0.011644484889984597,0.5396825992502272,0.1416630200110376,0.10650084726512432,-164.65150833129883,76.90223892601038,0.005671747312590014,76.90223892601038,0.0003,14.844791010022163,34304,0.02384247546433471
42,,,0.03181123360991478,,275200,0.0,100.0,2752,358.06082,,6429,,,,,,,,,,,,,
42,3.0,0.0,0.031811557710170746,0.0,276000,0.0,100.0,2756,356.82092,0.0,6453,4.672567348605422,0.01144015890895389,-2.687343019526452,0.1390231978148222,0.1102132675005123,-164.46844339370728,76.90223892601038,0.005678642643033527,76.90223892601038,0.0003,14.337984889745712,34432,0.0201430486922618
42,,,0.031811557710170746,,276000,0.0,100.0,2760,356.82092,,6453,,,,,,,,,,,,,
42,3.0,0.0,0.03181033954024315,0.0,276800,0.0,100.0,2764,360.41754,0.0,6467,4.924812196670679,0.012014639585686382,0.5478198318742216,0.1394098544260487,0.10577524080872536,-164.8185260295868,76.90223892601038,0.005660749331582338,76.90223892601038,0.0003,14.242359951138496,34496,0.020652673119911924
42,,,0.03181033954024315,,276800,0.0,100.0,2768,360.41754,,6467,,,,,,,,,,,,,
42,3.0,0.0,0.03179829567670822,0.0,277600,0.0,100.0,2772,364.06274,0.0,6490,4.357213536271176,0.01071881740790559,-2.101866991026327,0.13887447817251086,0.11103281704708934,-164.72004556655884,76.90223892601038,0.005644884578941856,76.90223892601038,0.0003,14.073892772197723,34624,0.01944202120648697
42,,,0.03179829567670822,,277600,0.0,100.0,2776,364.06274,,6490,,,,,,,,,,,,,
42,3.0,0.0,0.031794339418411255,0.0,278400,0.0,100.0,2780,364.09918,0.0,6505,4.690292963856007,0.011835782534035388,-0.8500319588929415,0.13907431717962027,0.1069071285892278,-165.02839136123657,76.90223892601038,0.005630493629723787,76.90223892601038,0.0003,14.247986793518066,34688,0.02063175472721923
42,,,0.031794339418411255,,278400,0.0,100.0,2784,364.09918,,6505,,,,,,,,,,,,,
42,3.0,0.0,0.03178894519805908,0.0,279200,0.0,100.0,2788,364.35696,0.0,6529,4.922927466444983,0.011862315572216175,0.8832286794204265,0.1392227888572961,0.10716865595895797,-165.30032348632812,76.90223892601038,0.005605039339570794,76.90223892601038,0.0003,14.283443123102188,34816,0.020185590648907237
42,,,0.03178894519805908,,279200,0.0,100.0,2792,364.35696,,6529,,,,,,,,,,,,,
42,3.0,0.0,0.03178896754980087,0.0,280000,0.0,100.0,2796,366.23288,0.0,6544,4.745399453596628,0.01176783818664262,0.2954059774056077,0.13847813510801643,0.10612558736465871,-165.41290760040283,76.90223892601038,0.005618760842480697,76.90223892601038,0.0003,14.310121476650238,34880,0.020469456023420207
42,,,0.03178896754980087,,280000,0.0,100.0,2800,366.23288,,6544,,,,,,,,,,,,,
42,3.0,0.0,0.03178165480494499,0.0,280800,0.0,100.0,2804,366.9795,0.0,6567,5.112904987464256,0.01239082329266239,1.8326740553602576,0.13691788457799703,0.10622658394277096,-165.69764113426208,75.36419414749017,0.005619923351332545,75.36419414749017,0.0003,13.705700621008873,35008,0.020002993478556164
42,,,0.03178165480494499,,280800,0.0,100.0,2808,366.9795,,6567,,,,,,,,,,,,,
42,3.0,0.0,0.03178049996495247,0.0,281600,0.0,100.0,2812,367.0186,0.0,6581,4.935712154704983,0.013650195927766617,0.08606730424799025,0.13721859687939286,0.10501689370721579,-165.90392875671387,75.36419414749017,0.005632010368572082,75.36419414749017,0.0003,14.04379715025425,35072,0.02093114299350418
42,,,0.03178049996495247,,281600,0.0,100.0,2816,367.0186,,6581,,,,,,,,,,,,,
42,2.94,0.0,0.031779419630765915,0.0,282400,0.0,100.0,2820,367.94913,0.0,6604,4.893216778479927,0.011544356639205944,0.35062102414667606,0.13609507645014673,0.10236758505925536,-166.32918453216553,75.36419414749017,0.005645050390739925,75.36419414749017,0.0003,13.88648046553135,35200,0.020791608112631366
42,,,0.031779419630765915,,282400,0.0,100.0,2824,367.94913,,6604,,,,,,,,,,,,,
42,3.0,0.0,0.031782764941453934,0.0,283200,0.0,100.0,2828,368.3821,0.0,6627,4.883034212724667,0.01143757318641292,-0.41488352231681347,0.13388696336187422,0.10230102017521858,-166.61127305030823,75.36419414749017,0.0056571490204078145,75.36419414749017,0.0003,13.536069586873055,35328,0.020453276170883328
42,,,0.031782764941453934,,283200,0.0,100.0,2832,368.3821,,6627,,,,,,,,,,,,,
42,3.0,0.0,0.03179009258747101,0.0,284000,0.0,100.0,2836,370.05603,0.0,6641,4.199997710643943,0.011217719002161175,1.6925058353226632,0.13587584986817092,0.10365448915399611,-166.66176891326904,75.36419414749017,0.005669776757713407,75.36419414749017,0.0003,13.689861238002777,35392,0.020291671302402392
42,,,0.03179009258747101,,284000,0.0,100.0,2840,370.05603,,6641,,,,,,,,,,,,,
42,3.0,0.0,0.03179518133401871,0.0,284800,0.0,100.0,2844,370.93942,0.0,6664,4.763446267149374,0.012234206435095984,-0.06561326049268246,0.13266373181249946,0.103874123073183,-166.753155708313,75.36419414749017,0.005690885373041965,75.36419414749017,0.0003,13.369910970330238,35520,0.019627070345450193
42,,,0.03179518133401871,,284800,0.0,100.0,2848,370.93942,,6664,,,,,,,,,,,,,
42,3.0,0.0,0.03180014714598656,0.0,285600,0.0,100.0,2852,370.369,0.0,6677,4.47202426399692,0.011937421957554761,1.1325437070336193,0.13424391229636967,0.10345671034883708,-166.90591835975647,75.36419414749017,0.005691047823347617,75.36419414749017,0.0003,13.52107472717762,35584,0.01990096567897126
42,,,0.03180014714598656,,285600,0.0,100.0,2856,370.369,,6677,,,,,,,,,,,,,
42,3.0,0.0,0.03180577605962753,0.0,286400,0.0,100.0,2860,370.11765,0.0,6701,5.041469497840941,0.011566050008696038,0.9518887116573751,0.13517137290909886,0.10696598992217332,-166.72902297973633,75.36419414749017,0.005741218992625363,75.36419414749017,0.0003,13.566275805234909,35712,0.0192130390641978
42,,,0.03180577605962753,,286400,0.0,100.0,2864,370.11765,,6701,,,,,,,,,,,,,
42,3.0,0.0,0.03180837631225586,0.0,287200,0.0,100.0,2868,369.09848,0.0,6716,4.78215371090593,0.011164956667926162,0.888970548287034,0.134705915232189,0.10296554246451706,-167.2077283859253,75.36419414749017,0.0057507808960508555,75.36419414749017,0.0003,13.775507345795631,35776,0.021480781520949677
42,,,0.03180837631225586,,287200,0.0,100.0,2872,369.09848,,6716,,,,,,,,,,,,,
42,3.0,0.0,0.031815968453884125,0.0,288000,0.0,100.0,2876,370.18222,0.0,6739,4.817373079330667,0.011789423020672984,3.3925110320560634,0.13550218229647726,0.1074793660081923,-166.9278266429901,75.36419414749017,0.005768362447270192,75.36419414749017,0.0003,13.536524623632431,35904,0.01958271552575752
42,,,0.031815968453884125,,288000,0.0,100.0,2880,370.18222,,6739,,,,,,,,,,,,,
42,3.0,0.0,0.031821589916944504,0.0,288800,0.0,100.0,2884,371.37064,0.0,6763,4.734119198054776,0.01135997220990248,1.5902456194162369,0.13529572205152363,0.10190171073190868,-167.65871572494507,75.36419414749017,0.005815333359350916,75.36419414749017,0.0003,13.449780404567719,36032,0.018648076482350007
42,,,0.031821589916944504,,288800,0.0,100.0,2888,371.37064,,6763,,,,,,,,,,,,,
42,3.0,0.0,0.031827412545681,0.0,289600,0.0,100.0,2892,370.84793,0.0,6776,4.837475871040844,0.012461683050787542,1.7326493989676237,0.133723386679776,0.10244405607227236,-167.69536709785461,75.36419414749017,0.0058414885206730105,75.36419414749017,0.0003,13.533639952540398,36096,0.02108651831804309
42,,,0.031827412545681,,289600,0.0,100.0,2896,370.84793,,6776,,,,,,,,,,,,,
42,3.0,0.0,0.031832389533519745,0.0,290400,0.0,100.0,2900,369.90277,0.0,6799,4.626705689052437,0.011628714484686498,1.483497717184946,0.1315345932962373,0.10284868662711233,-167.7280468940735,75.36419414749017,0.005865177503437735,75.36419414749017,0.0003,13.285581678152084,36224,0.019735118505195715
42,,,0.031832389533519745,,290400,0.0,100.0,2904,369.90277,,6799,,,,,,,,,,,,,
42,3.0,0.0,0.03183674439787865,0.0,291200,0.0,100.0,2908,370.27698,0.0,6813,5.017428575558997,0.011602444224990904,1.2321888061705977,0.13496491638943553,0.10421480145305395,-167.7680790424347,75.36419414749017,0.005888353509362787,75.36419414749017,0.0003,13.614454954862595,36288,0.0210827577393502
42,,,0.03183674439787865,,291200,0.0,100.0,2912,370.27698,,6813,,,,,,,,,,,,,
42,3.0,0.0,0.03184371814131737,0.0,292000,0.0,100.0,2916,369.07544,0.0,6837,4.730558479831199,0.01124274743051501,1.7776331276400015,0.13799166143871844,0.10530031064990908,-167.9091157913208,75.36419414749017,0.005906571015657391,75.36419414749017,0.0003,13.677385807037354,36416,0.019520731002558023
42,,,0.03184371814131737,,292000,0.0,100.0,2920,369.07544,,6837,,,,,,,,,,,,,
42,3.0,0.0,0.03184764087200165,0.0,292800,0.0,100.0,2924,368.41656,0.0,6852,4.900254569009947,0.011803799556219019,0.8114228048361838,0.1337313367985189,0.10165094176772982,-168.12156081199646,75.36419414749017,0.005926435500441585,75.36419414749017,0.0003,13.31634932756424,36480,0.01947969257889781
42,,,0.03184764087200165,,292800,0.0,100.0,2928,368.41656,,6852,,,,,,,,,,,,,
42,2.64,0.0,0.031854789704084396,0.0,293600,0.0,100.0,2932,367.38437,0.0,6877,4.186331111587468,0.01060164230511873,0.0648372620344162,0.13137542456388474,0.1032915769610554,-168.3518934249878,75.36419414749017,0.0059404696730780415,75.36419414749017,0.0003,13.127606526017189,36608,0.01954252677387558
42,,,0.031854789704084396,,293600,0.0,100.0,2936,367.38437,,6877,,,,,,,,,,,,,
42,3.0,0.0,0.03185955062508583,0.0,294400,0.0,100.0,2940,367.3638,0.0,6890,4.969303904193035,0.01185045669626561,-0.09581924648955464,0.13202206266578287,0.10752351221162826,-167.9132115840912,75.36419414749017,0.005939780741755385,75.36419414749017,0.0003,13.353867843747139,36672,0.01977505107061006
42,,,0.03185955062508583,,294400,0.0,100.0,2944,367.3638,,6890,,,,,,,,,,,,,
42,3.0,0.0,0.031867846846580505,0.0,295200,0.0,100.0,2948,367.76602,0.0,6913,4.855236748381635,0.01112004928290844,-0.4096142631024122,0.12830385495908558,0.1003972019534558,-168.59365010261536,75.36419414749017,0.0059186592770856805,75.36419414749017,0.0003,12.96195863187313,36800,0.01896301175293047
42,,,0.031867846846580505,,295200,0.0,100.0,2952,367.76602,,6913,,,,,,,,,,,,,
42,3.0,0.0,0.03187131881713867,0.0,296000,0.0,100.0,2956,368.4058,0.0,6938,4.873718829608022,0.009419391451956471,-0.7474347746465355,0.13182048266753554,0.09931288775987923,-169.11269187927246,75.36419414749017,0.005906021928240079,75.36419414749017,0.0003,13.211811378598213,36928,0.018816193609382026
42,,,0.03187131881713867,,296000,0.0,100.0,2960,368.4058,,6938,,,,,,,,,,,,,
42,3.0,0.0,0.03187544271349907,0.0,296800,0.0,100.0,2964,367.7287,0.0,6954,4.627742135312061,0.011399125396565069,-0.1037298534065485,0.12954660248942673,0.10143130144570023,-168.80382895469666,75.36419414749017,0.005905722668103408,75.36419414749017,0.0003,13.194569200277328,36992,0.020196994417347014
42,,,0.03187544271349907,,296800,0.0,100.0,2968,367.7287,,6954,,,,,,,,,,,,,
42,3.0,0.0,0.03187151998281479,0.0,297600,0.0,100.0,2972,368.19513,0.0,6979,4.471532161373897,0.01043085440323921,-1.7591348730493337,0.13087609235662967,0.10298907046671957,-168.95739769935608,75.36419414749017,0.005893633082450833,75.36419414749017,0.0003,13.184161931276321,37120,0.020126668918237556
42,,,0.03187151998281479,,297600,0.0,100.0,2976,368.19513,,6979,,,,,,,,,,,,,
42,3.0,0.0,0.03187358379364014,0.0,298400,0.0,100.0,2980,368.129,0.0,6992,4.733347238091206,0.012850351660745218,0.7061304287053645,0.13218085165135562,0.10635097161866724,-168.61296486854553,75.36419414749017,0.005872775691386778,75.36419414749017,0.0003,13.482053115963936,37184,0.02178584088687785
42,,,0.03187358379364014,,298400,0.0,100.0,2984,368.129,,6992,,,,,,,,,,,,,
42,3.0,0.0,0.03188608959317207,0.0,299200,0.0,100.0,2988,367.28806,0.0,7016,4.911046123829138,0.011060599208576605,0.31137864431366324,0.1290731285698712,0.10126083204522729,-169.3097825050354,75.36419414749017,0.005910680760280229,75.36419414749017,0.0003,13.117613941431046,37312,0.020062918032635935
42,,,0.03188608959317207,,299200,0.0,100.0,2992,367.28806,,7016,,,,,,,,,,,,,
42,3.0,0.0,0.031888823956251144,0.0,300000,0.0,100.0,2996,367.792,0.0,7030,4.875643740408521,0.011225109701626934,-0.14133721543475986,0.13055451505351812,0.10158370540011674,-169.31462836265564,75.36419414749017,0.005918798327911645,75.36419414749017,0.0003,13.577945500612259,37376,0.01921419901191257
42,,,0.031888823956251144,,300000,0.0,100.0,3000,367.792,,7030,,,,,,,,,,,,,
