#{"t_start": 1782866252.1529994, "env_id": null}
r,l,t
292.04456,100,4.763296
245.42625,100,4.763434
280.85428,100,4.763489
283.2685,100,4.763522
254.40823,100,7.409966
246.11415,100,7.410092
296.21558,100,7.410131
258.79147,100,7.410162
248.04184,100,18.864355
205.39417,100,18.864561
259.64172,100,18.864601
292.86447,100,18.864634
175.65935,100,27.187537
203.18561,100,27.18773
197.30154,100,27.18777
157.00925,100,27.187818
290.8213,100,36.870305
250.05301,100,36.870506
188.4687,100,36.870562
167.75945,100,36.870596
171.80988,100,46.183302
163.56897,100,46.183468
206.61978,100,46.183508
267.1598,100,46.18354
247.22955,100,54.811123
237.30916,100,54.811347
292.10327,100,54.81139
265.49902,100,54.811425
211.35287,100,63.245475
183.68129,100,63.245682
92.699265,100,63.245751
229.20744,100,63.245795
200.81529,100,72.700935
249.78137,100,72.70118
191.08145,100,72.701221
156.58414,100,72.701254
206.61578,100,81.284347
246.84766,100,81.284559
125.63942,100,81.2846
108.454544,100,81.284632
124.28577,100,90.392102
175.04692,100,90.392323
193.18254,100,90.392365
241.98065,100,90.392398
204.02406,100,98.740888
268.95633,100,98.741077
285.0186,100,98.741119
132.26562,100,98.741151
173.42302,100,108.167595
188.15736,100,108.167754
164.00479,100,108.167792
270.2106,100,108.167824
285.20877,100,116.447517
110.96034,100,116.447714
137.38326,100,116.447763
220.0476,100,116.447814
194.30508,100,124.65006
216.96136,100,124.650258
170.53914,100,124.6503
177.44107,100,124.650349
197.00098,100,133.267313
96.93439,100,133.26746
249.90523,100,133.267516
242.78004,100,133.26755
243.40373,100,142.920331
294.16473,100,142.920466
233.051,100,142.920506
205.38501,100,142.920539
294.97806,100,151.859742
241.41034,100,151.859935
254.58348,100,151.859974
169.55602,100,151.860005
271.55927,100,160.269465
165.12962,100,160.269627
244.33383,100,160.269668
216.26169,100,160.269701
239.65016,100,169.229135
184.83287,100,169.229337
241.60016,100,169.229378
128.93782,100,169.229411
209.97855,100,178.996191
270.5632,100,178.996423
185.7575,100,178.996479
168.8596,100,178.996511
162.53267,100,187.682504
271.82062,100,187.682646
243.58092,100,187.682686
248.50186,100,187.682719
201.89603,100,196.621515
159.65404,100,196.621771
196.04381,100,196.62182
181.39389,100,196.621856
174.60478,100,205.586496
258.51456,100,205.586731
261.47354,100,205.586771
193.12578,100,205.586802
234.08694,100,215.465041
249.46379,100,215.465271
174.64056,100,215.465312
287.06683,100,215.465344
192.84743,100,224.580208
145.55333,100,224.580339
225.58188,100,224.580396
271.4937,100,224.580435
206.41774,100,233.682747
227.94286,100,233.682975
177.74161,100,233.683014
228.79652,100,233.683061
151.16249,100,242.339189
179.60889,100,242.339385
177.80939,100,242.339424
244.53786,100,242.339471
227.10454,100,251.821817
187.32425,100,251.822018
278.53363,100,251.822058
218.07037,100,251.82209
286.3007,100,260.360418
274.1581,100,260.360607
282.75577,100,260.360646
261.66547,100,260.360677
188.79175,100,268.883248
268.14148,100,268.883455
253.09605,100,268.883493
278.5179,100,268.883524
279.117,100,277.934409
198.67738,100,277.934584
228.57327,100,277.934622
234.93623,100,277.934653
147.6102,100,287.56822
239.36168,100,287.568425
242.89653,100,287.568466
285.231,100,287.5685
187.77357,100,296.368405
155.7447,100,296.368616
269.73654,100,296.368674
272.1187,100,296.368723
246.51358,100,305.229838
261.4443,100,305.230058
198.47464,100,305.230098
230.2012,100,305.230148
236.99255,100,314.025316
282.74957,100,314.025451
249.38869,100,314.025491
286.5737,100,314.025523
283.97897,100,323.658619
265.25302,100,323.658847
289.97202,100,323.658889
159.09161,100,323.658921
257.59784,100,332.666336
273.87283,100,332.666504
158.52104,100,332.666544
284.5155,100,332.666576
173.23152,100,340.805585
285.56052,100,340.805817
287.42267,100,340.805859
205.86957,100,340.805892
266.6355,100,349.350302
291.1865,100,349.35042
291.76987,100,349.35046
292.70023,100,349.350493
246.02316,100,359.348656
278.52533,100,359.348884
264.27026,100,359.348942
253.08656,100,359.348977
283.0652,100,368.272843
192.25519,100,368.27305
284.2336,100,368.273093
292.5839,100,368.273127
286.276,100,377.157929
292.7315,100,377.158063
279.235,100,377.158103
270.0634,100,377.158135
189.43463,100,385.904456
207.98198,100,385.904677
206.58353,100,385.904718
234.10239,100,385.904767
250.95457,100,394.902448
264.305,100,394.902611
248.5925,100,394.90265
192.09756,100,394.902681
283.01093,100,403.84713
229.58528,100,403.847385
229.4388,100,403.847425
277.06964,100,403.847459
275.15198,100,412.635573
285.2033,100,412.635784
275.36343,100,412.635823
291.39746,100,412.63587
265.8443,100,421.360356
289.24384,100,421.360579
262.85486,100,421.360622
286.64813,100,421.360656
281.32886,100,431.492509
282.18845,100,431.492723
279.9097,100,431.492765
293.5904,100,431.492813
282.96155,100,440.429465
243.47517,100,440.429589
286.76645,100,440.429627
288.49048,100,440.42966
293.7943,100,449.67672
275.74716,100,449.676996
284.42648,100,449.677056
276.7328,100,449.677109
276.27658,100,458.54412
278.6288,100,458.54425
290.66653,100,458.544291
282.59155,100,458.544325
265.05365,100,467.678332
278.08456,100,467.678493
211.24593,100,467.678531
240.93727,100,467.678562
277.55194,100,476.566128
288.19604,100,476.566286
284.94998,100,476.566323
256.0595,100,476.566352
292.72943,100,485.518541
282.89777,100,485.518728
289.61606,100,485.518766
291.3598,100,485.518796
293.83734,100,493.749
294.75464,100,493.749136
282.36337,100,493.749176
257.48224,100,493.74921
290.63568,100,503.303301
293.87582,100,503.30352
281.29724,100,503.30356
266.33282,100,503.303593
282.7141,100,511.635497
290.78223,100,511.635641
224.56827,100,511.63568
301.31024,100,511.635713
252.13895,100,520.593163
292.01843,100,520.593389
292.26633,100,520.593436
288.52475,100,520.593472
291.39206,100,529.586926
294.09134,100,529.587063
258.72336,100,529.587119
243.92447,100,529.587152
230.7889,100,539.400475
277.01657,100,539.400675
259.713,100,539.400716
280.60834,100,539.400749
216.61568,100,547.775547
276.971,100,547.775682
269.41632,100,547.775722
248.69489,100,547.775755
269.40738,100,556.774386
292.07047,100,556.774503
281.6608,100,556.774542
268.2882,100,556.774573
283.18884,100,565.658604
293.23007,100,565.658762
280.64627,100,565.6588
279.6877,100,565.658848
288.39273,100,575.460726
249.18726,100,575.460946
291.6568,100,575.460988
221.81812,100,575.461021
264.1186,100,583.954066
290.41953,100,583.954253
285.5465,100,583.954309
294.41284,100,583.954343
293.3843,100,593.088976
293.15134,100,593.089192
290.35178,100,593.089234
288.09866,100,593.089268
276.2678,100,602.023033
288.05014,100,602.023162
288.82678,100,602.023201
223.63646,100,602.023235
224.19348,100,611.869206
291.64673,100,611.869442
275.42886,100,611.869483
291.9951,100,611.869516
286.7317,100,620.915976
280.24002,100,620.9161
292.91293,100,620.916141
284.15195,100,620.916174
290.61386,100,629.112596
276.24457,100,629.112732
287.44626,100,629.112774
255.55351,100,629.112808
285.36615,100,637.684266
289.4041,100,637.684409
233.72078,100,637.68445
293.40842,100,637.684484
288.81104,100,647.104306
261.4673,100,647.104493
275.6828,100,647.10454
282.421,100,647.104591
292.12546,100,656.077559
286.9742,100,656.077704
241.68774,100,656.07777
285.87683,100,656.07781
289.23004,100,665.074462
289.20798,100,665.074598
283.7297,100,665.074639
280.819,100,665.074687
232.67451,100,673.329552
235.57716,100,673.329685
275.2809,100,673.329754
248.7654,100,673.329798
190.48734,100,683.171058
279.9433,100,683.171192
281.9284,100,683.171231
193.93025,100,683.171265
269.61438,100,691.522563
291.36337,100,691.522705
197.03398,100,691.522746
289.23105,100,691.522779
294.71307,100,700.373624
278.41443,100,700.373793
297.10138,100,700.373841
147.08035,100,700.373878
291.62366,100,709.412008
283.55832,100,709.412181
279.9272,100,709.412224
233.5503,100,709.412258
290.70886,100,719.374144
247.70386,100,719.374336
208.83469,100,719.374377
276.7298,100,719.374411
282.27933,100,728.343354
266.3879,100,728.343496
295.00323,100,728.343536
203.33957,100,728.343569
254.89339,100,737.15444
296.20023,100,737.154567
283.247,100,737.154608
288.78082,100,737.154641
292.4936,100,745.397307
256.88022,100,745.397445
280.06995,100,745.397501
238.40157,100,745.397533
285.58426,100,755.321867
291.52563,100,755.322011
291.6074,100,755.322067
287.99963,100,755.322116
282.05887,100,764.322109
287.34662,100,764.3223
222.09482,100,764.322342
233.9328,100,764.322377
284.63968,100,773.19421
270.80933,100,773.194436
293.5829,100,773.194485
277.6952,100,773.194526
293.67572,100,783.22936
291.9642,100,783.2296
283.69278,100,783.229638
288.63034,100,783.229683
244.7269,100,792.822991
309.31024,100,792.823235
279.30573,100,792.823291
287.9596,100,792.823333
197.27597,100,802.512014
346.2211,100,802.512254
296.24634,100,802.512297
258.61996,100,802.512332
298.56506,100,811.533304
295.5989,100,811.533509
302.33923,100,811.53355
296.51056,100,811.533583
230.27763,100,820.594904
285.26392,100,820.59513
305.47543,100,820.595172
270.00302,100,820.595206
284.84827,100,829.910043
262.578,100,829.910181
286.06604,100,829.910221
282.93158,100,829.910254
284.60352,100,839.061106
274.58395,100,839.061309
291.45605,100,839.061348
247.80954,100,839.06138
292.7151,100,848.243384
297.1824,100,848.243589
234.43869,100,848.243632
280.0505,100,848.243667
286.7167,100,856.788829
290.5778,100,856.788965
293.3009,100,856.789011
220.59082,100,856.789049
316.22995,100,869.116168
235.45168,100,869.116396
320.40784,100,869.116445
212.27971,100,869.116486
310.85428,100,879.878032
292.66373,100,879.878274
313.8008,100,879.878324
293.72202,100,879.878363
278.11584,100,890.371034
263.95322,100,890.371272
280.83752,100,890.37132
257.12604,100,890.37136
284.0757,100,900.265075
292.55957,100,900.265319
273.32034,100,900.265369
282.48376,100,900.265407
269.8202,100,910.98071
296.68243,100,910.980862
257.18558,100,910.98091
304.0383,100,910.980948
194.33604,100,921.584284
285.93137,100,921.58452
220.66971,100,921.584569
275.9572,100,921.584609
282.1061,100,932.11911
308.89688,100,932.119254
312.83493,100,932.119302
203.60165,100,932.119341
299.4891,100,942.482864
190.73631,100,942.483005
284.34668,100,942.483052
280.42624,100,942.483091
130.9707,100,954.551101
347.72272,100,954.551288
292.88882,100,954.551335
315.36902,100,954.551374
330.6936,100,966.09346
300.39407,100,966.093667
202.91722,100,966.093716
289.85886,100,966.093784
308.68478,100,977.474977
281.82123,100,977.475116
319.87827,100,977.475162
252.08224,100,977.475201
259.63043,100,988.066475
317.43634,100,988.066621
242.83324,100,988.066667
212.1329,100,988.066706
325.67587,100,999.317943
313.97177,100,999.318095
325.0177,100,999.318141
303.19107,100,999.318182
302.81378,100,1010.690753
205.50185,100,1010.690896
292.38104,100,1010.690943
321.264,100,1010.690982
315.09174,100,1022.61168
326.9142,100,1022.611859
254.9464,100,1022.611906
239.05121,100,1022.611944
284.58694,100,1032.533747
185.93286,100,1032.533977
304.643,100,1032.534025
270.5381,100,1032.534064
236.93546,100,1044.083852
142.18787,100,1044.084092
311.83618,100,1044.08414
243.11336,100,1044.084179
313.1291,100,1055.385066
354.94168,100,1055.385303
317.15585,100,1055.385353
310.79834,100,1055.385393
276.71292,100,1067.040592
313.69727,100,1067.040975
310.66785,100,1067.041073
281.56287,100,1067.041151
191.20674,100,1077.954404
252.08507,100,1077.954805
222.90962,100,1077.954903
202.29921,100,1077.954982
218.59119,100,1090.468982
239.79099,100,1090.469231
275.9751,100,1090.46928
319.3765,100,1090.469321
234.08116,100,1101.303587
329.15536,100,1101.303828
333.566,100,1101.303877
294.1872,100,1101.303915
188.45383,100,1111.608907
203.28539,100,1111.609112
265.8606,100,1111.60916
257.01428,100,1111.609199
181.2543,100,1121.968989
195.34232,100,1121.969142
155.49959,100,1121.969192
133.65332,100,1121.969256
205.2267,100,1133.44558
193.72766,100,1133.445834
258.18094,100,1133.445886
182.71227,100,1133.445928
154.75624,100,1144.053965
172.9254,100,1144.054205
283.4408,100,1144.054254
177.27083,100,1144.054292
240.28667,100,1154.85486
174.14537,100,1154.855102
191.10402,100,1154.855153
203.34361,100,1154.855194
130.56114,100,1165.367851
195.47687,100,1165.368005
154.02455,100,1165.368052
197.78427,100,1165.36809
156.04758,100,1176.978811
232.92754,100,1176.979033
167.4385,100,1176.979083
156.71405,100,1176.979124
200.41394,100,1189.001574
370.1042,100,1189.001829
217.10004,100,1189.001881
197.7372,100,1189.001922
192.20158,100,1200.135807
244.40242,100,1200.136057
206.6665,100,1200.136105
167.05415,100,1200.136144
207.95212,100,1210.625179
246.8359,100,1210.62533
201.51848,100,1210.625376
185.28017,100,1210.625415
152.87714,100,1221.573129
171.05228,100,1221.573375
157.62404,100,1221.573425
168.06386,100,1221.573466
176.589,100,1233.260773
136.07257,100,1233.260922
180.41684,100,1233.260969
233.20381,100,1233.261008
172.4855,100,1243.036354
90.22245,100,1243.036492
215.98024,100,1243.036538
165.12218,100,1243.036577
137.97818,100,1253.38509
135.24464,100,1253.385224
111.98516,100,1253.38528
108.32589,100,1253.385326
164.378,100,1264.540788
180.84827,100,1264.541095
171.88728,100,1264.541167
131.02518,100,1264.541231
163.22299,100,1275.157732
182.83676,100,1275.157896
200.60751,100,1275.157944
182.42325,100,1275.157983
146.03773,100,1285.042975
171.3811,100,1285.043127
128.63762,100,1285.043173
154.79509,100,1285.043211
157.42236,100,1295.438537
195.6662,100,1295.438687
142.54004,100,1295.438734
151.08142,100,1295.438772
133.29779,100,1306.378863
105.67797,100,1306.379002
136.85861,100,1306.379049
150.05988,100,1306.379087
165.17914,100,1317.08862
152.51729,100,1317.088773
190.6644,100,1317.08882
178.83424,100,1317.088861
230.93074,100,1327.094605
233.44194,100,1327.094752
198.19083,100,1327.0948
138.9386,100,1327.09484
136.34372,100,1336.570014
90.70536,100,1336.570245
232.46652,100,1336.570292
134.55826,100,1336.570331
184.64487,100,1347.602029
143.41814,100,1347.602175
199.7018,100,1347.602221
179.59818,100,1347.602259
117.44181,100,1358.060198
232.33266,100,1358.060353
130.27081,100,1358.060399
226.68587,100,1358.060439
166.7808,100,1368.614244
69.686874,100,1368.614375
141.01402,100,1368.614421
154.33672,100,1368.61446
130.9435,100,1378.193907
189.07994,100,1378.194057
139.23924,100,1378.194103
154.54553,100,1378.194142
132.02264,100,1388.871858
229.44844,100,1388.87201
203.49593,100,1388.872057
262.66983,100,1388.872096
229.90642,100,1399.436629
158.81194,100,1399.436863
253.03795,100,1399.436912
155.90419,100,1399.436952
183.16904,100,1409.423757
220.3738,100,1409.423995
251.01228,100,1409.424045
127.76186,100,1409.424086
122.05754,100,1420.231529
180.14308,100,1420.231686
186.7856,100,1420.231735
175.88376,100,1420.231775
126.873604,100,1431.333837
180.9789,100,1431.33407
61.00222,100,1431.334119
148.56268,100,1431.334158
150.95659,100,1441.424394
149.46083,100,1441.42454
164.68275,100,1441.424587
113.13647,100,1441.424626
168.88988,100,1451.729961
247.92938,100,1451.730114
141.0904,100,1451.730162
138.25487,100,1451.730203
170.83665,100,1462.888566
59.47661,100,1462.888781
157.33362,100,1462.888831
161.3382,100,1462.888872
167.10251,100,1474.412529
166.40092,100,1474.412741
239.62434,100,1474.41279
158.25287,100,1474.412831
123.29566,100,1484.429602
94.21811,100,1484.429767
106.58243,100,1484.429824
132.21405,100,1484.429867
183.16382,100,1495.351805
113.10651,100,1495.351956
119.37084,100,1495.352004
150.25227,100,1495.352044
160.79645,100,1505.942678
154.945,100,1505.942829
136.9627,100,1505.942877
96.328476,100,1505.942917
169.63506,100,1518.967917
101.557625,100,1518.968067
160.0021,100,1518.968113
151.30551,100,1518.968152
143.96239,100,1529.817979
148.88588,100,1529.818137
141.09895,100,1529.818185
135.4164,100,1529.818223
143.37442,100,1540.578347
159.67848,100,1540.578529
168.43057,100,1540.578577
114.90659,100,1540.578615
140.14584,100,1552.274171
130.33733,100,1552.274374
156.9041,100,1552.274424
90.436775,100,1552.274465
114.92802,100,1563.33313
149.15988,100,1563.333268
158.01895,100,1563.333313
156.95265,100,1563.33335
156.36743,100,1573.782516
155.49475,100,1573.782661
158.33315,100,1573.78271
146.39189,100,1573.782767
149.9402,100,1584.580918
132.81346,100,1584.581055
150.99625,100,1584.5811
158.9745,100,1584.58114
180.69614,100,1595.523531
143.85982,100,1595.523685
146.6633,100,1595.523732
245.96396,100,1595.523771
137.58496,100,1606.786987
162.38239,100,1606.787136
171.47588,100,1606.787184
185.61536,100,1606.787225
130.95183,100,1616.626921
103.45124,100,1616.627071
171.34438,100,1616.627119
147.62498,100,1616.62716
183.21857,100,1627.080639
141.82182,100,1627.080789
179.17325,100,1627.080838
146.27951,100,1627.080878
271.23062,100,1639.113166
206.35437,100,1639.113308
203.54709,100,1639.113353
235.82092,100,1639.113391
295.4533,100,1652.001678
291.2064,100,1652.001835
175.12482,100,1652.001898
259.7105,100,1652.001943
250.18736,100,1662.47355
239.1416,100,1662.473711
109.28235,100,1662.473783
140.91745,100,1662.473827
174.73428,100,1673.846193
260.02213,100,1673.846348
334.1669,100,1673.846397
340.2002,100,1673.846439
199.28563,100,1690.763784
225.15584,100,1690.763969
218.12543,100,1690.764017
376.44717,100,1690.764055
234.19713,100,1702.000235
283.25958,100,1702.000436
240.73656,100,1702.000485
174.57999,100,1702.000524
294.62625,100,1712.259401
283.81076,100,1712.259554
259.71228,100,1712.259599
322.63992,100,1712.259639
285.45883,100,1722.574407
253.70111,100,1722.574559
284.56424,100,1722.574607
254.90431,100,1722.574646
292.83234,100,1732.988038
350.6249,100,1732.988171
180.05307,100,1732.988217
285.09146,100,1732.988256
297.1661,100,1744.417359
130.10693,100,1744.417497
301.47113,100,1744.417542
264.87277,100,1744.41758
315.03986,100,1754.352644
244.08554,100,1754.352801
202.8534,100,1754.352848
134.90599,100,1754.352886
166.91782,100,1766.794284
320.51996,100,1766.794524
320.80505,100,1766.794572
262.16074,100,1766.794612
288.4377,100,1776.937391
308.6313,100,1776.93763
296.9632,100,1776.937677
315.41495,100,1776.937715
284.7037,100,1788.206398
134.2922,100,1788.20653
195.283,100,1788.206576
79.175415,100,1788.206613
278.39642,100,1798.445879
300.72632,100,1798.446127
304.29938,100,1798.446174
269.4641,100,1798.446211
227.52216,100,1808.058241
333.33325,100,1808.058371
213.37221,100,1808.058416
282.1342,100,1808.058453
232.961,100,1818.184531
329.41443,100,1818.184669
267.49466,100,1818.184716
293.1427,100,1818.184755
251.18974,100,1829.51202
305.18167,100,1829.512157
329.50906,100,1829.512204
253.56009,100,1829.512242
223.61113,100,1839.753535
296.18207,100,1839.753773
280.41766,100,1839.753828
278.0277,100,1839.75387
148.37628,100,1849.802067
274.16776,100,1849.802228
187.8516,100,1849.802274
217.6973,100,1849.802312
262.12268,100,1859.424481
215.53792,100,1859.42463
181.41837,100,1859.424677
184.3111,100,1859.424715
243.0711,100,1870.096703
189.31712,100,1870.096852
203.42545,100,1870.096897
339.23456,100,1870.096934
147.69522,100,1880.077687
247.20909,100,1880.077854
216.82794,100,1880.077901
131.80489,100,1880.07794
172.78493,100,1890.512688
212.39886,100,1890.512836
288.36325,100,1890.512883
219.70969,100,1890.512922
226.21954,100,1900.882746
250.2161,100,1900.882896
251.91364,100,1900.882944
214.7363,100,1900.882983
212.77414,100,1911.896577
198.29079,100,1911.896735
168.69061,100,1911.896783
233.13876,100,1911.896822
178.837,100,1922.048285
182.54185,100,1922.048501
186.21155,100,1922.048549
199.73517,100,1922.048588
195.1851,100,1932.878995
148.69838,100,1932.879159
215.5861,100,1932.879206
198.2089,100,1932.879244
215.50414,100,1942.596674
207.16512,100,1942.596817
313.31287,100,1942.596864
338.56766,100,1942.596903
242.52892,100,1954.522554
240.63776,100,1954.522696
189.58238,100,1954.522761
194.50677,100,1954.522801
278.39282,100,1965.359617
273.492,100,1965.359764
176.70747,100,1965.359812
288.28754,100,1965.359852
240.11494,100,1975.888509
223.4406,100,1975.888662
261.8007,100,1975.888709
267.2379,100,1975.888748
241.7942,100,1986.881511
220.11206,100,1986.881663
280.93405,100,1986.881711
348.21017,100,1986.88179
178.48154,100,1998.164118
237.60057,100,1998.164255
217.74753,100,1998.164303
201.40749,100,1998.164343
283.47012,100,2008.392283
215.97322,100,2008.392423
299.9395,100,2008.392471
307.04733,100,2008.39251
227.6081,100,2018.498897
307.81943,100,2018.499034
273.8886,100,2018.499082
305.99802,100,2018.499122
326.50922,100,2029.021226
301.65244,100,2029.02139
316.42325,100,2029.021439
283.0597,100,2029.021478
260.68332,100,2040.151732
253.25507,100,2040.151884
305.05948,100,2040.151931
153.25777,100,2040.15197
221.32535,100,2051.794294
296.26355,100,2051.794449
230.86398,100,2051.794497
323.73395,100,2051.794537
242.45229,100,2063.304678
280.492,100,2063.304883
259.30936,100,2063.304932
331.04184,100,2063.304974
267.80322,100,2073.175296
292.51083,100,2073.175461
304.2418,100,2073.17551
327.0751,100,2073.17555
349.0283,100,2085.122249
343.15872,100,2085.122393
357.21198,100,2085.122442
318.23572,100,2085.122481
267.74634,100,2095.849492
246.70097,100,2095.849646
248.83235,100,2095.849694
324.4561,100,2095.84975
302.39896,100,2105.694248
289.35214,100,2105.6944
341.93872,100,2105.694447
323.97052,100,2105.694487
273.84436,100,2116.241333
293.4329,100,2116.241484
294.16205,100,2116.241531
248.53685,100,2116.241572
158.33073,100,2127.699706
237.19968,100,2127.699855
159.26753,100,2127.699902
181.10553,100,2127.699941
168.38004,100,2138.038628
183.21272,100,2138.038776
348.96356,100,2138.038823
184.27042,100,2138.038864
304.5943,100,2149.326832
314.32834,100,2149.326973
314.65985,100,2149.327022
322.94455,100,2149.327063
223.75743,100,2159.921718
208.00795,100,2159.921888
221.25563,100,2159.921936
333.44818,100,2159.921975
276.5476,100,2171.377402
341.60938,100,2171.377564
239.97786,100,2171.377613
208.25435,100,2171.377652
304.2603,100,2186.468602
237.763,100,2186.468749
343.67792,100,2186.468797
247.62558,100,2186.468837
325.44748,100,2197.798331
323.576,100,2197.798517
343.5257,100,2197.798566
326.04187,100,2197.798607
324.15952,100,2209.620897
329.09912,100,2209.621101
319.3245,100,2209.621149
359.94305,100,2209.621189
271.67398,100,2221.043087
320.48264,100,2221.04324
345.85413,100,2221.043288
363.2643,100,2221.043328
163.46648,100,2232.806169
311.80948,100,2232.806317
358.8107,100,2232.806365
337.39465,100,2232.806404
317.01837,100,2244.999362
330.59937,100,2244.999506
262.74548,100,2244.999553
345.9565,100,2244.999593
362.5477,100,2255.35546
333.53906,100,2255.355611
334.27097,100,2255.355659
300.6632,100,2255.355698
323.0705,100,2266.556242
344.32318,100,2266.556383
299.48834,100,2266.556431
361.5204,100,2266.556471
365.61328,100,2277.322641
353.8034,100,2277.322779
287.78973,100,2277.322828
362.4337,100,2277.322868
368.40384,100,2287.75787
317.37772,100,2287.758017
313.1381,100,2287.758065
362.88507,100,2287.758104
379.93152,100,2299.323815
364.2329,100,2299.32396
333.5079,100,2299.324009
352.70847,100,2299.32405
367.49997,100,2311.753794
309.3575,100,2311.753947
349.7919,100,2311.753994
340.7372,100,2311.754031
326.96252,100,2322.056262
318.3565,100,2322.056412
337.75723,100,2322.05646
342.9964,100,2322.056501
355.93353,100,2335.169471
372.09808,100,2335.169616
378.9721,100,2335.169662
368.75574,100,2335.1697
355.5301,100,2347.523175
362.4424,100,2347.523383
351.94717,100,2347.52343
374.36176,100,2347.523469
339.38904,100,2361.339572
369.33838,100,2361.339742
336.68832,100,2361.339788
358.8751,100,2361.339827
375.92633,100,2373.07513
366.44894,100,2373.075274
361.623,100,2373.075322
400.17877,100,2373.075362
323.07172,100,2383.483896
358.31595,100,2383.484035
370.2792,100,2383.484082
323.60242,100,2383.484121
374.92166,100,2394.705936
373.10873,100,2394.706075
291.87543,100,2394.706121
380.22116,100,2394.706172
346.1415,100,2406.516818
416.5846,100,2406.516972
374.87552,100,2406.517019
356.8128,100,2406.517059
365.11282,100,2417.521125
381.1283,100,2417.521262
326.5293,100,2417.52131
347.31937,100,2417.52135
361.6862,100,2428.9023
298.05054,100,2428.902452
359.24417,100,2428.902501
247.97978,100,2428.90254
304.66074,100,2441.694093
282.8181,100,2441.694236
427.39847,100,2441.694282
296.7092,100,2441.69432
307.00214,100,2452.527039
268.6893,100,2452.52719
306.9908,100,2452.527237
328.56418,100,2452.527275
263.95813,100,2462.894565
301.15015,100,2462.894725
249.50319,100,2462.894771
251.3118,100,2462.894808
292.818,100,2472.76956
291.7293,100,2472.769712
352.36325,100,2472.769785
297.98804,100,2472.76983
295.0233,100,2483.454299
335.03494,100,2483.454487
294.9651,100,2483.454535
329.31262,100,2483.454573
326.41068,100,2494.570195
285.4791,100,2494.570381
273.08536,100,2494.57043
306.9336,100,2494.57047
357.2379,100,2505.04768
303.36926,100,2505.047819
329.97787,100,2505.047867
359.74753,100,2505.047906
337.08527,100,2516.64443
366.55878,100,2516.644566
337.4211,100,2516.644613
330.76877,100,2516.644652
336.02365,100,2527.053059
366.53445,100,2527.053204
344.43832,100,2527.05325
338.7698,100,2527.053289
361.5252,100,2538.691437
323.83374,100,2538.691584
355.08,100,2538.691631
377.99152,100,2538.691672
293.86597,100,2549.105068
329.47452,100,2549.105203
309.92673,100,2549.105248
356.99078,100,2549.105287
386.30328,100,2559.866181
346.9458,100,2559.866321
386.6603,100,2559.866368
381.82968,100,2559.866406
315.89337,100,2570.088816
363.65775,100,2570.088959
345.06,100,2570.089008
310.0997,100,2570.089049
361.77203,100,2582.291316
356.63895,100,2582.291469
385.74084,100,2582.291518
355.09833,100,2582.291558
310.90384,100,2592.504988
370.35318,100,2592.505151
331.82394,100,2592.505199
322.40396,100,2592.505239
369.40512,100,2603.517708
376.8506,100,2603.517871
369.63058,100,2603.517917
376.6929,100,2603.517956
342.82474,100,2616.591328
363.13354,100,2616.591517
379.35938,100,2616.591568
377.914,100,2616.591611
322.85175,100,2629.678889
343.13257,100,2629.67907
346.1453,100,2629.679119
354.5581,100,2629.679159
355.06088,100,2640.098838
355.09845,100,2640.098977
363.23843,100,2640.099025
328.8261,100,2640.099064
313.25876,100,2654.139863
372.88324,100,2654.140015
363.22885,100,2654.140063
368.1321,100,2654.140102
333.02466,100,2664.730938
337.2371,100,2664.731078
362.26666,100,2664.731128
342.11032,100,2664.731168
364.72876,100,2676.061347
375.15332,100,2676.061492
358.1727,100,2676.061539
285.38513,100,2676.061579
386.6102,100,2688.483271
359.29712,100,2688.48341
382.0499,100,2688.483455
375.7154,100,2688.483492
349.3974,100,2699.154514
350.99173,100,2699.154664
341.0966,100,2699.15471
378.28952,100,2699.154748
349.2033,100,2709.90525
344.90582,100,2709.905389
349.63428,100,2709.905436
333.1139,100,2709.905475
354.98856,100,2721.785669
350.58963,100,2721.785829
362.12997,100,2721.785874
364.32227,100,2721.785911
354.44122,100,2732.601881
350.23676,100,2732.60205
361.69144,100,2732.602097
375.1448,100,2732.602136
367.24313,100,2743.872905
363.22998,100,2743.873055
359.57098,100,2743.873101
364.6804,100,2743.873138
370.21872,100,2754.735955
368.27335,100,2754.736093
352.62662,100,2754.736139
357.09424,100,2754.736176
344.68402,100,2767.154758
362.85028,100,2767.154984
376.0956,100,2767.155044
335.69296,100,2767.155087
360.5258,100,2777.726993
337.4949,100,2777.727144
358.84445,100,2777.727189
363.34174,100,2777.727227
348.50485,100,2792.015515
352.55148,100,2792.015664
379.78055,100,2792.015709
390.38257,100,2792.015747
370.74048,100,2804.374535
356.2499,100,2804.374681
341.2047,100,2804.374726
354.4396,100,2804.374764
341.24075,100,2815.322605
365.03986,100,2815.32274
328.06378,100,2815.322788
299.7752,100,2815.322827
378.6274,100,2831.012588
371.2113,100,2831.012724
367.74777,100,2831.01277
341.29205,100,2831.012838
344.38403,100,2841.249429
365.8131,100,2841.249577
324.31143,100,2841.249622
367.64984,100,2841.249661
358.4176,100,2853.577498
349.83255,100,2853.577638
364.14594,100,2853.577684
363.5091,100,2853.577722
364.35898,100,2864.759169
312.56857,100,2864.759315
372.77472,100,2864.759361
362.71274,100,2864.759399
359.1026,100,2875.56357
324.08322,100,2875.563705
355.25482,100,2875.563752
357.80386,100,2875.56379
373.23114,100,2889.532456
338.76797,100,2889.532624
351.9897,100,2889.53267
359.6623,100,2889.532708
359.7613,100,2902.068081
358.13284,100,2902.068227
357.40906,100,2902.068273
312.57245,100,2902.068312
367.35605,100,2916.373714
320.03522,100,2916.373906
380.19168,100,2916.373954
374.64368,100,2916.373992
321.4257,100,2926.891998
347.0362,100,2926.89219
377.11438,100,2926.892237
361.46774,100,2926.892277
372.36014,100,2938.680794
361.45694,100,2938.680948
356.49387,100,2938.680996
359.85617,100,2938.681035
342.90945,100,2949.714348
368.83813,100,2949.714494
270.2975,100,2949.714539
282.7452,100,2949.714577
383.45773,100,2964.045597
356.48108,100,2964.045756
394.6393,100,2964.045812
348.7218,100,2964.045852
391.98547,100,2976.816273
391.88187,100,2976.816424
368.2818,100,2976.816471
381.98187,100,2976.816509
371.76663,100,2987.774835
360.22336,100,2987.774974
359.75204,100,2987.77502
359.70905,100,2987.77506
349.32547,100,2998.161393
361.21564,100,2998.161532
376.9003,100,2998.161577
363.8292,100,2998.161614
378.17755,100,3010.962366
365.57455,100,3010.962501
360.28662,100,3010.962547
358.05292,100,3010.962585
355.86533,100,3021.680839
340.17743,100,3021.680975
367.78094,100,3021.68102
381.505,100,3021.681059
358.31848,100,3033.35464
369.2796,100,3033.354786
366.52127,100,3033.354831
195.3607,100,3033.35487
357.75723,100,3045.156763
377.386,100,3045.156943
357.60678,100,3045.156992
371.67996,100,3045.157033
360.60605,100,3056.803741
345.85175,100,3056.80389
389.26456,100,3056.803936
350.07523,100,3056.803975
379.04205,100,3068.625687
197.82239,100,3068.62591
376.44608,100,3068.62596
356.80457,100,3068.626
327.21725,100,3079.330995
311.38327,100,3079.331168
372.30084,100,3079.331216
345.45914,100,3079.331256
375.16763,100,3090.805459
381.22202,100,3090.805594
369.7043,100,3090.805643
373.63812,100,3090.805682
374.6929,100,3102.332551
352.327,100,3102.332693
362.4547,100,3102.332741
381.92685,100,3102.33278
376.43982,100,3113.901863
349.5719,100,3113.902001
363.76328,100,3113.902049
362.78955,100,3113.902088
365.76288,100,3125.692571
378.32605,100,3125.692699
316.78082,100,3125.692746
355.82285,100,3125.692785
374.79248,100,3138.775639
376.71164,100,3138.775789
372.64987,100,3138.775838
356.03058,100,3138.775878
372.48016,100,3152.289485
373.27206,100,3152.289633
319.547,100,3152.289681
365.0285,100,3152.28972
354.0237,100,3163.825746
384.14905,100,3163.825878
364.01596,100,3163.825926
370.1528,100,3163.825966
340.72632,100,3175.391349
428.34634,100,3175.391493
350.24512,100,3175.391545
362.96674,100,3175.391585
376.7858,100,3186.206466
372.3667,100,3186.206625
373.64127,100,3186.206674
383.08206,100,3186.206714
375.93802,100,3198.227081
338.06464,100,3198.227218
377.33893,100,3198.227268
361.7328,100,3198.227308
371.1585,100,3212.010886
390.7174,100,3212.011098
393.8886,100,3212.011148
373.9776,100,3212.011189
357.68033,100,3225.724518
369.67896,100,3225.72469
336.91125,100,3225.724738
348.42242,100,3225.724778
353.8095,100,3238.765439
383.05252,100,3238.765592
382.67352,100,3238.76564
369.79718,100,3238.765679
344.40714,100,3250.723404
366.6329,100,3250.723551
364.94516,100,3250.723599
356.3008,100,3250.723639
346.44122,100,3261.362584
371.92456,100,3261.362727
363.47284,100,3261.362775
325.72943,100,3261.362814
366.03217,100,3273.6607
339.84738,100,3273.660847
363.67142,100,3273.660896
360.58496,100,3273.660937
371.6503,100,3287.334472
371.19794,100,3287.334621
361.61127,100,3287.33467
379.2421,100,3287.33471
352.2395,100,3300.423386
329.44724,100,3300.423546
373.7684,100,3300.423595
363.592,100,3300.423635
355.8289,100,3311.483778
400.4346,100,3311.483916
317.80276,100,3311.483964
370.6059,100,3311.484005
314.57153,100,3322.630509
363.1631,100,3322.630652
321.02866,100,3322.630701
373.5996,100,3322.63074
333.0078,100,3335.169998
373.14188,100,3335.170159
385.2572,100,3335.170207
341.18018,100,3335.170246
372.238,100,3347.959505
368.04214,100,3347.959643
339.67175,100,3347.959692
370.3149,100,3347.959733
353.4011,100,3358.974664
373.0229,100,3358.974856
380.6028,100,3358.974906
372.10266,100,3358.974945
351.7182,100,3375.735244
458.18182,100,3375.735446
373.019,100,3375.735496
346.06094,100,3375.735537
385.64197,100,3389.592054
389.44263,100,3389.592205
348.86957,100,3389.592253
376.8939,100,3389.592293
351.64725,100,3402.025475
362.18478,100,3402.025614
364.78113,100,3402.025662
359.42694,100,3402.025702
395.39682,100,3413.51807
299.89902,100,3413.518217
373.6078,100,3413.518267
340.19022,100,3413.518307
369.62115,100,3426.400527
379.77597,100,3426.40067
397.21112,100,3426.400719
366.3291,100,3426.400759
336.02567,100,3438.564827
387.77692,100,3438.564994
338.0019,100,3438.565043
352.95557,100,3438.565083
382.32135,100,3451.368577
348.55316,100,3451.368721
300.93124,100,3451.368769
340.72412,100,3451.36881
369.66534,100,3463.326669
346.10342,100,3463.326797
372.31116,100,3463.326846
356.20792,100,3463.326886
290.2571,100,3475.5133
376.57977,100,3475.513543
372.4659,100,3475.513593
333.3274,100,3475.513632
373.6811,100,3486.222981
353.75333,100,3486.223118
385.53125,100,3486.223167
347.29074,100,3486.223207
373.07056,100,3497.672284
373.6737,100,3497.672425
349.8743,100,3497.672475
344.0896,100,3497.672516
348.28696,100,3509.885961
337.1099,100,3509.886112
373.01654,100,3509.886162
322.26712,100,3509.886204
316.08978,100,3522.193435
344.2411,100,3522.193581
354.57028,100,3522.193629
294.92422,100,3522.193669
364.55884,100,3533.642776
369.62808,100,3533.642917
345.68213,100,3533.642965
335.7352,100,3533.643004
337.39395,100,3549.207697
392.6826,100,3549.207833
346.50354,100,3549.207881
373.68024,100,3549.207922
376.63583,100,3562.694873
373.32135,100,3562.695011
350.31567,100,3562.69506
379.9119,100,3562.695101
304.05875,100,3575.508754
367.80756,100,3575.508897
314.21866,100,3575.508945
335.7197,100,3575.508984
401.4856,100,3586.663502
396.7145,100,3586.663743
363.34448,100,3586.663794
353.65707,100,3586.663835
354.8232,100,3599.089835
367.3029,100,3599.090081
376.94986,100,3599.090133
369.2148,100,3599.090174
388.96198,100,3613.271971
352.3128,100,3613.272118
338.5812,100,3613.272165
363.0727,100,3613.272203
378.26566,100,3625.680276
373.06866,100,3625.68051
346.90866,100,3625.680559
353.47952,100,3625.680598
362.2894,100,3636.899595
381.34238,100,3636.899731
363.4157,100,3636.899779
385.22424,100,3636.899818
376.3145,100,3651.007594
384.32333,100,3651.007735
298.7227,100,3651.007783
381.73346,100,3651.007822
346.6766,100,3663.962764
365.75174,100,3663.962936
365.5375,100,3663.962985
380.98126,100,3663.963027
359.75293,100,3674.774035
440.86798,100,3674.774276
375.35907,100,3674.774326
376.09863,100,3674.774366
340.9086,100,3687.095371
364.28134,100,3687.09551
359.68365,100,3687.095559
363.9963,100,3687.095601
362.94043,100,3699.963767
336.25967,100,3699.963915
376.70764,100,3699.963964
372.97522,100,3699.964004
355.90167,100,3713.003272
343.51443,100,3713.00341
371.0976,100,3713.00346
363.89716,100,3713.003499
375.79633,100,3725.446023
362.43805,100,3725.446174
363.07123,100,3725.446223
324.9221,100,3725.446264
353.9551,100,3736.379145
361.7349,100,3736.379288
388.84564,100,3736.379337
364.4375,100,3736.379378
326.03513,100,3748.691768
355.72403,100,3748.691938
361.54874,100,3748.691986
336.85016,100,3748.692027
331.8212,100,3763.246297
346.12823,100,3763.246502
326.60098,100,3763.246552
387.3533,100,3763.246592
289.79535,100,3775.286718
377.259,100,3775.286896
330.48868,100,3775.286945
302.91483,100,3775.286985
353.1589,100,3786.516513
360.1975,100,3786.516653
327.91174,100,3786.5167
358.67484,100,3786.516739
351.1569,100,3799.95428
369.9835,100,3799.954427
354.7544,100,3799.954472
381.31622,100,3799.954509
369.3188,100,3811.06601
329.76016,100,3811.066163
322.32855,100,3811.06621
345.52948,100,3811.066248
361.72812,100,3823.684692
367.4797,100,3823.684832
390.84186,100,3823.68488
322.2966,100,3823.68492
341.8948,100,3835.802044
356.13177,100,3835.802197
307.19934,100,3835.802244
371.34848,100,3835.802284
328.49753,100,3847.839343
326.82388,100,3847.83949
368.1848,100,3847.839537
340.33517,100,3847.839578
379.2284,100,3858.647803
347.42648,100,3858.647958
316.8167,100,3858.648006
361.685,100,3858.648046
378.7374,100,3869.510277
384.3694,100,3869.510423
338.61722,100,3869.510471
346.7506,100,3869.510513
373.96436,100,3880.885173
387.32852,100,3880.885348
327.68176,100,3880.885396
386.69315,100,3880.885434
356.57147,100,3896.551115
368.5447,100,3896.551241
387.95493,100,3896.551288
373.4861,100,3896.551326
377.6614,100,3913.002831
377.37552,100,3913.003028
466.31256,100,3913.003076
362.1419,100,3913.003115
362.78113,100,3923.727597
410.08405,100,3923.727764
369.2321,100,3923.727814
381.10684,100,3923.727855
377.0162,100,3937.411088
355.3346,100,3937.411233
379.12485,100,3937.411281
329.1807,100,3937.41132
381.50507,100,3948.769552
281.50522,100,3948.769691
376.90115,100,3948.769755
381.1732,100,3948.769811
360.1615,100,3961.601994
362.25226,100,3961.602144
349.77646,100,3961.602192
391.2443,100,3961.60223
372.91678,100,3976.420378
436.42245,100,3976.420525
375.139,100,3976.420572
388.655,100,3976.42061
388.93338,100,3988.052619
392.16638,100,3988.052756
351.11517,100,3988.052803
308.18326,100,3988.052842
353.89606,100,4000.74521
352.39648,100,4000.745362
367.78333,100,4000.745409
366.2029,100,4000.745447
358.04095,100,4012.866046
371.95932,100,4012.866186
358.602,100,4012.866234
385.61612,100,4012.866271
376.71747,100,4025.969529
390.22354,100,4025.969697
377.784,100,4025.969769
378.1942,100,4025.969814
364.55426,100,4037.956214
377.29184,100,4037.956351
368.71338,100,4037.956397
365.1994,100,4037.956434
374.682,100,4051.865762
392.37982,100,4051.865908
371.73822,100,4051.865955
393.78754,100,4051.865995
400.7836,100,4063.435435
331.77707,100,4063.435651
369.92953,100,4063.4357
393.79138,100,4063.43574
333.38345,100,4075.550338
383.29208,100,4075.550485
359.0104,100,4075.550531
382.95853,100,4075.55057
369.65936,100,4087.33338
341.21057,100,4087.333529
347.19382,100,4087.333576
347.95514,100,4087.333614
379.31226,100,4100.898982
334.33432,100,4100.899131
376.8573,100,4100.899177
299.11227,100,4100.899216
369.77106,100,4112.233267
352.4696,100,4112.233406
371.11295,100,4112.233454
360.49792,100,4112.233493
377.1355,100,4125.39945
356.6845,100,4125.399597
375.47,100,4125.399644
338.68762,100,4125.399683
395.114,100,4137.700889
392.62308,100,4137.701014
377.28967,100,4137.701061
376.31128,100,4137.701099
302.8719,100,4149.493291
350.71512,100,4149.493432
385.44885,100,4149.493479
375.39972,100,4149.493516
369.69086,100,4160.087578
357.987,100,4160.087723
356.21207,100,4160.087769
340.6706,100,4160.087809
297.5143,100,4173.405962
435.57828,100,4173.40612
331.60864,100,4173.406167
327.1623,100,4173.406204
354.17117,100,4184.653099
374.079,100,4184.65325
387.45145,100,4184.653296
392.49313,100,4184.653335
372.2318,100,4196.56934
359.5939,100,4196.569559
326.42566,100,4196.569608
352.2895,100,4196.569648
400.40515,100,4208.088966
363.15915,100,4208.089131
263.98965,100,4208.089178
371.7674,100,4208.089217
303.9689,100,4220.663805
378.32675,100,4220.663953
390.1106,100,4220.664
370.01785,100,4220.66404
341.6029,100,4231.394675
358.7003,100,4231.394824
316.16837,100,4231.394871
367.53247,100,4231.394911
284.892,100,4243.650162
320.32288,100,4243.6503
378.9453,100,4243.650348
330.831,100,4243.650387
315.19867,100,4255.538334
359.1288,100,4255.538481
374.2347,100,4255.538528
343.66678,100,4255.53859
374.59564,100,4266.545637
459.6323,100,4266.545808
378.23538,100,4266.545869
371.70178,100,4266.545913
373.64175,100,4277.843756
370.66754,100,4277.843899
379.50076,100,4277.843948
336.2467,100,4277.843989
377.94775,100,4292.079895
383.8389,100,4292.080044
215.50499,100,4292.080092
393.2348,100,4292.080132
320.78302,100,4303.080485
367.70877,100,4303.080627
388.47284,100,4303.080676
379.78357,100,4303.080716
385.00012,100,4313.930542
341.31583,100,4313.930715
322.98322,100,4313.930763
362.4915,100,4313.930802
355.9967,100,4326.70815
383.30652,100,4326.708301
385.73682,100,4326.708347
391.80716,100,4326.708386
376.18948,100,4339.510014
358.24374,100,4339.510204
329.07248,100,4339.510254
358.87204,100,4339.510295
323.73367,100,4350.879131
360.63373,100,4350.879321
386.27948,100,4350.87937
356.0878,100,4350.87941
378.0252,100,4364.265769
379.94745,100,4364.265911
333.14008,100,4364.265959
386.3459,100,4364.265999
385.12872,100,4378.017824
339.66458,100,4378.017967
325.7805,100,4378.018014
379.03745,100,4378.018054
390.72083,100,4390.61624
301.52377,100,4390.616391
311.60703,100,4390.616439
397.73486,100,4390.616479
280.54785,100,4403.968807
418.0698,100,4403.96895
385.8935,100,4403.968998
346.69412,100,4403.969039
325.4272,100,4414.409148
298.57684,100,4414.409285
363.29785,100,4414.409332
377.51306,100,4414.409371
391.5681,100,4427.050231
318.40982,100,4427.050383
357.9378,100,4427.050432
382.81647,100,4427.050472
385.13763,100,4443.661679
359.8465,100,4443.661839
363.56027,100,4443.661888
411.98508,100,4443.661928
273.116,100,4454.260037
360.32086,100,4454.260172
375.62366,100,4454.260219
309.64764,100,4454.260258
384.11792,100,4465.849576
378.63608,100,4465.849751
350.34387,100,4465.849815
382.60394,100,4465.849857
371.5686,100,4477.230329
353.21255,100,4477.230489
348.00787,100,4477.230538
393.2272,100,4477.230577
328.0842,100,4492.194315
382.16025,100,4492.194531
363.8572,100,4492.194581
400.13956,100,4492.19462
352.2514,100,4502.842736
346.05533,100,4502.842903
359.22955,100,4502.842951
365.2775,100,4502.84299
365.3965,100,4515.250605
375.97476,100,4515.25076
402.50778,100,4515.250809
398.2663,100,4515.250851
271.1371,100,4526.660695
396.0497,100,4526.660847
363.3646,100,4526.660894
374.41702,100,4526.660936
403.18674,100,4539.325853
396.8189,100,4539.326007
397.18997,100,4539.326056
335.03467,100,4539.326096
324.312,100,4550.906066
360.45285,100,4550.906206
375.64145,100,4550.906255
369.92883,100,4550.906296
386.60123,100,4564.267634
319.15802,100,4564.267785
396.4915,100,4564.267834
376.28598,100,4564.267876
378.021,100,4574.974876
370.85803,100,4574.975029
385.14923,100,4574.975079
341.21866,100,4574.975121
374.594,100,4589.271802
393.35013,100,4589.271937
386.89145,100,4589.271986
330.1532,100,4589.272027
343.1456,100,4603.094529
367.08334,100,4603.094673
382.23422,100,4603.094721
392.7593,100,4603.09476
398.81934,100,4614.898743
388.82004,100,4614.898929
382.17422,100,4614.898979
369.98892,100,4614.899019
379.66083,100,4628.197597
355.8306,100,4628.197751
393.6852,100,4628.197814
352.6173,100,4628.197858
391.23157,100,4640.00874
388.0974,100,4640.008924
391.14328,100,4640.008973
381.4944,100,4640.009014
364.37766,100,4651.034361
335.89346,100,4651.034618
359.57532,100,4651.034667
357.32782,100,4651.034706
348.9324,100,4661.435511
362.05206,100,4661.435663
342.83765,100,4661.435711
396.87555,100,4661.435751
373.94785,100,4673.387308
377.39606,100,4673.38745
362.21805,100,4673.387499
314.07196,100,4673.387539
358.45108,100,4686.840772
351.44852,100,4686.84092
360.21555,100,4686.840969
350.43146,100,4686.841009
377.16714,100,4699.015
338.27948,100,4699.015138
362.67288,100,4699.015187
370.33167,100,4699.015226
390.82898,100,4711.242448
368.13928,100,4711.2426
370.4535,100,4711.242649
360.88614,100,4711.24269
378.8913,100,4722.693974
382.154,100,4722.69413
373.52658,100,4722.694179
382.68246,100,4722.69422
379.34662,100,4734.983303
378.6832,100,4734.983466
367.46652,100,4734.983515
316.64734,100,4734.983554
367.97656,100,4748.306695
389.67923,100,4748.306839
297.45602,100,4748.306888
397.03656,100,4748.306929
356.87036,100,4761.34438
333.82684,100,4761.344536
346.84433,100,4761.344585
372.4057,100,4761.344625
410.37952,100,4773.373179
372.5081,100,4773.373333
419.1443,100,4773.373381
363.48096,100,4773.373422
359.23532,100,4785.888277
331.2292,100,4785.888458
378.23465,100,4785.888506
386.55182,100,4785.888546
337.4811,100,4796.764454
369.30582,100,4796.764644
351.07275,100,4796.764693
348.18076,100,4796.764733
378.57944,100,4809.252069
378.67725,100,4809.252208
363.869,100,4809.252255
370.88724,100,4809.252296
369.7756,100,4819.924464
371.45267,100,4819.924608
358.99796,100,4819.924658
369.94235,100,4819.924698
365.7566,100,4832.063203
372.82596,100,4832.063357
389.81827,100,4832.063407
347.5697,100,4832.063448
347.95874,100,4845.724357
350.09534,100,4845.724509
368.80228,100,4845.724558
325.26233,100,4845.724599
382.78198,100,4855.945642
376.51627,100,4855.945801
349.66223,100,4855.945857
342.21722,100,4855.945899
335.2388,100,4867.632495
362.7391,100,4867.632642
338.15527,100,4867.632689
363.48718,100,4867.632729
369.11105,100,4879.601331
387.95892,100,4879.601481
326.25436,100,4879.601528
363.6314,100,4879.601574
313.24207,100,4889.756223
344.6322,100,4889.756371
382.9499,100,4889.756417
337.86758,100,4889.756456
389.59192,100,4903.99995
377.75183,100,4904.000121
351.19754,100,4904.000168
319.5105,100,4904.000206
368.49182,100,4917.347
433.55893,100,4917.34716
392.4189,100,4917.347209
365.32318,100,4917.347249
349.55597,100,4930.424173
347.836,100,4930.424313
382.22314,100,4930.424358
369.174,100,4930.424396
305.65204,100,4941.877274
372.46164,100,4941.877465
395.45953,100,4941.877511
391.13467,100,4941.877548
330.93665,100,4953.22123
401.50122,100,4953.221383
308.7235,100,4953.221428
371.20374,100,4953.221466
442.0076,100,4963.47069
365.8957,100,4963.470833
383.9618,100,4963.470877
385.7763,100,4963.470914
371.27115,100,4977.325822
385.11154,100,4977.325971
382.6886,100,4977.326017
378.70145,100,4977.326056
383.25488,100,4988.672276
361.35004,100,4988.672416
353.5804,100,4988.672461
348.6635,100,4988.672499
386.4823,100,4999.255982
336.3597,100,4999.256126
349.11575,100,4999.256171
346.96732,100,4999.25621
357.8933,100,5009.506124
383.56143,100,5009.50626
371.09326,100,5009.506304
367.77283,100,5009.506342
328.7115,100,5021.724948
337.4252,100,5021.725085
399.98062,100,5021.725127
402.06635,100,5021.725164
379.71454,100,5032.313683
335.64413,100,5032.313847
350.1392,100,5032.313894
392.26138,100,5032.313932
398.11627,100,5044.941198
362.47214,100,5044.941351
332.8578,100,5044.941398
354.67935,100,5044.941438
391.57587,100,5056.913301
373.3877,100,5056.913471
359.96164,100,5056.913518
407.27597,100,5056.913557
361.61752,100,5069.10397
339.05844,100,5069.104118
406.83453,100,5069.104165
338.96536,100,5069.104206
382.50394,100,5080.409811
365.65295,100,5080.409993
387.41318,100,5080.410042
365.2143,100,5080.410082
367.9517,100,5092.299653
386.66214,100,5092.299852
375.2464,100,5092.299906
366.6035,100,5092.299959
359.76562,100,5103.290578
383.64093,100,5103.290722
364.50824,100,5103.29077
384.5421,100,5103.29081
385.15002,100,5116.471647
390.14563,100,5116.471787
344.26645,100,5116.471836
365.9244,100,5116.471877
382.03534,100,5126.890189
393.49472,100,5126.890344
355.96927,100,5126.890393
373.325,100,5126.890433
358.84286,100,5138.921018
361.54202,100,5138.921165
366.61444,100,5138.921213
358.14542,100,5138.921253
349.90918,100,5151.250017
393.20322,100,5151.250158
345.52286,100,5151.250207
390.41498,100,5151.250247
391.6873,100,5163.897761
322.66202,100,5163.89791
385.02713,100,5163.897959
408.61765,100,5163.898001
357.98486,100,5174.89744
361.6396,100,5174.897583
327.53384,100,5174.897631
350.19473,100,5174.89767
374.56848,100,5185.869164
356.63397,100,5185.869294
390.31964,100,5185.86934
370.57254,100,5185.869379
402.51462,100,5200.605881
356.54526,100,5200.606043
391.1682,100,5200.606091
377.63895,100,5200.606133
376.62225,100,5212.831162
353.844,100,5212.831308
386.0483,100,5212.831357
386.19147,100,5212.831397
378.1464,100,5223.352876
312.5029,100,5223.353062
312.8741,100,5223.35311
281.55466,100,5223.353151
382.44305,100,5234.967312
325.95435,100,5234.967499
392.18716,100,5234.967547
360.58572,100,5234.967587
355.77216,100,5248.976605
396.86887,100,5248.976739
359.1652,100,5248.976785
393.82428,100,5248.976824
329.32977,100,5261.048645
366.41284,100,5261.048794
389.05716,100,5261.04884
395.03992,100,5261.048879
321.59756,100,5275.254299
388.77747,100,5275.254434
359.6737,100,5275.254481
363.36746,100,5275.25452
368.8424,100,5285.46984
111.836105,100,5285.469975
376.29047,100,5285.470022
362.24658,100,5285.470061
394.57822,100,5298.382423
363.94147,100,5298.382567
383.59888,100,5298.382615
395.87247,100,5298.382654
392.66785,100,5313.361715
336.41833,100,5313.361877
346.42496,100,5313.361925
396.41562,100,5313.361963
357.7989,100,5324.719881
399.21616,100,5324.72002
369.7205,100,5324.720065
374.6682,100,5324.720103
299.5033,100,5334.953562
337.79755,100,5334.953712
393.18576,100,5334.953804
343.38113,100,5334.953853
328.23898,100,5347.676009
373.1146,100,5347.676167
359.7287,100,5347.676215
387.406,100,5347.676255
363.57996,100,5359.763671
401.40372,100,5359.763804
381.8669,100,5359.76385
360.5698,100,5359.763888
381.13458,100,5370.851084
352.90427,100,5370.851256
275.66153,100,5370.851304
397.14874,100,5370.851342
386.86975,100,5384.569887
400.58185,100,5384.57009
380.13776,100,5384.570137
370.60986,100,5384.570175
346.79547,100,5395.401568
385.68048,100,5395.401707
372.00793,100,5395.401778
292.72247,100,5395.401822
359.6235,100,5409.083988
384.71533,100,5409.084127
357.9934,100,5409.084173
377.80334,100,5409.08421
367.28455,100,5420.486259
359.94305,100,5420.486396
356.46344,100,5420.486442
347.598,100,5420.48648
362.42834,100,5431.098302
371.95645,100,5431.098444
399.28943,100,5431.09849
389.8845,100,5431.098529
364.63388,100,5441.270502
363.96527,100,5441.270646
320.60767,100,5441.270692
387.07806,100,5441.270729
306.86215,100,5453.148793
381.99817,100,5453.148934
350.04254,100,5453.148979
359.77847,100,5453.149016
404.17685,100,5465.187788
333.31744,100,5465.187939
350.78162,100,5465.187988
371.97388,100,5465.188027
365.48563,100,5476.158701
362.53644,100,5476.158851
385.60617,100,5476.158899
421.28424,100,5476.15894
368.8734,100,5491.93721
331.21912,100,5491.937354
394.17838,100,5491.937402
388.10107,100,5491.937442
399.85886,100,5504.932666
350.36804,100,5504.932831
386.72592,100,5504.932879
388.7436,100,5504.932918
358.80832,100,5516.694904
360.4096,100,5516.69505
375.4134,100,5516.695097
344.03708,100,5516.695136
370.27493,100,5528.343554
380.55652,100,5528.343731
357.62714,100,5528.34378
370.479,100,5528.34382
379.14587,100,5539.921668
294.2761,100,5539.92188
326.83377,100,5539.921929
349.64447,100,5539.921969
292.00153,100,5553.96764
398.44324,100,5553.967777
369.24103,100,5553.967825
363.68246,100,5553.967865
303.00278,100,5566.043032
383.76285,100,5566.043175
365.25024,100,5566.043224
394.67636,100,5566.043265
307.1378,100,5578.045537
383.99866,100,5578.045678
418.3162,100,5578.045727
355.22748,100,5578.045793
312.4363,100,5589.756037
382.71747,100,5589.756179
371.17023,100,5589.756227
328.88614,100,5589.756268
377.8887,100,5608.359285
283.6999,100,5608.359415
367.62793,100,5608.359463
356.37552,100,5608.359504
355.0351,100,5621.139238
367.14313,100,5621.139382
411.78595,100,5621.139429
373.29376,100,5621.139468
348.02304,100,5632.219774
372.1178,100,5632.219924
377.9666,100,5632.219972
362.04633,100,5632.220011
373.56403,100,5642.643152
376.11148,100,5642.643306
372.11832,100,5642.643355
378.08368,100,5642.643394
352.1368,100,5657.667167
376.5162,100,5657.667337
364.8806,100,5657.667386
363.10403,100,5657.667426
389.03622,100,5673.250051
379.49536,100,5673.250271
254.24307,100,5673.250319
374.47092,100,5673.250359
394.68005,100,5685.826659
148.53403,100,5685.82682
270.39774,100,5685.82687
380.97177,100,5685.826911
407.1806,100,5698.039878
374.83566,100,5698.040013
355.9803,100,5698.040059
359.7433,100,5698.040099
364.87775,100,5714.167683
397.30853,100,5714.167819
354.4652,100,5714.167867
397.5704,100,5714.167906
370.50183,100,5731.616449
347.74792,100,5731.616586
339.52054,100,5731.616633
375.43536,100,5731.616673
362.79214,100,5743.491711
345.30853,100,5743.491853
392.19064,100,5743.4919
347.94754,100,5743.491939
385.65448,100,5756.796944
376.64697,100,5756.797083
387.2743,100,5756.797129
380.51868,100,5756.797168
387.9352,100,5768.752901
350.9391,100,5768.753047
360.2131,100,5768.753093
358.32578,100,5768.753131
389.58267,100,5782.090568
382.81348,100,5782.090723
387.07443,100,5782.09077
346.79514,100,5782.090808
393.84888,100,5794.555823
380.15793,100,5794.55596
378.6408,100,5794.556007
302.07352,100,5794.556045
360.68875,100,5804.884735
376.94525,100,5804.884921
339.9461,100,5804.884968
291.81772,100,5804.885007
363.68967,100,5820.006898
351.90332,100,5820.007096
395.15436,100,5820.007144
386.40503,100,5820.007182
366.25616,100,5831.447907
348.12173,100,5831.448061
373.34824,100,5831.448111
388.79587,100,5831.448151
372.77444,100,5842.249809
422.7414,100,5842.249964
366.1975,100,5842.250013
339.43658,100,5842.250053
344.51697,100,5854.766994
358.78806,100,5854.767132
400.1081,100,5854.767181
372.5174,100,5854.767221
402.97473,100,5866.591176
362.79794,100,5866.591326
358.38525,100,5866.591374
376.044,100,5866.591414
366.38528,100,5879.606644
394.3942,100,5879.60679
374.89374,100,5879.606838
281.91406,100,5879.606878
398.54144,100,5893.91034
384.01074,100,5893.910477
381.95288,100,5893.910527
385.10025,100,5893.910568
376.22885,100,5906.215326
383.13315,100,5906.215479
390.88623,100,5906.215527
377.34137,100,5906.215567
344.28897,100,5918.003108
361.1261,100,5918.00325
303.97284,100,5918.003297
326.72766,100,5918.003336
376.71045,100,5931.110719
382.40503,100,5931.110867
377.16342,100,5931.110914
326.1361,100,5931.110955
372.25552,100,5942.177072
395.75922,100,5942.177217
333.59253,100,5942.177264
368.18607,100,5942.177304
371.69977,100,5952.714008
382.2062,100,5952.714153
378.43445,100,5952.714199
382.3843,100,5952.714237
300.48553,100,5964.431437
366.51328,100,5964.431674
381.29095,100,5964.431722
353.93625,100,5964.431761
395.59348,100,5975.263827
373.9853,100,5975.263963
354.68768,100,5975.264008
323.4738,100,5975.264045
241.99052,100,5985.31757
397.14655,100,5985.317707
282.4502,100,5985.317788
364.0126,100,5985.317852
387.8116,100,5999.8199
337.5357,100,5999.820033
359.0138,100,5999.82008
281.7106,100,5999.820118
364.10846,100,6013.503518
342.94434,100,6013.503659
369.11572,100,6013.503706
325.38403,100,6013.503744
375.45352,100,6027.294086
389.02966,100,6027.294221
378.11215,100,6027.294267
381.0217,100,6027.294306
358.09167,100,6040.35941
383.41278,100,6040.359555
370.94434,100,6040.359601
355.0529,100,6040.35964
387.83667,100,6056.125765
379.05765,100,6056.125909
414.3209,100,6056.125957
389.22964,100,6056.125996
389.75598,100,6069.771879
370.02087,100,6069.772014
387.92746,100,6069.772061
353.82202,100,6069.772099
389.5417,100,6080.790908
326.03574,100,6080.791055
393.68283,100,6080.791102
396.9412,100,6080.791142
350.47592,100,6094.023947
348.79413,100,6094.024114
381.91635,100,6094.024162
383.97452,100,6094.024202
358.98022,100,6106.88572
341.33896,100,6106.885875
353.88785,100,6106.885921
326.72168,100,6106.885959
375.2835,100,6123.513165
368.70023,100,6123.513369
368.3126,100,6123.513417
384.53134,100,6123.513455
358.1449,100,6135.549329
376.4225,100,6135.54949
385.19885,100,6135.549536
382.5939,100,6135.549576
359.62302,100,6148.950156
365.89987,100,6148.950292
388.11966,100,6148.950338
379.27826,100,6148.950377
357.04483,100,6162.629145
275.43277,100,6162.629282
377.91183,100,6162.629328
390.41266,100,6162.629388
299.89203,100,6179.035483
217.72527,100,6179.035619
328.3261,100,6179.035666
379.9161,100,6179.035706
315.94656,100,6190.653722
383.7115,100,6190.653884
371.98773,100,6190.653929
355.71146,100,6190.653966
395.56985,100,6209.329654
365.31726,100,6209.329815
327.83115,100,6209.329864
388.57556,100,6209.329902
378.10547,100,6221.34194
332.59235,100,6221.342085
385.32318,100,6221.342131
381.93723,100,6221.342169
324.33258,100,6232.635146
275.3983,100,6232.635282
357.66953,100,6232.635325
397.13715,100,6232.635361
410.1288,100,6243.133938
351.14227,100,6243.134088
375.98822,100,6243.134133
379.87482,100,6243.13417
334.50378,100,6253.77707
392.12296,100,6253.777228
370.16565,100,6253.777273
367.20816,100,6253.77731
344.51462,100,6265.46604
379.32535,100,6265.466167
370.56516,100,6265.466213
355.39624,100,6265.466251
387.4341,100,6277.98694
368.94492,100,6277.987077
352.16507,100,6277.987125
308.75064,100,6277.987165
347.70917,100,6288.566542
364.73666,100,6288.566767
391.08908,100,6288.566817
226.27577,100,6288.566857
417.95612,100,6301.715778
341.7545,100,6301.715927
356.0069,100,6301.715976
334.70206,100,6301.716016
355.55563,100,6312.98141
372.04813,100,6312.981555
331.74435,100,6312.981603
368.38333,100,6312.981642
361.0368,100,6326.155681
358.52966,100,6326.155818
329.86496,100,6326.155865
382.94913,100,6326.155903
354.12714,100,6337.624282
304.6698,100,6337.624418
402.605,100,6337.624465
387.2983,100,6337.624502
364.68808,100,6351.371215
419.16226,100,6351.371356
379.32358,100,6351.371402
406.4089,100,6351.37144
337.19513,100,6364.676377
379.92203,100,6364.676514
323.29126,100,6364.67656
394.93567,100,6364.676599
296.7423,100,6377.194243
369.12436,100,6377.194392
296.4912,100,6377.194439
376.6575,100,6377.194477
372.71432,100,6389.480621
320.89078,100,6389.48077
333.82318,100,6389.480818
340.56226,100,6389.480858
393.79092,100,6404.861346
381.64417,100,6404.861496
391.784,100,6404.861543
364.76886,100,6404.861583
389.12833,100,6419.776946
340.27985,100,6419.777113
371.35443,100,6419.777162
411.1868,100,6419.777202
388.08862,100,6436.356889
377.76163,100,6436.357028
326.08755,100,6436.357074
371.94464,100,6436.357112
376.47006,100,6449.788802
375.23236,100,6449.789014
381.56482,100,6449.789062
388.69995,100,6449.789102
378.47284,100,6460.717433
388.865,100,6460.717595
468.99255,100,6460.717643
321.1289,100,6460.717683
403.30664,100,6473.606308
317.48865,100,6473.606454
410.35522,100,6473.606502
369.03348,100,6473.60654
386.8243,100,6491.562877
383.84222,100,6491.563015
348.50705,100,6491.563063
371.39767,100,6491.563102
391.87442,100,6506.022863
387.0716,100,6506.023
385.72055,100,6506.023045
398.14603,100,6506.023083
374.7688,100,6517.460589
370.43497,100,6517.46073
402.9251,100,6517.460777
385.95248,100,6517.460815
390.86176,100,6530.490699
307.41248,100,6530.490837
376.25214,100,6530.490884
373.23694,100,6530.490923
395.58804,100,6544.672224
387.6831,100,6544.672364
342.23413,100,6544.672409
375.72696,100,6544.672447
393.90854,100,6558.644725
385.80933,100,6558.644864
367.9876,100,6558.644911
363.72067,100,6558.644949
375.86462,100,6569.712773
383.51514,100,6569.712919
384.73373,100,6569.712963
396.0835,100,6569.713001
382.2987,100,6583.631508
370.70956,100,6583.631663
368.36508,100,6583.63171
356.51877,100,6583.631748
333.05695,100,6597.637688
391.15436,100,6597.63785
410.69717,100,6597.637899
308.6147,100,6597.637939
377.26627,100,6613.511383
300.44794,100,6613.511557
389.147,100,6613.511606
378.94272,100,6613.511645
324.22858,100,6627.216557
381.3193,100,6627.216744
391.94977,100,6627.216792
345.22446,100,6627.216831
387.13354,100,6638.00558
363.13892,100,6638.005717
372.79837,100,6638.005786
385.7183,100,6638.00584
300.6705,100,6651.54632
382.17297,100,6651.546461
344.24936,100,6651.54651
351.99353,100,6651.546549
380.34378,100,6663.275424
389.8857,100,6663.275569
340.8574,100,6663.275616
371.7559,100,6663.275654
399.26685,100,6677.352284
390.6574,100,6677.352439
439.94418,100,6677.352488
356.16013,100,6677.352527
372.02942,100,6692.565045
392.01526,100,6692.565189
372.50415,100,6692.565236
348.40686,100,6692.565274
325.86646,100,6706.853074
344.71753,100,6706.853222
375.79236,100,6706.853268
370.43274,100,6706.853308
455.62338,100,6719.176935
394.91507,100,6719.177071
390.00964,100,6719.177117
365.68985,100,6719.177156
410.9379,100,6731.301573
382.24655,100,6731.301708
391.21786,100,6731.301786
384.88458,100,6731.301833
363.27396,100,6745.777986
373.70544,100,6745.778158
386.82397,100,6745.778207
356.81912,100,6745.778246
327.54504,100,6758.47062
369.12033,100,6758.47077
360.77463,100,6758.470818
401.75433,100,6758.470857
299.67438,100,6770.269671
328.68652,100,6770.269831
423.04242,100,6770.269882
327.52853,100,6770.269922
303.93472,100,6781.961166
342.34753,100,6781.961376
379.28906,100,6781.961425
383.278,100,6781.961464
353.63235,100,6795.343904
388.6246,100,6795.344595
312.03223,100,6795.344645
280.2934,100,6795.344684
415.62784,100,6811.632878
343.38898,100,6811.633003
319.78308,100,6811.63305
390.5194,100,6811.633089
383.16284,100,6822.997308
387.29703,100,6822.997458
324.28842,100,6822.997506
370.93967,100,6822.997545
395.54752,100,6836.187745
393.35156,100,6836.187884
355.7427,100,6836.187932
403.24576,100,6836.187973
414.40616,100,6851.519767
390.06052,100,6851.519912
396.7654,100,6851.519958
324.17795,100,6851.519999
391.7241,100,6866.045054
400.29642,100,6866.045196
372.72647,100,6866.045245
378.4266,100,6866.045285
270.9993,100,6878.416968
399.66333,100,6878.417106
427.68958,100,6878.417154
346.70813,100,6878.417192
398.36285,100,6889.303637
315.3122,100,6889.303798
331.93222,100,6889.303846
372.7481,100,6889.303886
385.8263,100,6904.544534
380.28497,100,6904.544678
280.6447,100,6904.544725
500.5819,100,6904.544766
410.17383,100,6916.974019
383.88306,100,6916.974197
375.17227,100,6916.974245
398.29266,100,6916.974285
370.1401,100,6931.61621
398.70975,100,6931.61641
425.06833,100,6931.61646
319.458,100,6931.6165
332.8184,100,6942.577332
367.4653,100,6942.577471
388.11945,100,6942.577519
395.71075,100,6942.577559
375.1242,100,6954.859993
327.29868,100,6954.860136
321.64847,100,6954.860182
399.53583,100,6954.860219
359.40256,100,6969.109236
385.41577,100,6969.109371
415.37927,100,6969.109419
370.3892,100,6969.109456
390.40457,100,6980.300104
452.04156,100,6980.300252
387.98877,100,6980.3003
379.13037,100,6980.30034
374.3796,100,6993.178856
442.495,100,6993.179011
335.00436,100,6993.179059
390.09445,100,6993.179099
263.347,100,7009.365399
378.73087,100,7009.365534
333.1842,100,7009.365582
437.26938,100,7009.365623
381.5583,100,7021.291307
381.77618,100,7021.291447
383.07196,100,7021.291495
402.27847,100,7021.291536
333.9657,100,7033.472098
389.80502,100,7033.472249
339.4749,100,7033.472297
399.85355,100,7033.472337
366.6083,100,7045.72568
403.00296,100,7045.725867
364.8329,100,7045.725916
312.2789,100,7045.725955
399.79163,100,7057.130752
392.46988,100,7057.130888
315.55157,100,7057.130934
383.81317,100,7057.130972
393.8523,100,7070.623677
394.35953,100,7070.623823
413.5084,100,7070.62387
387.33743,100,7070.62391
398.4443,100,7081.7439
377.56558,100,7081.744118
352.13596,100,7081.744166
346.4471,100,7081.744204
356.26035,100,7092.885017
311.38055,100,7092.885182
335.4904,100,7092.885227
392.7129,100,7092.885265
358.86713,100,7103.80166
371.6912,100,7103.801805
386.2903,100,7103.801852
393.45535,100,7103.80189
476.9295,100,7116.017001
421.24252,100,7116.017141
415.96426,100,7116.017184
359.00775,100,7116.017221
395.96548,100,7127.040888
373.3065,100,7127.041031
347.3671,100,7127.041077
391.88647,100,7127.041116
398.67474,100,7142.269069
294.41443,100,7142.269208
342.49036,100,7142.269253
310.29843,100,7142.26929
385.5879,100,7154.284863
345.92343,100,7154.284987
393.5603,100,7154.285034
384.88083,100,7154.285072
346.50146,100,7168.159822
404.2618,100,7168.159959
358.22134,100,7168.160006
387.74963,100,7168.160073
385.26685,100,7178.309473
373.77628,100,7178.309615
346.9615,100,7178.309663
390.6384,100,7178.309704
381.54187,100,7189.821343
391.32675,100,7189.821493
356.72516,100,7189.821542
354.6342,100,7189.821582
385.65753,100,7203.385196
405.9133,100,7203.385364
435.70114,100,7203.385411
358.07907,100,7203.385449
389.9159,100,7223.729571
375.6869,100,7223.729715
366.31555,100,7223.729789
339.5827,100,7223.729832
361.786,100,7238.225413
372.0564,100,7238.225621
399.54062,100,7238.225671
387.50595,100,7238.225711
392.9105,100,7250.293201
361.57693,100,7250.293365
374.2475,100,7250.293414
396.51556,100,7250.293455
393.6942,100,7261.834658
356.4203,100,7261.834794
383.78076,100,7261.83484
454.4765,100,7261.834877
382.1017,100,7276.079266
406.90094,100,7276.07941
397.51654,100,7276.079456
386.5285,100,7276.079494
382.50183,100,7288.643489
403.78714,100,7288.643626
332.754,100,7288.643672
324.82278,100,7288.64371
380.2019,100,7301.903261
387.57745,100,7301.903407
335.48022,100,7301.903455
354.76288,100,7301.903494
381.22522,100,7312.717056
388.10233,100,7312.717205
338.64532,100,7312.717254
353.95444,100,7312.717295
379.0597,100,7327.155526
368.86194,100,7327.155671
378.5182,100,7327.155719
374.09146,100,7327.155759
324.3189,100,7341.249595
373.997,100,7341.249758
333.00778,100,7341.249814
391.3354,100,7341.249856
367.43063,100,7353.315559
388.7028,100,7353.315698
394.33423,100,7353.315745
371.67627,100,7353.315783
388.06494,100,7367.948778
128.21318,100,7367.948942
313.72546,100,7367.948989
389.24655,100,7367.949028
355.36807,100,7382.949141
375.75436,100,7382.949282
539.4494,100,7382.949331
377.3197,100,7382.94937
361.58316,100,7393.618689
495.59204,100,7393.618901
286.16333,100,7393.61895
352.22318,100,7393.61899
382.49454,100,7404.659283
382.63022,100,7404.659446
376.05005,100,7404.659493
337.5381,100,7404.659532
370.19675,100,7415.635442
299.04684,100,7415.635587
384.97357,100,7415.635632
71.616714,100,7415.635671
328.64502,100,7430.224953
363.90192,100,7430.225091
451.4041,100,7430.225138
394.97186,100,7430.225177
372.78726,100,7446.558193
331.80127,100,7446.558336
318.82,100,7446.558381
394.94046,100,7446.558419
380.7785,100,7460.71079
376.3232,100,7460.710935
308.55472,100,7460.710984
410.7178,100,7460.711023
334.42145,100,7474.917351
348.127,100,7474.917486
393.9438,100,7474.917534
370.2558,100,7474.917575
352.469,100,7488.630529
384.9142,100,7488.630677
388.10678,100,7488.630724
300.44894,100,7488.630763
390.71432,100,7505.253992
395.12418,100,7505.254139
386.89603,100,7505.254187
300.49512,100,7505.254226
386.84702,100,7519.884944
480.92746,100,7519.885079
386.22183,100,7519.885127
421.71332,100,7519.885166
368.18152,100,7530.494988
452.4522,100,7530.495151
393.01694,100,7530.495198
327.33072,100,7530.495238
375.40375,100,7546.248129
428.94742,100,7546.248266
370.28934,100,7546.248312
368.8769,100,7546.248349
390.5021,100,7559.459855
373.6272,100,7559.460032
355.65408,100,7559.460081
320.586,100,7559.460122
401.28644,100,7572.920354
380.76102,100,7572.920554
537.3185,100,7572.920602
385.47888,100,7572.920643
412.5189,100,7585.540538
499.7614,100,7585.540689
376.10114,100,7585.540737
374.84378,100,7585.540777
370.02835,100,7600.554538
357.0458,100,7600.554678
384.03732,100,7600.554725
327.09045,100,7600.554766
355.58612,100,7612.606514
378.60904,100,7612.606653
395.61554,100,7612.606699
389.12527,100,7612.606737
354.6543,100,7624.714739
372.25876,100,7624.714889
413.40756,100,7624.714936
202.34637,100,7624.714976
428.7616,100,7636.412097
351.63574,100,7636.412242
359.68948,100,7636.412289
369.24698,100,7636.412329
372.4071,100,7652.425572
381.30142,100,7652.425719
417.28094,100,7652.425794
572.2411,100,7652.425837
368.95224,100,7665.472688
339.7995,100,7665.472823
374.22797,100,7665.47287
372.04422,100,7665.47291
377.0777,100,7678.243837
357.02792,100,7678.244
350.69257,100,7678.244049
379.37952,100,7678.244089
377.31448,100,7693.069085
500.63177,100,7693.069228
383.79105,100,7693.069302
330.7628,100,7693.069346
350.25052,100,7708.039633
475.77963,100,7708.03978
365.7798,100,7708.039828
347.72162,100,7708.039867
375.12628,100,7720.917934
341.9143,100,7720.918139
352.89917,100,7720.918186
385.25867,100,7720.918225
393.4463,100,7733.261787
400.69357,100,7733.26195
388.68555,100,7733.261999
349.61594,100,7733.26204
372.46747,100,7747.747847
353.569,100,7747.74798
463.37997,100,7747.748025
445.72638,100,7747.748063
380.60562,100,7760.991631
268.65857,100,7760.991763
309.9026,100,7760.991809
594.8944,100,7760.991847
350.27625,100,7775.566355
373.01233,100,7775.566493
390.3964,100,7775.566539
369.71753,100,7775.566576
350.29553,100,7787.216623
458.4233,100,7787.216758
277.1112,100,7787.216804
350.04385,100,7787.216841
405.0046,100,7799.236893
330.32828,100,7799.237031
388.22424,100,7799.237077
543.2418,100,7799.237116
353.4803,100,7813.11126
362.55304,100,7813.111396
373.9886,100,7813.111443
338.07242,100,7813.11148
349.66492,100,7826.22663
401.3057,100,7826.226768
389.32166,100,7826.226815
383.66147,100,7826.226855
364.35294,100,7839.811863
393.87772,100,7839.812009
446.85754,100,7839.812057
326.93088,100,7839.812097
347.4593,100,7851.807497
385.1711,100,7851.807664
359.33612,100,7851.807712
349.00232,100,7851.807751
363.43655,100,7867.722109
345.2748,100,7867.722244
310.4781,100,7867.72229
336.86072,100,7867.722329
382.56216,100,7880.851993
370.60486,100,7880.852196
375.2815,100,7880.852243
390.79178,100,7880.852282
335.44443,100,7892.209804
356.84213,100,7892.20997
326.5373,100,7892.210016
320.71576,100,7892.210054
385.62155,100,7902.885079
354.22516,100,7902.885209
365.04327,100,7902.885254
446.6967,100,7902.885292
386.27274,100,7915.032759
284.60507,100,7915.032907
371.15643,100,7915.032953
370.58826,100,7915.032993
409.21823,100,7929.156901
382.26196,100,7929.157051
438.31876,100,7929.157098
395.7553,100,7929.157137
400.6631,100,7940.925815
362.77817,100,7940.925956
285.61646,100,7940.926003
334.2433,100,7940.926042
357.04572,100,7953.535588
291.77118,100,7953.535725
375.87576,100,7953.535772
379.3539,100,7953.53581
344.76047,100,7965.164757
441.0315,100,7965.164906
381.62943,100,7965.164952
378.24756,100,7965.164992
375.4078,100,7976.266197
338.84805,100,7976.266334
510.35907,100,7976.266382
352.99237,100,7976.266422
405.70755,100,7989.932441
349.4227,100,7989.932582
374.3665,100,7989.93263
294.50385,100,7989.932668
462.5533,100,8004.64371
388.94308,100,8004.643867
337.3532,100,8004.643914
374.13763,100,8004.643952
365.3915,100,8016.632455
430.48245,100,8016.632596
265.01932,100,8016.632643
358.83505,100,8016.632681
367.31024,100,8029.172802
360.51416,100,8029.172994
351.2117,100,8029.173042
386.33878,100,8029.173081
433.0725,100,8042.72297
376.8279,100,8042.723172
328.6032,100,8042.72322
370.14145,100,8042.723258
339.0147,100,8057.231855
457.18756,100,8057.231995
381.32663,100,8057.232044
322.07016,100,8057.232085
387.52573,100,8068.840167
363.42267,100,8068.840303
311.73727,100,8068.84035
366.9527,100,8068.840387
380.0825,100,8079.197584
533.7335,100,8079.197752
388.05157,100,8079.197814
320.96423,100,8079.197857
316.40778,100,8090.92456
470.34305,100,8090.924699
321.06607,100,8090.924746
393.09628,100,8090.924784
361.16464,100,8104.161574
347.29605,100,8104.161723
376.18906,100,8104.161792
314.6473,100,8104.161834
375.28482,100,8118.407849
379.15375,100,8118.407982
368.01447,100,8118.408028
382.16275,100,8118.408066
330.3079,100,8128.82589
374.35538,100,8128.82603
374.9772,100,8128.826076
309.44324,100,8128.826115
368.89932,100,8142.332917
463.39163,100,8142.333068
386.19562,100,8142.333114
366.4452,100,8142.333154
349.90573,100,8153.605759
385.01617,100,8153.605929
377.94934,100,8153.605984
370.3379,100,8153.606023
342.63474,100,8170.044645
388.1963,100,8170.044797
389.3139,100,8170.044843
284.72745,100,8170.044882
271.46027,100,8182.087187
337.88074,100,8182.087362
329.34985,100,8182.087407
355.46405,100,8182.087446
262.28534,100,8193.855177
362.39737,100,8193.855351
191.48174,100,8193.855396
278.2381,100,8193.855433
348.75308,100,8204.468518
170.51666,100,8204.468681
346.3366,100,8204.468727
336.59042,100,8204.468765
409.5228,100,8219.522377
380.86407,100,8219.522509
342.09653,100,8219.522555
367.11005,100,8219.522594
344.87228,100,8233.440853
373.13647,100,8233.44099
396.93982,100,8233.441036
379.17297,100,8233.441076
342.40588,100,8244.384161
372.8093,100,8244.384311
419.3912,100,8244.384358
361.82916,100,8244.384396
339.6143,100,8260.699411
385.67987,100,8260.699555
378.4983,100,8260.699602
345.81122,100,8260.69964
362.33728,100,8273.132285
473.13077,100,8273.132431
519.1848,100,8273.132477
335.36838,100,8273.132516
421.39197,100,8286.772028
341.37534,100,8286.772178
373.41223,100,8286.772226
379.92084,100,8286.772265
384.09848,100,8299.124914
354.87857,100,8299.125064
353.3522,100,8299.125112
337.08737,100,8299.125151
376.3452,100,8313.113579
328.7107,100,8313.113719
347.93732,100,8313.113792
365.03168,100,8313.113853
369.7081,100,8327.741466
348.20312,100,8327.741645
314.49847,100,8327.741693
389.72067,100,8327.741816
384.5274,100,8345.01447
377.85376,100,8345.014605
364.02768,100,8345.014653
381.3597,100,8345.014693
363.0134,100,8358.890218
541.8264,100,8358.890421
376.4703,100,8358.890469
365.2572,100,8358.890509
359.6165,100,8378.002094
364.4141,100,8378.002259
355.6151,100,8378.002331
442.67172,100,8378.002381
430.39545,100,8392.317666
386.37903,100,8392.31784
389.66537,100,8392.317902
291.9648,100,8392.317943
344.12344,100,8403.295847
379.051,100,8403.295983
364.69583,100,8403.296029
282.42285,100,8403.296068
376.74207,100,8415.312451
377.86838,100,8415.312577
393.40372,100,8415.312624
384.37595,100,8415.312663
367.17465,100,8428.818617
378.66873,100,8428.818751
492.34225,100,8428.818798
435.91107,100,8428.818838
377.01764,100,8443.667228
374.0337,100,8443.667364
366.362,100,8443.667413
383.78833,100,8443.667452
365.8007,100,8456.215538
320.75504,100,8456.215686
384.57034,100,8456.215734
401.79608,100,8456.215773
349.05966,100,8467.302247
290.4308,100,8467.302387
338.1674,100,8467.302434
299.81705,100,8467.302473
366.68985,100,8480.309977
398.419,100,8480.310144
384.51108,100,8480.310189
351.30298,100,8480.310227
368.0699,100,8498.595001
367.41492,100,8498.595135
345.05762,100,8498.595182
506.4456,100,8498.595221
438.526,100,8516.104627
352.26675,100,8516.104773
397.11533,100,8516.104821
382.55725,100,8516.104859
204.59236,100,8527.97322
390.01413,100,8527.973429
388.28278,100,8527.973477
300.34552,100,8527.973516
409.4262,100,8542.407171
362.27908,100,8542.407326
407.33627,100,8542.407374
355.89825,100,8542.407414
367.54633,100,8556.383212
342.40536,100,8556.383347
381.37888,100,8556.383394
356.26434,100,8556.383432
375.76215,100,8570.758142
375.8553,100,8570.758277
373.58752,100,8570.758323
515.1697,100,8570.758362
379.40353,100,8584.127532
492.04868,100,8584.127673
377.50137,100,8584.127718
371.7568,100,8584.127757
391.97528,100,8595.571718
389.45532,100,8595.571873
368.4835,100,8595.57192
400.24854,100,8595.571959
278.52826,100,8608.456842
342.34015,100,8608.456976
362.59833,100,8608.457022
362.5455,100,8608.457062
363.52536,100,8622.378907
389.76425,100,8622.379042
367.03983,100,8622.379088
359.6356,100,8622.379125
387.88565,100,8634.646681
368.133,100,8634.646827
370.16412,100,8634.646873
314.54605,100,8634.646912
397.9291,100,8646.263804
370.68466,100,8646.263949
392.90674,100,8646.263994
435.80658,100,8646.264032
351.0953,100,8658.531412
388.92874,100,8658.531568
296.07574,100,8658.531614
409.66336,100,8658.531653
357.45972,100,8669.515236
384.52414,100,8669.515374
326.5021,100,8669.51542
358.81808,100,8669.515458
373.25525,100,8682.829824
381.49026,100,8682.83
369.01044,100,8682.830047
395.70905,100,8682.830086
390.4387,100,8698.035238
423.17545,100,8698.035435
414.3278,100,8698.035482
391.87607,100,8698.03552
371.55197,100,8712.27775
428.92783,100,8712.277892
341.34702,100,8712.277951
371.51764,100,8712.277992
344.37787,100,8722.582537
387.72076,100,8722.582676
385.97122,100,8722.582721
371.58527,100,8722.582757
303.70172,100,8735.507201
369.32498,100,8735.50734
398.925,100,8735.507385
375.05173,100,8735.507422
373.70715,100,8746.027598
360.26,100,8746.027837
353.69537,100,8746.027885
372.98785,100,8746.027925
309.54193,100,8759.186251
379.93375,100,8759.186481
299.17603,100,8759.186529
436.788,100,8759.186567
390.22507,100,8773.14498
380.9526,100,8773.145153
328.7749,100,8773.145201
335.8475,100,8773.14524
366.28653,100,8784.681558
359.18683,100,8784.681788
379.15332,100,8784.681843
375.52325,100,8784.681885
337.1562,100,8796.777765
415.7585,100,8796.777915
347.22842,100,8796.777962
374.27173,100,8796.778
371.4629,100,8810.997949
376.14044,100,8810.99809
367.32758,100,8810.998136
364.19427,100,8810.998174
398.54242,100,8825.79128
349.35443,100,8825.791428
367.2983,100,8825.791474
369.29233,100,8825.791512
396.2071,100,8836.563995
365.30737,100,8836.564226
326.84003,100,8836.564275
379.68085,100,8836.564314
362.5963,100,8848.903647
350.80908,100,8848.903783
396.69327,100,8848.90383
334.02847,100,8848.903869
360.18033,100,8860.315333
554.89856,100,8860.315475
361.55084,100,8860.315521
334.81342,100,8860.31556
349.95212,100,8875.114469
440.0503,100,8875.114612
315.82944,100,8875.114658
432.35458,100,8875.114696
304.6764,100,8885.579623
375.70053,100,8885.579771
371.15906,100,8885.579818
377.09656,100,8885.579857
378.62177,100,8898.192495
369.68152,100,8898.192631
372.31134,100,8898.192685
368.8898,100,8898.192734
363.58722,100,8912.101454
287.212,100,8912.10162
350.77426,100,8912.101668
316.49258,100,8912.101707
378.94092,100,8925.632113
393.12955,100,8925.632345
333.4736,100,8925.632393
406.7637,100,8925.632431
374.94058,100,8936.32156
340.43115,100,8936.321707
573.8438,100,8936.321772
368.0169,100,8936.321815
369.58527,100,8947.641832
361.21918,100,8947.641967
343.0351,100,8947.642011
355.9981,100,8947.64205
342.24237,100,8958.788462
347.86768,100,8958.788601
362.52863,100,8958.788647
351.9548,100,8958.788685
408.28494,100,8973.294028
392.61475,100,8973.294168
363.51114,100,8973.294214
331.62073,100,8973.294253
341.30997,100,8984.949992
316.02777,100,8984.950138
366.36453,100,8984.950183
324.6592,100,8984.950223
388.94925,100,8998.815424
508.75156,100,8998.815563
370.00858,100,8998.815609
354.97104,100,8998.815648
320.76395,100,9012.073867
376.6389,100,9012.07401
384.8997,100,9012.074057
319.81088,100,9012.074096
352.32397,100,9023.267557
328.5265,100,9023.267694
464.6354,100,9023.267741
363.7776,100,9023.26778
345.61392,100,9035.745788
363.36563,100,9035.745927
381.41522,100,9035.745973
364.8103,100,9035.746012
442.14224,100,9049.065879
366.52023,100,9049.066037
438.22748,100,9049.066085
414.80237,100,9049.066123
309.59357,100,9061.938515
364.2061,100,9061.938689
325.50464,100,9061.938753
318.47107,100,9061.938805
380.50754,100,9074.470973
363.36575,100,9074.471177
368.10934,100,9074.471225
340.2635,100,9074.471265
369.0689,100,9085.035436
348.38086,100,9085.035608
343.23245,100,9085.035654
340.44067,100,9085.035692
368.21194,100,9099.795012
531.31165,100,9099.795153
345.2229,100,9099.795201
445.843,100,9099.795239
373.12067,100,9113.650047
421.0045,100,9113.650186
346.3186,100,9113.650234
433.8063,100,9113.650273
273.32993,100,9126.995184
382.21326,100,9126.995331
455.51733,100,9126.995378
258.34348,100,9126.995419
419.87927,100,9140.970901
377.0421,100,9140.971045
353.28726,100,9140.971092
333.34824,100,9140.971131
326.14648,100,9154.149173
465.26022,100,9154.149311
484.18207,100,9154.149359
355.139,100,9154.149398
316.16837,100,9166.214206
357.5951,100,9166.214343
356.96246,100,9166.214391
474.36282,100,9166.214431
370.33536,100,9179.213685
380.68213,100,9179.213845
372.26373,100,9179.213894
357.28867,100,9179.213934
368.73273,100,9190.420462
409.83124,100,9190.420606
370.81647,100,9190.420653
380.89276,100,9190.420693
359.9041,100,9204.922638
329.4799,100,9204.922807
366.0929,100,9204.922855
318.76266,100,9204.922894
372.28192,100,9219.072586
370.8158,100,9219.072737
379.1222,100,9219.072783
363.17618,100,9219.072822
371.60675,100,9231.69956
398.28857,100,9231.699743
380.76013,100,9231.699792
397.77026,100,9231.699833
410.47952,100,9249.856599
351.3731,100,9249.856781
336.64038,100,9249.856828
485.28586,100,9249.856866
413.502,100,9261.497503
388.13705,100,9261.497646
337.44388,100,9261.497692
415.31158,100,9261.497732
454.6587,100,9273.434988
389.91284,100,9273.435123
347.4462,100,9273.43517
337.3362,100,9273.435209
342.8774,100,9286.061445
410.01694,100,9286.061591
390.3772,100,9286.061639
325.64163,100,9286.061678
433.15735,100,9299.158077
317.67935,100,9299.158212
357.47256,100,9299.158259
467.8892,100,9299.158298
368.50272,100,9309.484565
361.84497,100,9309.484697
314.61798,100,9309.484742
352.89685,100,9309.484781
362.82236,100,9322.343182
414.76587,100,9322.343327
310.1736,100,9322.343373
523.2028,100,9322.343414
349.84088,100,9335.339267
444.41794,100,9335.339415
377.86447,100,9335.33946
517.61383,100,9335.339498
385.83142,100,9348.525663
473.00082,100,9348.525812
382.68066,100,9348.525861
279.49112,100,9348.5259
434.0876,100,9361.571473
339.99854,100,9361.571636
365.09467,100,9361.571682
361.54083,100,9361.57172
366.87994,100,9372.955509
325.2999,100,9372.955658
378.78705,100,9372.955703
361.58368,100,9372.95574
382.74353,100,9384.351956
344.66293,100,9384.352155
325.8763,100,9384.352202
386.86182,100,9384.352239
478.0579,100,9398.381997
375.554,100,9398.382154
425.3537,100,9398.382201
323.6077,100,9398.38224
367.28406,100,9410.438877
375.5903,100,9410.439019
373.18896,100,9410.439063
397.619,100,9410.439101
384.7742,100,9424.036198
352.59937,100,9424.036337
368.0135,100,9424.036384
304.59067,100,9424.036422
338.30325,100,9435.404559
350.62888,100,9435.404694
371.9658,100,9435.40474
388.2602,100,9435.404778
388.42914,100,9449.663958
379.63684,100,9449.664091
340.72565,100,9449.664138
344.21646,100,9449.664178
368.55243,100,9460.335449
371.69843,100,9460.335597
368.01266,100,9460.335642
391.5807,100,9460.33568
368.44254,100,9473.552825
379.3276,100,9473.552962
374.3632,100,9473.553008
501.8812,100,9473.553046
349.82574,100,9484.258789
335.5918,100,9484.258931
349.32126,100,9484.258979
373.76434,100,9484.259019
331.3365,100,9497.435583
338.23242,100,9497.435742
376.771,100,9497.435791
385.5844,100,9497.43583
356.4439,100,9510.84395
360.09933,100,9510.844094
379.7962,100,9510.844141
364.60074,100,9510.844179
398.2896,100,9522.490717
379.294,100,9522.490929
340.4252,100,9522.490976
332.67273,100,9522.491014
340.26483,100,9533.462422
330.14435,100,9533.46259
404.28033,100,9533.462638
389.5406,100,9533.462677
387.0057,100,9548.369394
314.9805,100,9548.369565
353.6116,100,9548.369639
380.41794,100,9548.369706
366.2107,100,9558.66586
575.05115,100,9558.666
151.83835,100,9558.666047
386.7946,100,9558.666087
444.18085,100,9570.658993
332.9861,100,9570.659133
425.47943,100,9570.65918
290.42615,100,9570.65922
542.80853,100,9581.174597
314.0389,100,9581.174749
472.5398,100,9581.174796
345.9965,100,9581.174835
389.34702,100,9594.776886
211.6874,100,9594.777025
319.64056,100,9594.777071
386.731,100,9594.777111
326.97995,100,9605.305944
343.64114,100,9605.306084
372.7092,100,9605.306131
357.0877,100,9605.30617
374.5266,100,9618.632125
419.6803,100,9618.632258
355.06387,100,9618.632303
487.48782,100,9618.632343
355.0357,100,9631.144487
334.0871,100,9631.144631
439.84616,100,9631.144679
382.28586,100,9631.144718
372.74936,100,9641.459205
351.8258,100,9641.459373
374.31427,100,9641.45942
352.15585,100,9641.459459
372.70914,100,9654.814052
376.57147,100,9654.8142
472.85995,100,9654.814248
378.78058,100,9654.814287
388.88144,100,9667.99491
381.88934,100,9667.995129
374.75095,100,9667.995177
411.28482,100,9667.995215
338.63766,100,9679.04495
352.8782,100,9679.04511
422.8988,100,9679.045157
367.84433,100,9679.045208
346.06638,100,9690.93538
460.07175,100,9690.935527
339.60336,100,9690.935575
415.79007,100,9690.935613
457.13998,100,9702.732581
407.16074,100,9702.732731
344.7976,100,9702.732778
340.77698,100,9702.732816
423.59686,100,9717.477046
327.99612,100,9717.477196
335.84793,100,9717.477242
552.89905,100,9717.47728
373.9235,100,9727.977863
181.75407,100,9727.978012
367.65094,100,9727.978059
367.3651,100,9727.978098
313.06094,100,9738.567029
453.88376,100,9738.567165
312.64566,100,9738.567212
118.80762,100,9738.567251
175.18008,100,9749.45855
315.40213,100,9749.458684
342.45883,100,9749.458732
357.21292,100,9749.458771
249.15796,100,9761.062639
380.16565,100,9761.062779
365.36084,100,9761.062826
338.92313,100,9761.062864
424.25104,100,9776.01425
348.38098,100,9776.014399
373.84845,100,9776.014456
312.4423,100,9776.014497
372.27405,100,9789.807085
356.91867,100,9789.807255
362.76004,100,9789.807302
361.13324,100,9789.80734
359.87503,100,9802.527359
362.28433,100,9802.527506
206.38312,100,9802.527552
354.97488,100,9802.527591
380.0259,100,9816.366119
328.82114,100,9816.366334
297.515,100,9816.366382
364.58273,100,9816.366422
357.96698,100,9827.929638
373.12564,100,9827.929832
278.23322,100,9827.929884
393.9121,100,9827.929924
374.20868,100,9840.928257
309.14914,100,9840.928402
393.82538,100,9840.92845
379.88055,100,9840.92849
337.02805,100,9851.22466
515.3605,100,9851.224812
402.53372,100,9851.22486
322.8181,100,9851.224899
421.0211,100,9864.787007
296.56506,100,9864.787141
385.5965,100,9864.787186
381.53668,100,9864.787225
284.42532,100,9875.013895
364.30447,100,9875.014047
340.3578,100,9875.014093
345.31302,100,9875.014133
360.63705,100,9885.680752
367.94708,100,9885.680881
349.92038,100,9885.680928
363.03784,100,9885.680968
329.34766,100,9897.022646
397.4804,100,9897.022786
362.53223,100,9897.022833
397.53586,100,9897.022873
371.39227,100,9911.717919
384.24924,100,9911.718052
315.3014,100,9911.718099
306.84473,100,9911.718137
394.1412,100,9924.102972
370.23898,100,9924.103106
353.44754,100,9924.103153
361.94608,100,9924.103191
376.14752,100,9934.698954
342.66257,100,9934.6991
306.4777,100,9934.699146
409.82422,100,9934.699184
361.87677,100,9945.471237
381.57938,100,9945.471368
336.7297,100,9945.471414
340.54434,100,9945.471452
342.40582,100,9958.226365
302.95963,100,9958.226557
412.13965,100,9958.226608
376.79996,100,9958.226648
359.69107,100,9971.139416
363.72403,100,9971.139607
343.3786,100,9971.139655
320.6968,100,9971.139695
354.76794,100,9982.595473
251.08214,100,9982.595624
424.3051,100,9982.59567
357.634,100,9982.595709
470.71408,100,9994.186967
502.8879,100,9994.187093
457.00122,100,9994.18714
372.95035,100,9994.187178
382.44687,100,10006.191683
356.25558,100,10006.191817
384.17136,100,10006.191862
511.7072,100,10006.1919
286.00696,100,10019.074708
397.99527,100,10019.074849
322.54172,100,10019.074895
331.61682,100,10019.074933
354.651,100,10030.028678
419.9292,100,10030.028807
338.5748,100,10030.028854
346.45148,100,10030.028893
308.1975,100,10042.29412
320.19354,100,10042.29425
385.42465,100,10042.294298
362.6145,100,10042.294338
366.84845,100,10055.313326
375.3567,100,10055.31345
406.74146,100,10055.313496
377.20724,100,10055.313534
385.32474,100,10068.365483
383.49878,100,10068.365622
403.98178,100,10068.36567
381.52765,100,10068.36571
327.9049,100,10079.196299
375.74792,100,10079.196453
388.1536,100,10079.196501
325.49527,100,10079.19654
372.75638,100,10091.325925
374.67862,100,10091.326094
370.39227,100,10091.326142
364.37012,100,10091.326183
391.78296,100,10103.760973
366.3541,100,10103.761113
544.5876,100,10103.76116
367.41995,100,10103.761199
352.30527,100,10113.863319
309.22174,100,10113.86354
360.86972,100,10113.863591
332.11154,100,10113.863633
248.79254,100,10124.842406
395.39175,100,10124.842578
352.08582,100,10124.842625
322.98618,100,10124.842664
275.24182,100,10135.857479
335.36154,100,10135.857617
359.42865,100,10135.857664
373.46756,100,10135.857727
412.4326,100,10148.962007
360.85098,100,10148.962145
366.077,100,10148.962193
346.4957,100,10148.962232
242.31921,100,10159.302828
306.80182,100,10159.302964
301.82593,100,10159.30301
320.7245,100,10159.30305
354.95865,100,10169.474255
355.0725,100,10169.474403
341.94376,100,10169.47445
368.87936,100,10169.474488
367.6643,100,10179.831226
338.09076,100,10179.831375
493.08813,100,10179.831423
345.04214,100,10179.831462
383.7082,100,10191.775763
606.99207,100,10191.775913
376.35352,100,10191.775963
288.36905,100,10191.776003
367.69547,100,10202.464072
372.88556,100,10202.464222
373.6744,100,10202.464271
334.6792,100,10202.464312
345.28714,100,10214.988755
388.29156,100,10214.988903
380.99606,100,10214.98895
388.8938,100,10214.98899
421.64246,100,10227.568908
364.51703,100,10227.569082
365.73834,100,10227.56913
320.9143,100,10227.56917
377.76428,100,10239.721867
378.6773,100,10239.72202
329.3529,100,10239.72207
314.70847,100,10239.72211
310.7383,100,10250.400122
389.42285,100,10250.400302
381.64166,100,10250.400352
403.14612,100,10250.400392
302.55106,100,10260.728996
382.53323,100,10260.729187
386.14108,100,10260.729237
384.6112,100,10260.729278
382.23618,100,10273.352981
310.97443,100,10273.353129
373.93564,100,10273.353174
387.11954,100,10273.353212
366.1167,100,10287.718916
376.1989,100,10287.719069
501.60257,100,10287.719117
378.38077,100,10287.719159
435.44424,100,10304.52724
349.96756,100,10304.527381
336.131,100,10304.527428
455.0874,100,10304.527468
469.10876,100,10317.801396
386.97668,100,10317.801542
392.81418,100,10317.80159
413.78934,100,10317.80163
357.70087,100,10328.016717
361.5664,100,10328.016866
377.9632,100,10328.016913
343.16797,100,10328.016951
511.7162,100,10343.483484
307.77008,100,10343.483636
431.55463,100,10343.483684
401.06964,100,10343.483722
559.5122,100,10355.382538
445.19785,100,10355.382671
352.43625,100,10355.382719
376.36356,100,10355.382758
345.84308,100,10365.755925
373.64423,100,10365.756063
406.72443,100,10365.756111
328.2437,100,10365.75615
327.48703,100,10377.316925
364.57745,100,10377.317083
374.03058,100,10377.31713
383.74948,100,10377.31717
383.29095,100,10390.212337
430.26657,100,10390.212491
489.39084,100,10390.212538
484.53818,100,10390.212577
341.06982,100,10404.42405
441.70633,100,10404.424233
441.5876,100,10404.424281
417.60895,100,10404.424321
343.87152,100,10415.919795
303.07983,100,10415.919988
412.81628,100,10415.920036
393.65347,100,10415.920076
376.72202,100,10427.546388
361.65533,100,10427.546539
349.94458,100,10427.546585
384.46466,100,10427.546624
367.07117,100,10439.674055
374.65216,100,10439.674205
637.4703,100,10439.674253
286.3633,100,10439.674292
336.86798,100,10449.78092
386.44565,100,10449.781061
368.81177,100,10449.781106
352.59628,100,10449.781143
388.9782,100,10460.934771
376.48306,100,10460.934902
525.6513,100,10460.934947
367.59824,100,10460.934984
373.80374,100,10474.189172
341.82056,100,10474.189311
380.71332,100,10474.189355
347.29947,100,10474.189392
365.4787,100,10486.12055
439.26257,100,10486.120688
369.50412,100,10486.120736
389.97058,100,10486.120775
389.12524,100,10498.819206
331.20862,100,10498.819353
385.2939,100,10498.819401
439.58054,100,10498.81944
361.61642,100,10511.106074
373.86295,100,10511.10623
360.617,100,10511.106277
378.70917,100,10511.106316
471.2585,100,10522.978206
381.0791,100,10522.978354
316.29333,100,10522.978401
474.69916,100,10522.97844
350.90323,100,10534.907597
343.63733,100,10534.907745
338.6213,100,10534.907792
415.1789,100,10534.907831
529.68274,100,10545.491425
383.1363,100,10545.49164
386.10037,100,10545.491688
384.96225,100,10545.491727
351.8373,100,10556.830141
372.3006,100,10556.830297
396.4911,100,10556.830344
370.7088,100,10556.830383
342.45972,100,10569.696125
378.92477,100,10569.696254
372.77094,100,10569.696299
386.00833,100,10569.696346
325.8253,100,10582.247292
370.56693,100,10582.247429
369.5263,100,10582.247474
398.3358,100,10582.247512
376.37387,100,10593.926127
389.7481,100,10593.926282
320.91776,100,10593.92633
458.93958,100,10593.92637
434.21017,100,10605.919305
372.94196,100,10605.919438
334.23978,100,10605.919486
379.48932,100,10605.919525
339.16714,100,10617.922489
386.91437,100,10617.922626
387.50397,100,10617.922671
381.6079,100,10617.922709
376.1178,100,10631.278141
377.74014,100,10631.27828
497.30228,100,10631.278327
378.94815,100,10631.278367
388.0634,100,10643.975947
377.32724,100,10643.97609
365.2263,100,10643.976138
389.7185,100,10643.976178
366.10757,100,10657.994151
346.74365,100,10657.994319
376.3688,100,10657.994367
424.45465,100,10657.994406
343.3659,100,10669.818455
389.45102,100,10669.818597
335.81265,100,10669.818643
351.84772,100,10669.818681
317.5648,100,10684.348154
363.03796,100,10684.348341
351.49744,100,10684.34839
374.96573,100,10684.348431
378.7795,100,10695.860762
364.82016,100,10695.860969
362.7255,100,10695.861019
461.2868,100,10695.861059
365.2168,100,10706.144058
364.00043,100,10706.1442
299.20612,100,10706.144246
374.19983,100,10706.144285
367.28857,100,10716.753638
329.10886,100,10716.753793
356.42508,100,10716.753848
342.33917,100,10716.75389
372.86063,100,10729.993495
370.58844,100,10729.993636
434.9941,100,10729.993681
455.7037,100,10729.993719
298.35648,100,10740.575761
323.55682,100,10740.5759
387.94965,100,10740.575947
355.69983,100,10740.575988
341.25824,100,10752.038572
402.97568,100,10752.038711
330.2174,100,10752.038759
331.46945,100,10752.038799
351.41483,100,10765.315988
379.1758,100,10765.316119
460.04346,100,10765.316164
376.22617,100,10765.316203
391.9711,100,10778.905176
366.81012,100,10778.905306
383.34177,100,10778.905351
363.47498,100,10778.905389
382.0449,100,10791.35225
365.65472,100,10791.352385
399.4317,100,10791.352433
364.48013,100,10791.352474
388.78598,100,10804.459266
337.0829,100,10804.459433
363.51575,100,10804.459481
393.05624,100,10804.459521
407.85547,100,10817.719899
349.0568,100,10817.720043
345.4317,100,10817.720089
329.32126,100,10817.720127
289.8265,100,10829.582485
390.3642,100,10829.58267
384.02924,100,10829.582719
390.28632,100,10829.582759
471.41882,100,10842.104469
360.7427,100,10842.104656
349.12772,100,10842.104705
550.4261,100,10842.104744
484.53668,100,10854.271544
359.25455,100,10854.271694
356.64377,100,10854.271742
353.6222,100,10854.271783
436.22968,100,10869.773805
313.88007,100,10869.773956
371.14078,100,10869.774004
354.74362,100,10869.774044
338.39194,100,10881.56727
372.16376,100,10881.567433
311.87784,100,10881.567493
362.45557,100,10881.567536
377.26065,100,10894.459715
390.00415,100,10894.459857
364.85843,100,10894.459903
379.53278,100,10894.459943
389.62375,100,10908.820815
358.55713,100,10908.820952
354.53403,100,10908.821
385.39282,100,10908.821041
416.46887,100,10923.165053
388.927,100,10923.165198
311.04355,100,10923.165247
391.03717,100,10923.165287
379.78165,100,10938.003431
373.6696,100,10938.003563
373.92114,100,10938.003612
390.4284,100,10938.003653
339.4054,100,10948.533451
386.91455,100,10948.533597
391.34293,100,10948.533645
389.7996,100,10948.533685
369.42978,100,10961.303175
460.83792,100,10961.303322
302.6385,100,10961.30337
409.2919,100,10961.30341
268.04138,100,10972.266598
362.22964,100,10972.266759
337.9025,100,10972.266808
310.14273,100,10972.266862
343.2167,100,10985.125076
301.0774,100,10985.125227
408.9915,100,10985.125276
366.45612,100,10985.125317
398.68356,100,10996.348688
374.7855,100,10996.348907
547.4758,100,10996.348957
337.92633,100,10996.348997
389.84402,100,11007.103749
384.9532,100,11007.10391
382.27505,100,11007.103959
217.05519,100,11007.104
377.14108,100,11018.467764
382.40637,100,11018.467913
465.34454,100,11018.467962
375.09735,100,11018.468002
368.16962,100,11032.182223
371.75623,100,11032.182362
376.20898,100,11032.18241
386.8031,100,11032.182451
351.1854,100,11044.249293
387.74554,100,11044.249428
341.07104,100,11044.249475
383.68787,100,11044.249514
422.88226,100,11054.697096
360.80292,100,11054.69727
322.49466,100,11054.697317
335.64957,100,11054.697354
371.771,100,11065.875644
351.74084,100,11065.875769
417.7137,100,11065.875814
469.268,100,11065.875852
363.1801,100,11077.507288
381.44446,100,11077.50743
370.9828,100,11077.507476
363.2784,100,11077.507514
408.04193,100,11089.60698
373.46902,100,11089.607122
352.14148,100,11089.607167
341.37695,100,11089.607204
376.7485,100,11104.963237
547.7433,100,11104.963402
430.99265,100,11104.963454
363.9396,100,11104.963495
363.53223,100,11119.779173
357.63718,100,11119.779317
394.8197,100,11119.779364
360.0329,100,11119.779403
346.31372,100,11133.035218
327.01923,100,11133.035367
295.24695,100,11133.035416
356.88806,100,11133.035456
350.6304,100,11144.615127
347.6646,100,11144.615356
307.90634,100,11144.615406
291.4399,100,11144.615448
349.266,100,11156.929096
361.58795,100,11156.929236
372.7739,100,11156.929285
342.68402,100,11156.929326
398.11942,100,11171.48118
390.90402,100,11171.481325
389.2633,100,11171.481374
366.67642,100,11171.481414
544.6297,100,11183.471523
387.33875,100,11183.471671
383.95053,100,11183.471717
370.6314,100,11183.471755
331.74036,100,11194.700283
464.41644,100,11194.700431
414.53192,100,11194.700478
327.5342,100,11194.700516
348.4865,100,11210.750374
431.77673,100,11210.750521
364.05652,100,11210.75057
397.82404,100,11210.75061
355.54236,100,11221.381136
358.1474,100,11221.381288
406.49655,100,11221.381336
370.2709,100,11221.381376
384.72797,100,11235.668741
412.88608,100,11235.668877
330.9362,100,11235.668925
369.7625,100,11235.668965
358.2576,100,11247.568737
338.26517,100,11247.568879
371.88132,100,11247.568926
373.63272,100,11247.568965
355.42126,100,11261.207065
356.43634,100,11261.207234
363.47983,100,11261.207282
371.15598,100,11261.207322
360.0409,100,11273.557169
484.18973,100,11273.557306
388.39978,100,11273.557353
365.4413,100,11273.557393
474.4132,100,11288.955142
373.18692,100,11288.95531
322.02145,100,11288.955358
388.22552,100,11288.955397
355.5172,100,11300.262814
368.40543,100,11300.263014
366.33377,100,11300.263062
358.7759,100,11300.263101
383.44168,100,11312.999151
361.98013,100,11312.999285
346.21716,100,11312.999332
455.2738,100,11312.999371
274.51456,100,11325.696834
396.21313,100,11325.696983
363.084,100,11325.697029
399.97647,100,11325.697068
359.29666,100,11339.1202
346.13834,100,11339.120334
371.46655,100,11339.120381
360.4155,100,11339.12042
404.6802,100,11350.237523
303.04074,100,11350.237669
324.51474,100,11350.237715
422.69736,100,11350.237781
355.76245,100,11361.20004
382.54022,100,11361.20019
374.74643,100,11361.200237
402.61438,100,11361.200277
369.8097,100,11374.034801
390.12982,100,11374.034947
354.2856,100,11374.034994
354.29532,100,11374.035032
351.92667,100,11389.990436
289.61502,100,11389.990576
358.74207,100,11389.990621
398.59253,100,11389.990659
359.04614,100,11401.853325
368.31967,100,11401.853478
389.65588,100,11401.853524
333.81238,100,11401.853563
342.2716,100,11414.185729
399.93378,100,11414.185891
378.25848,100,11414.185938
297.68216,100,11414.185976
365.9703,100,11429.225648
569.1207,100,11429.225829
325.52826,100,11429.225881
374.37827,100,11429.22592
316.70377,100,11440.856086
416.01068,100,11440.856258
345.1769,100,11440.856304
335.54233,100,11440.856343
547.85876,100,11456.450552
289.81552,100,11456.450746
378.2481,100,11456.450794
425.4683,100,11456.450834
395.91302,100,11467.746286
288.40973,100,11467.746417
337.476,100,11467.746463
371.95398,100,11467.7465
343.24814,100,11478.797395
376.20898,100,11478.79754
353.60034,100,11478.797587
353.87613,100,11478.797625
354.98495,100,11492.029228
367.13324,100,11492.029373
312.97974,100,11492.02942
387.2357,100,11492.02946
333.8625,100,11502.550684
389.45566,100,11502.550832
382.9575,100,11502.550879
338.28586,100,11502.550918
361.36285,100,11512.797061
378.49628,100,11512.797199
330.09518,100,11512.797246
285.21024,100,11512.797285
507.42096,100,11528.638394
363.1077,100,11528.638534
422.1346,100,11528.638609
536.1498,100,11528.63865
384.59796,100,11540.106898
314.61014,100,11540.107048
325.7313,100,11540.107095
365.46207,100,11540.107134
366.5029,100,11553.794111
376.57532,100,11553.794258
325.59857,100,11553.794306
590.4037,100,11553.794345
344.19357,100,11566.092667
392.57315,100,11566.092804
373.96027,100,11566.092851
364.54724,100,11566.092891
345.1029,100,11577.39196
371.93304,100,11577.392129
352.45795,100,11577.392176
386.00824,100,11577.392215
352.19287,100,11589.753442
342.67923,100,11589.753576
361.2837,100,11589.753622
359.14444,100,11589.753662
221.41911,100,11602.107742
399.97165,100,11602.107952
298.57266,100,11602.107999
344.93857,100,11602.108038
376.2519,100,11613.686356
361.9674,100,11613.686517
300.24344,100,11613.686564
379.56934,100,11613.686604
307.62415,100,11624.285984
399.32495,100,11624.286141
369.54004,100,11624.28619
326.79425,100,11624.28623
323.64676,100,11635.677648
386.43027,100,11635.677813
366.93686,100,11635.677863
384.82,100,11635.677903
305.51346,100,11646.306223
323.75366,100,11646.306367
331.82837,100,11646.306411
328.1263,100,11646.306449
389.18655,100,11658.230517
373.57037,100,11658.230648
335.71176,100,11658.230695
363.71118,100,11658.230734
241.34227,100,11668.288362
375.08008,100,11668.288505
256.73587,100,11668.288553
365.56995,100,11668.288592
390.09967,100,11683.150977
330.86374,100,11683.151114
377.67178,100,11683.151161
399.8259,100,11683.1512
379.99292,100,11695.280448
387.0648,100,11695.280596
375.56903,100,11695.280643
341.94745,100,11695.28068
356.4438,100,11706.235772
435.59317,100,11706.235912
353.21082,100,11706.235956
398.83362,100,11706.235994
345.91922,100,11716.85958
337.72125,100,11716.859738
314.43814,100,11716.859782
296.77777,100,11716.85982
384.79825,100,11728.418091
374.3074,100,11728.418229
425.12634,100,11728.418277
374.52704,100,11728.418316
269.07172,100,11739.34414
319.60373,100,11739.344308
373.28775,100,11739.344354
358.2813,100,11739.344392
361.30164,100,11750.38253
315.09045,100,11750.38272
337.87766,100,11750.382769
374.94324,100,11750.38281
394.44214,100,11765.825728
369.72488,100,11765.825896
391.4733,100,11765.825944
510.96027,100,11765.825984
324.94843,100,11780.379303
313.34488,100,11780.379445
401.86673,100,11780.379492
372.28244,100,11780.37953
361.71228,100,11790.852397
246.99292,100,11790.852545
289.86447,100,11790.852592
349.6085,100,11790.85263
380.07922,100,11802.753606
389.00803,100,11802.753768
448.62036,100,11802.753822
376.57663,100,11802.753862
314.4734,100,11814.068496
337.9085,100,11814.068634
335.63,100,11814.068681
330.2714,100,11814.06872
339.10327,100,11825.705812
313.45337,100,11825.70596
297.3775,100,11825.706007
420.15115,100,11825.706046
290.662,100,11836.491036
361.99695,100,11836.491189
300.25375,100,11836.491237
345.79388,100,11836.491277
396.49243,100,11846.8202
334.394,100,11846.820353
307.7711,100,11846.8204
333.4841,100,11846.820441
425.39764,100,11857.823458
367.84042,100,11857.823629
339.29517,100,11857.823676
278.7996,100,11857.823715
387.14487,100,11871.193014
331.29236,100,11871.193154
356.9766,100,11871.193201
337.24026,100,11871.19324
377.61533,100,11884.023239
305.80005,100,11884.023376
391.41022,100,11884.023422
374.10858,100,11884.02346
444.25986,100,11896.355352
394.4425,100,11896.355566
383.46024,100,11896.355613
386.17987,100,11896.355653
325.2244,100,11906.993243
350.04428,100,11906.993402
369.13205,100,11906.993448
371.78998,100,11906.993485
362.26294,100,11918.934265
338.6472,100,11918.934396
351.72934,100,11918.93444
360.42856,100,11918.934478
385.90192,100,11931.770809
490.34525,100,11931.770957
382.38138,100,11931.771005
371.7227,100,11931.771045
406.93503,100,11944.651728
389.39752,100,11944.65185
336.5045,100,11944.651893
376.21652,100,11944.651929
360.1419,100,11957.10243
359.25946,100,11957.10257
360.73874,100,11957.102619
371.67966,100,11957.10266
381.4959,100,11970.516337
364.69208,100,11970.51649
367.00912,100,11970.516539
365.3625,100,11970.516608
387.59003,100,11986.264492
329.98056,100,11986.264632
523.0558,100,11986.26468
364.46335,100,11986.264723
344.7948,100,11996.645426
295.49542,100,11996.645575
309.8925,100,11996.645621
376.2898,100,11996.645659
414.5188,100,12007.19363
382.96817,100,12007.193797
431.93033,100,12007.193853
369.6108,100,12007.193895
384.1199,100,12021.044821
411.42767,100,12021.044982
381.42618,100,12021.045029
363.90332,100,12021.045068
351.868,100,12032.82113
489.5078,100,12032.821276
463.2327,100,12032.821325
522.16144,100,12032.821366
401.54858,100,12045.708874
355.68512,100,12045.709013
383.52197,100,12045.709059
439.94275,100,12045.709097
331.4473,100,12058.963389
474.07907,100,12058.963609
364.86395,100,12058.963658
341.37698,100,12058.963697
325.83612,100,12071.802516
289.22775,100,12071.802664
489.68558,100,12071.80271
371.36676,100,12071.80275
337.37827,100,12085.02252
365.58078,100,12085.022669
393.6474,100,12085.022718
426.23184,100,12085.022759
379.323,100,12098.398698
382.8776,100,12098.39884
368.42,100,12098.39889
463.1365,100,12098.398931
345.81876,100,12113.860325
444.19513,100,12113.860471
389.43762,100,12113.860519
369.33682,100,12113.860559
303.53937,100,12127.296434
350.02045,100,12127.296584
482.7824,100,12127.296632
381.50784,100,12127.296672
345.00574,100,12141.315159
360.36844,100,12141.315306
544.92804,100,12141.315353
332.74738,100,12141.315393
396.59778,100,12152.763911
386.49722,100,12152.764056
394.7011,100,12152.764105
359.5943,100,12152.764147
381.87143,100,12163.97407
242.25575,100,12163.974212
375.18982,100,12163.97426
380.8827,100,12163.974302
371.65775,100,12179.862545
385.3941,100,12179.862715
391.00577,100,12179.862762
367.26343,100,12179.8628
385.5935,100,12193.231544
386.72638,100,12193.231692
422.1801,100,12193.23174
349.7778,100,12193.231779
411.31125,100,12209.091825
390.24313,100,12209.091961
386.74805,100,12209.092007
337.1543,100,12209.092047
476.63147,100,12221.805508
392.61542,100,12221.805721
371.64493,100,12221.805803
360.25732,100,12221.805848
312.0904,100,12233.682038
380.20312,100,12233.682195
360.9923,100,12233.682243
505.29172,100,12233.682282
377.015,100,12245.720202
352.1821,100,12245.720336
366.64523,100,12245.720382
343.6434,100,12245.720422
369.94595,100,12257.86553
388.4611,100,12257.86568
506.0531,100,12257.865727
340.9153,100,12257.86579
448.89505,100,12268.950423
353.3504,100,12268.95056
366.59134,100,12268.950607
378.08325,100,12268.950647
376.80002,100,12283.072346
301.76,100,12283.072497
339.6347,100,12283.072545
374.71533,100,12283.072583
337.4092,100,12294.945082
384.53024,100,12294.945235
373.5557,100,12294.945282
374.90717,100,12294.945322
367.8506,100,12307.476367
366.73447,100,12307.476516
361.16455,100,12307.476564
301.17377,100,12307.476604
360.89166,100,12320.202332
336.83615,100,12320.202478
375.147,100,12320.202525
387.03107,100,12320.202564
412.3617,100,12332.601533
366.64835,100,12332.601676
338.81134,100,12332.601721
334.74927,100,12332.60179
370.58005,100,12345.007571
345.81354,100,12345.007721
359.55728,100,12345.007766
362.91098,100,12345.007804
369.65533,100,12358.962311
434.8831,100,12358.962446
413.7519,100,12358.962492
343.79984,100,12358.962531
347.10916,100,12369.652873
325.97705,100,12369.653047
461.30405,100,12369.653095
349.54028,100,12369.653133
334.2931,100,12382.254497
363.23492,100,12382.254699
363.7466,100,12382.254746
527.9149,100,12382.254783
341.79428,100,12394.98163
386.96237,100,12394.981799
427.09613,100,12394.981855
300.38373,100,12394.981898
376.13016,100,12407.186788
366.02408,100,12407.186927
380.2637,100,12407.186974
389.32672,100,12407.187014
335.67746,100,12420.438249
359.48038,100,12420.438395
342.8871,100,12420.438443
379.55295,100,12420.438483
348.62167,100,12434.422851
373.23465,100,12434.422986
417.53183,100,12434.423033
364.26193,100,12434.423073
341.73898,100,12448.437927
507.08994,100,12448.43807
479.78772,100,12448.438118
355.54727,100,12448.438158
370.6115,100,12461.775343
385.80005,100,12461.775496
344.87036,100,12461.775546
359.28036,100,12461.775586
362.40268,100,12475.373358
289.46765,100,12475.373506
332.0317,100,12475.373554
382.34128,100,12475.373594
372.37402,100,12489.464141
319.73056,100,12489.464282
365.19815,100,12489.46433
399.92395,100,12489.46437
356.4052,100,12501.976918
369.5708,100,12501.977086
350.23022,100,12501.977133
376.97452,100,12501.977173
390.5866,100,12512.946038
333.73642,100,12512.946185
399.74615,100,12512.946232
375.36105,100,12512.946273
381.66983,100,12523.94187
349.61212,100,12523.942045
336.012,100,12523.942094
428.88626,100,12523.942135
370.3733,100,12536.009113
302.7664,100,12536.00932
367.6146,100,12536.009369
374.67786,100,12536.009409
326.43045,100,12546.545573
368.19736,100,12546.545725
325.1815,100,12546.545797
324.85095,100,12546.545841
515.45734,100,12559.700521
382.00345,100,12559.700658
355.42545,100,12559.700706
399.5781,100,12559.700745
393.49622,100,12574.886863
324.90308,100,12574.886996
389.16766,100,12574.887041
392.40924,100,12574.88708
352.22363,100,12589.047217
386.98273,100,12589.047352
376.10297,100,12589.0474
379.0797,100,12589.047439
430.75708,100,12604.430638
373.5123,100,12604.43078
515.1677,100,12604.430828
383.72925,100,12604.430867
376.9521,100,12616.624064
464.8158,100,12616.624207
368.9108,100,12616.624253
391.2241,100,12616.624291
360.6023,100,12629.352044
391.20218,100,12629.352182
335.5993,100,12629.35223
371.62274,100,12629.35227
399.88232,100,12645.720819
418.5981,100,12645.720946
380.6084,100,12645.720993
376.9259,100,12645.721032
359.5715,100,12657.836978
341.53714,100,12657.837146
381.90933,100,12657.837194
368.7463,100,12657.837234
457.2256,100,12669.139226
369.85025,100,12669.139353
359.56287,100,12669.139397
376.38095,100,12669.139435
391.86475,100,12685.317915
403.64032,100,12685.318048
449.56625,100,12685.318094
350.47632,100,12685.318132
366.6148,100,12702.831013
309.42734,100,12702.831213
390.55768,100,12702.831261
321.83478,100,12702.8313
524.14,100,12716.68386
440.07883,100,12716.684023
369.12506,100,12716.684071
378.72803,100,12716.684111
274.3721,100,12727.755539
388.7456,100,12727.755791
364.02466,100,12727.75584
402.38382,100,12727.755881
518.48315,100,12742.230371
358.87952,100,12742.2306
357.0085,100,12742.230649
404.01,100,12742.230689
342.58496,100,12755.439981
317.77908,100,12755.440134
390.74905,100,12755.440182
348.21448,100,12755.440223
382.87497,100,12768.622644
385.68906,100,12768.622856
370.08716,100,12768.622905
456.81195,100,12768.622945
346.82175,100,12783.086662
388.0799,100,12783.086802
377.8996,100,12783.08685
390.06827,100,12783.086889
350.8545,100,12796.960689
383.95947,100,12796.960826
390.40063,100,12796.960874
404.24194,100,12796.960913
539.0753,100,12812.693405
394.0755,100,12812.693576
353.25742,100,12812.693624
383.2188,100,12812.693664
462.69376,100,12826.290628
355.9293,100,12826.29085
360.94086,100,12826.2909
393.53412,100,12826.29094
387.9918,100,12841.134923
410.98566,100,12841.135165
377.33115,100,12841.135215
388.75946,100,12841.135256
394.9844,100,12852.914268
462.56363,100,12852.914464
376.99942,100,12852.914513
386.8668,100,12852.914554
383.51593,100,12870.959992
414.4684,100,12870.960187
364.629,100,12870.960237
373.69858,100,12870.960277
416.97113,100,12883.936827
380.6664,100,12883.936971
363.54544,100,12883.93702
362.26617,100,12883.93706
353.03732,100,12896.46558
580.9341,100,12896.465751
357.26202,100,12896.465807
364.2637,100,12896.46585
466.73404,100,12909.365039
482.91956,100,12909.365257
367.22665,100,12909.365307
377.3611,100,12909.365349
338.8433,100,12921.929243
403.5576,100,12921.929381
375.00693,100,12921.929429
327.3306,100,12921.929469
406.9418,100,12935.94168
513.0607,100,12935.941842
304.89868,100,12935.941893
393.136,100,12935.941934
364.0747,100,12948.458564
329.17288,100,12948.458704
358.763,100,12948.458752
346.44452,100,12948.458792
392.2868,100,12960.602269
374.00278,100,12960.602416
465.49393,100,12960.602464
313.96207,100,12960.602504
369.94144,100,12975.473135
570.534,100,12975.473294
313.33606,100,12975.473341
376.6934,100,12975.473379
340.79224,100,12986.951864
403.06787,100,12986.952014
428.6098,100,12986.95206
546.3759,100,12986.952098
399.45123,100,12999.817225
417.4149,100,12999.817443
372.4036,100,12999.817491
383.22046,100,12999.81753
372.41037,100,13012.032857
329.01642,100,13012.033011
351.8206,100,13012.033059
294.27713,100,13012.033098
386.88452,100,13028.556216
390.61758,100,13028.556367
367.24484,100,13028.556414
494.64963,100,13028.556453
418.7094,100,13041.730445
358.09662,100,13041.730582
361.45724,100,13041.730629
377.5257,100,13041.730668
391.59366,100,13055.667006
453.67804,100,13055.667152
417.64758,100,13055.667199
406.76752,100,13055.667238
385.99142,100,13066.705038
348.52612,100,13066.70518
320.6266,100,13066.705228
345.1973,100,13066.705267
423.28925,100,13080.415368
341.59448,100,13080.415506
382.19702,100,13080.415554
355.04312,100,13080.415595
344.86533,100,13095.02127
471.62158,100,13095.021408
371.7898,100,13095.021456
354.62695,100,13095.021497
350.2193,100,13106.985322
387.34082,100,13106.985468
358.26657,100,13106.985515
387.36813,100,13106.985554
348.41745,100,13118.398162
338.05142,100,13118.398325
402.1427,100,13118.398373
418.30087,100,13118.398414
482.82794,100,13133.32828
375.28128,100,13133.328432
443.70093,100,13133.328479
350.38776,100,13133.328519
425.45273,100,13144.705129
361.4597,100,13144.705333
421.97455,100,13144.705382
430.5336,100,13144.705423
362.31064,100,13156.202739
359.20093,100,13156.202902
381.63034,100,13156.202952
364.26047,100,13156.202992
582.3412,100,13169.145997
406.22775,100,13169.146123
362.52188,100,13169.146171
319.28033,100,13169.146209
340.29974,100,13181.389452
374.8267,100,13181.389592
365.23358,100,13181.389639
366.7321,100,13181.389679
335.9327,100,13191.886484
381.71777,100,13191.886626
378.07382,100,13191.886675
339.08905,100,13191.886715
477.8023,100,13204.55823
356.1343,100,13204.558382
354.5179,100,13204.55843
358.02762,100,13204.558471
423.77655,100,13215.152267
371.1123,100,13215.152417
317.92795,100,13215.152469
349.2848,100,13215.15251
425.14847,100,13230.362744
349.98877,100,13230.362885
358.63397,100,13230.362938
366.5113,100,13230.362978
389.093,100,13241.826626
378.9067,100,13241.826773
317.57236,100,13241.826819
548.3185,100,13241.826857
369.04575,100,13255.964081
444.65405,100,13255.964229
351.71063,100,13255.964277
543.0393,100,13255.964315
390.53943,100,13268.461152
366.8734,100,13268.461315
366.65073,100,13268.461362
467.97803,100,13268.461402
403.87943,100,13280.370541
343.7572,100,13280.370685
380.94073,100,13280.370733
341.74918,100,13280.370772
377.96564,100,13293.50528
414.73453,100,13293.505464
527.77344,100,13293.505512
317.4079,100,13293.505551
475.2837,100,13305.113459
378.30557,100,13305.113657
417.0486,100,13305.113704
365.9102,100,13305.113769
377.23117,100,13320.226489
356.47778,100,13320.226612
414.49603,100,13320.226658
509.24857,100,13320.226696
369.83313,100,13333.950083
407.37494,100,13333.95021
345.7587,100,13333.950258
340.13538,100,13333.950297
341.32462,100,13347.032075
357.0992,100,13347.032211
385.175,100,13347.032258
348.0739,100,13347.032298
342.10132,100,13358.10592
353.99387,100,13358.106055
355.3851,100,13358.1061
385.01694,100,13358.106138
390.62973,100,13371.353113
368.33405,100,13371.35325
374.13824,100,13371.353297
355.0671,100,13371.353335
370.24252,100,13382.936761
376.96503,100,13382.936887
325.04764,100,13382.936932
383.1419,100,13382.936969
382.38474,100,13395.950101
429.674,100,13395.950229
342.0231,100,13395.950276
246.5376,100,13395.950315
343.50537,100,13407.469123
357.43823,100,13407.469264
347.82007,100,13407.469311
350.18176,100,13407.46935
337.68585,100,13420.716112
378.10178,100,13420.71624
387.98312,100,13420.716287
380.19238,100,13420.716327
393.06793,100,13434.527773
336.08746,100,13434.527933
306.11618,100,13434.527991
376.50488,100,13434.528032
307.32632,100,13448.067391
416.4558,100,13448.067541
315.2242,100,13448.067589
380.00058,100,13448.067628
390.65503,100,13458.811177
369.19836,100,13458.8114
385.03094,100,13458.811448
384.68655,100,13458.811487
459.85733,100,13472.961675
370.05966,100,13472.961852
374.8449,100,13472.9619
399.0748,100,13472.96194
364.5264,100,13485.721546
379.68295,100,13485.721691
388.3681,100,13485.721756
360.52814,100,13485.721814
376.9528,100,13496.912651
353.77127,100,13496.912791
396.06082,100,13496.912837
379.0611,100,13496.912875
391.9395,100,13510.974122
337.8641,100,13510.97426
510.82645,100,13510.974307
371.13492,100,13510.974347
398.2744,100,13525.880223
494.29233,100,13525.880361
521.38367,100,13525.880408
289.46094,100,13525.880448
370.27512,100,13539.615132
387.06674,100,13539.615276
341.53586,100,13539.615322
361.3686,100,13539.61536
416.50064,100,13550.008839
374.0567,100,13550.008988
419.04233,100,13550.009035
345.76523,100,13550.009074
387.35526,100,13565.015049
441.54013,100,13565.015191
326.1059,100,13565.015237
389.451,100,13565.015276
380.52887,100,13579.973922
393.51657,100,13579.974057
396.1425,100,13579.974105
324.70132,100,13579.974144
378.66315,100,13593.0894
324.69266,100,13593.089557
337.9722,100,13593.089604
341.9837,100,13593.089643
361.73608,100,13604.390249
272.50308,100,13604.390391
357.36624,100,13604.390437
371.4442,100,13604.390476
365.1007,100,13615.251403
383.99997,100,13615.251608
594.09814,100,13615.251656
453.20517,100,13615.251695
428.93127,100,13627.298533
364.1007,100,13627.298688
328.27078,100,13627.298734
362.80804,100,13627.298773
430.38156,100,13642.155356
380.10074,100,13642.155489
352.35355,100,13642.155536
358.12787,100,13642.155575
386.24454,100,13656.170759
354.16513,100,13656.170895
365.86475,100,13656.170943
419.83182,100,13656.170983
281.8442,100,13670.88402
471.24393,100,13670.884151
392.51117,100,13670.884197
346.36087,100,13670.884237
407.74225,100,13685.609023
401.48087,100,13685.609156
390.4136,100,13685.609204
459.08786,100,13685.609243
356.47086,100,13699.45853
477.38547,100,13699.458665
356.66064,100,13699.458713
377.39542,100,13699.458752
404.0696,100,13710.289386
315.89493,100,13710.289531
370.93726,100,13710.289578
283.68906,100,13710.289617
383.31805,100,13726.578772
357.492,100,13726.578917
328.47452,100,13726.578964
495.99042,100,13726.579003
296.573,100,13740.997091
328.02997,100,13740.997242
570.3523,100,13740.997292
371.30106,100,13740.997334
377.85162,100,13752.813434
381.11252,100,13752.813605
353.54294,100,13752.813652
347.85294,100,13752.813691
381.58008,100,13767.341108
369.1848,100,13767.341246
375.20856,100,13767.341293
387.20825,100,13767.341332
351.8107,100,13781.616966
393.42236,100,13781.617184
377.61743,100,13781.617232
363.55832,100,13781.617272
393.21313,100,13794.504962
362.15298,100,13794.505131
466.22055,100,13794.50518
470.88248,100,13794.505221
338.3568,100,13807.272255
374.7127,100,13807.27239
365.93677,100,13807.272437
308.23517,100,13807.272476
409.09647,100,13819.641138
341.7018,100,13819.641274
377.06046,100,13819.641321
363.35956,100,13819.641361
383.76666,100,13834.781571
343.42947,100,13834.781718
528.24634,100,13834.781796
630.5718,100,13834.781842
310.73416,100,13846.013011
363.6064,100,13846.013151
384.4299,100,13846.013199
319.2612,100,13846.013237
356.7207,100,13858.754445
367.29218,100,13858.75458
436.95068,100,13858.754628
378.34125,100,13858.754667
436.19778,100,13872.851758
436.46942,100,13872.851895
364.64893,100,13872.851943
276.1781,100,13872.851983
338.385,100,13883.411304
322.74753,100,13883.411453
371.51395,100,13883.411499
341.6968,100,13883.411537
377.763,100,13897.692761
387.06293,100,13897.692894
328.5911,100,13897.69294
393.79367,100,13897.692977
579.2391,100,13910.310858
354.93042,100,13910.310987
387.47437,100,13910.311034
334.45282,100,13910.311074
359.24533,100,13921.825979
379.16473,100,13921.826204
528.7784,100,13921.826276
363.8278,100,13921.826319
481.86395,100,13934.667358
501.6184,100,13934.667527
374.3172,100,13934.667576
385.93332,100,13934.667616
506.35873,100,13948.634346
374.26144,100,13948.634491
396.84906,100,13948.63454
357.47885,100,13948.634581
312.33746,100,13961.784301
387.3832,100,13961.784444
374.04083,100,13961.784491
363.34314,100,13961.78453
321.03928,100,13972.320772
378.79276,100,13972.320925
364.62808,100,13972.320973
376.48184,100,13972.321012
368.8252,100,13984.951415
385.93225,100,13984.951557
465.3109,100,13984.951607
384.18106,100,13984.951646
374.99567,100,13998.318912
409.13846,100,13998.319053
359.737,100,13998.319102
450.19913,100,13998.319143
378.90762,100,14010.816386
402.00455,100,14010.816527
330.22922,100,14010.816575
449.2224,100,14010.816613
364.99838,100,14023.220317
387.36987,100,14023.220478
368.3026,100,14023.220525
373.46753,100,14023.220564
373.89594,100,14035.831365
468.69675,100,14035.831513
387.82156,100,14035.831562
380.8535,100,14035.831602
482.95987,100,14048.22053
351.50378,100,14048.220717
489.5218,100,14048.220767
250.92209,100,14048.220808
365.674,100,14062.700729
356.00244,100,14062.700938
427.13757,100,14062.700989
398.9105,100,14062.70103
391.41034,100,14074.150197
354.16193,100,14074.150347
492.3329,100,14074.150396
302.71304,100,14074.150436
383.90958,100,14088.617408
427.53772,100,14088.617553
380.20673,100,14088.617602
363.40594,100,14088.617642
316.6992,100,14100.197654
365.953,100,14100.197826
396.34903,100,14100.197878
312.74582,100,14100.197918
285.44797,100,14112.58523
359.93555,100,14112.585377
344.1384,100,14112.585425
399.15073,100,14112.585466
372.26385,100,14124.634558
376.72113,100,14124.634689
393.0842,100,14124.634736
383.00232,100,14124.634777
397.32907,100,14135.547148
321.62238,100,14135.547298
330.52185,100,14135.547347
368.09143,100,14135.547387
389.02512,100,14147.190078
317.57584,100,14147.190228
369.29556,100,14147.190277
399.36807,100,14147.190318
372.76422,100,14161.786983
389.48358,100,14161.787116
453.04562,100,14161.787162
384.85898,100,14161.787202
375.38425,100,14176.655409
529.2971,100,14176.655578
344.02005,100,14176.655628
400.3923,100,14176.65567
356.37363,100,14188.483284
158.99513,100,14188.483422
336.86847,100,14188.483471
361.74963,100,14188.483511
366.22748,100,14200.788412
294.14987,100,14200.788596
551.5795,100,14200.788646
334.8859,100,14200.788688
396.75107,100,14213.443819
390.93408,100,14213.444016
226.09067,100,14213.444066
224.7289,100,14213.444106
347.39545,100,14227.466625
344.75336,100,14227.466772
402.73648,100,14227.466821
475.2245,100,14227.46687
335.83783,100,14241.155666
432.7643,100,14241.155809
395.6489,100,14241.155857
331.10294,100,14241.155897
337.8659,100,14251.441826
323.86313,100,14251.441971
395.00815,100,14251.44202
346.01846,100,14251.442061
343.54156,100,14264.412844
359.30875,100,14264.412982
330.92416,100,14264.41303
381.33105,100,14264.413071
388.35892,100,14274.766037
355.24673,100,14274.766178
384.25998,100,14274.766226
460.10458,100,14274.766266
589.21265,100,14288.464601
357.95325,100,14288.464739
411.01245,100,14288.464788
374.26025,100,14288.464829
332.6205,100,14302.494324
382.5361,100,14302.494471
353.34213,100,14302.494519
398.52798,100,14302.49456
377.80978,100,14319.192636
351.6862,100,14319.192793
394.68652,100,14319.192843
595.2059,100,14319.192883
415.09152,100,14332.144727
319.55527,100,14332.144877
391.75583,100,14332.144926
366.12332,100,14332.144966
562.1203,100,14345.603113
434.231,100,14345.603325
377.40768,100,14345.603373
412.6429,100,14345.603412
332.5222,100,14358.841808
383.67218,100,14358.841971
404.1402,100,14358.842019
437.56958,100,14358.842057
381.08035,100,14373.937883
332.20737,100,14373.938026
375.7796,100,14373.938074
471.41486,100,14373.938112
493.06625,100,14389.030872
360.69757,100,14389.031024
531.3871,100,14389.031074
318.65222,100,14389.031114
330.91855,100,14402.63869
380.24518,100,14402.638832
358.09232,100,14402.63888
349.14932,100,14402.638941
370.2046,100,14415.22455
341.3843,100,14415.224684
375.5338,100,14415.22473
285.88095,100,14415.224768
379.3671,100,14426.228393
396.76047,100,14426.228539
383.3631,100,14426.228585
374.23325,100,14426.228623
349.72095,100,14438.089091
377.3679,100,14438.089231
375.86746,100,14438.089277
405.1402,100,14438.089315
439.1081,100,14451.352359
373.15906,100,14451.352495
444.1237,100,14451.352542
391.68863,100,14451.352581
425.72958,100,14464.679133
345.98483,100,14464.679297
386.21695,100,14464.679344
328.05487,100,14464.679383
373.86508,100,14476.763724
348.63373,100,14476.763858
359.05215,100,14476.763905
306.96548,100,14476.763944
399.2687,100,14489.023599
559.05853,100,14489.023778
366.12592,100,14489.023826
371.42584,100,14489.023866
369.90622,100,14499.908353
364.0823,100,14499.908995
396.78134,100,14499.909045
448.9094,100,14499.909085
297.0687,100,14510.792632
324.8708,100,14510.792779
342.533,100,14510.792824
563.2991,100,14510.792861
363.87225,100,14524.02789
386.91833,100,14524.028011
421.41428,100,14524.028056
494.03503,100,14524.028094
438.02463,100,14535.382007
343.16034,100,14535.382141
565.5408,100,14535.382186
364.25092,100,14535.382224
348.27698,100,14548.089201
375.50375,100,14548.089346
556.5166,100,14548.089393
524.28955,100,14548.089432
363.57144,100,14560.607049
359.35812,100,14560.607189
384.62796,100,14560.607234
383.46643,100,14560.607272
410.783,100,14572.695678
308.02548,100,14572.69582
411.2295,100,14572.695867
373.49313,100,14572.695907
373.6713,100,14586.075433
366.38583,100,14586.075576
365.17923,100,14586.075623
320.6414,100,14586.075662
432.5137,100,14599.720881
440.79785,100,14599.721034
390.13364,100,14599.721081
382.72165,100,14599.721121
444.24298,100,14612.956574
457.9166,100,14612.956723
402.3096,100,14612.956771
342.90186,100,14612.95681
378.08768,100,14625.083859
320.99005,100,14625.083994
396.76282,100,14625.084041
356.23312,100,14625.08408
358.84006,100,14638.583566
394.72314,100,14638.583783
371.0323,100,14638.583831
399.595,100,14638.583872
371.671,100,14651.398512
390.85696,100,14651.398674
391.23053,100,14651.398722
361.54572,100,14651.398761
366.96823,100,14665.756552
354.87686,100,14665.756695
354.10468,100,14665.756743
348.15793,100,14665.756782
398.53687,100,14677.765591
358.51138,100,14677.765773
346.2809,100,14677.765831
388.136,100,14677.765874
312.07623,100,14689.586982
353.2591,100,14689.587121
385.52704,100,14689.587168
327.76373,100,14689.587208
528.0425,100,14703.220665
397.38318,100,14703.220809
371.94507,100,14703.220854
384.52026,100,14703.220893
326.95438,100,14713.642051
378.1182,100,14713.6422
354.15927,100,14713.642247
367.79657,100,14713.642286
333.33752,100,14726.521572
340.05527,100,14726.52171
346.4258,100,14726.521793
347.35223,100,14726.521836
372.16776,100,14738.122387
391.36014,100,14738.122523
374.22147,100,14738.12257
341.77274,100,14738.122625
355.36322,100,14751.350285
364.3792,100,14751.350415
347.26624,100,14751.350462
379.3888,100,14751.350501
367.91815,100,14762.154152
342.63098,100,14762.154306
298.85858,100,14762.154353
393.40887,100,14762.154392
394.1337,100,14777.433578
417.04385,100,14777.433768
321.88583,100,14777.433823
325.6611,100,14777.433866
417.41605,100,14788.643015
365.47284,100,14788.64322
307.16077,100,14788.643269
259.57266,100,14788.643309
371.74518,100,14799.092789
349.42233,100,14799.092925
313.86093,100,14799.092971
333.644,100,14799.093009
367.4984,100,14811.457886
368.91446,100,14811.458023
393.20428,100,14811.458068
375.34448,100,14811.458106
364.8943,100,14824.10016
407.8634,100,14824.100299
443.61853,100,14824.100345
375.56015,100,14824.100384
458.2849,100,14839.322598
332.31982,100,14839.322731
563.22504,100,14839.322777
339.79718,100,14839.322816
355.92676,100,14849.592847
391.1644,100,14849.592988
363.75745,100,14849.593035
348.90015,100,14849.593087
396.78482,100,14861.696553
301.07297,100,14861.696707
333.44263,100,14861.696755
373.4847,100,14861.696835
332.50793,100,14875.192059
366.2356,100,14875.192206
385.56662,100,14875.192254
393.1977,100,14875.192292
306.5757,100,14887.868849
235.63731,100,14887.868989
429.431,100,14887.869038
334.12653,100,14887.869078
380.1895,100,14898.350326
387.65018,100,14898.350466
380.6912,100,14898.350513
384.73642,100,14898.350551
361.0671,100,14909.773335
370.73154,100,14909.773493
333.0141,100,14909.773541
373.71933,100,14909.77358
351.20404,100,14922.279391
409.80344,100,14922.279526
384.07532,100,14922.279573
340.7121,100,14922.279613
298.2075,100,14933.720603
580.66595,100,14933.720823
354.80127,100,14933.720872
343.9706,100,14933.720913
358.9208,100,14947.159556
349.5177,100,14947.159722
380.80405,100,14947.15977
323.1147,100,14947.159809
374.00916,100,14962.257223
399.80768,100,14962.257361
553.95996,100,14962.25742
387.18817,100,14962.257463
363.8476,100,14973.730441
388.1521,100,14973.730592
350.8671,100,14973.730639
330.20422,100,14973.730678
332.68268,100,14985.34913
348.3657,100,14985.34928
229.24078,100,14985.349328
351.2705,100,14985.349368
352.9589,100,14996.665533
509.619,100,14996.665669
433.03552,100,14996.665716
289.37347,100,14996.665782
308.36478,100,15006.877429
345.6898,100,15006.877576
369.3211,100,15006.877623
373.78897,100,15006.877661
350.52603,100,15019.855374
368.79224,100,15019.855507
389.0082,100,15019.855555
347.01053,100,15019.855595
383.41412,100,15032.967224
470.6858,100,15032.96736
356.1434,100,15032.967408
133.74335,100,15032.967448
388.2577,100,15046.081701
375.50052,100,15046.081867
388.65466,100,15046.081916
392.81454,100,15046.081955
366.85284,100,15057.280797
368.15985,100,15057.280965
453.03467,100,15057.281014
360.41055,100,15057.281055
352.31482,100,15070.010959
358.48544,100,15070.011094
398.7365,100,15070.011143
348.33316,100,15070.011184
365.12686,100,15081.879134
341.99142,100,15081.879318
363.97424,100,15081.879365
316.57205,100,15081.879404
355.51004,100,15094.158515
375.55695,100,15094.158721
349.25415,100,15094.15877
423.3534,100,15094.15881
347.999,100,15105.603867
586.33704,100,15105.604012
328.02905,100,15105.60406
503.33643,100,15105.604101
347.1082,100,15119.163741
335.65033,100,15119.163891
365.7827,100,15119.163939
407.08795,100,15119.16398
364.7571,100,15132.997449
381.26422,100,15132.997593
420.0159,100,15132.997641
364.29645,100,15132.99768
387.9039,100,15146.388442
388.36176,100,15146.388578
372.727,100,15146.388625
348.72226,100,15146.388664
343.07455,100,15161.185719
396.52274,100,15161.185872
420.70898,100,15161.185918
397.48914,100,15161.185971
329.2123,100,15173.692324
336.39053,100,15173.69246
300.32162,100,15173.692507
347.49048,100,15173.692546
325.1541,100,15186.733285
556.6077,100,15186.733422
397.96887,100,15186.733469
331.30963,100,15186.733509
391.9297,100,15200.796706
404.66995,100,15200.796853
336.91113,100,15200.7969
316.856,100,15200.79694
606.9713,100,15214.060706
406.06702,100,15214.060868
401.16293,100,15214.060922
363.5555,100,15214.060995
354.0125,100,15225.823223
389.86118,100,15225.823359
461.81952,100,15225.823406
377.21185,100,15225.823444
305.38416,100,15242.198302
358.59647,100,15242.198442
401.44373,100,15242.19849
525.72565,100,15242.19853
392.5476,100,15254.243699
345.099,100,15254.243938
386.8327,100,15254.243988
422.08035,100,15254.244029
360.25894,100,15264.895941
334.43802,100,15264.896093
338.43924,100,15264.896142
368.40393,100,15264.896182
342.32422,100,15278.229721
392.79828,100,15278.22988
296.70676,100,15278.229929
475.4515,100,15278.229971
344.58984,100,15290.389349
349.1759,100,15290.389487
281.0448,100,15290.389533
345.08917,100,15290.389571
344.405,100,15300.86751
314.86707,100,15300.867655
343.91223,100,15300.867704
363.6271,100,15300.867744
327.22595,100,15312.893084
291.93967,100,15312.893224
387.42026,100,15312.893271
382.2169,100,15312.893311
402.30453,100,15325.460316
398.5641,100,15325.460454
383.2399,100,15325.4605
379.80276,100,15325.460538
371.7852,100,15336.027514
371.80093,100,15336.027651
349.53342,100,15336.027697
340.94696,100,15336.027735
347.08194,100,15349.416938
361.6871,100,15349.417071
395.14938,100,15349.417119
301.59412,100,15349.41716
388.87543,100,15360.824422
348.63788,100,15360.82458
383.1494,100,15360.824629
380.56232,100,15360.824668
358.24933,100,15374.99061
395.23056,100,15374.990746
463.36002,100,15374.990794
363.3089,100,15374.990834
540.89014,100,15390.193913
516.86975,100,15390.194182
591.5897,100,15390.194241
418.98663,100,15390.194279
327.5937,100,15401.295981
463.57172,100,15401.296193
362.81238,100,15401.296244
395.19357,100,15401.296285
328.39746,100,15412.780391
312.7108,100,15412.780649
388.1386,100,15412.780702
359.4248,100,15412.780745
406.59195,100,15426.945004
407.6595,100,15426.945249
251.14284,100,15426.945299
391.91107,100,15426.945337
371.74814,100,15439.02093
378.55975,100,15439.021199
396.5654,100,15439.021248
356.0452,100,15439.021287
334.70035,100,15450.364841
418.4555,100,15450.365085
399.37836,100,15450.365135
366.18576,100,15450.365176
376.8781,100,15464.096306
421.8728,100,15464.096468
341.099,100,15464.096516
357.3804,100,15464.096556
356.30167,100,15477.29214
402.13962,100,15477.292376
371.72812,100,15477.292426
337.555,100,15477.292468
451.9688,100,15491.535621
382.84756,100,15491.535815
352.8176,100,15491.535864
368.89816,100,15491.535904
316.26346,100,15503.228318
396.2091,100,15503.228519
374.8713,100,15503.228567
376.82373,100,15503.228606
321.0831,100,15514.696015
314.1435,100,15514.696164
501.40546,100,15514.696212
282.46167,100,15514.696252
367.87015,100,15530.340542
380.15768,100,15530.340687
377.95068,100,15530.340735
355.5286,100,15530.340775
354.03894,100,15542.202738
395.9331,100,15542.202964
388.07254,100,15542.203013
322.7561,100,15542.203054
307.56754,100,15553.982201
375.31317,100,15553.98237
370.49786,100,15553.982418
396.451,100,15553.982457
339.25458,100,15564.643715
342.17615,100,15564.643868
346.0253,100,15564.643915
344.198,100,15564.643955
342.43124,100,15576.744705
254.30627,100,15576.744851
355.0287,100,15576.7449
378.44626,100,15576.744941
355.37372,100,15589.751151
546.35925,100,15589.751292
398.65503,100,15589.751338
371.09366,100,15589.751379
365.3161,100,15602.384455
460.30444,100,15602.384604
369.77518,100,15602.38465
356.05295,100,15602.384689
369.7888,100,15613.192581
393.15118,100,15613.192738
277.0508,100,15613.192788
386.5102,100,15613.192848
355.52118,100,15625.407319
320.6995,100,15625.407468
379.4133,100,15625.407516
361.779,100,15625.407554
354.53027,100,15636.366593
363.17316,100,15636.36682
296.6169,100,15636.366868
455.8421,100,15636.366908
514.0845,100,15650.53353
361.63443,100,15650.533668
379.66077,100,15650.533716
375.76846,100,15650.533786
360.66736,100,15662.649762
331.3921,100,15662.64991
412.37366,100,15662.649956
531.86456,100,15662.649997
374.3203,100,15675.898407
364.09064,100,15675.898562
386.2709,100,15675.89861
344.21024,100,15675.898651
364.96042,100,15686.982481
309.26395,100,15686.982631
365.9682,100,15686.98268
406.3307,100,15686.982723
443.17535,100,15699.795748
324.66156,100,15699.7959
371.12302,100,15699.795949
374.11038,100,15699.795989
540.8568,100,15713.830992
505.99548,100,15713.831132
377.08502,100,15713.83118
373.4082,100,15713.831221
598.6527,100,15727.257566
323.9638,100,15727.257713
379.03284,100,15727.257784
395.4415,100,15727.257827
327.50342,100,15738.709009
305.2112,100,15738.709141
327.63977,100,15738.709186
356.10028,100,15738.709224
372.7699,100,15752.074423
423.4564,100,15752.074591
369.04794,100,15752.074638
375.1072,100,15752.074676
380.1578,100,15765.498589
522.6692,100,15765.498735
326.92957,100,15765.498782
348.28152,100,15765.49882
368.12387,100,15778.358736
344.71448,100,15778.35888
380.22525,100,15778.358928
389.09222,100,15778.358968
361.15518,100,15788.900449
331.00473,100,15788.900657
389.29395,100,15788.900706
342.54733,100,15788.900747
371.27667,100,15802.798361
378.106,100,15802.79853
363.0322,100,15802.798608
347.24338,100,15802.798652
338.17706,100,15814.355217
409.70978,100,15814.35535
347.25507,100,15814.355397
526.2883,100,15814.355437
333.2663,100,15826.116742
327.70383,100,15826.116893
402.35114,100,15826.116943
306.76105,100,15826.116984
425.11572,100,15838.062692
492.96286,100,15838.062829
357.29517,100,15838.062875
348.10043,100,15838.062914
368.68372,100,15849.139619
304.77316,100,15849.139756
399.95767,100,15849.139804
355.06912,100,15849.139844
327.9533,100,15860.575724
386.09726,100,15860.575865
389.4206,100,15860.575914
383.38608,100,15860.575955
374.147,100,15874.904135
380.56042,100,15874.904272
314.07098,100,15874.90432
352.69446,100,15874.904361
391.43454,100,15887.309858
313.50015,100,15887.310009
394.8089,100,15887.310056
377.5638,100,15887.310096
308.58044,100,15898.931391
495.11047,100,15898.931534
480.21237,100,15898.931582
383.67764,100,15898.931621
358.12357,100,15912.392844
537.68097,100,15912.393006
348.7365,100,15912.393054
367.49863,100,15912.393094
415.15094,100,15924.301296
360.85526,100,15924.301482
412.19077,100,15924.301531
374.24387,100,15924.301571
362.57324,100,15935.85987
377.019,100,15935.860079
362.29623,100,15935.860128
376.15668,100,15935.860169
378.69867,100,15946.849913
368.50214,100,15946.850049
353.15106,100,15946.850098
338.52393,100,15946.850138
286.98505,100,15957.966012
356.61838,100,15957.966161
347.21072,100,15957.966209
483.8591,100,15957.966248
325.74316,100,15970.907391
349.60583,100,15970.907542
381.71036,100,15970.907587
306.78308,100,15970.907626
365.99585,100,15981.640762
354.2633,100,15981.640906
370.9952,100,15981.640952
359.03268,100,15981.640992
573.9962,100,15995.20617
341.38522,100,15995.206327
440.7508,100,15995.206376
550.28076,100,15995.206415
507.33798,100,16008.375764
439.93207,100,16008.375912
370.78278,100,16008.375961
395.14932,100,16008.376002
267.1651,100,16019.992199
355.27878,100,16019.992346
317.75662,100,16019.992393
387.38025,100,16019.992432
294.00122,100,16030.550915
357.6831,100,16030.551063
365.90833,100,16030.551109
318.11914,100,16030.551149
327.93616,100,16040.845119
285.96884,100,16040.845283
406.26657,100,16040.845331
425.01187,100,16040.84537
330.42395,100,16051.541671
445.22937,100,16051.54188
343.32953,100,16051.54193
420.13715,100,16051.541969
478.49628,100,16066.410865
354.0821,100,16066.411083
352.20212,100,16066.411132
312.20798,100,16066.411171
392.5602,100,16076.729615
523.92804,100,16076.729801
401.18362,100,16076.729857
402.02176,100,16076.729899
407.3634,100,16087.073888
365.6925,100,16087.074016
392.21252,100,16087.074061
370.26022,100,16087.074098
387.66238,100,16097.438459
405.8529,100,16097.438597
353.30548,100,16097.438642
403.34973,100,16097.43868
358.80963,100,16114.659138
361.9001,100,16114.65928
353.99017,100,16114.659327
578.82306,100,16114.659365
390.19333,100,16127.604561
379.7211,100,16127.604689
361.2688,100,16127.604734
362.41165,100,16127.604772
367.02557,100,16139.844085
309.8982,100,16139.844213
366.76636,100,16139.844258
365.36966,100,16139.844296
92.78278,100,16151.318847
401.4002,100,16151.318988
391.35812,100,16151.319033
362.9337,100,16151.31907
367.05292,100,16163.335917
359.05865,100,16163.336084
338.64255,100,16163.336131
350.9935,100,16163.336169
152.14096,100,16174.92594
382.16043,100,16174.926078
391.216,100,16174.926124
374.4465,100,16174.926162
386.9903,100,16185.954489
337.30814,100,16185.954674
382.30856,100,16185.954722
364.89322,100,16185.954761
351.35983,100,16199.538017
496.20798,100,16199.538205
318.25674,100,16199.538251
314.658,100,16199.538289
370.8947,100,16211.410012
380.6527,100,16211.410158
389.22723,100,16211.410203
370.75244,100,16211.410241
418.12912,100,16223.248667
279.4537,100,16223.248809
374.0254,100,16223.248853
361.6649,100,16223.248891
387.90283,100,16237.701405
567.19446,100,16237.701541
411.37054,100,16237.701586
448.23218,100,16237.701624
369.59268,100,16251.335403
381.5211,100,16251.335538
348.72324,100,16251.335612
435.615,100,16251.335654
293.39676,100,16265.394974
413.0526,100,16265.395116
337.03882,100,16265.395162
314.2224,100,16265.395201
379.5379,100,16277.430825
407.74188,100,16277.43096
402.78226,100,16277.431008
382.28287,100,16277.431047
332.42795,100,16288.851854
314.5163,100,16288.852002
334.9028,100,16288.852048
378.4345,100,16288.852087
341.3614,100,16300.308301
415.35806,100,16300.308437
348.679,100,16300.308484
317.02094,100,16300.308523
436.39093,100,16313.910982
260.6713,100,16313.91113
402.26318,100,16313.911176
433.56262,100,16313.911215
353.5048,100,16325.938107
386.02542,100,16325.938271
347.60574,100,16325.938318
355.6734,100,16325.938357
354.551,100,16338.324921
431.8368,100,16338.325056
304.58,100,16338.325104
359.8549,100,16338.325144
406.264,100,16353.925175
388.75937,100,16353.925398
372.80643,100,16353.925448
366.62207,100,16353.92549
346.37097,100,16365.510601
315.26456,100,16365.510772
424.72214,100,16365.510823
382.19415,100,16365.510864
348.2988,100,16378.39687
377.60962,100,16378.397018
320.14453,100,16378.397067
398.10284,100,16378.397107
571.09863,100,16389.016244
301.93375,100,16389.01639
359.7349,100,16389.016435
422.4882,100,16389.016473
405.33096,100,16403.556239
424.21103,100,16403.556386
356.13147,100,16403.556432
506.51505,100,16403.55647
451.27438,100,16416.892723
402.46277,100,16416.892871
422.21115,100,16416.892918
564.5781,100,16416.892958
411.1772,100,16430.141262
347.0144,100,16430.141404
462.26248,100,16430.141449
385.0189,100,16430.141487
466.11395,100,16444.422104
435.45944,100,16444.422236
442.9281,100,16444.422283
521.51697,100,16444.422321
327.9751,100,16454.761543
350.1431,100,16454.761682
292.70105,100,16454.761728
347.04962,100,16454.761789
371.94403,100,16469.118327
389.17722,100,16469.118487
364.68088,100,16469.118534
405.462,100,16469.118574
376.88818,100,16479.933264
350.27744,100,16479.933396
428.55157,100,16479.933441
345.03513,100,16479.933479
332.02667,100,16493.567293
503.3499,100,16493.567463
415.465,100,16493.56751
357.768,100,16493.567547
350.7977,100,16505.88038
350.7217,100,16505.880585
372.52966,100,16505.880634
349.29913,100,16505.880676
365.5081,100,16517.626724
396.74283,100,16517.626867
342.07166,100,16517.626913
323.8913,100,16517.626951
333.2956,100,16527.802068
357.02896,100,16527.802207
489.4298,100,16527.802254
354.2072,100,16527.802293
360.98035,100,16540.174305
462.98697,100,16540.174434
557.1095,100,16540.174481
322.19904,100,16540.17452
485.1938,100,16553.334253
420.97372,100,16553.334398
505.243,100,16553.334444
363.09583,100,16553.334481
378.30157,100,16568.150932
508.65265,100,16568.15107
349.0104,100,16568.151117
344.65317,100,16568.151156
328.6289,100,16580.549421
343.80066,100,16580.549567
444.102,100,16580.549613
375.91843,100,16580.549651
340.86575,100,16591.489799
307.919,100,16591.489938
515.7958,100,16591.489985
338.58612,100,16591.490023
293.07724,100,16602.217612
349.99725,100,16602.217772
351.4686,100,16602.217828
604.3199,100,16602.217869
323.4162,100,16614.443267
425.65048,100,16614.443405
387.1765,100,16614.443452
393.11633,100,16614.443491
326.99155,100,16626.300023
349.0184,100,16626.300187
345.7622,100,16626.300234
465.05646,100,16626.300271
351.14664,100,16640.090226
381.89136,100,16640.090365
340.16974,100,16640.090411
397.43506,100,16640.090447
235.42966,100,16650.395601
383.40906,100,16650.395816
315.24533,100,16650.395863
338.4662,100,16650.395911
356.90576,100,16664.029174
385.21683,100,16664.02934
374.64722,100,16664.029388
376.15366,100,16664.029427
338.2005,100,16675.625025
361.465,100,16675.625163
312.44513,100,16675.62521
517.5066,100,16675.625249
429.5339,100,16688.094549
410.91144,100,16688.094687
372.46765,100,16688.094731
420.1556,100,16688.094767
333.52866,100,16700.274248
371.8412,100,16700.274382
394.52954,100,16700.274428
373.47974,100,16700.274466
399.22763,100,16713.107427
366.86795,100,16713.107576
390.15125,100,16713.107622
462.69833,100,16713.107689
360.08377,100,16723.584962
361.09244,100,16723.585098
541.8295,100,16723.585144
364.98117,100,16723.585182
384.87173,100,16734.708311
400.45612,100,16734.708456
391.59012,100,16734.7085
403.0216,100,16734.708538
321.08286,100,16746.365046
377.25943,100,16746.365194
344.5949,100,16746.365241
360.0933,100,16746.365281
408.08887,100,16760.852275
362.8713,100,16760.852412
421.73413,100,16760.85246
264.13477,100,16760.852502
391.57626,100,16775.199288
358.1051,100,16775.199453
410.7462,100,16775.199501
366.03357,100,16775.19954
286.99017,100,16787.21418
385.5981,100,16787.21433
391.925,100,16787.214377
341.83368,100,16787.214415
374.316,100,16800.48763
333.70892,100,16800.487818
367.8486,100,16800.487866
445.98062,100,16800.487905
456.54715,100,16813.886556
385.53458,100,16813.88675
472.87238,100,16813.886798
414.31946,100,16813.886837
323.4295,100,16825.760322
381.6676,100,16825.76047
469.7335,100,16825.760517
330.38196,100,16825.760555
361.3986,100,16836.407739
325.018,100,16836.407888
376.72534,100,16836.407935
375.31717,100,16836.407974
361.4804,100,16849.77142
385.97696,100,16849.771556
378.94427,100,16849.771602
389.0338,100,16849.771641
515.8872,100,16864.447401
400.70734,100,16864.447546
482.23096,100,16864.447593
399.5021,100,16864.447632
362.57288,100,16877.233704
391.77298,100,16877.233873
370.0284,100,16877.233921
374.5167,100,16877.233959
493.89658,100,16888.835549
295.14362,100,16888.835689
409.74832,100,16888.835736
370.41104,100,16888.835774
421.35916,100,16900.511526
466.19614,100,16900.511672
347.33356,100,16900.511719
453.92062,100,16900.511758
361.35406,100,16912.816852
353.594,100,16912.816995
355.4327,100,16912.817042
470.54883,100,16912.81708
301.60205,100,16922.929756
331.7192,100,16922.929924
265.2999,100,16922.929971
273.39285,100,16922.930011
390.27957,100,16935.854456
509.4618,100,16935.854605
303.44824,100,16935.854652
431.25195,100,16935.854691
472.38153,100,16946.61294
343.15182,100,16946.613132
394.21045,100,16946.61318
511.3447,100,16946.613232
372.06534,100,16959.560957
389.72177,100,16959.56115
391.3946,100,16959.561197
371.03748,100,16959.561236
360.2046,100,16971.6201
416.9868,100,16971.620248
389.22546,100,16971.620296
472.82953,100,16971.620335
394.59778,100,16982.196048
330.18048,100,16982.196196
385.56305,100,16982.196244
377.0202,100,16982.196283
442.71603,100,16995.376002
310.81308,100,16995.37614
338.56033,100,16995.376187
476.3597,100,16995.376225
381.91528,100,17011.55335
380.94717,100,17011.553499
537.58673,100,17011.553547
344.81668,100,17011.553587
376.01227,100,17021.566682
368.7694,100,17021.566826
319.09106,100,17021.566873
277.02435,100,17021.566911
382.1678,100,17035.972377
397.19794,100,17035.972519
351.50507,100,17035.972564
493.25888,100,17035.972614
399.0322,100,17048.521791
389.62106,100,17048.521931
391.04547,100,17048.521978
398.89462,100,17048.522016
410.15417,100,17060.455351
329.04297,100,17060.455483
372.38855,100,17060.455528
327.67862,100,17060.455567
368.48892,100,17070.800795
335.03473,100,17070.800939
386.82895,100,17070.800985
332.26697,100,17070.801023
346.78622,100,17081.851971
365.25455,100,17081.852126
351.43668,100,17081.852172
321.29675,100,17081.85221
402.6313,100,17094.313775
372.79,100,17094.313901
349.95294,100,17094.313947
559.1544,100,17094.313985
349.12015,100,17105.883573
507.3959,100,17105.883775
364.10934,100,17105.883822
409.56088,100,17105.883861
381.16922,100,17118.854389
387.3499,100,17118.854548
328.67416,100,17118.854594
407.69388,100,17118.854633
362.12817,100,17131.486122
387.16232,100,17131.486259
380.0931,100,17131.486306
390.5318,100,17131.486345
378.5828,100,17143.652679
361.60873,100,17143.652815
341.4316,100,17143.652861
386.89395,100,17143.652899
432.22333,100,17157.78591
350.07153,100,17157.786057
449.30615,100,17157.786103
363.49133,100,17157.786142
343.84326,100,17172.032208
600.444,100,17172.032357
343.8801,100,17172.032403
395.47137,100,17172.032443
339.27042,100,17184.772839
357.04318,100,17184.772989
459.30493,100,17184.773034
319.21106,100,17184.773072
348.615,100,17195.716702
475.44965,100,17195.716838
386.9924,100,17195.716884
360.4648,100,17195.716922
385.48846,100,17208.799709
375.7688,100,17208.799846
378.04596,100,17208.799891
429.97397,100,17208.799929
356.88065,100,17219.951155
473.73492,100,17219.951286
357.7097,100,17219.95133
319.63272,100,17219.951368
426.8531,100,17233.032898
337.76077,100,17233.033064
339.07632,100,17233.033111
380.0278,100,17233.03315
516.42114,100,17245.979293
371.51544,100,17245.97943
431.83636,100,17245.979476
388.73947,100,17245.979516
396.3281,100,17260.712173
377.86182,100,17260.712355
457.37015,100,17260.712401
339.68542,100,17260.712439
430.42545,100,17271.951389
314.98724,100,17271.951584
366.95285,100,17271.95163
437.53754,100,17271.951668
335.21936,100,17282.936658
552.2273,100,17282.936792
364.53854,100,17282.936838
391.67807,100,17282.936876
376.12836,100,17296.056049
434.08173,100,17296.056194
484.67023,100,17296.056239
366.9368,100,17296.056276
422.2943,100,17307.365227
360.04022,100,17307.36537
327.53012,100,17307.365415
352.90314,100,17307.365453
343.0971,100,17320.361993
409.74936,100,17320.362146
416.82324,100,17320.362195
387.06378,100,17320.362235
281.57816,100,17330.574059
376.2912,100,17330.574211
401.20093,100,17330.574259
324.701,100,17330.574299
344.85583,100,17340.604124
360.52792,100,17340.604263
332.87714,100,17340.604306
345.2058,100,17340.604343
369.28644,100,17352.217539
394.5499,100,17352.217682
353.31207,100,17352.217726
607.4779,100,17352.217793
562.85,100,17365.031013
331.79562,100,17365.031156
408.44473,100,17365.031202
371.57172,100,17365.031242
501.2682,100,17376.722301
325.9322,100,17376.722447
467.13693,100,17376.722493
376.5764,100,17376.722531
350.98724,100,17388.608718
373.69254,100,17388.608863
387.26144,100,17388.608907
374.85696,100,17388.608945
622.1919,100,17400.224374
443.67908,100,17400.22451
381.96332,100,17400.224556
365.0357,100,17400.224594
379.3902,100,17412.494402
380.22076,100,17412.494618
351.15945,100,17412.494665
502.4185,100,17412.494704
360.71503,100,17422.828181
373.2305,100,17422.828351
377.86038,100,17422.828399
487.25613,100,17422.828438
416.17267,100,17434.325594
594.14343,100,17434.325758
530.70337,100,17434.325825
431.90567,100,17434.325867
273.64093,100,17448.385063
395.67184,100,17448.385207
357.03452,100,17448.385254
402.6647,100,17448.385295
371.29504,100,17462.374551
393.7075,100,17462.374698
504.10342,100,17462.374746
365.15585,100,17462.374786
505.44324,100,17475.375685
336.05548,100,17475.375815
365.19882,100,17475.375862
531.49524,100,17475.375901
394.20718,100,17486.801976
383.5586,100,17486.802119
362.28384,100,17486.802165
365.69302,100,17486.802203
380.46716,100,17501.831662
325.67148,100,17501.831807
591.4659,100,17501.831855
357.13824,100,17501.831895
526.09595,100,17514.943874
292.15027,100,17514.94401
314.5271,100,17514.944058
506.016,100,17514.944098
368.76126,100,17527.768753
451.46912,100,17527.76892
378.19125,100,17527.768968
361.51938,100,17527.769006
352.5187,100,17538.699177
354.7027,100,17538.699339
364.09543,100,17538.699387
373.0226,100,17538.699435
341.05548,100,17552.723817
458.1236,100,17552.723999
350.67606,100,17552.724046
356.0743,100,17552.724085
317.57874,100,17565.011429
419.36285,100,17565.011619
522.66705,100,17565.011668
390.92703,100,17565.011707
421.25107,100,17577.384709
371.03354,100,17577.384847
369.12024,100,17577.38489
340.21362,100,17577.384928
488.7086,100,17588.183496
391.53583,100,17588.183639
350.69614,100,17588.183688
378.18225,100,17588.183727
363.83972,100,17600.326143
387.43356,100,17600.326291
422.017,100,17600.326339
352.51794,100,17600.326379
647.77374,100,17615.482799
334.69037,100,17615.482934
361.6612,100,17615.482981
335.11383,100,17615.483021
402.6958,100,17626.044105
381.7499,100,17626.044247
285.96558,100,17626.044294
394.50717,100,17626.044334
388.79382,100,17637.197031
367.93814,100,17637.197175
385.04184,100,17637.197222
370.26004,100,17637.197261
309.51236,100,17649.407116
355.41257,100,17649.407266
305.13794,100,17649.407314
373.17526,100,17649.407354
368.84277,100,17660.37518
364.30133,100,17660.375329
434.8406,100,17660.375377
409.195,100,17660.375416
381.8329,100,17671.013707
349.679,100,17671.013838
498.82944,100,17671.013886
368.6507,100,17671.013927
356.01627,100,17684.473856
438.98056,100,17684.474038
379.2503,100,17684.474087
362.3038,100,17684.474126
370.1815,100,17696.957256
374.25272,100,17696.957463
373.05588,100,17696.957511
365.71152,100,17696.957552
268.18478,100,17707.658324
343.73746,100,17707.658467
371.57727,100,17707.658515
359.90308,100,17707.658555
408.59003,100,17719.869973
371.43295,100,17719.870113
458.1981,100,17719.870163
399.97153,100,17719.870204
377.9509,100,17733.570268
316.7371,100,17733.57041
475.4068,100,17733.570457
575.87714,100,17733.570497
408.4399,100,17745.33282
358.82895,100,17745.332963
367.5575,100,17745.333012
411.99234,100,17745.333053
322.77094,100,17757.143053
365.06598,100,17757.143207
366.38617,100,17757.143257
332.84128,100,17757.143296
298.0733,100,17769.046509
342.92914,100,17769.046654
423.15744,100,17769.046702
564.54297,100,17769.046741
380.26105,100,17781.282627
370.70248,100,17781.282779
336.86166,100,17781.282825
380.92374,100,17781.282864
345.26743,100,17794.637454
360.19586,100,17794.637604
395.335,100,17794.637652
621.3633,100,17794.637693
360.02197,100,17807.098637
368.8517,100,17807.098797
434.44955,100,17807.098842
395.39178,100,17807.098881
373.86743,100,17819.339163
521.1482,100,17819.339305
370.49792,100,17819.33935
389.56372,100,17819.339389
380.54993,100,17830.432059
371.4824,100,17830.432227
349.3902,100,17830.432275
386.38736,100,17830.432314
333.13586,100,17841.88662
410.3654,100,17841.886808
421.83734,100,17841.886854
436.23727,100,17841.886892
370.74673,100,17853.816783
401.1438,100,17853.81693
356.1046,100,17853.816976
357.57077,100,17853.817014
425.03668,100,17866.137595
448.49854,100,17866.13773
333.46817,100,17866.1378
411.29813,100,17866.137841
411.48422,100,17878.486555
430.30344,100,17878.486698
344.07062,100,17878.486742
464.0052,100,17878.486779
426.21497,100,17891.627827
510.18906,100,17891.627956
328.0889,100,17891.628001
346.94803,100,17891.62804
489.7937,100,17903.48251
577.9312,100,17903.482663
390.5382,100,17903.482711
539.77954,100,17903.48275
412.47784,100,17918.637781
398.84677,100,17918.637926
388.28638,100,17918.637973
390.8784,100,17918.63801
296.9292,100,17930.873476
569.31366,100,17930.873615
448.54666,100,17930.873662
433.3718,100,17930.8737
377.84802,100,17944.963423
445.71133,100,17944.963574
389.9883,100,17944.96362
387.6573,100,17944.963659
371.4502,100,17957.411377
383.60275,100,17957.411538
374.39822,100,17957.411584
365.59238,100,17957.411621
334.89972,100,17969.263392
366.69458,100,17969.263539
363.9613,100,17969.263586
333.6825,100,17969.263625
317.62436,100,17980.108706
332.35483,100,17980.108883
374.45508,100,17980.10893
618.18396,100,17980.10897
375.26764,100,17994.872018
446.48843,100,17994.872219
444.69882,100,17994.872267
431.2533,100,17994.872306
406.0008,100,18009.447779
382.90207,100,18009.447928
346.778,100,18009.447975
393.92468,100,18009.448015
375.1525,100,18020.351618
227.06537,100,18020.351766
373.57724,100,18020.351813
344.6426,100,18020.351851
372.15414,100,18031.578437
305.0822,100,18031.578568
359.94812,100,18031.578615
412.22806,100,18031.578654
380.36542,100,18044.89878
402.17963,100,18044.898924
225.20189,100,18044.898969
197.97198,100,18044.899007
380.66452,100,18056.549776
270.86328,100,18056.54991
377.17398,100,18056.549955
292.01907,100,18056.549994
269.67487,100,18067.311062
324.27087,100,18067.311203
524.78516,100,18067.311249
328.20096,100,18067.311287
365.74957,100,18078.74634
384.90823,100,18078.746489
372.7962,100,18078.746537
319.87958,100,18078.746578
321.64127,100,18091.110055
376.97888,100,18091.11022
251.40775,100,18091.110268
392.7786,100,18091.110308
264.08252,100,18104.347297
478.31448,100,18104.347462
370.587,100,18104.347509
445.04724,100,18104.347548
368.85413,100,18116.183167
444.28287,100,18116.183303
334.69644,100,18116.18335
388.77997,100,18116.183389
373.69052,100,18128.836396
372.34778,100,18128.836615
380.35318,100,18128.836663
514.33813,100,18128.836701
384.9926,100,18142.111648
547.4518,100,18142.111807
349.87177,100,18142.111855
272.2375,100,18142.111895
346.5501,100,18152.97718
422.66077,100,18152.977323
446.21432,100,18152.97737
356.4492,100,18152.977409
262.0241,100,18163.354831
326.8417,100,18163.354979
317.93655,100,18163.355026
275.32935,100,18163.355067
385.34067,100,18173.95941
292.76117,100,18173.95956
387.93115,100,18173.959607
317.91412,100,18173.959646
484.90497,100,18187.237546
373.47623,100,18187.237682
436.85715,100,18187.237729
340.46976,100,18187.237798
306.6516,100,18201.274061
463.16907,100,18201.274198
385.77588,100,18201.274246
404.78497,100,18201.274285
322.95856,100,18213.849542
372.90155,100,18213.849691
528.3511,100,18213.849759
321.46594,100,18213.849816
369.62524,100,18224.896634
354.7538,100,18224.896788
254.34096,100,18224.896836
401.98096,100,18224.896874
290.04788,100,18238.831976
379.40436,100,18238.832122
418.50992,100,18238.832168
463.29004,100,18238.832205
327.87747,100,18249.525207
391.00882,100,18249.525379
280.50568,100,18249.525428
313.87784,100,18249.525467
326.2648,100,18261.617466
559.19196,100,18261.617609
286.94507,100,18261.617657
379.7947,100,18261.617697
384.5742,100,18276.613136
589.5028,100,18276.613317
274.13956,100,18276.613365
522.74756,100,18276.613406
429.35474,100,18291.43766
593.4437,100,18291.437868
392.02893,100,18291.437918
348.38776,100,18291.437959
375.57602,100,18304.996814
301.46515,100,18304.996967
404.4186,100,18304.997015
397.35413,100,18304.997054
377.87143,100,18315.999756
371.47287,100,18315.999905
341.54422,100,18315.999952
341.0228,100,18315.999991
354.9281,100,18327.192002
370.96848,100,18327.192141
441.38284,100,18327.19219
334.70276,100,18327.192231
612.3618,100,18341.729367
375.46176,100,18341.729508
373.5888,100,18341.729555
335.52264,100,18341.729595
457.6514,100,18354.304962
388.84708,100,18354.305112
361.32806,100,18354.305161
380.47357,100,18354.305202
424.63873,100,18367.935333
356.36978,100,18367.935472
513.3712,100,18367.93552
256.8959,100,18367.93556
386.69116,100,18380.320641
337.7352,100,18380.320784
347.3519,100,18380.320841
351.42422,100,18380.320882
373.79446,100,18394.357546
304.33566,100,18394.357699
409.22482,100,18394.35777
388.59515,100,18394.357818
544.94025,100,18408.005308
376.97363,100,18408.005476
353.61444,100,18408.005526
314.20737,100,18408.005566
299.9236,100,18421.477689
545.8795,100,18421.477857
584.5761,100,18421.477907
423.0526,100,18421.477947
538.70374,100,18434.936154
356.30356,100,18434.936332
365.59116,100,18434.936383
369.87946,100,18434.936424
400.64975,100,18449.07901
377.75705,100,18449.079218
501.2537,100,18449.07927
538.9487,100,18449.079312
457.94992,100,18460.403848
337.6333,100,18460.403998
412.1592,100,18460.404046
389.77176,100,18460.404086
368.83206,100,18471.827575
339.81335,100,18471.827713
300.9713,100,18471.827761
373.7703,100,18471.827801
278.08713,100,18484.452368
368.52393,100,18484.452522
351.56415,100,18484.452569
376.6158,100,18484.452608
557.89526,100,18496.237698
352.11154,100,18496.237871
383.3144,100,18496.237921
384.74252,100,18496.237961
376.07776,100,18507.082644
398.09888,100,18507.082777
347.316,100,18507.082822
282.37985,100,18507.08286
319.99484,100,18517.925764
455.6525,100,18517.925912
420.13034,100,18517.92596
325.24194,100,18517.926
457.76367,100,18528.629605
363.2414,100,18528.629757
368.0648,100,18528.629812
477.52637,100,18528.629855
366.684,100,18542.013073
383.62424,100,18542.013216
291.8676,100,18542.013264
358.95236,100,18542.013305
388.11987,100,18553.118466
389.6346,100,18553.118629
335.0062,100,18553.118704
332.98782,100,18553.118748
354.54843,100,18567.11136
403.57275,100,18567.111497
647.4644,100,18567.111547
347.80246,100,18567.111587
519.56635,100,18581.520963
461.973,100,18581.521148
289.84457,100,18581.521195
379.89206,100,18581.521233
364.9441,100,18592.885929
319.20956,100,18592.886118
346.47577,100,18592.886173
256.22363,100,18592.886212
346.90512,100,18603.588104
424.83136,100,18603.588255
353.7668,100,18603.588302
344.1867,100,18603.588341
403.41562,100,18619.956074
352.2211,100,18619.956218
565.5774,100,18619.956269
376.7384,100,18619.95631
496.88965,100,18631.94113
443.4327,100,18631.941287
327.37497,100,18631.941336
356.99072,100,18631.941377
361.08676,100,18645.492281
355.3007,100,18645.49243
396.26575,100,18645.492478
393.30966,100,18645.492519
315.52188,100,18659.869982
540.25024,100,18659.870118
594.77435,100,18659.870167
361.9286,100,18659.870207
348.82422,100,18671.151004
343.61127,100,18671.151154
402.75616,100,18671.151204
356.63696,100,18671.151244
388.35257,100,18681.981886
217.00888,100,18681.982049
343.68805,100,18681.982096
346.4397,100,18681.982136
348.95172,100,18697.513704
572.0283,100,18697.513864
312.7725,100,18697.513912
394.80258,100,18697.513952
618.8082,100,18709.940434
372.93576,100,18709.940595
363.28055,100,18709.940644
369.5055,100,18709.940684
200.3436,100,18726.328928
286.52136,100,18726.329073
374.61737,100,18726.329123
627.2643,100,18726.329163
325.6577,100,18736.792518
341.67108,100,18736.792671
389.81717,100,18736.792719
392.38242,100,18736.792759
360.2092,100,18751.569497
448.2745,100,18751.56973
411.28812,100,18751.569807
376.1484,100,18751.569853
371.47308,100,18763.552042
338.77597,100,18763.552192
367.3679,100,18763.552242
309.72385,100,18763.552282
291.79242,100,18774.963022
365.86304,100,18774.963174
371.47278,100,18774.963223
424.32483,100,18774.963263
415.7394,100,18787.697396
381.8397,100,18787.697538
323.63342,100,18787.697586
387.64313,100,18787.697626
397.4101,100,18801.348468
227.61856,100,18801.348619
598.4733,100,18801.348667
394.25125,100,18801.348706
350.70065,100,18813.754705
320.82706,100,18813.754848
204.04286,100,18813.754895
309.51138,100,18813.754935
426.3821,100,18823.985509
313.68826,100,18823.985652
173.65157,100,18823.9857
443.4887,100,18823.985758
359.70816,100,18835.858883
356.0838,100,18835.85903
363.99054,100,18835.859075
383.74277,100,18835.859113
316.73422,100,18852.33831
389.0572,100,18852.338457
436.80896,100,18852.338504
594.881,100,18852.338544
364.3737,100,18863.919038
487.2725,100,18863.919175
387.71533,100,18863.91922
369.26987,100,18863.919258
350.19687,100,18877.354243
443.67896,100,18877.354413
347.47455,100,18877.354462
146.57379,100,18877.354502
471.3121,100,18889.521341
350.2654,100,18889.521491
406.26657,100,18889.521538
472.27872,100,18889.521578
375.8514,100,18903.877252
359.09872,100,18903.877468
552.0834,100,18903.877517
161.4714,100,18903.877557
381.0043,100,18916.878388
373.04718,100,18916.878556
363.3869,100,18916.878603
332.6341,100,18916.878642
254.66138,100,18928.401664
395.23764,100,18928.401828
330.92572,100,18928.401885
481.38956,100,18928.401924
341.67166,100,18939.82966
387.78867,100,18939.829813
401.17358,100,18939.829861
367.79074,100,18939.829901
411.62762,100,18955.607058
416.10934,100,18955.607205
457.12524,100,18955.607251
374.13004,100,18955.60729
345.48822,100,18966.981069
383.36176,100,18966.981212
462.09314,100,18966.981258
320.77414,100,18966.981296
303.72406,100,18977.420266
306.04736,100,18977.420412
494.4405,100,18977.420459
362.8363,100,18977.420498
362.6172,100,18992.951391
354.16434,100,18992.95152
364.14163,100,18992.951565
471.44507,100,18992.951603
645.32806,100,19004.491278
470.08328,100,19004.491417
415.81268,100,19004.491462
391.04803,100,19004.491501
370.14767,100,19016.945374
360.4592,100,19016.945511
374.04315,100,19016.945558
205.16313,100,19016.945598
310.68085,100,19027.982883
406.00217,100,19027.983041
495.27414,100,19027.983113
382.29453,100,19027.983155
394.19525,100,19042.608664
386.9433,100,19042.608808
396.4399,100,19042.608855
582.82336,100,19042.608894
381.8098,100,19058.254145
431.19644,100,19058.254318
419.03906,100,19058.254367
439.40503,100,19058.254407
383.3247,100,19075.001098
315.54977,100,19075.001294
409.12238,100,19075.00134
324.31607,100,19075.001379
315.1504,100,19089.2851
364.7327,100,19089.285246
428.17078,100,19089.285293
372.12967,100,19089.285333
350.57455,100,19104.363717
595.4014,100,19104.363862
323.88705,100,19104.363909
338.31085,100,19104.363947
692.306,100,19119.722008
353.83832,100,19119.72215
477.63116,100,19119.722198
381.44656,100,19119.722239
373.33383,100,19131.629402
386.22977,100,19131.629547
391.60638,100,19131.629593
563.5582,100,19131.629632
569.9153,100,19144.182393
372.55197,100,19144.182539
364.00064,100,19144.182587
433.3086,100,19144.182626
487.38303,100,19160.278061
350.42715,100,19160.278195
414.4325,100,19160.278241
391.75162,100,19160.278279
556.3944,100,19172.974109
390.2383,100,19172.974256
373.2162,100,19172.974304
383.93573,100,19172.974344
440.7034,100,19187.998978
496.97116,100,19187.999121
371.40958,100,19187.999169
368.6876,100,19187.999207
376.10306,100,19198.876133
334.74097,100,19198.87631
366.7558,100,19198.876359
355.73074,100,19198.876397
431.32864,100,19212.634781
314.30438,100,19212.634925
440.63794,100,19212.634972
450.97733,100,19212.63501
464.27094,100,19225.038636
352.55075,100,19225.038786
366.504,100,19225.038834
350.74664,100,19225.038874
397.33206,100,19241.778089
380.0117,100,19241.778326
381.08603,100,19241.778375
386.9396,100,19241.778416
559.17676,100,19253.570947
340.7232,100,19253.571085
353.4319,100,19253.571132
363.0678,100,19253.571171
374.16992,100,19264.002065
292.15707,100,19264.002207
382.00058,100,19264.002255
392.10703,100,19264.002295
372.28635,100,19277.437058
512.82263,100,19277.437207
374.59985,100,19277.437256
390.57547,100,19277.437295
468.6684,100,19288.310658
384.67447,100,19288.310785
352.8097,100,19288.310831
325.8243,100,19288.310869
547.5221,100,19303.462674
583.2916,100,19303.462811
384.90387,100,19303.462858
414.15573,100,19303.462898
422.15195,100,19314.246622
357.00012,100,19314.246768
398.30142,100,19314.246816
375.62524,100,19314.246856
513.2949,100,19331.381732
530.6397,100,19331.381917
412.4999,100,19331.381973
430.4631,100,19331.382012
360.94696,100,19342.931172
401.0075,100,19342.931321
336.5522,100,19342.931369
420.12546,100,19342.931409
349.2416,100,19356.849747
450.83044,100,19356.84992
317.44247,100,19356.849969
370.71973,100,19356.850009
392.30798,100,19372.086934
392.91528,100,19372.087085
317.95233,100,19372.087134
334.02502,100,19372.087173
455.72217,100,19387.620091
386.44403,100,19387.620279
429.81018,100,19387.620329
339.1979,100,19387.620369
348.1676,100,19398.217678
346.63495,100,19398.21789
388.89618,100,19398.217937
407.23697,100,19398.217975
422.2465,100,19408.528814
371.13303,100,19408.528946
256.34604,100,19408.528992
417.9626,100,19408.52903
351.3568,100,19420.780753
358.80652,100,19420.780899
348.69003,100,19420.780946
371.17004,100,19420.780986
363.8872,100,19434.949758
354.3955,100,19434.94991
396.28537,100,19434.949958
398.02133,100,19434.95
369.13693,100,19447.241589
412.41687,100,19447.241757
415.60373,100,19447.241815
365.61517,100,19447.241858
345.75644,100,19460.094721
357.84732,100,19460.09485
427.59918,100,19460.094898
376.52026,100,19460.094939
356.27216,100,19472.560935
351.4348,100,19472.561082
392.80344,100,19472.56113
562.96295,100,19472.561169
291.6861,100,19484.608677
414.414,100,19484.608824
361.45203,100,19484.608872
340.3561,100,19484.608912
511.45346,100,19499.203189
534.1491,100,19499.203325
371.90656,100,19499.203372
347.8596,100,19499.203411
388.82962,100,19511.709273
293.13263,100,19511.709441
375.45963,100,19511.709489
277.48453,100,19511.709529
333.5146,100,19524.98172
306.68787,100,19524.981873
484.8382,100,19524.981921
358.76016,100,19524.981988
522.1333,100,19536.567568
384.5942,100,19536.567718
337.04144,100,19536.567764
392.5159,100,19536.567802
381.36932,100,19550.497584
385.06342,100,19550.497809
358.8204,100,19550.49786
316.2543,100,19550.4979
364.16956,100,19563.86043
277.07608,100,19563.860593
354.24008,100,19563.860641
360.34567,100,19563.860681
353.57516,100,19576.091481
499.3461,100,19576.09163
439.958,100,19576.09168
324.96674,100,19576.091721
379.778,100,19590.477271
286.54395,100,19590.477422
365.93243,100,19590.47747
491.5152,100,19590.47751
369.61926,100,19603.433308
280.98788,100,19603.433456
374.38196,100,19603.433502
317.48114,100,19603.43354
381.484,100,19618.388548
397.9126,100,19618.388692
305.19833,100,19618.388741
376.36713,100,19618.38878
549.5446,100,19631.971959
360.31363,100,19631.972106
378.9855,100,19631.972155
412.15845,100,19631.972195
339.07355,100,19643.751153
402.85608,100,19643.751302
437.7538,100,19643.751349
306.189,100,19643.751389
306.99503,100,19656.697606
343.83823,100,19656.697767
345.48465,100,19656.697823
376.19922,100,19656.697878
434.489,100,19668.130496
590.38635,100,19668.130645
405.35806,100,19668.130693
455.32153,100,19668.130734
368.4126,100,19680.878776
385.14392,100,19680.878948
444.05063,100,19680.878998
370.75912,100,19680.879039
355.69284,100,19693.713465
353.4262,100,19693.713598
355.07053,100,19693.713642
413.57288,100,19693.713679
350.61557,100,19706.862015
395.61258,100,19706.862227
405.13632,100,19706.862273
626.89087,100,19706.862311
603.2903,100,19720.790711
339.88828,100,19720.790872
439.00864,100,19720.790919
383.88028,100,19720.790958
399.81775,100,19734.98367
472.39914,100,19734.983814
456.1662,100,19734.983861
318.2916,100,19734.983902
354.61716,100,19747.644397
356.53964,100,19747.644549
351.4362,100,19747.644598
329.66293,100,19747.644639
414.48697,100,19759.095905
392.2889,100,19759.096046
381.4909,100,19759.096093
420.22003,100,19759.096133
410.86285,100,19772.348595
472.03354,100,19772.348749
427.41568,100,19772.348798
301.63342,100,19772.348837
388.18216,100,19784.744144
326.7054,100,19784.744282
359.62152,100,19784.74433
347.99063,100,19784.74437
380.6957,100,19799.787141
394.9701,100,19799.787283
345.83624,100,19799.78733
440.06448,100,19799.78737
434.04733,100,19811.103085
442.77258,100,19811.103222
486.24164,100,19811.103271
377.79868,100,19811.103312
476.79816,100,19824.144771
361.27002,100,19824.144911
366.44382,100,19824.14496
385.33267,100,19824.145
384.872,100,19836.701595
305.70724,100,19836.701782
373.43884,100,19836.70184
414.8862,100,19836.701883
386.3652,100,19849.18169
353.35773,100,19849.181838
502.23337,100,19849.181886
182.90201,100,19849.181927
444.75327,100,19863.232299
393.96957,100,19863.232484
399.51245,100,19863.232532
343.4112,100,19863.232572
334.63562,100,19876.238186
316.80023,100,19876.238386
423.09073,100,19876.238436
561.22833,100,19876.238476
387.11444,100,19887.912756
341.2821,100,19887.912905
386.10602,100,19887.912952
402.23666,100,19887.912992
383.72928,100,19899.627364
403.8405,100,19899.627516
349.47876,100,19899.627565
349.47293,100,19899.627605
619.1337,100,19912.562268
315.11795,100,19912.562418
427.54935,100,19912.562466
318.0829,100,19912.562506
489.5111,100,19924.851161
326.25485,100,19924.851296
336.00235,100,19924.851344
370.401,100,19924.851384
432.0838,100,19936.827615
365.29062,100,19936.827773
381.0982,100,19936.827822
358.34286,100,19936.827863
418.53073,100,19948.436749
319.4738,100,19948.4369
365.32053,100,19948.436948
323.8127,100,19948.436986
557.27954,100,19960.150095
339.87595,100,19960.150235
478.62335,100,19960.150284
399.86276,100,19960.150323
527.59753,100,19970.955601
350.57837,100,19970.955743
413.5843,100,19970.95579
553.8064,100,19970.95583
424.21533,100,19982.925721
370.41028,100,19982.925909
353.17303,100,19982.925957
405.97498,100,19982.925997
348.52274,100,20000.212656
546.818,100,20000.212789
409.76984,100,20000.212836
438.49802,100,20000.212874
391.34128,100,20011.151168
349.8041,100,20011.151318
331.34488,100,20011.151366
375.62427,100,20011.151406
517.5024,100,20025.208056
386.9045,100,20025.208281
392.6102,100,20025.208331
421.93314,100,20025.208372
378.07495,100,20036.474055
362.8976,100,20036.474207
374.62064,100,20036.474256
437.13354,100,20036.474296
381.63565,100,20050.123465
510.10724,100,20050.123608
284.58035,100,20050.123656
357.22897,100,20050.123693
356.7413,100,20060.497877
404.32553,100,20060.49803
407.66003,100,20060.498078
381.94427,100,20060.498118
583.2195,100,20071.950827
444.30966,100,20071.950982
400.92517,100,20071.95103
371.74515,100,20071.951069
655.6473,100,20082.969993
316.2431,100,20082.970144
419.5361,100,20082.970203
515.0204,100,20082.970245
406.71225,100,20095.396534
396.87283,100,20095.396672
492.22083,100,20095.396718
421.14795,100,20095.396757
382.45276,100,20109.385566
362.52304,100,20109.385715
397.31842,100,20109.385784
345.30954,100,20109.385826
367.88507,100,20121.330053
381.95374,100,20121.330228
372.9847,100,20121.330303
316.41675,100,20121.330372
328.43466,100,20132.145627
399.07166,100,20132.145799
469.1293,100,20132.145856
388.5392,100,20132.145899
363.6499,100,20144.570527
360.70563,100,20144.570688
553.49097,100,20144.570735
366.65692,100,20144.570773
391.84396,100,20159.05976
390.099,100,20159.05991
386.6077,100,20159.059956
361.99088,100,20159.059994
388.51813,100,20171.699063
324.2669,100,20171.699279
380.0703,100,20171.699326
391.8803,100,20171.699365
366.0296,100,20185.825059
382.90433,100,20185.825214
366.49854,100,20185.825262
391.28613,100,20185.8253
381.31073,100,20199.837613
360.0854,100,20199.837762
352.29465,100,20199.837817
349.0089,100,20199.837858
309.3394,100,20210.524401
562.1515,100,20210.524539
335.13913,100,20210.524586
399.97696,100,20210.524626
271.87283,100,20222.137791
506.79953,100,20222.137931
377.38205,100,20222.137979
389.32217,100,20222.138019
375.5613,100,20233.592632
399.5737,100,20233.592773
393.66345,100,20233.592819
383.45447,100,20233.59286
363.98193,100,20246.744631
389.94653,100,20246.744781
592.2993,100,20246.744828
385.39944,100,20246.744867
369.00665,100,20257.991333
446.56226,100,20257.991481
373.63168,100,20257.991529
321.73108,100,20257.991568
398.96228,100,20270.168331
353.0093,100,20270.168468
312.5147,100,20270.168517
362.98376,100,20270.168556
454.07928,100,20285.583443
408.95096,100,20285.583581
545.33496,100,20285.58363
399.2403,100,20285.583669
626.6372,100,20300.639995
457.50888,100,20300.64015
385.83936,100,20300.640197
391.35178,100,20300.640237
343.3527,100,20313.42769
387.25543,100,20313.427838
428.45337,100,20313.427885
360.53397,100,20313.427923
360.1342,100,20326.972951
406.11227,100,20326.973144
373.61792,100,20326.973193
509.28427,100,20326.973232
466.60992,100,20341.803808
383.82135,100,20341.803964
361.95996,100,20341.804013
478.5778,100,20341.804053
360.88794,100,20354.108559
411.604,100,20354.108711
413.4744,100,20354.10876
431.44016,100,20354.108801
485.9395,100,20366.088879
386.64832,100,20366.089025
342.8033,100,20366.089072
383.99915,100,20366.089111
430.53308,100,20378.387806
370.09903,100,20378.387952
449.0602,100,20378.388
364.66754,100,20378.388041
320.80896,100,20389.513562
427.79163,100,20389.513713
385.19366,100,20389.513785
425.01935,100,20389.513829
423.1274,100,20401.395043
404.19385,100,20401.395185
405.70093,100,20401.395233
513.53827,100,20401.395272
398.15326,100,20413.004566
392.01486,100,20413.004713
411.98535,100,20413.004759
368.14114,100,20413.004796
517.2798,100,20428.652549
393.04593,100,20428.652696
410.8576,100,20428.652744
472.18326,100,20428.652783
512.0397,100,20441.640441
365.61267,100,20441.640605
346.03766,100,20441.640652
371.8921,100,20441.640691
341.8804,100,20455.735213
375.98343,100,20455.735364
330.67825,100,20455.73541
446.8338,100,20455.735448
363.4324,100,20468.465585
293.11316,100,20468.465752
365.0912,100,20468.46581
491.57202,100,20468.465853
412.9949,100,20483.318703
437.34866,100,20483.318952
368.2031,100,20483.319001
297.28372,100,20483.31904
460.1996,100,20499.050715
370.08826,100,20499.050892
611.72986,100,20499.050944
322.2928,100,20499.050985
374.41788,100,20514.944149
393.6216,100,20514.944298
360.78793,100,20514.944345
372.51047,100,20514.944383
402.11472,100,20526.826015
491.21976,100,20526.826169
332.76743,100,20526.826216
381.89062,100,20526.826257
397.8685,100,20539.382041
367.1505,100,20539.382191
462.4711,100,20539.38224
364.02753,100,20539.38228
358.69888,100,20553.668153
420.78775,100,20553.668296
331.6326,100,20553.668344
413.73883,100,20553.668385
489.97897,100,20567.714556
402.3943,100,20567.714708
456.45074,100,20567.714757
333.86182,100,20567.714797
345.8137,100,20578.589614
363.7425,100,20578.589776
390.6354,100,20578.589831
359.57043,100,20578.589873
345.45483,100,20590.038665
471.84198,100,20590.0388
341.824,100,20590.038849
274.08234,100,20590.03889
385.22626,100,20602.884836
604.117,100,20602.884987
394.65372,100,20602.885036
357.6945,100,20602.885076
299.47278,100,20615.608894
343.76364,100,20615.60906
454.4056,100,20615.609108
392.4971,100,20615.609148
383.09326,100,20628.599527
443.66617,100,20628.599661
599.3489,100,20628.599708
362.54526,100,20628.599748
453.4528,100,20641.75618
340.49628,100,20641.756399
356.7265,100,20641.756449
524.45105,100,20641.756489
573.8068,100,20657.865068
376.64496,100,20657.865228
407.33023,100,20657.865278
506.37976,100,20657.865319
384.602,100,20673.10111
436.21118,100,20673.101251
545.5237,100,20673.1013
547.9263,100,20673.10134
377.08563,100,20686.36372
448.9108,100,20686.363847
300.96088,100,20686.363896
415.31613,100,20686.363936
369.80267,100,20698.210695
399.80603,100,20698.210848
537.10693,100,20698.210896
366.68323,100,20698.210935
377.82803,100,20712.48508
419.51483,100,20712.485221
428.93747,100,20712.485269
417.82816,100,20712.485307
360.58264,100,20726.632996
299.59634,100,20726.633136
389.35364,100,20726.633184
391.60968,100,20726.633224
368.34915,100,20739.523465
369.98105,100,20739.523615
358.2627,100,20739.523664
361.6776,100,20739.523705
378.03024,100,20753.718776
387.98926,100,20753.718919
509.24377,100,20753.718965
396.74503,100,20753.719002
417.4773,100,20767.432021
403.40472,100,20767.432163
407.75238,100,20767.43221
399.2748,100,20767.432248
462.9912,100,20781.892097
537.5611,100,20781.892254
412.9796,100,20781.892303
373.4621,100,20781.892342
385.29092,100,20794.362311
368.02536,100,20794.362456
360.86642,100,20794.362502
328.59973,100,20794.362541
379.20966,100,20806.062577
367.54858,100,20806.062778
414.6564,100,20806.062826
364.4687,100,20806.062865
363.72577,100,20818.515452
318.11133,100,20818.515619
434.91928,100,20818.515668
386.46344,100,20818.515709
578.072,100,20831.19879
322.93408,100,20831.198924
351.22723,100,20831.198972
461.45502,100,20831.199011
376.03537,100,20842.720739
357.5948,100,20842.720885
409.25824,100,20842.720933
365.16254,100,20842.720972
370.88583,100,20855.78442
394.0017,100,20855.784563
506.73553,100,20855.78461
359.87238,100,20855.784649
368.44577,100,20867.856125
453.3831,100,20867.85627
384.81094,100,20867.856317
521.069,100,20867.856356
405.4924,100,20879.307673
334.32498,100,20879.307822
351.47992,100,20879.307868
365.75006,100,20879.307906
330.66785,100,20890.044663
338.23773,100,20890.044808
356.6314,100,20890.044855
394.01736,100,20890.044894
403.42496,100,20904.456935
385.92993,100,20904.45708
360.52008,100,20904.457127
586.54816,100,20904.457167
390.78244,100,20915.489955
374.4228,100,20915.490102
388.01718,100,20915.490147
326.30856,100,20915.490185
361.8967,100,20927.663386
382.61884,100,20927.663555
340.1221,100,20927.663601
367.009,100,20927.66364
348.41306,100,20940.131926
339.42242,100,20940.132069
381.1966,100,20940.132119
470.15967,100,20940.132159
385.22186,100,20953.383926
364.01492,100,20953.38407
391.36298,100,20953.384118
322.68634,100,20953.384157
390.8794,100,20963.902644
302.35678,100,20963.902879
372.23944,100,20963.902956
311.037,100,20963.902998
465.74323,100,20977.699029
493.40207,100,20977.699178
500.27066,100,20977.699225
502.66556,100,20977.699263
410.2602,100,20992.506441
381.8906,100,20992.506588
433.43036,100,20992.506635
357.39444,100,20992.506675
371.672,100,21008.670614
332.05722,100,21008.670757
525.71875,100,21008.670805
344.38235,100,21008.670845
550.4454,100,21021.185019
359.86575,100,21021.185165
425.78027,100,21021.185212
356.59714,100,21021.18525
338.32104,100,21036.374926
383.24045,100,21036.37507
408.19025,100,21036.375116
352.96222,100,21036.375156
547.18164,100,21051.334102
423.81393,100,21051.334245
524.2146,100,21051.334291
377.79706,100,21051.334329
373.9444,100,21066.2421
389.73242,100,21066.242236
332.66055,100,21066.242284
369.5955,100,21066.242324
346.65784,100,21078.68415
436.30307,100,21078.684302
515.69214,100,21078.684349
397.0773,100,21078.684388
384.78122,100,21094.111775
385.61505,100,21094.111942
361.44287,100,21094.111988
419.2641,100,21094.112027
388.5616,100,21106.284703
328.3279,100,21106.284849
508.73984,100,21106.284895
292.099,100,21106.284935
411.02542,100,21118.724664
476.14594,100,21118.724839
287.386,100,21118.724896
532.07666,100,21118.724934
378.26382,100,21130.969459
438.67316,100,21130.969656
446.57187,100,21130.969705
368.73636,100,21130.969774
387.55197,100,21145.101586
388.96918,100,21145.101726
594.3639,100,21145.101801
416.30417,100,21145.101855
404.94064,100,21156.637346
389.41168,100,21156.637489
344.93604,100,21156.637537
452.92328,100,21156.637575
516.63477,100,21170.07875
361.51956,100,21170.078898
530.2247,100,21170.078946
441.80872,100,21170.078985
395.48294,100,21181.198992
309.92593,100,21181.19913
479.909,100,21181.199177
589.2958,100,21181.199216
439.6454,100,21192.841939
314.15027,100,21192.842064
556.53253,100,21192.842109
406.82278,100,21192.842148
371.85126,100,21204.401845
498.74542,100,21204.401978
369.25287,100,21204.402023
350.62686,100,21204.402061
550.2829,100,21216.517206
401.7886,100,21216.517355
558.08624,100,21216.517401
476.54895,100,21216.51744
452.01663,100,21228.875478
294.51184,100,21228.875626
560.02,100,21228.875672
423.48672,100,21228.87571
451.69626,100,21241.133481
345.99927,100,21241.133635
463.94763,100,21241.133681
521.07336,100,21241.13372
423.62442,100,21253.51298
402.65228,100,21253.513114
444.98465,100,21253.51316
516.4326,100,21253.513198
427.91553,100,21266.690181
310.92343,100,21266.690325
352.48166,100,21266.690371
461.21985,100,21266.690408
391.09174,100,21281.312871
402.36594,100,21281.31309
378.1834,100,21281.313138
341.0222,100,21281.313178
465.899,100,21297.770962
371.71295,100,21297.771097
319.08762,100,21297.771144
352.46802,100,21297.771183
370.0884,100,21311.78325
387.86398,100,21311.783384
439.79587,100,21311.78343
348.82315,100,21311.783468
486.26627,100,21323.395685
356.33997,100,21323.395832
441.65375,100,21323.395878
453.59015,100,21323.395916
339.44586,100,21334.383303
535.57166,100,21334.383443
348.60052,100,21334.383489
370.5864,100,21334.383528
599.4335,100,21347.665413
352.657,100,21347.665543
336.4174,100,21347.66559
362.93997,100,21347.665629
507.6367,100,21360.308694
426.20822,100,21360.30883
397.1621,100,21360.308876
414.09723,100,21360.308914
389.15265,100,21374.350128
359.56763,100,21374.350274
315.15686,100,21374.35032
404.08386,100,21374.350359
370.35037,100,21387.660146
374.13995,100,21387.66028
425.91537,100,21387.660326
344.38293,100,21387.660366
366.13174,100,21401.826136
570.79767,100,21401.826295
408.7315,100,21401.82635
356.38864,100,21401.826389
452.21057,100,21415.443491
439.57794,100,21415.443637
494.07968,100,21415.443684
582.1498,100,21415.443722
368.85858,100,21429.34245
619.77313,100,21429.342596
364.8412,100,21429.342642
457.03372,100,21429.34268
387.09436,100,21442.463548
340.1956,100,21442.463762
509.1368,100,21442.463811
470.85587,100,21442.46385
595.05005,100,21454.512699
361.63608,100,21454.512862
419.54498,100,21454.51291
307.35956,100,21454.512979
408.4156,100,21464.894582
367.9013,100,21464.894728
521.3131,100,21464.894774
495.35263,100,21464.894812
430.04626,100,21476.973036
395.99768,100,21476.973171
557.17975,100,21476.973217
379.29938,100,21476.973257
385.76718,100,21490.561879
400.0685,100,21490.562013
407.6168,100,21490.562059
528.7588,100,21490.562098
546.6383,100,21502.841456
486.8522,100,21502.841601
441.16098,100,21502.841647
349.1908,100,21502.841686
207.49217,100,21513.767931
330.74948,100,21513.768077
301.70322,100,21513.768123
380.66043,100,21513.768162
333.4837,100,21526.37531
431.21286,100,21526.375454
375.91574,100,21526.3755
369.9131,100,21526.375538
559.8412,100,21541.696675
395.76523,100,21541.696823
467.34378,100,21541.696869
401.41937,100,21541.696908
472.54153,100,21556.20649
388.08047,100,21556.206638
321.7945,100,21556.206684
362.19604,100,21556.206721
544.61896,100,21570.528572
340.28705,100,21570.528699
383.9566,100,21570.528752
335.6367,100,21570.528804
366.092,100,21582.547517
443.27548,100,21582.547662
428.13626,100,21582.547709
343.31265,100,21582.547748
470.9863,100,21596.414421
516.2623,100,21596.414623
561.7164,100,21596.41467
498.68027,100,21596.414708
310.6961,100,21609.206376
391.24817,100,21609.206545
506.93005,100,21609.206592
385.3313,100,21609.20663
379.74185,100,21622.689964
367.5633,100,21622.690104
301.2715,100,21622.690151
353.96555,100,21622.690189
393.8029,100,21633.724274
321.39566,100,21633.724422
310.2365,100,21633.724469
390.40936,100,21633.724508
524.3252,100,21648.885957
440.40982,100,21648.886098
413.82828,100,21648.886144
391.67868,100,21648.886183
496.01834,100,21662.789066
459.9761,100,21662.7892
645.396,100,21662.789246
562.4022,100,21662.789285
332.90485,100,21676.002123
396.4846,100,21676.00227
377.6313,100,21676.002316
306.85544,100,21676.002354
301.11694,100,21687.130189
360.05258,100,21687.130327
305.03897,100,21687.130375
380.56244,100,21687.130415
440.52454,100,21699.497891
409.962,100,21699.498043
311.65244,100,21699.498091
401.59976,100,21699.498132
322.24548,100,21716.523896
443.50064,100,21716.524062
601.15173,100,21716.524109
365.63263,100,21716.524148
367.19168,100,21728.131605
422.50104,100,21728.131757
349.52728,100,21728.131803
384.45856,100,21728.131842
397.48282,100,21741.704398
326.446,100,21741.704549
373.59106,100,21741.704595
445.1551,100,21741.704633
456.25012,100,21753.978473
476.77618,100,21753.978681
339.1878,100,21753.978728
626.07465,100,21753.978767
400.79224,100,21768.195081
375.90082,100,21768.195243
409.88135,100,21768.195288
378.2385,100,21768.195326
332.8163,100,21778.817905
540.7848,100,21778.818037
418.2214,100,21778.818084
362.44998,100,21778.818123
360.5156,100,21790.866829
333.5813,100,21790.866962
465.90576,100,21790.867009
371.24814,100,21790.867048
564.1416,100,21803.33306
426.36646,100,21803.333197
549.8893,100,21803.333242
553.3427,100,21803.33328
394.21188,100,21819.623641
378.0852,100,21819.623779
358.70822,100,21819.623825
508.9489,100,21819.623863
452.5169,100,21830.311763
411.16934,100,21830.311899
377.30258,100,21830.311947
396.19547,100,21830.311986
449.89462,100,21843.32954
366.94092,100,21843.329683
385.59198,100,21843.32973
428.50626,100,21843.329805
439.10135,100,21853.678231
401.55722,100,21853.67836
380.9343,100,21853.678404
423.88092,100,21853.678441
454.04584,100,21866.364078
361.03644,100,21866.364244
398.8923,100,21866.364292
337.1114,100,21866.364331
403.2436,100,21880.993378
482.91638,100,21880.993514
442.2046,100,21880.993561
337.83362,100,21880.9936
411.96887,100,21891.924503
323.4098,100,21891.924637
294.3658,100,21891.924684
364.765,100,21891.924722
387.3239,100,21905.755518
381.29984,100,21905.755723
419.54663,100,21905.755772
494.42725,100,21905.755811
395.18845,100,21918.319735
375.43298,100,21918.319899
577.1477,100,21918.319946
393.27664,100,21918.319985
405.88638,100,21932.40578
369.13458,100,21932.40591
272.59277,100,21932.405956
425.71835,100,21932.405996
358.20792,100,21942.883254
354.37735,100,21942.883394
349.66806,100,21942.883438
364.9408,100,21942.883476
608.1098,100,21954.599772
327.89465,100,21954.599929
379.36713,100,21954.599976
385.6289,100,21954.600016
563.9663,100,21967.072382
398.1845,100,21967.072548
424.15265,100,21967.072594
488.68567,100,21967.072633
361.16605,100,21979.04461
372.79483,100,21979.044744
442.63846,100,21979.04479
397.06787,100,21979.044828
328.18216,100,21991.797716
467.7105,100,21991.797884
406.40283,100,21991.797933
391.96228,100,21991.797974
325.16272,100,22002.317225
327.28763,100,22002.317371
319.3699,100,22002.31742
419.05164,100,22002.31746
275.89487,100,22013.791503
307.1858,100,22013.791637
325.39807,100,22013.791683
342.3667,100,22013.791721
399.51627,100,22028.204088
382.74362,100,22028.204266
393.25052,100,22028.204314
457.20627,100,22028.204354
481.972,100,22040.003303
335.7946,100,22040.003483
363.8722,100,22040.003531
334.40878,100,22040.003571
376.36438,100,22053.954939
368.73523,100,22053.955062
481.0402,100,22053.955109
353.07275,100,22053.955147
268.12964,100,22067.846807
452.24265,100,22067.846943
372.31964,100,22067.84699
414.31076,100,22067.84703
326.832,100,22081.123595
433.02426,100,22081.123734
370.61633,100,22081.123782
389.00922,100,22081.123821
390.122,100,22096.528567
424.92426,100,22096.528705
402.23523,100,22096.528751
405.17334,100,22096.52879
342.51398,100,22107.95928
366.2118,100,22107.959413
610.58527,100,22107.959461
459.4133,100,22107.959501
413.1021,100,22119.564694
337.63922,100,22119.564834
525.3236,100,22119.564882
494.93158,100,22119.564921
608.67206,100,22130.463814
340.30652,100,22130.463955
306.10635,100,22130.464002
399.3127,100,22130.464041
336.5161,100,22143.438026
420.2847,100,22143.43817
340.26282,100,22143.438218
437.7196,100,22143.438258
374.67612,100,22156.243859
382.9833,100,22156.244026
352.05524,100,22156.244074
394.98184,100,22156.244114
316.33774,100,22168.962715
331.27203,100,22168.962865
612.22974,100,22168.962914
376.50504,100,22168.962955
381.82892,100,22182.876006
375.9038,100,22182.876191
405.29648,100,22182.87624
330.93655,100,22182.87628
391.35675,100,22197.806392
368.76117,100,22197.806599
388.6519,100,22197.806648
383.76044,100,22197.806689
483.09058,100,22209.212591
328.84586,100,22209.212727
322.24408,100,22209.212775
338.43576,100,22209.212814
359.41077,100,22221.990826
321.06778,100,22221.990968
342.1694,100,22221.991016
532.11975,100,22221.991056
564.90466,100,22237.840023
408.38287,100,22237.840169
439.0525,100,22237.840219
374.23346,100,22237.840259
355.28018,100,22249.97343
384.94437,100,22249.973574
353.40515,100,22249.973623
402.7721,100,22249.973664
314.9955,100,22265.500314
436.03867,100,22265.500468
493.02753,100,22265.500517
320.86948,100,22265.500558
564.52844,100,22278.400648
382.27716,100,22278.400806
384.93115,100,22278.400854
600.6699,100,22278.400893
496.6976,100,22291.83466
424.91968,100,22291.8348
447.7989,100,22291.834848
394.60068,100,22291.834888
353.92917,100,22303.856582
379.27615,100,22303.856719
480.6506,100,22303.856765
369.19907,100,22303.856803
503.25763,100,22317.47977
518.69147,100,22317.479932
336.41678,100,22317.47998
406.8514,100,22317.480019
384.6152,100,22330.922764
414.73407,100,22330.922905
362.25577,100,22330.922952
304.83075,100,22330.92299
392.73233,100,22342.727839
583.633,100,22342.728065
550.26904,100,22342.728113
623.5172,100,22342.728153
340.0605,100,22355.768032
468.10315,100,22355.768169
382.64957,100,22355.768216
392.0934,100,22355.768256
364.6271,100,22367.385523
361.77435,100,22367.385661
322.4329,100,22367.385709
345.9899,100,22367.385773
351.29544,100,22379.349038
434.8252,100,22379.349194
324.77563,100,22379.349242
365.86313,100,22379.349283
380.67462,100,22392.415983
326.55545,100,22392.416126
408.2605,100,22392.416174
323.47513,100,22392.416213
362.27997,100,22404.407302
381.30862,100,22404.40745
387.1337,100,22404.407497
502.11615,100,22404.407536
341.3145,100,22416.619652
439.8475,100,22416.619822
407.8735,100,22416.619869
367.6424,100,22416.619908
402.2602,100,22431.961446
336.19147,100,22431.961593
509.9834,100,22431.961641
378.44836,100,22431.961679
389.87265,100,22444.140988
349.26547,100,22444.141159
344.96252,100,22444.141207
321.9838,100,22444.141247
531.87634,100,22455.441787
467.98624,100,22455.441934
340.99268,100,22455.441982
386.33432,100,22455.442021
396.76096,100,22470.683199
308.34882,100,22470.683347
490.8567,100,22470.683394
356.29498,100,22470.683433
387.45294,100,22486.030359
396.00656,100,22486.030574
646.3145,100,22486.030622
422.99646,100,22486.030661
375.62592,100,22496.33263
413.81635,100,22496.332791
373.17627,100,22496.332836
431.45673,100,22496.332874
317.7127,100,22508.598081
364.86694,100,22508.598219
378.3574,100,22508.598267
346.3052,100,22508.598307
290.3623,100,22519.139492
386.97998,100,22519.13964
396.40842,100,22519.139687
378.6494,100,22519.139727
381.8052,100,22534.037231
378.25482,100,22534.037382
382.43826,100,22534.03743
390.79825,100,22534.037469
506.70206,100,22545.119729
389.40955,100,22545.119865
329.12036,100,22545.119913
334.16782,100,22545.119952
455.8686,100,22555.55885
292.02255,100,22555.558987
337.36365,100,22555.559044
486.9477,100,22555.559083
343.31357,100,22566.211682
357.45966,100,22566.21183
427.56415,100,22566.211884
366.76794,100,22566.211936
369.13882,100,22577.731976
444.9986,100,22577.732122
318.30853,100,22577.732169
304.55844,100,22577.732208
537.645,100,22589.078409
340.37982,100,22589.078544
415.3129,100,22589.078591
611.32465,100,22589.07863
381.80316,100,22605.397815
508.89932,100,22605.397972
409.45505,100,22605.398019
344.77628,100,22605.398057
387.25427,100,22617.778059
378.7493,100,22617.778278
490.08975,100,22617.778327
404.90115,100,22617.778367
385.94315,100,22631.970544
410.48282,100,22631.970702
498.4691,100,22631.97075
409.5544,100,22631.97079
300.44046,100,22642.610087
350.22174,100,22642.610234
319.68436,100,22642.610281
401.22244,100,22642.610318
457.07553,100,22657.168142
429.41943,100,22657.168288
339.98566,100,22657.168335
390.82825,100,22657.168374
392.56165,100,22669.993513
540.4636,100,22669.993661
370.34924,100,22669.993708
250.32156,100,22669.993773
370.64478,100,22684.581609
375.20905,100,22684.581771
469.93506,100,22684.581827
244.85387,100,22684.581869
524.59937,100,22701.067455
386.92957,100,22701.067595
429.17038,100,22701.067644
460.88553,100,22701.067684
403.8994,100,22714.046623
432.1915,100,22714.046766
370.2997,100,22714.046813
487.9458,100,22714.046851
571.16455,100,22727.247676
450.17297,100,22727.24782
489.94626,100,22727.247869
353.14856,100,22727.247909
373.03717,100,22743.582635
396.02884,100,22743.582768
341.41357,100,22743.582815
397.60437,100,22743.582855
382.37723,100,22757.844149
555.72015,100,22757.844309
492.56393,100,22757.844357
513.40894,100,22757.844396
327.94116,100,22770.484529
380.70383,100,22770.484663
470.55078,100,22770.48471
396.63605,100,22770.484749
287.8918,100,22783.190312
393.38434,100,22783.190493
632.58105,100,22783.190542
557.87585,100,22783.190582
439.6411,100,22794.803365
342.224,100,22794.803573
455.53802,100,22794.803622
390.58472,100,22794.803662
514.8836,100,22809.059347
458.82565,100,22809.05949
573.38525,100,22809.059545
548.81036,100,22809.059597
442.22656,100,22822.826752
606.4588,100,22822.826903
559.3523,100,22822.826952
342.7454,100,22822.826992
538.5493,100,22839.040928
373.28473,100,22839.041072
379.10028,100,22839.04112
324.06686,100,22839.04116
562.6561,100,22851.795945
451.4157,100,22851.796067
404.23688,100,22851.796115
381.1919,100,22851.796156
441.00937,100,22867.118399
424.0242,100,22867.118529
454.0468,100,22867.118576
396.65927,100,22867.118615
405.96887,100,22877.902009
383.5053,100,22877.902154
348.74777,100,22877.902202
442.07474,100,22877.902242
437.6486,100,22889.106827
406.80725,100,22889.106973
381.3222,100,22889.107022
351.13947,100,22889.107061
202.74976,100,22906.390661
574.8838,100,22906.390838
366.93268,100,22906.390887
376.34634,100,22906.390927
374.35074,100,22917.55397
364.98276,100,22917.55413
494.88007,100,22917.554178
325.3631,100,22917.554219
446.14648,100,22931.893374
323.53406,100,22931.89352
364.22275,100,22931.893568
526.02405,100,22931.893608
417.51715,100,22943.264543
453.45535,100,22943.26469
537.887,100,22943.264738
342.1686,100,22943.264778
359.59872,100,22956.120866
304.51987,100,22956.121101
355.0811,100,22956.121151
421.60364,100,22956.121192
485.48834,100,22968.562234
377.83173,100,22968.562374
353.04077,100,22968.562421
367.55893,100,22968.562459
380.54507,100,22982.851914
415.865,100,22982.852063
383.99478,100,22982.852109
355.88065,100,22982.852148
344.7496,100,22996.509993
376.65173,100,22996.510138
590.1763,100,22996.510184
378.7523,100,22996.510223
456.00922,100,23011.056633
473.9029,100,23011.056766
360.31122,100,23011.056812
270.49182,100,23011.056851
502.26053,100,23025.182539
544.4986,100,23025.18268
390.38977,100,23025.182727
416.47867,100,23025.182765
394.81372,100,23038.555716
458.37494,100,23038.555868
379.71722,100,23038.555917
361.20178,100,23038.555957
359.37466,100,23051.59408
397.76978,100,23051.594207
387.5138,100,23051.594254
323.50574,100,23051.594293
362.0426,100,23064.209066
369.75372,100,23064.209215
319.02472,100,23064.209264
379.2033,100,23064.209304
371.55258,100,23077.450448
384.6137,100,23077.450608
384.62677,100,23077.450657
346.0356,100,23077.450699
426.69437,100,23091.593581
347.26065,100,23091.593722
514.1802,100,23091.593793
567.42786,100,23091.593837
353.08255,100,23105.933481
354.24252,100,23105.933659
573.81494,100,23105.933708
346.78082,100,23105.933774
385.7083,100,23119.757212
583.8977,100,23119.757406
366.69305,100,23119.757455
336.6108,100,23119.757495
312.54584,100,23130.730865
345.73004,100,23130.731008
385.4791,100,23130.731055
344.18466,100,23130.731094
395.3814,100,23146.044413
354.9148,100,23146.044557
408.5788,100,23146.044605
461.64606,100,23146.044646
370.2091,100,23161.528734
396.8009,100,23161.528872
384.40338,100,23161.52892
424.48865,100,23161.528961
408.0125,100,23175.323588
400.40265,100,23175.323741
495.74954,100,23175.32379
434.25845,100,23175.323831
439.37878,100,23189.627781
606.9638,100,23189.62793
389.63342,100,23189.627979
379.3169,100,23189.628018
445.7782,100,23201.789297
388.775,100,23201.789438
476.8377,100,23201.789487
332.46393,100,23201.789526
422.68063,100,23212.928614
335.09186,100,23212.92876
398.24033,100,23212.928809
340.1839,100,23212.92885
417.60696,100,23227.444238
397.7685,100,23227.444385
392.64084,100,23227.444433
367.53708,100,23227.444474
519.7142,100,23240.15215
511.432,100,23240.152315
340.3553,100,23240.152362
470.6222,100,23240.152401
458.1905,100,23255.405326
369.37222,100,23255.405473
625.15845,100,23255.405522
257.71704,100,23255.405563
397.3252,100,23270.782812
350.1925,100,23270.782999
426.1179,100,23270.78305
484.76953,100,23270.78309
498.91513,100,23287.080816
316.54077,100,23287.081025
440.97632,100,23287.081074
651.865,100,23287.081114
344.89706,100,23297.929537
367.01605,100,23297.92968
360.9555,100,23297.929727
433.3895,100,23297.929798
380.07877,100,23313.045725
401.38016,100,23313.045883
382.22165,100,23313.045933
332.70752,100,23313.045974
401.123,100,23324.986614
382.7508,100,23324.986748
408.64102,100,23324.986794
418.4162,100,23324.986835
342.9,100,23340.440455
509.68152,100,23340.440593
530.1012,100,23340.440643
488.73233,100,23340.440684
371.73578,100,23355.263342
391.9057,100,23355.263481
377.57153,100,23355.263527
546.9592,100,23355.263567
376.67438,100,23369.196918
468.25317,100,23369.19705
508.05484,100,23369.197098
421.85675,100,23369.197139
337.2351,100,23383.741347
432.65146,100,23383.741491
516.0152,100,23383.741538
413.13995,100,23383.741579
354.25897,100,23396.180285
493.7357,100,23396.180427
462.31628,100,23396.180474
382.7285,100,23396.180514
383.0167,100,23410.821223
452.9482,100,23410.821383
308.51303,100,23410.821466
302.81927,100,23410.821509
357.80612,100,23424.402411
384.45755,100,23424.402545
348.5323,100,23424.402593
377.39807,100,23424.402633
385.07513,100,23440.912758
364.4893,100,23440.912967
301.80606,100,23440.913017
575.0103,100,23440.913058
363.76596,100,23455.577547
502.8032,100,23455.577708
416.12057,100,23455.57778
630.59937,100,23455.577826
445.1922,100,23468.682959
442.126,100,23468.683112
481.5981,100,23468.68316
523.60156,100,23468.6832
513.33856,100,23482.535931
428.99368,100,23482.536066
581.7123,100,23482.536113
503.0698,100,23482.536152
524.0206,100,23493.810092
452.62408,100,23493.81024
365.98425,100,23493.810287
398.24228,100,23493.810326
561.1981,100,23506.114551
376.86136,100,23506.114693
561.5676,100,23506.11474
455.24823,100,23506.114781
468.7421,100,23520.640646
497.97342,100,23520.640783
500.90222,100,23520.64083
381.7242,100,23520.64087
356.46567,100,23533.425925
395.7504,100,23533.42607
415.62073,100,23533.426124
379.4028,100,23533.426165
350.11014,100,23545.495064
432.09634,100,23545.495219
516.26306,100,23545.495267
404.72754,100,23545.495307
307.94324,100,23558.369689
388.46658,100,23558.36987
525.47144,100,23558.369918
341.3514,100,23558.369957
585.6593,100,23572.31478
315.3513,100,23572.314911
392.5582,100,23572.314957
474.6885,100,23572.314996
558.18616,100,23583.901562
360.28928,100,23583.901754
426.99744,100,23583.901812
389.4745,100,23583.901855
390.43616,100,23600.178684
385.99167,100,23600.178893
554.5432,100,23600.178943
308.92566,100,23600.178984
396.6879,100,23614.747116
329.2226,100,23614.747253
456.1556,100,23614.747301
345.0616,100,23614.747341
408.11398,100,23629.804698
434.16177,100,23629.804833
396.8607,100,23629.80488
356.08148,100,23629.804919
393.09903,100,23644.286443
407.09467,100,23644.286581
426.53476,100,23644.286629
444.12955,100,23644.28667
413.11337,100,23657.540217
460.63034,100,23657.540358
393.81683,100,23657.540406
359.90857,100,23657.540446
613.8186,100,23669.268315
367.9208,100,23669.268469
364.31277,100,23669.268518
368.46844,100,23669.268559
466.51807,100,23681.930328
359.34283,100,23681.930481
351.679,100,23681.930529
351.93143,100,23681.930569
536.5304,100,23693.137335
277.73083,100,23693.137481
376.80615,100,23693.137529
599.3805,100,23693.137568
418.31485,100,23703.700608
373.41516,100,23703.700752
418.69492,100,23703.7008
306.79602,100,23703.70084
446.92108,100,23722.244567
631.12415,100,23722.244735
331.5464,100,23722.244782
476.3795,100,23722.244821
387.93857,100,23736.198133
381.58456,100,23736.198271
372.79166,100,23736.198319
375.71893,100,23736.198359
297.92007,100,23751.994291
467.9279,100,23751.99444
364.49072,100,23751.994487
358.20706,100,23751.994526
483.17596,100,23766.364689
434.5678,100,23766.364934
336.97046,100,23766.364983
334.06668,100,23766.365024
532.5059,100,23778.059028
370.83646,100,23778.059169
416.7766,100,23778.059217
368.17218,100,23778.059256
350.1451,100,23790.667224
537.83545,100,23790.667361
483.55508,100,23790.66741
365.11237,100,23790.66745
352.70227,100,23802.483964
353.35596,100,23802.484102
550.7674,100,23802.484149
528.58514,100,23802.48419
569.665,100,23817.842824
366.02307,100,23817.842973
565.63965,100,23817.843022
407.04785,100,23817.843061
543.4229,100,23833.370464
334.42868,100,23833.370614
394.0614,100,23833.370662
352.60574,100,23833.370701
485.40582,100,23846.27767
424.02094,100,23846.27784
442.89743,100,23846.27789
473.46695,100,23846.27793
405.3342,100,23857.775813
371.74124,100,23857.775948
346.95984,100,23857.775995
399.0982,100,23857.776034
351.2406,100,23871.680429
376.2415,100,23871.680568
393.64142,100,23871.680614
321.4586,100,23871.680652
401.69742,100,23886.678263
531.84644,100,23886.678426
547.2827,100,23886.678474
384.80933,100,23886.678515
551.35706,100,23899.819534
308.46558,100,23899.819684
518.3795,100,23899.819732
408.7589,100,23899.819773
510.5472,100,23915.485866
626.539,100,23915.486026
380.0385,100,23915.486076
388.92715,100,23915.486116
394.9976,100,23927.043103
449.9312,100,23927.043302
535.74634,100,23927.043352
406.91162,100,23927.043394
361.66803,100,23939.424573
351.40494,100,23939.424726
368.0243,100,23939.424775
384.05365,100,23939.424815
405.6252,100,23953.529479
372.98495,100,23953.529617
398.5614,100,23953.529665
432.4348,100,23953.529705
393.12173,100,23968.198598
359.97263,100,23968.198738
405.16693,100,23968.198785
537.7117,100,23968.198825
539.7335,100,23979.847921
376.7137,100,23979.848071
585.55396,100,23979.848119
366.61035,100,23979.848159
397.53702,100,23993.021892
432.44308,100,23993.022047
292.24185,100,23993.022095
520.3357,100,23993.022135
537.5611,100,24006.262732
378.4821,100,24006.262883
594.4507,100,24006.262931
403.57056,100,24006.26297
388.89462,100,24020.607085
404.29028,100,24020.607229
389.95877,100,24020.607277
523.4173,100,24020.607316
428.20715,100,24031.185063
183.79762,100,24031.185209
374.42465,100,24031.185256
431.1426,100,24031.185296
314.82675,100,24043.327456
423.93604,100,24043.327615
396.0312,100,24043.327663
395.7281,100,24043.327703
401.6647,100,24058.93331
513.9686,100,24058.933462
338.99036,100,24058.93351
535.85223,100,24058.933551
450.4494,100,24073.067394
364.55255,100,24073.067599
354.51917,100,24073.067647
324.27774,100,24073.067685
346.7844,100,24084.633815
582.2907,100,24084.633979
498.95853,100,24084.634026
305.30368,100,24084.634065
506.68506,100,24097.309908
407.23737,100,24097.310055
338.009,100,24097.310104
386.9332,100,24097.310143
611.13965,100,24111.24185
395.92087,100,24111.241999
515.40405,100,24111.242047
387.23187,100,24111.242088
409.7366,100,24125.542244
372.20975,100,24125.542377
525.7056,100,24125.542425
380.0071,100,24125.542465
353.4049,100,24136.950995
526.38043,100,24136.951146
366.54333,100,24136.951194
380.94165,100,24136.951234
396.10242,100,24151.257725
404.55295,100,24151.257888
354.98193,100,24151.257936
495.45642,100,24151.257976
274.40442,100,24162.479132
386.05328,100,24162.479288
381.33438,100,24162.479337
409.4557,100,24162.479377
366.11603,100,24175.874545
530.3666,100,24175.874682
590.948,100,24175.87473
481.06854,100,24175.874769
392.3207,100,24187.68948
343.19135,100,24187.689627
452.5435,100,24187.689672
344.9384,100,24187.689709
385.1623,100,24204.977682
441.2585,100,24204.97787
520.9444,100,24204.97792
356.92175,100,24204.977961
420.9815,100,24215.901671
420.09854,100,24215.901867
331.17947,100,24215.901917
545.124,100,24215.901956
530.30176,100,24226.668299
429.77225,100,24226.668503
337.6734,100,24226.66855
398.61368,100,24226.66859
374.44034,100,24240.466326
268.0705,100,24240.466458
584.6548,100,24240.466505
454.4634,100,24240.466544
364.82852,100,24252.068091
384.31845,100,24252.068228
410.04572,100,24252.068275
380.23767,100,24252.068314
559.90955,100,24265.996209
287.72195,100,24265.996345
550.90015,100,24265.996392
458.77747,100,24265.996432
523.5956,100,24279.198845
521.8273,100,24279.198981
380.4378,100,24279.199028
409.76468,100,24279.199068
322.94824,100,24289.796382
598.6336,100,24289.796533
404.5005,100,24289.796582
395.1119,100,24289.796622
404.91516,100,24305.587427
382.57077,100,24305.587562
438.02826,100,24305.58761
476.90417,100,24305.587651
468.52148,100,24321.065872
372.45148,100,24321.06602
362.21347,100,24321.066068
432.87668,100,24321.066108
339.61615,100,24334.63946
402.1367,100,24334.639616
386.3392,100,24334.639662
386.93622,100,24334.639702
426.00156,100,24345.684042
540.98474,100,24345.684202
360.16235,100,24345.684251
365.85522,100,24345.684291
406.82605,100,24361.713063
324.75134,100,24361.713211
477.94034,100,24361.713258
377.07822,100,24361.713297
357.4745,100,24375.059806
433.0024,100,24375.059955
394.526,100,24375.060003
369.03427,100,24375.060042
311.40442,100,24385.969614
329.27573,100,24385.969848
395.98926,100,24385.969899
586.3959,100,24385.969939
447.28607,100,24399.649986
382.64792,100,24399.650141
410.82315,100,24399.65019
367.34885,100,24399.65023
421.0544,100,24411.26891
377.7209,100,24411.269041
593.7061,100,24411.269088
383.2309,100,24411.269126
366.93192,100,24422.335607
289.91705,100,24422.335747
369.98016,100,24422.335798
296.50287,100,24422.335855
478.00238,100,24433.028018
449.97702,100,24433.028171
309.47458,100,24433.028219
410.2703,100,24433.028259
368.31155,100,24445.431035
327.72855,100,24445.431186
352.73196,100,24445.431234
368.05106,100,24445.431274
615.6794,100,24458.168973
413.27545,100,24458.169211
530.98944,100,24458.16926
329.35913,100,24458.1693
665.39124,100,24471.755195
323.5141,100,24471.755445
476.53915,100,24471.755495
549.42755,100,24471.755534
464.85187,100,24484.589729
381.05878,100,24484.589998
392.4403,100,24484.590048
400.03262,100,24484.590089
450.40433,100,24497.085144
325.41336,100,24497.085385
339.98804,100,24497.085435
388.39084,100,24497.085476
408.6032,100,24511.261411
434.48898,100,24511.261646
547.4856,100,24511.261694
406.12466,100,24511.26175
380.93127,100,24525.506599
438.35217,100,24525.506841
386.83865,100,24525.50689
280.0624,100,24525.506931
505.16595,100,24539.194008
296.57693,100,24539.194145
377.90454,100,24539.194194
487.1167,100,24539.194235
390.49167,100,24550.185624
296.67862,100,24550.185889
516.938,100,24550.185938
481.35687,100,24550.185978
347.07172,100,24562.759207
405.293,100,24562.759357
378.0722,100,24562.759405
388.15466,100,24562.759444
357.7424,100,24574.051976
338.82602,100,24574.052104
545.96497,100,24574.05215
509.63553,100,24574.052189
500.76852,100,24584.954539
349.48773,100,24584.9547
393.70398,100,24584.954747
563.6503,100,24584.954785
385.50928,100,24596.933502
271.88712,100,24596.933755
369.2803,100,24596.933816
383.82553,100,24596.93386
490.13507,100,24610.054344
404.05774,100,24610.054494
319.57852,100,24610.054542
389.49023,100,24610.054582
349.92133,100,24620.962416
312.97815,100,24620.962551
345.3242,100,24620.962598
363.09064,100,24620.962637
353.5979,100,24632.116511
346.17358,100,24632.116661
362.3694,100,24632.116708
345.3846,100,24632.116747
367.02066,100,24643.008805
372.4028,100,24643.008953
363.68524,100,24643.009002
380.8778,100,24643.009043
357.78918,100,24655.065956
570.59705,100,24655.066101
341.31247,100,24655.066146
370.4223,100,24655.066184
413.29782,100,24666.559896
388.96906,100,24666.560059
501.22766,100,24666.560105
445.90085,100,24666.560142
347.5102,100,24684.246951
366.26123,100,24684.247177
511.18237,100,24684.247226
473.50607,100,24684.247266
373.33484,100,24695.443247
399.8827,100,24695.443391
443.1328,100,24695.443439
322.45627,100,24695.443477
526.3064,100,24710.02412
482.59058,100,24710.02426
453.58527,100,24710.024307
427.8806,100,24710.024346
436.87665,100,24722.963274
410.1444,100,24722.963428
396.22464,100,24722.963476
413.66458,100,24722.963516
449.08966,100,24735.855184
427.51968,100,24735.855324
339.11777,100,24735.855371
396.71542,100,24735.855411
466.08395,100,24748.511406
444.7031,100,24748.511554
391.84235,100,24748.511601
334.74554,100,24748.511641
379.58173,100,24760.611225
357.1301,100,24760.611371
341.2494,100,24760.611417
297.25278,100,24760.611454
368.0938,100,24771.617951
617.4202,100,24771.618098
503.99374,100,24771.618144
387.13843,100,24771.618182
373.36328,100,24783.90503
324.41458,100,24783.905179
526.9825,100,24783.905226
334.75696,100,24783.905266
636.22595,100,24795.028747
413.42874,100,24795.028897
359.3607,100,24795.028944
358.76062,100,24795.028983
468.4205,100,24809.582909
364.49353,100,24809.583044
422.04965,100,24809.583091
342.29834,100,24809.583129
421.58783,100,24822.646713
389.65848,100,24822.646889
398.94492,100,24822.646938
438.82745,100,24822.646979
457.7833,100,24834.99004
362.66083,100,24834.990233
359.83057,100,24834.99028
388.97107,100,24834.990319
550.98846,100,24846.435575
449.41168,100,24846.435717
469.41684,100,24846.435765
374.40076,100,24846.435808
364.05466,100,24859.799227
458.50165,100,24859.799361
340.32166,100,24859.79941
353.33786,100,24859.799451
348.08762,100,24872.01092
301.61673,100,24872.011093
431.10205,100,24872.011143
405.54086,100,24872.011183
396.2805,100,24886.641762
364.2359,100,24886.641908
581.59644,100,24886.641956
405.1429,100,24886.641996
327.29852,100,24899.822986
459.00797,100,24899.823125
399.66263,100,24899.823173
363.47778,100,24899.823212
407.4231,100,24913.066298
371.6841,100,24913.066446
364.3526,100,24913.066494
388.7289,100,24913.066533
501.98624,100,24926.864289
375.62534,100,24926.864438
572.1699,100,24926.864486
335.51828,100,24926.864526
346.4146,100,24940.447647
353.5618,100,24940.447782
487.71796,100,24940.44783
322.92334,100,24940.44787
327.94092,100,24951.754098
366.86496,100,24951.754256
346.52792,100,24951.754302
393.6026,100,24951.75434
422.12216,100,24966.887364
511.31693,100,24966.887511
570.9184,100,24966.887558
455.52283,100,24966.887597
432.3121,100,24980.631028
520.9485,100,24980.631201
335.14804,100,24980.63125
424.6627,100,24980.631291
559.181,100,24993.447196
378.12415,100,24993.447407
133.55316,100,24993.447455
538.88556,100,24993.447493
366.97437,100,25007.469443
383.21307,100,25007.469589
355.24054,100,25007.469636
319.6889,100,25007.469675
375.35016,100,25021.366888
308.23822,100,25021.36703
385.45715,100,25021.367077
527.1953,100,25021.367117
419.3927,100,25033.321217
450.93802,100,25033.321367
517.99243,100,25033.321414
393.04358,100,25033.321453
458.2462,100,25047.300334
578.5208,100,25047.300498
321.18594,100,25047.300547
349.50616,100,25047.300586
497.01523,100,25062.557358
393.0734,100,25062.557492
470.63907,100,25062.55754
414.2399,100,25062.557579
395.8491,100,25079.776952
375.1516,100,25079.777102
428.37192,100,25079.777149
494.98288,100,25079.777189
497.8803,100,25096.108867
394.88593,100,25096.109008
460.4962,100,25096.109055
319.5627,100,25096.109093
352.7979,100,25107.458886
361.49466,100,25107.459083
362.0767,100,25107.459132
434.83524,100,25107.459173
383.5977,100,25119.392318
435.0335,100,25119.392522
353.51343,100,25119.392571
401.43454,100,25119.392611
346.91656,100,25133.152541
378.2145,100,25133.152689
598.6092,100,25133.152736
447.04428,100,25133.152775
321.18802,100,25144.087339
404.84906,100,25144.087491
589.45593,100,25144.087538
365.33475,100,25144.087577
522.7283,100,25157.356258
326.7515,100,25157.356405
345.5076,100,25157.356453
392.78546,100,25157.356492
398.976,100,25170.346316
414.0407,100,25170.346453
348.91006,100,25170.3465
571.54956,100,25170.34654
542.0953,100,25184.929304
357.34595,100,25184.92945
331.8798,100,25184.929499
596.1953,100,25184.929539
378.41577,100,25198.051889
392.29623,100,25198.052034
365.74924,100,25198.052082
418.98944,100,25198.052123
372.1924,100,25210.011102
408.97836,100,25210.011248
388.2475,100,25210.011295
311.62573,100,25210.011334
332.41867,100,25221.265312
352.30988,100,25221.265457
424.39963,100,25221.265504
434.50302,100,25221.265543
486.13364,100,25238.071312
386.4123,100,25238.071483
418.69553,100,25238.071531
573.30444,100,25238.071572
354.0342,100,25248.858734
315.2636,100,25248.858883
423.9744,100,25248.858927
570.4318,100,25248.858965
371.61633,100,25261.112095
372.38098,100,25261.112333
367.54657,100,25261.112383
510.13046,100,25261.112423
384.12402,100,25272.585227
455.0217,100,25272.585382
365.2453,100,25272.58543
390.51782,100,25272.58547
382.1909,100,25286.889655
310.05295,100,25286.88982
315.52197,100,25286.889871
522.9358,100,25286.889912
360.80267,100,25299.029789
341.18378,100,25299.029944
354.86908,100,25299.029992
530.5988,100,25299.030032
366.51016,100,25313.288944
399.74234,100,25313.289093
414.91595,100,25313.289142
409.66,100,25313.289181
336.38882,100,25327.315419
364.67715,100,25327.315569
427.914,100,25327.315618
447.4997,100,25327.315659
428.24146,100,25342.696649
358.72067,100,25342.696803
504.9391,100,25342.696851
416.30292,100,25342.69689
570.73035,100,25354.038249
411.5095,100,25354.038393
488.81183,100,25354.038441
547.394,100,25354.038482
408.42743,100,25364.784868
364.27457,100,25364.785045
533.8257,100,25364.785125
383.8089,100,25364.785169
384.03864,100,25376.929088
353.41412,100,25376.929236
511.95782,100,25376.929285
533.8781,100,25376.929326
378.23154,100,25392.171704
398.60132,100,25392.171903
385.08087,100,25392.171954
363.5281,100,25392.171996
463.51178,100,25407.077878
359.236,100,25407.078084
344.39792,100,25407.078134
529.628,100,25407.078175
340.38528,100,25420.056087
371.67474,100,25420.056232
364.07324,100,25420.05628
449.43582,100,25420.05632
405.1491,100,25431.048867
427.25568,100,25431.049022
399.04343,100,25431.04907
397.4974,100,25431.04911
383.27444,100,25445.412425
363.64636,100,25445.412571
484.63373,100,25445.41262
370.1968,100,25445.41266
347.2952,100,25458.977082
346.13922,100,25458.977229
471.37277,100,25458.977278
339.36087,100,25458.977318
455.881,100,25471.795681
474.00577,100,25471.795834
347.70847,100,25471.795883
405.79132,100,25471.795924
433.46454,100,25486.448407
428.39127,100,25486.44856
531.28766,100,25486.448607
437.12128,100,25486.448646
420.02985,100,25502.160678
409.66473,100,25502.160827
385.84448,100,25502.160874
480.30136,100,25502.160913
526.28357,100,25512.622336
443.02826,100,25512.622483
395.64774,100,25512.62253
384.0405,100,25512.62257
365.21457,100,25525.626085
383.72287,100,25525.626256
363.4337,100,25525.626303
500.4759,100,25525.626343
442.04758,100,25539.46366
447.1002,100,25539.463803
421.04453,100,25539.463849
356.1951,100,25539.463889
454.93292,100,25554.156107
434.41702,100,25554.156293
403.6376,100,25554.156341
470.84735,100,25554.15638
387.63892,100,25569.168688
333.4889,100,25569.168892
301.19354,100,25569.16894
518.1068,100,25569.168978
372.9685,100,25580.76539
344.80957,100,25580.765541
354.65274,100,25580.76559
354.13086,100,25580.765631
566.3124,100,25592.029659
320.1078,100,25592.029827
349.4548,100,25592.029876
380.13547,100,25592.029916
351.76105,100,25604.58751
349.76242,100,25604.587653
340.44943,100,25604.587699
412.84833,100,25604.587738
332.68985,100,25619.123962
390.03363,100,25619.124114
371.50632,100,25619.124162
382.0958,100,25619.124201
407.06097,100,25633.841084
398.9251,100,25633.841229
450.73538,100,25633.841276
379.41782,100,25633.841315
370.86453,100,25646.945537
552.0027,100,25646.945684
436.28506,100,25646.945731
542.1603,100,25646.945801
503.33435,100,25663.463347
454.2444,100,25663.463492
414.504,100,25663.463539
571.91486,100,25663.463578
418.42957,100,25675.742297
364.01242,100,25675.742448
355.70612,100,25675.742495
387.32416,100,25675.742535
583.8966,100,25689.732476
602.97034,100,25689.732641
420.46597,100,25689.732688
569.6991,100,25689.732728
369.74338,100,25702.901584
339.34674,100,25702.90173
390.70187,100,25702.901804
382.97012,100,25702.901848
393.7661,100,25718.151
560.10004,100,25718.151184
543.53516,100,25718.151232
446.20282,100,25718.151272
416.22946,100,25730.261055
334.73685,100,25730.26126
563.6086,100,25730.261308
364.5702,100,25730.261348
543.65234,100,25741.179987
502.57156,100,25741.180125
395.7941,100,25741.18017
406.99094,100,25741.180208
418.19922,100,25754.493108
362.51526,100,25754.493254
359.3514,100,25754.493303
437.54025,100,25754.493343
357.3825,100,25767.047311
347.32538,100,25767.047451
379.389,100,25767.047498
514.2344,100,25767.047536
315.81766,100,25780.356257
377.2588,100,25780.356399
432.98007,100,25780.356447
360.22696,100,25780.356485
377.62463,100,25790.962759
352.68393,100,25790.962903
450.52014,100,25790.962951
359.6455,100,25790.962991
386.4657,100,25803.50148
540.23254,100,25803.501628
379.33423,100,25803.501675
260.9061,100,25803.501714
395.58487,100,25816.686364
364.18964,100,25816.686511
431.11218,100,25816.68656
334.8587,100,25816.6866
383.0097,100,25829.352734
331.219,100,25829.352873
576.6233,100,25829.352921
434.6327,100,25829.35296
498.13834,100,25842.918215
344.61313,100,25842.918375
368.56223,100,25842.918421
378.61166,100,25842.918459
371.67584,100,25858.141916
535.89185,100,25858.142058
360.9156,100,25858.142104
483.50757,100,25858.142156
403.49326,100,25873.067576
337.6327,100,25873.067762
395.0824,100,25873.067811
380.39215,100,25873.067852
329.80588,100,25888.148486
531.6723,100,25888.148681
376.537,100,25888.148728
410.52646,100,25888.148766
389.59286,100,25903.169342
371.24466,100,25903.169484
363.29193,100,25903.16953
394.3818,100,25903.169569
374.50375,100,25916.465529
379.68787,100,25916.465674
393.95847,100,25916.465719
378.87988,100,25916.465788
510.2976,100,25928.008122
407.30063,100,25928.008272
307.6914,100,25928.008318
357.25797,100,25928.008356
462.8078,100,25940.878282
379.75458,100,25940.878427
326.0842,100,25940.878474
456.6666,100,25940.878514
398.89352,100,25952.124419
582.7892,100,25952.124567
459.373,100,25952.124613
336.39157,100,25952.124651
345.06317,100,25964.726551
369.58954,100,25964.726694
383.68527,100,25964.726744
344.44427,100,25964.726785
476.6824,100,25977.768299
542.9706,100,25977.768454
404.2654,100,25977.768501
438.28235,100,25977.768539
399.93707,100,25989.773772
287.96362,100,25989.77392
592.1741,100,25989.773968
360.6809,100,25989.774007
368.3221,100,26000.919304
362.3883,100,26000.919453
355.2191,100,26000.919501
378.27014,100,26000.919542
404.43582,100,26011.614595
591.6062,100,26011.614767
360.54276,100,26011.614816
515.38086,100,26011.614856
382.93796,100,26024.95049
424.2714,100,26024.950638
457.57614,100,26024.950685
435.98895,100,26024.950723
327.28583,100,26040.995439
388.16437,100,26040.995666
322.7647,100,26040.995714
402.1546,100,26040.995753
388.74866,100,26054.439639
642.21173,100,26054.439803
449.55536,100,26054.439851
328.76462,100,26054.439889
409.40988,100,26067.058816
318.97437,100,26067.058964
403.59668,100,26067.059011
376.28198,100,26067.05905
506.0951,100,26082.988425
618.10297,100,26082.988564
475.70374,100,26082.98861
374.945,100,26082.98865
534.41797,100,26096.561397
300.38675,100,26096.561537
374.94244,100,26096.561584
413.72388,100,26096.561623
348.78348,100,26108.953204
395.92654,100,26108.953353
388.0614,100,26108.953399
593.63586,100,26108.953439
425.95938,100,26122.283598
522.4326,100,26122.283736
311.1252,100,26122.283782
446.03796,100,26122.28382
337.45773,100,26134.808055
424.51425,100,26134.808192
380.62335,100,26134.808239
457.4421,100,26134.808278
364.51077,100,26147.554443
365.22818,100,26147.554594
386.6851,100,26147.55464
378.17624,100,26147.55468
362.1685,100,26160.890986
445.58865,100,26160.891131
388.54977,100,26160.891178
356.89005,100,26160.891216
429.24527,100,26173.426353
432.60535,100,26173.426518
391.54208,100,26173.426565
325.1094,100,26173.426604
470.80322,100,26187.133041
363.60825,100,26187.133188
588.95087,100,26187.133235
602.0505,100,26187.133274
355.2896,100,26198.43909
349.11618,100,26198.439279
406.23416,100,26198.439328
445.62268,100,26198.439367
415.0212,100,26210.704219
540.1055,100,26210.704423
318.9241,100,26210.70447
447.86093,100,26210.704509
518.5215,100,26222.555716
448.8397,100,26222.555859
561.8076,100,26222.555907
403.90994,100,26222.555946
528.4869,100,26234.390659
280.60504,100,26234.390807
359.28024,100,26234.390854
458.1125,100,26234.390893
396.27597,100,26247.837599
381.8815,100,26247.837757
444.89383,100,26247.837811
394.7108,100,26247.837852
328.2375,100,26258.931711
489.94965,100,26258.93186
288.46936,100,26258.931907
418.07657,100,26258.931946
388.5963,100,26275.162597
460.59998,100,26275.16274
377.30014,100,26275.162786
528.7041,100,26275.162825
478.3635,100,26286.700579
271.199,100,26286.700726
314.3164,100,26286.700772
300.63385,100,26286.700811
491.50604,100,26297.452798
329.18652,100,26297.452946
342.46448,100,26297.452992
371.89,100,26297.453029
438.64493,100,26310.735021
394.13705,100,26310.735167
517.44415,100,26310.735213
362.5481,100,26310.735252
350.8395,100,26323.753963
403.5613,100,26323.754107
384.42767,100,26323.754154
467.24326,100,26323.754193
373.78995,100,26338.324565
407.11816,100,26338.324729
281.24722,100,26338.324777
427.51068,100,26338.324816
341.71298,100,26349.77817
449.31528,100,26349.778323
490.0008,100,26349.778372
364.50436,100,26349.778412
367.13977,100,26362.506947
347.14923,100,26362.507149
487.90845,100,26362.507196
345.62527,100,26362.507235
340.72604,100,26374.932396
341.70132,100,26374.932564
409.43048,100,26374.932611
455.3334,100,26374.932648
371.64706,100,26388.889311
353.65372,100,26388.889458
404.50742,100,26388.889505
535.3165,100,26388.889545
207.77376,100,26401.429358
360.8732,100,26401.429501
468.87402,100,26401.429547
385.0218,100,26401.429586
502.13864,100,26413.109526
401.16425,100,26413.109672
288.5528,100,26413.109719
307.2707,100,26413.109788
402.22906,100,26424.100732
314.32925,100,26424.100881
329.4749,100,26424.100927
326.15353,100,26424.100965
351.65466,100,26440.091292
439.56064,100,26440.091435
407.8627,100,26440.091482
512.692,100,26440.091521
381.60712,100,26452.615162
494.25958,100,26452.615313
368.89554,100,26452.615359
512.4059,100,26452.615396
392.78488,100,26465.92575
433.22556,100,26465.925894
359.10446,100,26465.92594
431.35675,100,26465.925978
322.34024,100,26481.021842
510.13248,100,26481.021989
365.49417,100,26481.022036
375.52954,100,26481.022074
355.65692,100,26492.940895
377.04364,100,26492.94106
603.5501,100,26492.941106
346.80527,100,26492.941145
353.55756,100,26506.086291
546.8902,100,26506.086442
394.1102,100,26506.086488
572.9477,100,26506.086528
354.83228,100,26519.669638
447.09088,100,26519.669866
336.54572,100,26519.669914
405.97598,100,26519.669951
358.39114,100,26532.620699
361.74353,100,26532.620872
383.43292,100,26532.620919
359.72647,100,26532.620959
354.3485,100,26547.306489
383.5362,100,26547.306634
434.86963,100,26547.306681
420.4266,100,26547.30672
541.362,100,26562.513125
436.2322,100,26562.513288
348.53796,100,26562.513337
338.0476,100,26562.513376
359.00638,100,26576.827649
440.88083,100,26576.827792
372.25113,100,26576.82784
614.07495,100,26576.82788
409.86475,100,26588.97609
381.4613,100,26588.976237
236.48445,100,26588.976283
354.29633,100,26588.976322
370.45557,100,26601.340237
599.15796,100,26601.340388
633.9059,100,26601.340434
339.3284,100,26601.340473
355.72964,100,26613.576703
524.341,100,26613.576852
346.8706,100,26613.576899
469.88846,100,26613.576937
381.7211,100,26626.684872
369.02975,100,26626.685016
374.5114,100,26626.685064
498.74203,100,26626.685103
405.8679,100,26639.950972
422.74802,100,26639.951116
369.66,100,26639.951164
441.13025,100,26639.951203
350.78473,100,26651.856666
412.71982,100,26651.856833
445.18845,100,26651.85688
381.2674,100,26651.856919
453.3497,100,26663.647039
379.0381,100,26663.647185
388.2728,100,26663.647231
453.81326,100,26663.647268
485.15494,100,26678.986726
342.11984,100,26678.986939
335.97223,100,26678.986985
368.03,100,26678.987023
348.37778,100,26691.265817
365.4402,100,26691.265985
360.88535,100,26691.266034
347.19983,100,26691.266073
464.76456,100,26706.533706
562.0243,100,26706.533868
348.8588,100,26706.533916
323.85025,100,26706.533954
366.40683,100,26717.529702
352.16342,100,26717.529861
553.058,100,26717.529907
335.7043,100,26717.529946
462.4408,100,26728.908414
392.34995,100,26728.908558
354.765,100,26728.908605
402.9205,100,26728.908644
388.57446,100,26742.181969
568.07764,100,26742.182119
387.76123,100,26742.182166
369.47458,100,26742.182205
583.7849,100,26755.546702
396.04663,100,26755.54685
504.51904,100,26755.546897
501.5668,100,26755.546937
496.68478,100,26767.100706
360.26752,100,26767.100848
377.65607,100,26767.100893
354.57632,100,26767.100933
500.3589,100,26778.226989
536.05383,100,26778.227132
323.6865,100,26778.227179
340.34824,100,26778.227217
417.91614,100,26790.197312
348.3003,100,26790.197459
357.95764,100,26790.197506
461.7503,100,26790.197546
446.29904,100,26807.012538
347.5517,100,26807.012712
358.94174,100,26807.01276
412.67728,100,26807.012799
364.04337,100,26818.282564
516.6306,100,26818.282711
403.55753,100,26818.282758
462.9077,100,26818.282797
357.45844,100,26830.04703
384.23682,100,26830.04721
332.09787,100,26830.047258
398.9043,100,26830.047297
393.10168,100,26841.278361
486.52686,100,26841.278606
345.3549,100,26841.278655
407.65515,100,26841.278694
411.15402,100,26857.051496
458.12756,100,26857.051634
378.10516,100,26857.05168
354.20227,100,26857.051718
522.3018,100,26872.353083
403.97214,100,26872.353235
391.2038,100,26872.353281
540.7925,100,26872.353319
367.11188,100,26883.664715
392.58798,100,26883.664862
369.18985,100,26883.664909
556.8966,100,26883.664948
327.77887,100,26894.429839
368.84763,100,26894.429989
375.87338,100,26894.430037
469.50894,100,26894.430075
389.3564,100,26905.878587
372.658,100,26905.878739
314.87332,100,26905.878786
348.67123,100,26905.878826
361.7661,100,26916.844815
287.95865,100,26916.844964
392.55792,100,26916.845011
312.28986,100,26916.845051
400.82614,100,26930.646172
456.07663,100,26930.646319
528.501,100,26930.646365
359.36148,100,26930.646404
387.78156,100,26943.14289
430.42334,100,26943.143036
409.44638,100,26943.143083
148.08449,100,26943.143122
373.37198,100,26955.881893
391.0256,100,26955.882039
430.28012,100,26955.882085
494.9459,100,26955.882123
354.9357,100,26968.955613
351.9071,100,26968.955768
369.71524,100,26968.955817
425.7718,100,26968.955856
378.27286,100,26979.256855
416.8023,100,26979.256994
335.06543,100,26979.257041
413.18216,100,26979.257081
392.42984,100,26989.905378
425.2673,100,26989.905567
356.50806,100,26989.905615
470.63022,100,26989.905654
420.81592,100,27007.269359
385.15817,100,27007.269561
317.76782,100,27007.269608
355.99332,100,27007.269646
565.25104,100,27022.569002
390.83984,100,27022.569147
424.1995,100,27022.569195
383.019,100,27022.569236
439.16833,100,27034.504291
369.59338,100,27034.50444
332.85062,100,27034.504487
327.69952,100,27034.504526
366.56854,100,27050.459254
601.2614,100,27050.459402
460.24673,100,27050.459449
462.07178,100,27050.45949
443.44977,100,27069.157898
392.08823,100,27069.15836
553.698,100,27069.158409
536.5121,100,27069.158448
367.33142,100,27082.052685
279.29666,100,27082.052827
447.89178,100,27082.052872
399.06445,100,27082.05291
379.81308,100,27098.069207
429.70862,100,27098.069352
399.09454,100,27098.069399
393.74292,100,27098.069437
430.91934,100,27111.639255
508.04385,100,27111.639392
320.04538,100,27111.63944
436.6009,100,27111.639479
335.11267,100,27128.324581
363.28183,100,27128.324733
348.42816,100,27128.324779
385.67178,100,27128.324817
326.12656,100,27141.249918
373.24142,100,27141.250081
508.14688,100,27141.250129
554.4737,100,27141.250169
409.58896,100,27151.830657
176.9423,100,27151.83081
310.4906,100,27151.830857
311.33554,100,27151.830896
528.29626,100,27163.869214
342.2376,100,27163.869362
316.28802,100,27163.86941
433.1798,100,27163.869449
321.55234,100,27175.391426
400.5313,100,27175.391662
372.52875,100,27175.391711
350.65533,100,27175.39175
368.1324,100,27187.123083
326.05676,100,27187.123219
464.435,100,27187.123265
440.78867,100,27187.123303
368.872,100,27199.483503
372.14444,100,27199.48365
357.75977,100,27199.483696
432.2112,100,27199.483735
522.21857,100,27211.150273
355.53137,100,27211.150418
369.60382,100,27211.150465
402.9746,100,27211.150503
357.62772,100,27223.55563
369.5418,100,27223.555774
389.96463,100,27223.55582
348.22122,100,27223.555857
400.19315,100,27237.764608
377.3727,100,27237.764755
379.21786,100,27237.7648
470.07462,100,27237.764839
466.9824,100,27249.443298
406.2651,100,27249.443441
545.07855,100,27249.443487
279.0918,100,27249.443527
380.21838,100,27262.886301
339.68744,100,27262.886443
308.33234,100,27262.886488
478.6296,100,27262.886526
369.22516,100,27277.135464
376.84167,100,27277.135608
375.8633,100,27277.135654
432.0619,100,27277.135692
637.9404,100,27287.422375
455.64584,100,27287.422528
454.613,100,27287.422573
320.69775,100,27287.422611
334.72983,100,27297.60427
332.0193,100,27297.604436
496.58368,100,27297.604482
332.33426,100,27297.60452
376.76114,100,27311.419092
339.95517,100,27311.419226
359.0342,100,27311.419294
504.09558,100,27311.419335
324.35342,100,27322.794577
314.65802,100,27322.794758
297.25534,100,27322.794806
192.67822,100,27322.794844
419.62415,100,27339.553869
351.52515,100,27339.55407
525.5841,100,27339.554116
339.12265,100,27339.554154
369.901,100,27352.529295
354.9392,100,27352.529444
359.64648,100,27352.529492
328.05698,100,27352.529532
399.0392,100,27366.070566
325.45383,100,27366.070714
411.65775,100,27366.070763
603.0734,100,27366.070803
510.037,100,27379.883984
572.5547,100,27379.88412
334.40536,100,27379.884177
419.89203,100,27379.884218
426.80573,100,27390.402862
339.97308,100,27390.403015
376.1521,100,27390.403063
387.27054,100,27390.403104
358.13382,100,27404.717931
376.13934,100,27404.718079
384.53525,100,27404.718126
349.7102,100,27404.718166
478.8795,100,27418.700518
386.25897,100,27418.700694
426.56335,100,27418.700742
471.9642,100,27418.700781
644.27655,100,27433.734245
566.4611,100,27433.734387
378.06155,100,27433.734433
394.6543,100,27433.734471
406.70752,100,27447.331977
374.98764,100,27447.332118
425.76697,100,27447.332161
361.24054,100,27447.332197
388.28375,100,27460.771633
425.82257,100,27460.771802
407.94382,100,27460.771848
411.83405,100,27460.771887
514.87067,100,27474.616922
490.8683,100,27474.617069
548.4443,100,27474.617117
567.3994,100,27474.617157
384.06512,100,27487.360979
365.63028,100,27487.361157
565.2416,100,27487.361202
494.06104,100,27487.361239
382.33435,100,27499.768391
356.90683,100,27499.768587
589.7112,100,27499.768631
367.7556,100,27499.768669
415.22934,100,27510.611776
349.6896,100,27510.611921
421.27676,100,27510.611965
346.79285,100,27510.612001
372.99323,100,27524.963075
382.31845,100,27524.963221
473.45746,100,27524.963266
396.7531,100,27524.963304
473.9434,100,27541.314104
414.2173,100,27541.314246
463.03522,100,27541.314292
419.40112,100,27541.31433
388.24078,100,27554.448623
387.8076,100,27554.448769
243.93741,100,27554.448814
259.36536,100,27554.448852
387.90192,100,27566.829963
340.39987,100,27566.830109
341.3432,100,27566.830155
267.01532,100,27566.830192
405.92935,100,27580.323352
312.1126,100,27580.323505
399.80524,100,27580.323551
337.58173,100,27580.323591
381.55508,100,27594.935834
370.066,100,27594.93598
394.4105,100,27594.936026
345.21625,100,27594.936064
494.37405,100,27607.3074
333.95923,100,27607.307547
395.88538,100,27607.307595
585.5825,100,27607.307635
555.2793,100,27619.718036
355.8514,100,27619.718203
392.22223,100,27619.718251
384.7733,100,27619.71829
332.85425,100,27632.428903
516.63916,100,27632.429039
335.18268,100,27632.429085
439.82053,100,27632.429123
189.00258,100,27646.912266
371.56702,100,27646.912448
522.3439,100,27646.912495
375.35934,100,27646.912534
389.19513,100,27657.627541
364.73404,100,27657.627743
567.64124,100,27657.627791
372.2972,100,27657.62783
383.5134,100,27668.970625
327.39276,100,27668.970774
391.03735,100,27668.97082
444.49573,100,27668.970859
369.62363,100,27681.413144
388.0932,100,27681.413291
373.4415,100,27681.413337
394.33395,100,27681.413375
391.85126,100,27694.34141
556.836,100,27694.341544
390.43814,100,27694.34159
406.74622,100,27694.341629
499.87537,100,27709.583101
490.61108,100,27709.583249
387.31747,100,27709.583296
511.77585,100,27709.583336
509.91083,100,27723.546935
308.42596,100,27723.547079
354.99753,100,27723.547127
547.8788,100,27723.547166
435.29895,100,27736.006672
586.2943,100,27736.006818
428.00308,100,27736.006865
455.30634,100,27736.006903
346.77643,100,27751.895068
553.1102,100,27751.895216
386.26694,100,27751.895263
360.86218,100,27751.895301
356.4555,100,27764.050249
371.4002,100,27764.050401
385.3556,100,27764.050449
360.73044,100,27764.050488
385.81836,100,27775.233886
353.10623,100,27775.234034
325.4462,100,27775.234081
365.0504,100,27775.23412
427.27682,100,27787.23164
383.68674,100,27787.231806
364.8216,100,27787.231854
384.6832,100,27787.231894
617.3386,100,27803.704183
516.6841,100,27803.704329
370.9911,100,27803.704376
415.18622,100,27803.704454
387.57275,100,27817.505445
412.32327,100,27817.505662
375.61465,100,27817.50571
361.54608,100,27817.505776
466.94742,100,27828.527448
358.29266,100,27828.527623
301.32117,100,27828.527671
409.378,100,27828.52771
389.77106,100,27840.062189
529.1593,100,27840.062336
329.95728,100,27840.062383
391.80014,100,27840.062423
295.32224,100,27854.72496
334.2283,100,27854.725107
562.6282,100,27854.725153
380.6159,100,27854.72519
513.43445,100,27866.002974
308.21646,100,27866.003108
392.61987,100,27866.003155
429.08514,100,27866.003193
411.13507,100,27881.400929
413.55765,100,27881.401088
372.88837,100,27881.401136
353.51108,100,27881.401176
371.4325,100,27895.164945
385.44818,100,27895.165089
459.8423,100,27895.165137
303.11166,100,27895.165176
479.54553,100,27906.489782
400.2008,100,27906.489934
353.62347,100,27906.489981
399.92395,100,27906.490019
357.1071,100,27921.857254
459.34882,100,27921.8574
376.84497,100,27921.857447
331.97144,100,27921.857485
479.56293,100,27933.673328
361.49426,100,27933.673475
378.46027,100,27933.673522
372.18054,100,27933.67356
375.5144,100,27947.3171
404.32242,100,27947.317262
404.57822,100,27947.317308
554.70776,100,27947.317347
388.33716,100,27960.02015
550.1935,100,27960.020294
399.26852,100,27960.02034
539.80835,100,27960.020379
350.81766,100,27973.315306
369.7539,100,27973.315488
413.1148,100,27973.315536
385.01315,100,27973.315575
396.1791,100,27983.885445
400.06454,100,27983.885641
366.705,100,27983.885687
378.50418,100,27983.885725
387.75366,100,27996.508669
430.60803,100,27996.508815
405.56998,100,27996.508861
426.27316,100,27996.5089
419.9273,100,28011.053646
373.17673,100,28011.053811
335.76685,100,28011.053866
479.18805,100,28011.053907
363.21878,100,28023.907137
357.28464,100,28023.907284
174.84921,100,28023.90733
383.123,100,28023.90737
440.12793,100,28037.452309
504.88107,100,28037.452457
350.7435,100,28037.452504
413.43484,100,28037.452543
386.4133,100,28052.824805
282.30884,100,28052.824942
468.16318,100,28052.824988
392.67618,100,28052.825026
386.97043,100,28066.62028
540.9689,100,28066.620427
349.97568,100,28066.620474
372.4154,100,28066.620514
371.86475,100,28080.987326
140.21883,100,28080.987473
387.65387,100,28080.98752
454.3694,100,28080.987559
500.3344,100,28091.88186
327.8792,100,28091.882011
376.35168,100,28091.882057
426.33643,100,28091.882097
383.27213,100,28105.661517
523.09033,100,28105.661664
410.5276,100,28105.66171
400.96432,100,28105.661774
582.4159,100,28119.178633
530.4673,100,28119.178787
348.1422,100,28119.178833
307.88785,100,28119.178872
358.28156,100,28130.352194
353.6149,100,28130.352337
307.18155,100,28130.352385
314.48358,100,28130.352425
355.57944,100,28141.894935
506.79916,100,28141.895145
322.04153,100,28141.895194
344.6158,100,28141.895234
371.00513,100,28153.919799
361.48312,100,28153.91997
358.95477,100,28153.920019
362.31714,100,28153.920059
340.75473,100,28165.311528
362.17026,100,28165.311677
418.06534,100,28165.311725
395.6644,100,28165.311764
388.0657,100,28178.114565
318.53046,100,28178.114712
504.0954,100,28178.114759
305.29373,100,28178.114799
583.86163,100,28189.410373
145.30322,100,28189.410511
468.7352,100,28189.410558
377.36813,100,28189.410597
340.37094,100,28202.367426
351.44986,100,28202.367567
403.10425,100,28202.367614
384.38333,100,28202.367653
379.81235,100,28220.182158
524.9743,100,28220.182289
346.76273,100,28220.182336
365.23322,100,28220.182374
349.44238,100,28234.119469
378.7589,100,28234.119602
490.21982,100,28234.119648
395.16736,100,28234.119686
573.5552,100,28245.662257
510.69562,100,28245.662392
379.10712,100,28245.662443
341.79813,100,28245.662483
307.6476,100,28257.348253
364.68274,100,28257.348386
589.21625,100,28257.348433
268.8956,100,28257.348472
408.94565,100,28274.838543
388.096,100,28274.838707
352.69464,100,28274.838754
455.25864,100,28274.838794
409.74796,100,28286.979425
381.5362,100,28286.979575
447.85876,100,28286.979622
349.20688,100,28286.979703
418.05862,100,28300.284704
406.19934,100,28300.284883
501.25146,100,28300.284929
369.44452,100,28300.284967
520.1602,100,28312.84294
488.4337,100,28312.843153
359.47556,100,28312.843202
345.05246,100,28312.843242
328.6266,100,28327.858596
357.5577,100,28327.858742
314.13535,100,28327.858788
318.9045,100,28327.858826
407.9667,100,28342.981173
380.50195,100,28342.981318
481.27682,100,28342.981366
334.41397,100,28342.981405
334.20535,100,28354.536054
601.342,100,28354.536204
416.1744,100,28354.53625
400.6496,100,28354.536289
391.00308,100,28369.866853
556.9752,100,28369.866991
365.2654,100,28369.867038
411.4384,100,28369.867077
351.85608,100,28385.189863
409.09567,100,28385.190011
373.3338,100,28385.190058
561.9929,100,28385.190096
348.26117,100,28398.67928
405.27646,100,28398.679419
341.45667,100,28398.679466
584.0022,100,28398.679504
374.7776,100,28411.68612
593.28906,100,28411.686267
532.36633,100,28411.686314
379.48285,100,28411.686353
405.06155,100,28424.202677
338.95416,100,28424.202822
402.15308,100,28424.202869
416.46094,100,28424.202908
338.58987,100,28436.532686
364.5177,100,28436.532856
377.61728,100,28436.532904
479.99738,100,28436.532943
377.74515,100,28449.467618
390.84677,100,28449.467765
361.85873,100,28449.467812
369.76324,100,28449.46785
397.9222,100,28464.110774
440.88766,100,28464.110955
569.248,100,28464.111003
391.01697,100,28464.111043
395.78104,100,28477.279054
425.95822,100,28477.279256
487.15094,100,28477.279304
359.53278,100,28477.279342
350.01608,100,28489.462366
434.15463,100,28489.462507
381.43265,100,28489.462553
346.01917,100,28489.462592
448.3564,100,28504.542933
516.5527,100,28504.543076
624.0685,100,28504.543121
357.605,100,28504.54316
301.9034,100,28514.647656
324.0059,100,28514.647799
211.71857,100,28514.647845
187.78644,100,28514.647883
398.61835,100,28528.25475
362.05447,100,28528.2549
394.89944,100,28528.254947
160.44337,100,28528.254986
385.99057,100,28543.259639
370.8027,100,28543.259785
366.4093,100,28543.259831
400.74988,100,28543.259869
365.82043,100,28553.92693
380.14856,100,28553.927074
370.67337,100,28553.927121
367.8175,100,28553.927161
403.7413,100,28566.824988
435.28665,100,28566.82514
336.9009,100,28566.825186
403.06677,100,28566.825226
341.9969,100,28579.456423
362.667,100,28579.456563
261.07303,100,28579.456609
372.35684,100,28579.456648
338.74133,100,28591.649704
480.69543,100,28591.649899
372.91034,100,28591.649948
347.24426,100,28591.649987
384.82056,100,28603.672416
364.61365,100,28603.672561
318.74374,100,28603.672609
419.8272,100,28603.672648
350.18796,100,28618.77721
427.3957,100,28618.777357
349.31876,100,28618.777403
388.54364,100,28618.777443
378.2455,100,28630.486178
343.7742,100,28630.486392
551.67444,100,28630.48644
383.95093,100,28630.486479
360.5696,100,28643.38864
308.69666,100,28643.38881
359.8099,100,28643.388858
374.89737,100,28643.388897
388.94522,100,28653.926873
372.356,100,28653.927022
366.99164,100,28653.927068
408.4447,100,28653.927107
403.93658,100,28666.652512
487.1967,100,28666.652655
353.1061,100,28666.652702
418.68228,100,28666.65274
348.91998,100,28679.27599
394.362,100,28679.276139
343.07544,100,28679.276186
582.84863,100,28679.276225
300.82617,100,28693.055477
366.77728,100,28693.055636
392.1039,100,28693.055686
401.412,100,28693.055726
402.24454,100,28707.140228
359.6895,100,28707.140374
350.27426,100,28707.140421
571.75684,100,28707.140475
581.29346,100,28722.624045
391.55063,100,28722.624193
378.58765,100,28722.62424
360.21332,100,28722.62428
481.96252,100,28734.431039
354.44196,100,28734.431189
352.40768,100,28734.431235
380.11606,100,28734.431274
379.5765,100,28750.679816
371.349,100,28750.679962
349.17908,100,28750.680008
468.923,100,28750.680047
535.2615,100,28764.995282
409.3371,100,28764.995445
631.9667,100,28764.995492
366.4142,100,28764.995531
409.28296,100,28777.232426
439.65863,100,28777.232574
351.29727,100,28777.23262
352.1782,100,28777.23266
495.68137,100,28788.109266
307.77768,100,28788.109442
386.94934,100,28788.10949
382.54794,100,28788.109531
499.91632,100,28805.815724
429.81763,100,28805.81593
475.0768,100,28805.815979
467.06915,100,28805.816018
386.90604,100,28819.928653
395.3273,100,28819.9288
339.5212,100,28819.928847
363.2201,100,28819.928887
592.35706,100,28834.055829
339.45294,100,28834.055965
305.58557,100,28834.056012
353.28445,100,28834.056052
380.95667,100,28845.861375
421.39594,100,28845.861521
348.2055,100,28845.861568
464.9462,100,28845.861607
342.2618,100,28857.767086
386.54327,100,28857.767236
381.92853,100,28857.767283
312.83655,100,28857.767322
388.28186,100,28869.132176
499.06717,100,28869.132319
408.80896,100,28869.132366
349.6065,100,28869.132405
646.92816,100,28881.708548
354.07446,100,28881.708693
629.7604,100,28881.708741
390.5894,100,28881.708781
538.6256,100,28896.504762
490.72913,100,28896.504905
551.8312,100,28896.504954
447.7627,100,28896.504995
353.68512,100,28911.153969
433.25375,100,28911.154104
409.63992,100,28911.154151
454.9699,100,28911.154191
597.28766,100,28924.897056
384.04553,100,28924.897232
374.77417,100,28924.89728
495.82928,100,28924.897321
584.1886,100,28935.769785
358.73785,100,28935.769937
520.38794,100,28935.769985
358.51895,100,28935.770025
355.32428,100,28946.639718
402.1427,100,28946.639935
549.35846,100,28946.639983
407.3878,100,28946.640023
340.1891,100,28961.672012
381.4895,100,28961.67218
469.20886,100,28961.672228
356.58856,100,28961.672268
386.2427,100,28974.867724
384.23138,100,28974.867872
601.8376,100,28974.86792
322.1426,100,28974.867959
335.77448,100,28988.646778
389.73538,100,28988.646928
338.65726,100,28988.646976
413.79816,100,28988.647016
372.70132,100,29003.12012
542.35254,100,29003.12027
442.91315,100,29003.120319
458.15384,100,29003.120359
363.9157,100,29017.391065
398.7453,100,29017.391239
561.1277,100,29017.391287
323.29526,100,29017.391327
586.9273,100,29028.457878
614.4049,100,29028.458029
389.57443,100,29028.458078
445.40607,100,29028.458119
386.27487,100,29043.348359
386.7125,100,29043.348511
353.58078,100,29043.348558
245.77278,100,29043.348598
359.00375,100,29058.151576
431.5092,100,29058.151727
333.97635,100,29058.151773
581.2527,100,29058.151812
369.3487,100,29071.727509
598.6863,100,29071.727659
437.19565,100,29071.727707
591.18524,100,29071.727748
369.0211,100,29086.038121
297.09482,100,29086.038289
440.66782,100,29086.038336
396.245,100,29086.038374
331.0086,100,29099.973835
362.38217,100,29099.973977
370.54898,100,29099.974023
388.1692,100,29099.974063
369.25903,100,29113.460192
437.74155,100,29113.46041
393.56378,100,29113.460459
319.09628,100,29113.460499
360.60248,100,29126.76255
397.87122,100,29126.762718
408.13,100,29126.762765
372.82446,100,29126.762804
376.27713,100,29137.664078
344.45703,100,29137.664218
360.1635,100,29137.664264
411.8646,100,29137.664304
353.1063,100,29151.548493
491.41132,100,29151.548638
460.1666,100,29151.548685
283.2617,100,29151.548723
571.1058,100,29161.95784
345.66904,100,29161.957988
330.91116,100,29161.958035
498.90878,100,29161.958073
400.21152,100,29173.496836
345.8309,100,29173.496982
343.25146,100,29173.497028
334.3589,100,29173.497066
379.16104,100,29187.032188
388.47195,100,29187.032336
391.00607,100,29187.032381
493.99158,100,29187.032418
394.91623,100,29200.569889
414.15576,100,29200.570033
533.02155,100,29200.570079
457.0329,100,29200.570117
446.5381,100,29212.711298
589.8574,100,29212.711447
353.31656,100,29212.711493
441.71564,100,29212.711531
464.58646,100,29228.009816
546.24963,100,29228.009962
467.58295,100,29228.010008
228.9365,100,29228.010047
438.6642,100,29241.167952
383.81882,100,29241.168118
387.6695,100,29241.168165
363.6062,100,29241.168204
461.6381,100,29252.800566
391.33716,100,29252.800713
323.42725,100,29252.80076
357.06775,100,29252.800799
361.39453,100,29264.23021
322.1401,100,29264.230357
354.06393,100,29264.230404
499.0928,100,29264.230443
516.7056,100,29278.001872
357.67383,100,29278.002138
479.13132,100,29278.002187
372.32614,100,29278.002227
517.8755,100,29288.825352
348.92203,100,29288.825502
304.28476,100,29288.825549
442.73706,100,29288.825588
345.5986,100,29299.970665
460.30884,100,29299.970814
374.86542,100,29299.97086
357.11526,100,29299.970898
561.1023,100,29313.787188
376.52652,100,29313.787335
438.21277,100,29313.787381
478.02548,100,29313.787418
394.5947,100,29329.457091
490.53995,100,29329.457234
372.3201,100,29329.457279
371.08505,100,29329.457317
379.31906,100,29339.773829
378.86685,100,29339.773962
344.99548,100,29339.774008
585.98193,100,29339.774047
340.3473,100,29351.025994
209.65553,100,29351.026142
401.20233,100,29351.026188
639.0888,100,29351.026226
366.27643,100,29365.161089
379.23007,100,29365.16124
559.6617,100,29365.161287
389.06323,100,29365.161327
371.6078,100,29378.937023
395.4873,100,29378.937189
477.01974,100,29378.937234
500.05505,100,29378.937272
383.12653,100,29391.921328
401.97345,100,29391.921467
391.2157,100,29391.921511
436.58798,100,29391.921548
472.72632,100,29404.617373
461.6722,100,29404.617554
345.24164,100,29404.6176
388.13803,100,29404.617638
463.76083,100,29421.767091
578.9559,100,29421.767288
380.48865,100,29421.767335
340.83435,100,29421.767374
362.84308,100,29435.270404
379.33972,100,29435.27055
555.36163,100,29435.270596
467.65167,100,29435.270636
399.34412,100,29447.662619
358.02103,100,29447.662786
392.85913,100,29447.662834
367.55893,100,29447.662874
548.93176,100,29458.543716
397.56592,100,29458.543865
392.80713,100,29458.543912
366.96274,100,29458.543952
491.73074,100,29468.841439
324.69003,100,29468.841591
461.05667,100,29468.841638
375.9495,100,29468.841678
375.696,100,29482.578508
495.63763,100,29482.578658
410.6048,100,29482.578706
208.74074,100,29482.578747
395.60092,100,29497.311561
366.72992,100,29497.311705
547.79944,100,29497.31175
413.8944,100,29497.311787
443.85043,100,29510.820014
392.51474,100,29510.820149
365.08054,100,29510.820195
278.59357,100,29510.820232
397.27466,100,29521.306291
349.81866,100,29521.306459
396.54425,100,29521.306506
361.2756,100,29521.306549
329.32565,100,29534.607338
376.88358,100,29534.607482
402.62088,100,29534.607527
356.0264,100,29534.607565
374.75754,100,29548.057193
375.42593,100,29548.05742
351.07675,100,29548.057467
316.38843,100,29548.057507
503.70987,100,29562.012118
577.159,100,29562.012255
492.0995,100,29562.012302
407.0602,100,29562.012341
394.69937,100,29574.584492
353.12912,100,29574.584637
393.65826,100,29574.584685
522.448,100,29574.584724
395.36807,100,29587.264604
334.18845,100,29587.264753
384.64932,100,29587.264801
546.5506,100,29587.264841
380.6187,100,29600.514072
351.08258,100,29600.514223
380.4326,100,29600.514277
366.35675,100,29600.514328
386.8786,100,29613.100581
380.64264,100,29613.100728
373.08267,100,29613.100775
355.13254,100,29613.100815
374.27307,100,29624.549477
612.06287,100,29624.549625
359.61078,100,29624.549672
429.4245,100,29624.549712
443.7432,100,29638.343127
404.0258,100,29638.343277
436.09674,100,29638.343325
329.27448,100,29638.343364
338.11475,100,29649.909549
423.54257,100,29649.909721
492.15698,100,29649.909796
322.11957,100,29649.90984
629.45483,100,29662.461309
361.44617,100,29662.461459
342.4416,100,29662.461509
565.9769,100,29662.461549
377.4748,100,29675.957772
399.7971,100,29675.957948
360.05264,100,29675.957997
392.45297,100,29675.958037
400.05475,100,29690.502174
309.5703,100,29690.502372
386.49368,100,29690.502421
423.2056,100,29690.502462
391.09485,100,29703.919629
335.51807,100,29703.919777
387.433,100,29703.919825
350.9977,100,29703.919866
371.85147,100,29719.329564
580.53577,100,29719.329711
352.43723,100,29719.329781
405.36792,100,29719.329825
376.77252,100,29730.529971
388.97363,100,29730.530125
367.66925,100,29730.530173
517.39355,100,29730.530213
371.7837,100,29742.384469
532.83905,100,29742.384625
370.2715,100,29742.384673
414.10153,100,29742.384713
362.29852,100,29755.707906
424.6932,100,29755.708081
389.77365,100,29755.70813
406.35928,100,29755.708169
455.6996,100,29770.676054
474.42313,100,29770.676206
527.84827,100,29770.676255
390.7736,100,29770.676295
496.30582,100,29786.155819
575.6741,100,29786.155968
350.36298,100,29786.156016
404.13016,100,29786.156056
349.20212,100,29800.13088
480.62885,100,29800.131027
609.14636,100,29800.131075
410.9152,100,29800.131115
530.8008,100,29811.48549
567.2328,100,29811.485662
291.72256,100,29811.48571
361.1453,100,29811.485779
619.20825,100,29822.491053
336.97336,100,29822.491205
421.79614,100,29822.491253
311.83853,100,29822.491293
544.63403,100,29834.248807
595.0421,100,29834.248988
486.33478,100,29834.249036
402.51376,100,29834.249074
410.88678,100,29848.856556
364.68524,100,29848.856757
358.61557,100,29848.856805
440.32037,100,29848.856846
392.77133,100,29864.00164
423.5892,100,29864.001796
355.7903,100,29864.001858
402.4123,100,29864.001909
401.10486,100,29877.790128
347.52283,100,29877.790266
422.8711,100,29877.790313
378.03394,100,29877.790353
354.44043,100,29888.977652
373.68106,100,29888.97782
278.05466,100,29888.977872
400.5983,100,29888.977913
405.26282,100,29902.449597
376.74814,100,29902.449759
410.95654,100,29902.449816
378.7719,100,29902.449858
519.4929,100,29912.915985
405.12827,100,29912.916128
296.08994,100,29912.916173
431.06857,100,29912.916213
343.41208,100,29923.923098
381.96515,100,29923.923239
383.50433,100,29923.923284
367.82336,100,29923.923322
348.46735,100,29934.928575
338.6802,100,29934.928718
387.82925,100,29934.928763
364.86798,100,29934.928802
505.26468,100,29948.788468
393.34222,100,29948.788622
389.4346,100,29948.788669
358.35208,100,29948.788708
519.34015,100,29960.837077
348.33652,100,29960.837249
427.48032,100,29960.837298
347.26086,100,29960.837339
597.338,100,29974.305417
381.86536,100,29974.305575
373.2071,100,29974.305624
389.03543,100,29974.305664
391.5011,100,29986.848669
374.7446,100,29986.84881
355.7345,100,29986.848858
375.372,100,29986.848899
305.22583,100,30000.990544
581.81415,100,30000.990786
571.0062,100,30000.990835
389.45142,100,30000.990876
376.75357,100,30012.537348
433.1848,100,30012.537497
522.36316,100,30012.537544
343.0979,100,30012.537584
428.90433,100,30027.246089
377.0547,100,30027.246236
556.09436,100,30027.246283
454.00665,100,30027.246323
434.63916,100,30041.351749
335.94846,100,30041.35189
421.38693,100,30041.351937
399.129,100,30041.351976
318.4196,100,30053.98023
334.96262,100,30053.980369
389.32492,100,30053.980417
448.43344,100,30053.980454
569.30743,100,30066.960381
226.72855,100,30066.960529
379.94278,100,30066.960577
380.24124,100,30066.960617
540.823,100,30077.581967
361.7532,100,30077.582114
444.72345,100,30077.582162
320.92032,100,30077.582203
398.49026,100,30093.069347
397.0486,100,30093.069492
380.8097,100,30093.06954
277.02682,100,30093.069581
353.67917,100,30107.488852
387.88297,100,30107.488996
360.63916,100,30107.489043
324.87183,100,30107.489081
390.19336,100,30120.321158
365.84598,100,30120.321299
323.10547,100,30120.321347
425.95346,100,30120.321385
502.7349,100,30133.300388
405.20468,100,30133.300555
352.16495,100,30133.300603
364.592,100,30133.30064
387.33322,100,30147.973797
370.71088,100,30147.973948
345.86823,100,30147.973995
361.07358,100,30147.974034
384.10352,100,30161.326605
358.48764,100,30161.32682
376.68933,100,30161.326869
457.1441,100,30161.326908
448.2997,100,30173.284883
391.06155,100,30173.285058
340.3256,100,30173.285106
383.857,100,30173.285145
439.35956,100,30189.017566
542.7864,100,30189.017714
407.26227,100,30189.017798
349.54163,100,30189.017843
465.12878,100,30202.315211
381.01544,100,30202.315361
403.6952,100,30202.315407
316.0139,100,30202.315447
517.8955,100,30215.244104
353.92645,100,30215.24425
372.70776,100,30215.244297
522.4109,100,30215.244336
502.14145,100,30228.676536
306.37582,100,30228.676688
403.23373,100,30228.676734
416.7283,100,30228.676774
289.55396,100,30240.507579
331.63977,100,30240.507727
350.09708,100,30240.507807
552.5983,100,30240.50785
454.07047,100,30251.585523
437.99976,100,30251.585675
362.88135,100,30251.585723
449.5366,100,30251.58579
562.1462,100,30265.859343
432.90317,100,30265.85949
369.5461,100,30265.859537
395.8487,100,30265.859576
357.32898,100,30278.697632
526.0703,100,30278.697796
368.6884,100,30278.697853
347.72284,100,30278.697894
412.11487,100,30289.345594
386.32248,100,30289.345774
292.92078,100,30289.345829
395.85318,100,30289.345872
495.97913,100,30301.899107
412.79602,100,30301.899254
489.39392,100,30301.899302
417.37582,100,30301.89934
496.7793,100,30316.147897
469.26465,100,30316.148044
385.03638,100,30316.148091
474.94257,100,30316.148131
354.8988,100,30327.520174
379.24728,100,30327.520406
495.78683,100,30327.520456
609.58374,100,30327.520496
270.23367,100,30341.489873
391.62088,100,30341.490029
389.8289,100,30341.490077
400.94022,100,30341.490117
378.76978,100,30352.862545
400.33664,100,30352.862697
345.82648,100,30352.862745
384.737,100,30352.862785
321.36975,100,30367.849609
541.69507,100,30367.849761
405.6058,100,30367.849817
325.84708,100,30367.849858
361.68872,100,30380.683633
365.85007,100,30380.683777
457.03442,100,30380.683822
335.67676,100,30380.68386
539.8208,100,30394.567696
459.21735,100,30394.56784
361.04858,100,30394.567885
363.21683,100,30394.567923
342.95013,100,30406.985182
362.17545,100,30406.985323
346.5023,100,30406.985369
621.65125,100,30406.985408
514.3708,100,30418.886281
401.07956,100,30418.886431
432.50958,100,30418.886479
399.18353,100,30418.886518
495.29764,100,30431.12343
391.579,100,30431.123577
559.06903,100,30431.123624
415.5461,100,30431.123665
421.58554,100,30445.332443
359.8121,100,30445.332597
553.6164,100,30445.332645
407.0964,100,30445.332685
354.82516,100,30458.577502
431.2162,100,30458.577646
380.71844,100,30458.577693
433.0305,100,30458.577732
367.6973,100,30473.930255
379.0873,100,30473.93047
476.69666,100,30473.930519
394.94107,100,30473.930559
354.50543,100,30488.400156
322.50275,100,30488.400322
478.99707,100,30488.40037
393.2804,100,30488.40041
566.1508,100,30500.134252
498.29623,100,30500.134406
320.4459,100,30500.134454
499.16617,100,30500.134492
345.80707,100,30513.849393
310.3392,100,30513.849542
382.3325,100,30513.84959
319.5353,100,30513.849631
393.01862,100,30528.294692
316.02072,100,30528.294837
369.41815,100,30528.294885
400.8819,100,30528.294925
404.31802,100,30540.137802
379.15573,100,30540.137952
386.033,100,30540.137999
378.89246,100,30540.138039
378.52603,100,30554.07977
408.2194,100,30554.079919
382.8159,100,30554.079967
357.92075,100,30554.080006
394.2948,100,30569.048588
369.69623,100,30569.048734
346.93292,100,30569.048783
432.07184,100,30569.048822
375.71976,100,30580.643841
362.32507,100,30580.643991
621.77716,100,30580.644037
305.77533,100,30580.644076
377.68814,100,30595.123775
424.90588,100,30595.12392
360.1195,100,30595.123966
363.0886,100,30595.124003
337.37997,100,30606.956359
649.04877,100,30606.956528
351.14224,100,30606.956576
488.4409,100,30606.956615
406.1407,100,30620.157624
508.2326,100,30620.157792
397.19717,100,30620.157849
310.06454,100,30620.157893
542.5775,100,30633.524373
490.92844,100,30633.524558
431.5808,100,30633.524606
348.6321,100,30633.524645
390.90747,100,30645.219162
350.39752,100,30645.219366
338.7343,100,30645.219415
404.36206,100,30645.219455
408.26312,100,30656.77382
392.26907,100,30656.773969
405.7187,100,30656.774018
339.9196,100,30656.774057
342.23453,100,30670.283408
361.0962,100,30670.283553
386.59082,100,30670.283601
417.78076,100,30670.283641
404.7576,100,30683.827386
400.97064,100,30683.827534
350.7079,100,30683.827585
344.8864,100,30683.827624
391.47995,100,30699.524127
348.68344,100,30699.524272
494.86108,100,30699.52432
545.412,100,30699.524361
400.33066,100,30714.555975
556.8915,100,30714.556121
312.19904,100,30714.556169
400.96344,100,30714.556208
400.7953,100,30726.828301
510.17453,100,30726.828445
386.6171,100,30726.828493
391.2738,100,30726.828562
365.96344,100,30740.074227
370.73917,100,30740.074376
383.16913,100,30740.074424
398.18198,100,30740.074464
380.49725,100,30750.812013
392.70056,100,30750.812154
428.72647,100,30750.812201
400.13788,100,30750.81224
354.64554,100,30761.7436
368.8085,100,30761.743768
386.03397,100,30761.743816
396.3055,100,30761.743857
339.64664,100,30772.904556
375.17984,100,30772.904707
355.61398,100,30772.904755
399.14664,100,30772.904795
454.1351,100,30787.449633
337.46918,100,30787.449839
367.40134,100,30787.449896
384.52896,100,30787.449937
224.14136,100,30800.711734
366.3451,100,30800.711937
346.75217,100,30800.711987
367.85522,100,30800.712029
557.91846,100,30813.81442
534.0697,100,30813.81457
381.98062,100,30813.814617
332.87857,100,30813.814656
444.67154,100,30825.615877
445.37906,100,30825.616037
423.41443,100,30825.616086
354.03674,100,30825.616127
371.99673,100,30838.564307
402.9913,100,30838.564458
372.5072,100,30838.564504
328.3507,100,30838.564543
364.1822,100,30853.120235
279.37738,100,30853.120382
329.65552,100,30853.12043
375.92618,100,30853.12047
374.92752,100,30864.216867
389.31137,100,30864.217018
356.7296,100,30864.217067
413.37952,100,30864.217109
407.38828,100,30875.562897
359.9382,100,30875.563045
353.83075,100,30875.563093
421.89975,100,30875.563133
544.73596,100,30892.986934
465.59723,100,30892.987076
371.18976,100,30892.987121
491.1871,100,30892.98716
232.37373,100,30904.160733
326.9054,100,30904.160873
231.00668,100,30904.160917
230.01547,100,30904.160954
370.73657,100,30916.781732
138.03606,100,30916.781929
354.26407,100,30916.781976
351.47702,100,30916.782014
338.42825,100,30929.088337
314.58197,100,30929.088475
303.6903,100,30929.088523
383.99734,100,30929.088563
367.3385,100,30944.426943
382.5122,100,30944.427091
477.70706,100,30944.427138
306.51328,100,30944.427179
486.6044,100,30955.628246
386.35617,100,30955.628473
605.96375,100,30955.628521
396.46002,100,30955.628562
408.6059,100,30969.738515
374.28036,100,30969.73866
367.53973,100,30969.738706
544.7745,100,30969.738744
602.61005,100,30981.462374
583.5396,100,30981.46251
586.9204,100,30981.462557
391.2102,100,30981.462596
382.46826,100,30993.516223
345.70895,100,30993.516372
353.2752,100,30993.51642
396.6313,100,30993.516461
365.97156,100,31003.93899
359.71167,100,31003.939129
371.02667,100,31003.939174
322.3744,100,31003.939212
432.7742,100,31015.880025
454.92386,100,31015.880162
404.6657,100,31015.880212
381.16324,100,31015.880252
318.35306,100,31027.634066
555.5521,100,31027.63421
551.37103,100,31027.634258
355.70834,100,31027.634299
400.16296,100,31040.913603
353.52087,100,31040.913759
378.41577,100,31040.913815
421.9169,100,31040.913856
310.17303,100,31052.24621
326.98666,100,31052.246349
302.28943,100,31052.246397
400.53412,100,31052.246437
346.80884,100,31062.74874
385.52975,100,31062.748878
493.7464,100,31062.748926
412.46982,100,31062.748966
446.90323,100,31073.466888
358.00336,100,31073.467057
487.48767,100,31073.467106
339.94983,100,31073.467146
583.5029,100,31090.19499
359.25418,100,31090.195135
379.11746,100,31090.195183
491.0891,100,31090.195226
382.14835,100,31103.936053
415.06494,100,31103.936235
460.26227,100,31103.936283
403.65634,100,31103.936324
433.14383,100,31116.622931
396.30862,100,31116.623132
459.2457,100,31116.623179
213.7479,100,31116.623218
364.4468,100,31126.918279
306.12064,100,31126.918426
568.92224,100,31126.918474
424.95438,100,31126.918515
330.6437,100,31138.447539
347.75903,100,31138.447689
392.4238,100,31138.447736
313.56708,100,31138.447775
221.14693,100,31149.080061
375.04156,100,31149.080207
378.01428,100,31149.080256
351.08237,100,31149.080296
407.19037,100,31161.047336
419.17227,100,31161.047482
388.27774,100,31161.04753
384.66556,100,31161.047571
538.0237,100,31173.331332
643.1441,100,31173.331485
562.4198,100,31173.331532
388.50223,100,31173.331571
599.9735,100,31185.383132
409.1009,100,31185.38328
339.12012,100,31185.383328
340.55136,100,31185.383381
497.4328,100,31198.278869
327.11606,100,31198.279017
417.39114,100,31198.279065
487.81894,100,31198.279104
367.5813,100,31210.332374
661.213,100,31210.332522
451.67447,100,31210.332569
366.89185,100,31210.332608
394.2156,100,31220.796278
432.9437,100,31220.796446
429.06302,100,31220.796494
508.05862,100,31220.796535
346.03775,100,31235.776389
350.87683,100,31235.776536
384.20303,100,31235.776583
445.4627,100,31235.776623
358.46667,100,31248.042148
418.53207,100,31248.042297
348.64,100,31248.042345
397.0004,100,31248.042383
360.73486,100,31258.305854
379.5237,100,31258.306061
304.50375,100,31258.306109
454.16397,100,31258.306148
400.53903,100,31271.640859
355.28302,100,31271.641024
278.15234,100,31271.641072
382.6922,100,31271.641111
440.09967,100,31285.250998
320.79898,100,31285.251146
333.89932,100,31285.251193
303.1664,100,31285.251231
309.1288,100,31297.628901
514.86096,100,31297.629048
401.30753,100,31297.629095
428.59863,100,31297.629134
441.55728,100,31308.947445
443.8735,100,31308.94759
381.05374,100,31308.947637
351.59467,100,31308.947677
345.6601,100,31320.21522
327.5831,100,31320.215365
616.8562,100,31320.215412
361.9804,100,31320.21545
438.03983,100,31336.588759
322.72134,100,31336.588905
260.00522,100,31336.588952
402.83762,100,31336.588992
367.3348,100,31350.697522
599.37256,100,31350.69766
356.27032,100,31350.697708
309.00092,100,31350.697771
385.23706,100,31364.307084
345.9801,100,31364.307229
367.62805,100,31364.307276
358.22644,100,31364.307314
391.1289,100,31379.228469
375.9975,100,31379.228616
380.55832,100,31379.228662
442.18326,100,31379.228701
511.60907,100,31393.03116
208.9107,100,31393.031329
344.72052,100,31393.031377
387.0794,100,31393.031417
417.64822,100,31406.499165
292.96686,100,31406.499311
375.44443,100,31406.499359
346.93573,100,31406.499398
392.08548,100,31417.481512
369.3961,100,31417.481694
450.35718,100,31417.481765
412.491,100,31417.481835
382.67307,100,31430.879653
427.2765,100,31430.879851
471.24545,100,31430.8799
394.9073,100,31430.87994
361.97885,100,31445.309119
361.97156,100,31445.309259
415.8846,100,31445.309309
347.69305,100,31445.309349
419.1325,100,31457.506752
445.8941,100,31457.506904
371.7227,100,31457.506951
619.8308,100,31457.50699
376.38806,100,31469.655593
319.41556,100,31469.655731
386.23163,100,31469.655778
316.32748,100,31469.655817
410.4892,100,31485.365915
379.4192,100,31485.366065
515.6007,100,31485.366111
398.112,100,31485.36615
399.07016,100,31497.672494
541.3191,100,31497.672648
332.7384,100,31497.672696
513.3407,100,31497.672735
385.9016,100,31508.020679
330.97385,100,31508.020821
364.66342,100,31508.020869
158.18274,100,31508.020908
378.24994,100,31522.3607
411.90265,100,31522.361688
455.9771,100,31522.361753
519.0242,100,31522.361813
524.8138,100,31536.599883
423.29376,100,31536.600093
399.68866,100,31536.600141
567.98047,100,31536.60018
479.05905,100,31552.790046
442.30066,100,31552.790203
416.3297,100,31552.790251
384.2733,100,31552.79029
353.31238,100,31565.40767
347.91202,100,31565.407822
343.56107,100,31565.40787
458.88855,100,31565.407911
316.92505,100,31579.265394
395.16797,100,31579.26554
401.69525,100,31579.265589
346.81424,100,31579.265631
405.24408,100,31589.568146
372.2012,100,31589.568289
399.8706,100,31589.568334
331.4835,100,31589.568372
330.81067,100,31601.04689
386.06564,100,31601.047013
469.31482,100,31601.047059
556.45374,100,31601.047098
363.38205,100,31613.384014
333.75677,100,31613.384154
624.0411,100,31613.3842
370.37875,100,31613.384238
452.929,100,31625.902609
395.63217,100,31625.902752
420.77557,100,31625.902799
353.19196,100,31625.902839
299.40216,100,31638.940027
385.415,100,31638.940176
390.2813,100,31638.940223
458.70428,100,31638.940264
521.3466,100,31650.898435
332.00122,100,31650.898588
487.7691,100,31650.898637
486.54895,100,31650.898678
559.01697,100,31663.19428
533.17413,100,31663.194443
569.81104,100,31663.194492
442.81522,100,31663.194533
379.17654,100,31675.509049
365.91745,100,31675.509213
382.96082,100,31675.509261
390.21146,100,31675.509301
449.31894,100,31686.373637
368.0781,100,31686.373877
373.01907,100,31686.373926
373.50882,100,31686.373965
410.38858,100,31702.271967
473.14676,100,31702.27213
569.2084,100,31702.272179
385.86298,100,31702.272219
334.0393,100,31714.551457
396.5414,100,31714.551602
406.14493,100,31714.551647
510.7475,100,31714.551686
391.19476,100,31727.253769
378.50488,100,31727.25391
351.1955,100,31727.25396
344.73102,100,31727.253999
361.52893,100,31739.809258
484.54443,100,31739.809381
384.53964,100,31739.809429
390.93643,100,31739.809469
370.3802,100,31754.589554
307.12772,100,31754.589701
288.15326,100,31754.589772
316.51953,100,31754.589817
369.54123,100,31767.237717
394.07925,100,31767.237871
342.2547,100,31767.23792
372.2947,100,31767.237961
316.42908,100,31782.439652
386.4049,100,31782.439807
359.39264,100,31782.439856
468.66098,100,31782.439896
439.54904,100,31793.879226
411.98245,100,31793.879367
442.9725,100,31793.879414
271.12784,100,31793.879454
318.0876,100,31806.264486
365.6409,100,31806.264632
310.15424,100,31806.264679
400.0769,100,31806.264717
354.9893,100,31819.337918
345.69815,100,31819.338076
346.9919,100,31819.338122
612.67883,100,31819.33816
344.55054,100,31830.311928
157.64818,100,31830.312068
323.04703,100,31830.312115
529.52893,100,31830.312153
336.56973,100,31840.775805
610.66095,100,31840.775968
370.28232,100,31840.776016
296.36838,100,31840.776054
313.36188,100,31854.47149
307.91296,100,31854.471671
372.05212,100,31854.471719
420.9433,100,31854.471757
426.28256,100,31867.199226
378.85245,100,31867.199367
349.51038,100,31867.19941
296.055,100,31867.199447
455.8547,100,31878.456181
394.06277,100,31878.456321
356.42325,100,31878.45637
326.50198,100,31878.456409
528.28394,100,31890.826807
380.94705,100,31890.826954
313.5391,100,31890.827002
373.82513,100,31890.827042
384.79102,100,31903.013702
439.4095,100,31903.013867
352.95508,100,31903.013916
518.5778,100,31903.013955
328.33234,100,31914.792449
487.39142,100,31914.792594
380.21918,100,31914.79264
442.7004,100,31914.792678
400.57382,100,31925.862047
359.14615,100,31925.862195
456.62833,100,31925.862243
394.85165,100,31925.862282
371.2698,100,31937.642773
383.7817,100,31937.642943
389.34723,100,31937.642991
523.7999,100,31937.643031
474.79907,100,31950.40859
367.60516,100,31950.40873
567.66296,100,31950.408777
260.91052,100,31950.408818
402.72418,100,31961.537982
358.3302,100,31961.538132
334.05243,100,31961.538179
360.66333,100,31961.53822
452.17288,100,31976.792925
361.76028,100,31976.793147
394.8276,100,31976.793197
393.6426,100,31976.793239
446.4588,100,31989.065696
475.1655,100,31989.06586
407.78818,100,31989.065908
352.48102,100,31989.065948
328.3071,100,32002.635846
497.71744,100,32002.635993
388.0087,100,32002.636041
640.073,100,32002.636081
228.46733,100,32016.729483
498.2007,100,32016.729628
393.02707,100,32016.729676
373.83597,100,32016.729716
541.4707,100,32028.586172
507.14127,100,32028.58632
429.97318,100,32028.586368
323.1948,100,32028.586408
535.8111,100,32039.980989
365.2668,100,32039.981139
458.50253,100,32039.981187
583.4439,100,32039.981227
399.4538,100,32055.257864
384.8248,100,32055.258004
372.8963,100,32055.258052
389.84735,100,32055.258091
467.24088,100,32070.463557
380.05615,100,32070.463712
359.46637,100,32070.463762
499.4912,100,32070.463802
385.9368,100,32084.195096
501.06537,100,32084.195241
357.1034,100,32084.195289
398.0304,100,32084.195328
369.20953,100,32096.785484
362.3598,100,32096.785657
383.19296,100,32096.785706
388.84674,100,32096.785766
525.92993,100,32110.093877
459.7776,100,32110.094026
575.4955,100,32110.094072
327.14743,100,32110.094111
352.90698,100,32122.640995
369.37405,100,32122.641179
395.3797,100,32122.641227
390.5017,100,32122.641266
283.33246,100,32134.054719
324.24036,100,32134.054924
394.19693,100,32134.054973
376.4053,100,32134.055013
529.92267,100,32146.784041
434.01968,100,32146.784228
326.03406,100,32146.784276
500.74924,100,32146.784316
362.89972,100,32161.826903
317.5332,100,32161.827051
385.0868,100,32161.827099
431.62625,100,32161.827139
381.0091,100,32173.956212
386.425,100,32173.95636
402.53464,100,32173.956408
358.02484,100,32173.956449
375.14978,100,32184.680024
373.55753,100,32184.68018
359.60785,100,32184.680229
355.44507,100,32184.680269
465.36734,100,32199.774942
465.78546,100,32199.775078
553.6977,100,32199.77513
454.49088,100,32199.775171
490.3233,100,32211.711775
342.69598,100,32211.71191
399.1186,100,32211.711958
400.21973,100,32211.711997
404.48508,100,32224.097228
413.8394,100,32224.097368
364.89832,100,32224.097416
469.05035,100,32224.097455
346.8845,100,32236.582542
380.0683,100,32236.582677
433.70248,100,32236.582725
391.58813,100,32236.582764
415.02124,100,32251.223315
361.01346,100,32251.223473
393.92853,100,32251.223522
355.89203,100,32251.223562
426.00006,100,32264.918118
361.49805,100,32264.918267
359.55536,100,32264.918314
357.48486,100,32264.918353
378.8103,100,32275.846292
349.7851,100,32275.846439
373.29654,100,32275.846485
473.39648,100,32275.846526
411.13388,100,32287.752701
364.63846,100,32287.752931
353.13727,100,32287.752979
364.8188,100,32287.753017
390.7969,100,32301.622934
394.7863,100,32301.623074
415.23965,100,32301.623121
395.23883,100,32301.62316
350.2983,100,32316.377254
362.90884,100,32316.377397
376.6456,100,32316.377444
329.11127,100,32316.377482
415.49606,100,32333.222152
431.8063,100,32333.222296
386.0674,100,32333.222341
490.5806,100,32333.222379
507.5614,100,32344.552963
365.8593,100,32344.55311
380.09232,100,32344.553157
354.15527,100,32344.553196
550.89355,100,32356.921798
605.5936,100,32356.921945
385.27707,100,32356.921992
551.3457,100,32356.922031
576.2659,100,32369.102123
317.94678,100,32369.102274
385.57397,100,32369.102321
445.51938,100,32369.10236
417.63846,100,32385.111743
388.08337,100,32385.111893
451.37106,100,32385.111941
388.4777,100,32385.11198
364.83517,100,32398.525552
540.8755,100,32398.525687
363.85718,100,32398.52575
246.16682,100,32398.525805
318.6295,100,32411.070029
387.29993,100,32411.070177
499.2805,100,32411.070225
335.79996,100,32411.070265
443.93314,100,32424.972748
423.23285,100,32424.972914
373.04697,100,32424.972963
413.27826,100,32424.973002
368.14975,100,32440.01351
385.26776,100,32440.013657
412.0456,100,32440.013703
448.73688,100,32440.013766
369.32718,100,32453.204216
352.65753,100,32453.204402
563.45795,100,32453.204452
310.8769,100,32453.204493
454.96902,100,32464.36462
537.2772,100,32464.364821
485.47195,100,32464.36487
301.22647,100,32464.36491
391.91107,100,32476.220623
325.68716,100,32476.220778
329.69345,100,32476.220825
316.1186,100,32476.220864
439.57724,100,32487.498994
608.468,100,32487.499146
386.9946,100,32487.499194
353.00235,100,32487.499233
333.0555,100,32498.732965
383.5253,100,32498.733111
351.78632,100,32498.733157
398.47998,100,32498.733196
374.9815,100,32510.650657
411.30832,100,32510.650807
367.0117,100,32510.650854
385.59076,100,32510.650892
407.1547,100,32526.929143
390.22968,100,32526.929289
399.54025,100,32526.929337
409.84775,100,32526.929376
481.1243,100,32542.509616
490.13068,100,32542.509784
368.83463,100,32542.50984
590.02454,100,32542.509882
676.6336,100,32555.496349
560.6493,100,32555.496497
395.41656,100,32555.496543
594.922,100,32555.496583
298.36807,100,32569.652287
368.2311,100,32569.652457
581.72375,100,32569.652504
596.70233,100,32569.652543
376.8613,100,32584.240281
456.6731,100,32584.240424
378.18262,100,32584.240471
356.08035,100,32584.240511
358.56174,100,32594.931695
437.7879,100,32594.931885
375.35788,100,32594.931933
607.3428,100,32594.931972
504.05524,100,32611.6551
328.2412,100,32611.655314
327.4442,100,32611.655362
430.43903,100,32611.655401
376.3875,100,32625.689457
424.82526,100,32625.689607
402.86728,100,32625.689656
506.52524,100,32625.689698
357.3129,100,32637.994074
550.07306,100,32637.994227
411.9893,100,32637.994301
373.5703,100,32637.994345
340.56964,100,32649.284849
441.23145,100,32649.284988
542.95483,100,32649.285038
323.2864,100,32649.285079
362.87378,100,32662.852347
539.96466,100,32662.852498
611.22003,100,32662.852546
397.11465,100,32662.852587
558.5927,100,32674.648367
389.14746,100,32674.64852
378.44196,100,32674.648568
590.6134,100,32674.648607
420.55942,100,32689.395581
370.20578,100,32689.39573
372.38715,100,32689.395779
589.3574,100,32689.395819
568.92883,100,32702.02845
376.80127,100,32702.028615
316.15268,100,32702.028665
340.64313,100,32702.028705
358.05722,100,32718.82904
416.05093,100,32718.829196
355.49817,100,32718.829245
386.4689,100,32718.829285
389.19528,100,32730.460572
405.26044,100,32730.460723
519.18445,100,32730.460772
325.67804,100,32730.460814
569.93304,100,32744.062572
335.1569,100,32744.062764
372.18414,100,32744.062814
363.3425,100,32744.062855
309.0927,100,32757.066057
445.85202,100,32757.066259
337.4643,100,32757.066309
548.0343,100,32757.066349
350.2207,100,32768.935398
414.73276,100,32768.935546
320.78094,100,32768.935595
357.58282,100,32768.935635
373.9361,100,32781.623246
647.6313,100,32781.623389
431.7274,100,32781.623437
296.68906,100,32781.623476
310.8937,100,32794.48952
343.29318,100,32794.489663
393.87552,100,32794.489712
360.3642,100,32794.489787
403.14734,100,32807.690981
394.2424,100,32807.691131
320.59778,100,32807.691179
438.75507,100,32807.691219
554.4513,100,32820.070517
384.05362,100,32820.070667
367.6164,100,32820.070716
372.74008,100,32820.070757
414.41663,100,32831.899314
348.9663,100,32831.899465
535.8227,100,32831.899513
501.1636,100,32831.899554
431.73886,100,32844.224443
384.34177,100,32844.224592
387.8448,100,32844.224637
451.14273,100,32844.224676
411.00787,100,32858.242857
394.04715,100,32858.242998
405.6184,100,32858.243044
484.1721,100,32858.243082
593.8606,100,32871.311829
368.71515,100,32871.311991
375.4991,100,32871.312038
354.38376,100,32871.312076
462.8539,100,32883.093894
455.08942,100,32883.094043
541.2833,100,32883.094089
411.2149,100,32883.094126
462.94202,100,32897.248821
373.46655,100,32897.249003
309.08115,100,32897.24905
491.4249,100,32897.249089
403.62155,100,32907.782884
377.363,100,32907.783089
444.27722,100,32907.783139
475.5733,100,32907.783179
382.08997,100,32918.52679
326.47623,100,32918.526937
566.94885,100,32918.526982
316.781,100,32918.52702
376.65604,100,32930.485108
385.52045,100,32930.485259
383.28854,100,32930.485309
437.01797,100,32930.48535
393.76437,100,32942.435957
334.32803,100,32942.436105
406.943,100,32942.436151
591.6682,100,32942.436189
339.2781,100,32959.067676
366.89468,100,32959.067826
394.78003,100,32959.067876
482.9337,100,32959.067917
558.541,100,32972.344873
627.0221,100,32972.345028
382.4363,100,32972.345076
511.27585,100,32972.345117
390.11813,100,32985.322465
334.41095,100,32985.322608
554.8843,100,32985.322655
394.84644,100,32985.322695
366.9091,100,32999.060551
480.70743,100,32999.060688
390.1659,100,32999.060734
353.77188,100,32999.060772
360.95618,100,33011.709777
225.53528,100,33011.709929
460.755,100,33011.709978
373.23224,100,33011.710019
472.54507,100,33024.37436
380.3066,100,33024.374509
345.07617,100,33024.374557
395.37207,100,33024.374598
316.06256,100,33038.695853
415.5446,100,33038.696016
355.77368,100,33038.696064
395.3165,100,33038.696102
345.83627,100,33054.405898
319.21298,100,33054.406044
382.33948,100,33054.40609
359.6476,100,33054.406129
421.53723,100,33064.511456
468.45456,100,33064.51166
367.89496,100,33064.511707
358.9015,100,33064.511747
358.26425,100,33076.171583
351.51282,100,33076.17174
362.7138,100,33076.171787
363.46173,100,33076.171825
430.21344,100,33088.7945
616.2972,100,33088.794635
346.45523,100,33088.794682
351.65497,100,33088.794722
631.9022,100,33102.117065
420.09283,100,33102.117205
398.2291,100,33102.117253
529.5615,100,33102.117293
377.88104,100,33114.495697
386.13358,100,33114.495838
381.00403,100,33114.495886
472.97137,100,33114.495962
395.32278,100,33129.949755
377.8263,100,33129.949908
546.5642,100,33129.949955
401.195,100,33129.949994
333.62756,100,33140.947709
380.79053,100,33140.947857
443.26184,100,33140.947903
312.93048,100,33140.947942
370.03494,100,33154.242985
358.77838,100,33154.243134
364.3777,100,33154.243181
435.97723,100,33154.24322
404.58682,100,33169.315959
364.40277,100,33169.316101
417.81604,100,33169.316146
332.96008,100,33169.316184
380.53772,100,33182.79608
530.8755,100,33182.796231
375.65924,100,33182.796278
388.89575,100,33182.796317
406.3461,100,33194.825609
346.76663,100,33194.825791
566.41394,100,33194.825846
359.26572,100,33194.825885
466.32904,100,33207.137959
391.43597,100,33207.138107
386.51627,100,33207.138153
425.8456,100,33207.138191
399.2398,100,33220.735208
521.32043,100,33220.735396
372.36374,100,33220.735444
361.31238,100,33220.735483
376.69305,100,33235.070309
403.00186,100,33235.070509
394.34402,100,33235.070558
380.8136,100,33235.070597
459.9402,100,33245.867545
377.83328,100,33245.867694
392.1898,100,33245.86774
377.54803,100,33245.867779
407.13986,100,33259.018732
383.27676,100,33259.018872
357.06763,100,33259.018917
385.48047,100,33259.018954
392.63312,100,33269.575294
418.60147,100,33269.575442
388.29248,100,33269.575489
376.6559,100,33269.575527
372.01553,100,33280.192761
362.6537,100,33280.192906
346.10373,100,33280.192952
337.63138,100,33280.19299
326.3512,100,33291.010873
577.1109,100,33291.011025
432.3633,100,33291.011071
499.0006,100,33291.011109
363.08786,100,33303.652364
282.3053,100,33303.652511
559.5484,100,33303.652556
390.6955,100,33303.652593
337.04507,100,33315.714865
410.9226,100,33315.715006
500.26266,100,33315.715052
355.80554,100,33315.715091
345.99405,100,33328.705083
358.42184,100,33328.705225
534.34875,100,33328.705271
499.52313,100,33328.70532
373.2653,100,33340.206078
535.0479,100,33340.206231
467.5477,100,33340.206276
538.10425,100,33340.206322
439.65225,100,33352.864291
469.5322,100,33352.864462
363.81625,100,33352.864511
310.6416,100,33352.864551
359.2891,100,33365.082492
389.6804,100,33365.082643
413.5238,100,33365.08269
607.16254,100,33365.08273
425.5133,100,33375.61995
290.38702,100,33375.620169
371.42157,100,33375.620219
401.87482,100,33375.62026
326.28986,100,33387.498306
353.49237,100,33387.49847
345.1386,100,33387.498518
364.04117,100,33387.498556
566.2007,100,33402.307898
394.13806,100,33402.308044
339.53244,100,33402.308092
406.7331,100,33402.308132
465.25827,100,33414.118288
425.8201,100,33414.118425
562.88257,100,33414.118471
372.74854,100,33414.11851
234.97638,100,33430.17257
372.74512,100,33430.172716
345.17807,100,33430.172764
371.5282,100,33430.172804
328.72424,100,33440.634861
300.6372,100,33440.635002
457.9614,100,33440.635048
336.04062,100,33440.635086
352.09607,100,33456.640183
430.2956,100,33456.64033
353.71518,100,33456.64038
391.3954,100,33456.640421
341.6587,100,33467.972605
404.47876,100,33467.972749
378.92056,100,33467.972795
415.20325,100,33467.972833
446.704,100,33479.241605
410.31586,100,33479.24177
372.46158,100,33479.241826
351.19928,100,33479.241868
325.72586,100,33489.574796
531.64,100,33489.574951
364.2985,100,33489.574997
449.8827,100,33489.575034
340.27686,100,33502.380524
343.09464,100,33502.380679
366.7401,100,33502.380725
388.83832,100,33502.380763
419.86078,100,33514.846039
391.84756,100,33514.846192
470.63416,100,33514.846238
377.36438,100,33514.846276
584.7446,100,33528.136219
361.79083,100,33528.136369
371.6678,100,33528.136418
354.6896,100,33528.13646
464.69244,100,33541.507084
367.4687,100,33541.50731
403.8373,100,33541.507358
374.78763,100,33541.507396
503.93558,100,33555.997078
440.11542,100,33555.997222
363.61417,100,33555.997269
367.81802,100,33555.997307
403.2074,100,33566.991443
332.98886,100,33566.991583
523.57086,100,33566.99163
356.62515,100,33566.991668
383.16882,100,33581.047486
384.52426,100,33581.047634
382.31967,100,33581.047691
351.40735,100,33581.047731
260.93436,100,33595.543672
579.23956,100,33595.54382
420.32654,100,33595.543869
365.15207,100,33595.543909
310.74753,100,33607.000809
355.3632,100,33607.000961
395.7434,100,33607.001009
348.95044,100,33607.001049
378.75946,100,33617.467591
517.12286,100,33617.467739
262.4823,100,33617.467785
325.02133,100,33617.467826
441.02985,100,33632.468073
418.8383,100,33632.468217
454.07236,100,33632.468263
590.9771,100,33632.468301
386.30682,100,33644.910962
386.96884,100,33644.911101
373.86057,100,33644.911147
413.12048,100,33644.911185
368.29263,100,33658.46712
364.88748,100,33658.4673
395.23044,100,33658.467347
626.245,100,33658.467386
378.08487,100,33671.217065
482.27078,100,33671.217207
375.17392,100,33671.217253
427.20474,100,33671.217292
388.82434,100,33682.751572
338.435,100,33682.751755
389.88348,100,33682.751802
358.4584,100,33682.751841
314.07242,100,33697.486456
329.1823,100,33697.486656
387.60144,100,33697.486704
323.39197,100,33697.486743
466.88492,100,33709.627178
328.16507,100,33709.627374
291.30695,100,33709.627433
357.56097,100,33709.627494
369.4443,100,33722.520879
451.48688,100,33722.521031
358.3293,100,33722.521079
379.11932,100,33722.521117
404.13904,100,33734.251413
347.3573,100,33734.251569
441.15155,100,33734.251616
439.1926,100,33734.251654
469.5573,100,33751.030847
409.3477,100,33751.030976
385.95175,100,33751.031021
611.20044,100,33751.031059
401.41245,100,33762.464773
348.66467,100,33762.464921
362.0897,100,33762.464969
371.9358,100,33762.465009
382.26535,100,33773.546049
325.0123,100,33773.546185
458.91708,100,33773.546233
371.5871,100,33773.546271
382.3292,100,33785.524197
339.79352,100,33785.524341
338.74057,100,33785.524386
391.1038,100,33785.524424
465.37738,100,33796.315539
547.57404,100,33796.315699
335.3786,100,33796.315747
333.12625,100,33796.315785
396.31613,100,33809.797464
478.71494,100,33809.797608
355.59546,100,33809.797654
334.12433,100,33809.797692
369.5152,100,33821.424646
383.63214,100,33821.424819
306.4551,100,33821.424867
288.55145,100,33821.424905
353.16504,100,33832.177753
435.69803,100,33832.177916
533.7316,100,33832.177963
305.60532,100,33832.178001
335.44867,100,33844.507467
408.15082,100,33844.50768
322.1305,100,33844.507728
359.5973,100,33844.507776
311.56665,100,33856.865793
489.845,100,33856.865957
369.37604,100,33856.866004
388.21594,100,33856.866043
480.33487,100,33871.085164
446.89154,100,33871.085306
384.35062,100,33871.085352
380.05154,100,33871.085391
468.3703,100,33886.009488
377.1724,100,33886.009632
399.02332,100,33886.009679
443.14038,100,33886.009718
458.16162,100,33900.616039
396.03827,100,33900.616175
361.6511,100,33900.616221
381.84323,100,33900.616261
355.17535,100,33912.794619
487.10464,100,33912.794757
439.6741,100,33912.794804
387.20227,100,33912.794843
393.67468,100,33922.907289
417.57373,100,33922.907425
324.40695,100,33922.907471
390.3287,100,33922.90751
584.12415,100,33935.166359
486.85,100,33935.166498
337.75262,100,33935.166545
392.5727,100,33935.166584
356.38635,100,33947.063818
368.51666,100,33947.063953
332.21722,100,33947.063999
382.85147,100,33947.064038
548.9703,100,33959.028623
405.87637,100,33959.028766
363.37567,100,33959.028812
378.00204,100,33959.028851
356.11182,100,33971.103893
360.1654,100,33971.104056
375.9545,100,33971.104103
536.7924,100,33971.104141
328.73337,100,33982.182202
476.07217,100,33982.182349
389.13104,100,33982.182396
318.03854,100,33982.182435
417.7478,100,33995.600129
241.49695,100,33995.600315
294.4901,100,33995.600362
371.13666,100,33995.6004
314.08627,100,34007.219507
355.07693,100,34007.21971
645.5357,100,34007.219757
387.82016,100,34007.219795
354.72592,100,34020.676182
551.5436,100,34020.676328
370.92154,100,34020.676374
368.94925,100,34020.676413
294.01855,100,34035.600883
440.2703,100,34035.601029
435.64716,100,34035.601077
420.37238,100,34035.601116
306.23904,100,34047.02125
404.6368,100,34047.021398
493.61832,100,34047.021444
519.05347,100,34047.021483
383.70767,100,34060.671031
472.80228,100,34060.671206
351.152,100,34060.671254
351.96536,100,34060.671293
453.99078,100,34072.009193
516.86926,100,34072.009339
439.6006,100,34072.009386
590.8975,100,34072.009424
393.6669,100,34083.977048
480.3379,100,34083.97719
329.96362,100,34083.977248
369.49393,100,34083.977292
304.2903,100,34094.552526
371.54456,100,34094.552674
397.17932,100,34094.55272
520.5661,100,34094.552759
631.16943,100,34108.229642
472.15308,100,34108.229805
426.26758,100,34108.229856
411.92297,100,34108.229895
321.80096,100,34122.739291
372.14435,100,34122.739439
398.79697,100,34122.739485
312.95972,100,34122.739523
271.06216,100,34136.527067
403.3079,100,34136.52723
543.46027,100,34136.527277
351.05264,100,34136.527316
357.97263,100,34147.106591
405.07816,100,34147.106779
395.11017,100,34147.106826
380.58258,100,34147.106863
386.18307,100,34158.362537
354.74408,100,34158.362734
361.5182,100,34158.362779
385.52145,100,34158.362817
339.14285,100,34169.553562
351.8466,100,34169.553705
391.49634,100,34169.553771
343.4331,100,34169.553814
391.99747,100,34181.533465
319.58102,100,34181.533609
448.28278,100,34181.533656
329.64243,100,34181.533696
329.10355,100,34193.361005
377.8906,100,34193.361156
381.33005,100,34193.361207
404.22043,100,34193.361248
377.7562,100,34207.82733
377.2819,100,34207.827474
523.25037,100,34207.82752
353.5483,100,34207.827559
406.25436,100,34221.670239
307.95023,100,34221.670385
299.6432,100,34221.67043
477.6777,100,34221.67047
326.6824,100,34233.01404
318.7643,100,34233.014185
344.62714,100,34233.014232
399.8576,100,34233.01427
482.03983,100,34244.381879
532.1705,100,34244.382025
370.60406,100,34244.382072
360.56122,100,34244.382111
321.39233,100,34256.727986
349.52,100,34256.728135
586.15405,100,34256.728182
380.25153,100,34256.728222
380.51138,100,34269.593678
355.481,100,34269.593843
545.2908,100,34269.593892
370.46188,100,34269.593932
380.6916,100,34285.442188
445.1377,100,34285.442351
507.92065,100,34285.442399
503.91425,100,34285.44244
567.6564,100,34298.818316
326.29788,100,34298.818457
382.93332,100,34298.818505
378.84293,100,34298.818546
394.75143,100,34314.348099
456.5071,100,34314.348313
479.91165,100,34314.348363
390.56818,100,34314.348405
504.73138,100,34327.516579
380.77612,100,34327.51675
374.60214,100,34327.516799
344.53604,100,34327.516839
372.88123,100,34338.432973
612.58344,100,34338.433121
339.6638,100,34338.433169
399.22644,100,34338.433208
520.7487,100,34351.919212
296.44675,100,34351.919357
388.0513,100,34351.919404
405.61746,100,34351.919443
392.67853,100,34363.963237
335.05722,100,34363.963377
593.458,100,34363.963422
427.67953,100,34363.963461
457.80804,100,34377.000379
395.51312,100,34377.000523
356.5588,100,34377.00057
592.62537,100,34377.00061
380.36972,100,34387.934707
378.36636,100,34387.934855
563.4558,100,34387.934901
295.1373,100,34387.93494
387.75726,100,34399.996488
441.21988,100,34399.996639
388.30496,100,34399.996686
418.50092,100,34399.996726
603.76447,100,34413.312061
567.09283,100,34413.312215
271.88345,100,34413.312263
353.3225,100,34413.312303
381.59607,100,34424.424922
350.07788,100,34424.425074
407.2525,100,34424.425122
239.13313,100,34424.425161
371.57944,100,34435.700495
387.79993,100,34435.700667
380.49582,100,34435.700716
394.68607,100,34435.700756
558.36,100,34446.39113
375.0745,100,34446.39128
295.95233,100,34446.391328
280.9271,100,34446.39137
273.26944,100,34459.281915
368.53308,100,34459.282104
356.56714,100,34459.282153
280.18832,100,34459.282194
394.45255,100,34471.274394
358.71838,100,34471.274603
423.26877,100,34471.274653
363.95227,100,34471.274693
416.67352,100,34485.87593
354.61356,100,34485.876079
365.85464,100,34485.876128
350.9592,100,34485.876168
389.11838,100,34499.673449
357.328,100,34499.673596
402.034,100,34499.673644
390.29248,100,34499.673682
356.23013,100,34513.139988
284.45972,100,34513.140141
362.6176,100,34513.140188
325.06088,100,34513.140227
353.02646,100,34524.143721
355.7837,100,34524.143907
383.98172,100,34524.143956
357.85483,100,34524.143996
250.5333,100,34534.506697
348.84506,100,34534.506837
370.78418,100,34534.506885
371.606,100,34534.506924
315.32495,100,34545.152582
383.01944,100,34545.152722
344.84854,100,34545.152773
432.58804,100,34545.152826
343.40552,100,34556.721924
276.06247,100,34556.722075
373.98264,100,34556.722123
399.6092,100,34556.722164
291.5442,100,34567.12369
301.12103,100,34567.123839
480.33307,100,34567.123886
403.23962,100,34567.123924
440.66235,100,34579.797922
390.5253,100,34579.798069
332.33502,100,34579.798117
377.635,100,34579.798156
362.24335,100,34590.437773
403.93066,100,34590.437949
343.1502,100,34590.437999
401.62582,100,34590.43804
385.13525,100,34605.687342
425.0144,100,34605.687478
477.62378,100,34605.687527
298.0034,100,34605.687568
364.41974,100,34615.899015
339.91794,100,34615.899233
407.12723,100,34615.899283
265.52374,100,34615.899323
343.52573,100,34627.86958
390.67175,100,34627.869764
392.80612,100,34627.869822
325.63992,100,34627.869864
373.7719,100,34638.871829
360.8456,100,34638.871977
295.1251,100,34638.872025
378.65604,100,34638.872065
445.03796,100,34654.746892
376.51144,100,34654.747043
368.66132,100,34654.74709
388.59903,100,34654.74713
446.874,100,34665.497644
387.9765,100,34665.497812
377.14716,100,34665.49786
379.90045,100,34665.497899
408.49744,100,34678.647454
408.32532,100,34678.647602
502.74442,100,34678.64765
563.37854,100,34678.64769
370.3208,100,34693.349817
475.9013,100,34693.349951
336.43918,100,34693.349999
537.2915,100,34693.35004
351.64896,100,34705.48499
441.57877,100,34705.485142
334.15546,100,34705.485191
309.51202,100,34705.485231
333.40778,100,34717.823601
383.549,100,34717.823754
377.85934,100,34717.823801
182.80179,100,34717.82384
455.06677,100,34729.930823
402.7423,100,34729.930965
385.11026,100,34729.931013
495.58484,100,34729.931054
351.143,100,34745.232308
396.26215,100,34745.23248
383.44586,100,34745.232529
378.10446,100,34745.23257
282.17325,100,34758.873721
361.70486,100,34758.873891
365.74646,100,34758.873939
373.7809,100,34758.873981
470.98282,100,34769.656164
326.2523,100,34769.656356
349.28122,100,34769.656405
312.4788,100,34769.656446
369.71454,100,34783.95131
368.91425,100,34783.951511
406.27542,100,34783.95156
155.51195,100,34783.951601
464.51666,100,34794.520027
347.78204,100,34794.520178
284.57834,100,34794.520225
347.04907,100,34794.520265
316.71548,100,34808.180388
352.55276,100,34808.180533
381.19806,100,34808.180582
405.56458,100,34808.180622
404.4464,100,34821.428537
369.41177,100,34821.428692
588.9559,100,34821.428739
363.58868,100,34821.428778
368.9792,100,34832.842327
345.76566,100,34832.842477
329.75095,100,34832.842525
390.4565,100,34832.842565
381.63815,100,34843.287036
362.7281,100,34843.287186
363.85635,100,34843.287234
351.197,100,34843.287274
331.7949,100,34854.802529
260.14566,100,34854.802677
347.0717,100,34854.802724
378.35297,100,34854.802763
562.557,100,34865.124913
282.95047,100,34865.125058
458.803,100,34865.125104
315.48257,100,34865.125144
359.42932,100,34877.353437
338.16953,100,34877.353583
376.6703,100,34877.353629
516.1295,100,34877.353669
411.89014,100,34889.508839
371.96588,100,34889.509005
427.08884,100,34889.509053
373.24548,100,34889.509094
381.51813,100,34902.610048
511.833,100,34902.610195
341.2539,100,34902.610243
367.75092,100,34902.610282
481.1153,100,34914.174999
334.7037,100,34914.175143
355.72708,100,34914.17519
492.64307,100,34914.175229
372.02225,100,34925.341345
317.2735,100,34925.341584
328.49405,100,34925.341633
442.3742,100,34925.341673
373.1452,100,34939.390989
350.2736,100,34939.391131
426.84818,100,34939.391178
447.4225,100,34939.391218
318.22467,100,34952.242259
371.73416,100,34952.242407
402.0943,100,34952.242455
410.17853,100,34952.242495
386.7174,100,34963.293352
360.11395,100,34963.293498
427.40158,100,34963.293544
360.14807,100,34963.293582
412.41772,100,34974.061414
647.922,100,34974.061553
351.8077,100,34974.06162
308.2645,100,34974.06166
450.186,100,34985.265096
500.40918,100,34985.265246
416.3641,100,34985.265293
385.99585,100,34985.265332
333.5684,100,34998.292688
433.2716,100,34998.29284
553.6373,100,34998.292889
360.0595,100,34998.292929
358.4224,100,35009.747613
430.50104,100,35009.747759
447.7334,100,35009.747805
134.39279,100,35009.747843
333.07312,100,35020.90522
331.30618,100,35020.905363
390.5489,100,35020.905409
311.33826,100,35020.905447
362.34033,100,35031.642385
334.73755,100,35031.64253
400.12778,100,35031.642576
356.07004,100,35031.642616
411.5659,100,35047.98532
432.4925,100,35047.985485
417.55008,100,35047.985533
394.0963,100,35047.985571
438.72653,100,35063.163136
382.78748,100,35063.163276
322.71356,100,35063.163322
290.17456,100,35063.163359
346.91754,100,35073.917116
451.1248,100,35073.917306
390.8155,100,35073.917355
356.40668,100,35073.917395
375.70908,100,35086.292909
352.6773,100,35086.293117
347.62463,100,35086.293167
354.2677,100,35086.293206
373.36896,100,35102.168295
388.9474,100,35102.168441
403.84796,100,35102.168489
331.72223,100,35102.16853
315.45358,100,35115.483031
379.664,100,35115.483179
373.8572,100,35115.483228
363.243,100,35115.483268
392.34442,100,35127.301471
392.7088,100,35127.301617
397.23657,100,35127.301665
363.61926,100,35127.301704
383.72412,100,35139.187982
465.7366,100,35139.18813
356.1507,100,35139.188177
441.6175,100,35139.188215
387.41733,100,35152.868646
576.71783,100,35152.868793
393.99594,100,35152.86884
601.367,100,35152.868878
397.38132,100,35163.511062
378.8038,100,35163.511209
331.55145,100,35163.511255
481.40164,100,35163.511293
413.0949,100,35175.239062
328.15543,100,35175.239209
357.43875,100,35175.239257
368.12137,100,35175.239296
467.06854,100,35188.796867
517.0045,100,35188.797017
543.00507,100,35188.797065
409.07593,100,35188.797105
367.80304,100,35201.894621
357.53592,100,35201.894782
330.8882,100,35201.89483
367.93466,100,35201.894871
441.2885,100,35215.805305
337.0757,100,35215.805453
376.97952,100,35215.805502
346.17575,100,35215.805543
317.35797,100,35227.880064
377.3935,100,35227.880294
525.80725,100,35227.880344
419.58502,100,35227.880384
554.6437,100,35241.495308
323.06778,100,35241.495466
414.4436,100,35241.495515
392.1265,100,35241.495556
79.572845,100,35253.001872
321.47305,100,35253.002023
376.89102,100,35253.002071
529.4626,100,35253.00211
534.15906,100,35266.603493
391.74582,100,35266.60364
400.0462,100,35266.603688
565.12244,100,35266.603728
407.58932,100,35279.364148
401.54297,100,35279.364299
445.01727,100,35279.364347
325.0606,100,35279.364387
396.23367,100,35290.215633
354.33276,100,35290.215786
581.2908,100,35290.215833
546.8278,100,35290.215872
350.0192,100,35302.503807
430.97504,100,35302.503957
373.05222,100,35302.504005
576.0017,100,35302.504045
328.94382,100,35314.44664
324.75748,100,35314.446789
343.6495,100,35314.446837
340.53525,100,35314.446876
562.8511,100,35326.313337
190.68484,100,35326.31348
361.17798,100,35326.313524
318.02563,100,35326.313562
356.0295,100,35337.144246
338.64273,100,35337.144405
417.87775,100,35337.144452
263.9368,100,35337.14449
443.62277,100,35349.749031
362.22705,100,35349.749213
320.30225,100,35349.749261
402.17938,100,35349.7493
391.88602,100,35362.671783
402.84866,100,35362.671932
369.5036,100,35362.671979
369.38544,100,35362.672017
401.9163,100,35375.950675
359.81058,100,35375.950856
607.0822,100,35375.950902
351.6722,100,35375.950941
376.12204,100,35387.447487
369.80493,100,35387.447686
512.202,100,35387.447732
291.60703,100,35387.447771
426.86417,100,35402.346545
544.01416,100,35402.346694
419.2062,100,35402.346742
394.56378,100,35402.34678
352.5295,100,35416.076106
389.42938,100,35416.076256
491.92725,100,35416.076303
584.8556,100,35416.076344
351.9401,100,35426.521277
310.51343,100,35426.521421
387.6536,100,35426.521467
308.72278,100,35426.521505
432.82635,100,35438.139314
329.07117,100,35438.139461
396.21494,100,35438.139507
280.6996,100,35438.139545
389.70908,100,35451.174766
372.3463,100,35451.174915
319.05075,100,35451.174963
506.77643,100,35451.175003
174.72995,100,35460.90001
336.17972,100,35460.900159
225.61955,100,35460.900205
252.29747,100,35460.900244
377.008,100,35471.743848
348.8966,100,35471.743991
373.90167,100,35471.744036
326.53528,100,35471.744075
399.29672,100,35487.29677
406.0591,100,35487.296927
404.71976,100,35487.296974
355.6828,100,35487.297013
452.80115,100,35498.876475
213.09589,100,35498.876629
321.61978,100,35498.876678
422.47165,100,35498.876717
374.25253,100,35509.419057
175.1563,100,35509.419225
367.7825,100,35509.419272
358.88876,100,35509.419311
310.3332,100,35520.344927
352.04456,100,35520.345079
448.55264,100,35520.345126
353.43964,100,35520.345166
408.86972,100,35532.211325
321.0444,100,35532.211532
362.7564,100,35532.21158
485.31912,100,35532.21162
469.94833,100,35545.697047
446.28934,100,35545.697217
318.10037,100,35545.697265
573.8219,100,35545.697305
390.79944,100,35556.108687
380.32452,100,35556.108837
358.07843,100,35556.108883
417.09192,100,35556.108922
391.09647,100,35567.17098
377.73828,100,35567.17113
360.30957,100,35567.171185
306.20975,100,35567.171235
617.9228,100,35581.960207
452.76242,100,35581.960343
408.38464,100,35581.960391
457.75436,100,35581.960429
386.82242,100,35597.565137
545.8277,100,35597.565282
461.2171,100,35597.565329
327.36426,100,35597.565368
412.92114,100,35610.771633
367.3282,100,35610.771781
541.4199,100,35610.771828
418.5784,100,35610.771865
397.79572,100,35625.600244
364.07037,100,35625.600391
378.53342,100,35625.600438
391.00858,100,35625.600477
438.75098,100,35640.434975
395.27658,100,35640.435124
499.37982,100,35640.435174
392.28442,100,35640.435227
420.05194,100,35651.89106
357.63382,100,35651.891219
346.0877,100,35651.891267
324.40637,100,35651.891305
370.10117,100,35663.790483
404.71997,100,35663.790653
395.9082,100,35663.7907
551.52246,100,35663.79074
477.9362,100,35677.967947
339.52316,100,35677.968091
338.43802,100,35677.968138
408.78125,100,35677.968178
406.64987,100,35694.996989
379.3851,100,35694.99717
583.1494,100,35694.997218
542.2014,100,35694.997257
353.3233,100,35706.796497
340.7411,100,35706.796695
438.2097,100,35706.796744
347.60938,100,35706.796784
611.8288,100,35717.034765
367.2172,100,35717.034908
364.2208,100,35717.034954
374.76324,100,35717.034993
409.3564,100,35730.305667
359.9086,100,35730.305827
374.22287,100,35730.305876
352.43304,100,35730.305916
256.98804,100,35745.093383
317.8307,100,35745.093527
316.7484,100,35745.093574
128.83867,100,35745.093613
285.71045,100,35756.89824
323.43073,100,35756.898397
257.67557,100,35756.898444
317.21637,100,35756.898483
237.48615,100,35767.155997
319.76746,100,35767.156136
381.4855,100,35767.156183
385.36813,100,35767.156223
408.1332,100,35777.219282
395.0008,100,35777.219423
370.6314,100,35777.21947
337.45865,100,35777.219509
343.48053,100,35789.446492
340.88232,100,35789.446672
363.36398,100,35789.446745
271.833,100,35789.446813
367.0716,100,35804.036508
460.31885,100,35804.036665
374.4229,100,35804.036712
387.2749,100,35804.036753
335.7194,100,35817.508139
401.82816,100,35817.508285
389.80118,100,35817.508333
448.99588,100,35817.508374
412.107,100,35828.429891
396.5072,100,35828.430061
379.40366,100,35828.430109
372.62878,100,35828.430154
347.21613,100,35840.270314
416.94324,100,35840.270461
355.67648,100,35840.270508
339.1149,100,35840.270546
390.81635,100,35853.161834
358.71228,100,35853.162051
395.37872,100,35853.162101
594.7706,100,35853.16214
355.99728,100,35867.748881
337.18396,100,35867.749078
483.498,100,35867.749127
391.94052,100,35867.749167
386.53815,100,35878.956517
342.12592,100,35878.956655
296.4816,100,35878.956702
331.58597,100,35878.956742
355.5902,100,35890.652665
381.47513,100,35890.652812
352.41827,100,35890.65286
355.47318,100,35890.6529
598.7731,100,35906.166742
454.6066,100,35906.166889
335.42535,100,35906.166935
385.72226,100,35906.166975
312.85812,100,35917.979119
344.14166,100,35917.979267
403.23987,100,35917.979315
597.8473,100,35917.979354
355.24323,100,35929.340201
343.06415,100,35929.340353
322.11932,100,35929.340401
341.58652,100,35929.34044
411.94113,100,35943.306138
370.20193,100,35943.306287
373.3434,100,35943.306334
580.27936,100,35943.306373
443.1098,100,35959.740427
440.83783,100,35959.740572
478.52475,100,35959.740619
396.02838,100,35959.740659
530.2966,100,35971.905716
537.9502,100,35971.905893
404.84766,100,35971.90594
315.98004,100,35971.905979
304.8904,100,35986.202848
462.7177,100,35986.203015
386.02066,100,35986.203063
351.00156,100,35986.203103
231.61252,100,35997.993783
367.14688,100,35997.993935
359.1903,100,35997.993984
371.3823,100,35997.994023
367.0963,100,36012.141047
604.26404,100,36012.141263
364.8811,100,36012.141313
382.2693,100,36012.141352
558.0172,100,36024.73586
543.31244,100,36024.736027
381.4423,100,36024.736076
354.4856,100,36024.736115
373.11984,100,36036.054011
320.84097,100,36036.05416
378.011,100,36036.054208
371.92184,100,36036.054248
351.28195,100,36047.067666
421.8934,100,36047.067814
281.98428,100,36047.067862
358.72797,100,36047.0679
203.33653,100,36060.746115
358.60468,100,36060.746264
530.4939,100,36060.746311
382.42032,100,36060.746351
397.62744,100,36073.211348
337.86472,100,36073.211494
365.6933,100,36073.211543
395.06918,100,36073.211583
587.5305,100,36085.759664
375.53564,100,36085.759835
380.8079,100,36085.759903
499.362,100,36085.759956
406.28848,100,36097.315783
380.3022,100,36097.315933
348.96793,100,36097.315982
322.80597,100,36097.316021
592.05096,100,36110.897228
312.3099,100,36110.897378
476.37576,100,36110.89743
425.30472,100,36110.89747
221.55737,100,36121.508247
421.3183,100,36121.508417
334.33356,100,36121.508466
491.10608,100,36121.508505
361.90085,100,36132.294623
380.50696,100,36132.294771
373.75958,100,36132.294819
395.70416,100,36132.294859
388.5861,100,36145.012434
387.55692,100,36145.012581
646.9804,100,36145.012629
507.79648,100,36145.012669
393.4149,100,36159.82937
559.828,100,36159.829585
332.50272,100,36159.829635
398.5875,100,36159.829675
431.95108,100,36172.340494
345.5103,100,36172.340655
334.88757,100,36172.340704
257.4148,100,36172.340744
404.30536,100,36183.219328
379.1958,100,36183.21948
512.9984,100,36183.219527
341.28104,100,36183.219567
377.19077,100,36193.9417
336.38403,100,36193.94187
399.40143,100,36193.94192
517.9127,100,36193.941959
373.71503,100,36206.908865
355.50818,100,36206.909007
449.25946,100,36206.909055
556.96655,100,36206.909094
354.4169,100,36217.941932
401.40512,100,36217.942081
570.7423,100,36217.942129
480.7674,100,36217.94217
387.24115,100,36229.141666
392.46634,100,36229.141833
342.6133,100,36229.141883
383.12473,100,36229.141923
577.57245,100,36239.808803
345.69714,100,36239.808955
382.48187,100,36239.809003
328.60757,100,36239.809042
389.18237,100,36255.52997
421.4229,100,36255.530116
443.62573,100,36255.530163
359.38736,100,36255.530203
387.9301,100,36266.162158
592.1941,100,36266.162321
574.1685,100,36266.16237
365.72345,100,36266.16241
369.55188,100,36279.718415
343.07935,100,36279.718564
392.71567,100,36279.718612
393.34012,100,36279.718652
335.25174,100,36291.274807
366.96494,100,36291.274957
376.75052,100,36291.275005
571.79816,100,36291.275044
606.58124,100,36303.226356
453.21045,100,36303.226592
342.66425,100,36303.226641
400.0414,100,36303.226681
558.8624,100,36315.507159
379.81042,100,36315.507298
364.3793,100,36315.507347
359.0225,100,36315.507388
399.16977,100,36329.918712
450.45627,100,36329.918858
387.71442,100,36329.918906
286.81018,100,36329.918946
416.3641,100,36342.069369
511.37384,100,36342.069519
596.15356,100,36342.069567
416.49066,100,36342.069608
562.5887,100,36356.041471
372.78616,100,36356.041619
367.10617,100,36356.041667
568.3588,100,36356.041707
386.4557,100,36368.16262
322.21945,100,36368.16277
390.45993,100,36368.162817
362.25296,100,36368.162858
336.39154,100,36380.55356
353.80914,100,36380.553748
396.49585,100,36380.553803
365.4671,100,36380.553846
383.60864,100,36392.766302
334.1411,100,36392.766459
366.60638,100,36392.766508
304.3375,100,36392.766549
404.61157,100,36407.691774
389.9486,100,36407.691916
458.42505,100,36407.691962
406.91385,100,36407.692001
362.0845,100,36418.788618
425.5753,100,36418.788763
541.3075,100,36418.78881
397.6684,100,36418.78885
389.3169,100,36432.656313
418.25296,100,36432.656483
551.5615,100,36432.656532
423.37427,100,36432.656572
360.69177,100,36446.054917
382.99976,100,36446.055064
575.833,100,36446.055112
340.40048,100,36446.055151
352.73712,100,36459.935352
453.1792,100,36459.935568
496.95444,100,36459.935616
372.17877,100,36459.935657
533.8553,100,36470.848765
534.095,100,36470.848938
377.71854,100,36470.848986
376.1866,100,36470.849028
390.5764,100,36484.457665
371.81433,100,36484.457826
401.12344,100,36484.457876
515.9868,100,36484.457915
368.22107,100,36496.033317
389.54004,100,36496.033467
557.1425,100,36496.033514
381.41684,100,36496.033554
371.57635,100,36510.499267
393.61218,100,36510.499412
603.54144,100,36510.499458
325.27393,100,36510.499497
389.5036,100,36523.346269
388.73264,100,36523.346418
580.74146,100,36523.346465
323.66077,100,36523.346503
386.9214,100,36535.553011
334.84192,100,36535.55316
440.36243,100,36535.553208
379.45477,100,36535.553247
296.4839,100,36548.064411
394.08554,100,36548.064554
428.63177,100,36548.064602
635.3277,100,36548.064641
309.13254,100,36560.813968
572.65356,100,36560.814116
360.37964,100,36560.814162
453.98956,100,36560.8142
316.26703,100,36572.55607
366.89664,100,36572.556213
416.61835,100,36572.55626
548.01715,100,36572.556301
429.04175,100,36583.066242
330.3632,100,36583.066402
380.7797,100,36583.06645
671.0729,100,36583.06649
329.06784,100,36594.861581
359.45197,100,36594.86173
388.05606,100,36594.861798
506.13922,100,36594.86184
527.4988,100,36606.923465
339.4403,100,36606.923655
374.81326,100,36606.923705
403.001,100,36606.923746
395.57468,100,36619.543711
369.90686,100,36619.54395
361.10953,100,36619.544012
366.91766,100,36619.544068
344.1159,100,36631.964239
285.68402,100,36631.96438
342.77234,100,36631.964425
413.13818,100,36631.964463
395.5242,100,36644.337303
440.49435,100,36644.337457
376.47696,100,36644.337505
427.37396,100,36644.337544
380.12076,100,36657.594072
386.72473,100,36657.594223
584.86066,100,36657.59427
454.4832,100,36657.594309
384.5275,100,36669.730573
354.149,100,36669.730727
565.6936,100,36669.730774
430.48083,100,36669.730814
472.44104,100,36682.562904
351.0201,100,36682.563053
507.49103,100,36682.5631
526.04584,100,36682.56314
547.35547,100,36695.955145
379.48572,100,36695.955299
285.4402,100,36695.955346
544.2001,100,36695.955386
457.5143,100,36708.936603
599.22156,100,36708.936752
437.13873,100,36708.9368
381.18106,100,36708.936839
439.68637,100,36720.760133
329.7519,100,36720.760282
397.46405,100,36720.76033
373.86673,100,36720.76037
370.88046,100,36733.570222
297.06195,100,36733.570393
397.07748,100,36733.570441
383.94153,100,36733.57048
483.83646,100,36744.582474
359.0109,100,36744.582626
304.4922,100,36744.582672
329.28384,100,36744.582711
290.72833,100,36759.963133
581.02136,100,36759.963278
524.79944,100,36759.963325
400.22162,100,36759.963364
573.79913,100,36773.269587
595.4321,100,36773.269843
384.12717,100,36773.269895
580.6073,100,36773.269943
408.83197,100,36787.057955
371.4859,100,36787.058123
330.66858,100,36787.058189
303.4486,100,36787.058248
590.9029,100,36801.917263
381.2871,100,36801.917401
381.94754,100,36801.91745
386.92255,100,36801.917491
358.1877,100,36818.425494
460.34515,100,36818.425637
381.33527,100,36818.425685
386.3366,100,36818.425726
389.8822,100,36831.195388
423.80655,100,36831.195534
332.02213,100,36831.195582
436.37146,100,36831.195622
323.83115,100,36842.340883
353.29584,100,36842.341033
297.40268,100,36842.341079
571.8993,100,36842.341118
351.4732,100,36857.604573
527.0464,100,36857.60472
400.90002,100,36857.604767
415.91888,100,36857.604845
534.6713,100,36869.592541
375.78143,100,36869.592687
472.38477,100,36869.592731
401.87222,100,36869.592768
303.94055,100,36879.955084
348.3575,100,36879.955233
401.55154,100,36879.95528
565.04224,100,36879.95532
359.2183,100,36892.894521
360.47018,100,36892.894692
572.21265,100,36892.89474
374.5813,100,36892.89478
400.88174,100,36905.152764
536.89795,100,36905.152912
574.77783,100,36905.152958
389.21487,100,36905.152997
391.6708,100,36916.690234
461.74442,100,36916.690379
310.06943,100,36916.690428
381.16437,100,36916.69047
357.44052,100,36928.766837
509.34488,100,36928.767057
466.35214,100,36928.767108
341.08188,100,36928.76715
446.39856,100,36939.792813
332.04187,100,36939.792987
411.35208,100,36939.793036
325.99677,100,36939.793076
382.67166,100,36954.302232
387.6242,100,36954.302387
555.23157,100,36954.302435
571.12036,100,36954.302475
379.91632,100,36968.223216
571.8821,100,36968.223364
472.02585,100,36968.22341
407.85086,100,36968.223448
384.823,100,36980.497063
399.72437,100,36980.497202
393.40433,100,36980.497249
340.17322,100,36980.497288
377.34595,100,36993.365024
350.8453,100,36993.365161
364.80963,100,36993.365207
347.90048,100,36993.365246
291.40503,100,37005.945922
364.255,100,37005.946059
376.91107,100,37005.946106
349.44,100,37005.946143
396.22443,100,37019.177476
383.1543,100,37019.177617
408.04626,100,37019.177665
596.87805,100,37019.177704
446.54572,100,37030.599726
484.84222,100,37030.599872
356.45816,100,37030.59992
388.23267,100,37030.59996
395.79666,100,37041.591503
385.36215,100,37041.591653
370.9738,100,37041.5917
348.3807,100,37041.591739
352.83728,100,37051.988848
412.86166,100,37051.98901
358.96896,100,37051.989057
379.00803,100,37051.989096
421.76233,100,37063.925122
336.7988,100,37063.925261
513.8993,100,37063.925308
416.85452,100,37063.925347
387.57166,100,37079.47234
382.25037,100,37079.472525
343.7938,100,37079.472572
621.8373,100,37079.472611
597.49854,100,37095.01338
380.00363,100,37095.013578
349.11282,100,37095.013627
376.9186,100,37095.013668
402.67166,100,37107.324383
328.18954,100,37107.324521
389.8554,100,37107.324568
393.01245,100,37107.324606
539.2383,100,37119.325237
312.15692,100,37119.325384
343.75272,100,37119.325432
544.79297,100,37119.325471
378.1998,100,37131.415153
445.3663,100,37131.4153
387.92883,100,37131.415346
498.37695,100,37131.415386
396.15933,100,37144.427336
341.4725,100,37144.427482
417.98126,100,37144.427531
356.41516,100,37144.42757
396.88153,100,37155.524798
363.41275,100,37155.524938
602.73694,100,37155.524985
391.39908,100,37155.525024
459.26495,100,37168.795462
536.43896,100,37168.795611
604.9995,100,37168.795658
621.531,100,37168.795697
321.56183,100,37180.203718
479.66718,100,37180.203855
371.53473,100,37180.203903
367.84595,100,37180.203943
397.51224,100,37191.628643
280.03964,100,37191.628792
427.35327,100,37191.62884
396.90213,100,37191.628881
317.07898,100,37204.109964
385.29312,100,37204.11012
264.85056,100,37204.110167
430.62192,100,37204.110205
147.1505,100,37215.518163
455.2671,100,37215.518318
331.93643,100,37215.518367
319.34067,100,37215.518406
423.41003,100,37227.360367
351.17584,100,37227.360516
431.0444,100,37227.360563
363.82654,100,37227.360602
253.60066,100,37239.673951
402.3267,100,37239.674168
308.48383,100,37239.674217
369.839,100,37239.674258
465.4981,100,37254.911916
397.17853,100,37254.912076
499.08267,100,37254.912124
301.74295,100,37254.912163
317.57904,100,37267.898102
338.88876,100,37267.898251
358.4156,100,37267.898299
424.0529,100,37267.898339
379.3318,100,37280.798818
372.1354,100,37280.798962
395.98355,100,37280.79901
384.3311,100,37280.799051
358.798,100,37292.170378
469.10126,100,37292.170514
488.9042,100,37292.170563
392.1868,100,37292.170602
372.78598,100,37304.706808
384.21143,100,37304.70695
369.29822,100,37304.706996
375.00394,100,37304.707034
249.268,100,37316.643664
350.0846,100,37316.643827
315.7291,100,37316.643877
116.96132,100,37316.643942
385.11795,100,37329.015074
328.98688,100,37329.015217
368.3045,100,37329.015261
535.55615,100,37329.015298
385.7684,100,37340.458148
380.33496,100,37340.458293
305.63257,100,37340.45834
87.451965,100,37340.458379
369.8145,100,37354.405241
397.72296,100,37354.405383
374.4701,100,37354.405428
489.27435,100,37354.405466
495.13358,100,37369.1126
421.77737,100,37369.112767
295.396,100,37369.112815
464.98956,100,37369.112856
282.93155,100,37379.847774
341.15976,100,37379.847896
390.64398,100,37379.847942
562.2256,100,37379.847979
306.196,100,37392.10219
599.7054,100,37392.102363
348.19458,100,37392.102411
341.86282,100,37392.10245
385.17377,100,37403.05551
409.78647,100,37403.05571
372.13467,100,37403.055757
344.79968,100,37403.055795
363.35263,100,37414.972048
412.6722,100,37414.972199
568.8303,100,37414.972247
363.83923,100,37414.972287
385.99686,100,37426.793749
370.54044,100,37426.793895
440.2338,100,37426.793939
361.63745,100,37426.793976
405.66113,100,37436.904606
352.09628,100,37436.904757
411.75516,100,37436.904804
208.07103,100,37436.904844
411.23663,100,37449.953896
386.32574,100,37449.954046
147.02176,100,37449.954094
349.4044,100,37449.954134
350.51587,100,37466.121179
370.24222,100,37466.121325
310.2548,100,37466.121373
404.13376,100,37466.121413
300.37122,100,37478.415447
396.3886,100,37478.415594
400.00284,100,37478.415641
526.78973,100,37478.415681
347.45197,100,37489.060498
343.4044,100,37489.060646
374.93182,100,37489.060694
497.4391,100,37489.060734
475.1019,100,37501.698303
472.86053,100,37501.698456
465.78937,100,37501.698504
373.684,100,37501.698544
390.20016,100,37513.606739
339.4001,100,37513.606908
385.2159,100,37513.606956
392.56244,100,37513.606995
411.29196,100,37527.361997
349.42923,100,37527.362146
545.6234,100,37527.362192
557.2411,100,37527.362231
384.18594,100,37541.386493
390.13345,100,37541.386676
602.49365,100,37541.386724
391.3871,100,37541.386765
370.43634,100,37555.852866
392.59723,100,37555.853063
413.14987,100,37555.853112
425.764,100,37555.853152
361.3308,100,37567.629431
365.51657,100,37567.629577
327.70023,100,37567.629626
359.12683,100,37567.629666
391.98138,100,37578.287858
349.50378,100,37578.288008
367.38184,100,37578.288057
399.14053,100,37578.288096
399.02628,100,37592.203681
427.81915,100,37592.203829
598.3152,100,37592.203877
547.9076,100,37592.203918
375.7632,100,37604.950607
376.02588,100,37604.950765
379.54135,100,37604.950813
421.358,100,37604.950854
386.11237,100,37621.932855
455.48016,100,37621.93302
396.542,100,37621.933068
369.47922,100,37621.933106
550.0704,100,37634.248226
399.40497,100,37634.248374
367.9094,100,37634.24842
355.26038,100,37634.248458
299.0282,100,37649.255405
526.9429,100,37649.255542
385.74234,100,37649.255589
497.1846,100,37649.255628
386.17056,100,37662.945933
380.1467,100,37662.946082
343.64996,100,37662.946128
324.62985,100,37662.946167
382.18948,100,37678.324564
460.9037,100,37678.324724
432.457,100,37678.32477
359.32446,100,37678.324809
374.25464,100,37691.701846
399.8085,100,37691.702004
392.87692,100,37691.702051
529.0088,100,37691.702091
301.7056,100,37702.409642
450.0441,100,37702.409878
446.4491,100,37702.409929
367.48288,100,37702.409969
449.10782,100,37715.532945
383.74542,100,37715.533094
324.91254,100,37715.533143
430.2127,100,37715.533183
501.73294,100,37728.545321
342.53513,100,37728.545472
373.3163,100,37728.54552
430.45013,100,37728.545561
374.90964,100,37741.050342
365.47314,100,37741.050493
433.69778,100,37741.050542
377.18774,100,37741.050583
405.40863,100,37754.631596
400.7245,100,37754.631746
576.8748,100,37754.631794
497.13403,100,37754.631834
400.13147,100,37765.564958
450.19568,100,37765.565111
317.5164,100,37765.565158
559.66583,100,37765.565198
446.41373,100,37779.966705
341.3158,100,37779.966853
343.94534,100,37779.966901
439.26678,100,37779.966941
379.80676,100,37794.191639
577.9785,100,37794.191787
583.3034,100,37794.191835
352.23282,100,37794.191874
382.58478,100,37808.128971
333.5152,100,37808.129129
491.1693,100,37808.129177
345.6652,100,37808.129216
481.84433,100,37821.178052
442.4045,100,37821.178203
359.63876,100,37821.178251
342.5358,100,37821.178291
309.8207,100,37835.622294
354.8112,100,37835.622462
346.50867,100,37835.62251
426.47882,100,37835.622552
341.91217,100,37847.510925
418.8236,100,37847.511068
553.0154,100,37847.511116
351.30127,100,37847.511155
354.04028,100,37859.75151
405.87408,100,37859.7517
508.2152,100,37859.75175
342.82605,100,37859.751788
427.857,100,37872.401913
382.66437,100,37872.402119
395.25488,100,37872.402168
562.5299,100,37872.402208
552.91046,100,37886.595538
598.26715,100,37886.595675
297.9077,100,37886.595724
374.73282,100,37886.595764
340.79575,100,37900.650174
343.06912,100,37900.650323
352.83783,100,37900.650371
435.06882,100,37900.650411
362.06177,100,37912.815582
344.77823,100,37912.81573
328.80646,100,37912.815778
337.07785,100,37912.815818
387.89172,100,37927.107643
625.69055,100,37927.107791
368.03745,100,37927.10784
444.3831,100,37927.107881
575.3092,100,37939.304145
385.0624,100,37939.304286
429.393,100,37939.304334
321.50504,100,37939.304375
510.87195,100,37952.126304
389.31073,100,37952.126455
528.8947,100,37952.126502
424.46606,100,37952.126542
412.22867,100,37967.186213
441.8602,100,37967.186362
372.75568,100,37967.186409
532.6064,100,37967.186449
459.64343,100,37978.854347
374.632,100,37978.8545
333.33066,100,37978.854546
294.9244,100,37978.854585
357.6779,100,37992.898004
357.87625,100,37992.898171
393.76645,100,37992.898219
371.4376,100,37992.898258
415.80072,100,38006.032663
592.01953,100,38006.03281
618.9292,100,38006.032858
645.6974,100,38006.032897
393.20935,100,38018.754051
511.98886,100,38018.754247
387.52182,100,38018.754296
370.543,100,38018.754336
368.72052,100,38031.405066
353.99054,100,38031.405265
393.5572,100,38031.405313
384.89813,100,38031.405352
570.9768,100,38047.580086
366.1522,100,38047.580232
495.985,100,38047.580279
293.24387,100,38047.580319
364.53674,100,38058.284594
345.9384,100,38058.284734
389.05984,100,38058.284781
342.68982,100,38058.28482
341.5299,100,38069.312409
372.70398,100,38069.312553
576.14606,100,38069.312599
484.6271,100,38069.312638
381.32376,100,38083.649264
496.71417,100,38083.649409
496.09637,100,38083.649456
466.50592,100,38083.649495
449.00873,100,38099.477072
330.50824,100,38099.477216
456.20975,100,38099.477265
463.3134,100,38099.477304
365.86316,100,38111.14081
370.57492,100,38111.140944
473.68607,100,38111.140991
376.58255,100,38111.141029
373.23346,100,38121.83888
296.69528,100,38121.839034
353.24435,100,38121.839083
353.52798,100,38121.839124
386.55154,100,38135.804925
496.72586,100,38135.805067
520.8495,100,38135.805116
472.46417,100,38135.805157
357.76743,100,38151.276512
388.29602,100,38151.276663
326.80313,100,38151.276712
340.1619,100,38151.276753
329.53082,100,38163.770308
336.02924,100,38163.770473
394.30832,100,38163.770522
388.72928,100,38163.770561
372.0701,100,38175.151675
523.813,100,38175.151824
373.84814,100,38175.15187
342.4353,100,38175.151909
394.90448,100,38186.394309
288.34213,100,38186.394516
303.27982,100,38186.394564
491.04196,100,38186.394603
550.49945,100,38201.065275
618.57104,100,38201.065447
408.99863,100,38201.065498
381.7759,100,38201.065539
385.04068,100,38216.116561
586.8591,100,38216.116714
350.5772,100,38216.116762
378.40103,100,38216.116802
336.15488,100,38229.022821
341.4783,100,38229.022954
484.29376,100,38229.023002
374.99966,100,38229.023041
364.6943,100,38240.61334
373.03583,100,38240.61349
364.10812,100,38240.61354
346.6588,100,38240.61358
491.90677,100,38256.085673
357.37442,100,38256.085825
518.2728,100,38256.085871
415.24908,100,38256.085908
513.7191,100,38271.249422
509.179,100,38271.249564
399.836,100,38271.24961
351.3871,100,38271.249648
333.33252,100,38282.270329
325.18982,100,38282.270474
361.9049,100,38282.270521
402.33243,100,38282.27056
313.36282,100,38294.803363
443.17447,100,38294.803536
375.1314,100,38294.803582
314.44238,100,38294.803621
337.67526,100,38306.710586
343.07907,100,38306.710761
380.26227,100,38306.71081
333.16022,100,38306.710851
386.77557,100,38320.388058
376.58688,100,38320.388207
354.44592,100,38320.388256
363.46335,100,38320.388296
431.50833,100,38332.008878
617.1171,100,38332.009032
408.27423,100,38332.00908
624.5458,100,38332.009119
344.85257,100,38344.084713
374.8509,100,38344.084932
402.9443,100,38344.084983
381.7017,100,38344.085025
588.92944,100,38358.027423
464.70245,100,38358.027596
380.2679,100,38358.027645
347.35062,100,38358.027686
392.2131,100,38369.081765
332.45755,100,38369.081907
323.03058,100,38369.081953
364.92035,100,38369.081992
284.84406,100,38379.674966
317.43027,100,38379.67511
413.82343,100,38379.675158
359.75677,100,38379.675199
489.8037,100,38393.950491
351.7902,100,38393.950636
396.18686,100,38393.950682
371.05652,100,38393.95072
314.25238,100,38407.648125
382.65787,100,38407.648259
394.56,100,38407.648304
390.3554,100,38407.648343
359.03726,100,38418.928666
403.71442,100,38418.928803
352.38077,100,38418.928849
517.00244,100,38418.928888
361.83798,100,38430.564974
371.5433,100,38430.565108
385.94772,100,38430.565154
396.39322,100,38430.565192
312.0123,100,38446.236786
353.9517,100,38446.236925
308.36935,100,38446.236977
374.25638,100,38446.237015
569.43024,100,38459.593247
612.5772,100,38459.593395
458.18002,100,38459.593441
359.04858,100,38459.59348
647.0774,100,38471.165713
353.57697,100,38471.165913
442.87915,100,38471.165961
374.7196,100,38471.166
373.8626,100,38484.721786
369.65286,100,38484.721934
368.3697,100,38484.721979
442.98233,100,38484.722017
375.74472,100,38495.224401
482.84982,100,38495.224587
377.8597,100,38495.224634
316.47546,100,38495.224673
369.7264,100,38509.929704
373.27237,100,38509.929916
392.4967,100,38509.929963
321.74557,100,38509.930001
394.34634,100,38522.61803
364.19528,100,38522.618166
380.9822,100,38522.618212
294.27014,100,38522.618251
595.2321,100,38532.92827
345.35184,100,38532.928415
441.09424,100,38532.928461
376.24545,100,38532.928499
374.6994,100,38544.086518
344.94553,100,38544.086672
341.31854,100,38544.08672
261.48776,100,38544.08676
483.46448,100,38558.0237
407.03394,100,38558.023846
382.33807,100,38558.023895
392.13162,100,38558.023936
405.4011,100,38570.584802
376.90765,100,38570.584953
316.1422,100,38570.585001
439.91425,100,38570.58504
365.92816,100,38583.126002
374.25497,100,38583.126143
429.98322,100,38583.126191
411.93283,100,38583.12623
372.12198,100,38595.034676
387.93286,100,38595.034825
388.78055,100,38595.034873
288.13977,100,38595.034914
392.23587,100,38609.037554
448.09802,100,38609.037706
489.33307,100,38609.037781
371.55734,100,38609.037828
377.72354,100,38623.08847
453.48026,100,38623.088633
329.38376,100,38623.088681
387.65503,100,38623.088722
626.92975,100,38633.743743
385.84033,100,38633.743912
532.43286,100,38633.743965
463.23737,100,38633.744006
363.74567,100,38647.126913
362.21008,100,38647.127064
406.16476,100,38647.127112
389.75278,100,38647.127152
512.08093,100,38663.256245
448.73734,100,38663.256458
481.5097,100,38663.256508
512.95526,100,38663.256548
336.94983,100,38674.782772
360.5008,100,38674.782944
434.17667,100,38674.782993
376.33463,100,38674.783035
377.98904,100,38688.626285
474.54114,100,38688.626434
639.5826,100,38688.626482
580.3336,100,38688.626522
431.32733,100,38700.820513
236.30951,100,38700.820667
355.3854,100,38700.820715
357.81763,100,38700.820755
587.0974,100,38714.084566
347.40793,100,38714.084713
314.94257,100,38714.084759
352.06445,100,38714.084797
345.97595,100,38729.065161
362.69437,100,38729.06531
476.83743,100,38729.065358
380.62897,100,38729.065398
365.28662,100,38740.794322
358.7649,100,38740.794472
365.85052,100,38740.79452
342.78748,100,38740.794559
396.3827,100,38751.956906
442.3795,100,38751.957052
381.81747,100,38751.9571
413.12936,100,38751.95714
334.15402,100,38766.950171
314.43927,100,38766.950305
408.9568,100,38766.950377
380.11203,100,38766.950422
384.91638,100,38778.034134
339.7747,100,38778.034283
427.17465,100,38778.03433
393.22537,100,38778.03437
379.00238,100,38788.982102
350.339,100,38788.982268
161.66353,100,38788.982316
623.8058,100,38788.982358
441.80646,100,38801.101973
592.3881,100,38801.102121
432.72034,100,38801.102168
393.6001,100,38801.102207
348.56528,100,38814.070771
350.5846,100,38814.070941
369.1684,100,38814.070991
350.74347,100,38814.071044
379.7256,100,38827.880056
344.4783,100,38827.880262
387.6028,100,38827.880311
342.5147,100,38827.880352
625.198,100,38838.390684
374.186,100,38838.390834
338.6669,100,38838.390882
343.76254,100,38838.390922
478.7546,100,38853.832891
600.6217,100,38853.833038
504.88687,100,38853.833085
375.32578,100,38853.833125
364.1888,100,38865.788582
323.1221,100,38865.788732
374.99146,100,38865.78878
569.2313,100,38865.788821
620.55664,100,38876.373137
461.04224,100,38876.373274
381.10568,100,38876.373322
324.83936,100,38876.373363
395.475,100,38889.508159
498.6753,100,38889.508306
544.68445,100,38889.508354
598.8572,100,38889.508394
402.98126,100,38904.31666
556.89545,100,38904.316803
421.7007,100,38904.316849
367.31326,100,38904.316887
630.6717,100,38917.461898
402.20523,100,38917.462044
353.9994,100,38917.462091
393.97894,100,38917.462129
390.5339,100,38932.410887
448.5526,100,38932.411028
563.81805,100,38932.411074
418.14304,100,38932.411114
353.02975,100,38942.756149
578.9192,100,38942.756316
411.40475,100,38942.756362
406.25967,100,38942.756401
341.175,100,38956.553018
357.71616,100,38956.55316
577.86597,100,38956.553205
367.24692,100,38956.553243
361.74045,100,38970.095305
332.482,100,38970.095523
460.0007,100,38970.095572
379.91214,100,38970.09561
359.53363,100,38982.590943
455.50998,100,38982.59111
361.33926,100,38982.591158
380.10748,100,38982.591196
376.57922,100,38995.772043
367.4961,100,38995.772187
351.6086,100,38995.772234
284.6235,100,38995.772273
195.81981,100,39008.783423
432.917,100,39008.783571
412.23245,100,39008.783618
423.86615,100,39008.783657
556.86633,100,39022.579297
484.58307,100,39022.579445
345.3305,100,39022.579493
381.76752,100,39022.579533
370.13672,100,39035.826053
370.49814,100,39035.826199
526.4979,100,39035.826245
342.42722,100,39035.826284
445.0652,100,39046.531368
374.05402,100,39046.531511
366.70825,100,39046.531557
347.17108,100,39046.531596
290.43256,100,39058.583356
418.75888,100,39058.583496
358.6634,100,39058.583542
373.09363,100,39058.583581
302.2675,100,39074.331723
503.88232,100,39074.331868
568.2557,100,39074.331913
375.3591,100,39074.331952
263.2412,100,39085.533583
445.76712,100,39085.533729
332.72223,100,39085.533795
345.79233,100,39085.533847
395.35336,100,39097.849189
374.9275,100,39097.849357
381.97684,100,39097.849407
375.8838,100,39097.849448
557.7223,100,39110.93095
373.41074,100,39110.931101
374.29456,100,39110.931148
344.70398,100,39110.931186
383.47144,100,39125.929821
375.3135,100,39125.930032
387.41785,100,39125.930081
385.9305,100,39125.93012
407.9404,100,39137.114657
388.50458,100,39137.114828
355.88574,100,39137.114877
325.05258,100,39137.114916
409.77527,100,39150.975821
383.9336,100,39150.975975
323.87552,100,39150.976027
371.5755,100,39150.976072
370.05338,100,39161.976116
373.77014,100,39161.976311
330.7994,100,39161.976389
379.46228,100,39161.976458
511.35336,100,39178.136315
589.28925,100,39178.136461
393.954,100,39178.136509
378.56638,100,39178.136547
326.9281,100,39188.93171
404.14017,100,39188.931861
314.6258,100,39188.931909
332.9954,100,39188.931949
375.84024,100,39201.866572
332.07397,100,39201.866726
413.80124,100,39201.866775
485.03796,100,39201.866814
589.693,100,39215.699581
397.89487,100,39215.699727
351.6964,100,39215.699775
358.39203,100,39215.699815
397.16446,100,39227.308334
397.76498,100,39227.308486
424.06827,100,39227.308534
325.0735,100,39227.308573
557.30707,100,39241.285684
483.2844,100,39241.285858
370.27356,100,39241.28591
346.91385,100,39241.285976
349.02045,100,39253.697253
339.46985,100,39253.697427
309.77588,100,39253.697476
425.49118,100,39253.697516
579.494,100,39265.13204
362.25974,100,39265.132192
556.8018,100,39265.132241
320.6815,100,39265.132282
348.90927,100,39276.580263
348.49667,100,39276.580444
378.56714,100,39276.580493
424.2367,100,39276.580532
353.31967,100,39288.496897
351.97897,100,39288.497101
348.46573,100,39288.49715
362.4249,100,39288.49719
379.08212,100,39300.587674
390.9718,100,39300.587817
395.43375,100,39300.587862
351.07397,100,39300.5879
411.3655,100,39314.541373
613.8252,100,39314.541515
382.42877,100,39314.54156
389.51514,100,39314.541599
469.29367,100,39327.90445
372.73718,100,39327.904588
338.1883,100,39327.904633
363.44205,100,39327.90467
425.0673,100,39341.113089
392.068,100,39341.113228
234.2007,100,39341.113277
420.62723,100,39341.113317
421.35187,100,39356.132072
379.11768,100,39356.132218
445.72665,100,39356.132266
549.9904,100,39356.132305
331.8058,100,39368.254069
376.13773,100,39368.254215
408.5775,100,39368.254262
342.9047,100,39368.254302
365.42426,100,39380.304936
381.9755,100,39380.305077
518.4751,100,39380.305125
388.6361,100,39380.305165
332.4216,100,39394.049089
536.58716,100,39394.04924
384.74918,100,39394.049289
333.11353,100,39394.049329
334.2439,100,39406.524937
369.914,100,39406.52511
476.73654,100,39406.52516
353.37534,100,39406.525201
387.8414,100,39418.944108
370.30865,100,39418.944249
394.13248,100,39418.944295
368.8806,100,39418.944333
406.6684,100,39431.947299
371.17984,100,39431.947461
350.8326,100,39431.947509
437.0991,100,39431.947548
395.4595,100,39444.020283
391.29477,100,39444.02049
425.81253,100,39444.02054
564.46625,100,39444.020579
384.66705,100,39456.071769
512.465,100,39456.07194
510.8417,100,39456.07199
365.02942,100,39456.072031
416.61627,100,39469.083828
329.95163,100,39469.083977
357.9253,100,39469.084026
352.9243,100,39469.084067
402.32108,100,39481.019696
373.60852,100,39481.019846
374.76227,100,39481.019893
377.25827,100,39481.019933
393.3494,100,39495.605942
431.85635,100,39495.606083
381.2942,100,39495.606129
346.46436,100,39495.606167
433.81894,100,39508.972504
608.8399,100,39508.972638
379.81006,100,39508.972685
268.3579,100,39508.972725
361.40332,100,39522.912977
373.32132,100,39522.91312
530.72516,100,39522.913168
355.32816,100,39522.913207
383.23425,100,39538.087883
468.21942,100,39538.088028
381.26318,100,39538.088074
267.92252,100,39538.088113
332.67676,100,39549.775569
357.67432,100,39549.775721
325.24213,100,39549.775769
542.36646,100,39549.775806
414.34564,100,39563.675036
604.1689,100,39563.675205
406.07288,100,39563.675254
566.51276,100,39563.675294
652.9168,100,39576.913152
418.87262,100,39576.913297
385.87958,100,39576.913343
515.5908,100,39576.913382
390.40894,100,39590.460707
400.05817,100,39590.460891
459.58395,100,39590.46094
358.63077,100,39590.46098
395.13028,100,39601.396711
382.77618,100,39601.396931
436.78342,100,39601.39698
388.91592,100,39601.397021
344.1729,100,39612.707791
407.76385,100,39612.707939
488.06244,100,39612.707988
376.5559,100,39612.708027
342.72705,100,39625.86079
600.36084,100,39625.860941
385.3448,100,39625.86099
323.9756,100,39625.86103
364.1989,100,39640.263016
399.76163,100,39640.263165
399.59802,100,39640.263213
381.0967,100,39640.263254
399.65344,100,39651.97282
493.68698,100,39651.972969
391.59668,100,39651.973016
332.1327,100,39651.973057
353.57172,100,39662.57607
314.48276,100,39662.576223
341.85864,100,39662.576271
343.86172,100,39662.57631
397.31525,100,39673.106411
371.88837,100,39673.106556
377.5086,100,39673.106604
509.61462,100,39673.106645
294.84476,100,39685.413969
496.63727,100,39685.414206
374.12796,100,39685.414255
282.26364,100,39685.414294
358.27554,100,39696.90607
390.38162,100,39696.906309
636.8447,100,39696.906358
469.8641,100,39696.906397
384.56396,100,39709.822969
383.76883,100,39709.82313
600.76874,100,39709.823179
309.99368,100,39709.823218
400.56952,100,39726.202155
399.084,100,39726.202389
460.7422,100,39726.202439
389.3379,100,39726.202478
362.13135,100,39741.00154
441.7494,100,39741.00179
432.37845,100,39741.001847
587.9773,100,39741.001889
308.23605,100,39751.576768
374.8513,100,39751.576925
353.9395,100,39751.576973
331.8495,100,39751.577012
391.69537,100,39764.084241
446.204,100,39764.084382
388.67505,100,39764.084429
404.08704,100,39764.084468
305.1823,100,39775.511619
465.98218,100,39775.511754
478.22147,100,39775.511801
354.61478,100,39775.511841
350.55283,100,39788.397388
339.5003,100,39788.397616
385.73627,100,39788.397666
365.83383,100,39788.397705
368.98315,100,39801.540614
329.95325,100,39801.540768
419.65323,100,39801.540817
380.9203,100,39801.540856
451.95993,100,39814.497224
512.8797,100,39814.497362
581.547,100,39814.497411
438.2312,100,39814.497452
511.05637,100,39828.053446
516.964,100,39828.053592
455.60696,100,39828.053641
583.0679,100,39828.053681
364.1048,100,39840.470978
404.30054,100,39840.471133
541.4342,100,39840.471181
397.02142,100,39840.47122
408.3751,100,39853.748091
376.04147,100,39853.748232
428.959,100,39853.74828
426.87067,100,39853.74832
402.27008,100,39868.734116
431.84402,100,39868.734285
364.75473,100,39868.734333
400.20923,100,39868.734373
337.56033,100,39879.899498
354.11325,100,39879.899716
345.34644,100,39879.899765
375.562,100,39879.899806
404.30368,100,39893.729224
452.27136,100,39893.729394
621.571,100,39893.729444
404.267,100,39893.729484
434.81833,100,39904.593712
490.7761,100,39904.593891
474.7678,100,39904.593939
600.4332,100,39904.593977
433.57065,100,39916.105934
401.37732,100,39916.106076
321.11948,100,39916.106124
358.24838,100,39916.106164
369.94363,100,39930.086091
416.0915,100,39930.08624
441.52725,100,39930.086288
396.9539,100,39930.086328
385.1115,100,39943.910926
498.25516,100,39943.911069
571.4386,100,39943.911116
442.69278,100,39943.911153
349.31915,100,39958.188945
329.2933,100,39958.18909
489.0164,100,39958.189137
406.9283,100,39958.189176
423.51334,100,39971.602281
353.04282,100,39971.602421
331.3677,100,39971.602467
375.5483,100,39971.602506
400.29794,100,39985.831484
376.097,100,39985.831631
310.07846,100,39985.831678
340.3045,100,39985.831717
429.10278,100,40001.073933
380.81393,100,40001.074071
440.0229,100,40001.074118
381.14163,100,40001.074158
281.24176,100,40013.337705
397.86047,100,40013.337899
370.73865,100,40013.337947
365.61502,100,40013.337986
400.6427,100,40025.003048
381.49582,100,40025.003194
365.66754,100,40025.003241
352.1502,100,40025.003279
391.35617,100,40038.393578
332.08737,100,40038.39377
338.2605,100,40038.393824
353.83224,100,40038.393865
375.13324,100,40050.500642
331.7111,100,40050.500842
380.6141,100,40050.500889
344.2737,100,40050.500928
375.692,100,40065.143254
382.61694,100,40065.143398
363.6157,100,40065.143444
355.99115,100,40065.143482
638.66266,100,40075.917143
336.19907,100,40075.917292
559.65906,100,40075.917339
380.32535,100,40075.917377
358.33627,100,40088.590193
354.51495,100,40088.590345
362.76315,100,40088.590393
377.8071,100,40088.590433
360.813,100,40101.712883
367.30377,100,40101.713028
384.22986,100,40101.713076
400.64374,100,40101.713115
345.9777,100,40113.510994
319.4726,100,40113.511144
382.61887,100,40113.511192
381.0559,100,40113.511231
437.0181,100,40126.931582
394.6154,100,40126.931727
381.26743,100,40126.931773
353.62445,100,40126.931811
414.64993,100,40142.550498
451.38034,100,40142.550646
429.5756,100,40142.550693
473.7635,100,40142.550733
399.19354,100,40156.973881
455.04276,100,40156.974013
462.81268,100,40156.974058
428.27893,100,40156.974094
413.53702,100,40169.306947
444.77417,100,40169.307094
497.0787,100,40169.307141
505.9205,100,40169.30718
365.79373,100,40179.752184
406.49857,100,40179.752357
480.28326,100,40179.752404
422.83536,100,40179.752444
346.70996,100,40191.116893
346.08478,100,40191.11704
518.87683,100,40191.117087
389.83524,100,40191.117127
347.12482,100,40205.175558
348.36948,100,40205.175806
526.53217,100,40205.175855
395.7857,100,40205.175896
396.55292,100,40217.894325
330.03763,100,40217.894493
299.92014,100,40217.894541
324.72186,100,40217.894581
446.09402,100,40231.064697
374.81873,100,40231.064839
373.2264,100,40231.064888
443.45795,100,40231.064927
385.89133,100,40242.933405
323.36737,100,40242.933547
374.13464,100,40242.933594
365.07425,100,40242.933634
499.04333,100,40259.483338
353.15817,100,40259.483484
393.81705,100,40259.483532
383.07104,100,40259.483571
418.58487,100,40272.011573
380.91483,100,40272.011718
407.95236,100,40272.011766
421.5312,100,40272.011822
578.44995,100,40284.092301
386.1485,100,40284.09245
469.12744,100,40284.092496
417.4769,100,40284.092536
453.5439,100,40295.475007
351.26846,100,40295.475158
391.15247,100,40295.475205
551.37994,100,40295.475246
380.32056,100,40307.503053
413.8145,100,40307.503202
414.61948,100,40307.50325
360.64392,100,40307.503291
389.79202,100,40322.591936
346.7329,100,40322.592079
582.5001,100,40322.592127
363.5185,100,40322.592166
374.3,100,40338.026829
274.79507,100,40338.026997
386.69553,100,40338.027045
378.24225,100,40338.027085
594.0382,100,40348.761724
394.59344,100,40348.761891
423.18658,100,40348.761939
536.26807,100,40348.761979
543.28925,100,40362.636397
391.07825,100,40362.636584
335.2158,100,40362.636633
587.8284,100,40362.636672
377.57764,100,40375.429774
405.1343,100,40375.429996
374.00662,100,40375.430044
399.3549,100,40375.430084
329.79053,100,40387.25276
550.575,100,40387.252907
512.703,100,40387.252953
389.17264,100,40387.252991
368.82947,100,40401.915322
401.78845,100,40401.915473
400.8168,100,40401.91552
322.46368,100,40401.915559
385.17676,100,40416.106582
392.69653,100,40416.106731
607.0926,100,40416.106779
369.37613,100,40416.106819
365.20197,100,40427.709091
357.92133,100,40427.709242
556.16187,100,40427.709289
412.36316,100,40427.709328
415.01666,100,40440.078139
509.06042,100,40440.078279
346.8088,100,40440.078325
352.1315,100,40440.078365
400.46185,100,40454.551305
372.60706,100,40454.551453
392.92963,100,40454.551501
643.5598,100,40454.55154
357.638,100,40471.305799
481.6809,100,40471.305945
507.69037,100,40471.305993
390.11105,100,40471.306032
441.47977,100,40482.171519
350.19974,100,40482.171671
340.97412,100,40482.171718
387.34323,100,40482.171756
362.12372,100,40496.94337
453.62277,100,40496.94354
381.06384,100,40496.943588
371.08176,100,40496.943628
336.73532,100,40509.043985
401.89066,100,40509.044137
383.759,100,40509.044183
348.6239,100,40509.044222
615.23413,100,40521.9209
437.6912,100,40521.921087
433.50577,100,40521.921136
400.85956,100,40521.921175
318.61908,100,40533.449686
572.71893,100,40533.449904
594.763,100,40533.449954
352.02606,100,40533.449993
277.0877,100,40546.87324
477.7167,100,40546.873389
435.8461,100,40546.873435
525.4876,100,40546.873474
403.72177,100,40557.905083
456.26236,100,40557.905232
344.3521,100,40557.905278
433.86243,100,40557.905318
347.0726,100,40571.085511
427.0804,100,40571.085657
557.4043,100,40571.085703
540.2427,100,40571.085758
385.397,100,40583.023321
367.21625,100,40583.023473
339.90085,100,40583.023521
352.90756,100,40583.023561
405.41806,100,40594.532717
451.44562,100,40594.532867
379.87485,100,40594.532914
348.3018,100,40594.532953
327.84583,100,40606.621329
386.1624,100,40606.621478
429.97998,100,40606.621526
384.43747,100,40606.621565
401.15076,100,40620.423492
326.1592,100,40620.423635
349.9685,100,40620.42368
432.89133,100,40620.423718
314.64743,100,40630.800572
332.06064,100,40630.800718
464.73764,100,40630.800763
402.14178,100,40630.800801
384.51843,100,40643.89134
406.79913,100,40643.891484
337.11288,100,40643.89153
364.47006,100,40643.891568
425.03888,100,40658.743295
386.0369,100,40658.74346
419.41537,100,40658.743506
396.3151,100,40658.743545
377.16226,100,40671.769845
353.8534,100,40671.770003
325.09512,100,40671.770049
322.90952,100,40671.770087
366.7906,100,40685.158552
352.95206,100,40685.158758
367.7275,100,40685.158826
422.945,100,40685.158866
586.4155,100,40700.048122
404.36932,100,40700.04829
340.22476,100,40700.048338
370.95203,100,40700.048378
370.07556,100,40713.30757
434.0341,100,40713.307719
382.40753,100,40713.307778
336.29514,100,40713.307821
403.9341,100,40725.721138
365.42154,100,40725.721277
608.63354,100,40725.721325
392.34854,100,40725.721364
391.98538,100,40739.613968
375.27173,100,40739.614116
414.454,100,40739.614168
440.58038,100,40739.614208
359.7116,100,40750.365316
437.43344,100,40750.365453
371.18048,100,40750.365502
551.47754,100,40750.365542
390.27982,100,40761.657141
433.49823,100,40761.657276
406.03238,100,40761.657325
531.83026,100,40761.657365
375.3074,100,40775.784048
520.1299,100,40775.784199
565.51575,100,40775.784247
468.74942,100,40775.784286
348.27158,100,40787.55407
329.4331,100,40787.554219
395.41803,100,40787.554267
423.03085,100,40787.554306
345.47205,100,40798.990031
450.17346,100,40798.990181
403.93027,100,40798.99023
371.8317,100,40798.99027
479.54202,100,40812.192786
443.79852,100,40812.192952
552.23486,100,40812.193001
380.82178,100,40812.193041
359.4011,100,40832.096386
374.77322,100,40832.096522
365.5739,100,40832.096568
392.02316,100,40832.096606
446.0627,100,40846.588711
529.4081,100,40846.588894
400.12036,100,40846.588941
376.0631,100,40846.588978
366.79855,100,40858.357342
353.8643,100,40858.357544
573.19885,100,40858.357593
350.1391,100,40858.357634
341.19482,100,40872.127362
389.552,100,40872.127513
399.13544,100,40872.12756
363.6896,100,40872.127601
382.5912,100,40885.818326
419.668,100,40885.818477
403.8427,100,40885.818526
378.97452,100,40885.818565
475.8781,100,40896.227458
428.9388,100,40896.227613
366.83618,100,40896.227661
317.7944,100,40896.2277
366.80817,100,40907.171754
349.61615,100,40907.171902
393.5713,100,40907.171951
422.59512,100,40907.171993
372.61023,100,40921.62626
339.5814,100,40921.626389
580.5668,100,40921.626437
381.233,100,40921.626478
423.60568,100,40935.007506
444.10873,100,40935.007658
394.569,100,40935.007706
335.58237,100,40935.007747
510.10318,100,40948.153527
374.94992,100,40948.15367
367.2751,100,40948.153718
307.65952,100,40948.153789
253.19122,100,40960.577041
382.38623,100,40960.577176
345.9621,100,40960.577222
352.87186,100,40960.57726
477.83737,100,40971.066574
308.27353,100,40971.066734
393.72226,100,40971.066782
332.60693,100,40971.066821
355.92398,100,40983.647528
488.56448,100,40983.647669
403.07303,100,40983.647717
349.6427,100,40983.647757
405.06,100,40998.704203
398.96103,100,40998.704407
465.9632,100,40998.704454
496.68842,100,40998.704493
331.00653,100,41011.088641
419.79205,100,41011.088817
384.29367,100,41011.088865
610.65717,100,41011.088907
330.28748,100,41022.623163
390.93805,100,41022.623311
344.9574,100,41022.623358
397.48892,100,41022.623396
434.8663,100,41039.694001
418.64203,100,41039.694153
549.6075,100,41039.694201
333.20584,100,41039.694243
522.0226,100,41051.971851
390.261,100,41051.971998
391.65265,100,41051.972045
379.03107,100,41051.972088
432.5779,100,41063.628091
411.72543,100,41063.628239
475.41385,100,41063.628286
531.0338,100,41063.628326
539.1938,100,41075.992251
388.75803,100,41075.992396
359.21893,100,41075.992445
350.41476,100,41075.992485
402.89633,100,41088.692116
367.33673,100,41088.69226
603.614,100,41088.692308
358.23944,100,41088.692348
399.94455,100,41102.905401
318.56506,100,41102.905545
377.35098,100,41102.905592
475.97632,100,41102.905632
391.9993,100,41119.121624
531.2931,100,41119.121789
577.21265,100,41119.121846
392.50464,100,41119.12189
303.36642,100,41130.398967
588.962,100,41130.399137
508.09866,100,41130.399184
364.4544,100,41130.399224
422.83087,100,41145.992634
434.46826,100,41145.99278
396.87152,100,41145.992827
395.51184,100,41145.992866
445.0327,100,41157.567907
368.83743,100,41157.568091
408.9995,100,41157.568141
348.55295,100,41157.568181
413.6085,100,41169.332961
377.67236,100,41169.333171
433.06094,100,41169.333221
346.73386,100,41169.3333
381.38995,100,41183.138203
423.95483,100,41183.138345
278.98715,100,41183.138391
390.77206,100,41183.138432
294.94672,100,41199.408404
356.1216,100,41199.408547
455.68912,100,41199.408594
546.37195,100,41199.408633
354.7034,100,41212.677041
348.76498,100,41212.677191
434.33258,100,41212.677239
355.21753,100,41212.677279
467.87094,100,41224.658793
317.9658,100,41224.659027
346.4611,100,41224.659077
364.54114,100,41224.659117
514.7831,100,41237.71735
401.2001,100,41237.717497
405.83255,100,41237.717545
410.5174,100,41237.717585
369.8986,100,41251.908275
322.57196,100,41251.908516
424.01147,100,41251.908566
395.0283,100,41251.908607
319.8201,100,41267.965398
336.52353,100,41267.965588
498.96152,100,41267.965637
511.1925,100,41267.965677
395.54532,100,41279.441658
344.3397,100,41279.441878
342.2986,100,41279.441927
371.1363,100,41279.441967
404.14615,100,41290.843959
350.27234,100,41290.844111
367.99915,100,41290.844159
400.11908,100,41290.844198
567.14215,100,41304.842645
360.3625,100,41304.842796
478.35715,100,41304.842844
359.99176,100,41304.842884
440.8199,100,41319.556592
424.97192,100,41319.556808
431.1285,100,41319.556858
454.02438,100,41319.556898
360.76932,100,41330.369573
391.749,100,41330.369756
408.6201,100,41330.369812
357.37946,100,41330.369855
352.71927,100,41343.355543
460.99658,100,41343.355688
363.88095,100,41343.355736
400.77243,100,41343.355776
418.2325,100,41357.936128
377.58298,100,41357.93628
503.9067,100,41357.936329
405.63437,100,41357.93637
596.3868,100,41372.699801
391.71826,100,41372.699942
448.51294,100,41372.699989
621.05756,100,41372.700027
330.14273,100,41384.573831
412.07028,100,41384.57398
443.29453,100,41384.574029
425.23474,100,41384.574069
406.6094,100,41399.06336
350.8717,100,41399.06353
370.4696,100,41399.063579
394.6477,100,41399.06362
431.9997,100,41412.12427
433.85333,100,41412.124424
378.9805,100,41412.124473
444.05154,100,41412.124513
437.65067,100,41424.969179
495.89795,100,41424.969417
386.6499,100,41424.969468
322.24313,100,41424.969509
445.8014,100,41437.942093
370.53848,100,41437.94224
338.4509,100,41437.942288
371.5619,100,41437.942327
452.87073,100,41452.612549
425.00937,100,41452.612696
537.4331,100,41452.612743
584.5582,100,41452.612783
335.5496,100,41465.336933
597.99304,100,41465.337082
614.13776,100,41465.337132
382.5995,100,41465.337173
464.7324,100,41478.466754
557.4893,100,41478.466902
480.1078,100,41478.466951
331.81943,100,41478.46699
612.71954,100,41493.099183
353.73035,100,41493.099328
446.67334,100,41493.099376
440.8515,100,41493.099415
351.35617,100,41506.040464
396.0135,100,41506.040618
440.30447,100,41506.040666
550.18994,100,41506.040704
394.11258,100,41520.78328
370.25977,100,41520.783419
564.78784,100,41520.783465
395.54788,100,41520.783504
421.27292,100,41533.49856
406.183,100,41533.498702
356.12463,100,41533.49875
288.24762,100,41533.498791
378.54446,100,41547.64184
357.58755,100,41547.64201
419.0639,100,41547.642058
373.31604,100,41547.642098
399.5548,100,41559.40501
417.8371,100,41559.405161
506.43558,100,41559.405209
529.62134,100,41559.405249
542.2949,100,41576.974597
522.545,100,41576.974806
377.34363,100,41576.974854
482.7108,100,41576.974894
379.31967,100,41587.514883
325.2818,100,41587.515047
422.81033,100,41587.515093
357.1152,100,41587.515131
372.9087,100,41598.892663
365.9683,100,41598.892813
444.72977,100,41598.89286
376.55267,100,41598.892899
358.67862,100,41612.809014
320.28436,100,41612.80916
403.9702,100,41612.809207
435.8919,100,41612.809245
382.8748,100,41626.416153
572.6844,100,41626.4163
316.7018,100,41626.416347
346.59717,100,41626.416385
323.658,100,41637.680951
360.96396,100,41637.681096
595.76685,100,41637.681144
360.9428,100,41637.681184
587.8126,100,41648.46645
327.5429,100,41648.466597
402.4152,100,41648.466644
335.48215,100,41648.466683
422.24594,100,41662.29559
375.32806,100,41662.295736
321.80408,100,41662.295783
341.05597,100,41662.295821
305.15176,100,41675.698368
355.3276,100,41675.698537
346.56174,100,41675.698585
398.22574,100,41675.698622
359.37488,100,41688.928122
505.54907,100,41688.928272
397.0115,100,41688.928321
479.7285,100,41688.928362
565.00183,100,41702.100098
585.54626,100,41702.100263
417.24268,100,41702.10031
336.52512,100,41702.100349
387.1956,100,41716.361529
376.3491,100,41716.361668
326.86978,100,41716.361715
405.77655,100,41716.361785
454.9536,100,41733.864664
404.09454,100,41733.864806
453.40976,100,41733.864855
408.9978,100,41733.864894
296.2622,100,41745.187881
357.9889,100,41745.188115
397.72644,100,41745.188164
438.60696,100,41745.188204
460.04602,100,41759.537575
412.04428,100,41759.537728
376.06808,100,41759.537797
372.0172,100,41759.537841
374.7521,100,41772.357715
369.85217,100,41772.357873
317.26132,100,41772.357919
519.8681,100,41772.357957
331.39215,100,41785.366491
308.6918,100,41785.366639
400.25327,100,41785.366686
335.22324,100,41785.366726
347.6592,100,41796.794782
342.89276,100,41796.794932
531.3621,100,41796.79498
559.0682,100,41796.795019
576.9981,100,41811.589393
361.46335,100,41811.589535
446.66135,100,41811.58958
416.1773,100,41811.589618
488.89398,100,41824.833064
295.16763,100,41824.833206
370.59048,100,41824.833252
381.49878,100,41824.833291
542.17004,100,41840.000924
581.2598,100,41840.001074
451.81732,100,41840.001121
405.68738,100,41840.001161
316.3416,100,41852.334544
417.47812,100,41852.334696
366.30957,100,41852.334745
350.03073,100,41852.334784
390.80997,100,41864.631009
350.20203,100,41864.631159
318.78287,100,41864.631207
472.68597,100,41864.631246
355.7515,100,41879.768281
581.91534,100,41879.768446
482.81668,100,41879.768494
337.81595,100,41879.768533
337.87207,100,41892.048891
448.81784,100,41892.049041
549.76935,100,41892.049089
359.56494,100,41892.049129
556.5569,100,41907.442581
265.26266,100,41907.442793
410.22583,100,41907.442842
428.90973,100,41907.442882
393.06094,100,41921.481187
367.395,100,41921.481355
427.54123,100,41921.481404
373.92834,100,41921.481444
330.13748,100,41932.019478
342.71158,100,41932.019631
305.23154,100,41932.019681
407.97055,100,41932.019724
432.84427,100,41946.642076
334.17474,100,41946.642226
461.93365,100,41946.642275
352.87802,100,41946.642315
426.7733,100,41960.891584
392.7839,100,41960.891732
431.76566,100,41960.891778
422.40985,100,41960.891818
364.70828,100,41972.286642
371.54868,100,41972.286791
397.46286,100,41972.286837
350.69568,100,41972.286874
379.923,100,41989.041859
435.53354,100,41989.042007
372.88318,100,41989.042055
475.4635,100,41989.042094
405.2204,100,42002.809855
579.412,100,42002.810001
365.5231,100,42002.810048
412.65106,100,42002.810088
558.3494,100,42018.99663
560.0359,100,42018.996775
623.32294,100,42018.996824
370.97665,100,42018.996864
484.4531,100,42033.340321
606.15454,100,42033.340465
334.51254,100,42033.340513
616.9879,100,42033.340554
441.07816,100,42044.279633
295.59293,100,42044.279788
306.03552,100,42044.279836
417.17438,100,42044.279874
438.8588,100,42057.921402
500.17654,100,42057.92155
370.7751,100,42057.921598
465.95114,100,42057.921637
436.36722,100,42070.454319
445.77527,100,42070.454505
462.98413,100,42070.454555
573.85376,100,42070.454595
312.7422,100,42085.538081
389.79132,100,42085.538287
478.2984,100,42085.538336
356.3272,100,42085.538377
552.01105,100,42096.809131
338.44144,100,42096.809268
371.5632,100,42096.809316
386.3668,100,42096.809356
388.64352,100,42110.057175
565.8767,100,42110.057317
361.2749,100,42110.057364
409.59424,100,42110.057402
489.22113,100,42122.115654
504.23407,100,42122.115801
426.71094,100,42122.115849
363.9863,100,42122.11589
399.3717,100,42133.410082
363.36874,100,42133.410233
299.37894,100,42133.410282
331.5254,100,42133.410326
441.92508,100,42145.788085
364.886,100,42145.788231
261.73593,100,42145.78828
424.53137,100,42145.78832
543.3581,100,42161.444058
360.71475,100,42161.444205
480.27426,100,42161.444253
378.38327,100,42161.444293
379.66428,100,42175.903263
575.32666,100,42175.903444
347.33792,100,42175.903492
623.0859,100,42175.903531
529.174,100,42191.026576
451.0615,100,42191.026718
342.4882,100,42191.026763
588.7054,100,42191.026803
373.1268,100,42204.210872
363.09717,100,42204.211041
626.0801,100,42204.211088
372.31384,100,42204.211128
379.19464,100,42218.149158
320.50607,100,42218.149305
335.17014,100,42218.149352
580.44995,100,42218.149392
371.2903,100,42233.418571
459.82263,100,42233.418724
350.37595,100,42233.418773
491.95285,100,42233.418813
370.47803,100,42246.238418
381.0372,100,42246.238653
434.1026,100,42246.238703
297.62347,100,42246.238744
355.3287,100,42257.403394
406.4197,100,42257.403529
263.85934,100,42257.403578
386.36002,100,42257.403619
492.0621,100,42271.366276
563.43884,100,42271.366424
322.83646,100,42271.366473
323.31638,100,42271.366513
490.97894,100,42283.121001
551.31665,100,42283.121151
371.06613,100,42283.121199
577.6618,100,42283.12124
386.522,100,42296.726113
634.9295,100,42296.726259
560.80145,100,42296.726307
329.98242,100,42296.726348
357.14166,100,42313.151693
483.82635,100,42313.151844
428.9786,100,42313.151892
317.28827,100,42313.151932
323.93677,100,42329.884452
402.742,100,42329.884602
473.15698,100,42329.884649
330.57812,100,42329.884688
342.6865,100,42341.746634
566.2842,100,42341.746788
378.72186,100,42341.746837
617.165,100,42341.746877
321.75558,100,42353.35717
521.431,100,42353.357323
375.3123,100,42353.357371
564.36487,100,42353.357412
354.30984,100,42366.57075
343.79303,100,42366.570919
446.3616,100,42366.570968
527.61383,100,42366.571007
577.746,100,42379.091039
418.85214,100,42379.091188
338.38583,100,42379.091234
361.09546,100,42379.091272
311.74567,100,42391.499398
351.27435,100,42391.499587
447.82016,100,42391.499635
312.2256,100,42391.499677
346.39526,100,42402.927983
490.5607,100,42402.928189
350.6097,100,42402.928238
344.0416,100,42402.928278
392.38586,100,42414.130695
540.87305,100,42414.130847
346.05203,100,42414.130895
324.3292,100,42414.130934
295.98642,100,42428.545224
480.42322,100,42428.545373
410.46585,100,42428.545422
560.6817,100,42428.545461
413.8157,100,42441.266043
387.09753,100,42441.266193
361.79028,100,42441.266242
399.96732,100,42441.266283
412.4186,100,42455.426138
526.4059,100,42455.426287
503.27072,100,42455.426334
423.837,100,42455.426374
397.21057,100,42468.484649
341.63425,100,42468.484793
344.2041,100,42468.484838
345.8075,100,42468.484877
428.09903,100,42483.639812
425.31537,100,42483.639944
391.22614,100,42483.639991
375.79135,100,42483.640028
415.13293,100,42494.871743
486.19388,100,42494.871886
504.6036,100,42494.871932
481.0817,100,42494.871971
343.652,100,42505.930828
581.16504,100,42505.930978
294.54425,100,42505.931027
509.78342,100,42505.931067
381.79208,100,42518.512543
374.2308,100,42518.512711
286.96808,100,42518.51276
414.40506,100,42518.5128
350.99026,100,42534.099632
352.47278,100,42534.09977
339.99734,100,42534.099817
373.1983,100,42534.099857
366.612,100,42544.98045
406.30997,100,42544.980597
366.49426,100,42544.980647
415.3641,100,42544.980687
353.47247,100,42556.281639
180.27995,100,42556.281866
468.50827,100,42556.281915
587.2616,100,42556.281954
522.4948,100,42567.7188
339.47714,100,42567.718961
387.42978,100,42567.719009
596.6544,100,42567.719048
368.8486,100,42580.513184
372.13535,100,42580.513339
459.11206,100,42580.513385
423.82013,100,42580.513421
469.09186,100,42595.946412
564.56683,100,42595.946557
567.03485,100,42595.946603
602.90405,100,42595.946641
586.0526,100,42609.1222
353.60532,100,42609.122345
337.2213,100,42609.122394
452.56604,100,42609.122433
387.29733,100,42622.204542
433.50595,100,42622.204684
368.31345,100,42622.20473
386.07983,100,42622.204768
375.06216,100,42635.126139
382.45142,100,42635.126286
493.33255,100,42635.126333
279.06485,100,42635.126371
383.43192,100,42646.810338
365.6723,100,42646.810483
321.25928,100,42646.810529
436.47726,100,42646.810566
580.07776,100,42659.096402
544.33264,100,42659.096542
398.91663,100,42659.096602
312.9025,100,42659.096645
331.44498,100,42673.188369
408.60596,100,42673.188517
401.69943,100,42673.188565
380.4182,100,42673.188606
349.55124,100,42685.021013
396.40024,100,42685.021191
396.44928,100,42685.02124
404.49426,100,42685.021281
323.89755,100,42701.114832
343.06317,100,42701.114963
615.7976,100,42701.115008
590.3285,100,42701.115046
349.86902,100,42714.258702
334.63126,100,42714.258888
410.01495,100,42714.258937
361.2818,100,42714.258978
338.31366,100,42729.284949
398.3167,100,42729.285154
569.6891,100,42729.285203
260.63632,100,42729.285242
525.9941,100,42743.36958
591.8424,100,42743.369728
366.7572,100,42743.369796
460.0004,100,42743.369839
418.36832,100,42756.069693
517.21265,100,42756.069858
485.5106,100,42756.069917
409.40994,100,42756.069961
371.7379,100,42768.973819
493.49023,100,42768.973964
332.81445,100,42768.974012
340.9269,100,42768.974052
363.13614,100,42781.521061
356.9385,100,42781.52121
524.11115,100,42781.521257
346.71243,100,42781.521298
357.98325,100,42795.158011
464.98697,100,42795.15815
384.76413,100,42795.158196
346.32864,100,42795.158234
399.39114,100,42808.725177
585.3145,100,42808.725322
392.33313,100,42808.725368
591.7825,100,42808.725406
282.3493,100,42821.97453
417.95322,100,42821.974655
382.76807,100,42821.9747
293.0147,100,42821.974738
393.74222,100,42836.525231
585.1052,100,42836.525385
524.81726,100,42836.525432
386.8377,100,42836.525472
416.8022,100,42851.464896
548.2578,100,42851.465061
408.42386,100,42851.46511
401.796,100,42851.465149
372.9423,100,42863.797375
353.02634,100,42863.797521
361.4986,100,42863.797569
320.4743,100,42863.797608
349.76535,100,42874.83016
331.0363,100,42874.830305
603.40265,100,42874.830351
366.29242,100,42874.83039
384.75317,100,42890.026567
508.55243,100,42890.026792
614.3078,100,42890.026841
523.48083,100,42890.026882
343.52982,100,42907.832674
387.87677,100,42907.832821
372.66782,100,42907.832868
398.0822,100,42907.832908
497.72925,100,42921.26981
329.67566,100,42921.269965
329.90665,100,42921.270013
383.0641,100,42921.270052
415.74802,100,42933.304807
327.27325,100,42933.304953
297.5327,100,42933.305
436.77835,100,42933.305039
335.38788,100,42944.730019
294.36105,100,42944.730168
344.36575,100,42944.730215
525.72766,100,42944.730255
460.9622,100,42961.028723
649.8795,100,42961.028868
428.59412,100,42961.028915
416.4943,100,42961.028954
376.8719,100,42971.833692
555.1105,100,42971.833856
546.8943,100,42971.833905
294.26346,100,42971.833944
380.6857,100,42988.444617
499.1538,100,42988.444765
404.68594,100,42988.444813
383.26834,100,42988.444854
363.34958,100,42999.510243
332.35156,100,42999.510391
382.71793,100,42999.510439
308.9596,100,42999.510479
585.8221,100,43013.688944
359.07123,100,43013.689122
534.0857,100,43013.68917
338.50397,100,43013.689211
459.07593,100,43026.692697
439.485,100,43026.692839
396.54733,100,43026.692885
528.851,100,43026.692924
425.63892,100,43037.674073
337.1262,100,43037.674256
378.73734,100,43037.674304
583.3097,100,43037.674343
394.5978,100,43048.485931
330.13882,100,43048.486134
492.4663,100,43048.486184
486.07938,100,43048.486237
571.43604,100,43063.622302
342.255,100,43063.622445
420.62,100,43063.622492
511.31836,100,43063.622532
397.4778,100,43080.248447
445.6181,100,43080.248594
446.5555,100,43080.248641
511.94952,100,43080.24868
452.07248,100,43095.749487
436.17783,100,43095.749629
367.78003,100,43095.749676
403.24875,100,43095.749716
380.62515,100,43108.061813
351.28757,100,43108.061954
341.19876,100,43108.062002
338.89362,100,43108.062044
564.86346,100,43122.973134
528.6694,100,43122.973272
425.6868,100,43122.97332
299.6578,100,43122.973358
340.7617,100,43134.822834
519.385,100,43134.822973
607.40247,100,43134.82302
321.29422,100,43134.823059
481.4658,100,43150.73776
322.75748,100,43150.73791
492.87677,100,43150.737957
593.8882,100,43150.737997
430.26523,100,43162.920793
588.0115,100,43162.920942
352.23587,100,43162.920989
292.08893,100,43162.92107
435.82553,100,43177.270692
383.56403,100,43177.270856
415.4067,100,43177.270904
554.04974,100,43177.270945
462.095,100,43190.785456
531.2722,100,43190.785604
342.89386,100,43190.78565
320.5084,100,43190.785689
328.05325,100,43202.724555
434.68658,100,43202.724745
345.33936,100,43202.724793
367.56842,100,43202.724833
344.28232,100,43213.979718
504.04608,100,43213.97992
460.8918,100,43213.979969
472.4711,100,43213.980008
343.54193,100,43229.038659
364.5546,100,43229.038804
330.9816,100,43229.038851
381.75204,100,43229.038891
345.9048,100,43240.782073
322.77383,100,43240.782217
304.16833,100,43240.782265
480.34717,100,43240.782304
417.56824,100,43251.476029
322.84586,100,43251.476176
365.9004,100,43251.476223
571.10803,100,43251.476261
356.0673,100,43263.911255
451.65646,100,43263.911401
406.1743,100,43263.911448
416.48978,100,43263.911487
456.27216,100,43277.401271
580.8209,100,43277.401415
512.4107,100,43277.401462
448.36,100,43277.401501
372.9361,100,43287.852254
390.10953,100,43287.852401
318.63916,100,43287.852448
330.53027,100,43287.852486
356.9201,100,43303.320454
444.04416,100,43303.320599
365.50006,100,43303.320647
607.6636,100,43303.320686
535.3781,100,43316.759723
370.2554,100,43316.759874
373.65488,100,43316.759922
343.06137,100,43316.759962
378.77136,100,43332.150655
550.2715,100,43332.150828
388.9936,100,43332.150875
324.40176,100,43332.150913
582.10144,100,43346.257477
375.09613,100,43346.257622
591.1351,100,43346.257669
552.00916,100,43346.257709
377.0448,100,43359.728983
612.2302,100,43359.729132
536.17377,100,43359.72918
422.0813,100,43359.729221
312.34055,100,43374.546761
424.59863,100,43374.546968
386.70477,100,43374.547018
377.98035,100,43374.547057
370.071,100,43386.22036
366.7822,100,43386.220515
419.8781,100,43386.220564
270.58456,100,43386.220604
585.50116,100,43400.700774
382.24277,100,43400.70092
455.9829,100,43400.700968
478.9554,100,43400.701007
311.84683,100,43411.983824
380.89694,100,43411.983971
351.94955,100,43411.984019
532.0238,100,43411.984058
592.9213,100,43427.317866
373.92902,100,43427.318007
451.19012,100,43427.318053
557.6808,100,43427.318092
421.93872,100,43440.284731
353.44928,100,43440.284879
441.16016,100,43440.284928
479.61203,100,43440.284968
570.32654,100,43453.726444
336.33972,100,43453.726573
360.2878,100,43453.726619
356.64474,100,43453.726658
293.82468,100,43469.503345
397.68842,100,43469.50348
376.74448,100,43469.503528
573.03723,100,43469.503567
395.47946,100,43482.266827
385.58362,100,43482.26696
354.38608,100,43482.267006
321.68878,100,43482.267046
434.00165,100,43496.133185
375.0291,100,43496.133322
589.54407,100,43496.133369
331.58157,100,43496.133409
357.11533,100,43509.867178
478.2144,100,43509.867333
503.75198,100,43509.86738
569.1515,100,43509.867418
338.46762,100,43521.000902
389.08813,100,43521.001043
377.17587,100,43521.001089
362.0122,100,43521.001128
394.92798,100,43535.886608
360.45566,100,43535.886788
352.71454,100,43535.886835
596.1023,100,43535.886873
379.41678,100,43548.876585
443.8325,100,43548.87678
402.66537,100,43548.87683
413.36234,100,43548.876871
585.722,100,43563.311285
510.3908,100,43563.31142
278.16837,100,43563.311469
442.42163,100,43563.311509
587.1167,100,43575.724505
593.4569,100,43575.724653
444.31448,100,43575.7247
360.27655,100,43575.724747
346.45795,100,43587.950843
391.86816,100,43587.950991
559.9391,100,43587.951039
441.3154,100,43587.951078
452.48193,100,43601.579884
295.25238,100,43601.580031
578.95294,100,43601.580079
561.2457,100,43601.580119
447.26328,100,43612.044894
459.1751,100,43612.04504
474.35764,100,43612.045088
583.5178,100,43612.045128
383.349,100,43625.635262
524.0119,100,43625.635406
373.28714,100,43625.635454
365.02567,100,43625.635494
350.53488,100,43637.993183
330.24783,100,43637.993333
331.12213,100,43637.99339
559.393,100,43637.993432
445.9466,100,43650.656199
346.48807,100,43650.656359
355.73813,100,43650.656407
553.0073,100,43650.656445
591.7097,100,43662.45634
407.73572,100,43662.456485
355.30582,100,43662.456532
415.4175,100,43662.456572
360.20438,100,43674.483556
375.1726,100,43674.483683
512.69446,100,43674.483729
338.9922,100,43674.483768
462.19556,100,43687.68615
586.71155,100,43687.686291
423.398,100,43687.686337
397.04193,100,43687.686375
530.9641,100,43703.018521
326.55182,100,43703.018732
398.61124,100,43703.018781
449.35684,100,43703.018819
366.88965,100,43716.539539
313.7188,100,43716.539683
583.6951,100,43716.539729
587.89996,100,43716.539768
395.2287,100,43729.081268
392.42172,100,43729.081402
367.44125,100,43729.081449
479.18356,100,43729.081488
348.77225,100,43740.616724
361.9936,100,43740.61688
321.0155,100,43740.616928
495.0184,100,43740.616969
401.1036,100,43754.088734
448.41583,100,43754.088884
433.92438,100,43754.088933
315.93335,100,43754.088974
489.15988,100,43766.258255
344.9897,100,43766.258405
370.55447,100,43766.258455
435.5507,100,43766.258495
453.09082,100,43781.811532
463.96527,100,43781.811682
586.7423,100,43781.811731
383.09512,100,43781.811772
305.4176,100,43795.823147
395.98398,100,43795.823286
336.73138,100,43795.823334
335.87747,100,43795.823374
304.42352,100,43810.281156
340.2734,100,43810.281305
440.4926,100,43810.281354
399.21625,100,43810.281394
453.1572,100,43824.318456
479.44925,100,43824.318596
435.71692,100,43824.318643
334.1692,100,43824.318683
442.8554,100,43837.516485
458.40912,100,43837.516656
591.7615,100,43837.516705
289.2654,100,43837.516746
306.24896,100,43850.121272
423.62027,100,43850.121423
343.99905,100,43850.121472
499.1157,100,43850.121513
594.83826,100,43866.191796
331.34784,100,43866.192003
638.1677,100,43866.192053
433.14215,100,43866.192094
298.9094,100,43879.856453
379.33307,100,43879.85662
555.9131,100,43879.856668
318.9478,100,43879.856707
570.8568,100,43893.146456
418.61383,100,43893.14661
484.70352,100,43893.146657
353.14536,100,43893.146698
367.04187,100,43907.40282
362.81143,100,43907.402954
303.2307,100,43907.403001
493.55142,100,43907.40304
517.0374,100,43920.356282
536.53406,100,43920.356429
419.41238,100,43920.356477
558.3639,100,43920.356515
309.65085,100,43931.530855
450.13763,100,43931.531006
585.2647,100,43931.531054
603.28235,100,43931.531095
276.57706,100,43942.491679
484.5577,100,43942.491819
478.10358,100,43942.491865
398.76086,100,43942.491903
334.95096,100,43953.530579
390.8566,100,43953.530719
569.35645,100,43953.530766
284.18933,100,43953.530806
448.39508,100,43966.194421
357.73077,100,43966.194565
405.29373,100,43966.194613
350.1924,100,43966.194652
381.21808,100,43977.798248
425.54044,100,43977.798396
356.69272,100,43977.798444
376.86172,100,43977.798484
597.5734,100,43988.414577
354.61172,100,43988.414738
414.46625,100,43988.414787
493.51367,100,43988.414826
442.14624,100,44002.695872
422.76102,100,44002.696016
368.21268,100,44002.696062
433.22537,100,44002.696101
415.25638,100,44016.946262
559.17975,100,44016.946441
347.41574,100,44016.946489
298.8548,100,44016.946528
362.27335,100,44031.408569
514.968,100,44031.408769
295.07828,100,44031.408817
525.95197,100,44031.408857
479.03293,100,44043.647673
551.0334,100,44043.647812
451.0665,100,44043.647859
551.15344,100,44043.647898
338.4504,100,44055.799592
489.38367,100,44055.799738
613.8454,100,44055.799786
471.31836,100,44055.799826
412.72986,100,44068.665333
312.80997,100,44068.665473
365.28882,100,44068.665521
389.09705,100,44068.66556
342.74252,100,44080.330606
389.88797,100,44080.330756
441.80298,100,44080.330803
330.11456,100,44080.330843
345.77777,100,44091.525386
468.07816,100,44091.525525
316.68143,100,44091.525573
320.38943,100,44091.525613
310.96356,100,44103.352216
384.69852,100,44103.352364
544.7063,100,44103.352412
375.1651,100,44103.352452
583.5172,100,44119.980508
424.44156,100,44119.980658
377.2517,100,44119.980707
447.2491,100,44119.980745
327.44016,100,44131.588527
410.26447,100,44131.588667
371.86032,100,44131.588715
354.77948,100,44131.588753
418.48456,100,44144.053678
526.42847,100,44144.053903
395.47702,100,44144.053952
359.55875,100,44144.053992
370.57373,100,44155.687925
530.4651,100,44155.688068
339.86606,100,44155.688114
356.12445,100,44155.688153
344.2684,100,44168.227802
339.12167,100,44168.227944
555.0371,100,44168.227992
423.70767,100,44168.228031
409.76407,100,44179.890175
342.23904,100,44179.890388
291.68985,100,44179.890437
457.79565,100,44179.890476
321.0927,100,44191.480527
357.97357,100,44191.480685
630.71094,100,44191.480735
316.4809,100,44191.480774
380.48853,100,44202.128952
518.5329,100,44202.12908
408.27066,100,44202.129128
425.8261,100,44202.129167
448.4453,100,44218.123252
393.90378,100,44218.123398
373.18362,100,44218.123446
333.32397,100,44218.123488
345.9432,100,44229.401427
562.9159,100,44229.401577
367.85538,100,44229.401626
362.10043,100,44229.401665
428.2056,100,44243.297076
407.14612,100,44243.297221
373.12546,100,44243.297268
352.48434,100,44243.297306
325.95377,100,44255.359847
461.37384,100,44255.359995
387.2292,100,44255.360044
489.90506,100,44255.360085
367.86545,100,44269.208099
600.71893,100,44269.20824
433.83542,100,44269.208287
303.5622,100,44269.208327
368.56677,100,44281.612642
352.83063,100,44281.612789
374.6147,100,44281.612835
360.46442,100,44281.612874
337.44818,100,44293.939381
370.06186,100,44293.939537
537.3051,100,44293.939584
392.32193,100,44293.939624
317.93304,100,44307.222367
354.40646,100,44307.222497
503.16656,100,44307.222545
417.5061,100,44307.222585
367.89642,100,44321.224207
330.7758,100,44321.224382
439.42017,100,44321.224431
375.4512,100,44321.224472
446.98657,100,44333.624278
648.15,100,44333.624469
442.68524,100,44333.624517
421.2513,100,44333.624557
310.926,100,44347.642868
409.75488,100,44347.643017
381.7821,100,44347.643063
415.41837,100,44347.643101
553.4606,100,44362.411793
394.28574,100,44362.411922
324.57678,100,44362.411969
494.8042,100,44362.412009
313.55536,100,44375.668966
324.06726,100,44375.669107
408.83038,100,44375.669155
391.97626,100,44375.669194
382.24426,100,44389.730921
396.26422,100,44389.731061
367.76425,100,44389.731109
333.92813,100,44389.731148
571.6632,100,44402.243954
373.68747,100,44402.244096
391.21008,100,44402.244143
478.7354,100,44402.244182
398.80652,100,44415.070614
400.94785,100,44415.070752
319.77176,100,44415.070799
576.36414,100,44415.070838
339.99548,100,44428.639461
408.17426,100,44428.639599
319.6262,100,44428.639646
351.06287,100,44428.639684
550.98975,100,44439.062716
334.98196,100,44439.062848
308.24234,100,44439.062894
400.76276,100,44439.062933
181.18799,100,44450.02389
338.88013,100,44450.02405
385.76456,100,44450.024097
400.67642,100,44450.024136
591.0419,100,44461.810813
379.5156,100,44461.810966
541.86804,100,44461.811012
354.6831,100,44461.81105
421.03262,100,44476.097004
350.8223,100,44476.09715
349.9178,100,44476.097196
457.05972,100,44476.097237
609.9988,100,44489.78002
449.35486,100,44489.780231
361.1083,100,44489.780279
582.6324,100,44489.780318
601.2286,100,44502.8862
372.311,100,44502.886368
329.64032,100,44502.886414
371.84995,100,44502.886454
391.57343,100,44517.207275
573.8191,100,44517.207411
360.01898,100,44517.207459
422.59036,100,44517.207499
307.7646,100,44529.255682
419.12952,100,44529.255831
208.88605,100,44529.255877
502.94775,100,44529.255915
577.20123,100,44543.962619
359.87332,100,44543.962747
362.0405,100,44543.962795
515.2484,100,44543.962834
469.0274,100,44555.973498
311.86044,100,44555.973645
425.97958,100,44555.973693
369.71002,100,44555.973747
462.21396,100,44571.045533
516.53375,100,44571.045672
395.52753,100,44571.04572
354.64078,100,44571.045784
355.45508,100,44586.135645
367.94168,100,44586.135794
373.56064,100,44586.135841
386.22598,100,44586.135881
346.06827,100,44597.539966
552.9696,100,44597.540106
601.0323,100,44597.540153
326.13574,100,44597.540193
438.06396,100,44610.158498
354.3675,100,44610.158665
540.843,100,44610.158713
318.00055,100,44610.158751
582.294,100,44621.227866
564.7896,100,44621.228052
580.8998,100,44621.228101
475.5098,100,44621.228142
352.86838,100,44632.95452
321.68167,100,44632.954671
345.79797,100,44632.954718
205.7084,100,44632.954758
354.07422,100,44645.501597
358.73462,100,44645.501837
401.06732,100,44645.501886
572.511,100,44645.501926
380.1134,100,44657.496298
381.38007,100,44657.496458
303.64407,100,44657.496506
257.45584,100,44657.496546
322.7347,100,44667.684867
221.92003,100,44667.685018
443.63834,100,44667.685066
363.3371,100,44667.685105
424.3901,100,44681.1422
334.12448,100,44681.142341
374.51926,100,44681.142389
329.2345,100,44681.142428
477.3151,100,44693.772109
382.43738,100,44693.772263
373.48694,100,44693.772313
368.00705,100,44693.772353
577.86224,100,44707.940381
384.5164,100,44707.940532
429.523,100,44707.940579
389.06116,100,44707.940618
426.93887,100,44718.804209
414.32645,100,44718.804352
581.2565,100,44718.804397
442.41107,100,44718.804436
343.6055,100,44732.271625
498.68594,100,44732.271769
621.64594,100,44732.271814
382.1719,100,44732.271852
362.1697,100,44744.869523
197.82738,100,44744.869668
578.934,100,44744.869714
343.7096,100,44744.869775
417.28104,100,44757.589421
574.85724,100,44757.589566
541.46356,100,44757.589614
582.8446,100,44757.589653
615.7759,100,44770.16919
495.83536,100,44770.169353
400.9355,100,44770.169399
375.47873,100,44770.169439
415.7344,100,44783.541245
467.94623,100,44783.541394
354.0079,100,44783.541441
493.3859,100,44783.541481
435.31696,100,44797.142108
397.67694,100,44797.142293
377.48682,100,44797.142342
359.1938,100,44797.142381
320.7864,100,44807.805477
456.7054,100,44807.805674
334.05603,100,44807.805723
354.05026,100,44807.805791
390.39368,100,44822.235906
334.09344,100,44822.236054
404.32812,100,44822.236102
392.2115,100,44822.236141
509.77515,100,44835.956155
306.8711,100,44835.956295
435.47678,100,44835.956343
390.87177,100,44835.956383
443.18228,100,44846.929026
548.8145,100,44846.929158
541.12885,100,44846.929205
457.90683,100,44846.929245
346.71158,100,44857.252884
426.04272,100,44857.253026
344.0932,100,44857.253075
345.72116,100,44857.253114
376.04175,100,44871.020712
330.68146,100,44871.020859
366.0987,100,44871.020906
372.05093,100,44871.020946
376.4905,100,44885.727365
557.4253,100,44885.727502
296.53998,100,44885.72755
421.40674,100,44885.727588
347.4609,100,44897.938071
302.33224,100,44897.938219
555.66565,100,44897.938267
393.22516,100,44897.938306
548.2932,100,44910.930198
358.05466,100,44910.930338
334.14667,100,44910.930386
404.57687,100,44910.930425
393.53516,100,44924.453924
609.76587,100,44924.454076
555.41406,100,44924.454123
397.69022,100,44924.454161
352.63306,100,44936.938791
396.43408,100,44936.938928
455.47098,100,44936.938974
592.7328,100,44936.939013
323.68594,100,44951.296053
357.6788,100,44951.296205
424.5179,100,44951.296253
314.8366,100,44951.296293
422.12094,100,44965.725491
416.78735,100,44965.725702
602.4637,100,44965.725767
464.41602,100,44965.725812
377.62497,100,44981.862937
529.0841,100,44981.863106
403.10077,100,44981.863153
456.02045,100,44981.863193
332.39038,100,44994.419247
561.6286,100,44994.419398
350.12216,100,44994.419446
497.36862,100,44994.419486
391.95883,100,45008.767917
556.96594,100,45008.768064
517.73804,100,45008.768112
469.80066,100,45008.768151
382.30484,100,45019.284872
193.26265,100,45019.285022
356.00055,100,45019.285069
311.76477,100,45019.285108
393.29572,100,45030.457858
389.34964,100,45030.458012
361.66193,100,45030.458061
390.88928,100,45030.458101
369.52875,100,45044.001547
440.7837,100,45044.001681
361.40768,100,45044.001729
371.4776,100,45044.001812
389.26733,100,45058.04766
559.994,100,45058.04781
397.07074,100,45058.047856
605.61786,100,45058.047895
317.5837,100,45068.551861
445.81348,100,45068.552009
190.17067,100,45068.552057
329.30887,100,45068.552097
350.401,100,45080.523748
591.0345,100,45080.523889
397.2695,100,45080.523936
407.6202,100,45080.523977
378.76428,100,45092.858505
540.5032,100,45092.858655
271.94345,100,45092.858727
333.59982,100,45092.858772
491.79025,100,45104.730039
341.32697,100,45104.730169
324.7437,100,45104.730217
330.5204,100,45104.730256
308.13254,100,45119.065203
386.1165,100,45119.065405
318.587,100,45119.065455
376.6751,100,45119.065496
368.48688,100,45132.855178
374.3048,100,45132.855346
523.12146,100,45132.855395
369.90903,100,45132.855436
539.5763,100,45147.233925
461.97614,100,45147.23406
488.9628,100,45147.234106
403.9688,100,45147.234146
337.29047,100,45159.286958
433.2677,100,45159.287101
336.67133,100,45159.287149
552.2389,100,45159.287189
412.7252,100,45170.987345
381.96854,100,45170.987494
507.25702,100,45170.987541
418.76968,100,45170.987581
534.8711,100,45183.292941
328.0005,100,45183.293054
599.07965,100,45183.2931
322.8384,100,45183.293139
365.39835,100,45194.832838
343.87405,100,45194.832997
342.12442,100,45194.833046
338.36688,100,45194.833087
348.56964,100,45206.689007
571.7737,100,45206.689158
409.1861,100,45206.689207
556.61273,100,45206.689249
363.7388,100,45219.480103
607.026,100,45219.480251
640.0172,100,45219.4803
490.32166,100,45219.48034
368.81665,100,45230.697992
377.67148,100,45230.698148
362.1978,100,45230.698195
420.75015,100,45230.698235
300.476,100,45242.81038
539.2767,100,45242.810557
473.25146,100,45242.810606
524.4231,100,45242.810647
343.9335,100,45253.867065
418.76517,100,45253.867213
322.43985,100,45253.867262
445.79233,100,45253.867303
382.44077,100,45264.392192
322.19916,100,45264.392401
232.45174,100,45264.39245
367.1861,100,45264.392489
319.6746,100,45274.738141
352.71204,100,45274.738306
426.44943,100,45274.738355
335.1739,100,45274.738396
364.36414,100,45286.750674
470.12997,100,45286.75082
419.09906,100,45286.750867
426.3658,100,45286.750908
187.08641,100,45298.490055
477.01938,100,45298.490204
349.50812,100,45298.490252
305.60764,100,45298.490292
352.60117,100,45309.310638
418.302,100,45309.310758
297.36374,100,45309.310806
360.49048,100,45309.310846
305.5959,100,45324.049426
473.45834,100,45324.04957
640.3135,100,45324.049618
339.50055,100,45324.049658
419.6784,100,45335.595362
413.06833,100,45335.595506
354.68686,100,45335.595554
454.69104,100,45335.595594
373.015,100,45348.398988
397.2184,100,45348.399132
550.3303,100,45348.399181
569.6746,100,45348.39922
404.73767,100,45362.711759
390.1885,100,45362.711895
323.8369,100,45362.711943
344.70627,100,45362.711982
208.85234,100,45374.183165
432.8768,100,45374.183327
407.17026,100,45374.183383
324.41498,100,45374.183423
527.9574,100,45388.138411
536.7617,100,45388.138569
350.89874,100,45388.138618
624.39685,100,45388.138659
352.41763,100,45400.590374
409.80807,100,45400.590512
385.89456,100,45400.59056
399.20465,100,45400.590601
342.03314,100,45414.205115
376.11002,100,45414.205294
387.97403,100,45414.205344
384.50647,100,45414.205384
584.10645,100,45427.58107
287.1975,100,45427.581261
416.7361,100,45427.581312
390.52463,100,45427.581353
422.10876,100,45442.387336
369.72064,100,45442.387478
431.4335,100,45442.387526
570.8988,100,45442.387567
316.0305,100,45455.082726
305.34113,100,45455.082868
296.86798,100,45455.082917
389.17783,100,45455.082957
615.1992,100,45468.265304
318.12827,100,45468.26544
358.39722,100,45468.265489
393.59134,100,45468.265531
511.87653,100,45483.799318
346.76913,100,45483.799457
530.58215,100,45483.799506
346.82944,100,45483.799546
385.15967,100,45497.884628
385.864,100,45497.884771
326.8936,100,45497.88482
360.7056,100,45497.884861
330.74557,100,45510.002943
318.1039,100,45510.003091
354.5404,100,45510.003144
367.07477,100,45510.003185
509.1699,100,45523.204111
366.16437,100,45523.204237
514.10016,100,45523.204283
322.80576,100,45523.204321
387.3113,100,45536.951743
392.84488,100,45536.951877
568.5756,100,45536.951924
364.93613,100,45536.951964
398.68457,100,45550.439337
346.8341,100,45550.439507
362.69727,100,45550.439555
393.29175,100,45550.439595
455.63037,100,45562.272736
379.45596,100,45562.272874
406.55972,100,45562.27292
359.4048,100,45562.272986
375.0307,100,45574.833109
399.24606,100,45574.833279
404.41504,100,45574.833327
520.79974,100,45574.833367
371.53476,100,45589.304893
500.2674,100,45589.305091
352.71985,100,45589.30514
393.06586,100,45589.305178
368.67706,100,45602.886074
611.6217,100,45602.886205
388.89456,100,45602.886253
349.26157,100,45602.886292
412.51727,100,45613.554957
487.10364,100,45613.555109
310.59146,100,45613.555158
350.7604,100,45613.555198
340.96384,100,45624.947081
439.8648,100,45624.947218
383.80072,100,45624.947264
359.51935,100,45624.947304
629.4763,100,45637.806281
457.31717,100,45637.806435
517.48846,100,45637.806494
379.83786,100,45637.806537
350.18738,100,45649.544131
361.44528,100,45649.544282
299.28592,100,45649.544331
458.52988,100,45649.544371
377.89816,100,45663.385004
511.93228,100,45663.385132
321.8819,100,45663.38518
491.66998,100,45663.385221
490.56302,100,45676.85855
392.29355,100,45676.858696
575.251,100,45676.858746
444.11087,100,45676.858788
544.6113,100,45691.223415
360.6513,100,45691.22355
434.72696,100,45691.223597
385.45944,100,45691.223637
363.5095,100,45703.593508
385.91205,100,45703.593669
346.43796,100,45703.593716
368.0592,100,45703.593777
584.8125,100,45716.816006
331.6407,100,45716.81615
494.21072,100,45716.816199
544.8417,100,45716.816254
361.30255,100,45728.932387
430.71765,100,45728.93252
332.53558,100,45728.932568
395.2805,100,45728.932607
439.42868,100,45740.781361
407.41226,100,45740.781577
474.10675,100,45740.781628
439.93637,100,45740.781667
311.4084,100,45756.110265
592.69696,100,45756.110436
442.22006,100,45756.110485
406.3289,100,45756.110525
332.48608,100,45767.181792
346.28787,100,45767.181939
366.6582,100,45767.181986
358.50046,100,45767.182026
460.51944,100,45780.946136
354.2666,100,45780.946284
285.81613,100,45780.94633
372.22253,100,45780.946368
342.27737,100,45794.018538
339.2131,100,45794.018689
379.6459,100,45794.018736
377.0484,100,45794.018775
391.21576,100,45808.819547
390.87845,100,45808.819694
567.19543,100,45808.81974
380.80127,100,45808.819779
386.0939,100,45819.962598
454.49844,100,45819.962747
322.9084,100,45819.962794
536.9558,100,45819.962832
568.3755,100,45832.408257
369.04556,100,45832.408404
367.03983,100,45832.40845
554.72736,100,45832.408489
376.25143,100,45842.866146
480.72626,100,45842.866295
329.53662,100,45842.866341
390.98492,100,45842.866379
347.1981,100,45855.668516
453.19626,100,45855.66866
431.85406,100,45855.668707
584.4886,100,45855.668746
418.51917,100,45871.677226
453.0946,100,45871.67739
459.7627,100,45871.677438
606.72156,100,45871.677478
361.16083,100,45882.014342
374.30927,100,45882.014493
612.69073,100,45882.01454
330.54745,100,45882.014578
509.30698,100,45895.105164
378.76862,100,45895.105347
376.3027,100,45895.105395
427.19638,100,45895.105434
488.57324,100,45907.538129
346.19208,100,45907.538315
478.41153,100,45907.538363
338.17932,100,45907.538401
353.7995,100,45920.910671
491.4675,100,45920.91081
386.42548,100,45920.910857
424.07162,100,45920.910896
334.79172,100,45934.016667
401.165,100,45934.016804
385.62122,100,45934.016851
324.90924,100,45934.016889
553.2691,100,45946.815962
389.8856,100,45946.816092
363.448,100,45946.816139
460.13577,100,45946.816178
350.56522,100,45959.684826
323.87845,100,45959.68498
331.3621,100,45959.685026
366.90112,100,45959.685064
329.0933,100,45974.524984
388.86862,100,45974.525128
450.01797,100,45974.525175
435.97235,100,45974.525215
324.646,100,45984.993917
367.89548,100,45984.994061
513.319,100,45984.994106
433.44217,100,45984.994143
460.12045,100,46000.68653
470.30176,100,46000.686675
411.41183,100,46000.686721
432.68024,100,46000.68676
351.58252,100,46014.287332
385.82358,100,46014.287481
466.22458,100,46014.287529
586.9225,100,46014.287568
435.03085,100,46029.116884
351.89215,100,46029.117049
415.05707,100,46029.117097
395.72357,100,46029.117136
395.7597,100,46042.869072
442.93723,100,46042.869203
415.37326,100,46042.869249
374.67978,100,46042.869288
448.92758,100,46055.201209
343.95325,100,46055.201423
622.36743,100,46055.201471
341.0456,100,46055.20151
421.23502,100,46066.700465
398.8369,100,46066.700628
334.4722,100,46066.700675
313.57343,100,46066.700713
354.4664,100,46079.276788
374.94656,100,46079.276935
561.7565,100,46079.276982
450.5291,100,46079.277021
518.4237,100,46090.059757
387.28848,100,46090.059902
374.18344,100,46090.059949
571.0209,100,46090.059988
414.42902,100,46100.525005
392.43347,100,46100.525155
341.9695,100,46100.525202
372.26053,100,46100.525241
618.71893,100,46113.807582
449.83832,100,46113.807742
578.1093,100,46113.807791
331.96902,100,46113.80783
355.4438,100,46124.277229
375.29532,100,46124.277373
380.74088,100,46124.277419
352.95004,100,46124.277457
364.6524,100,46134.493784
394.4569,100,46134.493936
398.35983,100,46134.493983
332.21103,100,46134.494022
327.6846,100,46146.190615
411.2508,100,46146.190757
533.56726,100,46146.190803
283.99652,100,46146.190842
200.7901,100,46159.649728
357.21844,100,46159.649888
372.38974,100,46159.649935
596.5647,100,46159.649974
416.80298,100,46171.502955
443.78073,100,46171.503126
356.59427,100,46171.503173
554.7493,100,46171.503212
367.90344,100,46184.396637
368.4684,100,46184.396789
342.4022,100,46184.396835
376.2925,100,46184.396873
438.863,100,46194.929805
391.96906,100,46194.929988
337.18652,100,46194.930037
342.98288,100,46194.930077
348.61966,100,46210.391347
399.11047,100,46210.391556
387.083,100,46210.391603
582.3077,100,46210.391642
406.77322,100,46221.677444
323.29517,100,46221.677587
401.88745,100,46221.677634
376.69077,100,46221.677672
342.98276,100,46233.193113
368.50885,100,46233.19326
619.1727,100,46233.193307
537.7151,100,46233.193345
385.9835,100,46245.865077
442.01187,100,46245.86521
347.87576,100,46245.865256
354.73907,100,46245.865294
340.50458,100,46263.879936
399.99442,100,46263.880091
572.7501,100,46263.880139
325.39795,100,46263.880177
441.81735,100,46274.762681
414.92984,100,46274.76282
299.3778,100,46274.762867
330.71222,100,46274.762905
377.2706,100,46286.918463
395.2609,100,46286.918612
399.27606,100,46286.918658
386.7203,100,46286.918697
512.1373,100,46298.650072
337.5404,100,46298.650225
383.5815,100,46298.650272
562.92365,100,46298.65031
474.59808,100,46312.144251
313.5427,100,46312.144398
350.40613,100,46312.144445
381.361,100,46312.144484
366.78955,100,46325.384084
597.0569,100,46325.38425
329.6615,100,46325.384296
622.645,100,46325.384333
390.52567,100,46342.122688
365.27582,100,46342.122831
422.87537,100,46342.122879
504.4681,100,46342.122918
182.01666,100,46353.504025
560.09296,100,46353.504172
369.3996,100,46353.504219
377.25024,100,46353.504258
456.96796,100,46366.762437
440.3134,100,46366.762672
554.2977,100,46366.76272
361.73093,100,46366.76276
326.49088,100,46377.683264
547.23376,100,46377.683409
428.5179,100,46377.683457
401.31354,100,46377.683496
368.6561,100,46388.184639
542.512,100,46388.184789
429.4546,100,46388.184837
390.5209,100,46388.184876
458.8089,100,46401.257506
427.61014,100,46401.257653
437.6988,100,46401.2577
358.49036,100,46401.257752
548.1207,100,46416.487825
375.19733,100,46416.487971
464.0149,100,46416.488017
541.41626,100,46416.488055
336.7838,100,46431.000968
371.1059,100,46431.001122
358.87357,100,46431.001169
388.30215,100,46431.00121
297.5165,100,46445.775719
407.50766,100,46445.775863
440.78848,100,46445.77591
328.9107,100,46445.775949
399.13562,100,46458.082121
567.0133,100,46458.082274
460.209,100,46458.082321
335.6844,100,46458.082359
375.93808,100,46473.504956
449.98355,100,46473.505099
392.74655,100,46473.505146
399.8715,100,46473.505185
369.6926,100,46487.552858
304.7712,100,46487.553003
433.68362,100,46487.553049
419.07584,100,46487.553088
349.49603,100,46500.533605
403.256,100,46500.533791
531.9226,100,46500.533845
541.4739,100,46500.533886
444.18445,100,46511.32705
416.92166,100,46511.327203
583.4487,100,46511.32725
555.50916,100,46511.32729
451.04742,100,46523.423386
530.2708,100,46523.423609
312.6794,100,46523.423657
338.0397,100,46523.423697
433.8893,100,46536.704303
346.6991,100,46536.704493
352.7464,100,46536.704541
339.2984,100,46536.70458
424.90457,100,46548.284114
404.57596,100,46548.284259
457.46338,100,46548.284306
349.36005,100,46548.284344
595.55,100,46562.660081
602.59564,100,46562.660226
607.5342,100,46562.660273
352.5492,100,46562.660311
285.97595,100,46575.842918
359.22736,100,46575.843063
458.05814,100,46575.843108
471.64374,100,46575.843152
385.06955,100,46590.641568
595.0051,100,46590.641712
315.90002,100,46590.641792
445.22852,100,46590.641836
373.21008,100,46601.441691
360.62427,100,46601.441859
323.40964,100,46601.441906
301.55463,100,46601.441944
616.61,100,46612.515517
546.0201,100,46612.515664
382.6167,100,46612.515711
312.66745,100,46612.51575
359.35114,100,46623.987936
441.56738,100,46623.988084
356.2447,100,46623.988129
226.85658,100,46623.988166
601.61426,100,46636.469407
619.80273,100,46636.469557
359.38828,100,46636.469604
369.3099,100,46636.469643
451.79193,100,46649.202349
438.75726,100,46649.202497
520.53894,100,46649.202544
429.22318,100,46649.202583
455.65906,100,46664.105306
368.3922,100,46664.105463
431.51715,100,46664.10551
412.64114,100,46664.105549
381.57803,100,46676.552951
400.6068,100,46676.553089
419.31686,100,46676.553139
364.75287,100,46676.553188
611.2728,100,46689.540271
427.44357,100,46689.540484
404.02112,100,46689.540533
300.00458,100,46689.540572
341.4221,100,46704.139429
397.73093,100,46704.139593
463.18652,100,46704.13964
391.9797,100,46704.139678
374.55545,100,46716.321127
542.1614,100,46716.321281
394.8559,100,46716.321328
375.66455,100,46716.321366
366.6585,100,46729.96495
500.09155,100,46729.965096
536.1884,100,46729.965142
405.83957,100,46729.96518
401.55164,100,46741.226008
350.19327,100,46741.226154
332.62024,100,46741.2262
388.2982,100,46741.226239
342.87503,100,46752.930799
439.70297,100,46752.930945
328.46024,100,46752.930991
443.29196,100,46752.931029
464.0569,100,46767.122421
310.14865,100,46767.122565
365.05222,100,46767.122612
452.24008,100,46767.122649
384.55658,100,46779.73834
374.03036,100,46779.738487
451.9622,100,46779.738535
320.2183,100,46779.738574
482.29315,100,46792.261122
411.08405,100,46792.261271
395.70233,100,46792.261319
355.27283,100,46792.261358
354.02768,100,46807.849751
505.64478,100,46807.849897
365.88113,100,46807.849944
455.53198,100,46807.849983
402.66782,100,46820.965478
383.19925,100,46820.965645
344.15048,100,46820.965692
395.2694,100,46820.965731
407.94522,100,46833.685138
581.0081,100,46833.685288
375.1191,100,46833.685335
380.1985,100,46833.685374
452.61945,100,46847.01235
380.98392,100,46847.012532
369.56696,100,46847.012579
590.72455,100,46847.012618
335.68118,100,46857.973407
314.06244,100,46857.9736
398.16263,100,46857.973648
493.06683,100,46857.973687
329.9744,100,46868.706302
597.4603,100,46868.706451
359.2428,100,46868.706497
552.1538,100,46868.706535
415.27087,100,46886.279429
403.70917,100,46886.279577
394.11212,100,46886.279624
378.9802,100,46886.279662
478.2907,100,46898.940823
380.77792,100,46898.940966
383.2399,100,46898.941013
525.3429,100,46898.941053
308.551,100,46911.093394
382.43307,100,46911.093544
362.99207,100,46911.093592
389.9548,100,46911.093631
563.3206,100,46925.096958
522.6674,100,46925.097102
404.8939,100,46925.097149
365.72546,100,46925.097187
270.84543,100,46940.186065
333.9705,100,46940.186208
336.43863,100,46940.186255
384.4098,100,46940.186293
386.0504,100,46951.516403
353.9573,100,46951.516545
603.2704,100,46951.516591
357.62122,100,46951.516629
656.9025,100,46963.209714
494.5395,100,46963.209892
318.10388,100,46963.209939
384.5406,100,46963.209977
423.55328,100,46975.770721
496.39014,100,46975.77087
391.48138,100,46975.770916
613.19073,100,46975.770954
555.86523,100,46990.126397
395.47104,100,46990.126567
377.395,100,46990.126614
323.14102,100,46990.126652
502.35333,100,47001.252998
511.27258,100,47001.253141
490.59348,100,47001.253215
436.60416,100,47001.253256
384.031,100,47015.414946
454.5089,100,47015.41513
275.86325,100,47015.415179
471.1062,100,47015.415218
406.9803,100,47030.059979
376.27216,100,47030.060182
355.37878,100,47030.060229
435.99374,100,47030.060268
313.1178,100,47044.26225
380.45993,100,47044.262398
375.0759,100,47044.262446
305.968,100,47044.262484
318.35474,100,47056.709776
351.3134,100,47056.709925
599.3165,100,47056.709973
392.3221,100,47056.710013
445.81067,100,47069.425588
337.4053,100,47069.42575
420.59335,100,47069.425808
387.46136,100,47069.425851
325.42938,100,47081.390495
395.60382,100,47081.390646
582.55554,100,47081.390694
373.375,100,47081.390734
361.79855,100,47093.509082
414.2602,100,47093.509233
410.8892,100,47093.509279
395.50613,100,47093.509318
337.5135,100,47105.957203
527.996,100,47105.957354
541.3756,100,47105.957401
554.79297,100,47105.95744
325.75464,100,47117.161152
412.67838,100,47117.161304
541.3561,100,47117.161351
540.555,100,47117.161391
605.19293,100,47130.21459
399.85226,100,47130.214739
365.73447,100,47130.214787
412.79007,100,47130.214828
433.9313,100,47142.404871
471.31052,100,47142.405039
371.00705,100,47142.405087
275.80307,100,47142.405126
208.45895,100,47153.419219
344.03836,100,47153.419369
319.9066,100,47153.419416
331.97028,100,47153.419455
589.1409,100,47167.143888
344.1685,100,47167.144099
349.43326,100,47167.144147
593.1393,100,47167.144186
301.199,100,47177.493877
348.21368,100,47177.494047
333.90103,100,47177.494095
423.06067,100,47177.494134
403.30255,100,47194.095003
391.923,100,47194.095143
352.09174,100,47194.095192
420.79517,100,47194.095232
393.68106,100,47205.643908
511.69098,100,47205.644052
390.39548,100,47205.6441
569.7583,100,47205.64414
453.41513,100,47216.897872
487.8598,100,47216.89801
360.30554,100,47216.898057
536.9083,100,47216.898097
485.91495,100,47228.011609
550.42285,100,47228.011757
607.8523,100,47228.011806
500.44345,100,47228.011845
349.54526,100,47240.321408
362.4619,100,47240.321558
371.56622,100,47240.321606
407.38745,100,47240.321646
462.3933,100,47253.348612
364.93234,100,47253.348749
369.69507,100,47253.348797
376.5419,100,47253.348836
374.96448,100,47265.62397
361.6815,100,47265.624106
380.5349,100,47265.624153
553.07654,100,47265.624191
352.1947,100,47277.863334
502.1889,100,47277.863471
495.3362,100,47277.863517
586.19086,100,47277.863556
323.63474,100,47289.782062
429.32806,100,47289.78222
346.59018,100,47289.782268
306.12897,100,47289.782308
359.8378,100,47300.432884
336.74084,100,47300.433021
382.6078,100,47300.433068
323.05185,100,47300.433105
570.8198,100,47311.626786
402.08865,100,47311.626963
451.3818,100,47311.627012
465.25714,100,47311.627051
334.39072,100,47323.282045
369.92917,100,47323.282241
615.37244,100,47323.282287
607.4909,100,47323.282325
597.5272,100,47338.706592
426.54907,100,47338.706732
601.8666,100,47338.706776
328.86597,100,47338.706814
511.4123,100,47351.105255
616.1871,100,47351.105393
486.0698,100,47351.105438
390.6614,100,47351.105476
567.3947,100,47363.403816
390.61475,100,47363.403961
437.9761,100,47363.404006
385.0252,100,47363.404044
421.89725,100,47375.611748
460.62726,100,47375.611893
473.1615,100,47375.61194
460.112,100,47375.611979
525.52637,100,47390.012812
443.38434,100,47390.012955
449.5741,100,47390.013001
390.8261,100,47390.01304
321.00363,100,47400.966417
281.72144,100,47400.966556
391.788,100,47400.96661
355.26953,100,47400.966649
332.8686,100,47414.296891
385.32455,100,47414.297048
345.67456,100,47414.297097
477.7214,100,47414.297134
457.04623,100,47429.874032
612.33124,100,47429.874171
392.18533,100,47429.874217
362.45578,100,47429.874255
392.57452,100,47443.826319
501.05722,100,47443.826442
331.36465,100,47443.826488
366.5095,100,47443.826525
337.9794,100,47456.265196
344.92853,100,47456.265359
495.3511,100,47456.265407
366.59042,100,47456.265447
395.33615,100,47469.565791
364.4998,100,47469.565941
567.8871,100,47469.565988
465.42218,100,47469.566027
546.9681,100,47480.77853
495.19348,100,47480.778746
371.91238,100,47480.778795
330.15207,100,47480.778836
382.47507,100,47496.564865
285.55316,100,47496.565032
345.6165,100,47496.56508
582.1804,100,47496.56512
361.61,100,47507.543148
378.5115,100,47507.543284
371.43616,100,47507.543329
407.9505,100,47507.543369
420.37692,100,47519.777862
312.07922,100,47519.778003
288.9244,100,47519.778049
591.0852,100,47519.77809
404.9579,100,47531.741525
490.8878,100,47531.741672
500.42828,100,47531.741719
532.94794,100,47531.741781
392.64944,100,47544.910912
355.22073,100,47544.911057
297.5512,100,47544.911104
541.4313,100,47544.911143
413.58066,100,47557.462557
451.23798,100,47557.462707
355.23846,100,47557.462753
455.70844,100,47557.462792
327.74832,100,47571.793117
415.52875,100,47571.793262
388.63858,100,47571.793309
280.73666,100,47571.793349
355.8482,100,47582.971309
422.83185,100,47582.971448
440.12592,100,47582.971494
576.824,100,47582.971531
327.63354,100,47598.238345
325.06943,100,47598.238493
617.7336,100,47598.238541
449.8105,100,47598.238582
581.89734,100,47609.044096
388.87097,100,47609.044275
410.0315,100,47609.044324
360.20724,100,47609.044366
415.13455,100,47623.195351
388.09592,100,47623.195499
607.7841,100,47623.195547
352.105,100,47623.195587
306.4858,100,47638.166183
471.2841,100,47638.166369
473.37473,100,47638.166417
382.1257,100,47638.166457
563.73303,100,47650.851457
386.0803,100,47650.851664
359.47012,100,47650.851713
338.586,100,47650.851753
597.98694,100,47664.4536
405.4433,100,47664.453762
401.1132,100,47664.453817
532.8629,100,47664.453858
520.6135,100,47678.044224
268.91138,100,47678.044368
344.0703,100,47678.044416
616.3597,100,47678.044455
528.7704,100,47688.800193
401.51245,100,47688.80034
430.358,100,47688.800387
349.9558,100,47688.800425
370.72223,100,47701.007894
420.34637,100,47701.008034
335.52274,100,47701.008082
373.8181,100,47701.008121
405.2709,100,47714.567222
588.15955,100,47714.567366
496.20987,100,47714.567415
362.39594,100,47714.567454
438.8079,100,47728.491851
446.06277,100,47728.491997
577.21,100,47728.492044
396.47305,100,47728.492084
351.77264,100,47740.629309
573.28406,100,47740.629459
399.89877,100,47740.629506
301.28702,100,47740.629545
374.4035,100,47754.079878
418.02243,100,47754.080022
499.43817,100,47754.080069
450.06528,100,47754.080108
359.77853,100,47766.12905
359.91107,100,47766.129207
412.51035,100,47766.129254
390.10727,100,47766.129293
355.2656,100,47781.682376
413.67767,100,47781.682521
437.5816,100,47781.682569
536.9572,100,47781.682608
556.7653,100,47796.778343
429.86432,100,47796.77853
540.90625,100,47796.778578
385.27133,100,47796.778616
478.79016,100,47811.927916
442.46936,100,47811.928113
391.59714,100,47811.928161
424.71494,100,47811.9282
594.3128,100,47826.922438
428.28268,100,47826.92259
368.29855,100,47826.922638
358.02496,100,47826.922678
392.67816,100,47840.706457
384.32797,100,47840.706607
322.9664,100,47840.706657
486.46234,100,47840.706697
311.90656,100,47852.639355
614.8898,100,47852.6395
281.02148,100,47852.639546
438.82532,100,47852.639584
330.74863,100,47865.236093
332.93546,100,47865.236241
551.44385,100,47865.236287
463.81604,100,47865.236326
358.4169,100,47878.227469
597.2646,100,47878.227602
469.27795,100,47878.227646
354.02264,100,47878.227683
649.8903,100,47888.726874
335.4819,100,47888.727003
283.7345,100,47888.727047
505.4102,100,47888.727085
588.0387,100,47900.727136
370.51852,100,47900.727277
373.40378,100,47900.727321
369.82443,100,47900.727359
394.07446,100,47913.093091
409.4414,100,47913.093237
523.71204,100,47913.093283
343.25366,100,47913.09332
460.6272,100,47928.727444
550.94183,100,47928.727587
585.70374,100,47928.727633
516.33716,100,47928.727671
425.64517,100,47940.580824
521.13367,100,47940.580978
381.56158,100,47940.581023
363.1292,100,47940.58106
417.33713,100,47954.549883
353.2071,100,47954.550045
358.8718,100,47954.550091
595.2937,100,47954.550131
390.0505,100,47969.700574
308.9973,100,47969.700799
606.3882,100,47969.700848
388.55173,100,47969.700887
595.7877,100,47982.174164
359.40265,100,47982.174332
373.9835,100,47982.17438
408.0983,100,47982.174418
347.14044,100,47992.706693
584.6184,100,47992.706841
366.49387,100,47992.706888
431.259,100,47992.706927
350.82776,100,48005.438986
365.52682,100,48005.439137
342.3477,100,48005.439184
542.74744,100,48005.439222
403.14526,100,48018.480844
411.8364,100,48018.480997
340.31778,100,48018.481044
412.82855,100,48018.481085
374.05975,100,48030.520299
496.08887,100,48030.520448
585.5029,100,48030.520497
390.25824,100,48030.520536
344.62268,100,48040.849409
443.84216,100,48040.849556
353.8417,100,48040.849603
388.47763,100,48040.849642
525.46686,100,48053.211906
433.8761,100,48053.212052
404.17477,100,48053.2121
553.04987,100,48053.212139
561.9047,100,48066.665169
599.67017,100,48066.665316
347.36008,100,48066.665363
494.32074,100,48066.665402
276.49185,100,48077.931977
360.30273,100,48077.932119
563.0931,100,48077.932163
380.22998,100,48077.932202
335.15796,100,48091.636953
361.50595,100,48091.637115
562.36755,100,48091.637159
501.7747,100,48091.637196
523.31683,100,48102.192589
364.80115,100,48102.192738
354.96387,100,48102.192784
554.4414,100,48102.192822
329.60648,100,48114.465572
364.5386,100,48114.465722
318.03604,100,48114.465801
305.62888,100,48114.465844
593.5863,100,48126.646554
407.05405,100,48126.646769
362.72836,100,48126.646818
309.04495,100,48126.646858
315.13324,100,48137.990435
414.7689,100,48137.990608
378.5387,100,48137.990655
449.04837,100,48137.990695
581.53796,100,48149.280938
653.1704,100,48149.281089
352.99213,100,48149.281137
359.80923,100,48149.281177
357.05743,100,48160.925301
581.61993,100,48160.92545
336.0942,100,48160.925498
355.987,100,48160.925538
536.89514,100,48173.100072
367.22144,100,48173.10022
341.52917,100,48173.100268
388.91888,100,48173.100307
361.2688,100,48186.331068
562.45215,100,48186.331218
412.75275,100,48186.331265
503.63293,100,48186.331303
330.28204,100,48198.297657
430.9012,100,48198.297833
478.48044,100,48198.297884
399.03723,100,48198.297933
367.04227,100,48211.145121
379.51324,100,48211.14527
360.46277,100,48211.145318
378.97662,100,48211.145358
391.76767,100,48223.044716
373.80048,100,48223.04486
380.98932,100,48223.044908
362.4989,100,48223.044947
415.0573,100,48233.741189
465.63293,100,48233.741336
423.42,100,48233.741385
299.43634,100,48233.741423
428.98596,100,48245.607838
526.82275,100,48245.608006
531.7168,100,48245.608051
597.67676,100,48245.608089
361.73993,100,48258.460751
364.45477,100,48258.460898
475.1698,100,48258.460945
371.36612,100,48258.460985
616.80585,100,48272.131578
607.164,100,48272.131791
421.38452,100,48272.13184
283.77682,100,48272.131881
399.5031,100,48282.345215
319.88422,100,48282.345384
437.4318,100,48282.34543
436.42288,100,48282.345468
331.88956,100,48294.16138
603.2585,100,48294.161529
337.44907,100,48294.161576
379.51273,100,48294.161614
332.98892,100,48306.614222
286.0717,100,48306.61437
557.74445,100,48306.614417
451.0512,100,48306.614457
639.62024,100,48317.551282
516.509,100,48317.551429
386.22546,100,48317.551477
353.7205,100,48317.551517
357.6486,100,48328.902605
499.88907,100,48328.902751
374.54776,100,48328.902799
481.49213,100,48328.902838
402.471,100,48344.273374
391.26923,100,48344.273502
326.0943,100,48344.27355
390.52206,100,48344.273591
501.1765,100,48355.921078
435.3151,100,48355.921221
607.3348,100,48355.921267
438.78406,100,48355.921305
378.18585,100,48366.893316
304.20883,100,48366.893457
366.34647,100,48366.893503
293.5989,100,48366.893541
397.64233,100,48377.56666
438.62238,100,48377.566805
363.16833,100,48377.566853
323.83572,100,48377.566892
414.8213,100,48390.498883
585.39624,100,48390.499049
373.9074,100,48390.499098
455.49585,100,48390.499138
377.5875,100,48406.69592
384.3216,100,48406.696068
412.20163,100,48406.696118
431.87,100,48406.696159
386.77838,100,48419.463346
426.73233,100,48419.463524
341.56125,100,48419.463599
359.69138,100,48419.463643
391.13605,100,48431.671951
399.09598,100,48431.672141
388.6442,100,48431.672189
527.3282,100,48431.672228
573.5762,100,48443.320325
367.53085,100,48443.320462
582.811,100,48443.32051
441.6212,100,48443.32055
353.88528,100,48458.612557
570.1787,100,48458.612696
601.2418,100,48458.612744
384.5785,100,48458.612783
359.2103,100,48473.406861
387.5736,100,48473.407009
405.89255,100,48473.407056
406.04495,100,48473.407095
489.98047,100,48487.725441
363.43942,100,48487.725586
392.4232,100,48487.725631
382.77405,100,48487.72567
540.8112,100,48498.664523
363.2036,100,48498.664676
329.23053,100,48498.664723
408.9425,100,48498.664762
386.5435,100,48513.438783
376.25842,100,48513.438919
361.75742,100,48513.438967
492.94507,100,48513.439007
345.27893,100,48523.99928
566.72614,100,48523.999427
562.467,100,48523.999475
566.39484,100,48523.999514
383.79312,100,48537.159083
422.34827,100,48537.159233
577.80396,100,48537.15928
375.0448,100,48537.159321
474.01416,100,48548.481446
503.5807,100,48548.481607
289.61038,100,48548.481653
310.45,100,48548.481693
418.46054,100,48560.14446
382.87674,100,48560.144611
388.18356,100,48560.144659
615.64594,100,48560.144698
473.02957,100,48572.421836
465.6665,100,48572.421984
610.44995,100,48572.42203
383.58502,100,48572.422069
322.51242,100,48582.751952
417.3851,100,48582.752181
399.2096,100,48582.752229
379.0602,100,48582.752268
388.92862,100,48597.949542
565.69714,100,48597.949708
546.9972,100,48597.949799
366.31815,100,48597.949845
353.8941,100,48611.216519
574.01953,100,48611.216667
337.1649,100,48611.216714
589.24567,100,48611.216753
452.92633,100,48625.231972
397.8225,100,48625.232106
533.1322,100,48625.232153
378.84055,100,48625.232192
328.68872,100,48635.720068
547.7324,100,48635.720219
312.25912,100,48635.720266
583.24054,100,48635.720305
402.01334,100,48649.890601
562.31085,100,48649.89074
568.2797,100,48649.890787
361.7627,100,48649.890825
364.51407,100,48663.12142
358.31458,100,48663.121573
376.21347,100,48663.12162
322.25003,100,48663.121659
384.65988,100,48677.620206
593.66223,100,48677.620349
395.06207,100,48677.620395
587.0675,100,48677.620433
371.18604,100,48689.618662
387.78787,100,48689.618824
388.95444,100,48689.618871
331.71878,100,48689.618911
572.4269,100,48702.468911
405.96664,100,48702.469049
563.5164,100,48702.469097
655.8824,100,48702.469137
537.66144,100,48716.779477
539.93384,100,48716.779662
335.68216,100,48716.779711
329.98206,100,48716.779752
433.75854,100,48730.755579
358.36118,100,48730.755862
426.70877,100,48730.755935
418.51443,100,48730.756001
375.79343,100,48741.38123
305.2584,100,48741.381379
435.2738,100,48741.381427
375.45047,100,48741.381466
397.23904,100,48752.292452
403.47134,100,48752.292599
420.79422,100,48752.292646
587.5221,100,48752.292686
395.16922,100,48768.094986
436.0464,100,48768.095145
361.27966,100,48768.095194
380.45468,100,48768.095235
312.5512,100,48781.696298
247.36429,100,48781.696444
461.65207,100,48781.696492
400.1529,100,48781.696533
344.7797,100,48792.785576
374.55063,100,48792.785723
451.45862,100,48792.785791
383.21716,100,48792.785835
285.6384,100,48806.208537
519.33276,100,48806.208683
415.11923,100,48806.208731
401.00525,100,48806.208772
309.52927,100,48819.653774
385.74188,100,48819.653924
617.3214,100,48819.653973
515.45056,100,48819.654014
366.79214,100,48831.821668
395.9543,100,48831.82185
296.61588,100,48831.821899
589.58093,100,48831.821939
343.04892,100,48842.875762
413.67975,100,48842.875913
381.73114,100,48842.875961
372.0361,100,48842.876002
461.73477,100,48857.754709
397.6522,100,48857.754936
387.9375,100,48857.754987
375.69952,100,48857.755028
324.4741,100,48871.9444
588.2677,100,48871.944552
326.85757,100,48871.944601
579.5627,100,48871.944641
569.0212,100,48885.842411
399.57828,100,48885.842559
335.8628,100,48885.842608
404.47897,100,48885.842649
387.11227,100,48898.560552
377.3715,100,48898.560704
615.46454,100,48898.560752
572.10315,100,48898.560831
419.16852,100,48912.843756
324.29947,100,48912.843904
470.3093,100,48912.843953
403.33667,100,48912.843994
475.65723,100,48927.268882
578.4058,100,48927.269033
401.0237,100,48927.269082
392.83905,100,48927.269126
549.1277,100,48940.041822
395.83096,100,48940.041991
405.2033,100,48940.042038
578.60547,100,48940.042079
536.54376,100,48952.349875
443.76978,100,48952.350021
390.71146,100,48952.350068
332.80157,100,48952.350107
368.11777,100,48964.465466
540.94727,100,48964.465718
295.906,100,48964.465796
427.4371,100,48964.465841
383.98013,100,48980.29592
415.4244,100,48980.296065
355.68665,100,48980.296111
480.60098,100,48980.296149
441.81784,100,48994.958092
369.55664,100,48994.958244
381.93942,100,48994.958291
527.3507,100,48994.958344
524.4396,100,49006.038733
408.46005,100,49006.038872
395.18356,100,49006.038918
405.1192,100,49006.038957
357.94418,100,49016.426174
322.54337,100,49016.426317
413.45755,100,49016.426364
366.3136,100,49016.426403
586.30286,100,49028.817506
543.0829,100,49028.817657
371.4376,100,49028.817705
570.9053,100,49028.81777
366.94934,100,49043.471983
374.46036,100,49043.472127
463.66727,100,49043.472174
386.58,100,49043.472213
412.5282,100,49055.107663
410.42627,100,49055.107812
409.9901,100,49055.10786
328.28287,100,49055.1079
530.0388,100,49067.207389
505.2333,100,49067.207542
362.04874,100,49067.207591
443.12726,100,49067.207631
378.31934,100,49080.525535
405.2765,100,49080.525707
388.2123,100,49080.525782
365.04416,100,49080.525829
459.05847,100,49092.365791
382.74115,100,49092.365945
339.48358,100,49092.365993
620.41315,100,49092.366031
588.7639,100,49106.366392
334.59918,100,49106.366576
404.45923,100,49106.366626
553.54584,100,49106.366667
371.16022,100,49119.667191
337.96072,100,49119.667394
412.34128,100,49119.667444
463.08255,100,49119.667484
388.7972,100,49131.90904
405.37677,100,49131.909193
308.48566,100,49131.909241
398.8422,100,49131.909281
335.29025,100,49142.495157
480.01816,100,49142.495311
348.12836,100,49142.49536
352.3123,100,49142.495401
344.95148,100,49153.194011
356.2394,100,49153.194162
394.05682,100,49153.194209
559.77673,100,49153.194249
382.145,100,49164.36594
374.66153,100,49164.366088
361.12866,100,49164.366137
422.23404,100,49164.366177
537.29333,100,49177.976467
447.46896,100,49177.976615
349.4927,100,49177.976663
345.88037,100,49177.976702
402.48364,100,49189.570689
359.92526,100,49189.570843
426.5989,100,49189.57089
381.36795,100,49189.570931
530.34906,100,49201.627611
558.57947,100,49201.627762
407.56613,100,49201.62781
327.38083,100,49201.627849
440.64557,100,49213.43977
335.2703,100,49213.439921
332.29462,100,49213.43997
440.7117,100,49213.440011
323.75876,100,49226.267373
376.70502,100,49226.267561
550.13495,100,49226.26763
324.2143,100,49226.267692
385.26147,100,49238.583901
365.02472,100,49238.58404
368.32913,100,49238.584087
330.96713,100,49238.584125
375.91437,100,49249.87272
350.28336,100,49249.872931
401.95447,100,49249.872978
500.23663,100,49249.873015
575.3724,100,49262.49674
320.56653,100,49262.496908
617.5824,100,49262.496958
430.2325,100,49262.496998
395.6793,100,49274.092342
391.37378,100,49274.092489
489.8185,100,49274.092536
375.96823,100,49274.092574
421.84412,100,49285.689856
536.99115,100,49285.689994
359.3648,100,49285.69004
403.6658,100,49285.690079
309.20773,100,49296.371478
372.05823,100,49296.371625
565.39545,100,49296.371671
502.77335,100,49296.371709
383.67508,100,49308.434522
605.99084,100,49308.434673
311.3399,100,49308.434718
323.56442,100,49308.434757
370.34695,100,49321.633973
460.48636,100,49321.63412
641.0216,100,49321.634166
388.12015,100,49321.634205
395.45895,100,49334.975025
369.05167,100,49334.975168
343.5621,100,49334.975214
388.84985,100,49334.975251
378.8488,100,49347.33858
370.19852,100,49347.33873
381.71262,100,49347.338779
394.7303,100,49347.338819
399.7287,100,49358.904528
438.7246,100,49358.904664
353.15735,100,49358.90471
420.5696,100,49358.904768
540.51074,100,49372.426627
356.65347,100,49372.426793
328.20395,100,49372.42684
569.0487,100,49372.42688
563.13257,100,49384.652579
541.24365,100,49384.652725
548.7307,100,49384.652771
577.84424,100,49384.652809
502.28806,100,49395.250502
547.73065,100,49395.250655
328.4119,100,49395.250703
661.8168,100,49395.250742
408.4492,100,49408.341401
523.4867,100,49408.341617
348.35037,100,49408.341666
386.14786,100,49408.341707
422.70862,100,49420.768428
437.5308,100,49420.768599
535.39514,100,49420.768647
577.49384,100,49420.768687
419.38815,100,49435.509203
640.9885,100,49435.509349
370.74606,100,49435.509397
329.6267,100,49435.509437
356.05582,100,49449.352191
391.28525,100,49449.352337
364.1112,100,49449.352385
530.27124,100,49449.352424
594.3087,100,49461.526493
364.6666,100,49461.52664
397.2686,100,49461.526687
350.66437,100,49461.526725
335.49045,100,49474.177123
370.66275,100,49474.17726
328.14453,100,49474.177307
547.66113,100,49474.177345
412.25366,100,49487.691812
315.37314,100,49487.691954
407.86444,100,49487.692002
363.00287,100,49487.69204
319.28458,100,49498.442948
432.8647,100,49498.443094
356.4096,100,49498.44314
414.65494,100,49498.443178
483.79272,100,49509.52621
493.15244,100,49509.526361
331.6611,100,49509.526408
408.8512,100,49509.526447
404.4052,100,49521.50361
367.9847,100,49521.503748
502.0699,100,49521.503793
613.84314,100,49521.503831
362.405,100,49534.179839
320.97025,100,49534.180003
395.57407,100,49534.180048
483.35608,100,49534.180087
411.65628,100,49545.1356
420.78943,100,49545.135744
364.92303,100,49545.135789
438.93076,100,49545.135828
640.737,100,49557.466434
620.1109,100,49557.466604
154.85011,100,49557.466652
378.28674,100,49557.466692
417.26935,100,49569.886726
350.46658,100,49569.886923
570.10767,100,49569.88697
598.8516,100,49569.887009
355.8646,100,49582.144941
561.06024,100,49582.14509
394.3136,100,49582.145138
498.1502,100,49582.145177
334.7126,100,49592.813893
370.06073,100,49592.814054
638.21387,100,49592.814101
343.72974,100,49592.814142
620.9337,100,49606.539289
525.9534,100,49606.539431
463.13837,100,49606.539478
352.90503,100,49606.539519
573.58386,100,49617.768123
391.5022,100,49617.768263
401.36182,100,49617.76831
203.35262,100,49617.768349
445.27182,100,49632.26194
558.3358,100,49632.262085
420.80286,100,49632.262132
356.4111,100,49632.262171
383.7889,100,49645.64748
397.09818,100,49645.647622
316.13693,100,49645.647671
398.2753,100,49645.64771
596.76184,100,49657.187994
442.7376,100,49657.188141
373.65338,100,49657.188187
345.312,100,49657.188226
350.0389,100,49670.704548
340.7055,100,49670.704696
275.98798,100,49670.704741
609.36414,100,49670.704779
494.0602,100,49682.679505
361.34708,100,49682.679662
571.5753,100,49682.679709
355.4686,100,49682.679749
343.70938,100,49693.018998
337.76147,100,49693.019136
398.39566,100,49693.019181
363.90613,100,49693.019219
524.015,100,49704.287703
561.10364,100,49704.287842
678.8624,100,49704.287888
353.66153,100,49704.287926
558.37634,100,49716.098069
361.55182,100,49716.098272
460.17267,100,49716.09832
526.92053,100,49716.09836
323.28647,100,49726.302479
564.8116,100,49726.302638
387.3749,100,49726.302686
534.81506,100,49726.302726
374.6499,100,49738.007988
368.91193,100,49738.008128
371.70325,100,49738.008175
411.70712,100,49738.008213
329.47382,100,49748.535377
559.55896,100,49748.535516
482.84567,100,49748.535562
523.5257,100,49748.535601
391.08102,100,49761.11738
363.39886,100,49761.117533
571.6443,100,49761.117581
328.91705,100,49761.11762
294.10257,100,49771.546064
554.0791,100,49771.546213
304.11478,100,49771.54626
464.20624,100,49771.5463
356.1498,100,49783.42418
360.33847,100,49783.424328
373.6317,100,49783.424376
396.75937,100,49783.424416
345.71173,100,49794.195187
386.20618,100,49794.195333
349.60303,100,49794.195381
552.536,100,49794.19542
447.48834,100,49807.23167
506.521,100,49807.231807
411.5494,100,49807.231853
418.78568,100,49807.231893
570.5315,100,49819.644161
402.93338,100,49819.64432
511.8593,100,49819.644368
490.4849,100,49819.644408
364.72852,100,49832.153566
452.12057,100,49832.153755
413.23364,100,49832.153817
491.25842,100,49832.15387
516.7809,100,49845.429024
409.67557,100,49845.429171
361.82642,100,49845.429219
448.32098,100,49845.429259
375.228,100,49857.642161
384.6974,100,49857.642358
308.51346,100,49857.642405
419.0365,100,49857.642442
352.90308,100,49869.970594
597.87256,100,49869.970761
617.30023,100,49869.970809
309.26456,100,49869.97085
294.34006,100,49882.159429
416.87164,100,49882.159582
607.75684,100,49882.159629
515.4617,100,49882.159668
356.42523,100,49893.075546
345.9588,100,49893.075687
365.392,100,49893.075735
287.70102,100,49893.075774
457.6418,100,49906.721697
546.72437,100,49906.721858
406.07837,100,49906.721907
352.8143,100,49906.721948
582.4805,100,49917.730004
417.14923,100,49917.730168
351.9804,100,49917.730217
444.69485,100,49917.730255
355.34976,100,49932.223082
407.1314,100,49932.223231
478.11942,100,49932.22328
521.30066,100,49932.223321
292.6595,100,49945.67065
406.34024,100,49945.670796
366.49194,100,49945.670845
394.36496,100,49945.670887
346.01907,100,49957.505487
406.61606,100,49957.50564
345.8785,100,49957.505689
226.84662,100,49957.50573
483.82455,100,49968.022216
403.8751,100,49968.022369
436.81744,100,49968.022418
340.07117,100,49968.022457
382.4845,100,49984.85469
390.15723,100,49984.854851
343.2477,100,49984.854899
390.97598,100,49984.854938
376.5645,100,49996.089869
622.3998,100,49996.090022
380.72287,100,49996.09007
361.8953,100,49996.090109
438.70422,100,50010.238057
420.7007,100,50010.238272
383.27924,100,50010.238322
354.68146,100,50010.238364
314.97702,100,50022.86257
397.2048,100,50022.862727
384.56833,100,50022.862776
397.37433,100,50022.862817
646.33264,100,50036.013602
270.80963,100,50036.013763
622.30273,100,50036.013819
487.03705,100,50036.013862
450.55344,100,50046.492156
272.59653,100,50046.4923
372.81335,100,50046.492348
380.85333,100,50046.492388
349.27524,100,50059.146232
336.64948,100,50059.146379
455.60245,100,50059.146428
388.14893,100,50059.146467
357.73087,100,50071.180008
370.8386,100,50071.180152
363.85968,100,50071.1802
578.53613,100,50071.18024
617.3227,100,50082.094339
327.3853,100,50082.094489
313.16138,100,50082.094536
381.60477,100,50082.094576
520.6726,100,50096.034461
347.07666,100,50096.034604
329.2467,100,50096.034651
390.7357,100,50096.034691
391.13254,100,50108.32725
425.46707,100,50108.3274
438.42783,100,50108.327448
471.23523,100,50108.327487
346.86426,100,50118.917396
335.9094,100,50118.917542
442.46805,100,50118.917589
438.9895,100,50118.917629
348.8126,100,50129.507768
434.8077,100,50129.507936
374.92935,100,50129.507984
352.19125,100,50129.508023
571.0703,100,50141.28292
357.4854,100,50141.283067
421.42645,100,50141.283114
347.41385,100,50141.283154
322.64926,100,50153.365968
362.97968,100,50153.366159
385.5719,100,50153.366209
403.64795,100,50153.366249
367.4778,100,50165.996064
390.57104,100,50165.996274
572.2753,100,50165.996323
450.324,100,50165.996364
401.3793,100,50178.266641
385.5177,100,50178.266787
346.33533,100,50178.266835
445.54242,100,50178.266875
369.22,100,50190.571759
603.10675,100,50190.571907
367.20645,100,50190.571954
607.05054,100,50190.571993
387.02774,100,50204.592434
299.78906,100,50204.592582
639.20703,100,50204.592631
354.52356,100,50204.59267
385.44046,100,50215.007076
361.32153,100,50215.00723
398.4053,100,50215.007277
431.06854,100,50215.007318
443.9452,100,50227.272108
604.29913,100,50227.272257
364.76007,100,50227.272304
349.36307,100,50227.272344
343.13113,100,50238.014253
383.90674,100,50238.014402
579.62994,100,50238.014449
480.3413,100,50238.014488
590.7451,100,50252.511635
379.06845,100,50252.511779
533.536,100,50252.511826
386.5522,100,50252.511865
493.9278,100,50263.755847
352.46143,100,50263.756
395.82687,100,50263.756048
574.44275,100,50263.756089
592.24915,100,50275.350513
429.16498,100,50275.350683
419.9764,100,50275.350762
598.03394,100,50275.350806
268.8572,100,50287.045865
404.66852,100,50287.04602
616.10986,100,50287.046067
448.22293,100,50287.046109
373.97885,100,50300.700292
418.5143,100,50300.700442
375.96558,100,50300.70049
307.9299,100,50300.70053
639.3409,100,50312.210433
364.44745,100,50312.210659
311.40112,100,50312.210709
353.3323,100,50312.210749
374.2323,100,50323.955335
614.9783,100,50323.955487
417.23456,100,50323.955535
403.13568,100,50323.955575
348.57727,100,50334.497157
424.68298,100,50334.497303
345.61505,100,50334.49735
268.4818,100,50334.49739
397.2618,100,50346.598135
283.7252,100,50346.598278
395.961,100,50346.598324
440.74042,100,50346.598364
577.57684,100,50357.916756
369.08255,100,50357.916906
379.21954,100,50357.916953
365.8874,100,50357.916993
583.5717,100,50370.134706
331.86722,100,50370.134851
394.29788,100,50370.134899
409.80298,100,50370.134939
401.99536,100,50381.712197
602.59894,100,50381.712345
333.84613,100,50381.712392
412.52365,100,50381.712432
371.45166,100,50395.053893
505.94214,100,50395.054044
365.98813,100,50395.054091
374.55884,100,50395.054132
409.65564,100,50406.670326
546.1426,100,50406.670464
202.12346,100,50406.670511
432.36044,100,50406.670551
464.2424,100,50422.481023
404.08743,100,50422.481192
349.5156,100,50422.481241
316.74216,100,50422.481281
392.88474,100,50433.222703
350.0246,100,50433.222856
367.18985,100,50433.222904
360.81393,100,50433.222944
351.5948,100,50447.81881
587.43884,100,50447.818985
419.62247,100,50447.819035
389.9808,100,50447.819075
364.72424,100,50460.924029
365.1953,100,50460.924226
414.3935,100,50460.924276
471.94342,100,50460.924317
447.0572,100,50472.069451
364.47113,100,50472.069602
382.3477,100,50472.069651
583.3701,100,50472.069691
415.77438,100,50488.064856
428.55203,100,50488.064996
404.80923,100,50488.065044
553.4059,100,50488.065084
345.7505,100,50502.407649
428.53778,100,50502.407799
619.92285,100,50502.407847
366.00336,100,50502.407887
379.9852,100,50518.907967
521.395,100,50518.908116
387.25787,100,50518.908165
374.89426,100,50518.908206
506.6124,100,50533.971241
385.6239,100,50533.971392
628.48157,100,50533.97144
608.69055,100,50533.971479
341.46613,100,50546.704268
399.37024,100,50546.704422
615.9408,100,50546.70447
604.2894,100,50546.704511
550.36053,100,50561.749414
340.4328,100,50561.749566
617.2066,100,50561.749614
357.18256,100,50561.749654
370.27682,100,50578.704345
385.32266,100,50578.704513
436.19327,100,50578.704561
424.46234,100,50578.704601
559.7549,100,50594.142717
376.88205,100,50594.142866
523.0429,100,50594.142913
338.17923,100,50594.142952
599.25037,100,50608.884917
557.66675,100,50608.885159
509.83032,100,50608.88521
368.51865,100,50608.885252
396.61893,100,50628.222997
571.1466,100,50628.223196
599.553,100,50628.223243
478.8727,100,50628.223282
409.93884,100,50640.053091
496.1797,100,50640.05324
461.7816,100,50640.053288
586.4288,100,50640.053328
393.02078,100,50655.930801
542.4476,100,50655.931037
358.92273,100,50655.931087
345.94403,100,50655.931128
302.206,100,50667.205287
366.9663,100,50667.205441
414.0693,100,50667.205488
500.20007,100,50667.205527
591.1913,100,50681.906759
564.11945,100,50681.906903
372.60693,100,50681.906949
350.89917,100,50681.906988
394.82657,100,50692.227595
608.301,100,50692.227743
432.2028,100,50692.227789
602.06366,100,50692.227827
336.87384,100,50706.013313
394.8483,100,50706.013463
366.23837,100,50706.01351
416.24216,100,50706.013549
286.7771,100,50717.199807
377.80634,100,50717.199949
402.02594,100,50717.199994
345.1116,100,50717.200031
382.74667,100,50730.243707
559.5355,100,50730.243856
388.75504,100,50730.243902
359.73538,100,50730.24394
