train/std,time/fps,time/total_timesteps,rollout/ep_rew_mean,rollout/success_rate,rollout/ep_len_mean,time/time_elapsed,time/episodes,train/n_updates,train/critic_loss,train/ent_coef,train/ent_coef_loss,train/actor_loss,train/learning_rate
0.025476466864347458,123,400,275.39838,0.0,100.0,3,4,,,,,,
0.025476466864347458,135,800,269.64038,0.0,100.0,5,8,,,,,,
0.025500889867544174,69,1200,263.58878,0.0,100.0,17,12,96,0.17037736997008324,0.19544621091336012,-17.921956956386566,-4.867363691329956,0.0003
0.025511614978313446,62,1600,243.5138,0.0,100.0,25,16,192,0.17997960466891527,0.18871742952615023,-18.88624894618988,-5.759334415197372,0.0003
0.025516975671052933,56,2000,239.66617,0.0,100.0,35,20,304,0.22196398582309484,0.18188454769551754,-18.822009563446045,-6.92124342918396,0.0003
0.025521202012896538,53,2400,233.43672,0.0,100.0,44,24,400,0.27727370616048574,0.17640249710530043,-19.35714328289032,-8.06875467300415,0.0003
0.025524510070681572,52,2800,237.30794,0.0,100.0,53,28,496,0.32700251694768667,0.1711028954014182,-20.262513160705566,-9.3155797123909,0.0003
0.025527535006403923,51,3200,230.04886,0.0,100.0,61,32,592,0.5397844547405839,0.16607700008898973,-20.216389894485474,-10.348711013793945,0.0003
0.02553132362663746,50,3600,226.66182,0.0,100.0,71,36,704,0.5574711710214615,0.1604319429025054,-20.84972643852234,-11.559855699539185,0.0003
0.025534095242619514,50,4000,221.1846,0.0,100.0,79,40,800,0.644174026325345,0.15576105192303658,-20.9729825258255,-12.571022272109985,0.0003
0.025539522990584373,49,4400,217.77,0.0,100.0,88,44,896,0.7782142693176866,0.15125630237162113,-20.913677096366882,-13.506622195243835,0.0003
0.025542261078953743,49,4800,218.16966,0.0,100.0,97,48,992,0.8330774083733559,0.1469020340591669,-22.3998122215271,-14.739735841751099,0.0003
0.025543654337525368,48,5200,216.69115,0.0,100.0,106,52,1104,1.0903812311589718,0.1420013690367341,-22.129870295524597,-15.715917468070984,0.0003
0.02554974891245365,48,5600,214.67033,0.0,100.0,114,56,1200,1.0208035744726658,0.13797233905643225,-22.275875568389893,-16.748281598091125,0.0003
0.02555260993540287,48,6000,213.01309,0.0,100.0,123,60,1296,1.0723584480583668,0.13409524504095316,-22.650670170783997,-17.68570113182068,0.0003
0.025556566193699837,48,6400,211.99072,0.0,100.0,131,64,1392,1.720144595950842,0.13026172760874033,-23.135741114616394,-18.57092797756195,0.0003
0.025558842346072197,48,6800,213.87367,0.0,100.0,141,68,1504,1.3259591087698936,0.1259535076096654,-23.016498684883118,-20.25598430633545,0.0003
0.02556263655424118,47,7200,215.33249,0.0,100.0,150,72,1600,1.6111098006367683,0.12238404201343656,-23.60103130340576,-21.129882216453552,0.0003
0.02556341513991356,47,7600,215.80559,0.0,100.0,158,76,1696,1.5210815593600273,0.11896577384322882,-23.652210474014282,-22.29104208946228,0.0003
0.0255684033036232,47,8000,214.95308,0.0,100.0,167,80,1792,1.7497472241520882,0.11567235039547086,-24.036924242973328,-23.230130434036255,0.0003
0.025570057332515717,47,8400,214.65958,0.0,100.0,177,84,1904,2.088191293179989,0.11188215296715498,-24.443210005760193,-24.32332718372345,0.0003
0.025571711361408234,47,8800,215.43,0.0,100.0,186,88,2000,1.7864052131772041,0.10874990839511156,-24.164677500724792,-25.386496901512146,0.0003
0.025575553998351097,47,9200,214.09596,0.0,100.0,195,92,2096,2.1719333305954933,0.1057291254401207,-25.921589136123657,-26.121321201324463,0.0003
0.02557501383125782,47,9600,214.42236,0.0,100.0,204,96,2192,2.3497466817498207,0.10279607167467475,-24.48363447189331,-27.072962045669556,0.0003
0.025579655542969704,46,10000,215.29805,0.0,100.0,213,100,2304,2.7138415463268757,0.09950496396049857,-25.53069531917572,-28.254551887512207,0.0003
0.02558036707341671,46,10400,212.63687,0.0,100.0,223,104,2400,2.5208531841635704,0.09679172653704882,-23.906533360481262,-29.13201892375946,0.0003
0.025583330541849136,46,10800,210.49057,0.0,100.0,232,108,2496,2.8717791363596916,0.0941606005653739,-25.314422011375427,-30.26800000667572,0.0003
0.025587163865566254,46,11200,207.96233,0.0,100.0,240,112,2592,3.039402022957802,0.09162564994767308,-26.260891437530518,-30.988194465637207,0.0003
0.025591488927602768,46,11600,209.74112,0.0,100.0,250,116,2704,2.9119006916880608,0.08872449630871415,-25.11929225921631,-32.040939688682556,0.0003
0.025594133883714676,46,12000,211.8189,0.0,100.0,258,120,2800,3.3377450183033943,0.08631147583946586,-26.05980098247528,-33.320674896240234,0.0003
0.025594094768166542,46,12400,213.61273,0.0,100.0,267,124,2896,3.213273525238037,0.08395002502948046,-25.805660009384155,-34.485684394836426,0.0003
0.02559647522866726,46,12800,212.6044,0.0,100.0,276,128,2992,3.322614073753357,0.08168146666139364,-25.884147882461548,-35.33534526824951,0.0003
0.02559828944504261,46,13200,214.58595,0.0,100.0,286,132,3104,4.305043637752533,0.07918682741001248,-26.216081857681274,-36.5229287147522,0.0003
0.02560308389365673,46,13600,215.45709,0.0,100.0,294,136,3200,3.735859103500843,0.0771129704080522,-25.360695838928223,-37.19970774650574,0.0003
0.02560487762093544,46,14000,217.94785,0.0,100.0,303,140,3296,3.5591309517621994,0.07501707877963781,-26.507052779197693,-37.98271703720093,0.0003
0.025607790797948837,46,14400,221.15994,0.0,100.0,312,144,3392,4.426467463374138,0.07301124837249517,-24.587576150894165,-38.95535349845886,0.0003
0.025609513744711876,45,14800,222.24025,0.0,100.0,322,148,3504,4.805181220173836,0.07076551858335733,-25.235188245773315,-39.96877098083496,0.0003
0.02561132051050663,45,15200,224.02736,0.0,100.0,331,152,3600,3.5161645859479904,0.0689091901294887,-24.64632821083069,-41.08308124542236,0.0003
0.02561389096081257,45,15600,226.0122,0.0,100.0,339,156,3696,3.0846423357725143,0.06713096145540476,-24.944085478782654,-42.064159870147705,0.0003
0.025614062324166298,46,16000,229.84265,0.0,100.0,347,160,3792,3.925027996301651,0.0654041706584394,-24.181410908699036,-43.00339484214783,0.0003
0.025615667924284935,45,16400,232.3955,0.0,100.0,357,164,3904,3.2948698103427887,0.0635188021697104,-24.912815809249878,-43.833513498306274,0.0003
0.025618689134716988,45,16800,233.15686,0.0,100.0,366,168,4000,3.3856419548392296,0.06190181593410671,-25.78625237941742,-45.04778075218201,0.0003
0.025619560852646828,45,17200,234.83461,0.0,100.0,375,172,4096,3.166665755212307,0.06024825875647366,-25.71416699886322,-45.986143589019775,0.0003
0.02562406286597252,45,17600,234.24283,0.0,100.0,384,176,4192,3.3244656175374985,0.05868751974776387,-26.091832399368286,-46.97710919380188,0.0003
0.02562546171247959,45,18000,235.85207,0.0,100.0,393,180,4304,3.6375061497092247,0.05692057963460684,-25.468963384628296,-47.664597272872925,0.0003
0.02562745288014412,45,18400,237.69159,0.0,100.0,402,184,4400,4.330162361264229,0.05546607566066086,-25.284316778182983,-48.603981018066406,0.0003
0.025629965588450432,45,18800,239.69836,0.0,100.0,411,188,4496,3.422142043709755,0.05410898709669709,-25.77234661579132,-49.27131509780884,0.0003
0.02563307248055935,45,19200,243.35437,0.0,100.0,419,192,4592,4.14020249247551,0.05269538494758308,-26.44866681098938,-49.78256297111511,0.0003
0.025635387748479843,45,19600,245.84735,0.0,100.0,429,196,4704,3.1429571956396103,0.05108406511135399,-25.58946716785431,-50.987995624542236,0.0003
0.02563701942563057,45,20000,247.4117,0.0,100.0,438,200,4800,4.933797121047974,0.049805848160758615,-23.366148114204407,-51.13031840324402,0.0003
0.02564060129225254,45,20400,250.36397,0.0,100.0,448,204,4896,3.7779819518327713,0.048550170147791505,-23.93223911523819,-52.44382619857788,0.0003
0.02564368210732937,45,20800,253.2366,0.0,100.0,457,208,4992,3.9414006024599075,0.0473394759465009,-25.12250316143036,-53.59709596633911,0.0003
0.02564552240073681,45,21200,255.65863,0.0,100.0,466,212,5104,4.416352793574333,0.04593647154979408,-25.919555068016052,-53.96150207519531,0.0003
0.025648735463619232,45,21600,257.61588,0.0,100.0,475,216,5200,3.9610174372792244,0.044762050500139594,-24.917771697044373,-55.25202178955078,0.0003
0.025652099400758743,45,22000,258.13312,0.0,100.0,483,220,5296,3.669944867491722,0.04366409499198198,-25.17491328716278,-55.67934465408325,0.0003
0.025652995333075523,45,22400,259.53204,0.0,100.0,492,224,5392,4.376227453351021,0.042579756351187825,-24.669715881347656,-56.352436542510986,0.0003
0.02566034533083439,45,22800,261.44037,0.0,100.0,501,228,5504,4.3156313598155975,0.04134099022485316,-24.110223054885864,-57.26061701774597,0.0003
0.02566361613571644,45,23200,263.28317,0.0,100.0,510,232,5600,4.148217722773552,0.04033996514044702,-23.762418746948242,-58.07208752632141,0.0003
0.02566821686923504,45,23600,265.6789,0.0,100.0,519,236,5696,5.7555181086063385,0.03937547956593335,-24.108242511749268,-58.95101618766785,0.0003
0.02567202039062977,45,24000,267.19388,0.0,100.0,528,240,5792,5.188935860991478,0.03847809787839651,-22.322389841079712,-58.97728371620178,0.0003
0.025673633441329002,45,24400,267.11807,0.0,100.0,537,244,5904,5.380937039852142,0.03743329574353993,-22.956211388111115,-59.17940878868103,0.0003
0.0256750900298357,45,24800,267.25214,0.0,100.0,546,248,6000,7.234299570322037,0.03656884119845927,-17.90155589580536,-59.636879444122314,0.0003
0.02567610703408718,45,25200,268.62134,0.0,100.0,555,252,6096,6.657908514142036,0.03582078358158469,-21.57932859659195,-59.360270500183105,0.0003
0.02567906491458416,45,25600,270.46802,0.0,100.0,564,256,6192,6.689954921603203,0.034954175585880876,-21.74563694000244,-59.66617465019226,0.0003
0.025685476139187813,45,26000,269.55563,0.0,100.0,573,260,6304,5.702603489160538,0.03398607484996319,-25.31940847635269,-59.72504901885986,0.0003
0.02569018118083477,45,26400,270.48157,0.0,100.0,582,264,6400,6.199065640568733,0.03312733001075685,-20.534729599952698,-61.03298997879028,0.0003
0.025688527151942253,45,26800,271.61005,0.0,100.0,591,268,6496,5.1674279272556305,0.032334667397663,-21.70944344997406,-61.298086643218994,0.0003
0.02569030039012432,45,27200,271.0948,0.0,100.0,600,272,6592,5.741069242358208,0.031634652288630605,-17.891324996948242,-62.271153688430786,0.0003
0.025693319737911224,45,27600,273.5464,0.0,100.0,610,276,6704,4.812383994460106,0.03078949626069516,-23.114081025123596,-62.96672034263611,0.0003
0.025698697194457054,45,28000,275.42728,0.0,100.0,619,280,6800,6.640436217188835,0.030069868080317974,-21.644086003303528,-63.76461362838745,0.0003
0.02570248953998089,45,28400,276.3348,0.0,100.0,627,284,6896,5.870374172925949,0.029406129731796682,-16.631579637527466,-64.44852018356323,0.0003
0.025708122178912163,45,28800,276.08264,0.0,100.0,636,288,6992,6.505738988518715,0.028819439467042685,-18.531517207622528,-65.33221578598022,0.0003
0.025709204375743866,45,29200,276.12054,0.0,100.0,645,292,7104,9.501975029706955,0.028099705232307315,-12.330702424049377,-65.89499855041504,0.0003
0.025709548965096474,45,29600,275.81702,0.0,100.0,654,296,7200,6.185603946447372,0.027549224207177758,-16.37821125984192,-66.9448413848877,0.0003
0.025713833048939705,45,30000,276.22995,0.0,100.0,663,300,7296,9.03758305311203,0.027049849391914904,-11.258187644183636,-67.61120176315308,0.0003
0.025718895718455315,45,30400,274.84592,0.0,100.0,671,304,7392,7.871063709259033,0.02669983555097133,-12.654182583093643,-68.95572423934937,0.0003
0.025724705308675766,45,30800,273.0272,0.0,100.0,681,308,7504,7.523878186941147,0.02611831109970808,-15.14051228761673,-69.46822309494019,0.0003
0.025728322565555573,45,31200,273.5464,0.0,100.0,689,312,7600,7.292735785245895,0.025599295273423195,-15.361525803804398,-70.24948453903198,0.0003
0.025730576366186142,45,31600,272.65192,0.0,100.0,698,316,7696,7.468467622995377,0.025146647123619914,-12.529642447829247,-71.2458176612854,0.0003
0.025733914226293564,45,32000,271.9725,0.0,100.0,707,320,7792,7.879327148199081,0.024680466041900218,-14.703248858451843,-71.40943241119385,0.0003
0.025736188516020775,45,32400,270.9279,0.0,100.0,717,324,7904,5.613267004489899,0.024078269605524838,-11.768256068229675,-72.19339990615845,0.0003
0.025742704048752785,45,32800,270.0766,0.0,100.0,726,328,8000,7.09870445728302,0.02350971254054457,-18.16969120502472,-72.94179153442383,0.0003
0.025743091478943825,45,33200,270.31403,0.0,100.0,735,332,8096,6.77741827070713,0.02291971631348133,-19.422006905078888,-73.3401107788086,0.0003
0.025743059813976288,45,33600,269.74304,0.0,100.0,743,336,8192,8.410082966089249,0.022342299576848745,-12.68347093462944,-74.14931154251099,0.0003
0.025744907557964325,45,34000,270.42883,0.0,100.0,753,340,8304,7.6450015008449554,0.02170984831172973,-15.535693407058716,-74.98900985717773,0.0003
0.025748927146196365,45,34400,270.2019,0.0,100.0,762,344,8400,7.229266881942749,0.021242775255814195,-17.84636354446411,-76.24599027633667,0.0003
0.025749631226062775,45,34800,271.3522,0.0,100.0,771,348,8496,5.942945569753647,0.020719946012832224,-19.73852413892746,-76.51292419433594,0.0003
0.025750812143087387,45,35200,271.8176,0.0,100.0,781,352,8592,7.034156978130341,0.020194644457660615,-15.500933676958084,-77.10062599182129,0.0003
0.02575274556875229,44,35600,271.66306,0.0,100.0,791,356,8704,5.409983821213245,0.01964174711611122,-20.35456484556198,-77.87392520904541,0.0003
0.02575407177209854,44,36000,272.13614,0.0,100.0,800,360,8800,6.397212848067284,0.019171311985701323,-16.139465928077698,-78.7978572845459,0.0003
0.02575807459652424,44,36400,272.7213,0.0,100.0,810,364,8896,6.440300524234772,0.01873634837102145,-12.340866148471832,-78.7448058128357,0.0003
0.025760283693671227,44,36800,271.98163,0.0,100.0,819,368,8992,5.716030463576317,0.01836037659086287,-16.62697660923004,-79.60778522491455,0.0003
0.025762559846043587,44,37200,272.37805,0.0,100.0,828,372,9104,6.039512366056442,0.01792620331980288,-11.421730056405067,-80.23181343078613,0.0003
0.025764696300029755,44,37600,272.52997,0.0,100.0,837,376,9200,5.441229991614819,0.017559205880388618,-14.54098430275917,-80.64456033706665,0.0003
0.025765636935830116,44,38000,272.13348,0.0,100.0,846,380,9296,5.8296302407979965,0.01718820130918175,-9.00688198581338,-81.10654783248901,0.0003
0.025767022743821144,44,38400,271.94675,0.0,100.0,855,384,9392,5.217271029949188,0.016799347824417055,-13.56028226017952,-81.63724708557129,0.0003
0.025771817192435265,44,38800,271.77145,0.0,100.0,867,388,9504,5.48971800506115,0.01646924903616309,-14.402750015258789,-82.20639991760254,0.0003
0.025775322690606117,44,39200,272.79803,0.0,100.0,878,392,9600,4.715833440423012,0.01616830099374056,-13.156258225440979,-82.88152265548706,0.0003
0.02577408403158188,44,39600,272.5317,0.0,100.0,888,396,9696,4.351392030715942,0.0157885110238567,-13.184529215097427,-83.38289070129395,0.0003
0.025774169713258743,44,40000,272.42624,0.0,100.0,898,400,9792,4.608405143022537,0.0155131914652884,-6.213131822645664,-84.00085258483887,0.0003
0.025774279609322548,44,40400,273.78055,0.0,100.0,909,404,9904,4.488610967993736,0.015175160369835794,-11.573022276163101,-84.93121099472046,0.0003
0.025769267231225967,44,40800,274.0866,0.0,100.0,920,408,10000,8.148765653371811,0.015033343574032187,5.505273066461086,-85.95003509521484,0.0003
0.02576580084860325,44,41200,274.68854,0.0,100.0,930,412,10096,5.117675334215164,0.015073073329403996,2.7744952570647,-86.72944450378418,0.0003
0.025767821818590164,44,41600,275.06543,0.0,100.0,940,416,10192,5.215871572494507,0.015071139379870147,-2.054789772257209,-88.03853416442871,0.0003
0.025769630447030067,44,42000,275.04834,0.0,100.0,953,420,10304,2.7660197243094444,0.015038076438941061,-3.9402736369520426,-88.63123941421509,0.0003
0.025776280090212822,43,42400,276.04724,0.0,100.0,964,424,10400,2.5260753706097603,0.014857623085845262,-8.21414628252387,-88.97618532180786,0.0003
0.025775302201509476,43,42800,277.20178,0.0,100.0,975,428,10496,2.3400571793317795,0.014591392304282635,-8.92413181066513,-89.37576007843018,0.0003
0.02577519603073597,43,43200,276.2909,0.0,100.0,986,432,10592,2.591766782104969,0.014319208567030728,-7.1477577006444335,-90.03386974334717,0.0003
0.025777069851756096,43,43600,278.29105,0.0,100.0,997,436,10704,2.600180074572563,0.014042849652469158,-11.669372200965881,-90.56568574905396,0.0003
0.02577628567814827,43,44000,277.94345,0.0,100.0,1009,440,10800,2.6693782955408096,0.013804011861793697,-6.41521018743515,-91.61442995071411,0.0003
0.025775782763957977,43,44400,279.04913,0.0,100.0,1021,444,10896,2.0472415536642075,0.013643944694194943,-3.069662531837821,-91.70471715927124,0.0003
0.02577715553343296,43,44800,278.2389,0.0,100.0,1031,448,10992,2.365431621670723,0.013442607829347253,-6.42477635294199,-92.35796689987183,0.0003
0.025777647271752357,43,45200,275.99997,0.0,100.0,1042,452,11104,2.4253317415714264,0.01320696622133255,-6.302993286401033,-92.95282697677612,0.0003
0.025776246562600136,43,45600,277.7472,0.0,100.0,1053,456,11200,2.76743184030056,0.013049360306467861,-6.000856846570969,-93.19541311264038,0.0003
0.02577233500778675,43,46000,278.59,0.0,100.0,1065,460,11296,3.0827033072710037,0.012850268685724586,-3.737189868465066,-94.05823230743408,0.0003
0.02576209418475628,43,46400,275.34485,0.0,100.0,1076,464,11392,4.28251875936985,0.01285198499681428,7.194127891212702,-95.48383474349976,0.0003
0.025767095386981964,42,46800,274.972,0.0,100.0,1088,468,11504,2.975081041455269,0.01302698568906635,2.374171059578657,-96.63790941238403,0.0003
0.0257781520485878,42,47200,275.71768,0.0,100.0,1099,472,11600,1.9968495443463326,0.013109607913065702,-1.077344374731183,-97.21447706222534,0.0003
0.025773175060749054,42,47600,273.87927,0.0,100.0,1110,476,11696,2.993521898984909,0.013105765625368804,2.2223965376615524,-98.06360006332397,0.0003
0.025781279429793358,42,48000,269.4929,0.0,100.0,1120,480,11792,2.0947339683771133,0.013107106671668589,-3.8118813261389732,-98.59378385543823,0.0003
0.025778163224458694,42,48400,266.97952,0.0,100.0,1131,484,11904,2.0689542964100838,0.013061584031675011,-0.21348150540143251,-99.08614873886108,0.0003
0.025777967646718025,42,48800,264.01978,0.0,100.0,1142,488,12000,1.8117986395955086,0.012976557947695255,2.0491420328617096,-99.55659580230713,0.0003
0.025781171396374702,42,49200,259.99814,0.0,100.0,1153,492,12096,1.6416316851973534,0.013005966204218566,2.182184725999832,-100.2363224029541,0.0003
0.02578268200159073,42,49600,255.97629,0.0,100.0,1163,496,12192,1.649432472884655,0.012998511490877718,-0.772631324827671,-100.81037330627441,0.0003
0.025785502046346664,42,50000,251.78316,0.0,100.0,1175,500,12304,1.5252604186534882,0.01296106557128951,-4.4295844957232475,-101.58227729797363,0.0003
0.025789083912968636,42,50400,250.35944,0.0,100.0,1187,504,12400,2.6259518042206764,0.012856975838076323,-4.5173808336257935,-101.72549438476562,0.0003
0.0257903803139925,42,50800,248.69376,0.0,100.0,1198,508,12496,1.764548733830452,0.012771141598932445,-2.0180785097181797,-102.47023057937622,0.0003
0.025785405188798904,42,51200,246.03522,0.0,100.0,1209,512,12592,8.89804893732071,0.012858943257015198,10.95133911818266,-103.90496635437012,0.0003
0.025781044736504555,42,51600,241.98145,0.0,100.0,1220,516,12704,5.6393235474824905,0.013418052927590907,7.122751601040363,-106.99180459976196,0.0003
0.02578582987189293,42,52000,238.37473,0.0,100.0,1231,520,12800,5.220319792628288,0.013730268110521138,8.836446434259415,-108.33598232269287,0.0003
0.025785693898797035,42,52400,233.57422,0.0,100.0,1241,524,12896,13.96752718091011,0.01392972469329834,4.6348762437701225,-109.65128374099731,0.0003
0.025788497179746628,42,52800,226.88486,0.0,100.0,1251,528,12992,15.569133818149567,0.014350525685586035,8.167982518672943,-111.68079423904419,0.0003
0.02578728087246418,42,53200,223.04591,0.0,100.0,1263,532,13104,33.57838809490204,0.014990700874477625,14.799558982253075,-115.27311754226685,0.0003
0.025795532390475273,42,53600,217.65828,0.0,100.0,1273,536,13200,16.056326270103455,0.015434790402650833,11.439581222832203,-116.29577207565308,0.0003
0.02579430863261223,42,54000,212.44717,0.0,100.0,1283,540,13296,23.29808396100998,0.015768825309351087,9.488354902714491,-118.75512933731079,0.0003
0.025794263929128647,42,54400,207.55426,0.0,100.0,1293,544,13392,25.746262192726135,0.016246565617620945,15.197714030742645,-121.64977884292603,0.0003
0.02580321580171585,41,54800,202.35617,0.0,100.0,1304,548,13504,23.291471123695374,0.016907889978028834,7.164192400872707,-123.22464513778687,0.0003
0.025803592056035995,41,55200,199.88739,0.0,100.0,1315,552,13600,25.356465280056,0.017346634878776968,12.59561625123024,-124.50041246414185,0.0003
0.02581028826534748,41,55600,194.94218,0.0,100.0,1325,556,13696,21.33851784467697,0.01788539218250662,14.723625287413597,-125.91977262496948,0.0003
0.025816386565566063,41,56000,189.05649,0.0,100.0,1335,560,13792,17.747317373752594,0.018346018972806633,11.128658793866634,-126.88152122497559,0.0003
0.025812966749072075,41,56400,187.4451,0.0,100.0,1346,564,13904,22.650438487529755,0.01890935469418764,14.729264110326767,-128.47142457962036,0.0003
0.025824155658483505,41,56800,183.97508,0.0,100.0,1356,568,14000,13.888655930757523,0.01939863443840295,10.412285543978214,-129.36614084243774,0.0003
0.02582593634724617,41,57200,177.38338,0.0,100.0,1367,572,14096,15.039193332195282,0.019840889028273523,9.82076744735241,-130.16398811340332,0.0003
0.025806952267885208,41,57600,174.37529,0.0,100.0,1376,576,14192,55.399086475372314,0.02076766698155552,27.71316921710968,-142.3322515487671,0.0003
0.0258012805134058,41,58000,175.9942,0.0,100.0,1387,580,14304,48.72799062728882,0.022081646719016135,28.10814130306244,-138.4630250930786,0.0003
0.025810401886701584,41,58400,175.57233,0.0,100.0,1397,584,14400,24.815440773963928,0.023088496760465205,23.21063321828842,-136.50914764404297,0.0003
0.025819282978773117,41,58800,175.51157,0.0,100.0,1407,588,14496,19.836010932922363,0.02396201656665653,19.618437230587006,-137.05758380889893,0.0003
0.025827040895819664,41,59200,174.07143,0.0,100.0,1418,592,14592,17.057545363903046,0.024705462739802897,13.591593399643898,-138.05299854278564,0.0003
0.025833869352936745,41,59600,172.46715,0.0,100.0,1429,596,14704,13.031326711177826,0.025376033154316247,10.933187335729599,-137.86957263946533,0.0003
0.02584310993552208,41,60000,171.11829,0.0,100.0,1439,600,14800,18.24948537349701,0.02588228858076036,11.782842952758074,-138.86806297302246,0.0003
0.025849314406514168,41,60400,168.22633,0.0,100.0,1450,604,14896,15.056591928005219,0.026603538659401238,10.492509126663208,-138.90662288665771,0.0003
0.02586006186902523,41,60800,165.61295,0.0,100.0,1461,608,14992,11.38243904709816,0.027053825557231903,9.618910863995552,-139.26214218139648,0.0003
0.025870027020573616,41,61200,164.5109,0.0,100.0,1472,612,15104,9.571900427341461,0.027541820774786174,4.178436102345586,-139.0290470123291,0.0003
0.02587239257991314,41,61600,162.57782,0.0,100.0,1482,616,15200,8.019581258296967,0.02793795696925372,6.6877130679786205,-139.11858749389648,0.0003
0.02586834877729416,41,62000,160.97394,0.0,100.0,1493,620,15296,8.416919380426407,0.028355794493108988,5.47909040749073,-139.6536865234375,0.0003
0.025870848447084427,41,62400,160.02617,0.0,100.0,1504,624,15392,8.197583228349686,0.028814936755225062,7.878180742263794,-140.36183071136475,0.0003
0.025869937613606453,41,62800,160.91582,0.0,100.0,1517,628,15504,7.157965421676636,0.029258701484650373,5.343896843492985,-140.0832872390747,0.0003
0.02587171643972397,41,63200,160.12805,0.0,100.0,1528,632,15600,6.758405774831772,0.029633148689754307,5.1932535618543625,-139.99954223632812,0.0003
0.025872014462947845,41,63600,158.70107,0.0,100.0,1539,636,15696,6.168488219380379,0.029977655387483537,6.580000756308436,-140.26308250427246,0.0003
0.02587485872209072,41,64000,157.87079,0.0,100.0,1550,640,15792,6.12944021821022,0.030371428467333317,1.3431828897446394,-140.53243446350098,0.0003
0.02587219700217247,41,64400,157.19429,0.0,100.0,1561,644,15904,6.4361670315265656,0.030801977729424834,3.2946657985448837,-139.8741340637207,0.0003
0.025870541110634804,41,64800,158.10123,0.0,100.0,1572,648,16000,5.420067757368088,0.03109314537141472,2.4819106943905354,-140.25005626678467,0.0003
0.025870434939861298,41,65200,157.15651,0.0,100.0,1583,652,16096,4.919426321983337,0.031290308106690645,-0.2098103016614914,-139.93585300445557,0.0003
0.025868970900774002,41,65600,156.31331,0.0,100.0,1593,656,16192,4.881059214472771,0.0313732132781297,0.6164834350347519,-140.26889610290527,0.0003
0.025862937793135643,41,66000,156.94316,0.0,100.0,1605,660,16304,4.204253196716309,0.03145930729806423,-0.5608970075845718,-140.2581911087036,0.0003
0.025858962908387184,41,66400,155.40326,0.0,100.0,1615,664,16400,4.040744781494141,0.03136648191139102,1.297403771430254,-139.98712253570557,0.0003
0.025854993611574173,41,66800,154.84088,0.0,100.0,1625,668,16496,5.905348092317581,0.03121401264797896,-3.9128105342388153,-140.1243438720703,0.0003
0.025857027620077133,41,67200,158.69223,0.0,100.0,1637,672,16592,4.832706585526466,0.030975796631537378,-1.4674528390169144,-140.7934808731079,0.0003
0.025864223018288612,40,67600,162.76909,0.0,100.0,1650,676,16704,4.767459690570831,0.03050884453114122,-5.20482065808028,-140.69435787200928,0.0003
0.025865977630019188,40,68000,161.888,0.0,100.0,1660,680,16800,4.35205639898777,0.029881944647058845,-6.74850157648325,-140.96529865264893,0.0003
0.025869732722640038,40,68400,165.00266,0.0,100.0,1672,684,16896,4.242437198758125,0.029301394941285253,-6.417324396315962,-140.75932788848877,0.0003
0.02586730383336544,40,68800,167.36961,0.0,100.0,1689,688,16992,4.261145114898682,0.02870060666464269,-6.203427821397781,-140.9576873779297,0.0003
0.025872569531202316,40,69200,170.04865,0.0,100.0,1700,692,17104,4.689447402954102,0.028016765601933002,-3.467067202553153,-141.09476566314697,0.0003
0.025874067097902298,40,69600,176.48238,0.0,100.0,1710,696,17200,4.691601663827896,0.027469306369312108,-5.304630134254694,-141.5666627883911,0.0003
0.02587253786623478,40,70000,181.48628,0.0,100.0,1721,700,17296,4.692578226327896,0.026958395028486848,-6.233561635017395,-141.97842979431152,0.0003
0.025873415172100067,40,70400,185.61064,0.0,100.0,1731,704,17392,4.551366180181503,0.026548409485258162,-4.018585614860058,-142.18094444274902,0.0003
0.025868160650134087,40,70800,190.05698,0.0,100.0,1742,708,17504,4.428805887699127,0.026157983345910907,-5.020710024982691,-142.30370044708252,0.0003
0.025866439566016197,40,71200,191.712,0.0,100.0,1752,712,17600,4.413631901144981,0.02583953703287989,-2.076694907620549,-142.18135738372803,0.0003
0.02587069943547249,40,71600,197.85294,0.0,100.0,1765,716,17696,4.961828261613846,0.025620030937716365,-2.0711303874850273,-142.87516021728516,0.0003
0.025873061269521713,40,72000,204.28848,0.0,100.0,1775,720,17792,4.155909180641174,0.025430189445614815,-3.218982628546655,-142.86772346496582,0.0003
0.02587266080081463,40,72400,205.73271,0.0,100.0,1786,724,17904,4.479800418019295,0.025129811838269234,-2.1811558827757835,-143.34241676330566,0.0003
0.02587408386170864,40,72800,211.43657,0.0,100.0,1796,728,18000,4.22305853664875,0.024809038382954895,-2.5586176700890064,-143.4850082397461,0.0003
0.02587531879544258,40,73200,216.30656,0.0,100.0,1806,732,18096,4.067797660827637,0.02450354374013841,-4.303249130025506,-143.20545482635498,0.0003
0.02587713673710823,40,73600,221.67278,0.0,100.0,1816,736,18192,4.602544978260994,0.024170818622224033,-5.600225169211626,-143.91992568969727,0.0003
0.02587474323809147,40,74000,227.88895,0.0,100.0,1827,740,18304,4.183445528149605,0.023663840373046696,-4.5579663794487715,-144.12771224975586,0.0003
0.025874478742480278,40,74400,232.88074,0.0,100.0,1838,744,18400,4.208758294582367,0.02329559240024537,-5.501789961010218,-144.02795505523682,0.0003
0.02587311342358589,40,74800,234.9958,0.0,100.0,1848,748,18496,4.08259691298008,0.022901616641320288,-3.6798219718039036,-143.77002620697021,0.0003
0.025870736688375473,40,75200,237.50244,0.0,100.0,1857,752,18592,4.629137083888054,0.022412277408875525,-5.5900939255952835,-143.69682598114014,0.0003
0.025874998420476913,40,75600,240.0811,0.0,100.0,1868,756,18704,3.657760888338089,0.021981541416607797,-2.111851282417774,-143.65622806549072,0.0003
0.025877561420202255,40,76000,240.94588,0.0,100.0,1878,760,18800,4.6357618272304535,0.02162210177630186,-6.114111877977848,-143.36052799224854,0.0003
0.02587786130607128,40,76400,244.34471,0.0,100.0,1888,764,18896,4.45722322165966,0.02116105449385941,-4.301174916327,-143.5689878463745,0.0003
0.025877811014652252,40,76800,247.27065,0.0,100.0,1899,768,18992,4.232118532061577,0.0208268363494426,-2.43302134051919,-143.41906929016113,0.0003
0.02587798424065113,40,77200,246.23006,0.0,100.0,1910,772,19104,6.619392529129982,0.02046368713490665,-3.3414585813879967,-143.53690147399902,0.0003
0.025876039639115334,40,77600,243.48836,0.0,100.0,1920,776,19200,5.52994692325592,0.020301358541473746,-3.685003776103258,-143.38970470428467,0.0003
0.025873815640807152,40,78000,243.66986,0.0,100.0,1931,780,19296,5.529366090893745,0.020119622931815684,-3.2068140394985676,-143.41354846954346,0.0003
0.02587910369038582,40,78400,243.32413,0.0,100.0,1941,784,19392,6.569684952497482,0.020008749794214964,-1.3046707268804312,-143.48242950439453,0.0003
0.025882886722683907,40,78800,241.80655,0.0,100.0,1952,788,19504,7.440868973731995,0.02032080478966236,5.170118935406208,-142.3633518218994,0.0003
0.025881687179207802,40,79200,242.64758,0.0,100.0,1963,792,19600,7.2746052742004395,0.020480441045947373,7.5205804742872715,-142.27849197387695,0.0003
0.025884127244353294,40,79600,240.96567,0.0,100.0,1974,796,19696,6.620569497346878,0.020747632021084428,-1.4242936857044697,-141.41559219360352,0.0003
0.025886157527565956,40,80000,241.08989,0.0,100.0,1985,800,19792,5.824480712413788,0.02063858788460493,-2.5076951161026955,-141.58487796783447,0.0003
0.025884781032800674,40,80400,238.35625,0.0,100.0,1996,804,19904,5.980436533689499,0.02029198850505054,-5.352499842643738,-141.03214359283447,0.0003
0.025884952396154404,40,80800,239.48436,0.0,100.0,2006,808,20000,6.156365618109703,0.020001407363452017,-0.5315531967207789,-141.71022415161133,0.0003
0.02588224597275257,40,81200,241.66866,0.0,100.0,2016,812,20096,5.7030211091041565,0.019861452747136354,0.37454386427998543,-141.44911193847656,0.0003
0.025881784036755562,40,81600,243.24107,0.0,100.0,2027,816,20192,5.695616498589516,0.01971673034131527,-2.133985808119178,-141.6402988433838,0.0003
0.025879722088575363,40,82000,240.86916,0.0,100.0,2038,820,20304,5.8815547078847885,0.019677476841025054,0.049781687557697296,-141.79509735107422,0.0003
0.02588086947798729,40,82400,244.65648,0.0,100.0,2050,824,20400,6.210863471031189,0.019723888486623764,-1.7429138384759426,-141.15514278411865,0.0003
0.025875398889183998,40,82800,244.26056,0.0,100.0,2061,828,20496,6.358740717172623,0.019636491546407342,0.3871763274073601,-141.88923358917236,0.0003
0.025874178856611252,40,83200,245.61327,0.0,100.0,2071,832,20592,6.365493193268776,0.01962378213647753,3.893528239801526,-142.05769729614258,0.0003
0.025878209620714188,40,83600,248.05948,0.0,100.0,2083,836,20704,6.1232457756996155,0.019599494291469455,-2.9276411831378937,-141.72588729858398,0.0003
0.025872325524687767,40,84000,247.54243,0.0,100.0,2094,840,20800,6.361123725771904,0.019643208710476756,5.492891285568476,-141.8697452545166,0.0003
0.02587108127772808,40,84400,249.33664,0.0,100.0,2104,844,20896,7.216279119253159,0.019792070612311363,2.815311975777149,-141.47683143615723,0.0003
0.025868099182844162,40,84800,252.15547,0.0,100.0,2114,848,20992,18.379357516765594,0.019906639237888157,5.203464662656188,-141.2157220840454,0.0003
0.02587253414094448,40,85200,251.08061,0.0,100.0,2126,852,21104,8.497914493083954,0.020534057170152664,4.598498657345772,-143.08642578125,0.0003
0.025877390056848526,40,85600,250.17838,0.0,100.0,2136,856,21200,7.870199292898178,0.02072528179269284,0.04130062460899353,-142.60962581634521,0.0003
0.02587667480111122,40,86000,255.30829,0.0,100.0,2147,860,21296,6.7919682264328,0.020605399971827865,-2.8765620458871126,-142.8300609588623,0.0003
0.02587256394326687,40,86400,256.24042,0.0,100.0,2158,864,21392,6.167098760604858,0.020385924610309303,-1.4013175135478377,-143.76367473602295,0.0003
0.025874918326735497,40,86800,257.47345,0.0,100.0,2169,868,21504,5.469157859683037,0.02040524361655116,1.5293772909790277,-143.66739654541016,0.0003
0.025874832645058632,39,87200,260.6778,0.0,100.0,2184,872,21600,4.932703197002411,0.02049679576884955,0.4309120960533619,-144.2344207763672,0.0003
0.025881482288241386,39,87600,266.39044,0.0,100.0,2196,876,21696,6.526411205530167,0.020515799871645868,0.8682287447154522,-144.35631561279297,0.0003
0.02588151954114437,39,88000,272.13892,0.0,100.0,2208,880,21792,6.087360590696335,0.020639701397158206,-0.5833790451288223,-144.34528827667236,0.0003
0.025883130729198456,39,88400,274.40616,0.0,100.0,2219,884,21904,5.8488709628582,0.02072702266741544,1.0076971389353275,-144.1291732788086,0.0003
0.025883058086037636,39,88800,277.4484,0.0,100.0,2231,888,22000,7.962990164756775,0.020951004698872566,2.345131315290928,-144.2530059814453,0.0003
0.025881875306367874,39,89200,279.8428,0.0,100.0,2243,892,22096,7.376327186822891,0.021070812130346894,0.5362853221595287,-144.44305419921875,0.0003
0.025887522846460342,39,89600,283.22708,0.0,100.0,2253,896,22192,6.9598323702812195,0.021230824175290763,3.445794928818941,-144.61627006530762,0.0003
0.02588628977537155,39,90000,285.60062,0.0,100.0,2265,900,22304,6.153656244277954,0.021275031729601324,0.5509223807603121,-144.56239986419678,0.0003
0.025885585695505142,39,90400,290.94464,0.0,100.0,2275,904,22400,11.153900504112244,0.021365922293625772,3.9388128798455,-144.36808013916016,0.0003
0.025886397808790207,39,90800,293.4984,0.0,100.0,2286,908,22496,10.65773719549179,0.021663586143404245,5.13660529255867,-145.09007835388184,0.0003
0.025890324264764786,39,91200,296.64905,0.0,100.0,2297,912,22592,7.224486827850342,0.02228382753673941,4.919290482997894,-144.9765911102295,0.0003
0.025897525250911713,39,91600,298.04648,0.0,100.0,2310,916,22704,7.117662638425827,0.02266901300754398,-0.4520012717694044,-145.56176853179932,0.0003
0.02589445933699608,39,92000,301.58466,0.0,100.0,2320,920,22800,6.350840151309967,0.022681362344883382,-0.761708552017808,-145.1674518585205,0.0003
0.025896094739437103,39,92400,305.62036,0.0,100.0,2333,924,22896,7.091595381498337,0.02255429094657302,-3.977804076857865,-145.4512424468994,0.0003
0.025897612795233727,39,92800,308.93024,0.0,100.0,2345,928,22992,5.8129225224256516,0.022634608671069145,1.7767543569207191,-145.9296646118164,0.0003
0.025900308042764664,39,93200,311.05682,0.0,100.0,2359,932,23104,7.0050356686115265,0.022859985358081758,2.938504608348012,-146.10772228240967,0.0003
0.025902383029460907,39,93600,312.42227,0.0,100.0,2371,936,23200,6.648595571517944,0.023230924969539046,4.30217507109046,-146.26836585998535,0.0003
0.02590777352452278,39,94000,315.29758,0.0,100.0,2381,940,23296,5.8541997373104095,0.023398723220452666,2.2617720291018486,-146.8346357345581,0.0003
0.025909703224897385,39,94400,316.92224,0.0,100.0,2393,944,23392,5.970519423484802,0.02351643261499703,0.6312910355627537,-146.8250608444214,0.0003
0.025908412411808968,39,94800,320.76663,0.0,100.0,2404,948,23504,6.1633108258247375,0.02371332165785134,2.1567200869321823,-146.7708740234375,0.0003
0.02590598538517952,39,95200,327.60852,0.0,100.0,2415,952,23600,6.29158353805542,0.02383250172715634,-1.645916011184454,-146.88582706451416,0.0003
0.02591228112578392,39,95600,331.42984,0.0,100.0,2427,956,23696,9.55719643831253,0.024205629946663976,4.450951566919684,-147.29174137115479,0.0003
0.025910072028636932,39,96000,331.98047,0.0,100.0,2440,960,23792,15.958341300487518,0.024631015839986503,7.300403252243996,-145.03620433807373,0.0003
0.025917714461684227,39,96400,334.2282,0.0,100.0,2451,964,23904,19.967209339141846,0.025530266924761236,9.554259411990643,-145.8049602508545,0.0003
0.02591243013739586,39,96800,334.22354,0.0,100.0,2461,968,24000,24.53144073486328,0.026539917569607496,6.148984506726265,-143.27221488952637,0.0003
0.02591915801167488,39,97200,335.23926,0.0,100.0,2471,972,24096,14.349205493927002,0.027257737587206066,5.494214341044426,-144.11309814453125,0.0003
0.025928892195224762,39,97600,334.59668,0.0,100.0,2481,976,24192,13.654535472393036,0.02752369560766965,0.6208383832126856,-144.27377796173096,0.0003
0.025931350886821747,39,98000,333.19052,0.0,100.0,2493,980,24304,12.168496370315552,0.02744698291644454,1.4724600538611412,-144.49948501586914,0.0003
0.025929655879735947,39,98400,333.6811,0.0,100.0,2503,984,24400,10.721571683883667,0.027371020638383925,-0.3895955616608262,-145.29154872894287,0.0003
0.025930063799023628,39,98800,335.68466,0.0,100.0,2515,988,24496,16.629485726356506,0.027342236367985606,2.5693871676921844,-143.6299705505371,0.0003
0.02594129368662834,39,99200,336.9791,0.0,100.0,2525,992,24592,11.910254418849945,0.027780015370808542,1.3144091349095106,-145.45560264587402,0.0003
0.025942813605070114,39,99600,337.85315,0.0,100.0,2537,996,24704,10.945733606815338,0.027778489980846643,-0.7866332726553082,-145.99137496948242,0.0003
0.025943944230675697,39,100000,337.47177,0.0,100.0,2547,1000,24800,9.628372073173523,0.027639811974950135,-4.369481524452567,-145.59927368164062,0.0003
0.025940125808119774,39,100400,338.79272,0.0,100.0,2558,1004,24896,8.876089841127396,0.027396163437515497,-1.727523336187005,-145.85509586334229,0.0003
0.0259415153414011,39,100800,338.5218,0.0,100.0,2568,1008,24992,8.724457710981369,0.027364790556021035,1.7130998447537422,-146.53571319580078,0.0003
0.025939492508769035,39,101200,338.81055,0.0,100.0,2580,1012,25104,8.32217139005661,0.027250846498645842,0.06837422773241997,-146.5259132385254,0.0003
0.02593938820064068,39,101600,338.49146,0.0,100.0,2590,1016,25200,8.492729008197784,0.02718114573508501,-0.311960332095623,-146.77080059051514,0.0003
0.025934455916285515,39,102000,340.15652,0.0,100.0,2601,1020,25296,10.379229635000229,0.027056796941906214,-2.0747700333595276,-147.5451259613037,0.0003
0.02593368850648403,39,102400,340.03125,0.0,100.0,2615,1024,25392,10.830203831195831,0.027109614806249738,1.5772967860102654,-146.80447959899902,0.0003
0.025938434526324272,39,102800,339.2553,0.0,100.0,2628,1028,25504,9.341167747974396,0.02754935808479786,0.3607640378177166,-147.385760307312,0.0003
0.025938652455806732,39,103200,339.23465,0.0,100.0,2638,1032,25600,10.371256530284882,0.027703502448275685,0.5442702043801546,-148.07635974884033,0.0003
0.025944139808416367,39,103600,338.36792,0.0,100.0,2652,1036,25696,17.005743741989136,0.027727400767616928,1.905793939717114,-147.40533828735352,0.0003
0.025946754962205887,39,104000,338.3616,0.0,100.0,2663,1040,25792,11.277415752410889,0.02794073533732444,1.6512229032814503,-147.9100923538208,0.0003
0.025938812643289566,39,104400,337.99475,0.0,100.0,2674,1044,25904,9.291303634643555,0.028018260840326548,-1.5175887802615762,-147.74226665496826,0.0003
0.025939811021089554,39,104800,338.0873,0.0,100.0,2686,1048,26000,9.156534969806671,0.02803318132646382,-0.2633962370455265,-148.1022138595581,0.0003
0.02594190090894699,38,105200,338.08417,0.0,100.0,2697,1052,26096,9.981328636407852,0.02793300524353981,-1.7556577175855637,-148.42795848846436,0.0003
0.0259383637458086,38,105600,339.18317,0.0,100.0,2708,1056,26192,9.00039890408516,0.027860561618581414,-0.03479155898094177,-148.44375133514404,0.0003
0.025939682498574257,38,106000,340.38757,0.0,100.0,2720,1060,26304,9.116231679916382,0.02781558525748551,-2.7759225154295564,-149.62649822235107,0.0003
0.025938233360648155,38,106400,342.69028,0.0,100.0,2731,1064,26400,9.145780682563782,0.027670174604281783,0.20378288999199867,-149.3255968093872,0.0003
0.025937296450138092,38,106800,346.57825,0.0,100.0,2742,1068,26496,8.516351968050003,0.027666040579788387,0.43710798304528,-149.56925106048584,0.0003
0.025940636172890663,38,107200,348.7114,0.0,100.0,2753,1072,26592,8.676477253437042,0.02768703841138631,-1.2824920676648617,-149.14212703704834,0.0003
0.02593948133289814,38,107600,350.36124,0.0,100.0,2765,1076,26704,8.836540162563324,0.027710931841284037,1.1438070740550756,-149.70758628845215,0.0003
0.02593868598341942,38,108000,352.64426,0.0,100.0,2776,1080,26800,8.884745955467224,0.027870020014233887,0.14156028255820274,-150.2555046081543,0.0003
0.025938861072063446,38,108400,353.85312,0.0,100.0,2790,1084,26896,8.884382247924805,0.027690554852597415,0.43155238777399063,-150.44805908203125,0.0003
0.025934569537639618,38,108800,354.36118,0.0,100.0,2802,1088,26992,8.32365670800209,0.02755616174545139,-1.3314685374498367,-150.7124538421631,0.0003
0.02593456581234932,38,109200,353.8447,0.0,100.0,2813,1092,27104,8.066290140151978,0.027523064170964062,0.32990242913365364,-151.09179782867432,0.0003
0.0259348563849926,38,109600,354.24918,0.0,100.0,2829,1096,27200,7.6207417249679565,0.02733136177994311,-0.37034098245203495,-151.57777500152588,0.0003
0.02593291364610195,38,110000,355.36816,0.0,100.0,2839,1100,27296,8.301117986440659,0.02723292855080217,0.6943718250840902,-150.92649269104004,0.0003
0.02593499980866909,38,110400,354.7098,0.0,100.0,2852,1104,27392,10.183277040719986,0.0273544731317088,0.853794863447547,-151.21346282958984,0.0003
0.02593604102730751,38,110800,355.48688,0.0,100.0,2863,1108,27504,7.4755456149578094,0.02739257167559117,1.6552904201671481,-152.12033557891846,0.0003
0.025936337187886238,38,111200,354.8568,0.0,100.0,2874,1112,27600,8.606964230537415,0.027587860357016325,2.7944534569978714,-151.79887580871582,0.0003
0.025939995422959328,38,111600,355.73846,0.0,100.0,2888,1116,27696,7.064805567264557,0.027644592337310314,0.2894823718816042,-152.0421600341797,0.0003
0.025940218940377235,38,112000,354.69144,0.0,100.0,2900,1120,27792,8.34436297416687,0.02785161230713129,2.9718812108039856,-153.27461338043213,0.0003
0.02594209462404251,38,112400,354.4814,0.0,100.0,2914,1124,27904,7.812147080898285,0.027833941858261824,2.7668317472562194,-152.91239643096924,0.0003
0.025944698601961136,38,112800,354.88495,0.0,100.0,2925,1128,28000,6.201283484697342,0.02786664990708232,0.3039407301694155,-153.1973524093628,0.0003
0.02594059891998768,38,113200,355.36435,0.0,100.0,2937,1132,28096,6.990716487169266,0.02768878685310483,-0.29787835106253624,-153.37280464172363,0.0003
0.025945913046598434,38,113600,353.83728,0.0,100.0,2948,1136,28192,7.781527936458588,0.027556397602893412,0.8382032867521048,-153.5766019821167,0.0003
0.025942804291844368,38,114000,354.92386,0.0,100.0,2962,1140,28304,6.894346922636032,0.02769454719964415,1.278790513984859,-152.9443883895874,0.0003
0.02594759315252304,38,114400,356.43076,0.0,100.0,2975,1144,28400,6.789199858903885,0.027691623312421143,-0.4744568280875683,-153.91409015655518,0.0003
0.02594328112900257,38,114800,355.90857,0.0,100.0,2986,1148,28496,6.805765092372894,0.027626951225101948,1.637390905059874,-154.35692310333252,0.0003
0.025946596637368202,38,115200,356.22345,0.0,100.0,2996,1152,28592,6.945314109325409,0.02753902063705027,-0.19116733223199844,-154.05670642852783,0.0003
0.025946563109755516,38,115600,357.07587,0.0,100.0,3009,1156,28704,6.239621937274933,0.027263433788903058,-0.9663987476378679,-155.3004846572876,0.0003
0.02594655193388462,38,116000,357.20883,0.0,100.0,3020,1160,28800,6.591908439993858,0.02716846519615501,0.5067813619971275,-154.16724300384521,0.0003
0.025948824360966682,38,116400,355.68848,0.0,100.0,3031,1164,28896,6.519061088562012,0.02714257058687508,-0.2418878637254238,-154.3885326385498,0.0003
0.02594580501317978,38,116800,355.78555,0.0,100.0,3043,1168,28992,7.66265070438385,0.027079005842097104,1.118981085717678,-155.32791137695312,0.0003
0.025944700464606285,38,117200,355.7614,0.0,100.0,3055,1172,29104,6.076707184314728,0.027058227686211467,2.2001404585316777,-154.81058311462402,0.0003
0.02594422549009323,38,117600,354.66934,0.0,100.0,3067,1176,29200,6.917201429605484,0.0271797418827191,0.19503087364137173,-155.16968536376953,0.0003
0.025947904214262962,38,118000,354.03088,0.0,100.0,3077,1180,29296,7.375351041555405,0.027353057637810707,-0.37569465674459934,-154.8150815963745,0.0003
0.025939827784895897,38,118400,354.31598,0.0,100.0,3089,1184,29392,7.578977346420288,0.027472281828522682,2.0545802414417267,-155.61921882629395,0.0003
0.02594797872006893,38,118800,354.80362,0.0,100.0,3100,1188,29504,6.965964287519455,0.027502379729412496,-0.2714390717446804,-156.08129501342773,0.0003
0.02594444528222084,38,119200,355.9881,0.0,100.0,3112,1192,29600,6.2562704384326935,0.027639296371489763,-2.8119936753064394,-156.33324146270752,0.0003
0.025943467393517494,38,119600,355.56622,0.0,100.0,3124,1196,29696,6.335050076246262,0.027541498304344714,-1.1333966106176376,-155.87708568572998,0.0003
0.025943918153643608,38,120000,356.34653,0.0,100.0,3137,1200,29792,7.697463005781174,0.027326941373758018,-1.915848981589079,-155.76820278167725,0.0003
0.025940679013729095,38,120400,356.29074,0.0,100.0,3150,1204,29904,6.392356425523758,0.02731095254421234,-1.066755585372448,-156.44100093841553,0.0003
0.025942308828234673,38,120800,356.88995,0.0,100.0,3162,1208,30000,6.327033847570419,0.027199420030228794,0.4705089218914509,-156.29240322113037,0.0003
0.025942858308553696,38,121200,357.7504,0.0,100.0,3173,1212,30096,6.019374758005142,0.027162793674506247,-2.2520597875118256,-156.15347862243652,0.0003
0.02594219520688057,38,121600,358.57266,0.0,100.0,3184,1216,30192,6.624755173921585,0.027106380322948098,-0.36312395334243774,-156.96110725402832,0.0003
0.02594081498682499,38,122000,359.2247,0.0,100.0,3196,1220,30304,7.06009179353714,0.026958142057992518,-1.3064211755990982,-157.35713291168213,0.0003
0.02594178542494774,38,122400,360.0998,0.0,100.0,3210,1224,30400,6.588262438774109,0.02686744905076921,0.23292904812842607,-157.16431331634521,0.0003
0.02593999356031418,38,122800,360.15628,0.0,100.0,3224,1228,30496,5.9337450712919235,0.02681968256365508,-0.20768881030380726,-157.78482055664062,0.0003
0.02594514936208725,38,123200,360.54788,0.0,100.0,3237,1232,30592,8.392400830984116,0.026794524514116347,-1.352681903168559,-157.26757335662842,0.0003
0.025944216176867485,38,123600,362.22284,0.0,100.0,3249,1236,30704,7.024366617202759,0.026791484211571515,1.9608141146600246,-157.82500457763672,0.0003
0.025948647409677505,38,124000,361.46564,0.0,100.0,3259,1240,30800,7.481824666261673,0.02687059121672064,1.0731023885309696,-157.59846591949463,0.0003
0.025947565212845802,38,124400,360.42563,0.0,100.0,3272,1244,30896,6.64058218896389,0.02683592529501766,-0.4051606049761176,-158.7268419265747,0.0003
0.025949276983737946,37,124800,360.74808,0.0,100.0,3285,1248,30992,6.526582717895508,0.026668275822885334,0.8425617627799511,-158.22283267974854,0.0003
0.025947807356715202,37,125200,360.42587,0.0,100.0,3298,1252,31104,5.565402269363403,0.026578732766211033,-0.5679287416860461,-158.4084758758545,0.0003
0.025945179164409637,37,125600,360.25168,0.0,100.0,3309,1256,31200,5.945946291089058,0.026531552080996335,0.49387142062187195,-158.1158857345581,0.0003
0.025940991938114166,37,126000,359.52203,0.0,100.0,3321,1260,31296,6.33472540974617,0.02647707425057888,-2.5849131606519222,-158.9628496170044,0.0003
0.025941940024495125,37,126400,360.95312,0.0,100.0,3333,1264,31392,5.758483335375786,0.026570344693027437,1.0844510942697525,-158.84044075012207,0.0003
0.025941036641597748,37,126800,360.81152,0.0,100.0,3346,1268,31504,6.483465909957886,0.02660688234027475,0.24315658677369356,-158.62017154693604,0.0003
0.025943046435713768,37,127200,361.1448,0.0,100.0,3357,1272,31600,7.9115289747715,0.026701962109655142,0.9349137060344219,-159.6502161026001,0.0003
0.0259377583861351,37,127600,363.33353,0.0,100.0,3374,1276,31696,6.117469817399979,0.026824885862879455,-0.19084402732551098,-159.0677843093872,0.0003
0.025939680635929108,37,128000,364.77832,0.0,100.0,3388,1280,31792,6.351846545934677,0.02687007118947804,1.1937279533594847,-158.83610725402832,0.0003
0.025941036641597748,37,128400,364.16138,0.0,100.0,3400,1284,31904,6.043952465057373,0.026972012594342232,0.04698840714991093,-159.61858081817627,0.0003
0.025942396372556686,37,128800,363.53836,0.0,100.0,3411,1288,32000,5.726228803396225,0.02706868981476873,0.6378088817000389,-159.7678565979004,0.0003
0.025943880900740623,37,129200,364.14206,0.0,100.0,3424,1292,32096,5.899143949151039,0.027116181678138673,0.2529931738972664,-159.57737159729004,0.0003
0.025943154469132423,37,129600,364.12277,0.0,100.0,3437,1296,32192,6.738968163728714,0.02723162341862917,-1.5940762795507908,-159.40107822418213,0.0003
0.025947222486138344,37,130000,363.04614,0.0,100.0,3449,1300,32304,6.518255949020386,0.027499112184159458,1.1770656183362007,-160.8817901611328,0.0003
0.02594638802111149,37,130400,363.1858,0.0,100.0,3461,1304,32400,6.40485805273056,0.027464868035167456,1.6350494027137756,-160.14751434326172,0.0003
0.02594783343374729,37,130800,362.18866,0.0,100.0,3473,1308,32496,6.695288330316544,0.02748147607780993,0.45148738473653793,-160.58611297607422,0.0003
0.025949615985155106,37,131200,361.96835,0.0,100.0,3484,1312,32592,6.611136391758919,0.027409770991653204,-0.6199071444571018,-160.70915412902832,0.0003
0.02594643458724022,37,131600,361.31668,0.0,100.0,3496,1316,32704,6.454939216375351,0.02738579362630844,-2.4980711303651333,-161.38217639923096,0.0003
0.025948544964194298,37,132000,360.59268,0.0,100.0,3508,1320,32800,6.3586253225803375,0.027245813398621976,0.6897736303508282,-161.32476806640625,0.0003
0.025949405506253242,37,132400,358.39365,0.0,100.0,3520,1324,32896,5.402411848306656,0.02724480361212045,-2.576775273308158,-161.00221252441406,0.0003
0.025948606431484222,37,132800,358.42273,0.0,100.0,3532,1328,32992,7.371834933757782,0.027230973937548697,0.16518567968159914,-160.85390090942383,0.0003
0.025951778516173363,37,133200,358.03198,0.0,100.0,3547,1332,33104,6.295819088816643,0.027176441275514662,-1.7877997551113367,-161.06208992004395,0.0003
0.025948740541934967,37,133600,358.511,0.0,100.0,3561,1336,33200,6.201829195022583,0.02709149627480656,-2.858114466071129,-161.48370933532715,0.0003
0.025941822677850723,37,134000,357.65335,0.0,100.0,3573,1340,33296,6.146927714347839,0.027042697998695076,1.1737838461995125,-161.55374431610107,0.0003
0.025940533727407455,37,134400,358.504,0.0,100.0,3585,1344,33392,6.099544823169708,0.02704276004806161,1.3865075260400772,-161.8721160888672,0.0003
0.025942007079720497,37,134800,358.3499,0.0,100.0,3597,1348,33504,6.069148123264313,0.02710215386468917,-1.6534391101449728,-162.1874942779541,0.0003
0.02594546228647232,37,135200,358.58875,0.0,100.0,3611,1352,33600,5.785851567983627,0.027100410195998847,0.08979297056794167,-162.21912288665771,0.0003
0.025948546826839447,37,135600,358.65927,0.0,100.0,3624,1356,33696,6.399982362985611,0.027050384785979986,2.3501789532601833,-161.624737739563,0.0003
0.025948520749807358,37,136000,359.85828,0.0,100.0,3635,1360,33792,6.070281237363815,0.027165483334101737,0.2084135040640831,-162.325439453125,0.0003
0.025948096066713333,37,136400,359.9434,0.0,100.0,3649,1364,33904,6.314183920621872,0.027208041632547975,2.0494866352528334,-162.6197748184204,0.0003
0.02594723179936409,37,136800,360.03015,0.0,100.0,3662,1368,34000,6.11247044801712,0.027224942576140165,-0.00961199402809143,-162.5483169555664,0.0003
0.025949997827410698,37,137200,360.75967,0.0,100.0,3673,1372,34096,5.783038899302483,0.02714803395792842,0.48691469989717007,-162.7380657196045,0.0003
0.02595561370253563,37,137600,359.7586,0.0,100.0,3685,1376,34192,6.859630644321442,0.027143173501826823,1.0736691989004612,-162.5078639984131,0.0003
0.025947030633687973,37,138000,359.2389,0.0,100.0,3698,1380,34304,5.846510678529739,0.027098802267573774,-0.13273262232542038,-163.30838298797607,0.0003
0.02594533935189247,37,138400,359.20267,0.0,100.0,3711,1384,34400,6.473838955163956,0.027071973076090217,-0.30329918302595615,-163.03183364868164,0.0003
0.025947289541363716,37,138800,359.37393,0.0,100.0,3723,1388,34496,6.010789781808853,0.02692982309963554,-0.7831308962777257,-163.17979049682617,0.0003
0.025943847373127937,37,139200,358.9343,0.0,100.0,3734,1392,34592,6.237541005015373,0.026870123227126896,0.2637418583035469,-163.34117984771729,0.0003
0.025946715846657753,37,139600,358.5883,0.0,100.0,3747,1396,34704,6.411634787917137,0.026884184102527797,0.3898925567045808,-163.14404678344727,0.0003
0.02594921924173832,37,140000,358.78198,0.0,100.0,3761,1400,34800,5.733176648616791,0.02677398663945496,0.5763317253440619,-163.25043392181396,0.0003
0.025948915630578995,37,140400,357.34375,0.0,100.0,3773,1404,34896,6.2499633729457855,0.02690511499531567,-2.6542954333126545,-163.49317073822021,0.0003
0.025953909382224083,37,140800,357.61688,0.0,100.0,3784,1408,34992,6.758327826857567,0.026826466782949865,-1.6939248070120811,-163.61780738830566,0.0003
0.025954468175768852,37,141200,357.5864,0.0,100.0,3798,1412,35104,5.934151500463486,0.026657076319679618,-0.3694836162030697,-164.14180278778076,0.0003
0.025952579453587532,37,141600,356.84875,0.0,100.0,3809,1416,35200,7.103380978107452,0.026527447043918073,0.9266279675066471,-164.053786277771,0.0003
0.025950301438570023,37,142000,357.46536,0.0,100.0,3822,1420,35296,5.195501238107681,0.026366383186541498,-1.1011579539626837,-164.70353889465332,0.0003
0.025943871587514877,37,142400,358.13284,0.0,100.0,3834,1424,35392,5.687179744243622,0.026208139141090214,1.651387307792902,-164.2610902786255,0.0003
0.025945749133825302,37,142800,357.6152,0.0,100.0,3846,1428,35504,5.253802672028542,0.026251909439451993,-0.8582342062145472,-164.97994709014893,0.0003
0.025942552834749222,37,143200,357.16418,0.0,100.0,3857,1432,35600,5.124804973602295,0.026170438155531883,0.2721363455057144,-164.33708572387695,0.0003
0.025939906015992165,37,143600,356.8471,0.0,100.0,3867,1436,35696,6.331145733594894,0.026273100171238184,3.541792648844421,-165.02830696105957,0.0003
0.025940759107470512,37,144000,358.3857,0.0,100.0,3879,1440,35792,5.900158792734146,0.026337134768255055,0.15214154496788979,-164.6371831893921,0.0003
0.025948401540517807,37,144400,358.09918,0.0,100.0,3895,1444,35904,6.362471267580986,0.026466442970559,1.747258400078863,-164.06877899169922,0.0003
0.025953520089387894,37,144800,359.25125,0.0,100.0,3911,1448,36000,5.327935442328453,0.026671354426071048,1.5859389528632164,-165.31706142425537,0.0003
0.025946099311113358,37,145200,360.05408,0.0,100.0,3922,1452,36096,6.22637203335762,0.026705824420787394,1.0141030605882406,-164.65038776397705,0.0003
0.02595280297100544,36,145600,359.94336,0.0,100.0,3935,1456,36192,5.674692019820213,0.02686869411263615,-1.8726505963131785,-165.3279161453247,0.0003
0.02595547027885914,36,146000,359.23145,0.0,100.0,3947,1460,36304,5.465790256857872,0.02690416923724115,0.6692431382834911,-164.88957023620605,0.0003
0.02595842443406582,36,146400,359.45493,0.0,100.0,3960,1464,36400,4.906600117683411,0.026921892655082047,-1.5831866059452295,-165.26211643218994,0.0003
0.025961583480238914,36,146800,360.5968,0.0,100.0,3974,1468,36496,5.721414357423782,0.02690084814094007,-0.47936224192380905,-165.31428909301758,0.0003
0.02595645748078823,36,147200,359.47995,0.0,100.0,3986,1472,36592,5.437577769160271,0.026882687583565712,-1.7329684430733323,-165.51458835601807,0.0003
0.02596369758248329,36,147600,359.59402,0.0,100.0,3999,1476,36704,6.139719188213348,0.026926978258416057,0.8718232922255993,-165.69702816009521,0.0003
0.025959564372897148,36,148000,359.8474,0.0,100.0,4011,1480,36800,5.392260774970055,0.026855413569137454,-3.6905136574059725,-165.66897106170654,0.0003
0.025958335027098656,36,148400,360.7325,0.0,100.0,4024,1484,36896,5.118595287203789,0.026779278414323926,-0.2918726056814194,-165.59844398498535,0.0003
0.025953900068998337,36,148800,361.2278,0.0,100.0,4036,1488,36992,6.431730180978775,0.026650045649148524,0.6707581728696823,-166.20020484924316,0.0003
0.02595503069460392,36,149200,361.86395,0.0,100.0,4050,1492,37104,4.733173057436943,0.026594354305416346,3.037787575274706,-166.35256099700928,0.0003
0.025956150144338608,36,149600,363.0252,0.0,100.0,4061,1496,37200,5.833015248179436,0.026603656471706927,-1.71797801181674,-166.14722347259521,0.0003
0.025951864197850227,36,150000,363.69257,0.0,100.0,4074,1500,37296,4.84606808423996,0.026475764927454293,-1.93564148619771,-166.64204597473145,0.0003
0.025948049500584602,36,150400,364.7482,0.0,100.0,4085,1504,37392,4.2454123347997665,0.026278903358615935,0.2772137001156807,-166.15348720550537,0.0003
0.025942781940102577,36,150800,364.64493,0.0,100.0,4099,1508,37504,4.870138004422188,0.02613275940530002,-3.30501666944474,-166.7554473876953,0.0003
0.025936227291822433,36,151200,364.6113,0.0,100.0,4110,1512,37600,4.532689601182938,0.025935602956451476,0.1266704984009266,-167.028470993042,0.0003
0.02593981847167015,36,151600,365.42172,0.0,100.0,4123,1516,37696,4.8579565435647964,0.025933484081178904,0.2548008346930146,-166.87557125091553,0.0003
0.02594127133488655,36,152000,366.41168,0.0,100.0,4136,1520,37792,4.470710799098015,0.025864465162158012,-1.6821685079485178,-167.47404384613037,0.0003
0.025938501581549644,36,152400,366.79028,0.0,100.0,4147,1524,37904,4.8751265704631805,0.025653033051639795,-0.3955165259540081,-167.28902435302734,0.0003
0.02593591995537281,36,152800,367.3975,0.0,100.0,4158,1528,38000,4.911574050784111,0.02570591913536191,-2.1419209614396095,-167.404203414917,0.0003
0.025937791913747787,36,153200,367.26456,0.0,100.0,4171,1532,38096,6.103346511721611,0.0256271023536101,1.1536857783794403,-167.85429859161377,0.0003
0.025938760489225388,36,153600,367.86172,0.0,100.0,4183,1536,38192,4.126755326986313,0.025580622372217476,-0.32305364310741425,-168.25806999206543,0.0003
0.025936173275113106,36,154000,367.21042,0.0,100.0,4195,1540,38304,4.357270836830139,0.025450646760873497,0.7030444964766502,-168.32203197479248,0.0003
0.02593732625246048,36,154400,366.33807,0.0,100.0,4206,1544,38400,4.2025326788425446,0.02549493033438921,-1.8021042123436928,-168.5413818359375,0.0003
0.02593187801539898,36,154800,364.92746,0.0,100.0,4219,1548,38496,4.211141541600227,0.02532783756032586,-2.783349670469761,-168.25341606140137,0.0003
0.025929708033800125,36,155200,363.5354,0.0,100.0,4229,1552,38592,4.211874231696129,0.025201384676620364,-0.14326539635658264,-168.7713384628296,0.0003
0.025929860770702362,36,155600,362.27884,0.0,100.0,4242,1556,38704,5.505001395940781,0.025187803199514747,-1.6591688096523285,-169.04672241210938,0.0003
0.025932567194104195,36,156000,361.99026,0.0,100.0,4254,1560,38800,3.9694500267505646,0.025179405231028795,0.9589570015668869,-169.2772216796875,0.0003
0.025927983224391937,36,156400,363.1975,0.0,100.0,4265,1564,38896,4.009139984846115,0.0250983031000942,0.16164106503129005,-169.87309646606445,0.0003
0.02593206614255905,36,156800,362.06677,0.0,100.0,4276,1568,38992,4.591644957661629,0.0250940159894526,-0.11849324591457844,-170.1194143295288,0.0003
0.02593410201370716,36,157200,361.36807,0.0,100.0,4290,1572,39104,4.0166482627391815,0.024926975136622787,-2.7853673063218594,-169.94400596618652,0.0003
0.02593635395169258,36,157600,361.53268,0.0,100.0,4301,1576,39200,3.9968099147081375,0.024721099180169404,-2.6597330616787076,-169.84360599517822,0.0003
0.025933420285582542,36,158000,360.90848,0.0,100.0,4312,1580,39296,3.7234438359737396,0.024589293752796948,-0.4303752686828375,-170.36292934417725,0.0003
0.025926576927304268,36,158400,360.84778,0.0,100.0,4325,1584,39392,4.63737840950489,0.024561177589930594,-0.12041079998016357,-170.43125534057617,0.0003
0.025926627218723297,36,158800,360.31393,0.0,100.0,4337,1588,39504,3.9640166759490967,0.024500408675521612,0.4609019812196493,-171.55536079406738,0.0003
0.025916604325175285,36,159200,359.2554,0.0,100.0,4349,1592,39600,3.865026533603668,0.024338890565559268,-1.9824569206684828,-171.3342113494873,0.0003
0.025916090235114098,36,159600,359.0672,0.0,100.0,4362,1596,39696,3.9153970032930374,0.024232905940152705,0.865106638520956,-171.69339275360107,0.0003
0.02591204084455967,36,160000,358.7769,0.0,100.0,4376,1600,39792,3.745869144797325,0.02428977016825229,0.8743110224604607,-171.15520000457764,0.0003
0.02591531164944172,36,160400,358.7325,0.0,100.0,4389,1604,39904,4.005428835749626,0.024286990170367062,-1.9631870687007904,-171.61238384246826,0.0003
0.025914205238223076,36,160800,359.1484,0.0,100.0,4402,1608,40000,3.8202262073755264,0.024078057962469757,-1.9298672350123525,-172.2888126373291,0.0003
0.025916000828146935,36,161200,358.258,0.0,100.0,4412,1612,40096,4.7829368859529495,0.023918037535622716,0.8543378617614508,-171.98351764678955,0.0003
0.025912605226039886,36,161600,358.28558,0.0,100.0,4425,1616,40192,4.058888256549835,0.02384332788642496,0.6984573611989617,-172.1578073501587,0.0003
0.025911809876561165,36,162000,358.0775,0.0,100.0,4442,1620,40304,4.307634726166725,0.02379777585156262,-0.7035193555057049,-173.09512519836426,0.0003
0.02591208554804325,36,162400,357.12027,0.0,100.0,4452,1624,40400,3.5507751405239105,0.02372797904536128,1.1703261695802212,-173.24539852142334,0.0003
0.02591208554804325,36,162800,357.83163,0.0,100.0,4464,1628,40496,3.7309899628162384,0.023741012788377702,-1.0004817955195904,-173.5366621017456,0.0003
0.025904370471835136,36,163200,358.57312,0.0,100.0,4475,1632,40592,3.961524710059166,0.02377051580697298,2.6259481087327003,-173.27546215057373,0.0003
0.02590664103627205,36,163600,358.23364,0.0,100.0,4490,1636,40704,3.9086439311504364,0.023813638021238148,1.4746391512453556,-173.83315658569336,0.0003
0.025914164260029793,36,164000,358.35635,0.0,100.0,4501,1640,40800,3.9626716524362564,0.02398939512204379,2.3388258181512356,-174.28761291503906,0.0003
0.025917071849107742,36,164400,359.78464,0.0,100.0,4513,1644,40896,3.863834574818611,0.024000454577617347,1.5833031572401524,-174.04738426208496,0.0003
0.02591509185731411,36,164800,359.41003,0.0,100.0,4525,1648,40992,3.5140090584754944,0.023943567066453397,2.322911061346531,-174.52846908569336,0.0003
0.025911903008818626,36,165200,360.89233,0.0,100.0,4537,1652,41104,3.85490320622921,0.023889657575637102,-2.4179234132170677,-174.92288780212402,0.0003
0.025913290679454803,36,165600,362.04578,0.0,100.0,4549,1656,41200,3.7590196281671524,0.023752450942993164,-0.24990384839475155,-175.40158462524414,0.0003
0.025908134877681732,36,166000,362.90878,0.0,100.0,4562,1660,41296,3.833510711789131,0.02363978186622262,-2.0357987508177757,-175.34057712554932,0.0003
0.02590557374060154,36,166400,361.81964,0.0,100.0,4573,1664,41392,3.3630539178848267,0.023510529776103795,0.7641511373221874,-175.61302089691162,0.0003
0.025902260094881058,36,166800,362.06894,0.0,100.0,4587,1668,41504,3.401548594236374,0.023335569188930094,-2.429806627333164,-176.10062885284424,0.0003
0.025898201391100883,36,167200,363.21585,0.0,100.0,4601,1672,41600,3.5823265612125397,0.023326499853283167,-0.6109159216284752,-176.1585807800293,0.0003
0.02589632011950016,36,167600,364.04648,0.0,100.0,4613,1676,41696,3.7954604774713516,0.0232911619823426,-2.9332078471779823,-176.08387279510498,0.0003
0.025893988087773323,36,168000,364.7465,0.0,100.0,4626,1680,41792,4.0260182321071625,0.02317750151269138,1.7388313934206963,-175.94377517700195,0.0003
0.02588776685297489,36,168400,365.09775,0.0,100.0,4638,1684,41904,3.526780068874359,0.023017238825559616,-1.035912238061428,-176.25290870666504,0.0003
0.025890570133924484,36,168800,365.04565,0.0,100.0,4649,1688,42000,3.191930875182152,0.02300736086908728,0.7524914480745792,-176.33192539215088,0.0003
0.025889717042446136,36,169200,365.28525,0.0,100.0,4659,1692,42096,3.5627411603927612,0.022945180535316467,0.19969966262578964,-176.27325820922852,0.0003
0.02589251473546028,36,169600,364.78702,0.0,100.0,4671,1696,42192,3.167311042547226,0.022866128478199244,-3.0402572921011597,-176.7729835510254,0.0003
0.025897042825818062,36,170000,364.69638,0.0,100.0,4685,1700,42304,3.8354175686836243,0.022722278023138642,-1.2140422561205924,-176.67318630218506,0.0003
0.025895319879055023,36,170400,365.16507,0.0,100.0,4697,1704,42400,3.368136763572693,0.022640204173512757,3.1611069552600384,-176.9765911102295,0.0003
0.025891518220305443,36,170800,365.75604,0.0,100.0,4709,1708,42496,4.046146333217621,0.022584506659768522,0.2866581901907921,-177.0026741027832,0.0003
0.025894170626997948,36,171200,367.28043,0.0,100.0,4721,1712,42592,3.64913772046566,0.02260435780044645,1.4285923615098,-176.95089626312256,0.0003
0.025889355689287186,36,171600,367.19458,0.0,100.0,4733,1716,42704,3.9226339906454086,0.022477201418951154,-1.8436985276639462,-177.41791915893555,0.0003
0.025892658159136772,36,172000,366.51074,0.0,100.0,4746,1720,42800,3.205645829439163,0.022399073466658592,0.7196511756628752,-177.39769458770752,0.0003
0.025891344994306564,36,172400,367.42316,0.0,100.0,4759,1724,42896,3.6879271417856216,0.022292682086117566,-4.149433642625809,-177.42255973815918,0.0003
0.02588185854256153,36,172800,368.12122,0.0,100.0,4771,1728,42992,3.1184607595205307,0.022123211179859936,-1.9267268292605877,-177.9066858291626,0.0003
0.025882406160235405,36,173200,368.01358,0.0,100.0,4784,1732,43104,3.699749633669853,0.02197300852276385,0.024088574573397636,-177.60543251037598,0.0003
0.02588462457060814,36,173600,367.33157,0.0,100.0,4795,1736,43200,3.4396406561136246,0.022009703563526273,-1.1547221019864082,-178.00871562957764,0.0003
0.025881720706820488,36,174000,368.02353,0.0,100.0,4807,1740,43296,3.3664239197969437,0.02200713404454291,-1.2365073896944523,-178.0234889984131,0.0003
0.02587977424263954,36,174400,367.30383,0.0,100.0,4818,1744,43392,3.5846090465784073,0.02194683172274381,-1.1143502295017242,-177.89281845092773,0.0003
0.025879276916384697,36,174800,368.01382,0.0,100.0,4830,1748,43504,2.977909579873085,0.021815537591464818,0.657758672721684,-178.17962837219238,0.0003
0.025879252701997757,36,175200,366.6127,0.0,100.0,4844,1752,43600,3.2600832283496857,0.021823865710757673,-0.5887478552758694,-178.25070571899414,0.0003
0.025874147191643715,36,175600,366.82117,0.0,100.0,4854,1756,43696,3.0878069549798965,0.021697179530747235,0.6025949884206057,-178.34065341949463,0.0003
0.02587312087416649,36,176000,366.03198,0.0,100.0,4866,1760,43792,3.5992350578308105,0.021651454851962626,-0.001992318779230118,-178.39859294891357,0.0003
0.025877613574266434,36,176400,365.74905,0.0,100.0,4878,1764,43904,3.6806722283363342,0.02156010316684842,-2.47983792796731,-178.1942195892334,0.0003
0.025876374915242195,36,176800,364.68613,0.0,100.0,4888,1768,44000,3.1254796534776688,0.021278271451592445,-1.040143959224224,-178.6755313873291,0.0003
0.025874335318803787,36,177200,364.21442,0.0,100.0,4902,1772,44096,3.332322359085083,0.02111311990302056,0.5434651076793671,-178.64633750915527,0.0003
0.02587583288550377,36,177600,364.4143,0.0,100.0,4915,1776,44192,3.547490730881691,0.021081427577883005,-4.089424674399197,-178.695631980896,0.0003
0.025873364880681038,36,178000,364.0843,0.0,100.0,4928,1780,44304,2.7964407950639725,0.020913266111165285,-1.6476339641958475,-178.94295597076416,0.0003
0.025871822610497475,36,178400,363.21167,0.0,100.0,4940,1784,44400,3.0137006640434265,0.020696104853414,-2.275017747655511,-178.73567867279053,0.0003
0.025871196761727333,36,178800,363.16354,0.0,100.0,4951,1788,44496,2.872281238436699,0.020417184685356915,-3.666158277541399,-178.99116802215576,0.0003
0.025866098701953888,36,179200,364.433,0.0,100.0,4961,1792,44592,3.30975578725338,0.020181581960059702,0.4246519962325692,-179.15478801727295,0.0003
0.025867057964205742,36,179600,365.3344,0.0,100.0,4975,1796,44704,2.830622896552086,0.02012858318630606,-0.07366020604968071,-179.42716598510742,0.0003
0.02586708404123783,36,180000,365.59747,0.0,100.0,4987,1800,44800,3.2455636113882065,0.01998699631076306,-2.731136040762067,-179.37017154693604,0.0003
0.025867242366075516,36,180400,365.3022,0.0,100.0,4997,1804,44896,3.0596315562725067,0.019667936488986015,1.212700942531228,-179.35189151763916,0.0003
0.02586381882429123,36,180800,365.20233,0.0,100.0,5007,1808,44992,3.0053282976150513,0.01946498639881611,-4.736058656126261,-179.74869060516357,0.0003
0.025865526869893074,36,181200,364.7116,0.0,100.0,5020,1812,45104,2.9596352875232697,0.019328225520439446,-4.348183572292328,-179.8221778869629,0.0003
0.025865772739052773,36,181600,364.86777,0.0,100.0,5030,1816,45200,2.759285479784012,0.01908081932924688,-1.5650453232228756,-179.5067892074585,0.0003
0.025859888643026352,36,182000,364.82755,0.0,100.0,5043,1820,45296,2.5943823382258415,0.018970414297655225,-0.6198780126869678,-179.8139190673828,0.0003
0.025857705622911453,36,182400,366.05005,0.0,100.0,5055,1824,45392,3.0511649399995804,0.018903194344602525,-1.3219342324882746,-179.8590211868286,0.0003
0.02585325762629509,36,182800,364.85968,0.0,100.0,5067,1828,45504,2.693759396672249,0.018812654772773385,-0.7651792671531439,-179.95729637145996,0.0003
0.025852279737591743,36,183200,365.31503,0.0,100.0,5078,1832,45600,2.838751569390297,0.01872097863815725,1.1068323217332363,-179.97596740722656,0.0003
0.025847503915429115,36,183600,366.21927,0.0,100.0,5090,1836,45696,3.0947547405958176,0.01879571913741529,-2.0445845872163773,-180.08326053619385,0.0003
0.02584352344274521,36,184000,366.22372,0.0,100.0,5101,1840,45792,2.8426312506198883,0.018666700227186084,-0.8347979914397001,-180.10194206237793,0.0003
0.02584012597799301,36,184400,366.37686,0.0,100.0,5114,1844,45904,2.7215690463781357,0.01869347831234336,0.7117560803890228,-180.04311656951904,0.0003
0.025836898013949394,36,184800,366.66544,0.0,100.0,5125,1848,46000,2.4598349034786224,0.018539223121479154,-1.922208409756422,-180.353045463562,0.0003
0.025834592059254646,36,185200,367.19568,0.0,100.0,5137,1852,46096,2.6113769486546516,0.01845775148831308,1.4742380380630493,-180.47657871246338,0.0003
0.02583574317395687,36,185600,367.47443,0.0,100.0,5149,1856,46192,2.3763276487588882,0.01846390892751515,-0.5435699857771397,-180.5838623046875,0.0003
0.025835681706666946,36,186000,368.55814,0.0,100.0,5162,1860,46304,2.501483663916588,0.01838873024098575,2.35249625146389,-180.63270473480225,0.0003
0.025831015780568123,36,186400,368.06213,0.0,100.0,5173,1864,46400,2.5859038308262825,0.018370067235082388,0.5556512288749218,-180.63011932373047,0.0003
0.025831369683146477,36,186800,369.19617,0.0,100.0,5184,1868,46496,2.1424178704619408,0.01826151250861585,-2.3803044948726892,-180.7020788192749,0.0003
0.025833267718553543,36,187200,370.09433,0.0,100.0,5199,1872,46592,2.239830382168293,0.0182017358019948,0.6250613443553448,-180.7314920425415,0.0003
0.025833429768681526,35,187600,369.5234,0.0,100.0,5211,1876,46704,2.4102643877267838,0.018188406596891582,-0.5555446892976761,-180.76415348052979,0.0003
0.025835983455181122,36,188000,367.88632,0.0,100.0,5221,1880,46800,2.0368207171559334,0.01811287389136851,0.6027223616838455,-180.7873125076294,0.0003
0.025833142921328545,35,188400,367.8509,0.0,100.0,5233,1884,46896,2.404635637998581,0.017976304166950285,-1.9776331260800362,-180.82786083221436,0.0003
0.02583327516913414,35,188800,368.78357,0.0,100.0,5247,1888,46992,2.1807587891817093,0.017822375637479126,-1.336201062425971,-181.08732795715332,0.0003
0.02582796849310398,35,189200,367.80557,0.0,100.0,5259,1892,47104,2.0745717734098434,0.017745830700732768,-1.7550763878971338,-181.10084438323975,0.0003
0.025830138474702835,35,189600,366.962,0.0,100.0,5273,1896,47200,2.328992933034897,0.01789115834981203,0.821045957505703,-181.07127475738525,0.0003
0.025828491896390915,35,190000,364.68567,0.0,100.0,5283,1900,47296,2.225408561527729,0.01788831572048366,0.34209996089339256,-180.94918537139893,0.0003
0.025830568745732307,35,190400,365.87628,0.0,100.0,5296,1904,47392,2.18202568590641,0.018001433345489204,-1.2422401625663042,-181.1587963104248,0.0003
0.025831539183855057,35,190800,365.7924,0.0,100.0,5311,1908,47504,2.2541020438075066,0.018019837443716824,-3.439669966697693,-181.2418031692505,0.0003
0.025832148268818855,35,191200,366.1246,0.0,100.0,5323,1912,47600,1.9668871983885765,0.017977500683628023,2.092764982022345,-181.31393814086914,0.0003
0.025828588753938675,35,191600,365.28574,0.0,100.0,5333,1916,47696,2.1213095784187317,0.0179776482982561,-1.891633279621601,-181.2364158630371,0.0003
0.025830967351794243,35,192000,365.28934,0.0,100.0,5346,1920,47792,2.0261022597551346,0.01796336506959051,-2.0029532089829445,-181.33140659332275,0.0003
0.02583186700940132,35,192400,365.04147,0.0,100.0,5358,1924,47904,2.8130719512701035,0.018096012179739773,-2.0277513209730387,-181.22213077545166,0.0003
0.025828873738646507,35,192800,364.64514,0.0,100.0,5369,1928,48000,2.662215419113636,0.01812025555409491,-0.12792876735329628,-181.45142555236816,0.0003
0.025830082595348358,35,193200,365.01938,0.0,100.0,5383,1932,48096,2.213673159480095,0.01819072791840881,1.6886635459959507,-181.20284366607666,0.0003
0.025832420215010643,35,193600,364.02682,0.0,100.0,5393,1936,48192,2.1440031081438065,0.018278150586411357,3.3214491195976734,-181.49113655090332,0.0003
0.025837460532784462,35,194000,363.90363,0.0,100.0,5407,1940,48304,2.290046378970146,0.018290627049282193,-2.8614558903500438,-181.48347187042236,0.0003
0.025834476575255394,35,194400,363.36163,0.0,100.0,5418,1944,48400,2.2640550807118416,0.018246757215820253,-0.12387596443295479,-181.467999458313,0.0003
0.025831250473856926,35,194800,363.54895,0.0,100.0,5429,1948,48496,2.2255351319909096,0.018268088344484568,-0.14559988677501678,-181.41182327270508,0.0003
0.025833506137132645,35,195200,363.46036,0.0,100.0,5439,1952,48592,2.2755083069205284,0.01823069795500487,-0.23790983110666275,-181.3285312652588,0.0003
0.025834569707512856,35,195600,362.65668,0.0,100.0,5451,1956,48704,2.2125049754977226,0.018269449356012046,3.9934728061780334,-181.55902004241943,0.0003
0.025833819061517715,35,196000,362.17917,0.0,100.0,5463,1960,48800,2.158349923789501,0.01840877265203744,0.11497255973517895,-181.5392427444458,0.0003
0.025838742032647133,35,196400,363.5548,0.0,100.0,5474,1964,48896,2.18768809735775,0.01838222611695528,2.055741958320141,-181.44496536254883,0.0003
0.025838635861873627,35,196800,363.4576,0.0,100.0,5490,1968,48992,1.8936323449015617,0.018375547719188035,1.713368403725326,-181.59164333343506,0.0003
0.025841645896434784,35,197200,363.43585,0.0,100.0,5503,1972,49104,2.1603762730956078,0.018347546108998358,1.7520243972539902,-181.81739330291748,0.0003
0.02583908662199974,35,197600,362.7955,0.0,100.0,5515,1976,49200,2.71369918435812,0.018335156491957605,0.5747124329209328,-181.704195022583,0.0003
0.02583802305161953,35,198000,364.7341,0.0,100.0,5526,1980,49296,2.418964996933937,0.018273047753609717,0.11990760639309883,-182.06942462921143,0.0003
0.025839563459157944,35,198400,363.6214,0.0,100.0,5538,1984,49392,2.1384081542491913,0.01824932429008186,1.2132735643535852,-182.00981426239014,0.0003
0.02583146281540394,35,198800,362.7988,0.0,100.0,5552,1988,49504,2.0441907942295074,0.018258510623127222,0.5863663628697395,-181.94829177856445,0.0003
0.025833748281002045,35,199200,362.46732,0.0,100.0,5564,1992,49600,2.0601328685879707,0.018275064881891012,-0.9899347126483917,-182.04665184020996,0.0003
0.02583642676472664,35,199600,362.7799,0.0,100.0,5576,1996,49696,2.1620989590883255,0.018202073988504708,-1.133975924924016,-182.13408756256104,0.0003
0.025840161368250847,35,200000,364.53995,0.0,100.0,5588,2000,49792,2.0124088749289513,0.01817870873492211,0.7565115671604872,-182.29330444335938,0.0003
0.025831155478954315,35,200400,363.01593,0.0,100.0,5606,2004,49904,1.970305398106575,0.018144660629332066,-2.3345169201493263,-182.04815292358398,0.0003
0.0258339736610651,35,200800,363.36923,0.0,100.0,5619,2008,50000,2.4274758249521255,0.018151887226849794,0.4632159247994423,-182.21503925323486,0.0003
0.025828944519162178,35,201200,362.95673,0.0,100.0,5630,2012,50096,2.3944438695907593,0.01806521520484239,1.3640283830463886,-182.19932651519775,0.0003
0.025827502831816673,35,201600,364.2168,0.0,100.0,5641,2016,50192,1.9289607852697372,0.018084185663610697,0.34661156218498945,-182.22822189331055,0.0003
0.025827141478657722,35,202000,364.2983,0.0,100.0,5656,2020,50304,2.1374672949314117,0.017999628791585565,-3.7000848054885864,-182.24464511871338,0.0003
0.025826433673501015,35,202400,363.1966,0.0,100.0,5671,2024,50400,2.1502523720264435,0.01794286910444498,-1.4103665836155415,-182.3669023513794,0.0003
0.025823500007390976,35,202800,361.07394,0.0,100.0,5684,2028,50496,1.914262279868126,0.018004243378527462,2.2223672196269035,-182.22684001922607,0.0003
0.025818444788455963,35,203200,360.6693,0.0,100.0,5696,2032,50592,1.9613962396979332,0.018015438807196915,-0.5406100526452065,-182.23559761047363,0.0003
0.025817908346652985,35,203600,361.83948,0.0,100.0,5712,2036,50704,1.9206025823950768,0.018013900495134294,0.2260839669033885,-182.1469612121582,0.0003
0.02581734210252762,35,204000,361.37012,0.0,100.0,5730,2040,50800,2.1083456352353096,0.017976915929466486,1.5958742164075375,-182.27054595947266,0.0003
0.02581556886434555,35,204400,361.53967,0.0,100.0,5741,2044,50896,2.1397827863693237,0.01796471211127937,1.732345056720078,-182.5998992919922,0.0003
0.02581746131181717,35,204800,361.60504,0.0,100.0,5755,2048,50992,1.8938179165124893,0.018073473824188113,-0.5328926537185907,-182.4390993118286,0.0003
0.025822069495916367,35,205200,361.81625,0.0,100.0,5767,2052,51104,1.9053772687911987,0.01807934883981943,-1.2540544979274273,-182.4467716217041,0.0003
0.025815583765506744,35,205600,362.89212,0.0,100.0,5780,2056,51200,2.0704517364501953,0.017938036005944014,-1.8321343027055264,-182.56707763671875,0.0003
0.02581743150949478,35,206000,362.83688,0.0,100.0,5793,2060,51296,1.9159771129488945,0.01783790555782616,0.46889182925224304,-182.38113117218018,0.0003
0.02581433393061161,35,206400,361.18167,0.0,100.0,5803,2064,51392,2.1251120194792747,0.01781059429049492,-1.71607057005167,-182.38940906524658,0.0003
0.025812631472945213,35,206800,361.32956,0.0,100.0,5818,2068,51504,2.231631152331829,0.01784427312668413,-2.0405228063464165,-182.4312686920166,0.0003
0.025815758854150772,35,207200,360.8378,0.0,100.0,5829,2072,51600,1.879174754023552,0.01791785506065935,-1.4437725516036153,-182.4542417526245,0.0003
0.02581598237156868,35,207600,361.46262,0.0,100.0,5840,2076,51696,1.8350548073649406,0.017830654978752136,-1.1419832035899162,-182.6994924545288,0.0003
0.025817859917879105,35,208000,361.43253,0.0,100.0,5853,2080,51792,1.9847815781831741,0.01780414837412536,0.28404276445508003,-182.89166355133057,0.0003
0.02581200562417507,35,208400,362.93555,0.0,100.0,5865,2084,51904,2.0174852535128593,0.01775929518043995,0.015628643333911896,-182.5519323348999,0.0003
0.025813110172748566,35,208800,362.87778,0.0,100.0,5878,2088,52000,1.9868824779987335,0.017816132633015513,1.6302462709136307,-182.74079990386963,0.0003
0.025816254317760468,35,209200,363.90692,0.0,100.0,5892,2092,52096,1.8658965900540352,0.017886456102132797,-0.4934972822666168,-182.647855758667,0.0003
0.02580690197646618,35,209600,364.53598,0.0,100.0,5904,2096,52192,2.163502424955368,0.017759253969416022,-3.7321314066648483,-182.65103244781494,0.0003
0.025801654905080795,35,210000,363.945,0.0,100.0,5916,2100,52304,2.0035012885928154,0.01764343644026667,0.9549960698932409,-182.8015537261963,0.0003
0.025797555223107338,35,210400,364.7133,0.0,100.0,5929,2104,52400,2.1220688074827194,0.017636041739024222,1.0493066450580955,-182.72723770141602,0.0003
0.025801580399274826,35,210800,364.3386,0.0,100.0,5940,2108,52496,1.8062526062130928,0.017702357843518257,0.3489297479391098,-182.72581005096436,0.0003
0.025798069313168526,35,211200,364.88425,0.0,100.0,5951,2112,52592,2.3201984167099,0.017653638613410294,1.3355635032057762,-182.79082202911377,0.0003
0.025799531489610672,35,211600,363.90778,0.0,100.0,5962,2116,52704,1.953015923500061,0.017731608939357102,2.647379592061043,-182.77674198150635,0.0003
0.02580217458307743,35,212000,363.8188,0.0,100.0,5973,2120,52800,1.8690822049975395,0.01772649574559182,-0.5388864018023014,-182.95166778564453,0.0003
0.02580372616648674,35,212400,362.70233,0.0,100.0,5983,2124,52896,1.8962644264101982,0.017687578801997006,3.544866219162941,-182.99914360046387,0.0003
0.025803452357649803,35,212800,364.41724,0.0,100.0,5998,2128,52992,1.85028525441885,0.017632324248552322,0.5575429648160934,-183.1756763458252,0.0003
0.02580307051539421,35,213200,363.45538,0.0,100.0,6011,2132,53104,1.840509094297886,0.017584944958798587,-3.1353091932833195,-182.8893814086914,0.0003
0.02580117993056774,35,213600,363.54935,0.0,100.0,6025,2136,53200,2.107179492712021,0.017458761925809085,-2.5516634676605463,-183.0345869064331,0.0003
0.025799233466386795,35,214000,363.8923,0.0,100.0,6038,2140,53296,1.8487193137407303,0.017247100709937513,-0.7641768977046013,-183.14318466186523,0.0003
0.025802861899137497,35,214400,365.11438,0.0,100.0,6054,2144,53392,1.8496498614549637,0.0171536048874259,0.8496559485793114,-183.23418521881104,0.0003
0.025804856792092323,35,214800,364.82864,0.0,100.0,6068,2148,53504,1.9345433861017227,0.01712099474389106,-2.4701917804777622,-183.21047115325928,0.0003
0.02580730989575386,35,215200,365.31656,0.0,100.0,6079,2152,53600,1.8912738338112831,0.017054293071851134,-0.9964327663183212,-183.2645149230957,0.0003
0.025807198137044907,35,215600,364.90546,0.0,100.0,6092,2156,53696,2.1711301058530807,0.016940993024036288,-0.4379813000559807,-183.04347801208496,0.0003
0.025803161785006523,35,216000,364.16757,0.0,100.0,6105,2160,53792,2.114084854722023,0.01682642160449177,4.138078734278679,-182.99591064453125,0.0003
0.025805018842220306,35,216400,365.44186,0.0,100.0,6121,2164,53904,1.8429567515850067,0.01686522620730102,0.01912199705839157,-183.07046508789062,0.0003
0.025808217003941536,35,216800,365.49396,0.0,100.0,6134,2168,54000,2.0210269168019295,0.01693795423489064,-1.5822158474475145,-183.05770111083984,0.0003
0.025806663557887077,35,217200,365.6579,0.0,100.0,6147,2172,54096,2.0297634974122047,0.016902048839256167,-0.2611684314906597,-183.17889976501465,0.0003
0.025808028876781464,35,217600,364.65442,0.0,100.0,6161,2176,54192,2.032502666115761,0.01675400952808559,-0.29416395351290703,-183.26365756988525,0.0003
0.025806326419115067,35,218000,362.15375,0.0,100.0,6177,2180,54304,2.0170885920524597,0.016734580975025892,-1.7998028956353664,-183.2963056564331,0.0003
0.02580064907670021,35,218400,361.42526,0.0,100.0,6189,2184,54400,1.9217500239610672,0.016752151655964553,-1.7941999025642872,-183.4789571762085,0.0003
0.025804610922932625,35,218800,362.02237,0.0,100.0,6207,2188,54496,2.172574259340763,0.016726758680306375,0.6725205257534981,-183.31754875183105,0.0003
0.02580416388809681,35,219200,361.30594,0.0,100.0,6219,2192,54592,2.305609904229641,0.016679360531270504,-2.9896515496075153,-183.4290418624878,0.0003
0.025804974138736725,35,219600,359.57535,0.0,100.0,6231,2196,54704,2.5977118015289307,0.016608087345957756,0.38489009346812963,-183.18983364105225,0.0003
0.025804486125707626,35,220000,361.38556,0.0,100.0,6241,2200,54800,2.4495672583580017,0.016585942241363227,3.084252968430519,-183.44578075408936,0.0003
0.02581130526959896,35,220400,361.40137,0.0,100.0,6252,2204,54896,2.2274560257792473,0.01674118684604764,0.5337081998586655,-183.46490955352783,0.0003
0.025814538821578026,35,220800,361.20148,0.0,100.0,6263,2208,54992,1.9381493255496025,0.01676031108945608,-1.2081898152828217,-183.52899169921875,0.0003
0.025816554203629494,35,221200,360.22717,0.0,100.0,6276,2212,55104,2.1267087906599045,0.01678076561074704,1.2011416628956795,-183.35058307647705,0.0003
0.025818195194005966,35,221600,359.5031,0.0,100.0,6287,2216,55200,2.216485559940338,0.016740512452088296,-0.6262888982892036,-183.33520412445068,0.0003
0.02581448294222355,35,222000,359.52988,0.0,100.0,6300,2220,55296,2.0010423734784126,0.016724364599213004,-2.8773400764912367,-183.2813320159912,0.0003
0.02581159584224224,35,222400,360.95114,0.0,100.0,6311,2224,55392,2.4199603125452995,0.01667488773819059,-3.4039414264261723,-183.45320892333984,0.0003
0.02580958977341652,35,222800,361.61426,0.0,100.0,6324,2228,55504,2.015725925564766,0.016475961660034955,-3.07909394800663,-183.46527862548828,0.0003
0.025806691497564316,35,223200,362.0857,0.0,100.0,6336,2232,55600,2.212934583425522,0.016329842968843877,1.0381517224013805,-183.20541381835938,0.0003
0.025796644389629364,35,223600,362.54538,0.0,100.0,6349,2236,55696,2.1780692487955093,0.016213024500757456,1.2076278366148472,-183.45646572113037,0.0003
0.02579296939074993,35,224000,362.22382,0.0,100.0,6363,2240,55792,2.1867603808641434,0.016197400516830385,1.7224540254101157,-183.50591564178467,0.0003
0.025790764018893242,35,224400,359.90955,0.0,100.0,6375,2244,55904,2.2127893045544624,0.01620759372599423,-2.050393460318446,-183.5440378189087,0.0003
0.025787409394979477,35,224800,358.5742,0.0,100.0,6387,2248,56000,2.727680377662182,0.016154360957443714,1.029094422236085,-183.31659030914307,0.0003
0.025785095989704132,35,225200,358.83203,0.0,100.0,6403,2252,56096,2.152364432811737,0.01615137339103967,1.9309725584462285,-183.52166748046875,0.0003
0.025783177465200424,35,225600,359.29993,0.0,100.0,6418,2256,56192,2.557896226644516,0.01616662065498531,2.970029592514038,-183.52004623413086,0.0003
0.025777246803045273,35,226000,360.12946,0.0,100.0,6434,2260,56304,2.1898435056209564,0.016270498163066804,-1.038383025676012,-183.5810718536377,0.0003
0.02577865496277809,35,226400,360.38083,0.0,100.0,6448,2264,56400,2.319766476750374,0.016341946320608258,0.6795540526509285,-183.41455841064453,0.0003
0.02577020414173603,35,226800,360.9318,0.0,100.0,6459,2268,56496,2.7268546372652054,0.016321540693752468,1.0164581947028637,-183.8388442993164,0.0003
0.025763465091586113,35,227200,361.0045,0.0,100.0,6472,2272,56592,2.4492613300681114,0.016308862483128905,0.9802476242184639,-183.45632076263428,0.0003
0.025757785886526108,35,227600,361.90216,0.0,100.0,6490,2276,56704,2.2602662220597267,0.016331842867657542,-2.2496030195616186,-183.52255821228027,0.0003
0.025756241753697395,35,228000,365.2716,0.0,100.0,6504,2280,56800,2.2617651745676994,0.016265375423245132,0.42561065778136253,-183.54966640472412,0.0003
0.025754502043128014,35,228400,366.33896,0.0,100.0,6515,2284,56896,2.2883409410715103,0.01624435605481267,0.8087028153240681,-183.7989320755005,0.0003
0.025753671303391457,35,228800,366.04367,0.0,100.0,6528,2288,56992,2.341475047171116,0.016267932020127773,-0.2866498716175556,-183.78607177734375,0.0003
0.02575221285223961,35,229200,366.27634,0.0,100.0,6543,2292,57104,2.036130703985691,0.01634839258622378,0.6235267594456673,-183.78577613830566,0.0003
0.02574741095304489,35,229600,367.84518,0.0,100.0,6557,2296,57200,2.116588346660137,0.01637232443317771,-0.34368836879730225,-183.68591499328613,0.0003
0.025746209546923637,35,230000,368.07587,0.0,100.0,6568,2300,57296,2.0970815047621727,0.01639255415648222,0.04367534816265106,-183.4260482788086,0.0003
0.025744276121258736,35,230400,368.21475,0.0,100.0,6582,2304,57392,2.4817400947213173,0.01646139263175428,0.26509685814380646,-183.79389572143555,0.0003
0.025742480531334877,34,230800,368.15198,0.0,100.0,6596,2308,57504,1.9358040168881416,0.016428606119006872,-2.7562426328659058,-183.79928302764893,0.0003
0.025741128250956535,34,231200,368.43707,0.0,100.0,6611,2312,57600,2.1677529141306877,0.016417137696407735,0.060865260660648346,-183.97749042510986,0.0003
0.025741007179021835,34,231600,369.56622,0.0,100.0,6625,2316,57696,2.4197120368480682,0.016332053928636014,-2.886918753385544,-183.72334003448486,0.0003
0.025735225528478622,34,232000,370.14993,0.0,100.0,6636,2320,57792,2.2574844881892204,0.016196382697671652,-3.8767680563032627,-183.77136611938477,0.0003
0.025732791051268578,34,232400,369.66345,0.0,100.0,6650,2324,57904,2.311432972550392,0.016072503058239818,-1.1255630627274513,-184.2798671722412,0.0003
0.02572738565504551,34,232800,370.16806,0.0,100.0,6661,2328,58000,2.2499232962727547,0.01601200655568391,0.2878685612231493,-183.6678056716919,0.0003
0.025729330256581306,34,233200,371.54132,0.0,100.0,6675,2332,58096,1.963635541498661,0.01598404289688915,-1.267525590956211,-184.1326084136963,0.0003
0.02572200633585453,34,233600,370.69513,0.0,100.0,6691,2336,58192,2.1261015608906746,0.015951461740769446,2.3501148894429207,-184.2193307876587,0.0003
0.02571963518857956,34,234000,370.50977,0.0,100.0,6705,2340,58304,2.302840769290924,0.015981118194758892,0.7150782831013203,-184.34177112579346,0.0003
0.025718552991747856,34,234400,373.182,0.0,100.0,6717,2344,58400,2.5040471330285072,0.015984992031008005,-0.5217182096093893,-184.06457042694092,0.0003
0.025717638432979584,34,234800,375.19492,0.0,100.0,6729,2348,58496,2.153202138841152,0.01587709248997271,-3.338993202894926,-184.0619659423828,0.0003
0.025714950636029243,34,235200,374.68127,0.0,100.0,6744,2352,58592,2.382917709648609,0.015755324973724782,0.923376489430666,-184.33075523376465,0.0003
0.025709617882966995,34,235600,374.15372,0.0,100.0,6756,2356,58704,2.0217130184173584,0.01565327914431691,-1.2771020084619522,-184.20408248901367,0.0003
0.02570570446550846,34,236000,373.30423,0.0,100.0,6768,2360,58800,2.0927911773324013,0.015613295137882233,0.9230632316321135,-184.5284366607666,0.0003
0.025704266503453255,34,236400,372.173,0.0,100.0,6780,2364,58896,2.0478526651859283,0.01558483939152211,-1.497537773102522,-184.39909648895264,0.0003
0.025702018290758133,34,236800,369.94424,0.0,100.0,6793,2368,58992,2.0121603086590767,0.01559360371902585,-1.3957775961607695,-184.57519340515137,0.0003
0.025695886462926865,34,237200,369.63562,0.0,100.0,6810,2372,59104,2.096718266606331,0.015573961019981652,-1.9421927938237786,-184.39512634277344,0.0003
0.025695720687508583,34,237600,369.3868,0.0,100.0,6821,2376,59200,2.3871560841798782,0.015615599462762475,1.3199295783415437,-184.57850074768066,0.0003
0.02569788135588169,34,238000,369.23755,0.0,100.0,6834,2380,59296,2.124784730374813,0.015691501670517027,-1.3964494206011295,-184.45069026947021,0.0003
0.025689328089356422,34,238400,369.15082,0.0,100.0,6849,2384,59392,2.5294145569205284,0.015609133173711598,-0.19031344167888165,-184.43726634979248,0.0003
0.0256867203861475,34,238800,370.10492,0.0,100.0,6864,2388,59504,2.0973851084709167,0.015538875188212842,-0.6315199062228203,-184.58177375793457,0.0003
0.02568168193101883,34,239200,369.5432,0.0,100.0,6876,2392,59600,2.0664909183979034,0.015551500662695616,-0.628190241754055,-184.37400436401367,0.0003
0.025680717080831528,34,239600,368.6125,0.0,100.0,6887,2396,59696,1.8573219254612923,0.015467019227799028,-2.1948099993169308,-184.5903902053833,0.0003
0.02568046934902668,34,240000,368.6839,0.0,100.0,6903,2400,59792,2.060581959784031,0.01548386411741376,-2.098418677225709,-184.55895042419434,0.0003
0.0256766639649868,34,240400,369.5802,0.0,100.0,6915,2404,59904,1.8349067866802216,0.015387773572001606,-2.6182625461369753,-184.67223739624023,0.0003
0.025675101205706596,34,240800,370.27875,0.0,100.0,6930,2408,60000,2.2158253490924835,0.015342084865551442,-1.3702172692865133,-184.72927951812744,0.0003
0.025664759799838066,34,241200,370.66187,0.0,100.0,6941,2412,60096,2.1243997663259506,0.01538335409713909,-0.037033770233392715,-184.72180938720703,0.0003
0.02566232904791832,34,241600,370.47067,0.0,100.0,6953,2416,60192,1.9206044301390648,0.015298175683710724,-1.217938581481576,-184.9061517715454,0.0003
0.025662781670689583,34,242000,370.68866,0.0,100.0,6967,2420,60304,2.056749738752842,0.015162902884185314,0.5361897787079215,-184.67727947235107,0.0003
0.02565637044608593,34,242400,372.99344,0.0,100.0,6978,2424,60400,2.1182077154517174,0.015060486970469356,-5.338563736528158,-184.96414184570312,0.0003
0.025653580203652382,34,242800,373.58472,0.0,100.0,6991,2428,60496,2.072584755718708,0.01495290594175458,-0.26555110421031713,-184.64740371704102,0.0003
0.025654742494225502,34,243200,371.84976,0.0,100.0,7007,2432,60592,1.9612369313836098,0.01491106825415045,0.1516362652182579,-184.94650173187256,0.0003
0.02565898559987545,34,243600,372.48706,0.0,100.0,7019,2436,60704,2.2715955898165703,0.014972168835811317,1.247789639979601,-184.9906349182129,0.0003
0.02565554715692997,34,244000,372.95,0.0,100.0,7031,2440,60800,2.321008585393429,0.014984978770371526,-1.6240601390600204,-184.71009635925293,0.0003
0.025658227503299713,34,244400,371.3548,0.0,100.0,7044,2444,60896,2.1948712170124054,0.014998566592112184,-1.3610526341944933,-184.70007801055908,0.0003
0.025655722245573997,34,244800,370.57822,0.0,100.0,7055,2448,60992,2.386186257004738,0.014953043428249657,2.0654483661055565,-184.8468475341797,0.0003
0.025645922869443893,34,245200,371.6625,0.0,100.0,7069,2452,61104,2.1981873586773872,0.014993966731708497,0.8937615919858217,-185.02208709716797,0.0003
0.02563939057290554,34,245600,371.81656,0.0,100.0,7080,2456,61200,2.5664503276348114,0.015046538028400391,0.579827478621155,-185.14160251617432,0.0003
0.025635652244091034,34,246000,371.98572,0.0,100.0,7091,2460,61296,2.1346076652407646,0.015080915356520563,3.1318664103746414,-184.89161109924316,0.0003
0.02562965825200081,34,246400,373.00024,0.0,100.0,7102,2464,61392,2.0965843573212624,0.015113818808458745,1.1206714138388634,-185.2300319671631,0.0003
0.025632841512560844,34,246800,376.38586,0.01,100.0,7114,2468,61504,1.9189278706908226,0.01508413883857429,2.286885377019644,-185.06804752349854,0.0003
0.02563389390707016,34,247200,376.7779,0.01,100.0,7125,2472,61600,2.229085937142372,0.015151665778830647,0.5803449992090464,-185.41014099121094,0.0003
0.02563030831515789,34,247600,375.5798,0.01,100.0,7140,2476,61696,2.3888502940535545,0.015136175265070051,-1.026624120771885,-185.16216564178467,0.0003
0.025627681985497475,34,248000,375.20038,0.01,100.0,7152,2480,61792,2.246821813285351,0.015078483906108886,-1.3735095113515854,-185.21292304992676,0.0003
0.02562754787504673,34,248400,374.9137,0.01,100.0,7166,2484,61904,2.262216567993164,0.015032864641398191,-0.5240676049143076,-185.2571840286255,0.0003
0.025628285482525826,34,248800,374.44836,0.01,100.0,7176,2488,62000,2.241308718919754,0.01509144902229309,1.435255028307438,-185.1090440750122,0.0003
0.025624793022871017,34,249200,374.8401,0.01,100.0,7188,2492,62096,2.39168793708086,0.015104513731785119,1.2380362041294575,-185.1831521987915,0.0003
0.025625552982091904,34,249600,376.50995,0.01,100.0,7201,2496,62192,2.2929657250642776,0.015108006831724197,0.4684320269152522,-185.22754096984863,0.0003
0.025622589513659477,34,250000,375.75165,0.01,100.0,7222,2500,62304,2.3721078634262085,0.015013818978331983,-0.8295530015602708,-185.06114101409912,0.0003
0.02561977691948414,34,250400,375.2853,0.01,100.0,7236,2504,62400,2.756468743085861,0.01503749587573111,1.633687810972333,-185.1003065109253,0.0003
0.025616582483053207,34,250800,375.40405,0.01,100.0,7248,2508,62496,2.2714393585920334,0.014989002258516848,0.9426038712263107,-185.05600452423096,0.0003
0.02561802975833416,34,251200,376.4467,0.01,100.0,7260,2512,62592,2.2013588696718216,0.014987404749263078,0.13646924123167992,-185.4874382019043,0.0003
0.025616172701120377,34,251600,377.94104,0.01,100.0,7274,2516,62704,2.228962130844593,0.014996725192759186,-0.9080577977001667,-185.10497760772705,0.0003
0.0256172027438879,34,252000,377.07385,0.01,100.0,7287,2520,62800,2.244320012629032,0.01496855414006859,-1.0274771638214588,-185.38784503936768,0.0003
0.025612296536564827,34,252400,375.55844,0.01,100.0,7300,2524,62896,2.3426791727542877,0.015027232293505222,0.5834268582984805,-185.37039852142334,0.0003
0.025609277188777924,34,252800,374.75797,0.01,100.0,7311,2528,62992,2.9205626100301743,0.015012643008958548,2.0294770132750273,-185.1897668838501,0.0003
0.02560725435614586,34,253200,375.63797,0.01,100.0,7325,2532,63104,2.770875483751297,0.015016956080216914,-0.45036445930600166,-185.33098030090332,0.0003
0.02560410089790821,34,253600,374.3777,0.01,100.0,7339,2536,63200,2.7664467617869377,0.014927005744539201,0.3794246818870306,-185.22204303741455,0.0003
0.025601161643862724,34,254000,374.96817,0.01,100.0,7351,2540,63296,2.494061052799225,0.014874808955937624,3.564480349421501,-185.5483980178833,0.0003
0.025599194690585136,34,254400,372.69348,0.01,100.0,7366,2544,63392,2.452159456908703,0.015009712195023894,1.7628959361463785,-185.38057899475098,0.0003
0.02560034953057766,34,254800,374.25604,0.01,100.0,7381,2548,63504,2.4254578575491905,0.014992566662840545,2.78544282913208,-185.48124885559082,0.0003
0.025590617209672928,34,255200,373.32114,0.01,100.0,7392,2552,63600,2.240139290690422,0.015000854327809066,-0.9764616265892982,-185.66647815704346,0.0003
0.02558545209467411,34,255600,373.36234,0.01,100.0,7403,2556,63696,2.6746951416134834,0.015069213812239468,0.7969550993293524,-185.76512145996094,0.0003
0.02558005228638649,34,256000,370.6622,0.01,100.0,7414,2560,63792,2.212896652519703,0.015038472425658256,2.5268788672983646,-185.55846881866455,0.0003
0.025574663653969765,34,256400,370.9484,0.01,100.0,7428,2564,63904,2.2989546433091164,0.015051443595439196,2.435552392154932,-185.76985263824463,0.0003
0.025576148182153702,34,256800,368.40048,0.0,100.0,7445,2568,64000,2.6181727200746536,0.015155905275605619,-1.1217746585607529,-185.5692377090454,0.0003
0.02557632513344288,34,257200,368.07892,0.0,100.0,7459,2572,64096,2.8742322474718094,0.015189830679446459,3.9162562172859907,-185.68739700317383,0.0003
0.025573870167136192,34,257600,369.08765,0.0,100.0,7473,2576,64192,2.681529089808464,0.01533590245526284,2.8962449822574854,-185.8864860534668,0.0003
0.02557249180972576,34,258000,368.2475,0.0,100.0,7487,2580,64304,3.1299268305301666,0.015514614409767091,2.5759178064763546,-185.63761043548584,0.0003
0.025572093203663826,34,258400,368.01245,0.0,100.0,7503,2584,64400,2.4979568123817444,0.015712085529230535,-0.5069429688155651,-186.00989055633545,0.0003
0.025568094104528427,34,258800,369.80313,0.0,100.0,7518,2588,64496,2.7888470590114594,0.01578864816110581,1.2424419298768044,-185.7782096862793,0.0003
0.025566596537828445,34,259200,370.37067,0.0,100.0,7528,2592,64592,2.547511227428913,0.015839569503441453,1.4957921337336302,-185.69257926940918,0.0003
0.025568505749106407,34,259600,369.9523,0.0,100.0,7544,2596,64704,2.5721316188573837,0.015932705369777977,0.24917610455304384,-185.94990825653076,0.0003
0.025564245879650116,34,260000,369.64102,0.0,100.0,7557,2600,64800,2.4636470526456833,0.015881931758485734,3.231625322252512,-186.02053833007812,0.0003
0.025561636313796043,34,260400,371.4806,0.01,100.0,7571,2604,64896,2.7787283062934875,0.015975764603354037,-0.21357155218720436,-185.7229290008545,0.0003
0.025558801367878914,34,260800,372.86032,0.01,100.0,7584,2608,64992,2.4058443158864975,0.015970755950547755,1.1563243884593248,-186.06056022644043,0.0003
0.02555788867175579,34,261200,371.35858,0.01,100.0,7599,2612,65104,2.5976309925317764,0.016016089590266347,2.0272320695221424,-185.7924690246582,0.0003
0.02555953711271286,34,261600,370.8175,0.01,100.0,7611,2616,65200,2.7476318031549454,0.01627030479721725,1.3700862973928452,-185.92874717712402,0.0003
0.025561507791280746,34,262000,369.8055,0.01,100.0,7623,2620,65296,2.6546264439821243,0.016564854071475565,4.0341057032346725,-186.0397663116455,0.0003
0.025566192343831062,34,262400,370.31863,0.01,100.0,7634,2624,65392,3.0512798726558685,0.01677693333476782,2.702749088406563,-186.05576992034912,0.0003
0.0255645290017128,34,262800,373.13165,0.01,100.0,7650,2628,65504,2.773528501391411,0.016998457722365856,3.6018068827688694,-186.1630048751831,0.0003
0.02556341141462326,34,263200,372.67657,0.01,100.0,7663,2632,65600,3.5881766229867935,0.01726579573005438,-0.287154009565711,-185.85625457763672,0.0003
0.025562386959791183,34,263600,373.09177,0.01,100.0,7676,2636,65696,3.3204585313796997,0.017515880172140896,1.7931926175951958,-185.76233291625977,0.0003
0.02556413598358631,34,264000,373.79535,0.01,100.0,7691,2640,65792,3.0425422564148903,0.017591931973583996,0.9988814350217581,-186.10217189788818,0.0003
0.025562921538949013,34,264400,376.99817,0.01,100.0,7706,2644,65904,3.2783214896917343,0.01748148736078292,-1.0400198996067047,-186.21581745147705,0.0003
0.025562487542629242,34,264800,375.07117,0.01,100.0,7719,2648,66000,2.9190555810928345,0.01747095223981887,-1.2665351778268814,-186.22606754302979,0.0003
0.025560874491930008,34,265200,375.44,0.01,100.0,7731,2652,66096,3.0001026690006256,0.017356132506392896,3.024875408038497,-186.0727949142456,0.0003
0.02556218020617962,34,265600,377.00433,0.01,100.0,7746,2656,66192,2.7428901195526123,0.017338010831736028,-1.782592136412859,-186.4215602874756,0.0003
0.02556753344833851,34,266000,381.2866,0.02,100.0,7759,2660,66304,2.9279333353042603,0.01732440700288862,2.412944855168462,-186.17635250091553,0.0003
0.02556626871228218,34,266400,380.73135,0.02,100.0,7774,2664,66400,2.9484964311122894,0.017267909832298756,-0.5964350998401642,-186.63219833374023,0.0003
0.025565272197127342,34,266800,380.90656,0.02,100.0,7785,2668,66496,2.795275568962097,0.017188829486258328,-2.8861485309898853,-186.26312923431396,0.0003
0.025564247742295265,34,267200,382.81082,0.02,100.0,7797,2672,66592,2.729024201631546,0.017032392788678408,0.9522660542279482,-186.63494968414307,0.0003
0.02556413598358631,34,267600,382.62433,0.02,100.0,7811,2676,66704,3.4206291884183884,0.01697468920610845,-2.287110535427928,-186.40849018096924,0.0003
0.02556137554347515,34,268000,383.6044,0.02,100.0,7824,2680,66800,2.8894757330417633,0.016933657345362008,-3.601872678846121,-186.6282024383545,0.0003
0.0255601666867733,34,268400,384.19238,0.02,100.0,7838,2684,66896,3.342859670519829,0.016885648015886545,1.2481805235147476,-186.4334840774536,0.0003
0.025560172274708748,34,268800,381.845,0.02,100.0,7850,2688,66992,3.052731364965439,0.016968652955256402,2.9595423378050327,-186.55656814575195,0.0003
0.025561371818184853,34,269200,379.99564,0.02,100.0,7866,2692,67104,3.1986062973737717,0.01707178121432662,0.12523125857114792,-186.88829135894775,0.0003
0.025557663291692734,34,269600,379.7529,0.02,100.0,7879,2696,67200,3.86350080370903,0.017072377377189696,2.064702123403549,-186.9876480102539,0.0003
0.025553354993462563,34,270000,378.7446,0.02,100.0,7890,2700,67296,3.3470869213342667,0.017104996950365603,-3.5461563393473625,-186.86194324493408,0.0003
0.025553036481142044,34,270400,377.21194,0.01,100.0,7901,2704,67392,2.931376963853836,0.017061508493497968,-0.895636074244976,-186.84072589874268,0.0003
0.02554745227098465,34,270800,374.70602,0.01,100.0,7913,2708,67504,3.1449217200279236,0.01707502652425319,1.8689981307834387,-186.85047340393066,0.0003
0.025551674887537956,34,271200,376.5795,0.01,100.0,7927,2712,67600,3.0175770819187164,0.017157799913547933,0.8287164252251387,-186.98416900634766,0.0003
0.025547968223690987,34,271600,375.22318,0.01,100.0,7939,2716,67696,3.455779731273651,0.017254148377105594,0.48379073292016983,-186.92087745666504,0.0003
0.025549685582518578,34,272000,375.83694,0.01,100.0,7952,2720,67792,3.20382958650589,0.017293337848968804,-2.571524112019688,-187.2796983718872,0.0003
0.025547046214342117,34,272400,376.2003,0.01,100.0,7963,2724,67904,3.1085478514432907,0.01723199267871678,2.5636795349419117,-187.11979007720947,0.0003
0.025538654997944832,34,272800,374.54404,0.01,100.0,7974,2728,68000,3.1574890166521072,0.01724528823979199,-0.7774871028959751,-186.878662109375,0.0003
0.025533052161335945,34,273200,374.23383,0.01,100.0,7988,2732,68096,3.6229983270168304,0.01748168037738651,1.5574228055775166,-187.1360149383545,0.0003
0.025536084547638893,34,273600,375.22186,0.01,100.0,8003,2736,68192,3.1826885491609573,0.017743106582202017,0.6848742067813873,-187.15513038635254,0.0003
0.02553458884358406,34,274000,373.49423,0.01,100.0,8015,2740,68304,3.1222769170999527,0.01793220406398177,1.9918975159525871,-187.10630798339844,0.0003
0.025535782799124718,34,274400,372.75266,0.01,100.0,8027,2744,68400,3.821831300854683,0.018024873337708414,1.357965737581253,-186.9455270767212,0.0003
0.025531049817800522,34,274800,373.28708,0.01,100.0,8041,2748,68496,3.0305885672569275,0.018041050992906094,0.5210509262979031,-187.15129852294922,0.0003
0.025531088933348656,34,275200,372.9587,0.01,100.0,8055,2752,68592,3.4749876260757446,0.01812937087379396,1.0668195895850658,-187.00463390350342,0.0003
0.025531591847538948,34,275600,370.9037,0.01,100.0,8067,2756,68704,2.9339112490415573,0.018196260672993958,1.4787726141512394,-187.46813869476318,0.0003
0.02553461119532585,34,276000,371.59137,0.0,100.0,8077,2760,68800,3.565178394317627,0.01822603913024068,0.17010879516601562,-187.54090881347656,0.0003
0.025532009080052376,34,276400,371.76648,0.0,100.0,8089,2764,68896,3.754949167370796,0.018335677101276815,2.1353776399046183,-187.28515911102295,0.0003
0.02553146332502365,34,276800,371.4007,0.0,100.0,8102,2768,68992,3.422804534435272,0.018410918186418712,-2.2833881489932537,-187.63148498535156,0.0003
0.02553633600473404,34,277200,369.77884,0.0,100.0,8116,2772,69104,3.618838280439377,0.018579145311377943,3.3513355273753405,-187.43948554992676,0.0003
0.025532953441143036,34,277600,369.3887,0.0,100.0,8127,2776,69200,3.2227660715579987,0.01884677412454039,0.47593530640006065,-187.51094722747803,0.0003
0.025532757863402367,34,278000,369.9985,0.0,100.0,8140,2780,69296,4.008317738771439,0.01892379589844495,0.2934583630412817,-187.3329734802246,0.0003
0.02553245611488819,34,278400,369.51047,0.0,100.0,8152,2784,69392,4.0108992755413055,0.01911044621374458,-0.19720232486724854,-187.73079204559326,0.0003
0.025528455153107643,34,278800,369.1494,0.0,100.0,8168,2788,69504,4.919625982642174,0.019205026444979012,1.081289255991578,-187.66050910949707,0.0003
0.025520486757159233,34,279200,368.53055,0.0,100.0,8180,2792,69600,6.205334037542343,0.01956828194670379,5.7020697593688965,-187.623872756958,0.0003
0.025522850453853607,34,279600,364.28214,0.0,100.0,8192,2796,69696,4.826355084776878,0.01998473482672125,4.266865774989128,-187.0600299835205,0.0003
0.02552131749689579,34,280000,362.90866,0.0,100.0,8202,2800,69792,4.067656457424164,0.0202839900739491,1.5876125171780586,-187.068696975708,0.0003
0.025520239025354385,34,280400,362.38876,0.0,100.0,8217,2804,69904,3.783762127161026,0.020564988255500793,0.9177663084119558,-187.1152639389038,0.0003
0.0255215372890234,34,280800,363.2037,0.0,100.0,8231,2808,70000,3.764690637588501,0.020585536141879857,0.8165212795138359,-187.33765697479248,0.0003
0.025519059970974922,34,281200,361.91254,0.0,100.0,8242,2812,70096,3.364682897925377,0.02057598321698606,-0.1729024201631546,-187.19894409179688,0.0003
0.0255220178514719,34,281600,362.5756,0.0,100.0,8259,2816,70192,3.965228959918022,0.02063686610199511,2.9577804431319237,-187.43087100982666,0.0003
0.025520112365484238,34,282000,365.4353,0.0,100.0,8271,2820,70304,3.274688959121704,0.020493863616138697,-3.379752468317747,-187.2468318939209,0.0003
0.02552509494125843,34,282400,365.13968,0.0,100.0,8285,2824,70400,3.841777667403221,0.02043547364883125,-0.42730605229735374,-187.36356353759766,0.0003
0.025523774325847626,34,282800,363.65775,0.0,100.0,8297,2828,70496,3.7159855365753174,0.02037201658822596,-2.676366288214922,-187.4217357635498,0.0003
0.025521280243992805,34,283200,363.59796,0.0,100.0,8311,2832,70592,3.3643872886896133,0.020273670554161072,-1.6257600635290146,-187.67589569091797,0.0003
0.02552611194550991,34,283600,362.18942,0.0,100.0,8326,2836,70704,3.701242074370384,0.020220035570673645,-2.3178209736943245,-187.37981605529785,0.0003
0.02552672289311886,34,284000,363.06985,0.0,100.0,8343,2840,70800,4.242357581853867,0.020206037792377174,-3.7983862087130547,-187.51715564727783,0.0003
0.02552422508597374,34,284400,364.88174,0.0,100.0,8357,2844,70896,3.4916607439517975,0.020186821231618524,-1.1148415580391884,-187.24921035766602,0.0003
0.02552161179482937,33,284800,365.01846,0.0,100.0,8376,2848,70992,4.230652540922165,0.020157604943960905,-0.025241145864129066,-187.7238531112671,0.0003
0.025519920513033867,33,285200,365.00653,0.01,100.0,8390,2852,71104,3.1103274673223495,0.02006744418758899,0.3104027081280947,-187.59362983703613,0.0003
0.025516774505376816,33,285600,364.4131,0.01,100.0,8401,2856,71200,3.373159557580948,0.020040424540638924,0.5335365273058414,-187.5615358352661,0.0003
0.025510618463158607,33,286000,363.50864,0.01,100.0,8413,2860,71296,3.5606719404459,0.019952039700001478,-0.6567663718014956,-187.54380798339844,0.0003
0.02550802379846573,33,286400,365.2405,0.01,100.0,8427,2864,71392,3.037572979927063,0.01997070200741291,1.5920169362798333,-187.96399974822998,0.0003
0.02550431154668331,33,286800,366.25958,0.01,100.0,8442,2868,71504,3.591300815343857,0.020013057393953204,0.8301354646682739,-187.8916826248169,0.0003
0.025502922013401985,33,287200,365.94257,0.01,100.0,8454,2872,71600,3.5476504117250443,0.020117210340686142,1.282194221392274,-187.8943681716919,0.0003
0.02549920044839382,33,287600,364.82648,0.01,100.0,8465,2876,71696,4.0257111340761185,0.02020316431298852,-3.2966875061392784,-188.34855556488037,0.0003
0.025500966235995293,33,288000,363.98645,0.01,100.0,8478,2880,71792,4.0598545372486115,0.020138893625698984,0.32508198730647564,-187.99569511413574,0.0003
0.02550012245774269,33,288400,365.02423,0.01,100.0,8497,2884,71904,3.62698133289814,0.02023812208790332,0.8662286251783371,-187.86678981781006,0.0003
0.025497233495116234,33,288800,366.6802,0.01,100.0,8514,2888,72000,3.6724243611097336,0.020199124119244516,0.1422862410545349,-188.1009578704834,0.0003
0.02549412101507187,33,289200,366.57092,0.01,100.0,8526,2892,72096,3.4252970814704895,0.020295121474191546,0.6870337994769216,-187.9591522216797,0.0003
0.02550072781741619,33,289600,370.97632,0.01,100.0,8540,2896,72192,3.7989985793828964,0.02043330657761544,1.031092444434762,-187.84817504882812,0.0003
0.025500230491161346,33,290000,373.43036,0.01,100.0,8554,2900,72304,3.984572723507881,0.020451717195101082,0.5583413112908602,-188.10323905944824,0.0003
0.02549300156533718,33,290400,374.83807,0.01,100.0,8569,2904,72400,4.036357522010803,0.020400883513502777,-1.5340312300249934,-188.37531852722168,0.0003
0.025490587577223778,33,290800,376.10394,0.02,100.0,8582,2908,72496,3.4244958013296127,0.020322575815953314,-2.394015770405531,-188.25598049163818,0.0003
0.025488335639238358,33,291200,376.64133,0.02,100.0,8594,2912,72592,4.016147196292877,0.02031559613533318,1.7260930631309748,-188.15962982177734,0.0003
0.02548321895301342,33,291600,375.60535,0.02,100.0,8606,2916,72704,3.9444553405046463,0.0202726642601192,-1.3832606868818402,-188.56557750701904,0.0003
0.025484289973974228,33,292000,373.50476,0.02,100.0,8620,2920,72800,3.668003872036934,0.02026018057949841,0.3019213154911995,-188.67582511901855,0.0003
0.02548319473862648,33,292400,372.7511,0.02,100.0,8633,2924,72896,3.3777058720588684,0.020205200533382595,-1.6771044097840786,-188.08600234985352,0.0003
0.02548181265592575,33,292800,374.43015,0.02,100.0,8644,2928,72992,3.2766168862581253,0.020058320253156126,-3.1551971081644297,-188.57129859924316,0.0003
0.025475172325968742,33,293200,374.70755,0.02,100.0,8657,2932,73104,3.5600147992372513,0.019884319161064923,-0.939119316637516,-188.5376968383789,0.0003
0.025472011417150497,33,293600,374.7593,0.02,100.0,8667,2936,73200,3.96741159260273,0.019737999886274338,0.923562565818429,-188.47876167297363,0.0003
0.025470556691288948,33,294000,374.87628,0.02,100.0,8681,2940,73296,3.8273074328899384,0.019733470515348017,-0.020850803703069687,-188.6185245513916,0.0003
0.025465834885835648,33,294400,374.60876,0.02,100.0,8696,2944,73392,3.7989417165517807,0.01966487243771553,-0.7464396357536316,-188.46992015838623,0.0003
0.025467760860919952,33,294800,374.51907,0.02,100.0,8710,2948,73504,4.233641415834427,0.01973932154942304,0.02775735966861248,-188.78314208984375,0.0003
0.025465689599514008,33,295200,374.4316,0.01,100.0,8721,2952,73600,4.814741685986519,0.019709705258719623,-0.5956245549023151,-188.6142702102661,0.0003
0.025467636063694954,33,295600,375.19864,0.01,100.0,8733,2956,73696,4.055514380335808,0.019827411277219653,-1.2758191572502255,-188.8915958404541,0.0003
0.025466997176408768,33,296000,374.4813,0.01,100.0,8744,2960,73792,3.5409441143274307,0.019937931676395237,0.6052543055266142,-189.00462818145752,0.0003
0.02546565607190132,33,296400,371.99472,0.01,100.0,8757,2964,73904,4.2016196101903915,0.019934322917833924,0.8679805789142847,-188.94093894958496,0.0003
0.025460150092840195,33,296800,371.34067,0.01,100.0,8771,2968,74000,4.544043079018593,0.01992732984945178,2.400968617759645,-189.13051319122314,0.0003
0.025456871837377548,33,297200,371.41293,0.01,100.0,8783,2972,74096,3.2498747408390045,0.019867001567035913,-0.010258564725518227,-189.04260921478271,0.0003
0.025457365438342094,33,297600,373.38235,0.01,100.0,8795,2976,74192,4.266302332282066,0.020008545485325158,0.150017898529768,-189.03810501098633,0.0003
0.025454143062233925,33,298000,373.16437,0.01,100.0,8809,2980,74304,3.868307873606682,0.020206447574310005,0.0012358129024505615,-189.3461103439331,0.0003
0.02545461617410183,33,298400,372.1394,0.01,100.0,8824,2984,74400,3.7852945774793625,0.020248264889232814,-0.7721897130832076,-189.37271308898926,0.0003
0.025450611487030983,33,298800,371.11505,0.01,100.0,8835,2988,74496,3.7623262256383896,0.02006334951147437,-3.229497257620096,-189.3251714706421,0.0003
0.025442134588956833,33,299200,372.72394,0.01,100.0,8847,2992,74592,4.993957683444023,0.019754620385356247,-1.8662943430244923,-189.46277332305908,0.0003
0.02544436603784561,33,299600,373.48898,0.02,100.0,8858,2996,74704,3.6905510127544403,0.019927300279960036,-0.5345921441912651,-189.15056133270264,0.0003
0.02544126845896244,33,300000,374.39493,0.02,100.0,8873,3000,74800,3.838963583111763,0.019796386593952775,-2.786927603185177,-189.35415649414062,0.0003
0.025437641888856888,33,300400,372.2775,0.02,100.0,8884,3004,74896,4.528583914041519,0.019866777351126075,0.9452195595949888,-189.42868995666504,0.0003
0.02542886696755886,33,300800,370.96542,0.01,100.0,8896,3008,74992,4.238976180553436,0.019865274778567255,-3.0170192774385214,-189.57759857177734,0.0003
0.025426022708415985,33,301200,368.64444,0.01,100.0,8910,3012,75104,4.92645351588726,0.019869908806867898,-2.100256957113743,-189.3344554901123,0.0003
0.025425605475902557,33,301600,370.30746,0.01,100.0,8924,3016,75200,4.024120599031448,0.019885704619809985,2.1612466936931014,-189.45152950286865,0.0003
0.025425218045711517,33,302000,372.0801,0.02,100.0,8934,3020,75296,4.278202548623085,0.01993188529741019,-1.9278810508549213,-189.8375940322876,0.0003
0.025424407795071602,33,302400,371.97122,0.02,100.0,8946,3024,75392,4.607036396861076,0.01987223490141332,-1.7415112927556038,-189.85472297668457,0.0003
0.02542255073785782,33,302800,370.04385,0.02,100.0,8957,3028,75504,4.001022785902023,0.019955637748353183,3.3664856841787696,-190.02243328094482,0.0003
0.02542351558804512,33,303200,370.54657,0.02,100.0,8971,3032,75600,4.388306349515915,0.020123817259445786,-0.8011659178882837,-189.89519786834717,0.0003
0.02541927434504032,33,303600,369.7571,0.02,100.0,8983,3036,75696,4.783730864524841,0.02007920015603304,-1.8746646977961063,-190.05778217315674,0.0003
0.02541854791343212,33,304000,370.78925,0.02,100.0,8997,3040,75792,4.423325106501579,0.02011721220333129,2.5425568521022797,-189.6025562286377,0.0003
0.02541833370923996,33,304400,368.61227,0.02,100.0,9010,3044,75904,4.294152930378914,0.020308049395680428,1.3971718102693558,-190.20111846923828,0.0003
0.02542020194232464,33,304800,368.57147,0.02,100.0,9021,3048,76000,4.245276793837547,0.020334655418992043,-0.8006876781582832,-190.29666805267334,0.0003
0.02541896142065525,33,305200,368.22696,0.02,100.0,9034,3052,76096,4.316195026040077,0.020198341575451195,-3.666374184191227,-190.0065107345581,0.0003
0.02542278915643692,33,305600,370.37378,0.02,100.0,9047,3056,76192,4.217427998781204,0.020089214434847236,-1.9495317544788122,-190.29212951660156,0.0003
0.02541658841073513,33,306000,368.94507,0.02,100.0,9060,3060,76304,4.8512056320905685,0.02006968203932047,-0.6855739485472441,-190.0395393371582,0.0003
0.025417335331439972,33,306400,369.21313,0.02,100.0,9072,3064,76400,4.2505693435668945,0.020241331309080124,-0.8317591100931168,-190.2777862548828,0.0003
0.025413285940885544,33,306800,368.86646,0.02,100.0,9083,3068,76496,4.236044734716415,0.01995367358904332,-1.9188598692417145,-190.15600967407227,0.0003
0.025414738804101944,33,307200,370.97073,0.03,100.0,9098,3072,76592,4.360342457890511,0.019950933870859444,1.2827158123254776,-190.15493488311768,0.0003
0.02541474811732769,33,307600,371.96912,0.03,100.0,9112,3076,76704,4.686752155423164,0.019853752455674112,-4.52471290435642,-190.45313167572021,0.0003
0.02541208639740944,33,308000,370.8719,0.03,100.0,9125,3080,76800,3.7841762602329254,0.01964884006883949,-3.4928126875311136,-190.04017543792725,0.0003
0.025411082431674004,33,308400,370.8626,0.03,100.0,9139,3084,76896,3.8599223643541336,0.01941925857681781,-3.6314690597355366,-190.087628364563,0.0003
0.025399329140782356,33,308800,372.48953,0.03,100.0,9152,3088,76992,4.119607642292976,0.019219995941966772,-3.446907304227352,-190.3242530822754,0.0003
0.02539483644068241,33,309200,373.09906,0.03,100.0,9164,3092,77104,5.167815864086151,0.019060295424424112,0.15773638896644115,-190.23180198669434,0.0003
0.02539375238120556,33,309600,371.79044,0.02,100.0,9177,3096,77200,3.726047173142433,0.01918032020330429,-1.8447980526834726,-190.6020221710205,0.0003
0.025383614003658295,33,310000,371.7113,0.02,100.0,9188,3100,77296,4.046469792723656,0.0191818029852584,1.54971456900239,-190.62036991119385,0.0003
0.025385838001966476,33,310400,371.16736,0.02,100.0,9203,3104,77392,3.9900507628917694,0.019162405282258987,-0.09174217469990253,-190.50852012634277,0.0003
0.025383736938238144,33,310800,371.12625,0.02,100.0,9217,3108,77504,4.554571777582169,0.019142049131914973,0.628404788672924,-190.86152935028076,0.0003
0.025381986051797867,33,311200,373.42984,0.02,100.0,9230,3112,77600,4.857335343956947,0.019190407590940595,-4.1702341586351395,-190.4420623779297,0.0003
0.025373203679919243,33,311600,374.14456,0.03,100.0,9248,3116,77696,4.813837230205536,0.01926347624976188,2.7017279099673033,-190.35771083831787,0.0003
0.025376738980412483,33,312000,373.1162,0.02,100.0,9259,3120,77792,4.021085202693939,0.019339898834004998,-3.761981677263975,-190.65549278259277,0.0003
0.025370249524712563,33,312400,374.11136,0.02,100.0,9271,3124,77904,4.6334608644247055,0.01920907211024314,-4.18537038192153,-190.91566276550293,0.0003
0.02536851353943348,33,312800,374.75452,0.02,100.0,9284,3128,78000,4.2691130340099335,0.019080706872045994,3.440208408050239,-191.06257152557373,0.0003
0.02536720782518387,33,313200,375.5562,0.02,100.0,9297,3132,78096,4.589065253734589,0.019090901245363057,-0.6807748917490244,-190.62002563476562,0.0003
0.025360239669680595,33,313600,376.0512,0.02,100.0,9307,3136,78192,4.685111656785011,0.019133026828058064,-1.442693100310862,-190.88831520080566,0.0003
0.02535669133067131,33,314000,375.93405,0.02,100.0,9320,3140,78304,5.034640833735466,0.019192388164810836,2.834859572350979,-190.87364292144775,0.0003
0.02535795047879219,33,314400,378.81027,0.02,100.0,9333,3144,78400,4.429163873195648,0.019269384909421206,0.7929527815431356,-190.79754829406738,0.0003
0.02535535767674446,33,314800,378.9277,0.03,100.0,9346,3148,78496,4.273807480931282,0.019284850801341236,-0.5785934552550316,-191.27685356140137,0.0003
0.02534976229071617,33,315200,379.3828,0.03,100.0,9360,3152,78592,4.685967400670052,0.01917677791789174,-1.0300804767757654,-190.9390640258789,0.0003
0.02534448727965355,33,315600,377.0914,0.03,100.0,9371,3156,78704,4.269297033548355,0.01915701711550355,0.7859713584184647,-190.9823751449585,0.0003
0.025337185710668564,33,316000,378.31516,0.03,100.0,9382,3160,78800,4.183522239327431,0.01928516454063356,-0.2212330475449562,-191.51782417297363,0.0003
0.025332950055599213,33,316400,379.81848,0.04,100.0,9396,3164,78896,4.268862187862396,0.01937177125364542,-0.06585833430290222,-191.3105230331421,0.0003
0.025327466428279877,33,316800,380.94397,0.04,100.0,9408,3168,78992,5.926651239395142,0.01944467390421778,2.173069927841425,-191.06060886383057,0.0003
0.025332514196634293,33,317200,378.13785,0.03,100.0,9422,3172,79104,5.101193532347679,0.019662435515783727,1.7023624423891306,-191.28215408325195,0.0003
0.02532828040421009,33,317600,376.887,0.03,100.0,9433,3176,79200,4.9200205355882645,0.01983107882551849,2.5137877501547337,-191.17037391662598,0.0003
0.025324009358882904,33,318000,377.72302,0.03,100.0,9448,3180,79296,4.628001913428307,0.019858333747833967,0.586662644520402,-191.59586238861084,0.0003
0.02531842142343521,33,318400,377.88586,0.03,100.0,9458,3184,79392,4.816408574581146,0.019932968309149146,3.897583484649658,-191.3057518005371,0.0003
0.02532200887799263,33,318800,377.81876,0.04,100.0,9472,3188,79504,4.2521022111177444,0.020010572858154774,-1.8723878599703312,-191.13888931274414,0.0003
0.02532024122774601,33,319200,376.8529,0.04,100.0,9482,3192,79600,5.04201865196228,0.01994133833795786,0.11259741336107254,-191.2441291809082,0.0003
0.025323020294308662,33,319600,376.36646,0.04,100.0,9495,3196,79696,5.474470913410187,0.01996623503509909,-4.025424562394619,-191.57998657226562,0.0003
0.025314945727586746,33,320000,375.67316,0.04,100.0,9509,3200,79792,4.760690003633499,0.01978096936363727,-1.2529804380610585,-191.30410194396973,0.0003
0.025311309844255447,33,320400,376.43753,0.04,100.0,9520,3204,79904,4.111137181520462,0.019798512454144657,-2.0514204343780875,-191.3839168548584,0.0003
0.025305621325969696,33,320800,376.2259,0.04,100.0,9531,3208,80000,3.7827246487140656,0.0196877873968333,0.136271882802248,-191.3774938583374,0.0003
0.02529928646981716,33,321200,375.1018,0.04,100.0,9546,3212,80096,3.8341731280088425,0.019730912405066192,0.4006158262491226,-191.47679138183594,0.0003
0.0252955611795187,33,321600,374.06293,0.03,100.0,9557,3216,80192,4.9012551009655,0.019747313810512424,-0.6927276700735092,-191.0538444519043,0.0003
0.025296123698353767,33,322000,373.44968,0.03,100.0,9569,3220,80304,5.2411671578884125,0.019808280863799155,3.3178816689178348,-191.1379852294922,0.0003
0.02529076859354973,33,322400,374.91,0.05,100.0,9579,3224,80400,5.07267838716507,0.02012009744066745,0.37234492786228657,-191.89771175384521,0.0003
0.02528679184615612,33,322800,373.29492,0.05,100.0,9593,3228,80496,6.5436331033706665,0.020361754926852882,2.0013618813827634,-191.51035118103027,0.0003
0.02528234012424946,33,323200,371.53714,0.05,100.0,9603,3232,80592,4.787399917840958,0.020754913217388093,8.191064454615116,-191.6990203857422,0.0003
0.025279756635427475,33,323600,373.9261,0.05,100.0,9617,3236,80704,4.37020768225193,0.021043899818323553,-0.14138828590512276,-191.74864864349365,0.0003
0.02527519129216671,33,324000,372.92902,0.05,100.0,9629,3240,80800,6.039085745811462,0.02098881301935762,-0.46321027912199497,-191.638445854187,0.0003
0.025271322578191757,33,324400,370.54208,0.05,100.0,9639,3244,80896,4.257492229342461,0.021085724467411637,0.65152742061764,-191.75000953674316,0.0003
0.025267789140343666,33,324800,371.34125,0.04,100.0,9653,3248,80992,4.524199277162552,0.02101416839286685,-0.006558477878570557,-191.57661724090576,0.0003
0.025264928117394447,33,325200,371.9021,0.04,100.0,9666,3252,81104,4.6506012082099915,0.02089994854759425,-1.2352628335356712,-191.47873401641846,0.0003
0.025263791903853416,33,325600,372.39914,0.04,100.0,9677,3256,81200,4.138287335634232,0.020781446364708245,-0.883440662175417,-191.82026290893555,0.0003
0.025257820263504982,33,326000,373.613,0.05,100.0,9689,3260,81296,4.887311279773712,0.02076688956003636,3.032122729346156,-191.69293880462646,0.0003
0.02525431476533413,33,326400,373.08606,0.05,100.0,9701,3264,81392,4.609980404376984,0.020786926266737282,-0.706232201308012,-191.96298217773438,0.0003
0.025252660736441612,33,326800,374.35266,0.06,100.0,9715,3268,81504,5.610292837023735,0.020793162402696908,0.7679394036531448,-191.93528175354004,0.0003
0.0252480898052454,33,327200,373.1598,0.06,100.0,9726,3272,81600,5.108725875616074,0.020843225182034075,4.471986807882786,-191.8556890487671,0.0003
0.025244278833270073,33,327600,370.65222,0.06,100.0,9737,3276,81696,5.260503500699997,0.021054373355582356,1.4723853841423988,-192.03208541870117,0.0003
0.025242960080504417,33,328000,368.02466,0.06,100.0,9747,3280,81792,5.653740584850311,0.021201541763730347,1.6227478310465813,-191.42694282531738,0.0003
0.02523762919008732,33,328400,366.36227,0.06,100.0,9759,3284,81904,8.239542603492737,0.021561738452874124,4.198881696909666,-192.27676582336426,0.0003
0.025241784751415253,33,328800,364.7114,0.05,100.0,9774,3288,82000,5.17004768550396,0.02193256770260632,2.046662762761116,-191.7783079147339,0.0003
0.02524222992360592,33,329200,365.1572,0.05,100.0,9788,3292,82096,5.268344476819038,0.022061222582124174,-1.1608289778232574,-191.55860328674316,0.0003
0.025240344926714897,33,329600,363.67316,0.05,100.0,9801,3296,82192,4.706907093524933,0.022102787857875228,1.198139201849699,-192.07601833343506,0.0003
0.02523820288479328,33,330000,362.7732,0.05,100.0,9814,3300,82304,5.729780465364456,0.022142448695376515,3.546353805810213,-192.21270084381104,0.0003
0.025236357003450394,33,330400,362.29874,0.05,100.0,9826,3304,82400,6.131302922964096,0.022247513406910002,-1.6321941930800676,-192.46945762634277,0.0003
0.025229567661881447,33,330800,362.22702,0.05,100.0,9839,3308,82496,5.041088163852692,0.02228898275643587,-1.2112724483013153,-192.2701473236084,0.0003
0.025230558589100838,33,331200,363.64435,0.05,100.0,9849,3312,82592,5.016582727432251,0.022311897133477032,0.008303388953208923,-192.42481994628906,0.0003
0.025225432589650154,33,331600,363.69257,0.05,100.0,9863,3316,82704,5.709746688604355,0.022297089803032577,-0.14382217451930046,-192.4844274520874,0.0003
0.025224383920431137,33,332000,362.1059,0.05,100.0,9873,3320,82800,5.490159958600998,0.02232673135586083,0.23705623671412468,-192.399658203125,0.0003
0.025225289165973663,33,332400,359.76746,0.03,100.0,9884,3324,82896,6.762569040060043,0.022304908954538405,-0.08909820765256882,-192.3427152633667,0.0003
0.025215955451130867,33,332800,361.56235,0.03,100.0,9895,3328,82992,5.202170640230179,0.022326488280668855,-0.5183948874473572,-192.1861801147461,0.0003
0.025214238092303276,33,333200,361.33603,0.03,100.0,9910,3332,83104,6.375425934791565,0.022350426763296127,1.2462239563465118,-192.00780773162842,0.0003
0.025206882506608963,33,333600,359.76617,0.03,100.0,9922,3336,83200,5.604157015681267,0.02233052416704595,-0.30785392969846725,-192.27684497833252,0.0003
0.025206634774804115,33,334000,359.0048,0.03,100.0,9933,3340,83296,4.964324697852135,0.022334605106152594,-3.1833712607622147,-191.98022651672363,0.0003
0.025203678756952286,33,334400,358.70157,0.03,100.0,9943,3344,83392,6.55456817150116,0.022106179501861334,0.8955614492297173,-192.5390281677246,0.0003
0.025196054950356483,33,334800,357.03552,0.03,100.0,9956,3348,83504,5.020928397774696,0.022022622055374086,-0.4199429489672184,-191.98111248016357,0.0003
0.02518930286169052,33,335200,355.34232,0.03,100.0,9969,3352,83600,5.425035506486893,0.022030498017556965,-0.4206935055553913,-192.22430229187012,0.0003
0.025187699124217033,33,335600,354.39758,0.03,100.0,9981,3356,83696,5.883701950311661,0.022158299456350505,0.3170659802854061,-192.45442581176758,0.0003
0.025185467675328255,33,336000,356.81778,0.03,100.0,9992,3360,83792,5.720481261610985,0.022136866580694914,0.4921334180980921,-192.39392471313477,0.0003
0.025180283933877945,33,336400,357.66486,0.02,100.0,10004,3364,83904,6.771032214164734,0.022268762346357107,1.2557237967848778,-192.69491863250732,0.0003
0.0251786969602108,33,336800,354.64313,0.01,100.0,10017,3368,84000,5.847859412431717,0.022387722856365144,2.096002665348351,-192.3055009841919,0.0003
0.025176769122481346,33,337200,356.3322,0.01,100.0,10028,3372,84096,6.3871903121471405,0.022542375838384032,1.780953273177147,-192.6866111755371,0.0003
0.02517414651811123,33,337600,358.11255,0.01,100.0,10040,3376,84192,5.778869137167931,0.02255437825806439,1.6365086659789085,-192.2322473526001,0.0003
0.02516723796725273,33,338000,361.47153,0.01,100.0,10053,3380,84304,6.706631600856781,0.02259399916511029,2.075789749622345,-192.64802837371826,0.0003
0.025160545483231544,33,338400,363.6788,0.01,100.0,10066,3384,84400,6.071181207895279,0.022686520242132246,0.5291598215699196,-192.68855667114258,0.0003
0.02515469677746296,33,338800,363.26257,0.01,100.0,10077,3388,84496,7.804697483778,0.02283031796105206,0.139408640563488,-192.50325107574463,0.0003
0.025153283029794693,33,339200,363.5537,0.01,100.0,10089,3392,84592,5.686787396669388,0.02307307452429086,0.12875039502978325,-192.01557540893555,0.0003
0.025152381509542465,33,339600,367.41995,0.01,100.0,10102,3396,84704,5.701579585671425,0.02319585415534675,1.339377522468567,-192.4725103378296,0.0003
0.025146830826997757,33,340000,367.25568,0.01,100.0,10112,3400,84800,6.007192045450211,0.023289703647606075,0.286764495074749,-192.48546314239502,0.0003
0.025140071287751198,33,340400,366.41574,0.01,100.0,10123,3404,84896,6.412023901939392,0.02337280660867691,2.8541786707937717,-192.44089031219482,0.0003
0.02513430453836918,33,340800,365.28018,0.01,100.0,10134,3408,84992,9.617123365402222,0.02357567276339978,2.615549061447382,-192.32813167572021,0.0003
0.025136642158031464,33,341200,364.36133,0.01,100.0,10147,3412,85104,8.646210074424744,0.024065831443294883,3.2068674564361572,-192.1357650756836,0.0003
0.025138987228274345,33,341600,361.23074,0.01,100.0,10157,3416,85200,8.903320521116257,0.024670842569321394,3.4103313516825438,-191.9685182571411,0.0003
0.025136936455965042,33,342000,362.09534,0.01,100.0,10167,3420,85296,7.651873201131821,0.025021977489814162,1.1081889532506466,-191.7627649307251,0.0003
0.02513440139591694,33,342400,363.11884,0.02,100.0,10178,3424,85392,6.285531133413315,0.025086231413297355,0.5162854306399822,-192.01841163635254,0.0003
0.02513272501528263,33,342800,364.80408,0.02,100.0,10190,3428,85504,7.112290233373642,0.02507510525174439,-0.3979450762271881,-191.65632247924805,0.0003
0.025133153423666954,33,343200,365.51553,0.02,100.0,10200,3432,85600,7.455119341611862,0.025182057172060013,-0.8879676032811403,-192.223051071167,0.0003
0.025125296786427498,33,343600,365.7525,0.02,100.0,10213,3436,85696,8.852064400911331,0.02519559790380299,0.9440054222941399,-192.76924991607666,0.0003
0.025121310725808144,33,344000,366.12943,0.02,100.0,10226,3440,85792,8.498535454273224,0.02529712102841586,0.4773940294981003,-192.0971975326538,0.0003
0.025119174271821976,33,344400,365.9272,0.02,100.0,10238,3444,85904,8.544298768043518,0.02539493504446,1.4678576588630676,-191.84263038635254,0.0003
0.025115294381976128,33,344800,366.4336,0.02,100.0,10248,3448,86000,8.016107469797134,0.02547257242258638,1.96513950265944,-192.26329898834229,0.0003
0.025112835690379143,33,345200,367.1171,0.02,100.0,10259,3452,86096,7.311475157737732,0.02549074392300099,-0.23197276145219803,-192.3163022994995,0.0003
0.025111161172389984,33,345600,367.78186,0.02,100.0,10271,3456,86192,7.002882659435272,0.025592221645638347,1.7174066230654716,-192.2341480255127,0.0003
0.025109760463237762,33,346000,365.9693,0.01,100.0,10286,3460,86304,7.513530999422073,0.025760750751942396,-0.9910879619419575,-192.51453590393066,0.0003
0.02510939911007881,33,346400,365.38983,0.01,100.0,10303,3464,86400,8.145098000764847,0.025747763458639383,-0.5727724395692348,-192.6484613418579,0.0003
0.025105362758040428,33,346800,368.63507,0.01,100.0,10316,3468,86496,8.03950771689415,0.025819189730100334,0.13489643018692732,-192.48121643066406,0.0003
0.02510378137230873,33,347200,368.443,0.01,100.0,10326,3472,86592,8.316525936126709,0.025871927617117763,0.8734574913978577,-192.4606637954712,0.0003
0.0251051876693964,33,347600,371.1998,0.01,100.0,10341,3476,86704,7.51571398973465,0.025943259126506746,-2.074169598519802,-192.5991153717041,0.0003
0.02510176971554756,33,348000,373.2734,0.01,100.0,10353,3480,86800,9.158576965332031,0.02592711034230888,0.483906639739871,-192.62527656555176,0.0003
0.02510077692568302,33,348400,372.27457,0.01,100.0,10364,3484,86896,8.543689519166946,0.02605980494990945,2.11452748067677,-192.5007448196411,0.0003
0.02510267123579979,33,348800,372.60004,0.01,100.0,10375,3488,86992,9.340832263231277,0.02623529965057969,0.657340700738132,-192.96953296661377,0.0003
0.025103967636823654,33,349200,375.6529,0.01,100.0,10388,3492,87104,8.029779732227325,0.026164544513449073,0.07076356746256351,-192.8436050415039,0.0003
0.025105919688940048,33,349600,375.37122,0.02,100.0,10402,3496,87200,7.266350269317627,0.026223039836622775,-1.5450049042701721,-192.80103492736816,0.0003
0.02510160394012928,33,350000,376.36032,0.02,100.0,10414,3500,87296,8.048242270946503,0.02632943436037749,0.6848523747175932,-192.88997173309326,0.0003
0.025097312405705452,33,350400,377.89566,0.02,100.0,10426,3504,87392,9.10027626156807,0.026423950563184917,-1.5652693761512637,-192.6363706588745,0.0003
0.02509441040456295,33,350800,381.11618,0.03,100.0,10438,3508,87504,7.830830425024033,0.02641517447773367,-1.2918978109955788,-192.66245937347412,0.0003
0.02509022131562233,33,351200,380.7049,0.03,100.0,10448,3512,87600,8.258115500211716,0.026320037548430264,1.0255286172032356,-192.82033348083496,0.0003
0.02508382312953472,33,351600,385.57523,0.04,100.0,10459,3516,87696,7.888096064329147,0.02633222402073443,0.1620341930538416,-193.09535884857178,0.0003
0.02508421614766121,33,352000,385.80313,0.04,100.0,10472,3520,87792,8.053453862667084,0.026392740895971656,0.4261428043246269,-193.39680576324463,0.0003
0.025078900158405304,33,352400,386.00638,0.04,100.0,10484,3524,87904,7.858938813209534,0.026451183948665857,-1.6693502627313137,-193.06870937347412,0.0003
0.025072600692510605,33,352800,384.9042,0.05,100.0,10497,3528,88000,7.295618116855621,0.026511850184760988,-1.3065292872488499,-193.33736038208008,0.0003
0.025068538263440132,33,353200,385.16296,0.05,100.0,10509,3532,88096,7.719769209623337,0.026424771989695728,-1.6256455704569817,-193.01072216033936,0.0003
0.02506847493350506,33,353600,386.56152,0.05,100.0,10521,3536,88192,10.383231371641159,0.02648159780073911,-0.7255287040024996,-193.10586833953857,0.0003
0.025065982714295387,33,354000,386.31683,0.05,100.0,10533,3540,88304,7.953464508056641,0.026492321863770485,1.2987111397087574,-193.6196575164795,0.0003
0.02506544440984726,33,354400,389.15063,0.05,100.0,10543,3544,88400,7.899555206298828,0.026696526329033077,1.5159802995622158,-193.84154224395752,0.0003
0.02506161294877529,33,354800,389.21454,0.05,100.0,10555,3548,88496,6.80102676153183,0.026926884544081986,2.2013190537691116,-193.34458541870117,0.0003
0.025062287226319313,33,355200,389.45782,0.05,100.0,10568,3552,88592,8.361251771450043,0.026970135048031807,0.35893329977989197,-193.6343994140625,0.0003
0.025058431550860405,33,355600,389.5577,0.05,100.0,10580,3556,88704,7.480358242988586,0.027067861636169255,1.4456815104931593,-193.9752321243286,0.0003
0.025055132806301117,33,356000,388.79453,0.05,100.0,10592,3560,88800,8.606450766324997,0.027146221254952252,-1.436500933021307,-194.0854253768921,0.0003
0.025060473009943962,33,356400,388.237,0.05,100.0,10604,3564,88896,9.602279424667358,0.027365968911908567,1.0631051249802113,-193.54682445526123,0.0003
0.0250615905970335,33,356800,386.56207,0.05,100.0,10616,3568,88992,8.521401435136795,0.02747354726307094,0.1370319351553917,-194.4028778076172,0.0003
0.02505464293062687,33,357200,388.4591,0.05,100.0,10629,3572,89104,8.178226202726364,0.027412964729592204,1.8609688431024551,-193.99877262115479,0.0003
0.02505076490342617,33,357600,387.14142,0.05,100.0,10642,3576,89200,9.063728630542755,0.027507985825650394,0.4294588267803192,-194.60758209228516,0.0003
0.025047549977898598,33,358000,384.943,0.06,100.0,10656,3580,89296,8.26991218328476,0.027751996065489948,-0.026822353713214397,-193.4928970336914,0.0003
0.025053318589925766,33,358400,384.60324,0.06,100.0,10668,3584,89392,11.216716289520264,0.027916223742067814,3.225178058259189,-194.39349937438965,0.0003
0.025055531412363052,33,358800,384.17548,0.06,100.0,10682,3588,89504,9.817429304122925,0.02829594211652875,0.6358119696378708,-193.63821125030518,0.0003
0.025056488811969757,33,359200,381.97675,0.06,100.0,10694,3592,89600,9.157801806926727,0.028452539118006825,2.088985091075301,-193.88098430633545,0.0003
0.025052858516573906,33,359600,379.58328,0.05,100.0,10704,3596,89696,9.821329534053802,0.02856237208470702,1.6450513545423746,-194.3549461364746,0.0003
0.025050481781363487,33,360000,379.00067,0.05,100.0,10715,3600,89792,10.119036972522736,0.028616507072001696,-2.5555596817284822,-193.46187686920166,0.0003
0.025051238015294075,33,360400,380.61423,0.06,100.0,10728,3604,89904,9.438002169132233,0.02856023656204343,0.022829459980130196,-194.3506383895874,0.0003
0.02505319006741047,33,360800,377.6143,0.05,100.0,10739,3608,90000,8.691052287817001,0.0285656702471897,-1.787569273263216,-194.3119707107544,0.0003
0.025056036189198494,33,361200,377.2263,0.05,100.0,10750,3612,90096,8.026346355676651,0.028602612554095685,2.1189418956637383,-193.81553268432617,0.0003
0.025056788697838783,33,361600,376.30777,0.04,100.0,10763,3616,90192,8.616658806800842,0.02872484433464706,0.19089682772755623,-194.44197273254395,0.0003
0.02505524642765522,33,362000,376.92737,0.04,100.0,10777,3620,90304,10.221734046936035,0.02880430012010038,-0.5648948699235916,-193.7556610107422,0.0003
0.02505839802324772,33,362400,376.40137,0.03,100.0,10789,3624,90400,8.465835571289062,0.02889719686936587,-1.094810844399035,-194.3306703567505,0.0003
0.02506575919687748,33,362800,375.77362,0.02,100.0,10802,3628,90496,7.9737235605716705,0.02893959591165185,0.7395965680480003,-194.1047830581665,0.0003
0.02506091818213463,33,363200,375.34232,0.03,100.0,10816,3632,90592,8.165604621171951,0.02892442501615733,-0.14406855404376984,-193.95746040344238,0.0003
0.025059718638658524,33,363600,373.454,0.03,100.0,10828,3636,90704,8.50401309132576,0.028863021987490356,-0.8267577011138201,-194.559006690979,0.0003
0.025061851367354393,33,364000,376.28778,0.05,100.0,10840,3640,90800,8.232720851898193,0.02856879692990333,-3.105104371905327,-193.82668113708496,0.0003
0.025059470906853676,33,364400,374.9895,0.05,100.0,10852,3644,90896,8.973611176013947,0.02825426368508488,-3.0334464758634567,-194.61388969421387,0.0003
0.02505720965564251,33,364800,374.8361,0.05,100.0,10868,3648,90992,8.985866069793701,0.02795299596618861,1.3921237103641033,-194.4476194381714,0.0003
0.02505710907280445,33,365200,373.88336,0.05,100.0,10880,3652,91104,9.773477405309677,0.02784449781756848,-1.9210151890292764,-194.30522441864014,0.0003
0.025057950988411903,33,365600,374.3574,0.05,100.0,10892,3656,91200,8.191236436367035,0.027641086373478174,-2.2700271233916283,-194.15820789337158,0.0003
0.02505579963326454,33,366000,373.77872,0.05,100.0,10907,3660,91296,8.618598997592926,0.02738227671943605,-1.4332044953480363,-194.47404861450195,0.0003
0.02505430392920971,33,366400,373.64456,0.05,100.0,10921,3664,91392,12.34223523736,0.027164669940248132,-0.7023939592763782,-194.7292881011963,0.0003
0.025051100179553032,33,366800,373.87067,0.05,100.0,10936,3668,91504,10.558621883392334,0.027036460698582232,-0.02510172128677368,-194.2960958480835,0.0003
0.025052135810256004,33,367200,372.64426,0.05,100.0,10947,3672,91600,10.364950150251389,0.027110007940791547,-1.2584521463140845,-194.35111045837402,0.0003
0.025051793083548546,33,367600,372.86285,0.05,100.0,10959,3676,91696,9.335122406482697,0.02705391403287649,1.5729412510991096,-194.39611339569092,0.0003
0.025050939992070198,33,368000,370.5093,0.04,100.0,10970,3680,91792,10.146092474460602,0.027136416407302022,0.028543055057525635,-194.3241949081421,0.0003
0.02504916861653328,33,368400,370.50192,0.04,100.0,10983,3684,91904,8.451133072376251,0.02700310607906431,-1.106206951662898,-194.95789909362793,0.0003
0.025049973279237747,33,368800,373.01996,0.04,100.0,10994,3688,92000,8.519885003566742,0.026808206108398736,0.14921617694199085,-194.40296459197998,0.0003
0.02504863031208515,33,369200,371.08508,0.04,100.0,11005,3692,92096,8.706367701292038,0.02667935297358781,-2.9949495922774076,-194.49279689788818,0.0003
0.02504895068705082,33,369600,373.05878,0.04,100.0,11016,3696,92192,7.239604502916336,0.026577580720186234,-0.6268268264830112,-194.29056358337402,0.0003
0.02504221349954605,33,370000,374.13657,0.04,100.0,11030,3700,92304,8.833272278308868,0.02644364512525499,-0.29873766750097275,-194.20793056488037,0.0003
0.025043006986379623,33,370400,372.43195,0.03,100.0,11042,3704,92400,7.353558361530304,0.02637263131327927,-0.02109050750732422,-194.68212890625,0.0003
0.025043228641152382,33,370800,373.1947,0.04,100.0,11053,3708,92496,10.338772416114807,0.02619945351034403,-0.43157154880464077,-194.61678504943848,0.0003
0.025035930797457695,33,371200,375.2404,0.05,100.0,11064,3712,92592,8.549438744783401,0.025973765645176172,-1.9731563739478588,-194.90256881713867,0.0003
0.02503078803420067,33,371600,374.36063,0.05,100.0,11075,3716,92704,9.043760120868683,0.025722889928147197,1.036001643165946,-194.41796016693115,0.0003
0.025025490671396255,33,372000,374.05493,0.05,100.0,11088,3720,92800,9.015074729919434,0.0255194625351578,-2.583381697535515,-194.3749761581421,0.0003
0.025022337213158607,33,372400,376.1331,0.05,100.0,11103,3724,92896,8.698592185974121,0.02543129737023264,-3.273542784154415,-194.76568126678467,0.0003
0.025016749277710915,33,372800,376.06888,0.05,100.0,11118,3728,92992,8.888171881437302,0.025249258032999933,-1.728633001446724,-194.36138820648193,0.0003
0.025014299899339676,33,373200,375.00684,0.04,100.0,11131,3732,93104,8.520552694797516,0.0250535705126822,-1.3694347236305475,-194.81538581848145,0.0003
0.025013184174895287,33,373600,373.43823,0.04,100.0,11143,3736,93200,8.759713530540466,0.02496860607061535,-0.951033141463995,-194.32177066802979,0.0003
0.025008460506796837,33,374000,370.38422,0.02,100.0,11155,3740,93296,10.234982788562775,0.02504031010903418,-0.3517756760120392,-194.6279172897339,0.0003
0.02500530704855919,33,374400,370.29327,0.02,100.0,11169,3744,93392,8.331074267625809,0.02503511169925332,-1.1585050635039806,-194.3719663619995,0.0003
0.025000281631946564,33,374800,372.39883,0.03,100.0,11181,3748,93504,8.537633031606674,0.024834227981045842,0.05942136701196432,-194.35713291168213,0.0003
0.025000769644975662,33,375200,373.9322,0.04,100.0,11193,3752,93600,8.302920252084732,0.024944385048002005,0.814930166117847,-194.35372352600098,0.0003
0.024994943290948868,33,375600,374.23706,0.04,100.0,11209,3756,93696,9.4070303440094,0.02498226414900273,-1.5034363307058811,-194.61531257629395,0.0003
0.024989059194922447,33,376000,374.2605,0.04,100.0,11219,3760,93792,8.639795809984207,0.024875886156223714,-1.7972874697297812,-194.34064960479736,0.0003
0.024984795600175858,33,376400,374.1689,0.04,100.0,11234,3764,93904,8.213325083255768,0.024786230991594493,-1.7323602251708508,-194.60015773773193,0.0003
0.024984361603856087,33,376800,373.4113,0.04,100.0,11246,3768,94000,11.766350895166397,0.024764656904153526,-0.6814771238714457,-194.53479290008545,0.0003
0.02498275600373745,33,377200,372.8016,0.04,100.0,11259,3772,94096,7.879145950078964,0.024748944560997188,-2.227146230638027,-194.87429332733154,0.0003
0.024980125948786736,33,377600,373.36032,0.04,100.0,11272,3776,94192,9.264802604913712,0.02463758341036737,1.037817258387804,-194.68572902679443,0.0003
0.02497280016541481,33,378000,376.15564,0.05,100.0,11287,3780,94304,8.58557265996933,0.024586191633716226,0.7527037300169468,-195.2355546951294,0.0003
0.02497386559844017,33,378400,376.44852,0.05,100.0,11298,3784,94400,9.493882060050964,0.024660713970661163,-0.25703714042901993,-194.01699542999268,0.0003
0.024974282830953598,33,378800,375.32898,0.06,100.0,11311,3788,94496,8.477995127439499,0.024684090865775943,0.6534126903861761,-194.74104976654053,0.0003
0.02497074566781521,33,379200,375.9256,0.06,100.0,11324,3792,94592,9.54123044013977,0.02472130989190191,-1.404367070645094,-194.87290954589844,0.0003
0.024972807615995407,33,379600,374.2988,0.06,100.0,11337,3796,94704,8.05723351240158,0.02464846335351467,-0.037264782935380936,-194.49764251708984,0.0003
0.02496584877371788,33,380000,373.8188,0.06,100.0,11348,3800,94800,8.453965336084366,0.024541831808164716,-0.597694281488657,-194.78352069854736,0.0003
0.024961357936263084,33,380400,374.33847,0.06,100.0,11359,3804,94896,10.776910245418549,0.02441689930856228,-1.6082519348710775,-195.26454162597656,0.0003
0.024959158152341843,33,380800,374.60544,0.05,100.0,11372,3808,94992,8.630173355340958,0.024312482681125402,-1.3748628422617912,-194.61305618286133,0.0003
0.024956507608294487,33,381200,372.48923,0.04,100.0,11388,3812,95104,10.671781539916992,0.02418234176002443,-1.4967190623283386,-194.6566333770752,0.0003
0.024953357875347137,33,381600,372.20874,0.04,100.0,11400,3816,95200,7.921698480844498,0.024077837355434895,-0.19563383981585503,-194.89072608947754,0.0003
0.02495257370173931,33,382000,371.63992,0.04,100.0,11412,3820,95296,8.671615719795227,0.0240474819438532,-0.645692640915513,-194.63494491577148,0.0003
0.02495025470852852,33,382400,370.79562,0.05,100.0,11427,3824,95392,8.72595202922821,0.0238465879810974,0.9512315839529037,-194.31859683990479,0.0003
0.02494518831372261,33,382800,370.16974,0.05,100.0,11439,3828,95504,9.539698868989944,0.023838615277782083,0.9268585219979286,-194.43636894226074,0.0003
0.024939946830272675,33,383200,373.329,0.05,100.0,11454,3832,95600,8.220625221729279,0.023838393157348037,-0.8922198805958033,-194.6402235031128,0.0003
0.024936003610491753,33,383600,374.29013,0.05,100.0,11466,3836,95696,9.12999701499939,0.023794051609002054,-0.7789863049983978,-194.81187915802002,0.0003
0.0249379500746727,33,384000,374.29633,0.05,100.0,11477,3840,95792,9.711075127124786,0.02389646554365754,1.7162339389324188,-194.5844326019287,0.0003
0.024940036237239838,33,384400,373.07004,0.05,100.0,11490,3844,95904,8.86231341958046,0.023969859234057367,0.5133880786597729,-194.2817897796631,0.0003
0.024933109059929848,33,384800,370.65015,0.04,100.0,11501,3848,96000,8.348377615213394,0.023929374059662223,0.8149387463927269,-194.65103244781494,0.0003
0.024927740916609764,33,385200,368.81952,0.03,100.0,11511,3852,96096,7.605431318283081,0.02403552201576531,-5.543112149462104,-194.25976085662842,0.0003
0.024927813559770584,33,385600,371.68622,0.03,100.0,11527,3856,96192,10.215107053518295,0.023915033438242972,-0.07605127990245819,-194.37671089172363,0.0003
0.024917546659708023,33,386000,370.68567,0.03,100.0,11538,3860,96304,10.098259299993515,0.023701600497588515,0.09656988643109798,-194.82684707641602,0.0003
0.02491689659655094,33,386400,372.29337,0.04,100.0,11552,3864,96400,9.231345564126968,0.02382132224738598,-1.4226736985147,-194.48975372314453,0.0003
0.02491583302617073,33,386800,372.6258,0.04,100.0,11564,3868,96496,10.898062527179718,0.023862567963078618,0.8914425671100616,-193.85494899749756,0.0003
0.02491103485226631,33,387200,372.7158,0.04,100.0,11575,3872,96592,9.108021944761276,0.024122792528942227,4.232776828110218,-194.17588806152344,0.0003
0.02491181716322899,33,387600,370.8881,0.04,100.0,11588,3876,96704,14.633321166038513,0.024568969733081758,2.437735315412283,-194.50569534301758,0.0003
0.024911217391490936,33,388000,367.95862,0.03,100.0,11600,3880,96800,8.974991351366043,0.024789142073132098,-0.9326859656721354,-193.95349311828613,0.0003
0.024911243468523026,33,388400,367.64868,0.03,100.0,11612,3884,96896,10.153820216655731,0.024880569078959525,1.9210867956280708,-194.4088249206543,0.0003
0.024908818304538727,33,388800,366.21234,0.03,100.0,11622,3888,96992,7.770559012889862,0.024881812161765993,-1.4532042518258095,-193.89382457733154,0.0003
0.024896660819649696,33,389200,366.4928,0.03,100.0,11634,3892,97104,9.469087958335876,0.024640759453177452,0.9609596058726311,-194.49841690063477,0.0003
0.02488856390118599,33,389600,365.0118,0.03,100.0,11644,3896,97200,7.4039606153965,0.02470491803251207,-0.653071042150259,-194.43204593658447,0.0003
0.02488326095044613,33,390000,365.0843,0.03,100.0,11656,3900,97296,8.729265093803406,0.02466850564815104,1.3124786335974932,-193.95525646209717,0.0003
0.02487783506512642,33,390400,362.315,0.03,100.0,11666,3904,97392,8.281298398971558,0.024838318000547588,2.394082371145487,-194.97315406799316,0.0003
0.024875547736883163,33,390800,362.61438,0.03,100.0,11681,3908,97504,8.866920948028564,0.024919891846366227,1.5199022237211466,-194.0189380645752,0.0003
0.024868642911314964,33,391200,363.4714,0.03,100.0,11693,3912,97600,9.403792589902878,0.02486772637348622,-1.4980207718908787,-194.48914527893066,0.0003
0.024864239618182182,33,391600,364.40387,0.03,100.0,11704,3916,97696,10.02211344242096,0.024854729534126818,-1.0900165494531393,-194.37174797058105,0.0003
0.024861905723810196,33,392000,363.17093,0.03,100.0,11715,3920,97792,8.17762142419815,0.02497542987111956,0.3721681237220764,-194.23123741149902,0.0003
0.024857355281710625,33,392400,362.40857,0.02,100.0,11726,3924,97904,8.267759442329407,0.025162782054394484,-1.3842027634382248,-194.59718894958496,0.0003
0.02485383115708828,33,392800,361.47668,0.02,100.0,11737,3928,98000,11.173041492700577,0.025221235933713615,1.8467769250273705,-194.29661178588867,0.0003
0.02485649846494198,33,393200,358.95483,0.02,100.0,11748,3932,98096,8.871834397315979,0.02552732382901013,0.5893627442419529,-194.2090358734131,0.0003
0.02485363557934761,33,393600,361.68335,0.03,100.0,11764,3936,98192,10.732571989297867,0.025617649778723717,0.8410327471792698,-194.2825288772583,0.0003
0.024850983172655106,33,394000,361.53848,0.03,100.0,11778,3940,98304,7.478541761636734,0.025923214154317975,1.144979883916676,-194.20576858520508,0.0003
0.024848919361829758,33,394400,359.7969,0.03,100.0,11789,3944,98400,8.187450587749481,0.026173851685598493,1.2110838759690523,-194.44039344787598,0.0003
0.02485072985291481,33,394800,361.29413,0.04,100.0,11801,3948,98496,8.952360302209854,0.026324991486035287,2.178838054649532,-193.92357063293457,0.0003
0.024846768006682396,33,395200,360.92532,0.04,100.0,11812,3952,98592,8.762576550245285,0.02648303029127419,1.7935628704726696,-194.11170196533203,0.0003
0.024844685569405556,33,395600,356.33804,0.05,100.0,11824,3956,98704,10.206700176000595,0.02662097360007465,2.8359230551868677,-194.011549949646,0.0003
0.02484147995710373,33,396000,355.42108,0.05,100.0,11834,3960,98800,7.851752489805222,0.026575267082080245,-2.6167397685348988,-194.23273754119873,0.0003
0.02483891323208809,33,396400,352.55167,0.04,100.0,11845,3964,98896,8.79941713809967,0.026472671888768673,-0.9649531785398722,-194.34250259399414,0.0003
0.024834658950567245,33,396800,351.9123,0.04,100.0,11856,3968,98992,9.88871517777443,0.026298309327103198,-0.2386525496840477,-193.73103141784668,0.0003
0.024829665198922157,33,397200,351.4838,0.04,100.0,11869,3972,99104,9.5273497402668,0.02619016100652516,0.05618518032133579,-194.0038652420044,0.0003
0.0248295608907938,33,397600,351.82016,0.04,100.0,11882,3976,99200,11.153116285800934,0.02610211551655084,-0.3771816976368427,-194.1447410583496,0.0003
0.024825477972626686,33,398000,355.25458,0.04,100.0,11894,3980,99296,8.943656593561172,0.026019078446552157,0.1231454350054264,-194.68091869354248,0.0003
0.02481960505247116,33,398400,355.23608,0.04,100.0,11905,3984,99392,7.703430503606796,0.02613205078523606,3.493496857583523,-193.9752836227417,0.0003
0.02481296844780445,33,398800,355.33398,0.03,100.0,11917,3988,99504,9.57682090997696,0.026066156569868326,-3.956737756729126,-193.55088424682617,0.0003
0.02480458654463291,33,399200,357.01913,0.03,100.0,11930,3992,99600,8.757800698280334,0.025809326209127903,-2.4647083021700382,-193.84765148162842,0.0003
0.024800844490528107,33,399600,359.21747,0.03,100.0,11943,3996,99696,8.592678308486938,0.02571927721146494,-0.4704982154071331,-194.19299030303955,0.0003
0.02479744516313076,33,400000,359.1138,0.03,100.0,11955,4000,99792,7.9603482484817505,0.025699905585497618,-0.45903633534908295,-194.26829528808594,0.0003
0.02478596940636635,33,400400,361.51215,0.03,100.0,11968,4004,99904,13.04372814297676,0.02554602758027613,-0.010827183723449707,-193.9370584487915,0.0003
0.02478492632508278,33,400800,362.5785,0.03,100.0,11984,4008,100000,8.55315089225769,0.025660121929831803,-0.34247464314103127,-194.39205360412598,0.0003
0.02477809228003025,33,401200,360.99744,0.03,100.0,11995,4012,100096,10.355633437633514,0.025591244106180966,-0.15817943215370178,-193.68573188781738,0.0003
0.02477257139980793,33,401600,361.5469,0.03,100.0,12005,4016,100192,9.450573951005936,0.02561639458872378,-1.5431552696973085,-194.2990837097168,0.0003
0.024766167625784874,33,402000,364.00708,0.03,100.0,12019,4020,100304,9.54528146982193,0.02555594709701836,-0.2894996963441372,-194.2453727722168,0.0003
0.02476574294269085,33,402400,366.68723,0.04,100.0,12031,4024,100400,8.184125006198883,0.02571388997603208,-0.4423137716948986,-194.6310224533081,0.0003
0.024757111445069313,33,402800,369.29175,0.04,100.0,12044,4028,100496,10.086541056632996,0.02558590460103005,0.2595698796212673,-195.0197114944458,0.0003
0.02474910579621792,33,403200,370.51733,0.04,100.0,12057,4032,100592,10.869908601045609,0.02548968105111271,2.06850803270936,-194.29047298431396,0.0003
0.024745699018239975,33,403600,368.6125,0.03,100.0,12070,4036,100704,10.665485620498657,0.02571461198385805,1.0277104573324323,-193.77667236328125,0.0003
0.0247432179749012,33,404000,369.71643,0.03,100.0,12083,4040,100800,11.978337079286575,0.025915659382008016,1.9698629155755043,-193.718918800354,0.0003
0.024737989529967308,33,404400,373.17227,0.03,100.0,12096,4044,100896,13.311654537916183,0.02596083201933652,0.4034164547920227,-193.89093494415283,0.0003
0.024731921032071114,33,404800,372.71725,0.02,100.0,12112,4048,100992,9.214995831251144,0.026021596742793918,0.6583865992724895,-194.34442043304443,0.0003
0.024733442813158035,33,405200,374.71292,0.02,100.0,12125,4052,101104,10.997669637203217,0.026276958757080138,0.4774493593722582,-194.58870887756348,0.0003
0.02472897805273533,33,405600,376.84253,0.01,100.0,12139,4056,101200,12.055799961090088,0.026500834617763758,-0.6048806924372911,-194.4864959716797,0.0003
0.024725669994950294,33,406000,379.22937,0.01,100.0,12151,4060,101296,10.265639036893845,0.026531253242865205,1.4773796424269676,-194.19231796264648,0.0003
0.024723680689930916,33,406400,379.31,0.01,100.0,12162,4064,101392,8.622058063745499,0.026484772213734686,0.6104140263050795,-194.39875030517578,0.0003
0.024717556312680244,33,406800,380.34985,0.01,100.0,12178,4068,101504,13.797317624092102,0.026487850002013147,0.2267795130610466,-194.49658203125,0.0003
0.024718064814805984,33,407200,381.66614,0.01,100.0,12191,4072,101600,8.923252195119858,0.026606958475895226,-0.3017610553652048,-194.72667694091797,0.0003
0.02471037022769451,33,407600,382.4314,0.01,100.0,12207,4076,101696,11.41981926560402,0.026670782128348947,0.6257829517126083,-194.32229709625244,0.0003
0.024706657975912094,33,408000,382.35947,0.02,100.0,12220,4080,101792,10.059959441423416,0.02682899229694158,1.9083040170371532,-194.36981582641602,0.0003
0.0247025266289711,33,408400,383.7833,0.02,100.0,12232,4084,101904,11.815634816884995,0.026925774291157722,1.1038861013948917,-194.59691715240479,0.0003
0.02469458058476448,33,408800,384.04745,0.02,100.0,12244,4088,102000,10.55835872888565,0.027084256056696177,3.594781991094351,-194.29055881500244,0.0003
0.024695971980690956,33,409200,383.79767,0.02,100.0,12256,4092,102096,11.34524580836296,0.0274047814309597,0.20958573929965496,-194.0752077102661,0.0003
0.02469486929476261,33,409600,384.17636,0.02,100.0,12267,4096,102192,11.651480048894882,0.027516090078279376,-0.24987749569118023,-194.7917594909668,0.0003
0.024694083258509636,33,410000,383.58728,0.02,100.0,12281,4100,102304,9.7125543653965,0.027595518389716744,-0.9160588569939137,-194.77608680725098,0.0003
0.02468830905854702,33,410400,383.50568,0.02,100.0,12293,4104,102400,9.380855709314346,0.027500709635205567,-2.1548195481300354,-193.8783664703369,0.0003
0.024689285084605217,33,410800,381.42398,0.02,100.0,12305,4108,102496,10.829967349767685,0.027400061720982194,1.4718721807003021,-193.76034355163574,0.0003
0.024687044322490692,33,411200,382.75836,0.02,100.0,12318,4112,102592,12.368350744247437,0.02756057260558009,0.0685877874493599,-194.5593843460083,0.0003
0.024687983095645905,33,411600,381.29382,0.02,100.0,12331,4116,102704,12.728694260120392,0.027749200933612883,1.2066645622253418,-194.29175090789795,0.0003
0.024686099961400032,33,412000,380.27362,0.02,100.0,12343,4120,102800,11.447099179029465,0.02788718231022358,0.26773005351424217,-194.50636959075928,0.0003
0.024684948846697807,33,412400,377.62683,0.01,100.0,12357,4124,102896,10.108573079109192,0.027933388366363943,3.1853116042912006,-194.46597290039062,0.0003
0.024677161127328873,33,412800,376.65915,0.01,100.0,12368,4128,102992,9.38865539431572,0.02799703215714544,-2.7212306931614876,-194.05330848693848,0.0003
0.024674395099282265,33,413200,377.43335,0.01,100.0,12380,4132,103104,8.859728366136551,0.027915763785131276,0.5377711150795221,-194.49511432647705,0.0003
0.024669937789440155,33,413600,377.23453,0.02,100.0,12393,4136,103200,12.502696454524994,0.027954394812695682,0.09697415307164192,-193.97053623199463,0.0003
0.024670589715242386,33,414000,377.12363,0.02,100.0,12405,4140,103296,10.64828622341156,0.027949727256782353,-0.1027379110455513,-194.51628494262695,0.0003
0.02466401644051075,33,414400,375.36206,0.02,100.0,12418,4144,103392,9.922694563865662,0.027791034779511392,-0.2015516236424446,-193.9892282485962,0.0003
0.0246603824198246,33,414800,374.9106,0.02,100.0,12432,4148,103504,10.325024008750916,0.027822167961858213,1.5573686510324478,-194.2200584411621,0.0003
0.02465888485312462,33,415200,376.5738,0.02,100.0,12446,4152,103600,10.391403943300247,0.02802973159123212,-0.9318171590566635,-194.9320240020752,0.0003
0.024660537019371986,33,415600,375.349,0.02,100.0,12460,4156,103696,11.454786986112595,0.028068896965123713,-1.4805200323462486,-194.0013828277588,0.0003
0.024653058499097824,33,416000,373.63745,0.02,100.0,12473,4160,103792,9.998522996902466,0.02791720104869455,0.152175635099411,-193.95164680480957,0.0003
0.024651236832141876,33,416400,374.40778,0.02,100.0,12487,4164,103904,10.168532699346542,0.027969341608695686,0.43470405880361795,-194.25542449951172,0.0003
0.02465345337986946,33,416800,373.78632,0.02,100.0,12500,4168,104000,11.18953949213028,0.028035782393999398,0.4773278422653675,-194.73126411437988,0.0003
0.02464919537305832,33,417200,373.33786,0.02,100.0,12511,4172,104096,10.98860689997673,0.028037828858941793,0.6075386889278889,-194.26249980926514,0.0003
0.024643046781420708,33,417600,373.04507,0.02,100.0,12522,4176,104192,11.530318319797516,0.028114587999880314,-1.4036943279206753,-194.09365844726562,0.0003
0.02463877759873867,33,418000,371.18793,0.01,100.0,12534,4180,104304,10.350615620613098,0.028041863697580993,1.2407156601548195,-193.99757480621338,0.0003
0.02463383413851261,33,418400,369.04874,0.01,100.0,12545,4184,104400,12.9919313788414,0.02789443137589842,-0.15288255363702774,-194.7754135131836,0.0003
0.024625621736049652,33,418800,371.17856,0.01,100.0,12558,4188,104496,10.17083802819252,0.027916160062886775,1.004356525838375,-195.0249729156494,0.0003
0.024629099294543266,33,419200,370.12457,0.01,100.0,12573,4192,104592,10.766781330108643,0.02796362095978111,-0.715058222413063,-194.8029432296753,0.0003
0.02462891675531864,33,419600,369.5992,0.01,100.0,12587,4196,104704,10.840458154678345,0.027995453565381467,1.7020344818010926,-194.0641040802002,0.0003
0.024622080847620964,33,420000,372.70184,0.02,100.0,12602,4200,104800,13.060986191034317,0.02799790957942605,1.0851076431572437,-194.69350910186768,0.0003
0.024617839604616165,33,420400,374.01678,0.02,100.0,12615,4204,104896,12.777229756116867,0.028074954636394978,-3.2292993906885386,-194.3747911453247,0.0003
0.024617280811071396,33,420800,374.63782,0.02,100.0,12627,4208,104992,9.325278490781784,0.028044326114468277,0.6613553985953331,-194.1697483062744,0.0003
0.024620821699500084,33,421200,375.79892,0.02,100.0,12644,4212,105104,15.995035588741302,0.02813023771159351,1.245894715655595,-194.11316204071045,0.0003
0.02461775578558445,33,421600,375.79086,0.02,100.0,12656,4216,105200,13.695502579212189,0.028613677015528083,3.676585879176855,-193.98776817321777,0.0003
0.0246153362095356,33,422000,377.03247,0.03,100.0,12667,4220,105296,12.198625653982162,0.028928707586601377,0.7184735648334026,-194.59362983703613,0.0003
0.02460903488099575,33,422400,377.36703,0.04,100.0,12683,4224,105392,13.804914832115173,0.02874045819044113,-2.437552362680435,-194.45118808746338,0.0003
0.0246086698025465,33,422800,376.41208,0.04,100.0,12701,4228,105504,9.743621468544006,0.02866085828281939,-0.023252394050359726,-194.31142711639404,0.0003
0.024608008563518524,33,423200,377.64087,0.05,100.0,12715,4232,105600,11.835952311754227,0.028513966826722026,2.1532873306423426,-194.54335117340088,0.0003
0.0246093962341547,33,423600,377.37375,0.04,100.0,12726,4236,105696,11.870372027158737,0.028540369006805122,-0.9125460144132376,-194.8578586578369,0.0003
0.024600664153695107,33,424000,378.64017,0.04,100.0,12740,4240,105792,18.92619878053665,0.028402860276401043,-0.3512677773833275,-194.62967491149902,0.0003
0.02459719032049179,33,424400,378.45743,0.04,100.0,12753,4244,105904,11.08798748254776,0.028474082238972187,0.208653355948627,-194.2361125946045,0.0003
0.024593329057097435,33,424800,379.37555,0.04,100.0,12767,4248,106000,10.066336393356323,0.028315392090007663,-2.8542262725532055,-194.5749282836914,0.0003
0.024586418643593788,33,425200,377.56253,0.04,100.0,12781,4252,106096,12.233604282140732,0.02829825144726783,-0.7363614980131388,-194.5243911743164,0.0003
0.024583600461483,33,425600,378.25156,0.04,100.0,12795,4256,106192,12.925426840782166,0.02828196855261922,-0.839518990367651,-195.4382839202881,0.0003
0.02458450384438038,33,426000,381.2854,0.05,100.0,12811,4260,106304,12.45549613237381,0.028357942472212017,0.2770225889980793,-194.60090923309326,0.0003
0.024582765996456146,33,426400,382.44415,0.05,100.0,12824,4264,106400,9.600619673728943,0.02839584043249488,-2.4296196345239878,-194.5021390914917,0.0003
0.024580683559179306,33,426800,383.56296,0.05,100.0,12839,4268,106496,10.172415107488632,0.028104234137572348,0.4269482418894768,-195.04534721374512,0.0003
0.024579308927059174,33,427200,384.7828,0.05,100.0,12851,4272,106592,10.987947314977646,0.028001121943816543,-3.914263181388378,-194.53053379058838,0.0003
0.02456975169479847,33,427600,385.18414,0.05,100.0,12869,4276,106704,11.241524666547775,0.02746539283543825,-0.5359404142946005,-194.8804063796997,0.0003
0.02456505410373211,33,428000,386.26437,0.06,100.0,12882,4280,106800,12.5569469332695,0.027241739444434643,3.1179387122392654,-194.4641571044922,0.0003
0.024562174454331398,33,428400,389.37274,0.07,100.0,12894,4284,106896,11.173775494098663,0.02715840085875243,-1.1236851401627064,-194.82828617095947,0.0003
0.02455792762339115,33,428800,389.79044,0.08,100.0,12907,4288,106992,12.399399876594543,0.026973369880579412,1.799412276595831,-195.43944263458252,0.0003
0.024554753676056862,33,429200,389.23813,0.08,100.0,12920,4292,107104,11.818556904792786,0.027008470613509417,-0.6598599441349506,-194.39933395385742,0.0003
0.024557577446103096,33,429600,390.47458,0.08,100.0,12934,4296,107200,18.34260168671608,0.02702238445635885,-1.0275895968079567,-195.03352737426758,0.0003
0.02455447055399418,33,430000,387.42743,0.07,100.0,12946,4300,107296,13.931837320327759,0.02683714113663882,-1.6738720117136836,-194.51885986328125,0.0003
0.024555420503020287,33,430400,386.8658,0.07,100.0,12959,4304,107392,13.733658492565155,0.02677946665789932,1.6834309920668602,-195.13818740844727,0.0003
0.024555964395403862,33,430800,388.5807,0.07,100.0,12973,4308,107504,11.228723526000977,0.026653415407054126,-0.9616685025393963,-194.95214176177979,0.0003
0.024551643058657646,33,431200,390.00894,0.07,100.0,12985,4312,107600,13.321860074996948,0.026505438960157335,-0.3571956381201744,-195.02350425720215,0.0003
0.024547992274165154,33,431600,391.2162,0.07,100.0,12998,4316,107696,10.77809739112854,0.02639233774971217,-0.650827256962657,-194.72690868377686,0.0003
0.02454240433871746,33,432000,389.06125,0.06,100.0,13010,4320,107792,10.1133514046669,0.0261294178199023,-4.4188738614320755,-194.79817295074463,0.0003
0.0245412178337574,33,432400,389.49976,0.05,100.0,13027,4324,107904,10.545360565185547,0.026142830960452557,0.07360443472862244,-195.19559478759766,0.0003
0.024540413171052933,33,432800,390.77335,0.05,100.0,13040,4328,108000,11.043042421340942,0.026116428314708173,0.1120290756225586,-195.01502990722656,0.0003
0.02453359216451645,33,433200,390.34946,0.04,100.0,13054,4332,108096,11.898842006921768,0.025995361269451678,-0.9166812608018517,-194.92414665222168,0.0003
0.024528929963707924,33,433600,390.05762,0.04,100.0,13065,4336,108192,10.695851176977158,0.025974339339882135,0.11818938329815865,-195.2067699432373,0.0003
0.024517644196748734,33,434000,388.695,0.04,100.0,13078,4340,108304,11.769704133272171,0.025798243703320622,-0.2559732124209404,-195.55491733551025,0.0003
0.024515487253665924,33,434400,390.13077,0.04,100.0,13093,4344,108400,12.088564813137054,0.02573533949907869,0.5558937638998032,-195.33006286621094,0.0003
0.02450735494494438,33,434800,389.0081,0.04,100.0,13105,4348,108496,12.212229609489441,0.025730327237397432,0.7589239366352558,-195.45468997955322,0.0003
0.024504058063030243,33,435200,389.04855,0.04,100.0,13116,4352,108592,13.34331065416336,0.025821952731348574,-0.4580351207405329,-195.3842544555664,0.0003
0.02449764683842659,33,435600,390.2759,0.04,100.0,13131,4356,108704,14.7226322889328,0.026219199527986348,0.5262240320444107,-196.06991291046143,0.0003
0.024493584409356117,33,436000,389.9739,0.03,100.0,13143,4360,108800,13.770565569400787,0.026465743663720787,1.731339480727911,-195.22726249694824,0.0003
0.024490050971508026,33,436400,388.9169,0.03,100.0,13154,4364,108896,10.620021969079971,0.02667358296457678,-0.4242643602192402,-195.1743927001953,0.0003
0.024486640468239784,33,436800,389.96997,0.04,100.0,13167,4368,108992,11.997636437416077,0.026609687600284815,-0.8177626952528954,-196.10451984405518,0.0003
0.02448073960840702,33,437200,388.22675,0.04,100.0,13179,4372,109104,9.046694099903107,0.026541682425886393,-1.357701406814158,-195.41006755828857,0.0003
0.024478955194354057,33,437600,387.21176,0.04,100.0,13190,4376,109200,11.285406917333603,0.026647307793609798,-1.5752995451912284,-195.2844648361206,0.0003
0.02447301335632801,33,438000,387.44208,0.04,100.0,13203,4380,109296,12.296881258487701,0.026504870736971498,3.23958701454103,-195.82772827148438,0.0003
0.0244696494191885,33,438400,385.50818,0.03,100.0,13213,4384,109392,19.628895670175552,0.026712073478847742,-1.3609152436256409,-195.15600681304932,0.0003
0.024469755589962006,33,438800,383.5685,0.02,100.0,13228,4388,109504,15.383325099945068,0.02685080945957452,4.3275583535432816,-195.60729789733887,0.0003
0.024467628449201584,33,439200,385.46008,0.03,100.0,13240,4392,109600,12.892471492290497,0.026889894623309374,-2.7831815779209137,-195.38593196868896,0.0003
0.02446094900369644,33,439600,386.36417,0.04,100.0,13254,4396,109696,10.618977010250092,0.026653756271116436,3.08264534547925,-195.45418167114258,0.0003
0.02445974573493004,33,440000,388.30005,0.05,100.0,13266,4400,109792,12.448637247085571,0.026865925057791173,2.4876709301024675,-195.7269458770752,0.0003
0.024459142237901688,33,440400,387.5459,0.05,100.0,13278,4404,109904,13.14666473865509,0.02681483735796064,2.334905108436942,-195.14101123809814,0.0003
0.02445957623422146,33,440800,387.6196,0.05,100.0,13291,4408,110000,10.825121819972992,0.026992372004315257,-0.5035444982349873,-196.05488204956055,0.0003
0.024453630670905113,33,441200,386.79663,0.06,100.0,13303,4412,110096,14.729205787181854,0.02698372968006879,0.5259812669828534,-195.82598781585693,0.0003
0.024449234828352928,33,441600,387.6463,0.06,100.0,13318,4416,110192,10.311104625463486,0.02713307540398091,-0.6555843967944384,-195.40072536468506,0.0003
0.02444864623248577,33,442000,388.80203,0.06,100.0,13332,4420,110304,11.83099439740181,0.027086057933047414,-0.20036138594150543,-196.55603790283203,0.0003
0.02444569207727909,33,442400,386.7248,0.06,100.0,13345,4424,110400,11.134297311306,0.026909796404652297,-1.7883495837450027,-195.1421594619751,0.0003
0.02444383129477501,33,442800,385.93192,0.06,100.0,13356,4428,110496,13.663570582866669,0.02688817516900599,-0.15658344514667988,-196.05612754821777,0.0003
0.024438388645648956,33,443200,384.11673,0.06,100.0,13369,4432,110592,19.451175570487976,0.026930713560432196,2.2757492884993553,-195.7066822052002,0.0003
0.02443871833384037,33,443600,384.66724,0.06,100.0,13381,4436,110704,14.16001895070076,0.02697111712768674,0.9178216094151139,-195.63649082183838,0.0003
0.024436037987470627,33,444000,383.65225,0.06,100.0,13394,4440,110800,11.932371467351913,0.02733735041692853,3.022869758307934,-195.20411014556885,0.0003
0.024434151127934456,33,444400,382.21265,0.06,100.0,13405,4444,110896,13.311645150184631,0.02748580207116902,2.368993055075407,-195.3109893798828,0.0003
0.02442740648984909,33,444800,382.22034,0.06,100.0,13419,4448,110992,11.794884264469147,0.02766827552113682,2.390508519485593,-194.9766206741333,0.0003
0.024424396455287933,33,445200,381.26895,0.06,100.0,13433,4452,111104,14.565536856651306,0.02810946188401431,3.14637091755867,-195.672345161438,0.0003
0.024426164105534554,33,445600,378.93707,0.06,100.0,13446,4456,111200,13.482098042964935,0.02839389373548329,2.0218435684219003,-195.21324253082275,0.0003
0.024421922862529755,33,446000,377.8386,0.06,100.0,13457,4460,111296,12.092804819345474,0.02868744742590934,-0.06963131111115217,-195.3645830154419,0.0003
0.024422479793429375,33,446400,379.20285,0.06,100.0,13471,4464,111392,16.12495470046997,0.029057372477836907,0.5636449083685875,-195.3432102203369,0.0003
0.024418571963906288,33,446800,377.43024,0.05,100.0,13484,4468,111504,12.194050669670105,0.02906394621822983,0.6235035564750433,-195.87977504730225,0.0003
0.024419866502285004,33,447200,378.01782,0.05,100.0,13495,4472,111600,11.317744731903076,0.0293032982153818,0.6357322540134192,-196.01393604278564,0.0003
0.024413807317614555,33,447600,379.78738,0.06,100.0,13509,4476,111696,10.519785284996033,0.029213085887022316,0.9062756542116404,-195.65327644348145,0.0003
0.024412551894783974,33,448000,381.3566,0.05,100.0,13524,4480,111792,10.635693371295929,0.029465210274793208,-1.4394619055092335,-195.6236572265625,0.0003
0.02441379614174366,33,448400,381.33804,0.05,100.0,13538,4484,111904,19.261745423078537,0.029414864606224,-1.710517693310976,-195.4319248199463,0.0003
0.024409210309386253,33,448800,381.88892,0.05,100.0,13548,4488,112000,11.620818674564362,0.02923724672291428,-1.838762710802257,-195.08199501037598,0.0003
0.024403773248195648,33,449200,380.9945,0.04,100.0,13563,4492,112096,11.448827028274536,0.029138690559193492,-1.5239470414817333,-195.32690620422363,0.0003
0.024399371817708015,33,449600,378.85886,0.03,100.0,13578,4496,112192,10.61898073554039,0.02912132511846721,0.7503269277513027,-195.3976526260376,0.0003
0.024399902671575546,33,450000,376.77164,0.02,100.0,13591,4500,112304,11.627695083618164,0.029235077323392034,-3.4022458158433437,-195.04175281524658,0.0003
0.024394972249865532,33,450400,375.69885,0.02,100.0,13602,4504,112400,10.893811166286469,0.02929841389413923,1.06794367544353,-195.1882905960083,0.0003
0.024394841864705086,33,450800,377.28406,0.03,100.0,13613,4508,112496,29.81292861700058,0.02956429054029286,-1.9569400157779455,-194.8597230911255,0.0003
0.02439235709607601,33,451200,375.75964,0.02,100.0,13625,4512,112592,24.82181680202484,0.029665822978131473,0.426361839286983,-195.88517475128174,0.0003
0.024386299774050713,33,451600,374.39484,0.02,100.0,13640,4516,112704,13.66596007347107,0.029643841204233468,2.0138301849365234,-195.20399570465088,0.0003
0.024382460862398148,33,452000,375.0248,0.02,100.0,13654,4520,112800,13.962354272603989,0.02978148136753589,1.6048536077141762,-194.96034622192383,0.0003
0.02437957003712654,33,452400,375.6277,0.02,100.0,13669,4524,112896,10.349780052900314,0.029824884608387947,-1.0292158164083958,-195.13372135162354,0.0003
0.02437908761203289,33,452800,377.84998,0.02,100.0,13684,4528,112992,13.524530589580536,0.029791045002639294,-0.8705359138548374,-195.54457759857178,0.0003
0.024381063878536224,33,453200,378.64743,0.02,100.0,13697,4532,113104,11.586869359016418,0.02974869217723608,-0.2784685455262661,-195.26469802856445,0.0003
0.02438109740614891,33,453600,377.83932,0.02,100.0,13708,4536,113200,13.312465727329254,0.029596987296827137,-3.2072094678878784,-194.69659423828125,0.0003
0.024376090615987778,33,454000,379.48587,0.03,100.0,13725,4540,113296,14.923277616500854,0.029504210222512484,1.8820995800197124,-195.59067726135254,0.0003
0.024379415437579155,33,454400,381.159,0.04,100.0,13739,4544,113392,15.638823688030243,0.029574774554930627,0.79806371871382,-195.29534721374512,0.0003
0.02437048777937889,33,454800,380.92297,0.04,100.0,13751,4548,113504,10.058950185775757,0.029838926042430103,1.20336252450943,-194.66123962402344,0.0003
0.024372858926653862,33,455200,381.93698,0.04,100.0,13765,4552,113600,12.181390941143036,0.029866473516449332,-0.721384534612298,-194.6602668762207,0.0003
0.024364430457353592,33,455600,382.61105,0.04,100.0,13780,4556,113696,15.313617885112762,0.030121390242129564,0.7769357897341251,-194.63585090637207,0.0003
0.024361444637179375,33,456000,384.24,0.05,100.0,13792,4560,113792,13.917350232601166,0.03004064247943461,0.6528626373037696,-194.76916408538818,0.0003
0.024360205978155136,33,456400,382.07404,0.05,100.0,13805,4564,113904,13.784563064575195,0.029805620317347348,0.7666420210152864,-195.11106395721436,0.0003
0.024355674162507057,33,456800,382.05524,0.05,100.0,13818,4568,114000,13.414648860692978,0.029626686475239694,-0.23876484017819166,-194.63594722747803,0.0003
0.024352477863430977,33,457200,385.85687,0.07,100.0,13833,4572,114096,11.827654629945755,0.02962914912495762,2.0551171600818634,-194.2784595489502,0.0003
0.024354178458452225,33,457600,383.51953,0.06,100.0,13844,4576,114192,12.228393405675888,0.029737930628471076,-0.7009426597505808,-195.0057497024536,0.0003
0.024353964254260063,33,458000,381.87848,0.07,100.0,13857,4580,114304,12.317261904478073,0.029562343028374016,-0.5044804885983467,-194.82223796844482,0.0003
0.02434890903532505,33,458400,382.41098,0.07,100.0,13871,4584,114400,12.21452671289444,0.029507753904908895,-0.9780959570780396,-194.38092136383057,0.0003
0.024346718564629555,33,458800,380.60077,0.07,100.0,13881,4588,114496,15.780727326869965,0.02941585599910468,-0.33727894723415375,-195.0922269821167,0.0003
0.02433892898261547,33,459200,380.0283,0.07,100.0,13896,4592,114592,12.213198006153107,0.029414511052891612,-1.2853628881275654,-195.3240909576416,0.0003
0.0243338905274868,33,459600,381.64038,0.07,100.0,13908,4596,114704,16.018992751836777,0.0291285541607067,-2.0502341389656067,-194.49872493743896,0.0003
0.024327019229531288,33,460000,384.11746,0.07,100.0,13920,4600,114800,12.045169174671173,0.028861333965323865,-3.285683684051037,-194.18850421905518,0.0003
0.02432277612388134,33,460400,387.92426,0.08,100.0,13933,4604,114896,13.047601759433746,0.02861064882017672,-0.350893247872591,-194.5541181564331,0.0003
0.02432338334619999,33,460800,386.30972,0.08,100.0,13947,4608,114992,12.81108009815216,0.028576846001669765,0.7124128863215446,-194.25206470489502,0.0003
0.024318762123584747,33,461200,385.83966,0.08,100.0,13960,4612,115104,14.573705852031708,0.028331358917057514,0.20532866194844246,-194.6095094680786,0.0003
0.0243165735155344,33,461600,385.03946,0.08,100.0,13970,4616,115200,15.011663019657135,0.02819904452189803,0.9787884149700403,-195.02740287780762,0.0003
0.024316197261214256,33,462000,385.82086,0.09,100.0,13983,4620,115296,11.832901448011398,0.02826544689014554,1.4145465474575758,-194.68459606170654,0.0003
0.024311868473887444,33,462400,386.84195,0.09,100.0,13996,4624,115392,15.18233722448349,0.02828534774016589,0.24432361871004105,-194.74910354614258,0.0003
0.02430659346282482,33,462800,385.8583,0.09,100.0,14009,4628,115504,15.67824923992157,0.028390464838594198,-0.6936422474682331,-194.3522777557373,0.0003
0.024307776242494583,33,463200,385.12064,0.09,100.0,14021,4632,115600,11.685134202241898,0.02859460178297013,-0.6167803313583136,-194.98748779296875,0.0003
0.024305755272507668,33,463600,387.48734,0.1,100.0,14034,4636,115696,13.52749714255333,0.028732881415635347,3.4731962829828262,-194.70363998413086,0.0003
0.024302469566464424,33,464000,387.58374,0.11,100.0,14046,4640,115792,11.499262928962708,0.02899034263100475,-0.7067981753498316,-194.74975109100342,0.0003
0.02430238574743271,33,464400,387.39844,0.1,100.0,14061,4644,115904,15.051748096942902,0.02888446906581521,-2.6169750383123755,-194.29631519317627,0.0003
0.024300923570990562,33,464800,388.201,0.11,100.0,14072,4648,116000,23.280871629714966,0.02876255731098354,-0.5379684716463089,-194.07687187194824,0.0003
0.02429855801165104,33,465200,388.61975,0.11,100.0,14087,4652,116096,12.668128669261932,0.02863281744066626,1.6733462270349264,-194.91560077667236,0.0003
0.024299385026097298,33,465600,387.67316,0.11,100.0,14098,4656,116192,11.987841665744781,0.028729979530908167,0.11031141318380833,-194.71474933624268,0.0003
0.02429712936282158,33,466000,384.63522,0.1,100.0,14111,4660,116304,13.644011825323105,0.028525058063678443,-0.980224072933197,-194.34588623046875,0.0003
0.02429051138460636,33,466400,386.01358,0.1,100.0,14123,4664,116400,12.811740279197693,0.028424590709619224,0.358255822211504,-194.99993896484375,0.0003
0.024286190047860146,33,466800,385.27695,0.1,100.0,14134,4668,116496,14.692793428897858,0.028354783076792955,1.3556866832077503,-194.72594165802002,0.0003
0.02428193762898445,33,467200,381.1694,0.08,100.0,14145,4672,116592,12.73172315955162,0.028465777286328375,0.10885198414325714,-194.837984085083,0.0003
0.02427651546895504,33,467600,383.39072,0.08,100.0,14160,4676,116704,11.705310106277466,0.02855385502334684,0.26853965036571026,-194.4145975112915,0.0003
0.024273507297039032,33,468000,384.48846,0.08,100.0,14175,4680,116800,14.577860414981842,0.02845898736268282,-0.8141984958201647,-194.7953405380249,0.0003
0.02427247352898121,33,468400,381.49347,0.08,100.0,14186,4684,116896,12.094638109207153,0.02843153302092105,-1.3208775073289871,-194.8072099685669,0.0003
0.024268539622426033,33,468800,383.21844,0.09,100.0,14199,4688,116992,13.85183697938919,0.028376112692058086,0.1705000251531601,-195.03772449493408,0.0003
0.024261245504021645,33,469200,380.7314,0.09,100.0,14211,4692,117104,15.023284554481506,0.028332421323284507,0.5977380648255348,-194.63440418243408,0.0003
0.024255258962512016,33,469600,379.87152,0.09,100.0,14225,4696,117200,12.934840500354767,0.028310571680776775,-2.3026104010641575,-194.6789035797119,0.0003
0.02424347959458828,33,470000,378.5149,0.09,100.0,14239,4700,117296,15.485360383987427,0.02851083897985518,1.368259645998478,-194.8377161026001,0.0003
0.024235960096120834,33,470400,375.10516,0.08,100.0,14249,4704,117392,17.865235328674316,0.028560452396050096,3.0008560195565224,-194.6561975479126,0.0003
0.024230685085058212,33,470800,372.9068,0.07,100.0,14262,4708,117504,17.11989438533783,0.029157776734791696,-1.567407749593258,-193.81932067871094,0.0003
0.024225730448961258,33,471200,374.41544,0.08,100.0,14273,4712,117600,13.950057923793793,0.029141997336409986,1.3088273294270039,-194.72532081604004,0.0003
0.02421688660979271,33,471600,377.33032,0.09,100.0,14286,4716,117696,15.86375117301941,0.02947791724000126,4.106374561786652,-194.9255599975586,0.0003
0.02421107515692711,33,472000,375.95813,0.08,100.0,14300,4720,117792,16.89353370666504,0.02990297705400735,2.329821527004242,-195.0449733734131,0.0003
0.02421426586806774,32,472400,377.21133,0.08,100.0,14317,4724,117904,19.707617163658142,0.030143818585202098,-0.3880910761654377,-194.7461805343628,0.0003
0.02421090565621853,32,472800,376.5329,0.08,100.0,14330,4728,118000,18.496843993663788,0.030102856690064073,1.405061975121498,-195.97661972045898,0.0003
0.02420937269926071,32,473200,379.45554,0.09,100.0,14344,4732,118096,15.40908020734787,0.030302051571197808,-1.270662996917963,-194.9803695678711,0.0003
0.024207236245274544,32,473600,378.92197,0.08,100.0,14357,4736,118192,17.317534387111664,0.030237515224143863,-1.6851283125579357,-195.52406978607178,0.0003
0.024207375943660736,32,474000,378.7777,0.06,100.0,14372,4740,118304,15.326042354106903,0.030062960693612695,2.989594377577305,-195.69967460632324,0.0003
0.024216171354055405,32,474400,380.33847,0.07,100.0,14387,4744,118400,21.347118973731995,0.03025514807086438,1.7340458948165178,-194.46362686157227,0.0003
0.02420899085700512,32,474800,379.11636,0.06,100.0,14401,4748,118496,18.53302299976349,0.030382839031517506,1.6789350658655167,-195.21239471435547,0.0003
0.02420629933476448,32,475200,377.29578,0.06,100.0,14413,4752,118592,15.397107899188995,0.030753910425119102,-0.644064649939537,-194.8127899169922,0.0003
0.024198822677135468,32,475600,378.71555,0.06,100.0,14424,4756,118704,14.52823930978775,0.03088871610816568,-0.029172446578741074,-196.10760688781738,0.0003
0.024196350947022438,32,476000,379.90976,0.06,100.0,14436,4760,118800,14.707415282726288,0.030938170151785016,2.3566135093569756,-194.70032119750977,0.0003
0.024198951199650764,32,476400,381.1399,0.06,100.0,14449,4764,118896,15.09104311466217,0.031112016295082867,0.7734975069761276,-195.5203733444214,0.0003
0.02420409768819809,32,476800,381.8241,0.06,100.0,14463,4768,118992,20.38242942094803,0.031188427936285734,-1.024940013885498,-194.88977813720703,0.0003
0.02419409714639187,32,477200,380.9565,0.06,100.0,14475,4772,119104,15.358660101890564,0.031176556716673076,1.6518714679405093,-194.90510940551758,0.0003
0.02419680543243885,32,477600,381.91382,0.06,100.0,14487,4776,119200,15.483654379844666,0.03169005224481225,0.21744436956942081,-194.63544273376465,0.0003
0.024196766316890717,32,478000,381.2197,0.05,100.0,14498,4780,119296,18.010261178016663,0.03167596575804055,-5.068430081009865,-195.03846073150635,0.0003
0.024192966520786285,32,478400,384.35754,0.05,100.0,14509,4784,119392,18.641731560230255,0.031597891356796026,0.4676480945199728,-194.86479473114014,0.0003
0.024187857285141945,32,478800,385.55148,0.04,100.0,14522,4788,119504,18.742680609226227,0.031338265631347895,-1.1819117106497288,-195.4077615737915,0.0003
0.02418411336839199,32,479200,390.2762,0.05,100.0,14533,4792,119600,18.543477833271027,0.031425317749381065,-0.8497463688254356,-195.55229949951172,0.0003
0.02418215200304985,32,479600,392.621,0.06,100.0,14546,4796,119696,17.81793338060379,0.03163989610038698,0.6937295012176037,-195.22293758392334,0.0003
0.02417876571416855,32,480000,392.5777,0.06,100.0,14559,4800,119792,17.20276701450348,0.03172686416655779,-0.834527526050806,-195.25292873382568,0.0003
0.02417236939072609,32,480400,393.58548,0.06,100.0,14571,4804,119904,17.983425438404083,0.031681007239967585,1.0169470012187958,-195.69225597381592,0.0003
0.02416921965777874,32,480800,393.69318,0.06,100.0,14584,4808,120000,19.570899069309235,0.031990599585697055,1.8281580228358507,-195.46874523162842,0.0003
0.024170298129320145,32,481200,394.27515,0.05,100.0,14598,4812,120096,18.051892697811127,0.03231859835796058,0.8596882093697786,-195.2935085296631,0.0003
0.02417140267789364,32,481600,393.4245,0.05,100.0,14611,4816,120192,16.8293319940567,0.03247876279056072,1.7186752408742905,-195.63592720031738,0.0003
0.024165820330381393,32,482000,393.27493,0.05,100.0,14623,4820,120304,20.8449644446373,0.03257256653159857,2.789917436428368,-195.49526023864746,0.0003
0.024159559980034828,32,482400,391.32297,0.05,100.0,14637,4824,120400,16.596922874450684,0.03282070090062916,4.444103047251701,-195.85193157196045,0.0003
0.02415793389081955,32,482800,391.55078,0.05,100.0,14649,4828,120496,19.20616787672043,0.033042110269889235,2.296595014631748,-195.92367553710938,0.0003
0.024157268926501274,32,483200,387.92776,0.04,100.0,14664,4832,120592,19.771362006664276,0.033066937467083335,-2.6840421967208385,-195.5230188369751,0.0003
0.024156149476766586,32,483600,387.2634,0.05,100.0,14676,4836,120704,21.02920699119568,0.033284189412370324,-0.2907783570699394,-196.06919479370117,0.0003
0.024154426530003548,32,484000,385.4449,0.05,100.0,14688,4840,120800,15.703560173511505,0.033301558112725616,-2.9821252673864365,-195.9290370941162,0.0003
0.024148162454366684,32,484400,385.2257,0.05,100.0,14701,4844,120896,18.268838942050934,0.033234342467039824,0.1806020736694336,-195.49088764190674,0.0003
0.024143312126398087,32,484800,385.31195,0.05,100.0,14712,4848,120992,17.67613798379898,0.03341228934004903,3.160912500694394,-195.9693431854248,0.0003
0.02414238639175892,32,485200,385.25363,0.05,100.0,14724,4852,121104,22.68341487646103,0.0337385511957109,0.3434317708015442,-195.81394863128662,0.0003
0.024136697873473167,32,485600,384.71164,0.05,100.0,14736,4856,121200,18.76597887277603,0.033630757592618465,-2.5699318181723356,-195.50808906555176,0.0003
0.0241378303617239,32,486000,384.0947,0.05,100.0,14749,4860,121296,20.502624571323395,0.033823360688984394,-0.127902589738369,-195.70585441589355,0.0003
0.024131184443831444,32,486400,381.64206,0.05,100.0,14760,4864,121392,19.230582416057587,0.03385596629232168,-0.1184367761015892,-196.02339935302734,0.0003
0.02413230389356613,32,486800,381.3694,0.05,100.0,14775,4868,121504,23.01773202419281,0.0341142110992223,2.4111052621155977,-196.0466136932373,0.0003
0.02413063868880272,32,487200,380.98047,0.05,100.0,14787,4872,121600,28.389748096466064,0.034078187542036176,-1.3255351334810257,-195.9957389831543,0.0003
0.024127934128046036,32,487600,377.70837,0.05,100.0,14797,4876,121696,18.872202396392822,0.034041252452880144,1.7603147365152836,-196.15631675720215,0.0003
0.024119995534420013,32,488000,376.96118,0.05,100.0,14809,4880,121792,19.91027557849884,0.0339968774933368,-0.4458675943315029,-196.2831335067749,0.0003
0.024114107713103294,32,488400,377.60284,0.05,100.0,14822,4884,121904,16.232488572597504,0.034088582964614034,-0.39810228534042835,-195.79891395568848,0.0003
0.024116504937410355,32,488800,377.87677,0.05,100.0,14837,4888,122000,17.888723134994507,0.034050197806209326,-2.2647691518068314,-195.66643905639648,0.0003
0.024115363135933876,32,489200,375.36444,0.04,100.0,14848,4892,122096,18.1418274641037,0.03401928814128041,1.6461708527058363,-196.48763942718506,0.0003
0.02411653660237789,32,489600,371.36646,0.03,100.0,14860,4896,122192,18.39267271757126,0.03412912553176284,0.589265625923872,-196.40125942230225,0.0003
0.02411007322371006,32,490000,371.23126,0.03,100.0,14873,4900,122304,23.944587647914886,0.034275654470548034,0.5970870852470398,-195.98744010925293,0.0003
0.024101031944155693,32,490400,369.2536,0.03,100.0,14886,4904,122400,20.28514337539673,0.03464125841856003,3.7846459560096264,-196.15529918670654,0.0003
0.024104304611682892,32,490800,370.32758,0.03,100.0,14896,4908,122496,23.84186327457428,0.03519409289583564,2.763800084590912,-196.19315814971924,0.0003
0.02411258965730667,32,491200,368.25122,0.03,100.0,14908,4912,122592,20.061974704265594,0.03557124803774059,-1.3155217487365007,-196.84213542938232,0.0003
0.024104835465550423,32,491600,366.63544,0.02,100.0,14920,4916,122704,23.992162108421326,0.035391020122915506,2.576513171195984,-196.05735778808594,0.0003
0.024106357246637344,32,492000,367.89108,0.03,100.0,14932,4920,122800,21.247542142868042,0.0356614354532212,1.7427359949797392,-195.43237400054932,0.0003
0.024103408679366112,32,492400,366.77283,0.03,100.0,14945,4924,122896,19.10017365217209,0.0357249507214874,-0.905111663043499,-195.87348747253418,0.0003
0.024101397022604942,32,492800,368.7694,0.04,100.0,14960,4928,122992,22.185113489627838,0.03579937247559428,0.5212602578103542,-196.16424560546875,0.0003
0.024099385365843773,32,493200,368.85907,0.04,100.0,14972,4932,123104,21.618382930755615,0.035675885155797005,1.6120601445436478,-196.70948123931885,0.0003
0.024096058681607246,32,493600,366.56003,0.03,100.0,14983,4936,123200,20.4044988155365,0.035671022487804294,0.1666080318391323,-196.93797397613525,0.0003
0.02409568801522255,32,494000,368.6236,0.03,100.0,14995,4940,123296,23.74809765815735,0.035881753312423825,2.4289654437452555,-196.3082799911499,0.0003
0.024096345528960228,32,494400,365.77634,0.02,100.0,15005,4944,123392,23.5534650683403,0.03628784045577049,3.222198635339737,-196.1194553375244,0.0003
0.0240953229367733,32,494800,366.05948,0.02,100.0,15018,4948,123504,24.34974431991577,0.03679180424660444,-0.9438121281564236,-196.87940311431885,0.0003
0.024093754589557648,32,495200,365.8276,0.02,100.0,15031,4952,123600,20.028415024280548,0.036755513632670045,-0.19375226087868214,-196.4491310119629,0.0003
0.024095119908452034,32,495600,366.48474,0.02,100.0,15044,4956,123696,17.949579119682312,0.03676048293709755,2.286395501345396,-197.2046308517456,0.0003
0.02409655787050724,32,496000,367.50528,0.02,100.0,15055,4960,123792,19.258244335651398,0.03690877417102456,-0.4532064562663436,-197.1055269241333,0.0003
0.024092581123113632,32,496400,368.05582,0.02,100.0,15068,4964,123904,17.860568821430206,0.03654532693326473,0.675339438021183,-196.46613883972168,0.0003
0.024089064449071884,32,496800,367.34515,0.02,100.0,15080,4968,124000,21.06411039829254,0.03653110656887293,0.8477558773010969,-196.3176155090332,0.0003
0.02409340627491474,32,497200,368.88574,0.02,100.0,15092,4972,124096,20.576152205467224,0.03661919943988323,-0.22715416736900806,-197.6271390914917,0.0003
0.024091508239507675,32,497600,372.856,0.02,100.0,15104,4976,124192,21.90672940015793,0.03646009834483266,-1.8829569723457098,-197.41905689239502,0.0003
0.024086007848381996,32,498000,372.3627,0.02,100.0,15117,4980,124304,20.606359243392944,0.036269832868129015,-2.0004286617040634,-196.5756721496582,0.0003
0.02408595196902752,32,498400,371.74667,0.02,100.0,15131,4984,124400,24.967374861240387,0.036200789269059896,0.8001674953848124,-196.42103958129883,0.0003
0.024089647457003593,32,498800,369.78754,0.02,100.0,15144,4988,124496,22.137090623378754,0.03611577325500548,-0.829172751866281,-197.61472606658936,0.0003
0.024088507518172264,32,499200,370.768,0.02,100.0,15159,4992,124592,17.679133892059326,0.03616027068346739,2.458100590854883,-197.14040756225586,0.0003
0.024089736863970757,32,499600,369.8543,0.02,100.0,15172,4996,124704,22.339624524116516,0.03610294102691114,-1.0831055715680122,-198.05745601654053,0.0003
0.024090848863124847,32,500000,371.1896,0.03,100.0,15185,5000,124800,23.105254530906677,0.0359381886664778,-2.121361393481493,-196.9463005065918,0.0003
0.024084262549877167,32,500400,372.6356,0.03,100.0,15199,5004,124896,20.941475331783295,0.03555273427627981,0.16866179183125496,-197.08792209625244,0.0003
0.02408733405172825,32,500800,375.08047,0.04,100.0,15212,5008,124992,22.852715492248535,0.03564311470836401,-0.5686253309249878,-196.416166305542,0.0003
0.02408481016755104,32,501200,376.52417,0.04,100.0,15224,5012,125104,19.005180954933167,0.03542729537002742,-0.6065331064164639,-196.86820793151855,0.0003
0.02408071979880333,32,501600,377.57776,0.04,100.0,15240,5016,125200,23.842602789402008,0.03518604836426675,-1.4259073808789253,-198.37670516967773,0.0003
0.02408260852098465,32,502000,377.2669,0.04,100.0,15252,5020,125296,21.40961641073227,0.03536924719810486,-0.37265175580978394,-197.70420932769775,0.0003
0.02407885529100895,32,502400,377.15866,0.04,100.0,15263,5024,125392,35.47548049688339,0.03529008128680289,0.4093021210283041,-196.80420303344727,0.0003
0.024079175665974617,32,502800,375.08188,0.03,100.0,15276,5028,125504,17.76467227935791,0.03533361107110977,1.6915641129016876,-197.02721214294434,0.0003
0.024078603833913803,32,503200,373.95016,0.03,100.0,15288,5032,125600,23.246319949626923,0.035262704361230135,-0.1287508448585868,-197.02864360809326,0.0003
0.024077052250504494,32,503600,375.00278,0.03,100.0,15299,5036,125696,19.42425835132599,0.03517455793917179,-0.4835657440125942,-196.8836441040039,0.0003
0.024074289947748184,32,504000,373.04092,0.04,100.0,15311,5040,125792,22.848282873630524,0.03497938043437898,-0.6302860649302602,-197.92605590820312,0.0003
0.024073166772723198,32,504400,374.7083,0.04,100.0,15323,5044,125904,17.726473033428192,0.03478284948505461,0.39024151489138603,-197.66831874847412,0.0003
0.024072732776403427,32,504800,374.49564,0.04,100.0,15334,5048,126000,19.623861014842987,0.03476451407186687,-1.6437730602920055,-196.7104034423828,0.0003
0.024073755368590355,32,505200,375.11087,0.04,100.0,15347,5052,126096,18.227663695812225,0.034722294891253114,-0.7949273400008678,-197.46564388275146,0.0003
0.024067705497145653,32,505600,374.6708,0.04,100.0,15359,5056,126192,24.418392419815063,0.03444533818401396,-0.7238945998251438,-197.3617238998413,0.0003
0.02405940741300583,32,506000,374.98776,0.05,100.0,15373,5060,126304,19.54194188117981,0.034292651107534766,-2.391893172636628,-197.21810913085938,0.0003
0.024053210392594337,32,506400,381.09247,0.06,100.0,15388,5064,126400,25.182558357715607,0.03403578558936715,-0.738176928833127,-196.1792697906494,0.0003
0.024052832275629044,32,506800,382.7075,0.06,100.0,15399,5068,126496,20.86991113424301,0.033982402412220836,0.3556766174733639,-196.75589179992676,0.0003
0.02405577152967453,32,507200,381.55746,0.06,100.0,15411,5072,126592,22.738980531692505,0.03402688354253769,0.33967440016567707,-197.29883289337158,0.0003
0.024047059938311577,32,507600,378.47354,0.06,100.0,15425,5076,126704,17.98872685432434,0.03399552032351494,-2.5607144497334957,-197.15673160552979,0.0003
0.02404184080660343,32,508000,378.94644,0.06,100.0,15437,5080,126800,21.11061555147171,0.034116049064323306,-1.760255835019052,-198.12765789031982,0.0003
0.024039825424551964,32,508400,378.83026,0.06,100.0,15448,5084,126896,20.83545684814453,0.03428438398987055,-0.8385008331388235,-197.43923950195312,0.0003
0.024041585624217987,32,508800,378.82538,0.06,100.0,15462,5088,126992,21.318301379680634,0.03427775902673602,0.9597393274307251,-197.0268316268921,0.0003
0.024037964642047882,32,509200,377.9247,0.06,100.0,15475,5092,127104,25.30362832546234,0.034208538476377726,-0.3021202068775892,-196.87879180908203,0.0003
0.024033065885305405,32,509600,380.35587,0.07,100.0,15490,5096,127200,25.23661231994629,0.034144059754908085,2.2602165285497904,-197.71516227722168,0.0003
0.02403373271226883,32,510000,378.88715,0.06,100.0,15501,5100,127296,21.08218675851822,0.03453016234561801,-0.00950399786233902,-196.77772617340088,0.0003
0.024026183411478996,32,510400,378.5744,0.07,100.0,15513,5104,127392,21.192940711975098,0.03440748527646065,0.18215500470250845,-197.9981803894043,0.0003
0.02402602508664131,32,510800,375.61188,0.06,100.0,15528,5108,127504,23.61313146352768,0.03464942309074104,0.5414355881512165,-197.3721170425415,0.0003
0.024027666077017784,32,511200,374.3909,0.06,100.0,15540,5112,127600,23.554555118083954,0.034692853689193726,-1.7287632338702679,-197.96472930908203,0.0003
0.024022448807954788,32,511600,372.97763,0.06,100.0,15552,5116,127696,21.49900394678116,0.03471990441903472,-0.12738261371850967,-197.75810146331787,0.0003
0.024012958630919456,32,512000,371.2286,0.05,100.0,15563,5120,127792,25.787835359573364,0.03487814450636506,3.6424664026126266,-197.07798290252686,0.0003
0.024011796340346336,32,512400,370.51526,0.05,100.0,15575,5124,127904,20.448222398757935,0.03503191587515175,2.3779232501983643,-197.66603660583496,0.0003
0.024009820073843002,32,512800,372.15738,0.06,100.0,15588,5128,128000,24.033987045288086,0.03495679353363812,-2.089931294322014,-198.57149600982666,0.0003
0.02400723285973072,32,513200,374.47284,0.06,100.0,15600,5132,128096,22.34695464372635,0.03463474498130381,0.9667177572846413,-198.11157989501953,0.0003
0.024004925042390823,32,513600,375.06976,0.06,100.0,15611,5136,128192,21.833858966827393,0.03477572347037494,-0.23510297760367393,-197.96526432037354,0.0003
0.024004928767681122,32,514000,375.35583,0.05,100.0,15623,5140,128304,25.248120605945587,0.03468244522809982,-0.22959010303020477,-197.6744031906128,0.0003
0.024002032354474068,32,514400,374.41837,0.05,100.0,15634,5144,128400,25.15361213684082,0.03431324125267565,-1.8069544397294521,-198.7218360900879,0.0003
0.023997539654374123,32,514800,376.38913,0.06,100.0,15649,5148,128496,22.045102953910828,0.033918249886482954,-1.255788329988718,-197.76837635040283,0.0003
0.02398545853793621,32,515200,378.69702,0.07,100.0,15661,5152,128592,24.60879898071289,0.03385272668674588,-3.3185961693525314,-197.09007740020752,0.0003
0.02399221435189247,32,515600,378.37366,0.07,100.0,15674,5156,128704,23.8112154006958,0.03382040257565677,-0.8001243127509952,-198.14820289611816,0.0003
0.02399187535047531,32,516000,377.03748,0.06,100.0,15685,5160,128800,24.79121845960617,0.0335370518732816,0.06825906410813332,-198.33385372161865,0.0003
0.02398950792849064,32,516400,371.48474,0.05,100.0,15698,5164,128896,23.380369544029236,0.03349782410077751,-1.0721431449055672,-198.21733856201172,0.0003
0.02399035170674324,32,516800,373.9665,0.06,100.0,15712,5168,128992,21.516813337802887,0.033434433629736304,0.7923096939921379,-197.54503536224365,0.0003
0.023994438350200653,32,517200,377.0507,0.07,100.0,15725,5172,129104,23.598535895347595,0.033479887526482344,-0.7753078974783421,-197.64445686340332,0.0003
0.023989716544747353,32,517600,375.6422,0.07,100.0,15737,5176,129200,26.860289990901947,0.03335627890191972,-0.34567621536552906,-198.3580722808838,0.0003
0.023983769118785858,32,518000,376.01678,0.07,100.0,15750,5180,129296,31.903834223747253,0.033168676774948835,-0.26843128353357315,-198.03003978729248,0.0003
0.023985259234905243,32,518400,376.60995,0.08,100.0,15763,5184,129392,23.809889793395996,0.0331510747782886,0.5297359824180603,-198.34855556488037,0.0003
0.023980762809515,32,518800,376.45935,0.08,100.0,15776,5188,129504,24.357035040855408,0.03309483174234629,-0.9658951526507735,-198.51922988891602,0.0003
0.02397560328245163,32,519200,376.02203,0.08,100.0,15787,5192,129600,26.826226890087128,0.03308994066901505,-0.8687298037111759,-198.806565284729,0.0003
0.02396949753165245,32,519600,375.05328,0.07,100.0,15801,5196,129696,23.447536885738373,0.0330361460801214,0.034550316631793976,-198.06742191314697,0.0003
0.02396700344979763,32,520000,376.6259,0.07,100.0,15812,5200,129792,28.378468990325928,0.03324715560302138,2.451630854047835,-198.47825813293457,0.0003
0.023969417437911034,32,520400,376.13583,0.06,100.0,15824,5204,129904,22.915329575538635,0.03333677910268307,-0.856036514043808,-197.9845314025879,0.0003
0.02397206984460354,32,520800,377.5555,0.07,100.0,15836,5208,130000,24.440709471702576,0.03325588838197291,-1.2807752415537834,-199.13806247711182,0.0003
0.023965556174516678,32,521200,377.2323,0.07,100.0,15847,5212,130096,25.052968859672546,0.03327247640118003,-2.1276184991002083,-198.50114631652832,0.0003
0.02396373264491558,32,521600,377.60257,0.07,100.0,15859,5216,130192,27.513317108154297,0.03308078390546143,0.5090605542063713,-199.3338851928711,0.0003
0.023953383788466454,32,522000,378.10074,0.07,100.0,15873,5220,130304,31.285832166671753,0.03321671299636364,0.8747435146942735,-198.63865661621094,0.0003
0.023955514654517174,32,522400,379.5717,0.07,100.0,15885,5224,130400,30.174470603466034,0.033513205125927925,3.028618298470974,-198.59331703186035,0.0003
0.02394990436732769,32,522800,379.53265,0.07,100.0,15897,5228,130496,24.958374977111816,0.03361792047508061,0.4312635809183121,-198.83847904205322,0.0003
0.023954730480909348,32,523200,380.13864,0.08,100.0,15910,5232,130592,32.42057240009308,0.03395740641281009,2.343794049695134,-199.5525312423706,0.0003
0.0239644143730402,32,523600,381.49802,0.08,100.0,15922,5236,130704,24.620472192764282,0.034127874532714486,-0.29418887943029404,-199.513822555542,0.0003
0.023963503539562225,32,524000,382.10434,0.08,100.0,15934,5240,130800,27.059960961341858,0.034121496602892876,0.7579410299658775,-198.88646411895752,0.0003
0.023956287652254105,32,524400,381.79153,0.08,100.0,15945,5244,130896,34.62499403953552,0.03407735610380769,0.38949278742074966,-198.97912693023682,0.0003
0.023952890187501907,32,524800,380.2267,0.07,100.0,15956,5248,130992,32.75028467178345,0.03425993863493204,2.5116101130843163,-198.33403301239014,0.0003
0.023951208218932152,32,525200,377.50214,0.06,100.0,15969,5252,131104,28.365768551826477,0.034635460237041116,1.5125616379082203,-198.4292163848877,0.0003
0.023957587778568268,32,525600,377.31613,0.06,100.0,15980,5256,131200,32.21689713001251,0.03485161066055298,-0.15487839374691248,-198.43350505828857,0.0003
0.02395470254123211,32,526000,381.91504,0.07,100.0,15993,5260,131296,30.12517011165619,0.03492801240645349,1.8522518388926983,-199.2727451324463,0.0003
0.023948093876242638,32,526400,383.91632,0.07,100.0,16006,5264,131392,28.06002378463745,0.034964931197464466,0.9293461497873068,-198.93401336669922,0.0003
0.02395291067659855,32,526800,379.21866,0.06,100.0,16018,5268,131504,40.76765215396881,0.03510967665351927,0.43961118161678314,-199.6336326599121,0.0003
0.023949546739459038,32,527200,375.60492,0.05,100.0,16029,5272,131600,25.402140617370605,0.03509353008121252,-3.4626163877546787,-199.61091899871826,0.0003
0.023945650085806847,32,527600,376.8922,0.05,100.0,16039,5276,131696,31.840625166893005,0.03503557783551514,1.5607679523527622,-199.67501544952393,0.0003
0.02394680492579937,32,528000,376.87958,0.05,100.0,16050,5280,131792,26.55661004781723,0.035187087720260024,-2.671965643763542,-199.0562162399292,0.0003
0.02394649013876915,32,528400,376.0691,0.05,100.0,16064,5284,131904,30.283193707466125,0.03518146742135286,-1.3258943185210228,-199.87041854858398,0.0003
0.023940367624163628,32,528800,378.44446,0.05,100.0,16075,5288,132000,25.720690608024597,0.03531637089326978,2.2687668837606907,-198.6297550201416,0.0003
0.02394513227045536,32,529200,379.55972,0.05,100.0,16085,5292,132096,28.56889259815216,0.03548515005968511,0.45401059091091156,-200.148850440979,0.0003
0.023941777646541595,32,529600,380.46487,0.05,100.0,16095,5296,132192,31.89019227027893,0.03546299901790917,0.8641489110887051,-199.8847780227661,0.0003
0.023940615355968475,32,530000,380.78574,0.06,100.0,16113,5300,132304,31.926757097244263,0.03574571176432073,0.029828600585460663,-200.03185844421387,0.0003
0.02394038625061512,32,530400,382.02094,0.06,100.0,16126,5304,132400,25.83763152360916,0.03581395139917731,-2.2143890224397182,-198.4575319290161,0.0003
0.02394135668873787,32,530800,379.8768,0.05,100.0,16138,5308,132496,27.313040256500244,0.03588486765511334,0.987787988036871,-199.4932918548584,0.0003
0.023942990228533745,32,531200,378.0767,0.05,100.0,16149,5312,132592,28.77586328983307,0.03596756770275533,-2.7502113129012287,-199.8060483932495,0.0003
0.02393808774650097,32,531600,377.3656,0.05,100.0,16161,5316,132704,30.035096764564514,0.03558585955761373,1.9897748809307814,-199.88698768615723,0.0003
0.023936962708830833,32,532000,376.15048,0.05,100.0,16173,5320,132800,34.48285412788391,0.03564284206368029,1.2064548842608929,-200.7647933959961,0.0003
0.023934783414006233,32,532400,376.09247,0.05,100.0,16184,5324,132896,27.00939917564392,0.0355844150763005,-0.098514374345541,-199.0888795852661,0.0003
0.023935114964842796,32,532800,374.2214,0.05,100.0,16198,5328,132992,27.28160524368286,0.035411359276622534,-0.3468419760465622,-199.07860946655273,0.0003
0.023934807628393173,32,533200,373.21628,0.04,100.0,16209,5332,133104,25.864000976085663,0.035635483684018254,2.267475975677371,-199.14686965942383,0.0003
0.02392858825623989,32,533600,371.92462,0.04,100.0,16221,5336,133200,24.494561672210693,0.035616529639810324,2.2089174389839172,-199.2511339187622,0.0003
0.023925621062517166,32,534000,375.2912,0.05,100.0,16236,5340,133296,32.971739172935486,0.035936290165409446,2.289762318134308,-199.46245098114014,0.0003
0.023929664865136147,32,534400,376.25693,0.06,100.0,16249,5344,133392,29.510687351226807,0.03616084507666528,-1.8286087773740292,-199.90761470794678,0.0003
0.023929959163069725,32,534800,375.0873,0.07,100.0,16263,5348,133504,34.547738909721375,0.03598021250218153,3.467075787484646,-199.31703090667725,0.0003
0.023922467604279518,32,535200,377.17233,0.07,100.0,16275,5352,133600,34.889063000679016,0.03638741699978709,4.96236128360033,-200.130708694458,0.0003
0.023921426385641098,32,535600,376.27228,0.07,100.0,16287,5356,133696,38.28887188434601,0.036678986391052604,1.2815905390307307,-199.28002834320068,0.0003
0.023924849927425385,32,536000,371.43234,0.07,100.0,16298,5360,133792,28.891435861587524,0.03695335774682462,0.016676715575158596,-199.28821086883545,0.0003
0.023919234052300453,32,536400,369.62918,0.07,100.0,16312,5364,133904,28.16745924949646,0.03703849110752344,0.5311426483094692,-199.6632890701294,0.0003
0.023917613551020622,32,536800,370.78143,0.07,100.0,16324,5368,134000,34.03931677341461,0.0372287780046463,-1.1831082850694656,-199.77818775177002,0.0003
0.023913154378533363,32,537200,371.9326,0.07,100.0,16336,5372,134096,36.24938201904297,0.037273312686011195,1.5065388306975365,-199.4325294494629,0.0003
0.02391655184328556,32,537600,372.8253,0.07,100.0,16352,5376,134192,30.08637046813965,0.0374415151309222,2.047364443540573,-199.13038730621338,0.0003
0.023915614932775497,32,538000,372.1196,0.07,100.0,16363,5380,134304,30.907406091690063,0.03764898772351444,-0.6179192066192627,-200.42329788208008,0.0003
0.023914840072393417,32,538400,371.59122,0.06,100.0,16376,5384,134400,24.306135535240173,0.03736327798105776,0.22932439297437668,-198.28287601470947,0.0003
0.023912273347377777,32,538800,370.94687,0.07,100.0,16387,5388,134496,34.122419118881226,0.03723272425122559,0.5266122594475746,-200.4378309249878,0.0003
0.023910991847515106,32,539200,372.51355,0.07,100.0,16402,5392,134592,25.047211408615112,0.03710760362446308,-3.775808073580265,-199.03971481323242,0.0003
0.02391078881919384,32,539600,375.41702,0.09,100.0,16415,5396,134704,32.88505506515503,0.036851492477580905,-2.2035295963287354,-199.38262271881104,0.0003
0.023906966671347618,32,540000,374.93652,0.08,100.0,16428,5400,134800,34.92748963832855,0.036746288649737835,3.0890992023050785,-198.9133644104004,0.0003
0.02390693500638008,32,540400,378.66077,0.1,100.0,16442,5404,134896,36.16698920726776,0.036795992869883776,-0.3334333635866642,-198.60587882995605,0.0003
0.02390812709927559,32,540800,377.7489,0.1,100.0,16453,5408,134992,31.019619584083557,0.036437594098970294,-0.8977538491599262,-200.048433303833,0.0003
0.023901207372546196,32,541200,380.57675,0.1,100.0,16467,5412,135104,33.987847566604614,0.03623331035487354,2.0851514637470245,-199.6567440032959,0.0003
0.023899288848042488,32,541600,381.4268,0.1,100.0,16478,5416,135200,34.77425789833069,0.03630632325075567,-1.424716779962182,-200.28730869293213,0.0003
0.023899072781205177,32,542000,384.5133,0.11,100.0,16492,5420,135296,29.697239756584167,0.036218115827068686,-0.22579089179635048,-199.65782165527344,0.0003
0.023891637101769447,32,542400,384.0318,0.11,100.0,16504,5424,135392,24.483228981494904,0.03604326932691038,1.4731984585523605,-200.19771480560303,0.0003
0.02388709969818592,32,542800,383.50906,0.1,100.0,16516,5428,135504,28.006737887859344,0.03609518939629197,-0.37721100077033043,-200.23758125305176,0.0003
0.02388753369450569,32,543200,383.73343,0.1,100.0,16526,5432,135600,31.962657570838928,0.03583589754998684,-0.6627951972186565,-198.9120569229126,0.0003
0.023881347849965096,32,543600,386.43347,0.1,100.0,16538,5436,135696,29.080264449119568,0.03571751993149519,-1.031850267201662,-199.7593412399292,0.0003
0.023874854668974876,32,544000,386.0315,0.11,100.0,16551,5440,135792,29.96954369544983,0.03569754143245518,0.055125754326581955,-199.4910488128662,0.0003
0.02387358620762825,32,544400,386.48312,0.11,100.0,16566,5444,135904,27.713830173015594,0.03548985440284014,-1.5450123753398657,-200.76204776763916,0.0003
0.023872431367635727,32,544800,387.83054,0.1,100.0,16579,5448,136000,33.45950376987457,0.03548198123462498,-0.9195753633975983,-200.9132947921753,0.0003
0.023866994306445122,32,545200,387.1388,0.11,100.0,16589,5452,136096,29.25978708267212,0.035456117475405335,1.260597687214613,-199.51342391967773,0.0003
0.023864146322011948,32,545600,389.5246,0.12,100.0,16600,5456,136192,25.93065220117569,0.03559380071237683,-1.3499792665243149,-200.30424213409424,0.0003
0.023867888376116753,32,546000,390.59402,0.11,100.0,16612,5460,136304,31.841885566711426,0.03556785639375448,-0.170990202575922,-199.63352394104004,0.0003
0.023863783106207848,32,546400,390.1334,0.11,100.0,16624,5464,136400,37.18757915496826,0.03567262506112456,2.674730271100998,-200.53394031524658,0.0003
0.023863239213824272,32,546800,390.4117,0.11,100.0,16638,5468,136496,34.18927621841431,0.03591059963218868,2.157639153301716,-199.7343626022339,0.0003
0.02386213093996048,32,547200,388.62903,0.11,100.0,16648,5472,136592,37.368035197257996,0.03600145736709237,-1.1639130972325802,-200.33810329437256,0.0003
0.023855650797486305,32,547600,388.21375,0.11,100.0,16662,5476,136704,33.392022371292114,0.035920670721679926,-0.7390616424381733,-199.884765625,0.0003
0.02385442890226841,32,548000,388.82437,0.12,100.0,16674,5480,136800,31.80585277080536,0.035952465841546655,0.8878839481621981,-200.6974172592163,0.0003
0.02385290153324604,32,548400,390.7135,0.13,100.0,16686,5484,136896,32.92388212680817,0.0360316876322031,-1.9994318541139364,-199.42672157287598,0.0003
0.023850349709391594,32,548800,388.8947,0.12,100.0,16698,5488,136992,31.310925126075745,0.03605946502648294,1.1624513305723667,-199.20369052886963,0.0003
0.023849038407206535,32,549200,388.1623,0.12,100.0,16711,5492,137104,33.38135486841202,0.0363806989043951,-1.462595708668232,-199.6221466064453,0.0003
0.023849347606301308,32,549600,386.03687,0.11,100.0,16722,5496,137200,29.01544827222824,0.036268590250983834,-0.00464932806789875,-200.36826419830322,0.0003
0.023846449330449104,32,550000,385.78162,0.11,100.0,16733,5500,137296,31.07373023033142,0.03640633658505976,0.4927933281287551,-200.0900239944458,0.0003
0.02384132519364357,32,550400,381.15167,0.09,100.0,16744,5504,137392,32.045183539390564,0.03641504794359207,-0.39225929137319326,-199.66796970367432,0.0003
0.02383561059832573,32,550800,382.54132,0.09,100.0,16759,5508,137504,30.3122598528862,0.03604455548338592,-0.02958480268716812,-199.8828125,0.0003
0.023831212893128395,32,551200,382.4933,0.09,100.0,16773,5512,137600,27.66364574432373,0.03601533058099449,-0.8109907060861588,-200.0431661605835,0.0003
0.023826491087675095,32,551600,381.54913,0.09,100.0,16785,5516,137696,32.01109194755554,0.03592889988794923,0.6996359806507826,-198.94232082366943,0.0003
0.023824354633688927,32,552000,380.68164,0.08,100.0,16798,5520,137792,30.858136534690857,0.035963514586910605,-1.1735903918743134,-200.19055652618408,0.0003
0.023823697119951248,32,552400,383.74094,0.1,100.0,16812,5524,137904,28.974714636802673,0.036043255822733045,-0.41182887367904186,-199.56586933135986,0.0003
0.02381601184606552,32,552800,384.511,0.1,100.0,16824,5528,138000,34.80093842744827,0.036083478946238756,-1.2772772163152695,-200.7475004196167,0.0003
0.02381015196442604,32,553200,383.5559,0.1,100.0,16834,5532,138096,32.25663447380066,0.03616077289916575,3.4139719754457474,-200.59777069091797,0.0003
0.023804644122719765,32,553600,381.6775,0.1,100.0,16848,5536,138192,28.771287620067596,0.03640672122128308,-1.4908421831205487,-199.09676837921143,0.0003
0.0238022543489933,32,554000,381.9157,0.1,100.0,16862,5540,138304,30.026660203933716,0.036571969045326114,-0.5655018780380487,-199.4487543106079,0.0003
0.02380507066845894,32,554400,381.09845,0.1,100.0,16875,5544,138400,30.08002370595932,0.03667879174463451,-2.406789492815733,-200.0920639038086,0.0003
0.023798394948244095,32,554800,381.86594,0.11,100.0,16887,5548,138496,32.31425416469574,0.036416406743228436,-1.3194033540785313,-199.55686473846436,0.0003
0.023796016350388527,32,555200,383.72235,0.12,100.0,16898,5552,138592,29.462612867355347,0.03628259478136897,-0.13948961906135082,-200.8727102279663,0.0003
0.023795945569872856,32,555600,383.14304,0.11,100.0,16911,5556,138704,30.994195103645325,0.03648818121291697,-1.224330898374319,-198.98562240600586,0.0003
0.023793382570147514,32,556000,379.56958,0.11,100.0,16921,5560,138800,37.773855328559875,0.036894725635647774,1.163179723545909,-199.971360206604,0.0003
0.02378554828464985,32,556400,381.04572,0.12,100.0,16934,5564,138896,36.343647718429565,0.037658092100173235,1.6630071550607681,-201.62482833862305,0.0003
0.02378750592470169,32,556800,383.55017,0.13,100.0,16945,5568,138992,29.80762219429016,0.03774379100650549,-1.9733939990401268,-200.40145587921143,0.0003
0.023792434483766556,32,557200,386.06683,0.13,100.0,16958,5572,139104,34.42323309183121,0.037625121884047985,-1.2534015756100416,-199.40064811706543,0.0003
0.02378690429031849,32,557600,387.53003,0.14,100.0,16970,5576,139200,29.620216131210327,0.0373107569757849,-1.021532066166401,-199.62442111968994,0.0003
0.023785341531038284,32,558000,387.1075,0.13,100.0,16980,5580,139296,31.640619575977325,0.03739915997721255,0.5434998497366905,-201.12540435791016,0.0003
0.02378411777317524,32,558400,386.46124,0.13,100.0,16993,5584,139392,34.29282891750336,0.03754191333428025,0.29392123967409134,-200.11018562316895,0.0003
0.023776285350322723,32,558800,388.1801,0.14,100.0,17010,5588,139504,31.60960364341736,0.03734994539991021,-1.096576141193509,-200.17718982696533,0.0003
0.023774297907948494,32,559200,385.3997,0.14,100.0,17020,5592,139600,31.033459901809692,0.037377782398834825,2.3527763560414314,-200.74236869812012,0.0003
0.023770155385136604,32,559600,385.36115,0.13,100.0,17034,5596,139696,29.088072061538696,0.03762069786898792,2.297050070017576,-199.74074745178223,0.0003
0.023771924898028374,32,560000,385.34766,0.13,100.0,17046,5600,139792,35.7961345911026,0.037813569186255336,0.8585164416581392,-199.26221370697021,0.0003
0.0237674992531538,32,560400,385.70996,0.13,100.0,17058,5604,139904,25.763125717639923,0.03771980642341077,0.4773240350186825,-200.46655654907227,0.0003
0.023760279640555382,32,560800,385.3679,0.13,100.0,17069,5608,140000,32.090263187885284,0.03802722250111401,1.599680658429861,-200.05908107757568,0.0003
0.023756947368383408,32,561200,383.95102,0.13,100.0,17080,5612,140096,39.1037722826004,0.03835228597745299,-1.3789129313081503,-202.3016710281372,0.0003
0.02375742420554161,32,561600,386.73285,0.14,100.0,17092,5616,140192,27.012498140335083,0.03834471898153424,3.31838027946651,-201.40612316131592,0.0003
0.023755837231874466,32,562000,387.81616,0.15,100.0,17104,5620,140304,33.27622044086456,0.038571229204535484,-0.820110198110342,-200.20029544830322,0.0003
0.0237568411976099,32,562400,385.57236,0.13,100.0,17117,5624,140400,27.101313948631287,0.03849528986029327,-1.2713558478280902,-200.70416927337646,0.0003
0.023760365322232246,32,562800,385.71936,0.13,100.0,17129,5628,140496,25.403215646743774,0.03850957751274109,-0.6334804408252239,-200.04102993011475,0.0003
0.02375960536301136,32,563200,386.01993,0.13,100.0,17142,5632,140592,33.863553524017334,0.03837235737591982,0.6869921330362558,-200.87801551818848,0.0003
0.023756850510835648,32,563600,386.8165,0.14,100.0,17156,5636,140704,28.926119565963745,0.03868210082873702,0.3623090907931328,-200.4549331665039,0.0003
0.023758599534630775,32,564000,385.66965,0.13,100.0,17170,5640,140800,30.276053309440613,0.038705562241375446,0.028010781854391098,-200.44001483917236,0.0003
0.023751335218548775,32,564400,385.429,0.12,100.0,17183,5644,140896,40.016948103904724,0.038529532961547375,1.383017223328352,-200.86352348327637,0.0003
0.023745661601424217,32,564800,385.45218,0.12,100.0,17194,5648,140992,31.628159403800964,0.03852250589989126,-2.1781542152166367,-200.77666854858398,0.0003
0.02374742366373539,32,565200,384.25687,0.11,100.0,17207,5652,141104,29.204872131347656,0.03815513523295522,0.042781390249729156,-200.75794219970703,0.0003
0.02374366670846939,32,565600,383.92715,0.12,100.0,17218,5656,141200,30.77552628517151,0.038223161827772856,-0.5250704623758793,-200.40810680389404,0.0003
0.023741301149129868,32,566000,387.04422,0.12,100.0,17231,5660,141296,31.36153769493103,0.03822485054843128,0.9864715915173292,-200.3107852935791,0.0003
0.023747125640511513,32,566400,387.7849,0.12,100.0,17244,5664,141392,28.051466584205627,0.03842114517465234,-0.9321995321661234,-200.01535892486572,0.0003
0.023748891428112984,32,566800,386.28653,0.11,100.0,17259,5668,141504,30.717559814453125,0.03847515909001231,0.3583024386316538,-200.0432643890381,0.0003
0.023745693266391754,32,567200,386.54337,0.12,100.0,17270,5672,141600,28.70467436313629,0.0384219407569617,-1.6058862581849098,-199.7574872970581,0.0003
0.023746943101286888,32,567600,386.5875,0.11,100.0,17281,5676,141696,27.821939706802368,0.03832727670669556,-1.108905271627009,-200.50663661956787,0.0003
0.023744460195302963,32,568000,388.33206,0.12,100.0,17294,5680,141792,34.30241239070892,0.03837000159546733,1.160755105316639,-200.08081817626953,0.0003
0.02373890019953251,32,568400,387.27524,0.11,100.0,17305,5684,141904,35.16278338432312,0.03843522700481117,1.1820131475105882,-199.90669918060303,0.0003
0.023738738149404526,32,568800,386.38992,0.1,100.0,17318,5688,142000,27.17170560359955,0.038668069522827864,1.6942420937120914,-199.90729236602783,0.0003
0.023734061047434807,32,569200,386.81863,0.1,100.0,17329,5692,142096,27.32420527935028,0.03869103896431625,1.2017923006787896,-200.3465518951416,0.0003
0.023738019168376923,32,569600,384.41202,0.1,100.0,17339,5696,142192,25.17474126815796,0.038756930036470294,-2.2038177512586117,-200.86888694763184,0.0003
0.02373703196644783,32,570000,385.87234,0.11,100.0,17350,5700,142304,28.633180379867554,0.038553542690351605,-2.648093607276678,-200.36404609680176,0.0003
0.023740362375974655,32,570400,388.22632,0.12,100.0,17363,5704,142400,33.06480062007904,0.03865429945290089,0.210544113535434,-200.01266860961914,0.0003
0.02373875305056572,32,570800,390.70935,0.12,100.0,17375,5708,142496,31.219209015369415,0.03858855180442333,0.008809473365545273,-200.49333095550537,0.0003
0.02373519167304039,32,571200,391.72952,0.12,100.0,17387,5712,142592,28.551347017288208,0.0387007303070277,0.2986494954675436,-200.29264450073242,0.0003
0.023733340203762054,32,571600,393.01294,0.13,100.0,17398,5716,142704,29.254336953163147,0.03845732402987778,1.313666582107544,-200.33250617980957,0.0003
0.023735715076327324,32,572000,392.84302,0.12,100.0,17410,5720,142800,35.04773998260498,0.03870636341162026,1.6861691735684872,-200.34488105773926,0.0003
0.023742638528347015,32,572400,393.78473,0.12,100.0,17421,5724,142896,35.85109102725983,0.03878856869414449,0.5507083348929882,-201.52130699157715,0.0003
0.023737167939543724,32,572800,398.31482,0.14,100.0,17432,5728,142992,30.519297242164612,0.038759377552196383,-0.5175300873816013,-199.6774091720581,0.0003
0.0237385556101799,32,573200,397.91977,0.14,100.0,17446,5732,143104,31.483670830726624,0.03868309245444834,-1.7344555482268333,-199.57772636413574,0.0003
0.023735499009490013,32,573600,398.31143,0.14,100.0,17460,5736,143200,28.371384382247925,0.038428146159276366,1.0651472816243768,-200.2378911972046,0.0003
0.023736292496323586,32,574000,398.857,0.15,100.0,17473,5740,143296,34.682443380355835,0.03846083837561309,-1.8049861658364534,-200.39718055725098,0.0003
0.023730969056487083,32,574400,399.1661,0.15,100.0,17485,5744,143392,42.65605056285858,0.038191325729712844,2.0367346815764904,-200.39205074310303,0.0003
0.023731984198093414,32,574800,399.99832,0.15,100.0,17500,5748,143504,27.216176390647888,0.03843736764974892,1.7116592582315207,-200.83605289459229,0.0003
0.02373063750565052,32,575200,400.69345,0.16,100.0,17513,5752,143600,29.30057454109192,0.03853097418323159,-3.1547176986932755,-199.6740369796753,0.0003
0.02372763119637966,32,575600,401.2133,0.16,100.0,17526,5756,143696,30.44716191291809,0.03841741825453937,-2.4418047182261944,-200.40494918823242,0.0003
0.02372460439801216,32,576000,400.8195,0.16,100.0,17537,5760,143792,25.8474600315094,0.038350106216967106,-1.7931755296885967,-200.4297046661377,0.0003
0.023721538484096527,32,576400,398.79367,0.15,100.0,17551,5764,143904,26.717701196670532,0.03846539929509163,-1.088029282167554,-200.76629066467285,0.0003
0.02372146025300026,32,576800,399.58655,0.16,100.0,17563,5768,144000,27.85070765018463,0.038313691737130284,-0.2239750176668167,-199.85587692260742,0.0003
0.023719659075140953,32,577200,399.10376,0.15,100.0,17575,5772,144096,28.53808307647705,0.03835034230723977,-0.3062164206057787,-201.0535011291504,0.0003
0.023723216727375984,32,577600,398.75833,0.16,100.0,17586,5776,144192,34.21019095182419,0.03837940073572099,-1.075550889596343,-200.68384075164795,0.0003
0.023720141500234604,32,578000,397.39825,0.15,100.0,17598,5780,144304,35.54621124267578,0.038527130614966154,0.5184302367269993,-200.65235996246338,0.0003
0.02371603436768055,32,578400,399.56293,0.16,100.0,17613,5784,144400,31.330759406089783,0.0388778739143163,2.042331952601671,-199.9721164703369,0.0003
0.023717613890767097,32,578800,398.64478,0.16,100.0,17624,5788,144496,30.640923738479614,0.039049783954396844,0.9366847425699234,-199.98351001739502,0.0003
0.023719755932688713,32,579200,399.92743,0.16,100.0,17635,5792,144592,28.71635913848877,0.03917594742961228,0.19249507784843445,-199.9098014831543,0.0003
0.023719733580946922,32,579600,399.52515,0.16,100.0,17647,5796,144704,33.8625283241272,0.039233791176229715,1.2905105836689472,-200.5769624710083,0.0003
0.023714788258075714,32,580000,398.05066,0.16,100.0,17658,5800,144800,29.613238215446472,0.03915950912050903,-1.0155758000910282,-200.02766609191895,0.0003
0.023716149851679802,32,580400,397.29395,0.16,100.0,17669,5804,144896,28.94413650035858,0.03918812470510602,-0.36235748045146465,-201.06210803985596,0.0003
0.023716362193226814,32,580800,395.95035,0.16,100.0,17682,5808,144992,38.466410636901855,0.039059139089658856,1.4886539243161678,-201.1743745803833,0.0003
0.023712869733572006,32,581200,395.91434,0.16,100.0,17695,5812,145104,31.19694721698761,0.0388081690762192,-0.6718800403177738,-200.91625308990479,0.0003
0.023709340021014214,32,581600,391.21964,0.14,100.0,17706,5816,145200,40.02629500627518,0.03886118996888399,0.14939310401678085,-200.2657709121704,0.0003
0.0237059835344553,32,582000,391.46973,0.14,100.0,17718,5820,145296,29.246288537979126,0.03891226486302912,-1.9687499031424522,-200.9621753692627,0.0003
0.023700060322880745,32,582400,392.93878,0.16,100.0,17732,5824,145392,30.1656756401062,0.03897899528965354,-0.7715191543102264,-200.87586212158203,0.0003
0.023699816316366196,32,582800,388.67773,0.14,100.0,17743,5828,145504,29.91990303993225,0.038935828721150756,0.5416453275829554,-200.07988929748535,0.0003
0.02369442954659462,32,583200,388.25824,0.14,100.0,17755,5832,145600,29.264050722122192,0.03880126471631229,1.4604255491867661,-200.9060869216919,0.0003
0.023691285401582718,32,583600,388.2027,0.15,100.0,17767,5836,145696,30.066685795783997,0.038698647171258926,-2.5119874281808734,-200.94148445129395,0.0003
0.023684212937951088,32,584000,385.50827,0.13,100.0,17779,5840,145792,27.326221466064453,0.03834269614890218,-3.0322330482304096,-201.32437705993652,0.0003
0.02368289791047573,32,584400,387.67245,0.14,100.0,17793,5844,145904,26.21858936548233,0.038328986847773194,-0.11582927405834198,-200.93364810943604,0.0003
0.023680411279201508,32,584800,386.71216,0.14,100.0,17805,5848,146000,26.72320294380188,0.03821758390404284,-1.6198087632656097,-202.20939540863037,0.0003
0.02368033491075039,32,585200,386.87503,0.13,100.0,17817,5852,146096,39.220500349998474,0.0383030220400542,-0.313399042468518,-201.2211799621582,0.0003
0.02368091605603695,32,585600,386.15372,0.12,100.0,17828,5856,146192,33.16369950771332,0.038305875612422824,0.6989018702879548,-200.54196548461914,0.0003
0.023675719276070595,32,586000,387.7261,0.14,100.0,17840,5860,146304,28.80956494808197,0.03855412290431559,0.05784446746110916,-200.79174613952637,0.0003
0.023671435192227364,32,586400,387.52246,0.14,100.0,17852,5864,146400,27.544866800308228,0.03829368180595338,-1.321027159690857,-201.48355865478516,0.0003
0.023665590211749077,32,586800,387.2001,0.14,100.0,17864,5868,146496,31.212135314941406,0.038349397014826536,1.0636595860123634,-201.27972030639648,0.0003
0.023662615567445755,32,587200,388.6826,0.15,100.0,17876,5872,146592,31.67038357257843,0.0383746731095016,0.9932055957615376,-201.36175537109375,0.0003
0.023659391328692436,32,587600,388.70575,0.15,100.0,17890,5876,146704,27.667635202407837,0.03860922297462821,0.8483983837068081,-201.7878360748291,0.0003
0.023654837161302567,32,588000,393.4281,0.18,100.0,17901,5880,146800,29.75824272632599,0.03881256398744881,0.5363693982362747,-201.56811046600342,0.0003
0.023646296933293343,32,588400,392.5406,0.17,100.0,17917,5884,146896,34.775094866752625,0.03902325197122991,1.3772354256361723,-202.0369644165039,0.0003
0.023649711161851883,32,588800,395.37302,0.17,100.0,17929,5888,146992,28.68817412853241,0.03931858716532588,0.30440356861799955,-202.3073377609253,0.0003
0.0236478541046381,32,589200,396.26468,0.17,100.0,17943,5892,147104,27.202315270900726,0.03944716043770313,0.38172753155231476,-201.63082218170166,0.0003
0.02364853397011757,32,589600,397.78278,0.17,100.0,17955,5896,147200,30.818225622177124,0.039692838909104466,0.5219709761440754,-202.5372486114502,0.0003
0.02365013398230076,32,590000,396.0034,0.16,100.0,17967,5900,147296,26.1839542388916,0.03968427539803088,0.28971871733665466,-202.2887773513794,0.0003
0.023646477609872818,32,590400,396.43964,0.16,100.0,17978,5904,147392,33.14736306667328,0.039585640421137214,0.03329584375023842,-201.98006916046143,0.0003
0.023643869906663895,32,590800,398.05124,0.16,100.0,17993,5908,147504,32.929571866989136,0.03994598612189293,2.566050484776497,-202.66827869415283,0.0003
0.023638183251023293,32,591200,398.51526,0.16,100.0,18007,5912,147600,35.819366455078125,0.040172249311581254,2.3655164875090122,-202.29263591766357,0.0003
0.0236365869641304,32,591600,398.28568,0.16,100.0,18018,5916,147696,31.699884176254272,0.040334796998649836,-0.7218915913254023,-201.69756889343262,0.0003
0.02363414317369461,32,592000,396.39777,0.17,100.0,18030,5920,147792,34.46261441707611,0.04071399918757379,0.48932522907853127,-201.59814929962158,0.0003
0.02362735942006111,32,592400,390.9953,0.15,100.0,18043,5924,147904,31.124849796295166,0.0408212726470083,-1.8491017632186413,-202.36521434783936,0.0003
0.02362659201025963,32,592800,388.73434,0.15,100.0,18055,5928,148000,32.84590023756027,0.040952649200335145,0.28644322603940964,-201.6301736831665,0.0003
0.023628247901797295,32,593200,389.33298,0.15,100.0,18065,5932,148096,32.83824670314789,0.04116795305162668,0.6661982461810112,-201.3376979827881,0.0003
0.0236265417188406,32,593600,387.4793,0.13,100.0,18077,5936,148192,33.285948753356934,0.04120489186607301,0.7297594472765923,-202.0608263015747,0.0003
0.02362075075507164,32,594000,386.21982,0.13,100.0,18089,5940,148304,29.283080577850342,0.04140014830045402,1.9371287692338228,-201.45332717895508,0.0003
0.02362065389752388,32,594400,384.57852,0.13,100.0,18102,5944,148400,32.83336305618286,0.04187075421214104,0.765070240944624,-202.0406732559204,0.0003
0.0236212071031332,32,594800,384.35754,0.12,100.0,18114,5948,148496,30.489695191383362,0.04205483291298151,-0.18576985225081444,-202.46567344665527,0.0003
0.02362239547073841,32,595200,384.2141,0.12,100.0,18127,5952,148592,31.10604202747345,0.04227429535239935,1.5067678950726986,-201.48263835906982,0.0003
0.023621054366230965,32,595600,384.88147,0.13,100.0,18140,5956,148704,33.37331801652908,0.0421586346346885,0.23658867180347443,-202.39408588409424,0.0003
0.023617105558514595,32,596000,384.58444,0.12,100.0,18151,5960,148800,31.10334885120392,0.04216619813814759,2.325140598695725,-202.16053009033203,0.0003
0.023615648970007896,32,596400,381.5501,0.12,100.0,18161,5964,148896,33.35611033439636,0.042187305400148034,-1.334460497368127,-202.41804695129395,0.0003
0.0236140675842762,32,596800,379.20657,0.11,100.0,18172,5968,148992,34.93746089935303,0.042332876939326525,-0.9553483203053474,-201.13702392578125,0.0003
0.02360864169895649,32,597200,379.06503,0.12,100.0,18185,5972,149104,31.541825890541077,0.042371880961582065,1.5618868619203568,-201.795578956604,0.0003
0.023606671020388603,32,597600,378.55444,0.12,100.0,18199,5976,149200,29.582904875278473,0.042763296980410814,0.6830487959086895,-202.18783378601074,0.0003
0.023607220500707626,32,598000,374.0308,0.09,100.0,18212,5980,149296,26.706545114517212,0.04268564679659903,-1.270161297172308,-203.3736867904663,0.0003
0.023608777672052383,32,598400,371.9329,0.09,100.0,18223,5984,149392,28.122254133224487,0.0428109485656023,0.14750506728887558,-203.21037673950195,0.0003
0.023608556017279625,32,598800,369.96384,0.1,100.0,18237,5988,149504,26.77471685409546,0.04281121585518122,-0.6817555716261268,-202.7862672805786,0.0003
0.02361164055764675,32,599200,367.08444,0.1,100.0,18247,5992,149600,24.844556391239166,0.04300529393367469,-0.8365096766501665,-200.93060684204102,0.0003
0.02360949106514454,32,599600,367.65598,0.11,100.0,18260,5996,149696,30.201719343662262,0.042940577026456594,-1.4352242443710566,-202.8603630065918,0.0003
0.02361554466187954,32,600000,371.37323,0.13,100.0,18275,6000,149792,26.46972680091858,0.04307457967661321,0.6415603999048471,-202.03398418426514,0.0003
0.02361333556473255,32,600400,372.5792,0.14,100.0,18289,6004,149904,37.3421493768692,0.043073036475107074,-0.9573820782825351,-203.09537506103516,0.0003
0.023612547665834427,32,600800,370.39023,0.14,100.0,18303,6008,150000,31.115102648735046,0.04312767251394689,-0.6241988502442837,-201.87942600250244,0.0003
0.023613445460796356,32,601200,369.41333,0.14,100.0,18314,6012,150096,32.18708550930023,0.043004147708415985,-1.0601958073675632,-202.59542083740234,0.0003
0.023609962314367294,32,601600,371.22882,0.14,100.0,18325,6016,150192,29.09430456161499,0.042877082945778966,-1.4789994098246098,-202.62070655822754,0.0003
0.023603560402989388,32,602000,373.70407,0.14,100.0,18340,6020,150304,28.463681757450104,0.04253714042715728,-0.8717408049851656,-202.71114921569824,0.0003
0.023597143590450287,32,602400,377.52982,0.15,100.0,18352,6024,150400,32.191264033317566,0.04221988283097744,2.092948816716671,-202.04550075531006,0.0003
0.02359665557742119,32,602800,379.83536,0.16,100.0,18366,6028,150496,32.28200805187225,0.041933816857635975,-1.1144100558012724,-201.74848175048828,0.0003
0.023597130551934242,32,603200,379.59808,0.16,100.0,18378,6032,150592,25.71565556526184,0.041812391486018896,-2.4337305668741465,-202.34496307373047,0.0003
0.023592142388224602,32,603600,379.92426,0.16,100.0,18392,6036,150704,35.334733963012695,0.041829334339126945,-1.4672623351216316,-202.96606254577637,0.0003
0.023593641817569733,32,604000,382.39352,0.17,100.0,18406,6040,150800,33.84748077392578,0.041821371763944626,-2.427818551659584,-202.61893558502197,0.0003
0.023590391501784325,32,604400,385.34747,0.18,100.0,18419,6044,150896,27.365110337734222,0.041518912417814136,-2.4798952005803585,-202.5958375930786,0.0003
0.023583633825182915,32,604800,386.28616,0.19,100.0,18433,6048,150992,23.96830666065216,0.041302616940811276,1.0301838144659996,-202.64316368103027,0.0003
0.023583894595503807,32,605200,388.06497,0.2,100.0,18447,6052,151104,31.92082452774048,0.04116633627563715,-0.5241773519665003,-203.44756031036377,0.0003
0.023584220558404922,32,605600,388.49457,0.19,100.0,18458,6056,151200,28.085102081298828,0.04105582274496555,-0.6412784326821566,-203.02224826812744,0.0003
0.02358173206448555,32,606000,386.60968,0.18,100.0,18470,6060,151296,29.681809306144714,0.04088657652027905,-0.4312448278069496,-202.74644565582275,0.0003
0.02357548102736473,32,606400,388.5363,0.18,100.0,18482,6064,151392,28.443732023239136,0.04070624173618853,-0.0575992576777935,-203.27835369110107,0.0003
0.023569514974951744,32,606800,391.47745,0.18,100.0,18494,6068,151504,35.36684823036194,0.04030278907157481,-0.569417878985405,-203.16654205322266,0.0003
0.02356867864727974,32,607200,389.1591,0.16,100.0,18505,6072,151600,27.91190469264984,0.04038527444936335,-0.5750588141381741,-203.30241775512695,0.0003
0.02356582321226597,32,607600,388.7655,0.16,100.0,18516,6076,151696,32.28840243816376,0.04035079409368336,0.9742617141455412,-203.287504196167,0.0003
0.023563586175441742,32,608000,389.9747,0.16,100.0,18527,6080,151792,27.92732834815979,0.04046303452923894,2.5282032378017902,-203.39175701141357,0.0003
0.023559708148241043,32,608400,390.17896,0.16,100.0,18540,6084,151904,31.560659766197205,0.040993642061948776,1.6108271069824696,-203.68664741516113,0.0003
0.023557808250188828,32,608800,389.1239,0.15,100.0,18551,6088,152000,29.536441802978516,0.04138628486543894,0.44735527597367764,-203.75450992584229,0.0003
0.023563195019960403,32,609200,393.52512,0.16,100.0,18565,6092,152096,31.699897408485413,0.04185268981382251,2.649881612509489,-202.58857345581055,0.0003
0.02356717176735401,32,609600,394.51587,0.16,100.0,18579,6096,152192,30.005791664123535,0.04209660948254168,1.2998454477638006,-203.35851573944092,0.0003
0.023567218333482742,32,610000,389.67477,0.14,100.0,18591,6100,152304,32.719650626182556,0.04232950578443706,0.19147902354598045,-203.22798347473145,0.0003
0.023568380624055862,32,610400,386.7395,0.12,100.0,18602,6104,152400,29.09075903892517,0.042489961721003056,2.2669508531689644,-202.7717809677124,0.0003
0.0235707089304924,32,610800,388.93094,0.13,100.0,18618,6108,152496,24.728293418884277,0.042561826994642615,-1.759200219064951,-203.76606941223145,0.0003
0.023573188111186028,32,611200,390.8587,0.15,100.0,18630,6112,152592,29.71005129814148,0.042441470781341195,-0.6580259371548891,-202.39947032928467,0.0003
0.0235711969435215,32,611600,390.89847,0.15,100.0,18643,6116,152704,31.28329885005951,0.0422178297303617,1.3446762692183256,-204.21985054016113,0.0003
0.02357051707804203,32,612000,392.0539,0.16,100.0,18658,6120,152800,28.13671052455902,0.04207857069559395,0.27362384647130966,-203.28378582000732,0.0003
0.023566661402583122,32,612400,390.68915,0.15,100.0,18669,6124,152896,29.95328462123871,0.04197506210766733,0.8041703142225742,-204.15705108642578,0.0003
0.0235684122890234,32,612800,388.1313,0.14,100.0,18680,6128,152992,27.360332250595093,0.0424305631313473,-0.6820119097828865,-203.71587467193604,0.0003
0.023560823872685432,32,613200,390.18484,0.15,100.0,18695,6132,153104,28.997400879859924,0.04212131188251078,1.6917153717949986,-203.13919353485107,0.0003
0.023559488356113434,32,613600,392.67065,0.16,100.0,18708,6136,153200,32.32558357715607,0.04231011797674,-0.07612913008779287,-202.82132244110107,0.0003
0.02355925366282463,32,614000,391.66074,0.16,100.0,18724,6140,153296,31.558499217033386,0.04233876406215131,1.2888421695679426,-203.923996925354,0.0003
0.023559097200632095,32,614400,387.62167,0.14,100.0,18735,6144,153392,25.308276772499084,0.04234523535706103,0.9008982665836811,-203.23358249664307,0.0003
0.023560287430882454,32,614800,387.27618,0.13,100.0,18750,6148,153504,26.581523776054382,0.04258543439209461,0.7193379178643227,-202.88240242004395,0.0003
0.023559771478176117,32,615200,382.96344,0.11,100.0,18762,6152,153600,29.106148660182953,0.04223180515691638,-1.2636024355888367,-202.6380672454834,0.0003
0.023559756577014923,32,615600,381.52283,0.11,100.0,18773,6156,153696,28.855411171913147,0.04228619020432234,-0.11395005881786346,-204.02963066101074,0.0003
0.023559557273983955,32,616000,382.7775,0.11,100.0,18786,6160,153792,28.23101955652237,0.04204670852050185,-1.2750873193144798,-203.43434715270996,0.0003
0.023560840636491776,32,616400,385.20712,0.12,100.0,18799,6164,153904,29.658060252666473,0.041529162786901,-1.4098220840096474,-203.93796062469482,0.0003
0.023556498810648918,32,616800,380.2773,0.12,100.0,18812,6168,154000,22.822607040405273,0.04121887916699052,-0.9386338330805302,-203.2182970046997,0.0003
0.02355646714568138,32,617200,379.8107,0.12,100.0,18822,6172,154096,27.13184094429016,0.04085595323704183,-1.8040638156235218,-203.21481704711914,0.0003
0.02354995347559452,32,617600,379.23578,0.11,100.0,18834,6176,154192,23.540921211242676,0.04046578356064856,-0.5210068393498659,-202.69089126586914,0.0003
0.023544123396277428,32,618000,379.94464,0.13,100.0,18850,6180,154304,28.06237781047821,0.03988854167982936,-0.750791884958744,-203.6254653930664,0.0003
0.023541446775197983,32,618400,382.01968,0.13,100.0,18862,6184,154400,26.588048934936523,0.03960261237807572,-0.5183707028627396,-202.7709445953369,0.0003
0.023541860282421112,32,618800,380.4414,0.13,100.0,18875,6188,154496,23.452110171318054,0.03935217345133424,-2.2723428532481194,-202.78283882141113,0.0003
0.023539431393146515,32,619200,379.90872,0.14,100.0,18887,6192,154592,24.191754698753357,0.03910388401709497,-0.2916907109320164,-202.60332679748535,0.0003
0.023533206433057785,32,619600,377.881,0.14,100.0,18902,6196,154704,31.10543465614319,0.03898255340754986,-2.082596754655242,-203.17741107940674,0.0003
0.0235272366553545,32,620000,379.5132,0.14,100.0,18915,6200,154800,23.536877512931824,0.03891114075668156,2.17111324891448,-202.25512981414795,0.0003
0.02352933958172798,32,620400,379.4385,0.14,100.0,18926,6204,154896,22.822953701019287,0.03897835244424641,0.2842565067112446,-203.13998413085938,0.0003
0.023526916280388832,32,620800,377.4432,0.13,100.0,18938,6208,154992,28.49133312702179,0.03889826079830527,-1.4399976804852486,-202.02844619750977,0.0003
0.023523349314928055,32,621200,377.78625,0.11,100.0,18954,6212,155104,27.08988106250763,0.0387049897108227,1.7032638941891491,-203.2201805114746,0.0003
0.02352263405919075,32,621600,377.84384,0.12,100.0,18965,6216,155200,31.064143300056458,0.03872848046012223,2.0793354073539376,-203.90723991394043,0.0003
0.023525092750787735,32,622000,374.38953,0.1,100.0,18975,6220,155296,30.796043395996094,0.03881340427324176,1.2291167294606566,-202.64385795593262,0.0003
0.023524783551692963,32,622400,375.39493,0.11,100.0,18991,6224,155392,28.78057861328125,0.03904869291000068,-0.43851760774850845,-203.26252841949463,0.0003
0.023515624925494194,32,622800,381.66272,0.12,100.0,19002,6228,155504,37.00071930885315,0.03884564992040396,-1.780356802046299,-203.69212818145752,0.0003
0.02351244166493416,32,623200,378.47534,0.11,100.0,19015,6232,155600,25.525903701782227,0.038854534504935145,0.5639481581747532,-203.49836826324463,0.0003
0.023509832099080086,32,623600,377.1725,0.11,100.0,19026,6236,155696,24.734116792678833,0.038888832088559866,-0.8621686529368162,-203.14185428619385,0.0003
0.023509817197918892,32,624000,379.8891,0.11,100.0,19041,6240,155792,28.675723433494568,0.03918401640839875,-2.1059721633791924,-203.13619995117188,0.0003
0.02350478433072567,32,624400,382.1083,0.12,100.0,19056,6244,155904,25.930997848510742,0.039255056297406554,1.2411703653633595,-204.10142421722412,0.0003
0.023503921926021576,32,624800,380.47223,0.12,100.0,19073,6248,156000,24.658277571201324,0.039462128188461065,-0.47444611229002476,-203.41177463531494,0.0003
0.023500045761466026,32,625200,381.40067,0.12,100.0,19087,6252,156096,25.79516911506653,0.03946800669655204,0.2679754178971052,-203.6266736984253,0.0003
0.023502709344029427,32,625600,382.94794,0.13,100.0,19102,6256,156192,24.708964586257935,0.03951008524745703,0.07168793678283691,-203.41173267364502,0.0003
0.023494206368923187,32,626000,386.9116,0.15,100.0,19118,6260,156304,27.03302538394928,0.039299428928643465,-0.2815624959766865,-203.83024406433105,0.0003
0.02349342219531536,32,626400,387.88132,0.15,100.0,19130,6264,156400,24.935633838176727,0.03918255865573883,-0.8938094340264797,-203.28685188293457,0.0003
0.023490257561206818,32,626800,393.42825,0.16,100.0,19142,6268,156496,22.88974893093109,0.038987135514616966,1.817298817448318,-203.4623899459839,0.0003
0.02348816581070423,32,627200,396.29605,0.16,100.0,19158,6272,156592,20.59306490421295,0.039106934797018766,1.2297170609235764,-202.503999710083,0.0003
0.023484008386731148,32,627600,398.69864,0.17,100.0,19171,6276,156704,27.69003415107727,0.03920140862464905,0.6227253004908562,-203.27908897399902,0.0003
0.02348523959517479,32,628000,398.10156,0.16,100.0,19186,6280,156800,27.43383026123047,0.039494327269494534,-0.2514001987874508,-204.59513568878174,0.0003
0.023486178368330002,32,628400,396.34854,0.16,100.0,19197,6284,156896,29.71610963344574,0.03976202383637428,-0.552984070032835,-204.70181369781494,0.0003
0.023481765761971474,32,628800,399.8418,0.17,100.0,19211,6288,156992,39.48619043827057,0.039688932709395885,1.2752842996269464,-203.33368968963623,0.0003
0.023478249087929726,32,629200,398.18127,0.16,100.0,19223,6292,157104,29.945226669311523,0.04020512942224741,0.9859351646155119,-203.28373527526855,0.0003
0.023472970351576805,32,629600,399.14996,0.15,100.0,19240,6296,157200,25.27862000465393,0.040464546997100115,1.48234873265028,-203.32316780090332,0.0003
0.023474669083952904,32,630000,400.8132,0.16,100.0,19252,6300,157296,26.014403700828552,0.04083203454501927,0.27986181527376175,-204.3563461303711,0.0003
0.023474019020795822,32,630400,400.59543,0.16,100.0,19262,6304,157392,30.90145206451416,0.04093218455091119,0.9205835983157158,-203.47689247131348,0.0003
0.023471476510167122,32,630800,402.114,0.16,100.0,19275,6308,157504,29.465144991874695,0.04088921728543937,0.8607820589095354,-203.68346500396729,0.0003
0.023466279730200768,32,631200,400.84387,0.16,100.0,19286,6312,157600,28.375189900398254,0.0410040479619056,0.061400145292282104,-204.38056755065918,0.0003
0.023464055731892586,32,631600,405.02548,0.17,100.0,19301,6316,157696,28.92435336112976,0.04094592062756419,0.47003740817308426,-203.36792755126953,0.0003
0.02346125803887844,32,632000,405.8857,0.17,100.0,19312,6320,157792,25.472696840763092,0.040963431587442756,0.19214009121060371,-204.16183471679688,0.0003
0.023459579795598984,32,632400,409.23105,0.17,100.0,19329,6324,157904,28.625454306602478,0.04104359308257699,-0.39324212074279785,-203.65023136138916,0.0003
0.023453546687960625,32,632800,405.19458,0.16,100.0,19341,6328,158000,29.60097086429596,0.04126800806261599,0.1996153686195612,-203.94015312194824,0.0003
0.023448923602700233,32,633200,406.97882,0.17,100.0,19355,6332,158096,25.513932943344116,0.04151126625947654,3.606556144542992,-203.75984954833984,0.0003
0.023447666317224503,32,633600,405.4083,0.16,100.0,19370,6336,158192,29.846531629562378,0.041911657666787505,1.405062012374401,-205.14741611480713,0.0003
0.023454125970602036,32,634000,403.91605,0.15,100.0,19386,6340,158304,33.2551794052124,0.042584670474752784,-2.632589565590024,-203.5347547531128,0.0003
0.023452917113900185,32,634400,402.11093,0.14,100.0,19396,6344,158400,27.013360857963562,0.04273470467887819,3.419353738427162,-203.8701982498169,0.0003
0.02345348708331585,32,634800,402.46466,0.14,100.0,19407,6348,158496,30.270787835121155,0.04302144329994917,1.9960508681833744,-204.56479263305664,0.0003
0.023454101756215096,32,635200,401.96304,0.14,100.0,19419,6352,158592,31.755271553993225,0.043132890947163105,-0.6494399346411228,-203.9531545639038,0.0003
0.02345440723001957,32,635600,401.0072,0.13,100.0,19433,6356,158704,34.11768555641174,0.043251677649095654,0.36611413676291704,-204.78295135498047,0.0003
0.023458512499928474,32,636000,397.58273,0.11,100.0,19445,6360,158800,30.989601016044617,0.04336372157558799,1.8616021145135164,-203.7651653289795,0.0003
0.023459872230887413,32,636400,395.51266,0.1,100.0,19458,6364,158896,39.16959309577942,0.043536590645089746,0.8237019758671522,-204.08491325378418,0.0003
0.023460717871785164,32,636800,394.74963,0.1,100.0,19471,6368,158992,31.33551776409149,0.04365479783155024,0.30475808680057526,-203.7875270843506,0.0003
0.023462168872356415,32,637200,392.3888,0.1,100.0,19483,6372,159104,26.054120421409607,0.04370689578354359,-0.39039985463023186,-204.35242176055908,0.0003
0.023460960015654564,32,637600,393.0046,0.1,100.0,19497,6376,159200,22.269176483154297,0.04365324811078608,-0.17913319915533066,-204.18060779571533,0.0003
0.023460840806365013,32,638000,389.576,0.09,100.0,19510,6380,159296,36.42456579208374,0.043533591320738196,-1.1951015517115593,-204.30296325683594,0.0003
0.02345692552626133,32,638400,390.0807,0.09,100.0,19523,6384,159392,31.481452703475952,0.04341759206727147,-0.44087840244174004,-204.3755350112915,0.0003
0.0234550628811121,32,638800,390.07104,0.09,100.0,19535,6388,159504,26.64753758907318,0.043538379250094295,2.9985254406929016,-204.76764678955078,0.0003
0.023453645408153534,32,639200,389.1454,0.08,100.0,19548,6392,159600,25.387019097805023,0.04368675057776272,-0.7516055703163147,-204.42513179779053,0.0003
0.02344883419573307,32,639600,387.24997,0.08,100.0,19562,6396,159696,27.82406795024872,0.04347021505236626,-0.48446975089609623,-203.8797788619995,0.0003
0.023451467975974083,32,640000,387.26447,0.08,100.0,19574,6400,159792,31.075954377651215,0.04335248190909624,-0.8163303770124912,-203.8276491165161,0.0003
0.0234431941062212,32,640400,388.0978,0.09,100.0,19588,6404,159904,29.60857903957367,0.043140796944499016,0.40255837328732014,-204.1799077987671,0.0003
0.02344253845512867,32,640800,385.01968,0.09,100.0,19601,6408,160000,27.956272959709167,0.04316321318037808,-0.4260388445109129,-203.93346500396729,0.0003
0.02344118244946003,32,641200,384.30954,0.1,100.0,19616,6412,160096,30.140853881835938,0.04300497844815254,-0.8213416263461113,-204.52891159057617,0.0003
0.023436790332198143,32,641600,382.02078,0.09,100.0,19630,6416,160192,26.362850427627563,0.042804577853530645,1.115043230354786,-203.89819145202637,0.0003
0.023433778434991837,32,642000,381.34872,0.09,100.0,19642,6420,160304,22.761550068855286,0.04313588561490178,-1.0097233187407255,-203.4938268661499,0.0003
0.02343248575925827,32,642400,376.20496,0.08,100.0,19655,6424,160400,27.227625966072083,0.04289996647275984,0.048013389110565186,-204.45301818847656,0.0003
0.023434003815054893,32,642800,379.87415,0.1,100.0,19666,6428,160496,28.44250762462616,0.042969992849975824,-1.0684664640575647,-203.86557388305664,0.0003
0.023432405665516853,32,643200,380.6755,0.1,100.0,19679,6432,160592,26.41364359855652,0.042978343553841114,-0.48931935243308544,-203.8976879119873,0.0003
0.023437712341547012,32,643600,381.08115,0.1,100.0,19692,6436,160704,29.659152507781982,0.04289251868613064,-0.8769614044576883,-203.99055862426758,0.0003
0.023440783843398094,32,644000,382.75195,0.11,100.0,19705,6440,160800,30.76544749736786,0.042859663721174,0.11390729062259197,-204.33408737182617,0.0003
0.02344411239027977,32,644400,385.5032,0.12,100.0,19719,6444,160896,27.415686011314392,0.04279126529581845,-1.3237719163298607,-203.84313869476318,0.0003
0.02344164438545704,32,644800,387.29315,0.13,100.0,19733,6448,160992,29.187405347824097,0.042660014471039176,-1.8211426436901093,-204.31251049041748,0.0003
0.02344076707959175,32,645200,386.91547,0.13,100.0,19746,6452,161104,24.723668336868286,0.0425846332218498,0.6855679005384445,-204.4342908859253,0.0003
0.023438895121216774,32,645600,387.87442,0.13,100.0,19757,6456,161200,28.244815945625305,0.04233291349373758,1.0481241773813963,-204.6710386276245,0.0003
0.023439817130565643,32,646000,388.36612,0.14,100.0,19770,6460,161296,29.15563154220581,0.0422983777243644,-1.1688690930604935,-204.7417802810669,0.0003
0.023439038544893265,32,646400,387.51395,0.14,100.0,19783,6464,161392,27.030521869659424,0.042319331550970674,-0.4941584710031748,-204.10917568206787,0.0003
0.023443171754479408,32,646800,386.49484,0.13,100.0,19798,6468,161504,26.96700656414032,0.042736962204799056,0.4322222489863634,-204.5711088180542,0.0003
0.023442396894097328,32,647200,389.82437,0.14,100.0,19809,6472,161600,25.269879937171936,0.04275353765115142,0.8380996957421303,-203.6663761138916,0.0003
0.02344175986945629,32,647600,388.06915,0.13,100.0,19822,6476,161696,29.22613799571991,0.04280769266188145,-0.5749445296823978,-203.73338985443115,0.0003
0.02343677170574665,32,648000,389.5091,0.13,100.0,19835,6480,161792,27.04616916179657,0.042897704523056746,0.17706741951406002,-205.34217262268066,0.0003
0.023434462025761604,32,648400,388.91968,0.13,100.0,19847,6484,161904,25.753933429718018,0.04281453229486942,0.21104619093239307,-204.46494007110596,0.0003
0.02343486063182354,32,648800,388.37323,0.12,100.0,19861,6488,162000,27.33064639568329,0.04271773691289127,-1.5575933307409286,-203.6082363128662,0.0003
0.023434486240148544,32,649200,390.31573,0.13,100.0,19874,6492,162096,31.913150787353516,0.04275971534661949,-1.364984579384327,-204.61681270599365,0.0003
0.023436956107616425,32,649600,391.9248,0.13,100.0,19886,6496,162192,29.359448194503784,0.04252478503622115,-1.9416172951459885,-204.34179210662842,0.0003
0.023440038785338402,32,650000,390.6116,0.12,100.0,19898,6500,162304,28.630842804908752,0.04232909413985908,-0.9536631964147091,-204.59269046783447,0.0003
0.023437369614839554,32,650400,392.17273,0.13,100.0,19911,6504,162400,27.407191157341003,0.042128777131438255,2.6197587633505464,-204.59605598449707,0.0003
0.023434670642018318,32,650800,393.96976,0.13,100.0,19923,6508,162496,21.496774673461914,0.04204762796871364,-0.20339400600641966,-204.56505966186523,0.0003
0.023431899026036263,32,651200,394.72824,0.13,100.0,19935,6512,162592,28.335691928863525,0.04185743280686438,-0.6271720826625824,-204.29671669006348,0.0003
0.023432204499840736,32,651600,391.98962,0.12,100.0,19946,6516,162704,35.07520806789398,0.04182083229534328,0.4836106635630131,-203.2057695388794,0.0003
0.02343270741403103,32,652000,394.8873,0.13,100.0,19958,6520,162800,27.143067359924316,0.04154727212153375,-2.233590157702565,-204.48246574401855,0.0003
0.023431774228811264,32,652400,399.61777,0.14,100.0,19969,6524,162896,25.441808342933655,0.041270019486546516,0.0872470960021019,-204.6403293609619,0.0003
0.023429419845342636,32,652800,396.3,0.12,100.0,19981,6528,162992,27.685255885124207,0.04115233779884875,-1.0258746668696404,-205.35640621185303,0.0003
0.023428240790963173,32,653200,398.05237,0.12,100.0,19998,6532,163104,25.130761325359344,0.04117365786805749,-2.7825774159282446,-205.40288066864014,0.0003
0.02342732436954975,32,653600,397.7559,0.12,100.0,20009,6536,163200,29.011468529701233,0.04103676090016961,-2.7007746743038297,-203.47655296325684,0.0003
0.023428522050380707,32,654000,397.1629,0.11,100.0,20023,6540,163296,23.744667172431946,0.040813049767166376,-1.4895581528544426,-204.23601245880127,0.0003
0.023429015651345253,32,654400,395.02945,0.1,100.0,20034,6544,163392,26.91589069366455,0.04063841956667602,-2.175783671438694,-204.72339820861816,0.0003
0.02342742308974266,32,654800,393.8983,0.1,100.0,20048,6548,163504,25.359020233154297,0.040193599881604314,-0.44638960994780064,-204.1949119567871,0.0003
0.023427652195096016,32,655200,395.48242,0.1,100.0,20058,6552,163600,27.7926504611969,0.0401393782813102,1.8740255516022444,-204.3530330657959,0.0003
0.02342686802148819,32,655600,397.39954,0.12,100.0,20070,6556,163696,31.389416098594666,0.040345143526792526,2.0251128673553467,-204.4122314453125,0.0003
0.023432936519384384,32,656000,400.34454,0.13,100.0,20081,6560,163792,24.707961797714233,0.040346319787204266,-2.3475406672805548,-204.8428134918213,0.0003
0.02343071438372135,32,656400,403.28906,0.13,100.0,20093,6564,163904,25.03658628463745,0.04005998116917908,-0.511534046381712,-204.6160888671875,0.0003
0.023426102474331856,32,656800,402.5495,0.13,100.0,20107,6568,164000,27.292604386806488,0.03960864129476249,0.3412927780300379,-203.98719882965088,0.0003
0.023428302258253098,32,657200,399.5333,0.12,100.0,20119,6572,164096,29.510402023792267,0.03955937922000885,1.4722357373684645,-204.27361583709717,0.0003
0.02343212440609932,32,657600,399.48657,0.13,100.0,20130,6576,164192,29.0489764213562,0.03941333573311567,-2.6549797374755144,-205.08635425567627,0.0003
0.02343147248029709,32,658000,401.14255,0.13,100.0,20143,6580,164304,28.733795523643494,0.03931688750162721,2.2532723546028137,-204.75851249694824,0.0003
0.02343088947236538,32,658400,402.1994,0.13,100.0,20157,6584,164400,27.5037180185318,0.0394090146292001,0.27595849335193634,-204.38994026184082,0.0003
0.023433290421962738,32,658800,401.23022,0.13,100.0,20170,6588,164496,27.3427791595459,0.03949968051165342,-0.3827052004635334,-204.70519542694092,0.0003
0.02342778630554676,32,659200,399.93997,0.12,100.0,20184,6592,164592,26.226933240890503,0.03926565148867667,-4.698693823069334,-204.18521976470947,0.0003
0.02342440001666546,32,659600,399.1995,0.12,100.0,20198,6596,164704,26.595219612121582,0.03905648156069219,-0.2475502761080861,-204.61960983276367,0.0003
0.023426419124007225,32,660000,400.4004,0.13,100.0,20208,6600,164800,27.46379393339157,0.038814774714410305,-2.2425200873985887,-204.99168872833252,0.0003
0.023424213752150536,32,660400,399.05527,0.11,100.0,20220,6604,164896,24.34922742843628,0.03863817919045687,-4.658129117451608,-204.4397382736206,0.0003
0.0234206710010767,32,660800,399.35614,0.11,100.0,20232,6608,164992,31.216241359710693,0.038504117634147406,2.871146574616432,-204.45815753936768,0.0003
0.0234176404774189,32,661200,401.30423,0.1,100.0,20245,6612,165104,26.079784989356995,0.03884737775661051,2.1158542167395353,-204.29669761657715,0.0003
0.023419661447405815,32,661600,402.1422,0.1,100.0,20256,6616,165200,26.87816071510315,0.03922293521463871,1.0135590936988592,-204.23369121551514,0.0003
0.023420210927724838,32,662000,398.66046,0.09,100.0,20268,6620,165296,27.841396689414978,0.03913211962208152,-2.700819479301572,-203.37989711761475,0.0003
0.02342410199344158,32,662400,398.28088,0.09,100.0,20284,6624,165392,28.12762749195099,0.03919707960449159,1.9393596146255732,-203.76714515686035,0.0003
0.02342035062611103,32,662800,401.35648,0.1,100.0,20299,6628,165504,23.459339261054993,0.03937081852927804,-0.5238002594560385,-203.8071689605713,0.0003
0.02342177741229534,32,663200,399.11633,0.09,100.0,20311,6632,165600,23.628404319286346,0.03945107478648424,2.476769745349884,-204.60593700408936,0.0003
0.023417716845870018,32,663600,401.12668,0.09,100.0,20325,6636,165696,27.08786714076996,0.03934328770264983,2.4776448160409927,-204.47919750213623,0.0003
0.02341749146580696,32,664000,400.84686,0.09,100.0,20340,6640,165792,32.20209610462189,0.03944833762943745,-1.7685457970947027,-204.4747428894043,0.0003
0.023423386737704277,32,664400,401.49368,0.09,100.0,20352,6644,165904,29.52882444858551,0.039808740839362144,0.7784771313890815,-204.60301113128662,0.0003
0.023422935977578163,32,664800,402.1521,0.08,100.0,20364,6648,166000,23.238297641277313,0.039609030820429325,-0.7043641246855259,-204.43329238891602,0.0003
0.023424284532666206,32,665200,402.7889,0.08,100.0,20376,6652,166096,27.693352222442627,0.03946953429840505,0.9885883182287216,-204.30841827392578,0.0003
0.02342044562101364,32,665600,400.37512,0.06,100.0,20387,6656,166192,25.165469765663147,0.03949881112203002,0.14164412952959538,-205.0620632171631,0.0003
0.023421743884682655,32,666000,398.77625,0.04,100.0,20399,6660,166304,21.910448968410492,0.03939263033680618,-0.38083402067422867,-204.353684425354,0.0003
0.02342415414750576,32,666400,397.30966,0.04,100.0,20411,6664,166400,26.397980570793152,0.03941921819932759,1.328638605773449,-204.5493278503418,0.0003
0.023428786545991898,32,666800,400.3673,0.05,100.0,20427,6668,166496,23.40026193857193,0.03944038529880345,1.1698260754346848,-205.10574054718018,0.0003
0.023425163701176643,32,667200,401.93066,0.05,100.0,20440,6672,166592,23.712332665920258,0.03940799832344055,-1.9492219500243664,-204.4207639694214,0.0003
0.023427512496709824,32,667600,401.03265,0.05,100.0,20454,6676,166704,24.244279503822327,0.03931564069353044,-1.3672464191913605,-205.21973323822021,0.0003
0.023425253108143806,32,668000,399.71973,0.06,100.0,20466,6680,166800,28.212887167930603,0.03911030571907759,-1.8989341892302036,-205.20630836486816,0.0003
0.023423753678798676,32,668400,399.57266,0.06,100.0,20481,6684,166896,23.742424845695496,0.03886697767302394,0.6509088519960642,-203.72538566589355,0.0003
0.023424260318279266,32,668800,402.36844,0.08,100.0,20497,6688,166992,28.36973464488983,0.03899349272251129,1.6226895619183779,-204.68940448760986,0.0003
0.023426372557878494,32,669200,402.31464,0.08,100.0,20513,6692,167104,30.132538080215454,0.039182585664093494,0.431130800396204,-205.70722198486328,0.0003
0.023426536470651627,32,669600,403.96747,0.09,100.0,20525,6696,167200,23.962907552719116,0.03925067652016878,-1.2702288869768381,-204.9525489807129,0.0003
0.02342316135764122,32,670000,403.8166,0.08,100.0,20537,6700,167296,22.186737298965454,0.03899653512053192,-1.3441301733255386,-204.338849067688,0.0003
0.0234239362180233,32,670400,403.61145,0.08,100.0,20552,6704,167392,24.815494537353516,0.03886621608398855,0.731342650949955,-204.37890625,0.0003
0.023420114070177078,32,670800,404.91577,0.09,100.0,20566,6708,167504,25.364258885383606,0.038601441541686654,-1.1083369366824627,-204.07703399658203,0.0003
0.02341938205063343,32,671200,402.19708,0.09,100.0,20577,6712,167600,25.170044422149658,0.03864267119206488,0.15906684659421444,-204.14542770385742,0.0003
0.023420432582497597,32,671600,401.41983,0.09,100.0,20588,6716,167696,28.718129515647888,0.038650888716802,-1.5596988247707486,-203.4388084411621,0.0003
0.023423664271831512,32,672000,404.56207,0.1,100.0,20601,6720,167792,22.285544395446777,0.038575707003474236,2.4139348082244396,-203.69730186462402,0.0003
0.02342347614467144,32,672400,401.38733,0.09,100.0,20614,6724,167904,27.564324498176575,0.03863391699269414,2.1544352918863297,-203.88527870178223,0.0003
0.023423533886671066,32,672800,400.66055,0.09,100.0,20627,6728,168000,23.74489676952362,0.0386967568192631,0.2024946315214038,-203.39737796783447,0.0003
0.023426536470651627,32,673200,402.21585,0.1,100.0,20640,6732,168096,22.59560763835907,0.03887971816584468,1.9874161332845688,-204.81830596923828,0.0003
0.023428654298186302,32,673600,404.36603,0.12,100.0,20656,6736,168192,28.87461280822754,0.03888884210027754,2.7452758215367794,-204.462965965271,0.0003
0.023435065522789955,32,674000,406.5989,0.13,100.0,20671,6740,168304,24.054521799087524,0.03925052331760526,-1.6478049661964178,-204.39669799804688,0.0003
0.02343394234776497,32,674400,405.84756,0.14,100.0,20684,6744,168400,24.82813537120819,0.03915291978046298,-0.41984923370182514,-204.3140287399292,0.0003
0.023433584719896317,32,674800,406.58762,0.15,100.0,20696,6748,168496,23.279795289039612,0.03921038541011512,0.989210163243115,-204.59070587158203,0.0003
0.023433614522218704,32,675200,406.88516,0.16,100.0,20710,6752,168592,20.317430913448334,0.03914303448982537,0.025025540962815285,-204.008620262146,0.0003
0.02343221753835678,32,675600,405.70847,0.16,100.0,20725,6756,168704,24.13171875476837,0.038854140089824796,1.351588573306799,-203.5830488204956,0.0003
0.023431621491909027,32,676000,402.82547,0.16,100.0,20737,6760,168800,23.884162545204163,0.03891922673210502,1.7765674516558647,-203.9918737411499,0.0003
0.02343454211950302,32,676400,403.84268,0.16,100.0,20752,6764,168896,23.879571557044983,0.03886869177222252,1.7855124436318874,-204.3711805343628,0.0003
0.02343849651515484,32,676800,402.18817,0.15,100.0,20765,6768,168992,23.055895030498505,0.03882085392251611,-0.5984988212585449,-203.60315799713135,0.0003
0.02344096265733242,32,677200,404.10223,0.16,100.0,20780,6772,169104,27.035609006881714,0.03854463202878833,-0.8904629833996296,-204.85289096832275,0.0003
0.023442460224032402,32,677600,403.57626,0.15,100.0,20792,6776,169200,24.095885396003723,0.0385313390288502,-1.064910945482552,-204.17173671722412,0.0003
0.02344103530049324,32,678000,403.70303,0.14,100.0,20804,6780,169296,25.707204937934875,0.038383210776373744,2.6550303995609283,-203.27151489257812,0.0003
0.023445049300789833,32,678400,403.57697,0.15,100.0,20816,6784,169392,22.648993730545044,0.03855913574807346,0.9772113729268312,-203.62638473510742,0.0003
0.023448409512639046,32,678800,403.07068,0.14,100.0,20829,6788,169504,25.529980540275574,0.0385402028914541,-1.3948818929493427,-203.53178119659424,0.0003
0.023451609537005424,32,679200,403.13785,0.14,100.0,20841,6792,169600,27.317548274993896,0.03847650997340679,0.9707376528531313,-204.10748291015625,0.0003
0.023450443521142006,32,679600,403.37286,0.14,100.0,20854,6796,169696,26.117062032222748,0.03858220390975475,0.9605483431369066,-204.14221572875977,0.0003
0.0234531220048666,32,680000,404.7348,0.15,100.0,20866,6800,169792,25.721410512924194,0.03882021945901215,-1.6963132359087467,-203.04253959655762,0.0003
0.02344910055398941,32,680400,404.05667,0.15,100.0,20877,6804,169904,27.85257601737976,0.03881568741053343,2.3942607436329126,-203.43610382080078,0.0003
0.023452384397387505,32,680800,401.42538,0.14,100.0,20888,6808,170000,23.283271729946136,0.03902742802165449,1.1891338108107448,-204.0275239944458,0.0003
0.02345612831413746,32,681200,404.192,0.15,100.0,20902,6812,170096,27.325563311576843,0.03893001191318035,1.0990449376404285,-204.3160457611084,0.0003
0.02346012368798256,32,681600,404.65524,0.15,100.0,20913,6816,170192,26.310820817947388,0.038872404489666224,-1.4114686399698257,-204.06206798553467,0.0003
0.02345733530819416,32,682000,401.7548,0.14,100.0,20926,6820,170304,24.052805423736572,0.038543903501704335,-0.7973715532571077,-203.99881553649902,0.0003
0.023456169292330742,32,682400,402.24536,0.14,100.0,20938,6824,170400,23.962364554405212,0.038279608357697725,1.2227876828983426,-204.27016353607178,0.0003
0.023463282734155655,32,682800,398.99167,0.13,100.0,20951,6828,170496,22.724879801273346,0.03844738658517599,0.39321810007095337,-203.7882890701294,0.0003
0.02345949597656727,32,683200,396.00546,0.12,100.0,20962,6832,170592,27.036556482315063,0.03825200907886028,0.6745359003543854,-203.3732099533081,0.0003
0.02346094138920307,32,683600,396.98468,0.12,100.0,20976,6836,170704,21.081693053245544,0.03822689224034548,-0.38496757112443447,-202.9017162322998,0.0003
0.023461969569325447,32,684000,393.67184,0.11,100.0,20990,6840,170800,20.228567004203796,0.03802662785165012,-0.980047645047307,-202.6211977005005,0.0003
0.023461921140551567,32,684400,393.98743,0.11,100.0,21007,6844,170896,25.45776492357254,0.03796028415672481,0.4142535272985697,-203.89951133728027,0.0003
0.02346136048436165,32,684800,394.18036,0.11,100.0,21019,6848,170992,23.23778808116913,0.03789152414537966,0.2636488266289234,-203.61442375183105,0.0003
0.02346006967127323,32,685200,392.56638,0.1,100.0,21034,6852,171104,27.253076374530792,0.0376730989664793,-0.1982441283762455,-203.59876918792725,0.0003
0.023460831493139267,32,685600,396.88495,0.13,100.0,21049,6856,171200,21.357962131500244,0.037586252903565764,0.086887676268816,-203.90221405029297,0.0003
0.02345762774348259,32,686000,396.9616,0.13,100.0,21064,6860,171296,26.472643852233887,0.03748729731887579,0.8654326796531677,-203.82152938842773,0.0003
0.023455055430531502,32,686400,397.19885,0.14,100.0,21077,6864,171392,28.32846850156784,0.03753578523173928,1.468083668500185,-203.348388671875,0.0003
0.023457136005163193,32,686800,396.4308,0.14,100.0,21092,6868,171504,33.049617290496826,0.03766370308585465,2.168124970048666,-203.50639629364014,0.0003
0.023457728326320648,32,687200,393.73813,0.13,100.0,21104,6872,171600,29.526629626750946,0.037821891251951456,0.5609746277332306,-203.50912284851074,0.0003
0.023458341136574745,32,687600,396.37668,0.14,100.0,21117,6876,171696,26.927658677101135,0.037759017664939165,-2.474475545808673,-203.56298065185547,0.0003
0.023458970710635185,32,688000,397.44028,0.15,100.0,21129,6880,171792,26.37928682565689,0.037795296870172024,0.7533665802329779,-203.37750911712646,0.0003
0.02346397377550602,32,688400,400.27997,0.15,100.0,21143,6884,171904,25.74273157119751,0.03785112057812512,0.36705578956753016,-203.70570468902588,0.0003
0.0234613548964262,32,688800,399.0652,0.15,100.0,21155,6888,172000,23.785566806793213,0.0376185227651149,3.066787675023079,-203.65264892578125,0.0003
0.023459265008568764,32,689200,402.48657,0.16,100.0,21168,6892,172096,20.89050441980362,0.03758050384931266,-3.6000741850584745,-203.65771389007568,0.0003
0.02345803938806057,32,689600,403.91772,0.17,100.0,21179,6896,172192,23.769485473632812,0.037356031592935324,-1.1623139381408691,-202.83345413208008,0.0003
0.023454539477825165,32,690000,403.81213,0.17,100.0,21191,6900,172304,24.620474576950073,0.037169970106333494,0.3308550678193569,-203.9866008758545,0.0003
0.023453274741768837,32,690400,405.14648,0.17,100.0,21202,6904,172400,20.70429903268814,0.0372637715190649,-0.6032488271594048,-203.0664119720459,0.0003
0.023453200235962868,32,690800,410.818,0.18,100.0,21214,6908,172496,25.33096933364868,0.037304205587133765,-0.8245268389582634,-203.93842124938965,0.0003
0.02345617301762104,32,691200,410.7541,0.18,100.0,21227,6912,172592,24.86150550842285,0.03741851565428078,-1.2649944592267275,-203.39215278625488,0.0003
0.023455854505300522,32,691600,413.786,0.19,100.0,21239,6916,172704,22.47358512878418,0.03739650500938296,-1.1662633121013641,-204.6367883682251,0.0003
0.02345358394086361,32,692000,417.14648,0.21,100.0,21251,6920,172800,21.820026993751526,0.03745865006931126,-0.6681035691872239,-203.5489263534546,0.0003
0.02345750853419304,32,692400,417.27988,0.21,100.0,21265,6924,172896,24.601633310317993,0.03756596939638257,1.4382176026701927,-203.5988130569458,0.0003
0.023455403745174408,32,692800,417.7737,0.21,100.0,21279,6928,172992,25.81899321079254,0.03764196811243892,0.5540825584903359,-204.81130123138428,0.0003
0.023459959775209427,32,693200,419.10028,0.21,100.0,21296,6932,173104,22.109561800956726,0.03793526138179004,0.4467653688043356,-204.3237600326538,0.0003
0.02345658466219902,32,693600,414.9452,0.19,100.0,21310,6936,173200,20.20474064350128,0.03781286161392927,-0.6150715351104736,-203.5448980331421,0.0003
0.02345561794936657,32,694000,416.49387,0.21,100.0,21321,6940,173296,21.430331826210022,0.03774658916518092,-1.1991327218711376,-203.9566946029663,0.0003
0.023450415581464767,32,694400,416.69757,0.21,100.0,21332,6944,173392,27.33430027961731,0.03752319351769984,0.4680422777310014,-204.59663581848145,0.0003
0.023453427478671074,32,694800,416.28525,0.21,100.0,21346,6948,173504,31.038029551506042,0.03759332117624581,2.6550998389720917,-204.55163478851318,0.0003
0.023455897346138954,32,695200,418.9091,0.22,100.0,21358,6952,173600,23.255167305469513,0.038145790342241526,2.2031670100986958,-203.93263244628906,0.0003
0.02346096746623516,32,695600,414.85864,0.19,100.0,21372,6956,173696,24.87612909078598,0.038288838462904096,2.2383110877126455,-203.49384689331055,0.0003
0.023463187739253044,32,696000,415.34723,0.19,100.0,21386,6960,173792,25.165721118450165,0.03825826500542462,-1.5768038760870695,-203.88059043884277,0.0003
0.023464258760213852,32,696400,415.4104,0.19,100.0,21400,6964,173904,26.169866383075714,0.03835578355938196,-0.4078192971646786,-203.22649955749512,0.0003
0.023464642465114594,32,696800,419.57953,0.21,100.0,21413,6968,174000,19.17285692691803,0.03847505641169846,1.9549730829894543,-203.3793487548828,0.0003
0.023464014753699303,32,697200,422.50735,0.22,100.0,21427,6972,174096,28.80096673965454,0.03847583779133856,1.1240988485515118,-203.34972953796387,0.0003
0.0234664399176836,32,697600,422.51382,0.23,100.0,21440,6976,174192,24.477844834327698,0.03867056802846491,-0.3698614267632365,-204.99463939666748,0.0003
0.023467207327485085,32,698000,423.02734,0.23,100.0,21452,6980,174304,23.76182985305786,0.03890620288439095,-2.422315923497081,-204.11750030517578,0.0003
0.023466194048523903,32,698400,423.0852,0.24,100.0,21463,6984,174400,24.249773502349854,0.03883327078074217,-1.5938703659921885,-204.48938655853271,0.0003
0.023466339334845543,32,698800,424.78833,0.23,100.0,21475,6988,174496,23.704041004180908,0.03883206844329834,0.8583947047591209,-204.5263957977295,0.0003
0.02346542663872242,32,699200,423.5085,0.22,100.0,21489,6992,174592,26.34843361377716,0.038894705241546035,-0.5038224384188652,-204.46143245697021,0.0003
0.023466380313038826,32,699600,424.00082,0.22,100.0,21501,6996,174704,26.268097758293152,0.038918059784919024,-0.7378180511295795,-204.48882579803467,0.0003
0.02346823737025261,32,700000,419.0354,0.21,100.0,21512,7000,174800,27.187559604644775,0.03909224597737193,2.0123697239905596,-203.6865634918213,0.0003
0.02347264625132084,32,700400,418.23587,0.22,100.0,21524,7004,174896,25.846505641937256,0.03928138688206673,0.3379705101251602,-203.92838191986084,0.0003
0.02347569540143013,32,700800,416.61246,0.23,100.0,21540,7008,174992,25.845839977264404,0.03976703668013215,1.7714344877749681,-205.06347465515137,0.0003
0.023480314761400223,32,701200,414.75827,0.23,100.0,21554,7012,175104,25.356261432170868,0.03998007997870445,1.046304639428854,-205.30345249176025,0.0003
0.02347942441701889,32,701600,412.9761,0.22,100.0,21569,7016,175200,22.51423680782318,0.04014021996408701,-0.742908239364624,-204.43544006347656,0.0003
0.023480301722884178,32,702000,410.90738,0.2,100.0,21581,7020,175296,25.27211022377014,0.04026146652176976,-0.8015539441257715,-205.34890842437744,0.0003
0.023477250710129738,32,702400,415.8583,0.23,100.0,21594,7024,175392,22.71958500146866,0.04023875412531197,-0.7829577289521694,-204.73420906066895,0.0003
0.023480365052819252,32,702800,416.6738,0.24,100.0,21607,7028,175504,22.684074878692627,0.04008622677065432,2.48380795866251,-204.64769077301025,0.0003
0.023489167913794518,32,703200,415.60754,0.24,100.0,21621,7032,175600,20.794411659240723,0.040432108798995614,0.37797750905156136,-204.8731336593628,0.0003
0.023490596562623978,32,703600,414.30032,0.24,100.0,21632,7036,175696,23.00313973426819,0.04047523648478091,0.05950978957116604,-204.1432981491089,0.0003
0.023492248728871346,32,704000,414.6242,0.23,100.0,21647,7040,175792,22.398168802261353,0.04019788256846368,-0.025418899953365326,-204.73152923583984,0.0003
0.02349063567817211,32,704400,420.32013,0.24,100.0,21661,7044,175904,21.465771734714508,0.0406808799598366,1.1182876219972968,-204.79404258728027,0.0003
0.02348882146179676,32,704800,417.94443,0.23,100.0,21674,7048,176000,26.139267921447754,0.04064617003314197,2.08897402882576,-204.17715072631836,0.0003
0.023489659652113914,32,705200,413.96103,0.22,100.0,21685,7052,176096,22.441387057304382,0.04096897901035845,0.5505640283226967,-205.04985809326172,0.0003
0.02348952367901802,32,705600,414.91882,0.23,100.0,21697,7056,176192,24.065806031227112,0.041044539073482156,-2.12026228569448,-204.9246006011963,0.0003
0.02349252812564373,32,706000,417.09625,0.24,100.0,21714,7060,176304,23.588914930820465,0.04096446302719414,0.28071916475892067,-204.36005687713623,0.0003
0.023490186780691147,32,706400,415.3125,0.24,100.0,21726,7064,176400,27.058713614940643,0.040969977620989084,-0.275115218013525,-204.65691661834717,0.0003
0.023494398221373558,32,706800,411.0591,0.22,100.0,21740,7068,176496,26.36212944984436,0.04124544933438301,-1.3543392247520387,-205.58545303344727,0.0003
0.02349386177957058,32,707200,411.93695,0.22,100.0,21752,7072,176592,24.39612066745758,0.04134567710570991,2.4428663589060307,-205.4191541671753,0.0003
0.023496245965361595,32,707600,410.51227,0.2,100.0,21766,7076,176704,29.596696376800537,0.041372020030394197,2.933903321623802,-205.35694694519043,0.0003
0.023501185700297356,32,708000,410.21906,0.2,100.0,21777,7080,176800,30.5538192987442,0.042116583324968815,2.177456524223089,-204.76007270812988,0.0003
0.02350667677819729,32,708400,407.60175,0.19,100.0,21789,7084,176896,29.204773426055908,0.04237417015247047,-0.6903007477521896,-205.55938720703125,0.0003
0.0235117357224226,32,708800,410.9139,0.22,100.0,21801,7088,176992,27.177836298942566,0.042342552449554205,-0.5892857015132904,-205.11817169189453,0.0003
0.02350875921547413,32,709200,410.09134,0.23,100.0,21818,7092,177104,26.90704381465912,0.041906146332621574,-1.3911364916712046,-205.41101360321045,0.0003
0.023513538762927055,32,709600,408.2247,0.21,100.0,21828,7096,177200,23.844282269477844,0.041793746408075094,-1.5698964050970972,-205.3313388824463,0.0003
0.023512573912739754,32,710000,412.32803,0.21,100.0,21841,7100,177296,28.730336010456085,0.041684338822960854,3.2393275666981936,-205.2173433303833,0.0003
0.02351442165672779,32,710400,413.67755,0.2,100.0,21852,7104,177392,21.860669195652008,0.04190957406535745,-0.7613766305148602,-205.749981880188,0.0003
0.02351527288556099,32,710800,410.9447,0.19,100.0,21864,7108,177504,27.110268533229828,0.04197188839316368,-2.240948321297765,-205.76999950408936,0.0003
0.023514576256275177,32,711200,412.16052,0.2,100.0,21879,7112,177600,27.884000301361084,0.041669766418635845,-1.4015728905797005,-205.29559803009033,0.0003
0.023518823087215424,32,711600,410.06067,0.2,100.0,21890,7116,177696,30.540141463279724,0.0414974857121706,2.845194809138775,-204.79703903198242,0.0003
0.02352404221892357,32,712000,411.07843,0.21,100.0,21904,7120,177792,26.251745223999023,0.04160776548087597,-0.7378001888282597,-204.66406154632568,0.0003
0.02352203242480755,32,712400,408.01242,0.18,100.0,21916,7124,177904,25.67187988758087,0.04125255299732089,-0.8528928365558386,-205.39112758636475,0.0003
0.02352076582610607,32,712800,406.8037,0.17,100.0,21930,7128,178000,24.964758276939392,0.041239924263209105,-0.06518679484724998,-205.2722930908203,0.0003
0.023525575175881386,32,713200,407.05023,0.17,100.0,21941,7132,178096,24.162245392799377,0.04124563978984952,-2.339419588446617,-205.493426322937,0.0003
0.02352137118577957,32,713600,409.9018,0.18,100.0,21953,7136,178192,25.731032848358154,0.040911176009103656,-0.7082680407911539,-204.81154441833496,0.0003
0.023518674075603485,32,714000,410.94925,0.19,100.0,21965,7140,178304,27.74245822429657,0.040857518557459116,-2.7264423863962293,-205.72915744781494,0.0003
0.023516492918133736,32,714400,405.04797,0.17,100.0,21977,7144,178400,25.607609510421753,0.040637943195179105,1.8078483175486326,-205.89566612243652,0.0003
0.023524535819888115,32,714800,406.85184,0.17,100.0,21990,7148,178496,25.86212968826294,0.04093943955376744,0.2677149213850498,-205.9990406036377,0.0003
0.02352478727698326,32,715200,407.29285,0.17,100.0,22000,7152,178592,23.663730144500732,0.040776084177196026,3.8465602174401283,-206.57426738739014,0.0003
0.023525087162852287,32,715600,404.1639,0.16,100.0,22012,7156,178704,27.95812338590622,0.04064456722699106,-0.19542093575000763,-205.6315679550171,0.0003
0.02352464571595192,32,716000,403.16574,0.15,100.0,22026,7160,178800,28.580878138542175,0.04081162973307073,-4.01808262988925,-206.0704402923584,0.0003
0.02352507784962654,32,716400,403.08945,0.15,100.0,22038,7164,178896,24.284108996391296,0.04059401364065707,3.1091571003198624,-204.83082103729248,0.0003
0.023527635261416435,32,716800,403.45483,0.16,100.0,22052,7168,178992,21.03554880619049,0.04072647891007364,-3.2758130691945553,-205.73344230651855,0.0003
0.02352849580347538,32,717200,399.542,0.15,100.0,22066,7172,179104,25.132817447185516,0.041195100639015436,-0.004509335849434137,-205.39379596710205,0.0003
0.02352738566696644,32,717600,399.08862,0.15,100.0,22079,7176,179200,22.189949572086334,0.041116598760709167,-1.2799261771142483,-206.44914054870605,0.0003
0.023530323058366776,32,718000,398.77048,0.14,100.0,22095,7180,179296,24.82125949859619,0.04135005408897996,0.16666673868894577,-206.02231121063232,0.0003
0.023529930040240288,32,718400,401.24524,0.14,100.0,22106,7184,179392,24.418742895126343,0.04148879903368652,-1.0737737007439137,-205.8880157470703,0.0003
0.023532100021839142,32,718800,398.01776,0.11,100.0,22118,7188,179504,22.63139533996582,0.041570095578208566,-0.1407102234661579,-206.5714349746704,0.0003
0.023536372929811478,32,719200,398.1622,0.11,100.0,22128,7192,179600,22.885903000831604,0.041436553467065096,0.24234273564070463,-206.66240119934082,0.0003
0.023532290011644363,32,719600,397.1382,0.11,100.0,22141,7196,179696,25.458813190460205,0.0410228930413723,-1.1829164922237396,-205.86260795593262,0.0003
0.023535551503300667,32,720000,395.87585,0.11,100.0,22154,7200,179792,23.344471096992493,0.04085510689765215,1.9080563932657242,-206.9252052307129,0.0003
0.02353224903345108,32,720400,395.78455,0.12,100.0,22167,7204,179904,26.461838006973267,0.04073285171762109,-0.23997770994901657,-207.4423542022705,0.0003
0.023532036691904068,32,720800,395.21332,0.11,100.0,22181,7208,180000,23.967164158821106,0.04082825989462435,-0.19339768216013908,-206.23766708374023,0.0003
0.023529674857854843,32,721200,393.87665,0.09,100.0,22196,7212,180096,23.33058774471283,0.04052937775850296,-0.9068385623395443,-207.00340366363525,0.0003
0.023529207333922386,32,721600,394.65775,0.09,100.0,22207,7216,180192,27.087668895721436,0.040341903921216726,-0.575481154024601,-206.170729637146,0.0003
0.023533592000603676,32,722000,393.37943,0.09,100.0,22220,7220,180304,22.625560522079468,0.040282137459143996,-0.6542815212160349,-207.19682788848877,0.0003
0.023532114923000336,32,722400,393.83472,0.1,100.0,22236,7224,180400,28.09814953804016,0.040206817677244544,1.0503421872854233,-206.770339012146,0.0003
0.023530369624495506,32,722800,394.06546,0.1,100.0,22248,7228,180496,24.63783836364746,0.04010596661828458,1.0018453747034073,-205.65947341918945,0.0003
0.023532453924417496,32,723200,395.4428,0.11,100.0,22263,7232,180592,26.2223219871521,0.040128282736986876,-1.7001731768250465,-206.41179370880127,0.0003
0.023530131205916405,32,723600,397.7568,0.12,100.0,22276,7236,180704,23.075052738189697,0.03973941248841584,1.6964333485811949,-206.82715225219727,0.0003
0.023531246930360794,32,724000,396.64716,0.11,100.0,22290,7240,180800,21.51443886756897,0.03965111682191491,-2.598694369196892,-206.2217674255371,0.0003
0.02353333681821823,32,724400,396.74106,0.11,100.0,22302,7244,180896,23.373067617416382,0.03955299314111471,-2.5175497494637966,-206.86349868774414,0.0003
0.02353091724216938,32,724800,398.45062,0.12,100.0,22315,7248,180992,26.097673535346985,0.03975643450394273,0.18170789442956448,-206.5289192199707,0.0003
0.023528747260570526,32,725200,399.2062,0.12,100.0,22329,7252,181104,22.983839750289917,0.03981116181239486,-0.8128394782543182,-206.25457763671875,0.0003
0.02352757938206196,32,725600,408.19925,0.15,100.0,22341,7256,181200,26.34930408000946,0.039829074405133724,3.3892319230362773,-206.64510250091553,0.0003
0.02353738807141781,32,726000,407.70114,0.16,100.0,22354,7260,181296,26.439422488212585,0.04058343870565295,0.0008540935814380646,-206.72818851470947,0.0003
0.02353343553841114,32,726400,406.48895,0.15,100.0,22365,7264,181392,23.166218400001526,0.04074169183149934,3.1972742499783635,-207.19392108917236,0.0003
0.023541120812296867,32,726800,405.46445,0.15,100.0,22377,7268,181504,28.14319121837616,0.04163348372094333,2.6337316669523716,-207.51206016540527,0.0003
0.023540878668427467,32,727200,404.78406,0.15,100.0,22390,7272,181600,23.792946100234985,0.041880398988723755,-0.18536295928061008,-207.4959774017334,0.0003
0.023538673296570778,32,727600,405.9176,0.16,100.0,22402,7276,181696,21.022538125514984,0.041984120616689324,-0.43597643822431564,-206.92296409606934,0.0003
0.023547684773802757,32,728000,405.2599,0.16,100.0,22415,7280,181792,22.51736605167389,0.04208801104687154,2.314328759443015,-207.036639213562,0.0003
0.023546751588582993,32,728400,403.7415,0.15,100.0,22430,7284,181904,22.814573884010315,0.04198947036638856,0.27574601396918297,-206.77642917633057,0.0003
0.023544352501630783,32,728800,400.09232,0.15,100.0,22442,7288,182000,23.865862488746643,0.04169366229325533,-2.737200517207384,-207.43798446655273,0.0003
0.023545561358332634,32,729200,400.82022,0.15,100.0,22453,7292,182096,27.86939227581024,0.04189932416193187,1.6267419029027224,-207.4658079147339,0.0003
0.023551834747195244,32,729600,400.99503,0.15,100.0,22469,7296,182192,28.343050599098206,0.04196798149496317,-1.3523262441158295,-207.94127941131592,0.0003
0.023556135594844818,32,730000,404.47577,0.16,100.0,22484,7300,182304,27.452409029006958,0.04168030619621277,-3.4893658570945263,-208.8149585723877,0.0003
0.023554621264338493,32,730400,404.05304,0.16,100.0,22494,7304,182400,33.176533818244934,0.04130079550668597,-0.9303882978856564,-208.1169729232788,0.0003
0.02355530671775341,32,730800,403.18582,0.16,100.0,22507,7308,182496,26.137861013412476,0.04160334565676749,-0.42149247974157333,-208.09450912475586,0.0003
0.02355668880045414,32,731200,402.38458,0.16,100.0,22517,7312,182592,33.03080403804779,0.04169986676424742,1.0912750661373138,-207.78868770599365,0.0003
0.023556934669613838,32,731600,402.9913,0.16,100.0,22532,7316,182704,25.587460160255432,0.041972946375608444,1.1765367519110441,-207.6250877380371,0.0003
0.023559777066111565,32,732000,403.0377,0.16,100.0,22543,7320,182800,27.839120864868164,0.04223035695031285,-0.11876238696277142,-208.25543975830078,0.0003
0.023560406640172005,32,732400,400.89395,0.16,100.0,22554,7324,182896,28.83422541618347,0.042781390249729156,6.146359570324421,-207.7910919189453,0.0003
0.023563940078020096,32,732800,400.88098,0.16,100.0,22564,7328,182992,25.85529887676239,0.04325964138843119,-0.6964617520570755,-207.84665966033936,0.0003
0.023563271388411522,32,733200,399.6017,0.16,100.0,22576,7332,183104,24.604331612586975,0.04260391462594271,-4.220043485984206,-208.48909854888916,0.0003
0.0235638115555048,32,733600,399.32425,0.15,100.0,22587,7336,183200,23.138508319854736,0.04248778126202524,-0.13875054940581322,-209.44461250305176,0.0003
0.02356133796274662,32,734000,398.1334,0.15,100.0,22603,7340,183296,26.36235010623932,0.04283185675740242,1.251901101320982,-207.64966011047363,0.0003
0.023560043424367905,32,734400,398.91284,0.16,100.0,22616,7344,183392,28.820030331611633,0.04268735111691058,-0.3249813001602888,-208.64681720733643,0.0003
0.023556841537356377,32,734800,398.30515,0.16,100.0,22630,7348,183504,24.345800280570984,0.04232373717240989,-0.8076947722584009,-208.53558540344238,0.0003
0.02355300635099411,32,735200,397.35648,0.16,100.0,22641,7352,183600,25.385855078697205,0.042467943392693996,0.11222825944423676,-208.8140048980713,0.0003
0.023551860824227333,32,735600,392.028,0.14,100.0,22655,7356,183696,25.50714874267578,0.04213947616517544,0.16645004972815514,-208.02524662017822,0.0003
0.023555684834718704,32,736000,391.73593,0.14,100.0,22668,7360,183792,32.70017147064209,0.04211287572979927,1.1809854283928871,-208.22690200805664,0.0003
0.02355809323489666,32,736400,392.39417,0.15,100.0,22683,7364,183904,25.461772322654724,0.04195333365350962,1.7257249262183905,-208.5537805557251,0.0003
0.023556318134069443,32,736800,395.64243,0.15,100.0,22699,7368,184000,25.681700110435486,0.042038669576868415,-0.9674790129065514,-208.48457717895508,0.0003
0.023552684113383293,32,737200,398.1961,0.16,100.0,22712,7372,184096,27.080755949020386,0.04186559119261801,-0.19400174543261528,-208.52921676635742,0.0003
0.023554425686597824,32,737600,400.51202,0.17,100.0,22725,7376,184192,25.04885232448578,0.04218078125268221,0.46871985122561455,-208.9956512451172,0.0003
0.02355365827679634,32,738000,400.0261,0.17,100.0,22742,7380,184304,29.866363167762756,0.04195311386138201,-0.4335210993885994,-208.13531398773193,0.0003
0.0235578790307045,32,738400,403.19797,0.2,100.0,22756,7384,184400,29.84904718399048,0.042178279953077435,-1.510749937966466,-209.76616191864014,0.0003
0.023555241525173187,32,738800,404.89542,0.2,100.0,22768,7388,184496,25.73649001121521,0.041913836263120174,4.610197391360998,-209.70754718780518,0.0003
0.023553036153316498,32,739200,406.34082,0.21,100.0,22781,7392,184592,27.0085471868515,0.042602914618328214,0.1684579811990261,-208.87796783447266,0.0003
0.02355533093214035,32,739600,407.0981,0.22,100.0,22793,7396,184704,24.262027859687805,0.04244749969802797,3.387443885207176,-209.45514106750488,0.0003
0.023559726774692535,32,740000,409.52945,0.24,100.0,22807,7400,184800,29.039603352546692,0.04291034396737814,1.080824464559555,-210.08928966522217,0.0003
0.02356305904686451,32,740400,413.09656,0.25,100.0,22821,7404,184896,26.935946583747864,0.042854645289480686,1.5582361407577991,-209.56314945220947,0.0003
0.02356717549264431,32,740800,415.1742,0.26,100.0,22837,7408,184992,27.293721556663513,0.043258958496153355,-1.8372181504964828,-210.07289028167725,0.0003
0.02356865257024765,32,741200,418.64514,0.27,100.0,22850,7412,185104,26.952468395233154,0.04342638538219035,2.7278959825634956,-210.2227554321289,0.0003
0.023564569652080536,32,741600,420.46957,0.28,100.0,22865,7416,185200,25.79188323020935,0.04338264325633645,0.9044734970666468,-209.5521011352539,0.0003
0.023562127724289894,32,742000,420.67856,0.27,100.0,22876,7420,185296,26.526972770690918,0.043188279727473855,-0.09023579582571983,-209.99725246429443,0.0003
0.02356395684182644,32,742400,420.72574,0.26,100.0,22887,7424,185392,23.76425552368164,0.0437828772701323,2.080988634377718,-209.89295101165771,0.0003
0.02356831170618534,32,742800,420.9838,0.27,100.0,22904,7428,185504,26.402675449848175,0.043960744980722666,-1.7912434358149767,-209.44421863555908,0.0003
0.02357066236436367,32,743200,422.20953,0.27,100.0,22916,7432,185600,33.5402706861496,0.04380533820949495,1.0911617912352085,-209.70613765716553,0.0003
0.02357465587556362,32,743600,419.76218,0.28,100.0,22930,7436,185696,35.682872891426086,0.044028720585629344,2.922040252946317,-209.4625368118286,0.0003
0.023568693548440933,32,744000,420.8231,0.28,100.0,22941,7440,185792,25.404063940048218,0.0440267042722553,-0.5462610013782978,-210.71238231658936,0.0003
0.02357516810297966,32,744400,418.6212,0.27,100.0,22954,7444,185904,25.463106989860535,0.04416574421338737,-1.417279601097107,-211.24457836151123,0.0003
0.023572446778416634,32,744800,417.41586,0.27,100.0,22967,7448,186000,24.845145404338837,0.04386291955597699,-1.563539296388626,-210.03601837158203,0.0003
0.023568322882056236,32,745200,419.06305,0.27,100.0,22981,7452,186096,28.555482625961304,0.04349364899098873,2.368641182780266,-211.16643524169922,0.0003
0.02357064001262188,32,745600,419.79333,0.27,100.0,22994,7456,186192,31.590389132499695,0.04384535923600197,-1.1818096823990345,-210.29366874694824,0.0003
0.02357388846576214,32,746000,419.86346,0.26,100.0,23009,7460,186304,24.39732253551483,0.04409976722672582,1.1793860681355,-209.7210865020752,0.0003
0.02357427030801773,32,746400,423.79337,0.26,100.0,23023,7464,186400,28.58322012424469,0.04436420928686857,2.4026560336351395,-210.65285682678223,0.0003
0.023576976731419563,32,746800,421.71857,0.26,100.0,23037,7468,186496,26.103719830513,0.04442112403921783,-2.1059280689805746,-210.2490997314453,0.0003
0.023581992834806442,32,747200,419.4568,0.25,100.0,23050,7472,186592,35.878318309783936,0.04455190850421786,3.2960302606225014,-210.7545862197876,0.0003
0.023578960448503494,32,747600,415.11273,0.23,100.0,23062,7476,186704,29.75228250026703,0.04486324591562152,1.0944342063739896,-211.17317867279053,0.0003
0.023581046611070633,32,748000,414.90012,0.23,100.0,23075,7480,186800,29.20735251903534,0.04524117638356984,3.20824624504894,-211.1959104537964,0.0003
0.023588163778185844,32,748400,414.0151,0.23,100.0,23090,7484,186896,25.99282145500183,0.04592550755478442,-1.915504451841116,-210.76233768463135,0.0003
0.023583414033055305,32,748800,414.536,0.24,100.0,23104,7488,186992,30.585841178894043,0.04547827271744609,-1.508176228031516,-211.90440845489502,0.0003
0.023584825918078423,32,749200,412.54773,0.23,100.0,23118,7492,187104,27.027827739715576,0.045010123401880264,-2.517924353480339,-211.65155220031738,0.0003
0.02358650043606758,32,749600,410.1473,0.22,100.0,23129,7496,187200,30.1719468832016,0.04493123898282647,3.081009663641453,-212.04143810272217,0.0003
0.02358391135931015,32,750000,405.3934,0.2,100.0,23144,7500,187296,26.996333599090576,0.04487999714910984,1.0580393616110086,-211.4755449295044,0.0003
0.023584742099046707,32,750400,401.64462,0.18,100.0,23160,7504,187392,26.469979286193848,0.04479546961374581,0.4415371585637331,-211.32165431976318,0.0003
0.023586057126522064,32,750800,402.8788,0.17,100.0,23173,7508,187504,28.356590270996094,0.045017203548923135,0.6128529906272888,-211.4528455734253,0.0003
0.02358618937432766,32,751200,403.0368,0.17,100.0,23188,7512,187600,24.837681651115417,0.04537835461087525,-0.6543898954987526,-211.51966762542725,0.0003
0.023587219417095184,32,751600,402.31793,0.17,100.0,23200,7516,187696,29.87254297733307,0.045319754630327225,-0.148700051009655,-211.0343837738037,0.0003
0.023586798459291458,32,752000,401.47696,0.17,100.0,23211,7520,187792,27.61057472229004,0.04505260707810521,-1.1396392118185759,-211.94726753234863,0.0003
0.023586878553032875,32,752400,401.46326,0.17,100.0,23225,7524,187904,24.486465454101562,0.0453710644505918,-0.5820894539356232,-211.51723384857178,0.0003
0.02358976937830448,32,752800,404.67538,0.18,100.0,23238,7528,188000,22.653571248054504,0.045479563530534506,-1.3623163281008601,-211.16116619110107,0.0003
0.02358614280819893,32,753200,406.18402,0.18,100.0,23253,7532,188096,26.76094686985016,0.0452967407181859,4.233792766928673,-212.09876346588135,0.0003
0.02359405718743801,32,753600,406.16876,0.17,100.0,23269,7536,188192,28.459497332572937,0.04606312979012728,-1.4859454780817032,-211.2673110961914,0.0003
0.02359551005065441,32,754000,407.74146,0.18,100.0,23285,7540,188304,28.279550194740295,0.04585076798684895,-0.5842083301395178,-211.5102949142456,0.0003
0.023600829765200615,32,754400,408.39606,0.18,100.0,23296,7544,188400,28.00588047504425,0.04585910285823047,1.8923835959285498,-211.05117416381836,0.0003
0.02360042743384838,32,754800,407.52066,0.17,100.0,23311,7548,188496,30.244269967079163,0.04582353262230754,0.7677743509411812,-211.08343029022217,0.0003
0.02359590120613575,32,755200,408.26715,0.17,100.0,23323,7552,188592,27.093223214149475,0.04564508982002735,0.2723515257239342,-211.33491802215576,0.0003
0.02359742484986782,32,755600,410.078,0.18,100.0,23338,7556,188704,27.364986062049866,0.04593616118654609,-0.7136468440294266,-211.73800468444824,0.0003
0.023597100749611855,32,756000,411.35257,0.19,100.0,23353,7560,188800,23.208326280117035,0.04565684963017702,-1.7789594568312168,-210.16716289520264,0.0003
0.02360118366777897,32,756400,410.56473,0.2,100.0,23367,7564,188896,25.90321683883667,0.04560355516150594,0.2670532949268818,-212.21689224243164,0.0003
0.023594792932271957,32,756800,411.61407,0.2,100.0,23382,7568,188992,28.41679984331131,0.04548586695455015,1.8673173505812883,-211.7623462677002,0.0003
0.023590484634041786,32,757200,413.86273,0.2,100.0,23394,7572,189104,25.49588406085968,0.045757085317745805,1.827253669500351,-211.3249273300171,0.0003
0.02359028533101082,32,757600,414.03552,0.2,100.0,23409,7576,189200,24.495359420776367,0.046262925723567605,-1.1668989453464746,-210.62787437438965,0.0003
0.02358614094555378,32,758000,413.84918,0.2,100.0,23422,7580,189296,26.545048475265503,0.04594974499195814,-2.8915776666253805,-210.66755199432373,0.0003
0.023590143769979477,32,758400,411.55734,0.18,100.0,23439,7584,189392,31.174625039100647,0.045825540786609054,-1.0653980486094952,-211.54403972625732,0.0003
0.02358623966574669,32,758800,414.411,0.19,100.0,23454,7588,189504,29.83343529701233,0.04554962110705674,-2.040134208276868,-211.20943355560303,0.0003
0.02358749881386757,32,759200,416.60712,0.19,100.0,23467,7592,189600,32.292072772979736,0.045275165466591716,0.6792819611728191,-211.1621961593628,0.0003
0.02358746901154518,32,759600,422.99887,0.22,100.0,23481,7596,189696,30.30129384994507,0.04513420001603663,2.612882148474455,-211.98511409759521,0.0003
0.023587198927998543,32,760000,424.2024,0.22,100.0,23492,7600,189792,27.995617508888245,0.04536610539071262,1.9888832792639732,-211.72518920898438,0.0003
0.02359146624803543,32,760400,427.99216,0.25,100.0,23504,7604,189904,25.889946818351746,0.04576866212300956,-0.31914100982248783,-212.22778224945068,0.0003
0.02358979918062687,32,760800,429.1013,0.27,100.0,23519,7608,190000,26.141313076019287,0.04594596731476486,3.006476014852524,-211.06038856506348,0.0003
0.02359076589345932,32,761200,426.42075,0.27,100.0,23531,7612,190096,29.818730235099792,0.04654223588295281,0.7580909356474876,-212.34286403656006,0.0003
0.023595955222845078,32,761600,427.01413,0.27,100.0,23543,7616,190192,26.218809366226196,0.047035811468958855,2.8087886162102222,-212.84721183776855,0.0003
0.0235917828977108,32,762000,427.68448,0.28,100.0,23556,7620,190304,33.43411195278168,0.047028808388859034,1.6268227910622954,-212.07436275482178,0.0003
0.023593103513121605,32,762400,429.6116,0.3,100.0,23570,7624,190400,21.37341320514679,0.04733017715625465,1.4213750939816236,-211.89874076843262,0.0003
0.02359134331345558,32,762800,428.5398,0.29,100.0,23582,7628,190496,26.555549144744873,0.04723690706305206,0.022630475461483,-212.9263458251953,0.0003
0.02359008975327015,32,763200,427.8344,0.29,100.0,23598,7632,190592,28.704514861106873,0.04747520200908184,0.045697811990976334,-212.79333400726318,0.0003
0.02359337918460369,32,763600,426.52164,0.28,100.0,23613,7636,190704,27.21654212474823,0.047947395127266645,2.1790211889892817,-212.3425350189209,0.0003
0.023591937497258186,32,764000,423.3908,0.28,100.0,23628,7640,190800,24.44035768508911,0.04778512357734144,-0.22501910477876663,-212.61195468902588,0.0003
0.023585762828588486,32,764400,425.03683,0.28,100.0,23642,7644,190896,26.214348196983337,0.04768328205682337,1.0631713457405567,-212.58243083953857,0.0003
0.02358839474618435,32,764800,426.34766,0.28,100.0,23656,7648,190992,26.140610575675964,0.04754774388857186,-0.6029433198273182,-212.72373962402344,0.0003
0.023591281846165657,32,765200,427.38354,0.29,100.0,23667,7652,191104,28.859421133995056,0.04794040787965059,-0.41706517338752747,-212.99190711975098,0.0003
0.023594053462147713,32,765600,423.9641,0.27,100.0,23680,7656,191200,25.880521655082703,0.04824740975163877,1.2538706474006176,-212.14950942993164,0.0003
0.023597141727805138,32,766000,424.98685,0.28,100.0,23691,7660,191296,25.266844749450684,0.04835805553011596,0.4660552740097046,-212.21641731262207,0.0003
0.02359292097389698,32,766400,422.4107,0.26,100.0,23702,7664,191392,25.265215754508972,0.048183281207457185,-1.2754965322092175,-212.3797950744629,0.0003
0.023598378524184227,32,766800,424.28,0.26,100.0,23720,7668,191504,28.157321453094482,0.04816584731452167,-2.2153347935527563,-212.51224899291992,0.0003
0.023598216474056244,32,767200,422.52997,0.26,100.0,23734,7672,191600,34.41716742515564,0.04868562798947096,3.6168245375156403,-212.8721227645874,0.0003
0.023597728461027145,32,767600,422.94247,0.26,100.0,23750,7676,191696,27.536944270133972,0.049114463152363896,1.8281441470608115,-212.1967487335205,0.0003
0.023601064458489418,32,768000,424.14825,0.27,100.0,23764,7680,191792,27.618422150611877,0.04949952964670956,2.458099507726729,-213.38865280151367,0.0003
0.0236114040017128,32,768400,424.7674,0.27,100.0,23776,7684,191904,31.062492966651917,0.05028238520026207,0.6380410799756646,-212.1805362701416,0.0003
0.023609988391399384,32,768800,423.00095,0.26,100.0,23789,7688,192000,27.413390636444092,0.05017870501615107,0.0382104255259037,-212.18512344360352,0.0003
0.023613084107637405,32,769200,421.92987,0.27,100.0,23800,7692,192096,29.072442173957825,0.050029773032292724,-0.3910893006250262,-212.71125030517578,0.0003
0.0236145481467247,32,769600,420.7425,0.26,100.0,23816,7696,192192,28.08598244190216,0.0497929360717535,-0.9495059140026569,-212.40354442596436,0.0003
0.02361423708498478,32,770000,419.57898,0.26,100.0,23831,7700,192304,31.03630769252777,0.04935781215317547,-1.7982139121741056,-213.12473106384277,0.0003
0.023617101833224297,32,770400,418.28818,0.24,100.0,23844,7704,192400,28.723563075065613,0.049279856495559216,-0.02845769003033638,-213.02458953857422,0.0003
0.023622000589966774,32,770800,415.0261,0.22,100.0,23856,7708,192496,24.660956382751465,0.049508390948176384,0.9046068489551544,-213.07483005523682,0.0003
0.02362496592104435,32,771200,413.9795,0.21,100.0,23870,7712,192592,25.376257061958313,0.04959072871133685,-1.8863526694476604,-212.44475269317627,0.0003
0.023625386878848076,32,771600,415.60388,0.22,100.0,23885,7716,192704,25.558064818382263,0.04921397636644542,-2.2436964344233274,-213.60831451416016,0.0003
0.02362561784684658,32,772000,417.84113,0.23,100.0,23898,7720,192800,29.959184646606445,0.04887771490029991,-2.405959061346948,-212.2343339920044,0.0003
0.02362569235265255,32,772400,419.21912,0.22,100.0,23913,7724,192896,27.81227433681488,0.04836265603080392,2.4990066327154636,-213.5287380218506,0.0003
0.02363051287829876,32,772800,419.74542,0.22,100.0,23925,7728,192992,27.691181540489197,0.04870860930532217,2.1591456215828657,-214.03384494781494,0.0003
0.023633085191249847,32,773200,417.99802,0.21,100.0,23937,7732,193104,26.512004375457764,0.04882208374328911,0.9328180551528931,-213.63133335113525,0.0003
0.023636722937226295,32,773600,418.82278,0.21,100.0,23952,7736,193200,24.593690633773804,0.049274438293650746,-2.8943711780011654,-213.58211994171143,0.0003
0.023639194667339325,32,774000,419.83035,0.21,100.0,23966,7740,193296,26.95935046672821,0.049082579324021935,-0.1040080115199089,-212.70213222503662,0.0003
0.023641671985387802,32,774400,421.80792,0.23,100.0,23978,7744,193392,26.26083481311798,0.0487218271009624,-2.4992790445685387,-212.17092895507812,0.0003
0.023640310391783714,32,774800,421.95874,0.24,100.0,23991,7748,193504,26.21646249294281,0.04791173571720719,0.5602172091603279,-212.2993803024292,0.0003
0.02364768646657467,32,775200,423.9542,0.25,100.0,24004,7752,193600,23.269633650779724,0.04787555057555437,-0.26123693585395813,-212.4728879928589,0.0003
0.023647503927350044,32,775600,425.72507,0.25,100.0,24019,7756,193696,23.923896193504333,0.04769057757221162,-0.4859156012535095,-212.78626823425293,0.0003
0.02365015260875225,32,776000,421.99637,0.24,100.0,24029,7760,193792,26.802090883255005,0.04813558515161276,1.7916706847026944,-212.64601516723633,0.0003
0.02365180104970932,32,776400,422.12936,0.24,100.0,24041,7764,193904,27.027326941490173,0.04839454358443618,0.16349278390407562,-212.1099624633789,0.0003
0.02365078404545784,32,776800,421.1744,0.25,100.0,24057,7768,194000,26.833237409591675,0.04815807309933007,-0.05290355905890465,-211.96283054351807,0.0003
0.023650148883461952,32,777200,420.93204,0.25,100.0,24071,7772,194096,27.021079301834106,0.0477783246897161,-0.5213304720818996,-213.40394020080566,0.0003
0.023656416684389114,32,777600,423.37997,0.26,100.0,24083,7776,194192,28.741195797920227,0.047703239833936095,-1.290840720757842,-212.76754474639893,0.0003
0.02365228720009327,32,778000,423.88083,0.25,100.0,24095,7780,194304,25.314048290252686,0.04753862717188895,0.2856576004996896,-213.1250820159912,0.0003
0.023652099072933197,32,778400,426.09485,0.26,100.0,24109,7784,194400,32.39603090286255,0.047654071589931846,2.8860673531889915,-212.45230293273926,0.0003
0.02365506999194622,32,778800,425.60504,0.26,100.0,24124,7788,194496,28.3073947429657,0.047633245354518294,1.5627800673246384,-212.45571422576904,0.0003
0.023655232042074203,32,779200,424.02356,0.25,100.0,24135,7792,194592,26.60678505897522,0.0476886760443449,0.5028525739908218,-212.4479398727417,0.0003
0.023654503747820854,32,779600,421.45078,0.24,100.0,24149,7796,194704,30.01228094100952,0.047647644532844424,0.3537615053355694,-213.7900629043579,0.0003
0.02365499548614025,32,780000,419.71814,0.23,100.0,24160,7800,194800,24.7532320022583,0.04749376303516328,-1.7631050273776054,-212.234637260437,0.0003
0.02365335449576378,32,780400,421.1452,0.25,100.0,24174,7804,194896,26.36317551136017,0.04712465638294816,-1.5088460659608245,-213.81114292144775,0.0003
0.023649102076888084,32,780800,421.24374,0.27,100.0,24186,7808,194992,24.49994647502899,0.046841264702379704,-1.2038881601765752,-214.23494243621826,0.0003
0.02364741638302803,32,781200,423.8608,0.28,100.0,24203,7812,195104,26.370389580726624,0.04751238669268787,0.20779964327812195,-213.34729766845703,0.0003
0.02364998310804367,32,781600,422.3783,0.27,100.0,24214,7816,195200,27.095741033554077,0.04798649437725544,0.6398555710911751,-213.91173839569092,0.0003
0.02365000918507576,32,782000,421.47226,0.26,100.0,24225,7820,195296,24.216189980506897,0.048259960720315576,1.0190367251634598,-213.3506565093994,0.0003
0.02364901266992092,32,782400,419.2281,0.26,100.0,24238,7824,195392,26.781033515930176,0.04816777748055756,0.008768254891037941,-213.22792625427246,0.0003
0.023643935099244118,32,782800,416.74652,0.25,100.0,24250,7828,195504,28.907011032104492,0.04812391730956733,1.9702348783612251,-213.76710987091064,0.0003
0.02364811673760414,32,783200,420.66806,0.27,100.0,24264,7832,195600,29.604826986789703,0.04854935337789357,1.622144989669323,-213.8915433883667,0.0003
0.023651188239455223,32,783600,422.92828,0.29,100.0,24277,7836,195696,26.01823729276657,0.04896033927798271,1.285373531281948,-213.62803745269775,0.0003
0.02364896610379219,32,784000,423.18048,0.28,100.0,24288,7840,195792,32.49603259563446,0.04888917179778218,0.06529298424720764,-214.24911403656006,0.0003
0.02364840917289257,32,784400,421.51852,0.28,100.0,24304,7844,195904,24.560407519340515,0.049090534215793014,-1.075885271653533,-213.7915210723877,0.0003
0.023649347946047783,32,784800,421.45364,0.28,100.0,24319,7848,196000,27.838544845581055,0.04909326694905758,2.0341163128614426,-213.77433586120605,0.0003
0.023650502786040306,32,785200,417.46326,0.26,100.0,24333,7852,196096,26.576831817626953,0.04926510713994503,-0.4457189291715622,-214.14141941070557,0.0003
0.02364961989223957,32,785600,417.32767,0.28,100.0,24344,7856,196192,29.3198264837265,0.04910679277963936,0.17950519919395447,-214.24279594421387,0.0003
0.02364654280245304,32,786000,419.01788,0.28,100.0,24360,7860,196304,24.206458806991577,0.048657219391316175,-1.8554976377636194,-213.50783348083496,0.0003
0.023646993562579155,32,786400,419.25305,0.28,100.0,24373,7864,196400,26.95460593700409,0.04836094472557306,0.27798997052013874,-213.70209503173828,0.0003
0.023647570982575417,32,786800,417.57895,0.27,100.0,24384,7868,196496,25.69590175151825,0.04857155913487077,-3.750028812326491,-214.4458293914795,0.0003
0.02364502102136612,32,787200,418.722,0.28,100.0,24398,7872,196592,26.15646767616272,0.04849650268442929,0.3094012439250946,-212.98443222045898,0.0003
0.023651324212551117,32,787600,419.14578,0.28,100.0,24409,7876,196704,25.972005367279053,0.048534699715673923,0.21801600605249405,-214.5224313735962,0.0003
0.023650668561458588,32,788000,415.99048,0.28,100.0,24420,7880,196800,28.512665390968323,0.04852352780289948,-0.22236747294664383,-214.25173377990723,0.0003
0.023648662492632866,32,788400,413.37067,0.26,100.0,24431,7884,196896,25.431796967983246,0.048159556929022074,-2.517092775553465,-213.59757328033447,0.0003
0.023648643866181374,32,788800,410.66235,0.25,100.0,24443,7888,196992,28.247747898101807,0.048184811137616634,-1.3145544193685055,-213.9389247894287,0.0003
0.023650504648685455,32,789200,413.28265,0.26,100.0,24456,7892,197104,28.346508026123047,0.048373551573604345,1.0843016877770424,-213.56660747528076,0.0003
0.023649627342820168,32,789600,416.92044,0.26,100.0,24470,7896,197200,29.22025179862976,0.0483513711951673,1.7629166133701801,-213.9977149963379,0.0003
0.02364940382540226,32,790000,418.7918,0.27,100.0,24483,7900,197296,33.29767549037933,0.04895227984525263,2.475880851969123,-215.07571411132812,0.0003
0.023651374503970146,32,790400,414.1488,0.24,100.0,24495,7904,197392,26.15976870059967,0.049115829169750214,1.560911901295185,-213.49062061309814,0.0003
0.023645086213946342,32,790800,416.78583,0.22,100.0,24509,7908,197504,28.28110659122467,0.04891891242004931,1.7928828187286854,-213.59296798706055,0.0003
0.02364041656255722,32,791200,414.6048,0.21,100.0,24523,7912,197600,25.746227502822876,0.04887461639009416,-1.4863676447421312,-213.63502979278564,0.0003
0.023639459162950516,32,791600,414.09866,0.2,100.0,24537,7916,197696,26.279990196228027,0.04888077382929623,-0.2839578092098236,-213.91872692108154,0.0003
0.023640813305974007,32,792000,413.9897,0.19,100.0,24548,7920,197792,31.553499341011047,0.049057780066505075,1.5763482451438904,-214.00541496276855,0.0003
0.023640478029847145,32,792400,412.35928,0.18,100.0,24561,7924,197904,26.787075400352478,0.04931697458960116,-0.41800673864781857,-215.38451099395752,0.0003
0.023636283352971077,32,792800,414.4867,0.2,100.0,24572,7928,198000,26.29907786846161,0.04956087446771562,-0.49789934232831,-215.1209592819214,0.0003
0.02363933064043522,32,793200,413.9897,0.2,100.0,24583,7932,198096,28.94688856601715,0.04993459745310247,-0.8248015269637108,-214.9657335281372,0.0003
0.023638632148504257,32,793600,409.73843,0.18,100.0,24595,7936,198192,28.74716579914093,0.049802711233496666,-0.42124746926128864,-215.90226364135742,0.0003
0.023646768182516098,32,794000,408.5592,0.17,100.0,24608,7940,198304,32.04042422771454,0.05054214550182223,3.771846191957593,-214.47584056854248,0.0003
0.02365112118422985,32,794400,405.24814,0.15,100.0,24619,7944,198400,31.068620324134827,0.052028629230335355,0.3424199391156435,-215.9003210067749,0.0003
0.02365347370505333,32,794800,402.96274,0.14,100.0,24630,7948,198496,25.548627614974976,0.05255920486524701,3.902658613398671,-215.3537950515747,0.0003
0.02365860715508461,32,795200,402.65234,0.14,100.0,24641,7952,198592,32.845802783966064,0.0530734492931515,0.6570719564333558,-214.22467231750488,0.0003
0.023669010028243065,32,795600,402.12357,0.13,100.0,24653,7956,198704,25.636468052864075,0.05368435475975275,-2.7030795477330685,-215.58239650726318,0.0003
0.023669835180044174,32,796000,403.75153,0.12,100.0,24665,7960,198800,25.599486827850342,0.053054002579301596,-2.4803189747035503,-216.1452178955078,0.0003
0.023673217743635178,32,796400,405.19577,0.12,100.0,24682,7964,198896,23.255982279777527,0.05281857866793871,-1.0773451793938875,-216.05416870117188,0.0003
0.023677652701735497,32,796800,404.35315,0.11,100.0,24693,7968,198992,25.445534229278564,0.05226678727194667,-1.6326767709106207,-215.16287994384766,0.0003
0.023677418008446693,32,797200,407.17566,0.13,100.0,24708,7972,199104,25.605006337165833,0.051365079591050744,-2.4647158421576023,-215.61995029449463,0.0003
0.023680923506617546,32,797600,405.9877,0.12,100.0,24721,7976,199200,29.981568336486816,0.050690114265307784,-1.9439549064263701,-214.5453290939331,0.0003
0.023680292069911957,32,798000,408.87878,0.13,100.0,24734,7980,199296,28.027154684066772,0.05011379811912775,0.48477774672210217,-215.3084774017334,0.0003
0.023681646212935448,32,798400,408.7753,0.14,100.0,24746,7984,199392,25.062752842903137,0.0499441281426698,-0.9391424469649792,-214.26002407073975,0.0003
0.02368324249982834,32,798800,408.35922,0.14,100.0,24759,7988,199504,22.997078955173492,0.04995865817181766,0.3791309967637062,-214.98556804656982,0.0003
0.02368095889687538,32,799200,408.23257,0.12,100.0,24770,7992,199600,24.411864042282104,0.04973615659400821,-1.2513999193906784,-215.28569412231445,0.0003
0.023680968210101128,32,799600,403.6791,0.11,100.0,24782,7996,199696,22.80450278520584,0.049223471665754914,-2.5427392218261957,-214.27678775787354,0.0003
0.02367907017469406,32,800000,404.97302,0.1,100.0,24793,8000,199792,24.364473342895508,0.0487930946983397,-0.03521428722888231,-215.51961135864258,0.0003
0.02367558516561985,32,800400,405.9037,0.11,100.0,24808,8004,199904,22.10300302505493,0.048252725740894675,0.8348179664462805,-215.5752649307251,0.0003
0.02367689087986946,32,800800,404.42685,0.11,100.0,24821,8008,200000,25.92929172515869,0.04819985153153539,-3.1543186232447624,-214.69873046875,0.0003
0.023672033101320267,32,801200,405.2575,0.12,100.0,24833,8012,200096,24.806606650352478,0.04761346825398505,-0.5704171694815159,-215.49242305755615,0.0003
0.023668302223086357,32,801600,407.03204,0.14,100.0,24844,8016,200192,25.44898819923401,0.04744782764464617,-0.27570008113980293,-215.01950359344482,0.0003
0.023669632151722908,32,802000,405.33945,0.14,100.0,24858,8020,200304,26.30319035053253,0.04740516049787402,1.6446122005581856,-215.03253555297852,0.0003
0.023667847737669945,32,802400,405.017,0.14,100.0,24870,8024,200400,23.68115270137787,0.047620314406231046,-1.826799301430583,-214.64702892303467,0.0003
0.023667626082897186,32,802800,404.96793,0.13,100.0,24885,8028,200496,28.664721608161926,0.047531145391985774,-2.274982199072838,-213.53915786743164,0.0003
0.023667611181735992,32,803200,402.38626,0.11,100.0,24898,8032,200592,29.916874647140503,0.04701944347470999,0.950230810791254,-216.1757640838623,0.0003
0.023668181151151657,32,803600,403.60312,0.11,100.0,24911,8036,200704,29.087952852249146,0.046555629232898355,-1.6693894565105438,-215.49307537078857,0.0003
0.023669587448239326,32,804000,405.42355,0.13,100.0,24925,8040,200800,25.604260861873627,0.04637276637367904,-1.3785369731485844,-214.7439365386963,0.0003
0.02366907335817814,32,804400,406.81656,0.13,100.0,24938,8044,200896,25.47817063331604,0.04675470991060138,4.676098980009556,-215.10292148590088,0.0003
0.023663347586989403,32,804800,407.09064,0.13,100.0,24950,8048,200992,29.65748918056488,0.04788944125175476,4.104185834527016,-216.4839916229248,0.0003
0.023670697584748268,32,805200,411.84958,0.16,100.0,24965,8052,201104,26.802734851837158,0.04864576552063227,-0.2053365521132946,-215.32892417907715,0.0003
0.023670164868235588,32,805600,412.5791,0.16,100.0,24979,8056,201200,27.16828942298889,0.048568683443591,3.0691373394802213,-214.69590759277344,0.0003
0.02367348037660122,32,806000,411.18262,0.17,100.0,24991,8060,201296,29.973206639289856,0.04914283030666411,1.2622557990252972,-215.65270137786865,0.0003
0.02367600053548813,32,806400,408.44913,0.17,100.0,25005,8064,201392,28.40227460861206,0.0497821313329041,1.1677885130047798,-215.76241207122803,0.0003
0.023678967729210854,32,806800,409.02353,0.18,100.0,25019,8068,201504,20.966555953025818,0.050215816125273705,1.223471375182271,-216.22753715515137,0.0003
0.02368192747235298,32,807200,407.9335,0.17,100.0,25031,8072,201600,24.253316402435303,0.050004315096884966,0.649391757324338,-216.00253200531006,0.0003
0.023681381717324257,32,807600,408.43903,0.17,100.0,25045,8076,201696,21.354525923728943,0.04978919634595513,-1.1208100374788046,-216.31930255889893,0.0003
0.023682216182351112,32,808000,410.06427,0.16,100.0,25061,8080,201792,22.20782470703125,0.04940464021638036,-4.624745756387711,-216.0973014831543,0.0003
0.023680757731199265,32,808400,410.63406,0.15,100.0,25078,8084,201904,23.57596266269684,0.04884143057279289,-2.389442764222622,-216.51619338989258,0.0003
0.023679368197917938,32,808800,413.6102,0.16,100.0,25094,8088,202000,35.68588674068451,0.04825558955781162,0.2722234558314085,-216.68123054504395,0.0003
0.02367987483739853,32,809200,409.9558,0.16,100.0,25105,8092,202096,22.350537657737732,0.04824729100801051,-1.4981178008019924,-215.52770519256592,0.0003
0.023675566539168358,32,809600,410.0964,0.16,100.0,25117,8096,202192,26.394853472709656,0.0479544613044709,-0.09827746264636517,-215.76107692718506,0.0003
0.023672323673963547,32,810000,410.1265,0.18,100.0,25131,8100,202304,22.880958378314972,0.04778797714971006,-2.5149528933689,-216.3070993423462,0.0003
0.023669589310884476,32,810400,410.9621,0.18,100.0,25142,8104,202400,24.256896018981934,0.047553274082019925,-1.537380401045084,-216.36920547485352,0.0003
0.023670146241784096,32,810800,410.34964,0.19,100.0,25155,8108,202496,27.194821178913116,0.047445066506043077,3.0935311168432236,-217.3498773574829,0.0003
0.02366575226187706,32,811200,411.99203,0.19,100.0,25168,8112,202592,25.736502289772034,0.047561984276399016,-1.0147376591339707,-216.1291160583496,0.0003
0.023675836622714996,32,811600,411.825,0.19,100.0,25183,8116,202704,27.409651279449463,0.048410976538434625,-1.41959560662508,-216.69664764404297,0.0003
0.023671628907322884,32,812000,412.21732,0.2,100.0,25196,8120,202800,23.878876447677612,0.04799157986417413,-1.907744999974966,-216.5658655166626,0.0003
0.023672573268413544,32,812400,412.1642,0.2,100.0,25208,8124,202896,26.627748250961304,0.048067529452964664,-0.07445796951651573,-216.54005813598633,0.0003
0.023673368617892265,32,812800,410.12802,0.2,100.0,25219,8128,202992,28.479699730873108,0.04815053893253207,1.5528646670281887,-216.28730964660645,0.0003
0.023672649636864662,32,813200,413.27905,0.22,100.0,25236,8132,203104,27.30036211013794,0.04834224050864577,2.594106139615178,-216.7856731414795,0.0003
0.023670803755521774,32,813600,414.5942,0.22,100.0,25247,8136,203200,22.876001596450806,0.048736148746684194,0.38261143304407597,-216.57250881195068,0.0003
0.023673227056860924,32,814000,412.95792,0.21,100.0,25259,8140,203296,23.545891523361206,0.048663959838449955,-0.459584254771471,-216.73905086517334,0.0003
0.023677248507738113,32,814400,413.8009,0.21,100.0,25271,8144,203392,27.779044151306152,0.04840088542550802,-0.13842362351715565,-217.0141019821167,0.0003
0.023679321631789207,32,814800,414.75854,0.22,100.0,25285,8148,203504,24.749073266983032,0.04853712231852114,0.14150597527623177,-216.7001142501831,0.0003
0.023680884391069412,32,815200,411.03418,0.19,100.0,25297,8152,203600,25.45781421661377,0.04841794422827661,-0.9719910807907581,-217.6538314819336,0.0003
0.02368319220840931,32,815600,409.8118,0.18,100.0,25311,8156,203696,25.687833309173584,0.04793605953454971,-0.30623171478509903,-216.97310161590576,0.0003
0.023681579157710075,32,816000,409.4792,0.18,100.0,25325,8160,203792,26.029733300209045,0.04730690713040531,-1.3860123921185732,-217.22938537597656,0.0003
0.023678239434957504,32,816400,412.31,0.18,100.0,25341,8164,203904,29.371809363365173,0.04710754286497831,-0.003988184034824371,-216.8240966796875,0.0003
0.023676099255681038,32,816800,416.5321,0.18,100.0,25352,8168,204000,27.85644006729126,0.04721034853719175,1.6780197136104107,-217.23630142211914,0.0003
0.023682814091444016,32,817200,415.62177,0.17,100.0,25363,8172,204096,28.67276704311371,0.04742037947289646,0.0619824156165123,-217.72186660766602,0.0003
0.02368227206170559,32,817600,416.38007,0.19,100.0,25375,8176,204192,26.903215289115906,0.04702231171540916,0.3161551505327225,-217.58788013458252,0.0003
0.02368173934519291,32,818000,413.8848,0.19,100.0,25390,8180,204304,25.657944321632385,0.04665032890625298,0.6417773384600878,-216.55091285705566,0.0003
0.023689547553658485,32,818400,413.909,0.21,100.0,25405,8184,204400,27.997270107269287,0.046740930527448654,0.3335033319890499,-217.16327953338623,0.0003
0.023689158260822296,32,818800,412.43652,0.2,100.0,25418,8188,204496,26.849151134490967,0.04635975765995681,0.476154712960124,-217.3006467819214,0.0003
0.02369079180061817,32,819200,413.61386,0.2,100.0,25429,8192,204592,26.19853240251541,0.046051812591031194,1.2735557407140732,-216.5263671875,0.0003
0.023693451657891273,32,819600,413.89554,0.2,100.0,25443,8196,204704,24.935932993888855,0.046188781037926674,1.796649970114231,-217.68514442443848,0.0003
0.023691480979323387,32,820000,411.2294,0.18,100.0,25457,8200,204800,26.339809834957123,0.046383636770769954,1.3811403438448906,-216.9538345336914,0.0003
0.02369188331067562,32,820400,411.255,0.19,100.0,25470,8204,204896,28.397230982780457,0.046533500077202916,-0.5260669440031052,-217.39000797271729,0.0003
0.023696236312389374,32,820800,413.67993,0.18,100.0,25484,8208,204992,24.387605905532837,0.04641074687242508,-0.31005124002695084,-216.4957046508789,0.0003
0.023694537580013275,32,821200,413.30356,0.18,100.0,25500,8212,205104,26.126420497894287,0.04616715875454247,0.8503051660954952,-217.73226261138916,0.0003
0.023687859997153282,32,821600,412.5184,0.16,100.0,25511,8216,205200,22.238670110702515,0.04620210872963071,2.853407545015216,-217.11539268493652,0.0003
0.023687755689024925,32,822000,413.09238,0.16,100.0,25524,8220,205296,24.98299777507782,0.04648593673482537,0.5736073944717646,-217.47477436065674,0.0003
0.023685237392783165,32,822400,414.94574,0.17,100.0,25537,8224,205392,28.987263917922974,0.0464921307284385,-0.7636762484908104,-217.6339817047119,0.0003
0.02368350140750408,32,822800,417.14783,0.16,100.0,25552,8228,205504,31.71653687953949,0.046619331231340766,-1.1229464281350374,-217.66908168792725,0.0003
0.023685982450842857,32,823200,413.90668,0.15,100.0,25567,8232,205600,26.058406829833984,0.0466198930516839,-1.1134213283658028,-218.22797107696533,0.0003
0.023681825026869774,32,823600,411.53525,0.15,100.0,25579,8236,205696,25.51853322982788,0.046305430587381124,0.3369631804525852,-217.20802211761475,0.0003
0.02367914281785488,32,824000,411.47855,0.15,100.0,25590,8240,205792,26.47214126586914,0.04659435129724443,0.4358934126794338,-217.39543342590332,0.0003
0.023682473227381706,32,824400,410.0777,0.15,100.0,25603,8244,205904,27.428630113601685,0.046287090284749866,-0.9863340593874454,-216.69633102416992,0.0003
0.023686418309807777,32,824800,409.53403,0.14,100.0,25617,8248,206000,25.73547261953354,0.04593002959154546,0.11807450279593468,-216.96430492401123,0.0003
0.02368468977510929,32,825200,410.02078,0.15,100.0,25632,8252,206096,28.447855710983276,0.04579786513932049,1.4086820259690285,-216.7242612838745,0.0003
0.023688597604632378,32,825600,413.1256,0.17,100.0,25645,8256,206192,28.099971055984497,0.04609381873160601,2.096398016437888,-217.34774780273438,0.0003
0.023686988279223442,32,826000,416.80087,0.17,100.0,25661,8260,206304,24.970905780792236,0.04599919472821057,1.748402826488018,-215.8014554977417,0.0003
0.023682551458477974,32,826400,414.9735,0.17,100.0,25674,8264,206400,25.275813937187195,0.046101090498268604,2.7063940688967705,-217.94543838500977,0.0003
0.023687614127993584,32,826800,416.5594,0.19,100.0,25688,8268,206496,27.02358829975128,0.0463639460504055,0.5784385167062283,-217.0368881225586,0.0003
0.023685220628976822,32,827200,414.48364,0.18,100.0,25701,8272,206592,30.80263888835907,0.04601194313727319,0.8402970675379038,-217.84682846069336,0.0003
0.023690272122621536,32,827600,416.0868,0.18,100.0,25716,8276,206704,30.407325387001038,0.046726512955501676,-3.4761324133723974,-217.71480083465576,0.0003
0.023685161024332047,32,828000,417.62384,0.19,100.0,25728,8280,206800,27.693811655044556,0.04698885860852897,-0.8939502611756325,-217.84298038482666,0.0003
0.02368493191897869,32,828400,419.14612,0.18,100.0,25739,8284,206896,26.94223201274872,0.04699266352690756,0.4900914393365383,-217.80729007720947,0.0003
0.023683540523052216,32,828800,419.66653,0.18,100.0,25752,8288,206992,24.470966041088104,0.04679867089726031,-1.0451495759189129,-217.53131866455078,0.0003
0.023686759173870087,32,829200,419.36038,0.19,100.0,25765,8292,207104,30.533687949180603,0.04690324352122843,-2.4438816532492638,-218.3694715499878,0.0003
0.023683104664087296,32,829600,418.20566,0.19,100.0,25778,8296,207200,23.622318983078003,0.04649318638257682,1.7255399422720075,-218.18671035766602,0.0003
0.02368483506143093,32,830000,418.56876,0.2,100.0,25789,8300,207296,30.3270765542984,0.04671103600412607,0.9717885721474886,-217.8674831390381,0.0003
0.023687828332185745,32,830400,417.40433,0.19,100.0,25801,8304,207392,30.496160864830017,0.04708028398454189,-1.0547252800315619,-218.12760829925537,0.0003
0.023690560832619667,32,830800,414.35913,0.19,100.0,25815,8308,207504,25.91881251335144,0.04686581622809172,-0.6651161145418882,-217.89093208312988,0.0003
0.023694081231951714,32,831200,414.65555,0.2,100.0,25827,8312,207600,27.931220054626465,0.04671371611766517,-3.4417365062981844,-217.33685874938965,0.0003
0.02369518019258976,32,831600,413.06482,0.21,100.0,25841,8316,207696,28.381482243537903,0.046493988716974854,0.5536616556346416,-217.0069456100464,0.0003
0.02369149774312973,32,832000,414.4562,0.22,100.0,25856,8320,207792,25.53036892414093,0.046330887358635664,0.2925214320421219,-217.33924865722656,0.0003
0.023692119866609573,32,832400,412.9583,0.21,100.0,25871,8324,207904,24.994685471057892,0.046178773045539856,1.3611273895949125,-217.60612773895264,0.0003
0.02368764393031597,32,832800,411.8054,0.23,100.0,25886,8328,208000,27.19138467311859,0.046310026897117496,-0.6700176205486059,-217.9462251663208,0.0003
0.023693718016147614,32,833200,411.58633,0.22,100.0,25901,8332,208096,24.222490072250366,0.046845833072438836,0.6697273794561625,-218.32435703277588,0.0003
0.023693371564149857,32,833600,412.59094,0.22,100.0,25914,8336,208192,27.537132024765015,0.04642924154177308,-2.216375627554953,-218.10048484802246,0.0003
0.023697292432188988,32,834000,412.25632,0.22,100.0,25926,8340,208304,28.103822708129883,0.046015548752620816,-1.2873281333595514,-217.39244842529297,0.0003
0.02369694784283638,32,834400,413.9613,0.22,100.0,25939,8344,208400,26.81346368789673,0.04554175911471248,-1.4927319400012493,-217.52746391296387,0.0003
0.023693358525633812,32,834800,416.9724,0.24,100.0,25950,8348,208496,27.55982732772827,0.04514005011878908,0.9003344997763634,-217.4366569519043,0.0003
0.023699315264821053,32,835200,415.03882,0.23,100.0,25963,8352,208592,26.339245915412903,0.045704456279054284,-0.47391001135110855,-217.96868419647217,0.0003
0.023698715493083,32,835600,414.64774,0.22,100.0,25976,8356,208704,27.207900524139404,0.045544750755652785,0.024939080700278282,-217.8083152770996,0.0003
0.023696891963481903,32,836000,411.61536,0.22,100.0,25988,8360,208800,25.078220903873444,0.045378498965874314,-0.6885433439165354,-217.4166135787964,0.0003
0.023700494319200516,32,836400,411.00256,0.22,100.0,25999,8364,208896,30.181126475334167,0.04574524983763695,3.1309893652796745,-217.2862548828125,0.0003
0.023701263591647148,32,836800,407.95197,0.21,100.0,26010,8368,208992,30.238844633102417,0.04576539155095816,0.944819388911128,-217.78626537322998,0.0003
0.0237041637301445,32,837200,410.13208,0.21,100.0,26023,8372,209104,30.77400231361389,0.0458628109190613,-0.06311691831797361,-217.17467784881592,0.0003
0.023703213781118393,32,837600,405.09976,0.19,100.0,26039,8376,209200,27.9720116853714,0.04571399511769414,-0.47641056403517723,-217.4855031967163,0.0003
0.023699410259723663,32,838000,406.4011,0.19,100.0,26052,8380,209296,23.957282543182373,0.04551270417869091,0.6526211202144623,-217.76482486724854,0.0003
0.023691905662417412,32,838400,402.99362,0.18,100.0,26065,8384,209392,30.855831384658813,0.04517026711255312,0.5800067111849785,-217.54233837127686,0.0003
0.023694206029176712,32,838800,406.966,0.2,100.0,26081,8388,209504,26.742677569389343,0.04530258383601904,0.6546484306454659,-219.23678398132324,0.0003
0.02369350753724575,32,839200,407.2174,0.2,100.0,26095,8392,209600,27.740840911865234,0.04515670402906835,0.8534892974421382,-218.24762439727783,0.0003
0.02369260974228382,32,839600,409.6187,0.21,100.0,26107,8396,209696,28.883940815925598,0.045297880889847875,2.573208854533732,-217.45543575286865,0.0003
0.023698220029473305,32,840000,411.26953,0.21,100.0,26120,8400,209792,26.285011768341064,0.04588354448787868,2.1825357358902693,-218.27086448669434,0.0003
0.02369503118097782,32,840400,411.60046,0.2,100.0,26133,8404,209904,31.280507922172546,0.04572946997359395,0.5009655766189098,-217.55834579467773,0.0003
0.02369687147438526,32,840800,411.28894,0.2,100.0,26146,8408,210000,27.403350114822388,0.04598300554789603,-0.47536657750606537,-216.56177520751953,0.0003
0.023694677278399467,32,841200,409.56613,0.18,100.0,26159,8412,210096,32.418758511543274,0.045643512392416596,0.6684031933546066,-217.27119827270508,0.0003
0.02369551733136177,32,841600,409.4519,0.18,100.0,26171,8416,210192,25.600080966949463,0.04576605139300227,-0.727256191894412,-216.68211841583252,0.0003
0.02369942143559456,32,842000,412.18616,0.18,100.0,26185,8420,210304,26.88080596923828,0.04569201241247356,0.685111933387816,-217.91867923736572,0.0003
0.023700468242168427,32,842400,412.58276,0.19,100.0,26196,8424,210400,28.20539093017578,0.04551800433546305,0.201392013579607,-217.7344446182251,0.0003
0.023701271042227745,32,842800,413.31644,0.17,100.0,26209,8428,210496,27.49427056312561,0.04529287130571902,-0.05040736496448517,-217.17442417144775,0.0003
0.02370106242597103,32,843200,417.46216,0.19,100.0,26221,8432,210592,29.26750683784485,0.04500779835507274,0.4606843814253807,-217.96927642822266,0.0003
0.02370024286210537,32,843600,418.45673,0.19,100.0,26232,8436,210704,27.641265511512756,0.04481033678166568,-0.4786601159721613,-218.14751815795898,0.0003
0.023702047765254974,32,844000,418.80884,0.18,100.0,26246,8440,210800,27.42720103263855,0.04459414165467024,-1.0876106470823288,-217.1452980041504,0.0003
0.023699039593338966,32,844400,417.803,0.19,100.0,26257,8444,210896,28.60579001903534,0.04403170547448099,-0.2678024349734187,-218.44470405578613,0.0003
0.023698370903730392,32,844800,417.58054,0.18,100.0,26273,8448,210992,22.387925028800964,0.044057222083210945,-1.1964119151234627,-217.72059726715088,0.0003
0.02369336225092411,32,845200,416.79785,0.18,100.0,26285,8452,211104,22.405660390853882,0.04356609005481005,-2.128564275801182,-218.271728515625,0.0003
0.02369195781648159,32,845600,413.52634,0.17,100.0,26295,8456,211200,26.13116204738617,0.04317298159003258,-0.29146980168297887,-217.58661937713623,0.0003
0.023686427623033524,32,846000,414.2465,0.17,100.0,26309,8460,211296,29.200063347816467,0.04267250350676477,-3.6353745851665735,-217.10535430908203,0.0003
0.0236830972135067,32,846400,415.66522,0.17,100.0,26322,8464,211392,27.60612714290619,0.04265253199264407,2.0825013145804405,-217.32190608978271,0.0003
0.02368154190480709,32,846800,411.8422,0.16,100.0,26336,8468,211504,25.71078372001648,0.042802777141332626,0.33960120379924774,-216.72209930419922,0.0003
0.023678256198763847,32,847200,411.28986,0.17,100.0,26348,8472,211600,26.43439221382141,0.04260271810926497,0.43552907928824425,-217.18868446350098,0.0003
0.023679278790950775,32,847600,412.36438,0.17,100.0,26360,8476,211696,25.394487023353577,0.04272192902863026,0.1621401682496071,-217.22957134246826,0.0003
0.0236772820353508,32,848000,409.74347,0.16,100.0,26373,8480,211792,24.44715166091919,0.042539927177131176,0.7560549862682819,-218.40328788757324,0.0003
0.023674828931689262,32,848400,411.31207,0.17,100.0,26387,8484,211904,26.09780478477478,0.042516878340393305,0.9312581829726696,-217.69910335540771,0.0003
0.023674430325627327,32,848800,405.78906,0.15,100.0,26399,8488,212000,29.5216264128685,0.04272602265700698,4.1833931263536215,-217.6704568862915,0.0003
0.023677583783864975,32,849200,404.5456,0.15,100.0,26411,8492,212096,25.64758288860321,0.04310191166587174,-0.4985513146966696,-216.4007053375244,0.0003
0.023673180490732193,32,849600,401.00336,0.14,100.0,26422,8496,212192,26.701589345932007,0.04277981002815068,-2.0812300331890583,-217.38801288604736,0.0003
0.023665176704525948,32,850000,401.06555,0.14,100.0,26438,8500,212304,25.164328813552856,0.04244981543160975,-0.18846310675144196,-217.9442491531372,0.0003
0.023668337613344193,32,850400,402.6368,0.15,100.0,26451,8504,212400,24.67677527666092,0.0425760259386152,-0.1550121228210628,-217.0249538421631,0.0003
0.023659925907850266,32,850800,403.8556,0.16,100.0,26464,8508,212496,22.938504457473755,0.042192252818495035,-1.3701924523338675,-218.38814544677734,0.0003
0.023658370599150658,32,851200,404.0586,0.17,100.0,26479,8512,212592,25.480033934116364,0.04256439511664212,0.9212079681456089,-217.78318881988525,0.0003
0.02365129254758358,32,851600,405.1041,0.17,100.0,26491,8516,212704,28.086872696876526,0.04264028836041689,1.1118485629558563,-217.67429447174072,0.0003
0.0236459169536829,32,852000,403.52502,0.17,100.0,26504,8520,212800,30.07486927509308,0.042618863051757216,1.9949366748332977,-218.0203971862793,0.0003
0.023648787289857864,32,852400,403.4068,0.16,100.0,26518,8524,212896,28.962111592292786,0.04322700691409409,-0.7981350012123585,-216.606689453125,0.0003
0.023641405627131462,32,852800,400.82068,0.16,100.0,26531,8528,212992,27.8423672914505,0.04333162750117481,3.096562460064888,-218.1045618057251,0.0003
0.023643551394343376,32,853200,397.42172,0.14,100.0,26545,8532,213104,29.143099069595337,0.043817241210490465,-1.207474708557129,-217.8472089767456,0.0003
0.02363625355064869,32,853600,397.79868,0.16,100.0,26560,8536,213200,27.2416410446167,0.04357005818746984,0.8590578027069569,-218.11515998840332,0.0003
0.023639237508177757,32,854000,399.48312,0.17,100.0,26575,8540,213296,26.029207229614258,0.04362951754592359,0.6613608971238136,-217.37601852416992,0.0003
0.023636840283870697,32,854400,398.0569,0.16,100.0,26587,8544,213392,29.319704055786133,0.04382452671416104,0.6917550042271614,-217.2660026550293,0.0003
0.023637566715478897,32,854800,399.93335,0.17,100.0,26599,8548,213504,27.94099771976471,0.044019367545843124,1.7657386548817158,-216.89210510253906,0.0003
0.02363852970302105,32,855200,403.25647,0.19,100.0,26612,8552,213600,30.157227993011475,0.04439464537426829,0.6707584597170353,-217.54930305480957,0.0003
0.023636767640709877,32,855600,404.1461,0.2,100.0,26625,8556,213696,26.692471742630005,0.04465015325695276,-2.058830142021179,-217.72004795074463,0.0003
0.023639114573597908,32,856000,403.41238,0.2,100.0,26638,8560,213792,24.7262801527977,0.04456663969904184,-0.44056900311261415,-217.96091270446777,0.0003
0.023638907819986343,32,856400,403.25128,0.2,100.0,26650,8564,213904,23.836736798286438,0.04462516005150974,1.0187993962317705,-215.8774299621582,0.0003
0.023640578612685204,32,856800,405.09943,0.2,100.0,26662,8568,214000,31.567266702651978,0.04444765602238476,-0.5143204852938652,-216.61810398101807,0.0003
0.02363939955830574,32,857200,403.95688,0.19,100.0,26677,8572,214096,23.836267590522766,0.044162941398099065,-0.8463226296007633,-216.93389511108398,0.0003
0.0236376840621233,32,857600,402.69766,0.19,100.0,26689,8576,214192,25.288217663764954,0.04389011417515576,-1.1632885858416557,-216.62907791137695,0.0003
0.023642409592866898,32,858000,404.2207,0.21,100.0,26705,8580,214304,38.38161480426788,0.04365802416577935,1.4569097757339478,-216.84325981140137,0.0003
0.023644227534532547,32,858400,403.64276,0.21,100.0,26716,8584,214400,26.869476318359375,0.04391595511697233,-3.0897781047970057,-216.86455059051514,0.0003
0.023647554218769073,32,858800,405.54214,0.21,100.0,26727,8588,214496,26.43947696685791,0.04399379971437156,1.7676019817590714,-216.45202922821045,0.0003
0.023647552356123924,32,859200,407.6897,0.21,100.0,26740,8592,214592,26.130722522735596,0.0440156317781657,-1.903217988088727,-216.55314254760742,0.0003
0.02364443428814411,32,859600,413.827,0.24,100.0,26754,8596,214704,24.892298698425293,0.04383741528727114,-0.6747040618211031,-216.7900676727295,0.0003
0.02363605983555317,32,860000,412.60114,0.24,100.0,26765,8600,214800,28.455749034881592,0.043542806059122086,0.4694630177691579,-216.34746646881104,0.0003
0.023637471720576286,32,860400,412.034,0.25,100.0,26776,8604,214896,31.244134426116943,0.0432944456115365,0.16359269432723522,-217.48013305664062,0.0003
0.02362903393805027,32,860800,411.72852,0.24,100.0,26788,8608,214992,25.637840747833252,0.04322588467039168,3.095614440739155,-217.31141662597656,0.0003
0.023634333163499832,32,861200,411.6482,0.25,100.0,26805,8612,215104,25.3995863199234,0.043714263243600726,-0.1522674821317196,-216.20880222320557,0.0003
0.023631896823644638,32,861600,412.28903,0.25,100.0,26816,8616,215200,29.219861268997192,0.0439498289488256,0.6228348221629858,-216.40084075927734,0.0003
0.023633308708667755,32,862000,408.34094,0.23,100.0,26828,8620,215296,26.459798097610474,0.04397697956301272,-0.3838874474167824,-216.20206832885742,0.0003
0.023628244176506996,32,862400,409.22293,0.23,100.0,26839,8624,215392,26.88517689704895,0.0437683816999197,1.2033166885375977,-215.83459091186523,0.0003
0.02363193780183792,32,862800,410.6059,0.23,100.0,26855,8628,215504,24.77086502313614,0.04377361363731325,-0.8981922324746847,-216.5353536605835,0.0003
0.023630134761333466,32,863200,413.25674,0.25,100.0,26870,8632,215600,25.47237229347229,0.043584016151726246,-1.774294950067997,-216.53154850006104,0.0003
0.023627080023288727,32,863600,413.4729,0.24,100.0,26882,8636,215696,28.43129789829254,0.04351017763838172,0.267397403717041,-217.03859996795654,0.0003
0.02362987771630287,32,864000,411.03073,0.23,100.0,26892,8640,215792,32.68528759479523,0.04481372446753085,2.506391355767846,-216.40973567962646,0.0003
0.02361786551773548,32,864400,411.46527,0.23,100.0,26904,8644,215904,32.942455530166626,0.04544288432225585,5.812058333307505,-216.95226955413818,0.0003
0.023616919293999672,32,864800,405.58255,0.21,100.0,26915,8648,216000,27.325745701789856,0.0468401073012501,3.034670772962272,-217.21847820281982,0.0003
0.023619554936885834,32,865200,406.06192,0.21,100.0,26929,8652,216096,28.303919553756714,0.04759854986332357,0.09860437363386154,-216.9336929321289,0.0003
0.023624004796147346,32,865600,403.57922,0.2,100.0,26941,8656,216192,28.250762820243835,0.04819732834585011,0.9133485965430737,-216.99778938293457,0.0003
0.02362597920000553,32,866000,404.08142,0.2,100.0,26954,8660,216304,28.467204689979553,0.048325007082894444,0.7267744317650795,-217.69887256622314,0.0003
0.023631153628230095,32,866400,403.2051,0.2,100.0,26967,8664,216400,31.35697042942047,0.04860541527159512,0.9852117002010345,-217.45299243927002,0.0003
0.02363138645887375,32,866800,401.8936,0.19,100.0,26977,8668,216496,29.197327375411987,0.04833449516445398,0.49851341266185045,-216.9734172821045,0.0003
0.023629607632756233,32,867200,403.0291,0.2,100.0,26988,8672,216592,29.01387083530426,0.04786953562870622,-1.810649635270238,-216.77369785308838,0.0003
0.02362919971346855,32,867600,403.60742,0.2,100.0,27005,8676,216704,29.38736069202423,0.04719977895729244,2.0389257110655308,-216.67800045013428,0.0003
0.023633452132344246,32,868000,404.24557,0.19,100.0,27021,8680,216800,29.638869285583496,0.04714673035778105,-1.6110929511487484,-217.2598991394043,0.0003
0.023629264906048775,32,868400,402.8654,0.18,100.0,27032,8684,216896,25.54413080215454,0.04652200732380152,-2.829692929983139,-217.28650760650635,0.0003
0.023632409051060677,32,868800,405.64212,0.19,100.0,27048,8688,216992,30.570880889892578,0.04633647808805108,-0.688620813190937,-217.20357704162598,0.0003
0.023630406707525253,32,869200,407.76074,0.2,100.0,27067,8692,217104,24.009942054748535,0.04594887956045568,-0.5632747802883387,-217.34214973449707,0.0003
0.023624660447239876,32,869600,402.83734,0.17,100.0,27080,8696,217200,24.82050448656082,0.04562693717889488,-1.9350164495408535,-216.58219528198242,0.0003
0.023622455075383186,32,870000,402.96906,0.16,100.0,27096,8700,217296,30.075404405593872,0.04518401832319796,-1.839007180184126,-217.21344375610352,0.0003
0.023620227351784706,32,870400,402.92075,0.14,100.0,27110,8704,217392,23.763862252235413,0.044792468659579754,1.3740075044333935,-216.38702011108398,0.0003
0.023617463186383247,32,870800,401.38647,0.14,100.0,27126,8708,217504,30.956220388412476,0.04456601501442492,-0.8568368311971426,-216.74280261993408,0.0003
0.023617811501026154,32,871200,403.35165,0.13,100.0,27139,8712,217600,29.159039974212646,0.0445288282353431,-0.4814046863466501,-216.8570432662964,0.0003
0.023621058091521263,32,871600,397.96384,0.12,100.0,27150,8716,217696,26.049494743347168,0.04428296652622521,1.7064655097201467,-216.36988735198975,0.0003
0.023620175197720528,32,872000,399.4369,0.13,100.0,27162,8720,217792,26.715065717697144,0.04419368761591613,-0.7689771987497807,-216.05599784851074,0.0003
0.023617247119545937,32,872400,397.5631,0.13,100.0,27173,8724,217904,25.049547731876373,0.043963926611468196,1.4927106713876128,-215.94121074676514,0.0003
0.023615365847945213,32,872800,397.5414,0.14,100.0,27185,8728,218000,22.045149207115173,0.043881360441446304,0.37685773707926273,-215.15207481384277,0.0003
0.02361411787569523,32,873200,394.26852,0.12,100.0,27197,8732,218096,25.203486621379852,0.04376198700629175,-2.3869159538298845,-216.25219917297363,0.0003
0.023614611476659775,32,873600,393.91397,0.11,100.0,27209,8736,218192,25.32120180130005,0.04342361353337765,-0.3941869903355837,-216.29526233673096,0.0003
0.023609008640050888,32,874000,393.1475,0.11,100.0,27222,8740,218304,25.945761799812317,0.04365844908170402,1.8973018862307072,-215.7893943786621,0.0003
0.02361230179667473,32,874400,395.16043,0.11,100.0,27236,8744,218400,23.630875945091248,0.044019828317686915,0.7837518965825438,-215.6126308441162,0.0003
0.023613018915057182,32,874800,398.58884,0.12,100.0,27247,8748,218496,29.1850563287735,0.044070892967283726,0.9807600639760494,-216.41639518737793,0.0003
0.02361101470887661,32,875200,396.20993,0.11,100.0,27261,8752,218592,24.54973268508911,0.04464597627520561,3.5447514206171036,-216.29732513427734,0.0003
0.023608598858118057,32,875600,397.99246,0.11,100.0,27275,8756,218704,23.760623574256897,0.04428218654356897,-2.130780605599284,-214.82812976837158,0.0003
0.023608068004250526,32,876000,399.7852,0.12,100.0,27285,8760,218800,28.153118014335632,0.044146401109173894,0.8864278569817543,-216.20893478393555,0.0003
0.023604145273566246,32,876400,399.71857,0.13,100.0,27296,8764,218896,25.081982493400574,0.043950367951765656,-0.2328012678772211,-215.4236135482788,0.0003
0.02360786311328411,32,876800,400.0838,0.13,100.0,27309,8768,218992,29.302570939064026,0.04395004129037261,-1.2874911949038506,-215.3227767944336,0.0003
0.023602010682225227,32,877200,394.9249,0.12,100.0,27321,8772,219104,24.719808340072632,0.04375397437252104,-2.205786945298314,-215.76037216186523,0.0003
0.02360445447266102,32,877600,396.48608,0.13,100.0,27338,8776,219200,26.533628821372986,0.043665873585268855,0.5987654365599155,-215.69419193267822,0.0003
0.023601504042744637,32,878000,392.9785,0.12,100.0,27351,8780,219296,23.26822715997696,0.04357442446053028,-0.507949473336339,-216.48796367645264,0.0003
0.023600544780492783,32,878400,395.67755,0.13,100.0,27364,8784,219392,24.54331111907959,0.04345550830475986,-0.15086500719189644,-216.10001468658447,0.0003
0.023598123341798782,32,878800,395.14496,0.14,100.0,27378,8788,219504,23.848731875419617,0.04319075448438525,-2.0588967725634575,-215.34512615203857,0.0003
0.02359754778444767,32,879200,391.18948,0.12,100.0,27388,8792,219600,26.406698763370514,0.042963925283402205,-3.4907211242243648,-215.32837295532227,0.0003
0.023594489321112633,32,879600,390.93887,0.12,100.0,27403,8796,219696,27.14686357975006,0.0426963553763926,0.8936698772013187,-215.68312454223633,0.0003
0.023594917729496956,32,880000,392.55188,0.14,100.0,27417,8800,219792,25.18888807296753,0.04308661026880145,0.20711947605013847,-214.5275058746338,0.0003
0.023590413853526115,32,880400,395.4304,0.16,100.0,27432,8804,219904,24.70698082447052,0.04295289469882846,1.2941290140151978,-215.01582717895508,0.0003
0.02359282411634922,32,880800,396.79245,0.16,100.0,27445,8808,220000,22.3866046667099,0.04321588599123061,2.3865702524781227,-215.42944622039795,0.0003
0.02359776943922043,32,881200,395.51147,0.16,100.0,27459,8812,220096,27.931598782539368,0.043408981058746576,-0.8211474418640137,-214.989107131958,0.0003
0.02359865978360176,32,881600,404.64368,0.19,100.0,27473,8816,220192,27.055954098701477,0.043193132849410176,-2.118534866720438,-215.78478240966797,0.0003
0.023597460240125656,32,882000,406.53366,0.2,100.0,27485,8820,220304,24.08456039428711,0.042901415610685945,-1.737071219831705,-214.6758270263672,0.0003
0.023596134036779404,32,882400,409.048,0.21,100.0,27498,8824,220400,27.60731029510498,0.042877279687672853,1.0154438316822052,-216.01895904541016,0.0003
0.023599157109856606,32,882800,408.38382,0.2,100.0,27509,8828,220496,25.136124968528748,0.042912624310702085,-0.2424237746745348,-215.48491954803467,0.0003
0.023604976013302803,32,883200,409.32913,0.2,100.0,27523,8832,220592,25.67901337146759,0.043520038248971105,4.536448813974857,-215.82519817352295,0.0003
0.02360326424241066,32,883600,410.53186,0.21,100.0,27539,8836,220704,25.11170768737793,0.04384006140753627,0.4280207771807909,-214.40342044830322,0.0003
0.02359587512910366,32,884000,408.67184,0.21,100.0,27552,8840,220800,24.900639295578003,0.04389649932272732,-1.0874785650521517,-214.65628910064697,0.0003
0.023598140105605125,32,884400,405.7698,0.21,100.0,27565,8844,220896,25.8848215341568,0.04409947176463902,0.14635759964585304,-215.55656719207764,0.0003
0.02360193245112896,32,884800,403.3499,0.21,100.0,27578,8848,220992,23.560786604881287,0.043882139259949327,-1.1004337910562754,-215.1935043334961,0.0003
0.023610126227140427,32,885200,403.19373,0.2,100.0,27593,8852,221104,23.1283061504364,0.043539207661524415,0.5988147053867579,-215.3136682510376,0.0003
0.023607926443219185,32,885600,405.75186,0.22,100.0,27605,8856,221200,26.33279013633728,0.04303326504305005,-0.8227505758404732,-214.28027534484863,0.0003
0.023602403700351715,32,886000,403.9441,0.21,100.0,27618,8860,221296,26.085220098495483,0.042573332553729415,-3.0812920928001404,-214.95006370544434,0.0003
0.023602036759257317,32,886400,405.23242,0.22,100.0,27630,8864,221392,25.05797588825226,0.04237202135846019,1.6055079344660044,-215.47192478179932,0.0003
0.023601941764354706,32,886800,404.01663,0.23,100.0,27645,8868,221504,31.35455346107483,0.04252293473109603,-0.05520794168114662,-214.1837968826294,0.0003
0.02360486425459385,32,887200,409.66586,0.24,100.0,27656,8872,221600,24.893574833869934,0.0425726359244436,-1.2402693033218384,-214.05634307861328,0.0003
0.023601140826940536,32,887600,408.77176,0.24,100.0,27667,8876,221696,27.35296666622162,0.04230601200833917,-3.1899715401232243,-213.97206783294678,0.0003
0.02359844371676445,32,888000,409.90118,0.24,100.0,27679,8880,221792,27.631360292434692,0.04211663780733943,1.972604738548398,-215.4075059890747,0.0003
0.023599328473210335,32,888400,409.96765,0.24,100.0,27692,8884,221904,23.328014254570007,0.04242512886412442,0.9617478735744953,-215.02564334869385,0.0003
0.023600852116942406,32,888800,410.49454,0.24,100.0,27708,8888,222000,28.082599878311157,0.04235222889110446,-1.0402994602918625,-215.8269968032837,0.0003
0.023599447682499886,32,889200,412.4047,0.25,100.0,27722,8892,222096,25.053257405757904,0.04220622032880783,1.3684922829270363,-214.50694942474365,0.0003
0.023601960390806198,32,889600,416.76855,0.26,100.0,27734,8896,222192,27.969979763031006,0.04232561122626066,1.1599233523011208,-214.7385196685791,0.0003
0.023600395768880844,32,890000,415.60202,0.25,100.0,27750,8900,222304,27.289507031440735,0.04211989929899573,-1.1427216213196516,-214.32436275482178,0.0003
0.023596886545419693,32,890400,410.50693,0.23,100.0,27762,8904,222400,25.70198106765747,0.04209480062127113,1.3610571920871735,-214.80703449249268,0.0003
0.023601481691002846,32,890800,409.11414,0.23,100.0,27773,8908,222496,26.19439685344696,0.042065439745783806,-0.4703386463224888,-213.84245109558105,0.0003
0.023600634187459946,32,891200,408.37997,0.22,100.0,27785,8912,222592,23.553378105163574,0.041848041117191315,-0.9243238866329193,-214.5506010055542,0.0003
0.0235962625592947,32,891600,406.36612,0.21,100.0,27802,8916,222704,22.881468534469604,0.041741710621863604,-0.42813098430633545,-215.14139080047607,0.0003
0.02359209582209587,32,892000,403.64673,0.19,100.0,27815,8920,222800,28.511399388313293,0.041438045678660274,0.6543470174074173,-214.7673282623291,0.0003
0.023595133796334267,32,892400,402.03906,0.18,100.0,27827,8924,222896,28.591750025749207,0.0418278886936605,-0.22967185452580452,-214.24256229400635,0.0003
0.023593362420797348,32,892800,403.11603,0.19,100.0,27838,8928,222992,25.2133891582489,0.04190385737456381,3.380634255707264,-214.61979961395264,0.0003
0.023591231554746628,32,893200,402.5887,0.2,100.0,27853,8932,223104,25.95282256603241,0.04199200542643666,-1.4832177516072989,-214.81912899017334,0.0003
0.023593924939632416,32,893600,401.31628,0.2,100.0,27864,8936,223200,28.248074531555176,0.04186915373429656,1.6266792379319668,-214.73990535736084,0.0003
0.023593898862600327,32,894000,404.03375,0.2,100.0,27879,8940,223296,24.39486300945282,0.041775090619921684,-0.7118876166641712,-214.10844802856445,0.0003
0.023595642298460007,32,894400,405.8655,0.21,100.0,27893,8944,223392,24.357924938201904,0.04154363041743636,-2.4656301848590374,-214.4409055709839,0.0003
0.02359641157090664,32,894800,407.64413,0.2,100.0,27904,8948,223504,23.11533272266388,0.04122602706775069,-0.47813545167446136,-215.2260398864746,0.0003
0.023599375039339066,32,895200,407.98434,0.2,100.0,27920,8952,223600,22.52441108226776,0.0416648737154901,-2.660475265234709,-215.2722463607788,0.0003
0.023592626675963402,32,895600,405.8033,0.19,100.0,27932,8956,223696,25.483965754508972,0.041474740486592054,-0.12710578367114067,-215.16860675811768,0.0003
0.02359788492321968,32,896000,406.31332,0.19,100.0,27945,8960,223792,26.318899035453796,0.041754309087991714,1.8015636280179024,-215.5849256515503,0.0003
0.023603441193699837,32,896400,408.84445,0.19,100.0,27958,8964,223904,26.566518902778625,0.04213808593340218,-1.6004715654999018,-215.34707832336426,0.0003
0.02359696477651596,32,896800,409.44867,0.18,100.0,27971,8968,224000,27.249959111213684,0.041683699237182736,-0.6570387408137321,-214.77703857421875,0.0003
0.023594239726662636,32,897200,407.92453,0.17,100.0,27982,8972,224096,22.866068422794342,0.04140246310271323,-1.6569405496120453,-215.36338996887207,0.0003
0.023589832708239555,32,897600,408.96222,0.16,100.0,27994,8976,224192,26.299080729484558,0.041260083904489875,5.141213025897741,-214.84935760498047,0.0003
0.02359970286488533,32,898000,409.7878,0.17,100.0,28009,8980,224304,25.61326229572296,0.04176826192997396,1.5506911892443895,-215.08817386627197,0.0003
0.023596463724970818,32,898400,405.11386,0.17,100.0,28022,8984,224400,25.690757870674133,0.041681654984131455,1.961635872721672,-214.55341148376465,0.0003
0.02359716407954693,32,898800,403.31,0.16,100.0,28035,8988,224496,29.003024220466614,0.041747445706278086,0.6977789327502251,-215.21806812286377,0.0003
0.023597968742251396,32,899200,401.39346,0.15,100.0,28051,8992,224592,24.37494421005249,0.04208598774857819,0.4131539035588503,-215.38287830352783,0.0003
0.02359062060713768,32,899600,398.84775,0.15,100.0,28065,8996,224704,23.685508966445923,0.04182258457876742,-1.0882261069491506,-214.0043249130249,0.0003
0.023584358394145966,32,900000,395.91864,0.15,100.0,28079,9000,224800,28.31144118309021,0.04169538011774421,2.0428822971880436,-214.7986936569214,0.0003
0.023589463904500008,32,900400,397.48825,0.15,100.0,28090,9004,224896,26.928794503211975,0.04247924848459661,2.9715300109237432,-214.81341171264648,0.0003
0.023591158911585808,32,900800,400.37262,0.16,100.0,28104,9008,224992,26.94751077890396,0.04276998480781913,-1.8055238798260689,-214.4273099899292,0.0003
0.023589977994561195,32,901200,402.457,0.18,100.0,28117,9012,225104,25.1144802570343,0.042565889190882444,0.17779743671417236,-214.39206409454346,0.0003
0.023592272773385048,32,901600,396.59064,0.16,100.0,28128,9016,225200,27.328282356262207,0.042594520607963204,0.5970348306000233,-215.0341396331787,0.0003
0.023593168705701828,32,902000,396.51047,0.17,100.0,28140,9020,225296,26.118598699569702,0.04240120272152126,-0.2974946163594723,-215.44788646697998,0.0003
0.023599455133080482,32,902400,395.68863,0.17,100.0,28152,9024,225392,30.76306414604187,0.04291460011154413,0.9708714447915554,-214.41396522521973,0.0003
0.023602766916155815,32,902800,394.44833,0.16,100.0,28163,9028,225504,28.918859481811523,0.043303449638187885,-0.6390839740633965,-214.47931480407715,0.0003
0.023602386936545372,32,903200,393.8802,0.16,100.0,28176,9032,225600,28.835023522377014,0.043552394257858396,1.6223593726754189,-213.7095241546631,0.0003
0.02359923906624317,32,903600,393.19934,0.16,100.0,28187,9036,225696,24.69402837753296,0.04363404959440231,-1.8631974589079618,-213.38896942138672,0.0003
0.023598650470376015,32,904000,392.48154,0.16,100.0,28200,9040,225792,26.729632258415222,0.04358082776889205,1.9370708167552948,-213.70551300048828,0.0003
0.023600438609719276,32,904400,393.451,0.15,100.0,28218,9044,225904,26.31846845149994,0.04354966874234378,0.6481926366686821,-213.94042873382568,0.0003
0.023600934073328972,32,904800,393.2539,0.15,100.0,28232,9048,226000,25.10733699798584,0.04335759254172444,-2.324758229777217,-213.69479846954346,0.0003
0.023602554574608803,32,905200,396.05276,0.17,100.0,28244,9052,226096,24.74842882156372,0.043373268796131015,-1.5511809755116701,-214.16368293762207,0.0003
0.02360278181731701,32,905600,395.4402,0.17,100.0,28255,9056,226192,24.298130989074707,0.04311431618407369,0.11399590410292149,-213.72790718078613,0.0003
0.02359873428940773,32,906000,394.09894,0.16,100.0,28273,9060,226304,25.39832615852356,0.042494418332353234,-1.3014793582260609,-213.53486728668213,0.0003
0.023598255589604378,32,906400,391.20636,0.14,100.0,28285,9064,226400,24.278953313827515,0.04211640288121998,-1.1913311462849379,-214.02473640441895,0.0003
0.023591527715325356,32,906800,392.9689,0.16,100.0,28298,9068,226496,22.3006449341774,0.041715550469234586,-2.5548328310251236,-213.98294925689697,0.0003
0.02358570508658886,32,907200,394.68558,0.18,100.0,28311,9072,226592,24.417412638664246,0.04150256793946028,1.9538147393614054,-213.9872007369995,0.0003
0.023589177057147026,32,907600,391.3758,0.18,100.0,28326,9076,226704,24.153470516204834,0.04154422506690025,0.8164290236309171,-212.81524562835693,0.0003
0.023583507165312767,32,908000,391.33676,0.17,100.0,28341,9080,226800,25.79164159297943,0.041115103056654334,0.37500895746052265,-213.53489303588867,0.0003
0.023578934371471405,32,908400,396.07578,0.17,100.0,28353,9084,226896,28.84524691104889,0.04084267467260361,0.206075731664896,-212.7352876663208,0.0003
0.023579450324177742,32,908800,396.2307,0.17,100.0,28368,9088,226992,23.44571316242218,0.0406820282805711,-0.9419144783169031,-213.63463878631592,0.0003
0.02357838861644268,32,909200,397.89783,0.18,100.0,28383,9092,227104,24.958454847335815,0.04086208180524409,-2.8510857000947,-213.59945678710938,0.0003
0.023578094318509102,32,909600,398.18454,0.18,100.0,28397,9096,227200,25.086154460906982,0.04083692911081016,-0.8958503101021051,-212.76278495788574,0.0003
0.023575080558657646,32,910000,403.44263,0.19,100.0,28410,9100,227296,24.334034860134125,0.04072142136283219,-0.5159672126173973,-212.31104850769043,0.0003
0.023574303835630417,32,910400,402.7599,0.2,100.0,28422,9104,227392,25.949945211410522,0.04056188534013927,-1.7356312423944473,-214.08044528961182,0.0003
0.023573799058794975,32,910800,401.18857,0.2,100.0,28435,9108,227504,24.384199738502502,0.04030686826445162,0.4727447796612978,-213.00763702392578,0.0003
0.023575225844979286,32,911200,398.5016,0.18,100.0,28447,9112,227600,26.785016298294067,0.04023218690417707,2.7864796863868833,-213.5340518951416,0.0003
0.023578045889735222,32,911600,403.15665,0.18,100.0,28462,9116,227696,26.5705463886261,0.04034534771926701,-3.1245142966508865,-213.6295289993286,0.0003
0.023579172790050507,32,912000,404.55054,0.18,100.0,28475,9120,227792,25.59320080280304,0.04037734470330179,1.0116229020059109,-214.1763048171997,0.0003
0.023577984422445297,32,912400,405.1292,0.19,100.0,28487,9124,227904,27.662045001983643,0.04033806920051575,-1.4851219467818737,-213.61907386779785,0.0003
0.023577159270644188,32,912800,409.42847,0.2,100.0,28503,9128,228000,30.720967292785645,0.040413444163277745,6.471231587231159,-212.90037155151367,0.0003
0.02358064241707325,32,913200,404.52274,0.19,100.0,28513,9132,228096,27.322457909584045,0.041323911398649216,0.9157586768269539,-213.36845779418945,0.0003
0.023579765111207962,32,913600,401.93024,0.18,100.0,28526,9136,228192,24.477686822414398,0.04159973771311343,0.8026551436632872,-212.7619113922119,0.0003
0.023577483370900154,32,914000,402.37668,0.18,100.0,28541,9140,228304,26.23292887210846,0.04166241129860282,-0.24645945616066456,-212.10206604003906,0.0003
0.023577358573675156,32,914400,401.0534,0.18,100.0,28552,9144,228400,24.585079312324524,0.04153129179030657,0.04576296731829643,-213.21860599517822,0.0003
0.023579400032758713,32,914800,400.70755,0.18,100.0,28565,9148,228496,26.590670883655548,0.04148570750840008,-0.6046109534800053,-212.87830448150635,0.0003
0.023572955280542374,32,915200,396.03687,0.16,100.0,28577,9152,228592,23.64500606060028,0.04103363421745598,-2.0139927491545677,-212.99693202972412,0.0003
0.023578302934765816,32,915600,396.1284,0.16,100.0,28590,9156,228704,24.39585816860199,0.04126877849921584,1.9285109303891659,-213.68583488464355,0.0003
0.02357286773622036,32,916000,394.95847,0.16,100.0,28602,9160,228800,25.242678105831146,0.04142397316172719,-2.1137946620583534,-212.64568710327148,0.0003
0.023568062111735344,32,916400,394.22946,0.16,100.0,28617,9164,228896,24.692671239376068,0.041155930142849684,-2.5672306790947914,-213.44870853424072,0.0003
0.023563602939248085,32,916800,393.85635,0.15,100.0,28628,9168,228992,24.189032316207886,0.04098360659554601,-0.7969987690448761,-213.474609375,0.0003
0.023567212745547295,32,917200,390.7649,0.13,100.0,28641,9172,229104,26.59864568710327,0.04103005933575332,-0.6424468532204628,-213.5115041732788,0.0003
0.023562943562865257,32,917600,392.94003,0.13,100.0,28652,9176,229200,23.242260694503784,0.0406805204693228,1.0370865166187286,-212.88477230072021,0.0003
0.023565830662846565,32,918000,393.52765,0.14,100.0,28665,9180,229296,25.759986102581024,0.04056150675751269,0.6531053856015205,-214.0357494354248,0.0003
0.02357320301234722,32,918400,392.69598,0.14,100.0,28677,9184,229392,25.329638421535492,0.04064479633234441,-2.583480142056942,-211.8181209564209,0.0003
0.023569541051983833,32,918800,390.06036,0.13,100.0,28691,9188,229504,25.15691304206848,0.04019218566827476,-0.489001277834177,-212.62447929382324,0.0003
0.023575522005558014,32,919200,389.93726,0.13,100.0,28705,9192,229600,22.606095135211945,0.040162591729313135,-0.11912698671221733,-212.28416538238525,0.0003
0.023571552708745003,32,919600,390.2637,0.13,100.0,28721,9196,229696,21.182781100273132,0.039710453944280744,-1.5049502300098538,-213.23029804229736,0.0003
0.023570360615849495,32,920000,387.15387,0.12,100.0,28732,9200,229792,22.883498072624207,0.03948268131352961,0.8505955189466476,-213.1838550567627,0.0003
0.023566225543618202,32,920400,387.21786,0.12,100.0,28749,9204,229904,23.22107458114624,0.03901937301270664,-2.2086968915537,-213.6467161178589,0.0003
0.023562045767903328,32,920800,391.0404,0.13,100.0,28763,9208,230000,23.86604070663452,0.0388895608484745,-4.587207853794098,-212.94503211975098,0.0003
0.0235558170825243,32,921200,391.56247,0.14,100.0,28775,9212,230096,24.063209652900696,0.038424107944592834,-2.082309264689684,-212.78370666503906,0.0003
0.023550044745206833,32,921600,389.3012,0.14,100.0,28786,9216,230192,27.146372437477112,0.038261688547208905,1.8544592401012778,-213.2550926208496,0.0003
0.023550694808363914,32,922000,391.33582,0.16,100.0,28804,9220,230304,26.12998104095459,0.03843981586396694,-1.6174127832055092,-212.47448635101318,0.0003
0.0235477052628994,32,922400,391.06934,0.15,100.0,28818,9224,230400,23.864447832107544,0.038077167235314846,-0.5020806267857552,-212.58524894714355,0.0003
0.023547502234578133,32,922800,387.5103,0.15,100.0,28832,9228,230496,28.122649788856506,0.03810160211287439,-1.5416908953338861,-212.90592575073242,0.0003
0.02354607731103897,32,923200,393.41122,0.16,100.0,28844,9232,230592,23.391389191150665,0.038061876548454165,-0.6103350445628166,-212.65829372406006,0.0003
0.023544197902083397,32,923600,394.48676,0.16,100.0,28856,9236,230704,26.87884211540222,0.03806040855124593,0.9597999788820744,-212.78137111663818,0.0003
0.02354171685874462,32,924000,395.70483,0.16,100.0,28867,9240,230800,22.17931354045868,0.03823713050223887,1.5780173111706972,-212.04983806610107,0.0003
0.02354143001139164,32,924400,401.07385,0.18,100.0,28880,9244,230896,22.536667108535767,0.03826881782151759,-0.1864023208618164,-212.23386096954346,0.0003
0.023533757776021957,32,924800,405.57336,0.21,100.0,28894,9248,230992,22.995132207870483,0.03822306217625737,0.5860122032463551,-211.73276329040527,0.0003
0.023533353582024574,32,925200,408.70786,0.21,100.0,28909,9252,231104,22.91964739561081,0.038345961133018136,0.7995346914976835,-212.7591199874878,0.0003
0.023530293256044388,32,925600,411.83133,0.21,100.0,28923,9256,231200,27.11879813671112,0.03831012500450015,-0.3515873849391937,-212.4280776977539,0.0003
0.02352638728916645,32,926000,415.16956,0.22,100.0,28934,9260,231296,24.181735038757324,0.038194965571165085,-0.6613277234137058,-212.68914794921875,0.0003
0.02352740801870823,32,926400,417.15732,0.23,100.0,28945,9264,231392,24.729442477226257,0.038458546390756965,2.998801440000534,-212.88579940795898,0.0003
0.02352227084338665,32,926800,416.05554,0.22,100.0,28960,9268,231504,24.14846682548523,0.038496337831020355,-0.3919808976352215,-212.48745918273926,0.0003
0.023521583527326584,32,927200,418.9604,0.23,100.0,28973,9272,231600,24.444418907165527,0.03846121858805418,2.4312359802424908,-211.32463455200195,0.0003
0.02351687289774418,32,927600,418.37265,0.23,100.0,28987,9276,231696,24.52740490436554,0.0384595301002264,0.49485893175005913,-211.4760627746582,0.0003
0.02351655438542366,31,928000,419.90466,0.25,100.0,29001,9280,231792,23.036429822444916,0.03847991395741701,0.07990055158734322,-212.90267753601074,0.0003
0.023511137813329697,31,928400,419.68344,0.25,100.0,29015,9284,231904,22.845750868320465,0.038348227739334106,-1.8934394791722298,-212.2302541732788,0.0003
0.023510051891207695,31,928800,425.4354,0.27,100.0,29026,9288,232000,24.9153048992157,0.038363266736269,-1.210737220942974,-212.58633995056152,0.0003
0.023510759696364403,31,929200,422.31915,0.26,100.0,29041,9292,232096,21.77139902114868,0.038371856324374676,0.6059806924313307,-212.66493034362793,0.0003
0.02350575663149357,31,929600,422.26013,0.27,100.0,29056,9296,232192,20.543702483177185,0.03829031204804778,3.3745913431048393,-212.5903673171997,0.0003
0.023509452119469643,31,930000,426.53497,0.28,100.0,29070,9300,232304,28.222002923488617,0.038776829140260816,-1.6843624114990234,-213.01776218414307,0.0003
0.023505134508013725,31,930400,425.87497,0.28,100.0,29084,9304,232400,26.647385835647583,0.038903738372027874,1.244533272460103,-212.97595405578613,0.0003
0.023506276309490204,31,930800,420.96628,0.26,100.0,29098,9308,232496,24.912747740745544,0.039611751679331064,0.8030710685998201,-212.8699436187744,0.0003
0.023505428805947304,31,931200,420.6387,0.25,100.0,29111,9312,232592,25.298746347427368,0.03966080350801349,0.6324364971369505,-212.40221405029297,0.0003
0.023510387167334557,31,931600,420.3034,0.25,100.0,29125,9316,232704,22.66830623149872,0.03964501153677702,-2.627712357789278,-212.514310836792,0.0003
0.023512355983257294,31,932000,416.51227,0.23,100.0,29136,9320,232800,27.21593737602234,0.0397615316323936,3.7375623174011707,-212.51445198059082,0.0003
0.023511670529842377,31,932400,417.542,0.24,100.0,29150,9324,232896,26.158315658569336,0.04020801861770451,-0.33618721552193165,-212.49322891235352,0.0003
0.02351253852248192,31,932800,419.1011,0.25,100.0,29160,9328,232992,24.082531809806824,0.040213143453001976,0.2722552642226219,-211.8657522201538,0.0003
0.02350606583058834,31,933200,417.18262,0.25,100.0,29171,9332,233104,23.05907666683197,0.040170839754864573,-0.007877934724092484,-213.30268573760986,0.0003
0.023503517732024193,31,933600,419.47324,0.26,100.0,29185,9336,233200,24.576370537281036,0.04021684965118766,-1.745369603857398,-213.1090202331543,0.0003
0.023503543809056282,31,934000,421.00687,0.28,100.0,29199,9340,233296,22.930840849876404,0.0405444975476712,-0.23288019746541977,-213.13507652282715,0.0003
0.02350049838423729,31,934400,419.10757,0.29,100.0,29211,9344,233392,28.438993215560913,0.040548483142629266,3.0871833888813853,-213.1145830154419,0.0003
0.023504173383116722,31,934800,415.8917,0.29,100.0,29226,9348,233504,23.40350639820099,0.04063210869207978,1.4509118050336838,-211.6901454925537,0.0003
0.02350637875497341,31,935200,415.11374,0.29,100.0,29239,9352,233600,24.503586292266846,0.04086435539647937,-1.3521358985453844,-213.55080223083496,0.0003
0.02350643463432789,31,935600,411.92902,0.28,100.0,29251,9356,233696,24.94404685497284,0.04073246009647846,0.5492366086691618,-213.5450954437256,0.0003
0.023501519113779068,31,936000,409.0777,0.28,100.0,29262,9360,233792,24.135361552238464,0.04075445234775543,2.713170252740383,-213.08436584472656,0.0003
0.02350430376827717,31,936400,409.19394,0.29,100.0,29276,9364,233904,21.260605812072754,0.04101930698379874,2.4816474951803684,-213.12143898010254,0.0003
0.023508647456765175,31,936800,409.85733,0.3,100.0,29287,9368,234000,22.474676609039307,0.04094083467498422,0.8901926577091217,-213.06581115722656,0.0003
0.023512553423643112,31,937200,408.29172,0.3,100.0,29298,9372,234096,24.80686390399933,0.041237507946789265,0.46957196295261383,-212.7097692489624,0.0003
0.023513147607445717,31,937600,412.0507,0.32,100.0,29312,9376,234192,27.777776181697845,0.04134430270642042,-1.1792797017842531,-213.20641136169434,0.0003
0.023512596264481544,31,938000,410.17484,0.3,100.0,29327,9380,234304,27.040703654289246,0.041267742635682225,0.5965372025966644,-212.35121726989746,0.0003
0.02350844256579876,31,938400,410.5957,0.3,100.0,29338,9384,234400,23.57266765832901,0.04131330270320177,1.40242806263268,-212.71473026275635,0.0003
0.023514335975050926,31,938800,406.13556,0.29,100.0,29349,9388,234496,23.841509699821472,0.041759206214919686,1.5338653065264225,-212.6248321533203,0.0003
0.023515012115240097,31,939200,409.3544,0.3,100.0,29363,9392,234592,22.612266302108765,0.04151401040144265,-2.530951142311096,-212.5225019454956,0.0003
0.023515280336141586,31,939600,409.7387,0.29,100.0,29377,9396,234704,24.58894121646881,0.04162425734102726,-0.5528197325766087,-212.58908653259277,0.0003
0.02351074106991291,31,940000,405.90356,0.27,100.0,29390,9400,234800,24.962694346904755,0.04110995260998607,-1.9687863029539585,-212.94748401641846,0.0003
0.02350418083369732,31,940400,407.55106,0.28,100.0,29403,9404,234896,23.397404551506042,0.04072924121282995,-1.3304917588829994,-213.24824714660645,0.0003
0.023508954793214798,31,940800,410.67044,0.29,100.0,29420,9408,234992,19.72832453250885,0.040796893648803234,0.0925602838397026,-212.47403049468994,0.0003
0.023507239297032356,31,941200,413.12573,0.3,100.0,29433,9412,235104,26.17150092124939,0.040651447139680386,1.397347186692059,-212.7616147994995,0.0003
0.023508664220571518,31,941600,412.9093,0.3,100.0,29446,9416,235200,24.25114941596985,0.04090054542757571,-2.3929023668169975,-212.7993869781494,0.0003
0.023509031161665916,31,942000,415.04434,0.3,100.0,29457,9420,235296,23.78269326686859,0.04072465933859348,1.9357377756386995,-212.87502670288086,0.0003
0.023509500548243523,31,942400,415.69913,0.3,100.0,29467,9424,235392,26.962631583213806,0.0406323354691267,0.2906962186098099,-214.0737247467041,0.0003
0.023517945781350136,31,942800,413.14,0.29,100.0,29481,9428,235504,23.513123393058777,0.041260775877162814,-0.2476075440645218,-214.009202003479,0.0003
0.02351268008351326,31,943200,416.1437,0.29,100.0,29495,9432,235600,20.711886167526245,0.04110911884345114,0.49284967593848705,-214.44890880584717,0.0003
0.023511042818427086,31,943600,414.41782,0.28,100.0,29509,9436,235696,23.763198852539062,0.04099584650248289,0.8746382798999548,-214.26400566101074,0.0003
0.02350921370089054,31,944000,411.47568,0.26,100.0,29519,9440,235792,23.555933952331543,0.04065409046597779,-1.1932473815977573,-212.8927869796753,0.0003
0.023514969274401665,31,944400,407.80994,0.23,100.0,29533,9444,235904,24.329283356666565,0.040754519402980804,-1.6812262535095215,-213.3223581314087,0.0003
0.02351761981844902,31,944800,404.91284,0.2,100.0,29546,9448,236000,24.267639756202698,0.04070837004110217,-2.4054036252200603,-214.1635856628418,0.0003
0.023521019145846367,31,945200,408.97556,0.23,100.0,29560,9452,236096,23.288368105888367,0.04071159637533128,-1.2699484005570412,-213.15242099761963,0.0003
0.023519886657595634,31,945600,410.28024,0.24,100.0,29573,9456,236192,25.133309483528137,0.04049458703957498,-1.3278862573206425,-213.167462348938,0.0003
0.023514220491051674,31,946000,411.5208,0.24,100.0,29585,9460,236304,24.685993909835815,0.04022680292837322,-0.7495308071374893,-213.14236164093018,0.0003
0.023517530411481857,31,946400,409.0474,0.22,100.0,29598,9464,236400,26.45221197605133,0.040708953980356455,-1.1716539300978184,-212.9388885498047,0.0003
0.023510167375206947,31,946800,407.8666,0.21,100.0,29611,9468,236496,26.657084941864014,0.04063447564840317,-0.34240877628326416,-213.77288913726807,0.0003
0.02352188155055046,31,947200,410.24136,0.21,100.0,29623,9472,236592,27.34381890296936,0.04111452749930322,-1.303336959797889,-214.06883716583252,0.0003
0.023520687595009804,31,947600,407.83414,0.2,100.0,29636,9476,236704,24.182446718215942,0.04046242404729128,-0.3222942538559437,-213.8565263748169,0.0003
0.02352067641913891,31,948000,407.30804,0.2,100.0,29648,9480,236800,24.186278104782104,0.04006692650727928,3.2752189724706113,-214.7488832473755,0.0003
0.023519931361079216,31,948400,409.4096,0.21,100.0,29660,9484,236896,26.738678097724915,0.04001445113681257,-0.9355455935001373,-213.08836269378662,0.0003
0.023519758135080338,31,948800,408.8045,0.2,100.0,29674,9488,236992,24.452797293663025,0.03977982490323484,0.9169835262000561,-213.40309619903564,0.0003
0.02352449670433998,31,949200,407.0554,0.19,100.0,29688,9492,237104,22.757858157157898,0.03999898722395301,-2.3039060831069946,-213.60365867614746,0.0003
0.023520292714238167,31,949600,404.2641,0.18,100.0,29702,9496,237200,21.165750086307526,0.039723120629787445,0.04740440286695957,-214.1021604537964,0.0003
0.023521656170487404,31,950000,405.237,0.19,100.0,29717,9500,237296,27.717347502708435,0.04008749406784773,2.8174834847450256,-214.81792449951172,0.0003
0.02352277748286724,31,950400,405.0673,0.18,100.0,29729,9504,237392,23.243534684181213,0.04052474815398455,-0.04491520766168833,-214.08702278137207,0.0003
0.02351645566523075,31,950800,404.31693,0.18,100.0,29740,9508,237504,24.179692327976227,0.040283232694491744,-0.450451685115695,-214.67081546783447,0.0003
0.02351348288357258,31,951200,402.49612,0.18,100.0,29754,9512,237600,29.857236623764038,0.040093200746923685,1.2015496455132961,-214.5355339050293,0.0003
0.023518957197666168,31,951600,405.8058,0.2,100.0,29769,9516,237696,26.101942539215088,0.04061347828246653,0.3415869437158108,-214.1755084991455,0.0003
0.023522397503256798,31,952000,407.00784,0.2,100.0,29784,9520,237792,21.798779845237732,0.0407256877515465,-0.07695643231272697,-214.80529499053955,0.0003
0.023518580943346024,31,952400,408.97247,0.21,100.0,29798,9524,237904,22.396450519561768,0.040721229976043105,-0.2864033533260226,-214.85387516021729,0.0003
0.02351669780910015,31,952800,411.57474,0.22,100.0,29809,9528,238000,25.361045956611633,0.040654900250956416,-0.3737138081341982,-214.3356227874756,0.0003
0.02351381443440914,31,953200,411.23267,0.22,100.0,29820,9532,238096,23.45311748981476,0.04043609113432467,0.2968026027083397,-214.74518203735352,0.0003
0.0235148835927248,31,953600,416.71753,0.25,100.0,29832,9536,238192,21.73601472377777,0.04045249614864588,-0.06733589619398117,-215.27923583984375,0.0003
0.02351297251880169,31,954000,417.41345,0.25,100.0,29847,9540,238304,25.743541181087494,0.0405303412117064,-1.1196094583719969,-214.3107042312622,0.0003
0.023511091247200966,31,954400,418.5105,0.25,100.0,29862,9544,238400,22.97953987121582,0.04034611792303622,-0.626779505982995,-214.7415952682495,0.0003
0.02350381202995777,31,954800,419.82935,0.25,100.0,29876,9548,238496,21.870891988277435,0.03995523718185723,0.6017104927450418,-215.0858039855957,0.0003
0.023503167554736137,31,955200,414.0968,0.22,100.0,29887,9552,238592,26.300851821899414,0.0404000508133322,2.0319145917892456,-214.710036277771,0.0003
0.02349766343832016,31,955600,413.17493,0.21,100.0,29900,9556,238704,23.596956729888916,0.04009955353103578,-2.620033908635378,-214.56544399261475,0.0003
0.023499127477407455,31,956000,413.08514,0.21,100.0,29911,9560,238800,24.287232100963593,0.04031742946244776,5.688362989574671,-214.6804075241089,0.0003
0.023503335192799568,31,956400,413.0672,0.21,100.0,29922,9564,238896,23.290454626083374,0.04133499530144036,-1.2896765060722828,-215.46717166900635,0.0003
0.02349853329360485,31,956800,412.50827,0.21,100.0,29933,9568,238992,25.172794103622437,0.04160845302976668,3.457841143012047,-214.49701023101807,0.0003
0.0235074982047081,31,957200,411.21857,0.21,100.0,29947,9572,239104,22.598808884620667,0.04225145513191819,1.7953751161694527,-215.82158374786377,0.0003
0.023513944819569588,31,957600,411.51132,0.21,100.0,29959,9576,239200,23.475757122039795,0.04246175475418568,0.7560470085591078,-215.59724235534668,0.0003
0.023516349494457245,31,958000,413.16647,0.21,100.0,29972,9580,239296,19.119831562042236,0.0423550633713603,-3.5922253616154194,-213.98394203186035,0.0003
0.023510418832302094,31,958400,409.14676,0.19,100.0,29985,9584,239392,22.619968056678772,0.04191256291233003,-2.0869883485138416,-214.99901676177979,0.0003
0.023506898432970047,31,958800,412.32397,0.2,100.0,29999,9588,239504,26.223509550094604,0.041742442175745964,-2.253272220492363,-214.91222858428955,0.0003
0.0235066507011652,31,959200,413.88467,0.21,100.0,30011,9592,239600,24.474915385246277,0.04159603198058903,1.673977429047227,-215.58327388763428,0.0003
0.023506512865424156,31,959600,417.39493,0.22,100.0,30025,9596,239696,25.29193913936615,0.0416065389290452,-0.5223472407087684,-215.5427532196045,0.0003
0.02350257709622383,31,960000,416.204,0.21,100.0,30039,9600,239792,21.285693526268005,0.041836535558104515,-0.9030159544199705,-215.4374713897705,0.0003
0.023507477715611458,31,960400,414.60727,0.2,100.0,30052,9604,239904,25.228347301483154,0.04220628086477518,1.0634594354778528,-215.09263801574707,0.0003
0.023503156378865242,31,960800,413.27957,0.2,100.0,30065,9608,240000,25.39799451828003,0.0420186638366431,-1.7064588516950607,-214.72549057006836,0.0003
0.02350638620555401,31,961200,414.1305,0.2,100.0,30076,9612,240096,23.369004368782043,0.04247164027765393,2.034843643195927,-214.66857147216797,0.0003
0.023506438359618187,31,961600,410.1768,0.18,100.0,30091,9616,240192,25.78529143333435,0.04254992981441319,0.1894056349992752,-216.13995456695557,0.0003
0.02351422980427742,31,962000,406.18286,0.17,100.0,30105,9620,240304,25.74498212337494,0.04280889336951077,-1.7580523900687695,-215.09547901153564,0.0003
0.023519011214375496,31,962400,402.73492,0.15,100.0,30118,9624,240400,22.047268986701965,0.04346921923570335,-0.7374840881675482,-215.10871601104736,0.0003
0.023520726710557938,31,962800,401.4728,0.14,100.0,30131,9628,240496,24.40456974506378,0.04364356421865523,0.7091643661260605,-215.54967784881592,0.0003
0.02351490594446659,31,963200,399.22452,0.13,100.0,30146,9632,240592,21.295322000980377,0.043612290639430285,0.9714842457324266,-216.23719596862793,0.0003
0.02352064475417137,31,963600,394.70352,0.1,100.0,30159,9636,240704,22.048573911190033,0.043914795154705644,1.3631343320012093,-216.25673389434814,0.0003
0.02352561615407467,31,964000,394.59387,0.11,100.0,30171,9640,240800,26.68470698595047,0.04367716494016349,-0.8830923736095428,-216.35391807556152,0.0003
0.023528240621089935,31,964400,396.23773,0.12,100.0,30187,9644,240896,23.327334225177765,0.04336802661418915,-2.090369747020304,-215.90288257598877,0.0003
0.023526860401034355,31,964800,396.40097,0.13,100.0,30200,9648,240992,27.20092785358429,0.04311268660239875,-1.180549705401063,-216.191876411438,0.0003
0.023526879027485847,31,965200,400.00256,0.15,100.0,30213,9652,241104,23.099570751190186,0.04285331326536834,-0.13395487749949098,-216.57562732696533,0.0003
0.023529034107923508,31,965600,400.57,0.15,100.0,30227,9656,241200,27.95805335044861,0.042805960634723306,0.6786649003624916,-217.17908668518066,0.0003
0.023528797551989555,31,966000,399.29114,0.14,100.0,30238,9660,241296,24.226850032806396,0.04289520997554064,-2.58305062353611,-215.45763492584229,0.0003
0.02352898195385933,31,966400,401.56894,0.15,100.0,30250,9664,241392,25.61765456199646,0.04263667645864189,0.5175869893282652,-215.71822929382324,0.0003
0.023535916581749916,31,966800,404.77487,0.16,100.0,30264,9668,241504,24.272907733917236,0.043234800454229116,1.4232006557285786,-215.8646535873413,0.0003
0.02353108488023281,31,967200,404.30905,0.16,100.0,30277,9672,241600,26.23064875602722,0.04318018304184079,1.3397628217935562,-216.69407844543457,0.0003
0.02352786809206009,31,967600,402.75702,0.15,100.0,30287,9676,241696,25.13680410385132,0.043338209157809615,1.446367297321558,-216.24892139434814,0.0003
0.023535428568720818,31,968000,403.49805,0.14,100.0,30300,9680,241792,23.465827107429504,0.04345830297097564,-1.047407291829586,-216.07129859924316,0.0003
0.023531856015324593,31,968400,406.7847,0.15,100.0,30314,9684,241904,26.974523901939392,0.04339093924500048,1.4396356791257858,-215.7076473236084,0.0003
0.023536469787359238,31,968800,406.7049,0.16,100.0,30325,9688,242000,25.720773339271545,0.043569813715294003,-1.1593143595382571,-216.08653926849365,0.0003
0.023540399968624115,31,969200,404.47717,0.15,100.0,30339,9692,242096,23.78347158432007,0.04340051603503525,-0.9118590736761689,-215.68358612060547,0.0003
0.023543691262602806,31,969600,401.41327,0.14,100.0,30351,9696,242192,23.104427874088287,0.04357388359494507,-0.8613972207531333,-216.7132043838501,0.0003
0.023551400750875473,31,970000,401.44745,0.15,100.0,30366,9700,242304,25.441344380378723,0.043616559356451035,0.85750962048769,-216.44329166412354,0.0003
0.023549137637019157,31,970400,401.73853,0.15,100.0,30379,9704,242400,24.285111665725708,0.04317551013082266,-1.0376507053151727,-216.36294746398926,0.0003
0.023548996075987816,31,970800,403.40936,0.15,100.0,30393,9708,242496,26.16611874103546,0.04307461343705654,-1.6368300393223763,-216.07879734039307,0.0003
0.02355077676475048,31,971200,403.45996,0.15,100.0,30405,9712,242592,25.42149579524994,0.04255158407613635,-0.22907154448330402,-215.4807415008545,0.0003
0.023548338562250137,31,971600,406.39758,0.17,100.0,30417,9716,242704,26.58099138736725,0.042152727721259,0.4140489473938942,-216.28943061828613,0.0003
0.023541655391454697,31,972000,410.7418,0.19,100.0,30429,9720,242800,28.02074706554413,0.04229913745075464,-1.300341185182333,-216.13247203826904,0.0003
0.023541368544101715,31,972400,413.11194,0.2,100.0,30443,9724,242896,25.195209741592407,0.04211827274411917,1.7447964865714312,-215.62701511383057,0.0003
0.023546002805233,31,972800,412.86285,0.19,100.0,30457,9728,242992,23.792359173297882,0.042473736219108105,2.0965904518961906,-216.1010217666626,0.0003
0.023546718060970306,31,973200,414.39722,0.19,100.0,30472,9732,243104,27.08455240726471,0.0423355377279222,0.7385087721049786,-216.43200874328613,0.0003
0.02354605123400688,31,973600,414.12582,0.2,100.0,30486,9736,243200,24.66727304458618,0.04255607724189758,4.0483918860554695,-215.70875453948975,0.0003
0.02355443313717842,31,974000,417.33102,0.21,100.0,30498,9740,243296,24.208399891853333,0.0429537040181458,-1.0386777929961681,-216.67848777770996,0.0003
0.023550618439912796,31,974400,413.52164,0.2,100.0,30512,9744,243392,24.361549198627472,0.0429649839643389,2.0049245581030846,-215.11643505096436,0.0003
0.023550264537334442,31,974800,412.6565,0.19,100.0,30526,9748,243504,25.09682446718216,0.042960236547514796,1.3882933519780636,-215.25107192993164,0.0003
0.02355228178203106,31,975200,410.471,0.17,100.0,30538,9752,243600,25.56159907579422,0.04309599008411169,0.7642854079604149,-216.31950092315674,0.0003
0.02354690618813038,31,975600,409.4611,0.17,100.0,30552,9756,243696,22.666014790534973,0.0430113070178777,-1.268656613305211,-215.14101696014404,0.0003
0.023543180897831917,31,976000,409.6521,0.17,100.0,30567,9760,243792,25.52866667509079,0.04265240463428199,-1.2779274573549628,-216.01574802398682,0.0003
0.023543180897831917,31,976400,409.2632,0.17,100.0,30579,9764,243904,25.280904173851013,0.042798199225217104,1.323690578341484,-216.1848850250244,0.0003
0.0235446747392416,31,976800,406.91687,0.16,100.0,30593,9768,244000,26.984755635261536,0.04295750241726637,0.15692838467657566,-215.37624645233154,0.0003
0.023542901501059532,31,977200,409.1788,0.17,100.0,30605,9772,244096,26.819419145584106,0.04272360145114362,-0.14098909497261047,-216.07217502593994,0.0003
0.023546142503619194,31,977600,410.52307,0.18,100.0,30618,9776,244192,25.44290566444397,0.042917569167912006,1.6465577371418476,-216.14959049224854,0.0003
0.023545820266008377,31,978000,410.50485,0.21,100.0,30631,9780,244304,21.453104376792908,0.042576152831315994,-2.463747274130583,-215.83055782318115,0.0003
0.023543916642665863,31,978400,407.08862,0.2,100.0,30643,9784,244400,24.73546814918518,0.04201058903709054,0.1511132512241602,-215.72362899780273,0.0003
0.02354813739657402,31,978800,404.15512,0.18,100.0,30655,9788,244496,24.13390278816223,0.04203270352445543,-1.3243622705340385,-215.40731143951416,0.0003
0.023547010496258736,31,979200,404.70593,0.18,100.0,30668,9792,244592,25.017750024795532,0.041845975909382105,-0.10399604216217995,-215.79056644439697,0.0003
0.02354912832379341,31,979600,404.62244,0.18,100.0,30682,9796,244704,23.905287981033325,0.041940426686778665,-1.369836968369782,-215.66324615478516,0.0003
0.023550234735012054,31,980000,406.4816,0.18,100.0,30697,9800,244800,23.526467263698578,0.04195686290040612,0.09602081030607224,-214.8061065673828,0.0003
0.023553451523184776,31,980400,407.983,0.19,100.0,30713,9804,244896,19.770435988903046,0.041827116860076785,0.22823850810527802,-216.07776641845703,0.0003
0.02354792132973671,31,980800,407.63864,0.19,100.0,30725,9808,244992,22.982318878173828,0.04144619056023657,-1.5485020503401756,-214.9548053741455,0.0003
0.02354685217142105,31,981200,406.08633,0.18,100.0,30738,9812,245104,26.522901952266693,0.04148770961910486,0.3559385761618614,-214.68273067474365,0.0003
0.0235515758395195,31,981600,404.63544,0.16,100.0,30749,9816,245200,26.399339079856873,0.04221830680035055,1.936970116570592,-215.9524335861206,0.0003
0.02354566380381584,31,982000,401.0785,0.14,100.0,30760,9820,245296,25.383102416992188,0.04208327387459576,1.9056891035288572,-215.39915084838867,0.0003
0.0235424917191267,31,982400,398.35333,0.13,100.0,30771,9824,245392,21.52889835834503,0.04201483842916787,-1.898121683858335,-215.96639251708984,0.0003
0.023543937131762505,31,982800,397.7907,0.13,100.0,30785,9828,245504,26.096253991127014,0.04196109692566097,0.22714509069919586,-215.53380680084229,0.0003
0.023545406758785248,31,983200,394.6574,0.13,100.0,30799,9832,245600,22.137197196483612,0.04212408070452511,-2.7298181653022766,-215.21148300170898,0.0003
0.023549066856503487,31,983600,397.23303,0.14,100.0,30812,9836,245696,26.134199023246765,0.042440081713721156,0.6334331277757883,-215.50429248809814,0.0003
0.02355804294347763,31,984000,395.0674,0.12,100.0,30824,9840,245792,24.328665852546692,0.042910116259008646,-1.7587723806500435,-215.64763641357422,0.0003
0.023557092994451523,31,984400,396.24582,0.12,100.0,30837,9844,245904,21.92234915494919,0.04289741348475218,1.0748033300042152,-215.85178089141846,0.0003
0.023557079955935478,31,984800,394.94382,0.12,100.0,30851,9848,246000,26.654896140098572,0.0431403573602438,-0.27197928354144096,-216.36157321929932,0.0003
0.023566672578454018,31,985200,394.8033,0.12,100.0,30862,9852,246096,23.88633406162262,0.04300714656710625,1.0257134810090065,-215.39997482299805,0.0003
0.023571155965328217,31,985600,394.95908,0.12,100.0,30874,9856,246192,26.676660895347595,0.04312098538503051,-2.2180089969187975,-215.80788707733154,0.0003
0.023567574098706245,31,986000,398.25623,0.15,100.0,30891,9860,246304,31.43307888507843,0.04259662120603025,-0.7286500781774521,-217.75830841064453,0.0003
0.0235721655189991,31,986400,391.80328,0.14,100.0,30902,9864,246400,26.30149483680725,0.0435690195299685,1.9280306249856949,-215.68039798736572,0.0003
0.023563914000988007,31,986800,388.6904,0.14,100.0,30915,9868,246496,22.31439882516861,0.04381591337732971,3.458673659712076,-215.85665702819824,0.0003
0.023555506020784378,31,987200,383.83722,0.12,100.0,30927,9872,246592,26.229027271270752,0.044208288891240954,2.0070018395781517,-216.1152868270874,0.0003
0.02355685457587242,31,987600,382.96155,0.12,100.0,30942,9876,246704,21.819890916347504,0.044427844462916255,-2.747821177355945,-216.56617164611816,0.0003
0.023563092574477196,31,988000,383.57828,0.1,100.0,30954,9880,246800,26.56050217151642,0.04405541648156941,0.1581098437309265,-216.2549591064453,0.0003
0.02357039786875248,31,988400,385.68622,0.1,100.0,30968,9884,246896,24.922934889793396,0.043881907826289535,0.026478907093405724,-216.8723783493042,0.0003
0.02357049100100994,31,988800,391.86734,0.12,100.0,30979,9888,246992,22.710140109062195,0.04350666957907379,-4.70557476952672,-216.2914752960205,0.0003
0.023568609729409218,31,989200,391.57114,0.12,100.0,30991,9892,247104,23.698382258415222,0.043079955503344536,-0.010175038129091263,-216.53924560546875,0.0003
0.02356244996190071,31,989600,390.74875,0.12,100.0,31002,9896,247200,24.75229012966156,0.04270875221118331,2.460122687742114,-215.8693675994873,0.0003
0.02356375940144062,31,990000,389.67966,0.11,100.0,31014,9900,247296,23.729996919631958,0.04286673991009593,-0.5825476795434952,-216.14922428131104,0.0003
0.023562559857964516,31,990400,390.78558,0.12,100.0,31026,9904,247392,29.821100115776062,0.042801165487617254,0.25614120811223984,-216.32708072662354,0.0003
0.023565860465168953,31,990800,389.4372,0.12,100.0,31039,9908,247504,32.2500364780426,0.042864724062383175,-1.1815136931836605,-217.40142726898193,0.0003
0.02356690727174282,31,991200,387.65652,0.12,100.0,31050,9912,247600,27.525107502937317,0.04270593775436282,2.969317492097616,-217.21156787872314,0.0003
0.023568708449602127,31,991600,388.02145,0.12,100.0,31061,9916,247696,27.287429809570312,0.042899356223642826,0.3063058275729418,-216.68787956237793,0.0003
0.023563748225569725,31,992000,389.28696,0.12,100.0,31071,9920,247792,26.24911594390869,0.042799108661711216,1.5285786651074886,-216.37981414794922,0.0003
0.02355952374637127,31,992400,392.72073,0.14,100.0,31088,9924,247904,27.058494210243225,0.042642070446163416,-1.326273087412119,-215.95060634613037,0.0003
0.0235579963773489,31,992800,393.89673,0.15,100.0,31102,9928,248000,25.96439528465271,0.04240592964924872,-1.29030432831496,-216.60034561157227,0.0003
0.023557741194963455,31,993200,395.8702,0.15,100.0,31115,9932,248096,24.020163536071777,0.04228974389843643,0.444193959236145,-216.12285041809082,0.0003
0.02356002852320671,31,993600,394.44614,0.14,100.0,31125,9936,248192,30.98616313934326,0.04273072490468621,4.499395377933979,-217.15251064300537,0.0003
0.0235593244433403,31,994000,391.61508,0.14,100.0,31136,9940,248304,34.48805797100067,0.04357560304924846,0.223045589402318,-217.16840839385986,0.0003
0.023554934188723564,31,994400,390.10953,0.15,100.0,31147,9944,248400,28.076608180999756,0.04397282935678959,-1.2851977311074734,-217.3111982345581,0.0003
0.02355487458407879,31,994800,392.61108,0.15,100.0,31159,9948,248496,25.519672393798828,0.04418829130008817,-2.038428220897913,-216.52936840057373,0.0003
0.02355489321053028,31,995200,398.58856,0.18,100.0,31171,9952,248592,29.367207884788513,0.043903981102630496,-1.734749997034669,-218.89909553527832,0.0003
0.023548316210508347,31,995600,400.04544,0.19,100.0,31183,9956,248704,30.73089563846588,0.043836153112351894,2.19674488902092,-217.99145412445068,0.0003
0.023549532517790794,31,996000,398.61597,0.18,100.0,31196,9960,248800,27.727128505706787,0.04386449768207967,-1.2676599938422441,-218.68529891967773,0.0003
0.023549456149339676,31,996400,406.88654,0.2,100.0,31208,9964,248896,23.194953441619873,0.043802645755931735,0.09783129673451185,-219.20546054840088,0.0003
0.02354953996837139,31,996800,412.3842,0.2,100.0,31219,9968,248992,26.005404591560364,0.04359409096650779,-1.2334021143615246,-218.11268520355225,0.0003
0.02354995347559452,31,997200,414.24298,0.2,100.0,31234,9972,249104,28.10010850429535,0.043214349541813135,-1.2013662066310644,-218.25257778167725,0.0003
0.023551246151328087,31,997600,414.12872,0.19,100.0,31246,9976,249200,24.23826801776886,0.0432111700065434,0.5315074240788817,-218.22681999206543,0.0003
0.023550940677523613,31,998000,410.3641,0.18,100.0,31256,9980,249296,25.725588381290436,0.04337853891775012,4.233053725212812,-219.01530075073242,0.0003
0.023547755554318428,31,998400,407.57874,0.18,100.0,31270,9984,249392,25.282134175300598,0.04352847905829549,-0.05748753435909748,-218.34642124176025,0.0003
0.023548083379864693,31,998800,399.91565,0.16,100.0,31283,9988,249504,23.897392690181732,0.0435318264644593,-0.1943370122462511,-217.31015872955322,0.0003
0.023545730859041214,31,999200,401.6737,0.17,100.0,31296,9992,249600,23.996320605278015,0.04343650536611676,-1.4016146808862686,-218.111554145813,0.0003
0.02354564517736435,31,999600,403.6637,0.18,100.0,31307,9996,249696,25.587977290153503,0.04333857330493629,-0.8965853713452816,-217.68743419647217,0.0003
0.02354091964662075,31,1000000,403.44922,0.18,100.0,31318,10000,249792,23.879080712795258,0.04315724526531994,-1.0443842522799969,-218.3280372619629,0.0003
0.023537348955869675,31,1000400,399.8754,0.17,100.0,31335,10004,249904,24.584012031555176,0.04291592072695494,1.5832991506904364,-217.07868194580078,0.0003
0.02353922836482525,31,1000800,400.655,0.17,100.0,31349,10008,250000,24.411680102348328,0.043067676248028874,0.10586732625961304,-217.4608850479126,0.0003
0.023541558533906937,31,1001200,401.82593,0.17,100.0,31362,10012,250096,24.823965072631836,0.04293109755963087,0.9373653382062912,-216.53661632537842,0.0003
0.02354326657950878,31,1001600,401.33902,0.18,100.0,31377,10016,250192,24.629910111427307,0.04274314036592841,0.42778404988348484,-217.8515110015869,0.0003
0.023540474474430084,31,1002000,399.5388,0.19,100.0,31391,10020,250304,25.625412821769714,0.04259539605118334,-0.21564489044249058,-217.52171897888184,0.0003
0.023541757836937904,31,1002400,395.73917,0.18,100.0,31404,10024,250400,21.10702908039093,0.042504878947511315,3.233501458540559,-216.8623514175415,0.0003
0.023541325703263283,31,1002800,395.3711,0.17,100.0,31415,10028,250496,22.521303057670593,0.042727682273834944,-2.9961638748645782,-217.97271347045898,0.0003
0.023542793467640877,31,1003200,397.10767,0.17,100.0,31429,10032,250592,26.285932183265686,0.0426225895062089,1.3822838552296162,-217.73020553588867,0.0003
0.023545704782009125,31,1003600,395.3385,0.16,100.0,31443,10036,250704,23.82494282722473,0.04300261382013559,-1.001083131879568,-217.08365154266357,0.0003
0.02355099655687809,31,1004000,400.0604,0.17,100.0,31455,10040,250800,27.399076342582703,0.042963675456121564,-1.2227658722549677,-218.25888919830322,0.0003
0.023551391437649727,31,1004400,400.7911,0.16,100.0,31468,10044,250896,27.439702689647675,0.042866227915510535,1.3427153285592794,-217.01824474334717,0.0003
0.023553797975182533,31,1004800,401.83426,0.17,100.0,31483,10048,250992,30.200278997421265,0.042944357730448246,1.4379239194095135,-218.47811603546143,0.0003
0.023559201508760452,31,1005200,398.37805,0.16,100.0,31496,10052,251104,30.19808602333069,0.04316425486467779,0.4572986736893654,-217.09761714935303,0.0003
0.023557493463158607,31,1005600,393.88782,0.15,100.0,31506,10056,251200,28.04140341281891,0.0433174732606858,-0.838879182934761,-216.33964252471924,0.0003
0.023558761924505234,31,1006000,394.24176,0.14,100.0,31520,10060,251296,26.238430500030518,0.04331678478047252,-0.19018779881298542,-218.18125247955322,0.0003
0.023565830662846565,31,1006400,394.9259,0.13,100.0,31535,10064,251392,24.26994502544403,0.043248939560726285,-2.304184017702937,-217.39829921722412,0.0003
0.023563267663121223,31,1006800,394.50275,0.14,100.0,31551,10068,251504,25.7275413274765,0.04253680375404656,-0.0681651420891285,-217.11073207855225,0.0003
0.023564724251627922,31,1007200,394.27368,0.14,100.0,31563,10072,251600,28.280758142471313,0.04240224719978869,-1.5599033534526825,-216.6532096862793,0.0003
0.02355807274580002,31,1007600,393.6533,0.14,100.0,31577,10076,251696,26.31022596359253,0.04210555413737893,-2.6813454292714596,-218.16928482055664,0.0003
0.023554552346467972,31,1008000,393.75208,0.14,100.0,31588,10080,251792,23.032242357730865,0.04193558404222131,0.09548692405223846,-217.97917556762695,0.0003
0.023554963991045952,31,1008400,397.01187,0.16,100.0,31599,10084,251904,22.850130319595337,0.041985017945989966,-0.9188139587640762,-216.91466808319092,0.0003
0.02355692721903324,31,1008800,399.9478,0.17,100.0,31611,10088,252000,23.27993941307068,0.04220173298381269,1.0915666539222002,-216.81517601013184,0.0003
0.023555761203169823,31,1009200,399.63416,0.16,100.0,31624,10092,252096,27.982035994529724,0.04236461175605655,0.5636196918785572,-216.9990119934082,0.0003
0.02355603314936161,31,1009600,398.79132,0.15,100.0,31637,10096,252192,30.37666618824005,0.04263990535400808,-0.38859347254037857,-216.7856855392456,0.0003
0.02355491742491722,31,1010000,400.54724,0.16,100.0,31649,10100,252304,29.767666578292847,0.04260768974199891,-3.007831998169422,-216.09106922149658,0.0003
0.02355467528104782,31,1010400,407.35938,0.18,100.0,31661,10104,252400,24.4589900970459,0.042529826052486897,0.20933344587683678,-216.4001064300537,0.0003
0.02355518564581871,31,1010800,406.22223,0.17,100.0,31673,10108,252496,24.826830089092255,0.04247243027202785,1.2857182994484901,-215.55136108398438,0.0003
0.02355543151497841,31,1011200,407.29074,0.17,100.0,31684,10112,252592,31.567574381828308,0.04240250284783542,-1.0149670280516148,-216.75374221801758,0.0003
0.023550085723400116,31,1011600,409.77817,0.17,100.0,31700,10116,252704,27.637829184532166,0.04233758547343314,-0.589998047798872,-216.23052501678467,0.0003
0.023548411205410957,31,1012000,411.72968,0.17,100.0,31713,10120,252800,27.947888612747192,0.042287831427529454,1.0195052735507488,-216.83384227752686,0.0003
0.023544173687696457,31,1012400,412.05597,0.16,100.0,31725,10124,252896,26.534249305725098,0.04223924735561013,2.1027419231832027,-216.28729724884033,0.0003
0.02354424260556698,31,1012800,412.02814,0.16,100.0,31738,10128,252992,30.222100973129272,0.042477834736928344,1.6584491282701492,-216.59484577178955,0.0003
0.0235449131578207,31,1013200,408.08896,0.16,100.0,31753,10132,253104,24.407344341278076,0.04298098059371114,0.6954543916508555,-215.89039611816406,0.0003
0.023545492440462112,31,1013600,407.99536,0.16,100.0,31765,10136,253200,34.03650605678558,0.043081603944301605,1.7952509261667728,-216.8361692428589,0.0003
0.023541195318102837,31,1014000,404.73853,0.16,100.0,31780,10140,253296,28.806379437446594,0.04316297313198447,1.4281748421490192,-216.28997611999512,0.0003
0.023538174107670784,31,1014400,406.41122,0.17,100.0,31792,10144,253392,27.21845281124115,0.04313927865587175,-1.282724890857935,-217.54811096191406,0.0003
0.02353587932884693,31,1014800,403.31448,0.16,100.0,31804,10148,253504,26.44232141971588,0.04303934704512358,-1.1136415265500546,-217.56542873382568,0.0003
0.02353905327618122,31,1015200,402.05344,0.15,100.0,31817,10152,253600,30.746407985687256,0.0430770106613636,-2.169350953772664,-217.09454822540283,0.0003
0.02353769727051258,31,1015600,403.20395,0.15,100.0,31828,10156,253696,25.80976092815399,0.042805371806025505,-0.5672996342182159,-217.00527000427246,0.0003
0.023533575236797333,31,1016000,401.69122,0.15,100.0,31839,10160,253792,28.541913270950317,0.04281204054132104,3.0458006262779236,-217.6299810409546,0.0003
0.02353508584201336,31,1016400,396.67618,0.14,100.0,31852,10164,253904,23.143714725971222,0.042919103521853685,-1.3081860598176718,-217.21805477142334,0.0003
0.023532962426543236,31,1016800,393.96356,0.13,100.0,31865,10168,254000,32.26024329662323,0.04265031754039228,-0.6367025813087821,-217.59687614440918,0.0003
0.023529188707470894,31,1017200,394.25528,0.13,100.0,31876,10172,254096,26.09430706501007,0.04224631725810468,0.6150758247822523,-217.38548851013184,0.0003
0.02352854423224926,31,1017600,395.61514,0.14,100.0,31889,10176,254192,26.480984568595886,0.04237700789235532,0.7095240503549576,-216.8759641647339,0.0003
0.023521937429904938,31,1018000,397.48453,0.15,100.0,31901,10180,254304,26.02516198158264,0.041813812451437116,0.30156012810766697,-216.58191299438477,0.0003
0.02352127991616726,31,1018400,396.44446,0.14,100.0,31913,10184,254400,31.39984917640686,0.04166596685536206,-1.8506404720246792,-217.24656009674072,0.0003
0.02351672202348709,31,1018800,395.6409,0.13,100.0,31924,10188,254496,28.707095503807068,0.04164562048390508,2.520519834011793,-216.75693798065186,0.0003
0.02351883426308632,31,1019200,396.09763,0.13,100.0,31936,10192,254592,22.677153170108795,0.041731411358341575,-0.5644275806844234,-217.16870880126953,0.0003
0.023516777902841568,31,1019600,397.46942,0.14,100.0,31948,10196,254704,29.54796814918518,0.041672442806884646,1.8571399599313736,-217.34546375274658,0.0003
0.02352065034210682,31,1020000,393.75043,0.13,100.0,31960,10200,254800,28.474575519561768,0.041746126022189856,-2.9635840617120266,-216.67728900909424,0.0003
0.023517275229096413,31,1020400,388.72626,0.11,100.0,31975,10204,254896,26.126470983028412,0.0414940242189914,-1.811338022351265,-216.51379680633545,0.0003
0.02351510152220726,31,1020800,390.3625,0.11,100.0,31987,10208,254992,30.18714416027069,0.041482129134237766,1.2573617165908217,-217.05651569366455,0.0003
0.023515915498137474,31,1021200,393.26437,0.13,100.0,32001,10212,255104,30.12704288959503,0.04162122122943401,0.8983502690680325,-216.30074405670166,0.0003
0.023519286885857582,31,1021600,389.8136,0.12,100.0,32015,10216,255200,23.79040503501892,0.041720179142430425,-1.0096153002232313,-217.19592094421387,0.0003
0.023520462214946747,31,1022000,391.3566,0.13,100.0,32027,10220,255296,25.001572251319885,0.04165887902490795,-0.45445121079683304,-215.51751136779785,0.0003
0.023522716015577316,31,1022400,396.13068,0.14,100.0,32038,10224,255392,24.132387399673462,0.041618458926677704,-1.1834159158170223,-216.4905080795288,0.0003
0.02352379634976387,31,1022800,395.38535,0.14,100.0,32053,10228,255504,25.628885090351105,0.041516518918797374,-0.4864769196137786,-216.37378311157227,0.0003
0.023520948365330696,31,1023200,399.62613,0.15,100.0,32068,10232,255600,26.251183807849884,0.041292711393907666,-2.8749916590750217,-215.1017017364502,0.0003
0.02352205477654934,31,1023600,401.26578,0.16,100.0,32082,10236,255696,28.989952206611633,0.04124511661939323,2.3515958674252033,-216.03147983551025,0.0003
0.023518439382314682,31,1024000,400.99298,0.15,100.0,32095,10240,255792,24.220841467380524,0.041351443622261286,-0.699166152626276,-217.3033847808838,0.0003
0.023515822365880013,31,1024400,404.22015,0.16,100.0,32108,10244,255904,32.52587699890137,0.041358141927048564,-0.30728835985064507,-216.499418258667,0.0003
0.023518992587924004,31,1024800,405.36215,0.16,100.0,32121,10248,256000,30.42650020122528,0.041294447146356106,0.6116308309137821,-216.23030853271484,0.0003
0.02351166121661663,31,1025200,402.54034,0.15,100.0,32132,10252,256096,30.3918297290802,0.04131327732466161,1.9374914392828941,-216.48341369628906,0.0003
0.02351001650094986,31,1025600,406.89987,0.15,100.0,32145,10256,256192,28.710872650146484,0.04145884793251753,-2.9845027616247535,-216.01781940460205,0.0003
0.023505765944719315,31,1026000,405.7325,0.14,100.0,32160,10260,256304,29.293309569358826,0.041690658777952194,1.3948465259745717,-217.28832721710205,0.0003
0.023503141477704048,31,1026400,406.86975,0.14,100.0,32172,10264,256400,27.69616401195526,0.04169410397298634,2.8149967566132545,-216.44545364379883,0.0003
0.023505570366978645,31,1026800,407.00037,0.14,100.0,32183,10268,256496,29.08468008041382,0.04185752850025892,-0.4139774478971958,-216.19479274749756,0.0003
0.02350563183426857,31,1027200,411.06534,0.17,100.0,32198,10272,256592,29.728176593780518,0.04176115384325385,2.088788613677025,-217.41650295257568,0.0003
0.0235050730407238,31,1027600,411.42294,0.17,100.0,32210,10276,256704,24.446866273880005,0.04179989034309983,2.1059399619698524,-216.6380500793457,0.0003
0.023503895848989487,31,1028000,410.98837,0.17,100.0,32222,10280,256800,28.056261897087097,0.0420702388510108,-0.6676398180425167,-216.52522373199463,0.0003
0.02350034937262535,31,1028400,410.12433,0.16,100.0,32235,10284,256896,29.07129454612732,0.042162911500781775,2.7290307618677616,-216.05672359466553,0.0003
0.02350134588778019,31,1028800,409.27087,0.16,100.0,32249,10288,256992,25.936879992485046,0.04211445664986968,-0.45708421617746353,-216.01024436950684,0.0003
0.023499762639403343,31,1029200,407.6343,0.16,100.0,32263,10292,257104,30.77328085899353,0.04208037327043712,-0.6237278170883656,-215.34276676177979,0.0003
0.023498166352510452,31,1029600,406.67743,0.15,100.0,32274,10296,257200,24.839056968688965,0.042000803630799055,-0.7951163053512573,-215.26157093048096,0.0003
0.02349485643208027,31,1030000,407.057,0.15,100.0,32286,10300,257296,25.126603484153748,0.041820145677775145,1.7246209532022476,-215.35914993286133,0.0003
0.023500237613916397,31,1030400,406.99356,0.14,100.0,32300,10304,257392,26.65639841556549,0.04196734307333827,-2.858733916655183,-215.86961364746094,0.0003
0.023494714871048927,31,1030800,404.36426,0.14,100.0,32314,10308,257504,27.143881916999817,0.042023430578410625,0.196736678481102,-215.5576000213623,0.0003
0.02349473163485527,31,1031200,403.06274,0.13,100.0,32331,10312,257600,27.4193172454834,0.04222433711402118,1.6216727271676064,-215.6222629547119,0.0003
0.02349739894270897,31,1031600,404.20413,0.14,100.0,32343,10316,257696,28.259893536567688,0.04214838915504515,0.4019422195851803,-214.82778549194336,0.0003
0.023489169776439667,31,1032000,407.11743,0.14,100.0,32355,10320,257792,28.670157313346863,0.041862342739477754,1.833263587206602,-215.747633934021,0.0003
0.023487994447350502,31,1032400,404.9402,0.14,100.0,32367,10324,257904,26.773260712623596,0.0419839306268841,1.3969494923949242,-214.97821521759033,0.0003
0.02348879538476467,31,1032800,405.92566,0.14,100.0,32383,10328,258000,25.37505829334259,0.0418590537738055,-0.8221000246703625,-215.97445011138916,0.0003
0.023488784208893776,31,1033200,404.0205,0.14,100.0,32396,10332,258096,21.65464299917221,0.04183115670457482,0.18629145808517933,-215.04448699951172,0.0003
0.02348485216498375,31,1033600,403.00925,0.14,100.0,32409,10336,258192,24.823073983192444,0.0416358825750649,0.3145632892847061,-215.43598461151123,0.0003
0.023485802114009857,31,1034000,404.50806,0.14,100.0,32423,10340,258304,20.9922194480896,0.04131033341400325,0.011478003114461899,-214.07027435302734,0.0003
0.02348187379539013,31,1034400,401.76657,0.12,100.0,32438,10344,258400,26.14920675754547,0.041316497372463346,-3.3145651426166296,-214.66427516937256,0.0003
0.023483047261834145,31,1034800,402.64807,0.13,100.0,32451,10348,258496,26.923863172531128,0.041324748657643795,-1.5266256593167782,-215.2104663848877,0.0003
0.023479079827666283,31,1035200,406.65582,0.16,100.0,32462,10352,258592,29.890763759613037,0.041221950901672244,1.4231964126229286,-214.7260456085205,0.0003
0.023476118221879005,31,1035600,402.38266,0.16,100.0,32474,10356,258704,25.781337022781372,0.04111436824314296,0.5059792641550303,-214.6357307434082,0.0003
0.02347532846033573,31,1036000,405.29163,0.17,100.0,32485,10360,258800,27.43751549720764,0.04104689788073301,-2.1727815084159374,-216.23733520507812,0.0003
0.023466963320970535,31,1036400,404.68015,0.17,100.0,32497,10364,258896,25.710004329681396,0.040803427109494805,0.10945495031774044,-215.70383739471436,0.0003
0.02346530742943287,31,1036800,405.4315,0.17,100.0,32509,10368,258992,26.70484447479248,0.04068765300326049,0.03689977526664734,-214.23213577270508,0.0003
0.02346264198422432,31,1037200,402.10583,0.14,100.0,32525,10372,259104,23.2210373878479,0.04074850236065686,-0.15318500064313412,-214.68733978271484,0.0003
0.023463642224669456,31,1037600,405.08337,0.14,100.0,32540,10376,259200,25.069467663764954,0.04074347531422973,-0.41192303597927094,-214.32000160217285,0.0003
0.02346637472510338,31,1038000,410.83682,0.16,100.0,32553,10380,259296,29.22302496433258,0.040528173791244626,-0.2864580024033785,-215.0161943435669,0.0003
0.023466387763619423,31,1038400,413.76465,0.18,100.0,32568,10384,259392,27.07443594932556,0.04067476629279554,3.2982224598526955,-214.4893627166748,0.0003
0.0234632957726717,31,1038800,414.18405,0.19,100.0,32582,10388,259504,25.581876039505005,0.04088468081317842,0.9258653298020363,-214.41545581817627,0.0003
0.023456940427422523,31,1039200,416.92926,0.2,100.0,32593,10392,259600,29.571032404899597,0.04097778769209981,0.10096419230103493,-214.3688497543335,0.0003
0.023457860574126244,31,1039600,417.07812,0.2,100.0,32610,10396,259696,25.974866032600403,0.04107345035299659,-0.1396530084311962,-213.56948947906494,0.0003
0.02345842309296131,31,1040000,419.24683,0.21,100.0,32624,10400,259792,26.08130371570587,0.040790251456201077,-1.6672442499548197,-215.6352310180664,0.0003
0.023453453555703163,31,1040400,420.2157,0.22,100.0,32636,10404,259904,29.578233540058136,0.040573735255748034,1.6444411370903254,-214.51617527008057,0.0003
0.023454954847693443,31,1040800,422.50647,0.23,100.0,32647,10408,260000,27.908596515655518,0.040641410974785686,0.2876422256231308,-214.68104076385498,0.0003
0.023457197472453117,31,1041200,424.37875,0.24,100.0,32661,10412,260096,28.81315016746521,0.04068919876590371,-1.6777573563158512,-214.50086879730225,0.0003
0.02345496602356434,31,1041600,427.47003,0.25,100.0,32673,10416,260192,27.920096039772034,0.0405179550871253,-1.4083019606769085,-215.1307144165039,0.0003
0.023456109687685966,31,1042000,424.064,0.24,100.0,32687,10420,260304,25.67557954788208,0.04019563342444599,1.245259903371334,-214.51121711730957,0.0003
0.023450609296560287,31,1042400,422.8362,0.24,100.0,32700,10424,260400,27.110362648963928,0.04023128002882004,0.2899727635085583,-214.44232273101807,0.0003
0.023446224629878998,31,1042800,421.54126,0.24,100.0,32717,10428,260496,31.1001980304718,0.04025754448957741,-0.7179488781839609,-214.41504383087158,0.0003
0.023447340354323387,31,1043200,422.7771,0.24,100.0,32728,10432,260592,24.547572255134583,0.04051104956306517,1.3439675644040108,-214.31966590881348,0.0003
0.023453881964087486,31,1043600,423.77316,0.24,100.0,32742,10436,260704,25.305564761161804,0.04100200976245105,0.51337013207376,-213.18263244628906,0.0003
0.0234557893127203,31,1044000,423.64267,0.25,100.0,32755,10440,260800,29.165413796901703,0.04114235867746174,0.42597684543579817,-214.97483825683594,0.0003
0.02345285937190056,31,1044400,421.93378,0.25,100.0,32767,10444,260896,25.13245403766632,0.04101127223111689,0.9113732660189271,-214.95218658447266,0.0003
0.02345409244298935,31,1044800,423.47046,0.25,100.0,32780,10448,260992,22.014065980911255,0.04112891433760524,1.1925474554300308,-213.97642612457275,0.0003
0.023460809141397476,31,1045200,419.76526,0.22,100.0,32792,10452,261104,25.25985074043274,0.04142454429529607,1.6891976613551378,-214.62371349334717,0.0003
0.02345270849764347,31,1045600,421.6986,0.22,100.0,32806,10456,261200,27.354994475841522,0.04141438705846667,0.9669083617627621,-213.94184589385986,0.0003
0.02345413900911808,31,1046000,420.60684,0.22,100.0,32818,10460,261296,24.24742156267166,0.041493054712191224,-0.3962756097316742,-214.71043395996094,0.0003
0.02344789355993271,31,1046400,423.94208,0.24,100.0,32830,10464,261392,26.683051466941833,0.04128741123713553,-0.3647448569536209,-214.55347728729248,0.0003
0.023451101034879684,31,1046800,425.1038,0.25,100.0,32842,10468,261504,30.24016296863556,0.04142093192785978,2.065760960802436,-214.0229263305664,0.0003
0.023453015834093094,31,1047200,425.98453,0.26,100.0,32856,10472,261600,26.497159719467163,0.041520626517012715,1.3960343822836876,-213.66002750396729,0.0003
0.023450942710042,31,1047600,423.60794,0.26,100.0,32869,10476,261696,23.453605234622955,0.04141968092881143,-1.8514250293374062,-213.85515022277832,0.0003
0.02344728447496891,31,1048000,420.03622,0.24,100.0,32881,10480,261792,20.372375428676605,0.04142536991275847,1.2529468555003405,-213.77916812896729,0.0003
0.023446662351489067,31,1048400,417.95508,0.23,100.0,32895,10484,261904,27.043784976005554,0.041271677473559976,0.029695451259613037,-214.1836175918579,0.0003
0.02344706282019615,31,1048800,419.28546,0.23,100.0,32906,10488,262000,24.669359803199768,0.0412699724547565,0.08370369160547853,-213.24942684173584,0.0003
0.023448225110769272,31,1049200,417.41788,0.23,100.0,32917,10492,262096,25.203324913978577,0.04124741442501545,1.2969733700156212,-214.12927627563477,0.0003
0.023453351110219955,31,1049600,417.34094,0.23,100.0,32928,10496,262192,27.01263415813446,0.041511344257742167,0.4894533343613148,-214.40769290924072,0.0003
0.023452676832675934,31,1050000,417.50195,0.23,100.0,32940,10500,262304,28.44556897878647,0.041501832427456975,0.3221041411161423,-213.46449279785156,0.0003
0.023453364148736,31,1050400,416.41138,0.22,100.0,32957,10504,262400,24.851290941238403,0.041446957271546125,0.057941170409321785,-214.28801250457764,0.0003
0.02345483936369419,31,1050800,420.72372,0.24,100.0,32970,10508,262496,25.477067947387695,0.04142782301642001,0.3054385222494602,-213.54001426696777,0.0003
0.023458028212189674,31,1051200,418.35452,0.23,100.0,32983,10512,262592,21.53745549917221,0.041397953405976295,1.544043743982911,-213.50178337097168,0.0003
0.02345455251634121,31,1051600,415.1021,0.21,100.0,32997,10516,262704,26.107855200767517,0.041624948382377625,2.491735380142927,-214.0422487258911,0.0003
0.02345220372080803,31,1052000,411.7818,0.21,100.0,33010,10520,262800,24.832913517951965,0.04191895038820803,1.8562247082591057,-213.51249027252197,0.0003
0.023448500782251358,31,1052400,411.68958,0.21,100.0,33022,10524,262896,25.218054592609406,0.04184052697382867,-0.5376112256199121,-212.8587532043457,0.0003
0.023444436490535736,31,1052800,411.35577,0.21,100.0,33037,10528,262992,22.187344312667847,0.042144297854974866,2.352625362575054,-213.61371040344238,0.0003
0.023445865139365196,31,1053200,409.03296,0.2,100.0,33052,10532,263104,21.967417120933533,0.042183356592431664,-1.5826318482868373,-212.94415092468262,0.0003
0.02344876155257225,31,1053600,408.79465,0.2,100.0,33062,10536,263200,22.733465552330017,0.042476708767935634,-0.12147942557930946,-212.44298458099365,0.0003
0.023449711501598358,31,1054000,406.74976,0.19,100.0,33074,10540,263296,23.67664474248886,0.04235735163092613,0.23152455687522888,-212.95770454406738,0.0003
0.023447809740900993,31,1054400,409.76282,0.2,100.0,33087,10544,263392,25.846405506134033,0.04229414230212569,0.07810002379119396,-212.58734798431396,0.0003
0.023454483598470688,31,1054800,412.06085,0.21,100.0,33100,10548,263504,26.518909215927124,0.042451797518879175,-2.8578451834619045,-211.95813083648682,0.0003
0.023453140631318092,31,1055200,414.1565,0.21,100.0,33112,10552,263600,26.624828696250916,0.04212640807963908,0.8863413501530886,-212.60888195037842,0.0003
0.02345474436879158,31,1055600,415.79813,0.22,100.0,33128,10556,263696,23.798969268798828,0.04183660703711212,-3.421062484383583,-212.6206178665161,0.0003
0.02345889061689377,31,1056000,413.71558,0.21,100.0,33139,10560,263792,23.82322859764099,0.04143467731773853,-1.3623907305300236,-212.4952163696289,0.0003
0.023459991440176964,31,1056400,411.00354,0.19,100.0,33152,10564,263904,26.654457688331604,0.041304305428639054,0.8688403647392988,-212.33361911773682,0.0003
0.023465150967240334,31,1056800,409.65054,0.18,100.0,33167,10568,264000,25.416910886764526,0.041409126250073314,-1.6319439094513655,-213.00497913360596,0.0003
0.023462986573576927,31,1057200,409.4618,0.18,100.0,33181,10572,264096,27.487845480442047,0.04131570248864591,0.6357151856645942,-213.27510452270508,0.0003
0.023465974256396294,31,1057600,409.3251,0.18,100.0,33193,10576,264192,23.524142742156982,0.041149423690512776,-0.8871097005903721,-213.34612464904785,0.0003
0.02346322312951088,31,1058000,407.32196,0.18,100.0,33205,10580,264304,20.373690247535706,0.04092466994188726,-0.041743101086467505,-211.99473571777344,0.0003
0.023466182872653008,31,1058400,407.49515,0.18,100.0,33219,10584,264400,23.47339689731598,0.0408449275419116,-2.2525097988545895,-211.26230239868164,0.0003
0.02346387319266796,31,1058800,406.0353,0.17,100.0,33233,10588,264496,24.499713897705078,0.04077394446358085,-1.1317095346748829,-212.27000045776367,0.0003
0.023464927449822426,31,1059200,406.18753,0.16,100.0,33244,10592,264592,23.576123416423798,0.04069714690558612,-0.3687085285782814,-212.03392696380615,0.0003
0.023459680378437042,31,1059600,405.69238,0.16,100.0,33257,10596,264704,22.01401662826538,0.04065729212015867,1.8953929133713245,-212.23004817962646,0.0003
0.023461874574422836,31,1060000,404.18713,0.15,100.0,33268,10600,264800,21.18829768896103,0.04071843205019832,-0.3464904706925154,-212.43041324615479,0.0003
0.023458609357476234,31,1060400,402.53235,0.15,100.0,33278,10604,264896,25.395606517791748,0.04054968082346022,-0.8973121708258986,-212.0945234298706,0.0003
0.02345767803490162,31,1060800,400.0878,0.14,100.0,33289,10608,264992,21.632620751857758,0.040281004970893264,-1.922025375533849,-212.08081436157227,0.0003
0.023455532267689705,31,1061200,399.30157,0.14,100.0,33302,10612,265104,23.038629055023193,0.040156745817512274,-0.5132683273404837,-212.69300937652588,0.0003
0.023456178605556488,31,1061600,399.4264,0.14,100.0,33314,10616,265200,24.857197642326355,0.04012785502709448,-1.5993955694139004,-212.7169418334961,0.0003
0.02345752902328968,31,1062000,402.6045,0.15,100.0,33327,10620,265296,22.40177357196808,0.04020331637002528,1.2434595171362162,-212.47455215454102,0.0003
0.023453466594219208,31,1062400,405.81116,0.17,100.0,33338,10624,265392,24.939364075660706,0.040175043512135744,-0.09405154548585415,-212.21961975097656,0.0003
0.0234533678740263,31,1062800,406.8206,0.17,100.0,33351,10628,265504,20.248408913612366,0.04016994126141071,0.03807578980922699,-211.88875675201416,0.0003
0.023453615605831146,31,1063200,410.4468,0.18,100.0,33363,10632,265600,22.876450955867767,0.040050104027614,0.09901922568678856,-211.88751411437988,0.0003
0.023457098752260208,31,1063600,409.17087,0.18,100.0,33374,10636,265696,21.221235156059265,0.039829610381275415,-1.6814616210758686,-211.3003807067871,0.0003
0.023460103198885918,31,1064000,408.701,0.18,100.0,33385,10640,265792,28.85428023338318,0.03971268516033888,-2.5946011766791344,-212.3319549560547,0.0003
0.02345886081457138,31,1064400,408.32077,0.18,100.0,33400,10644,265904,24.361037731170654,0.0397223902400583,-0.4517161212861538,-211.79642581939697,0.0003
0.02345624379813671,31,1064800,406.79007,0.17,100.0,33412,10648,266000,25.709232926368713,0.03953081928193569,-1.7998981941491365,-211.49315738677979,0.0003
0.023451797664165497,31,1065200,403.85446,0.17,100.0,33428,10652,266096,25.300280570983887,0.03947737370617688,1.2878271825611591,-211.6904640197754,0.0003
0.02345140092074871,31,1065600,400.87894,0.17,100.0,33439,10656,266192,23.43859714269638,0.03975312318652868,0.3191416747868061,-210.7058973312378,0.0003
0.0234503373503685,31,1066000,401.44794,0.17,100.0,33455,10660,266304,21.10078364610672,0.039711261400952935,-1.8812484201043844,-210.73157787322998,0.0003
0.023445582017302513,31,1066400,401.5589,0.17,100.0,33466,10664,266400,24.593620896339417,0.03947725147008896,1.0741334250196815,-211.383695602417,0.0003
0.023441830649971962,31,1066800,402.16797,0.17,100.0,33477,10668,266496,21.69203954935074,0.03952921740710735,-0.13648532889783382,-211.81778717041016,0.0003
0.02344125136733055,31,1067200,402.12375,0.17,100.0,33488,10672,266592,20.876336574554443,0.039470709627494216,0.7170322388410568,-211.56425380706787,0.0003
0.02343951351940632,31,1067600,399.72534,0.16,100.0,33500,10676,266704,22.955140113830566,0.039528006222099066,1.865105802193284,-211.15084266662598,0.0003
0.023436758667230606,31,1068000,399.6211,0.16,100.0,33513,10680,266800,21.203643560409546,0.03955469955690205,1.5665509328246117,-211.31776809692383,0.0003
0.02343839965760708,31,1068400,399.8077,0.16,100.0,33526,10684,266896,22.589865744113922,0.03964910004287958,-1.6784620825201273,-211.20843696594238,0.0003
0.023435695096850395,31,1068800,400.36703,0.17,100.0,33539,10688,266992,24.77774953842163,0.03952080151066184,-1.007047027349472,-211.8936185836792,0.0003
0.023432495072484016,31,1069200,401.04678,0.17,100.0,33554,10692,267104,21.298635244369507,0.03983772685751319,-0.881002064794302,-210.64572429656982,0.0003
0.023432565852999687,31,1069600,401.881,0.18,100.0,33565,10696,267200,22.77099895477295,0.03982073185034096,0.2002357803285122,-211.84918308258057,0.0003
0.023427866399288177,31,1070000,401.1334,0.19,100.0,33579,10700,267296,18.99109196662903,0.039835618576034904,0.6504620872437954,-211.65876483917236,0.0003
0.023429442197084427,31,1070400,403.2059,0.2,100.0,33594,10704,267392,24.35104250907898,0.040280853398144245,2.849647969007492,-211.01276779174805,0.0003
0.023432018235325813,31,1070800,398.96567,0.18,100.0,33605,10708,267504,21.139917194843292,0.04093387350440025,0.9750984460115433,-210.54865837097168,0.0003
0.023424925282597542,31,1071200,397.84314,0.18,100.0,33615,10712,267600,19.821799516677856,0.04128177813254297,0.6906413231045008,-211.46362781524658,0.0003
0.023419935256242752,31,1071600,400.85202,0.2,100.0,33630,10716,267696,24.392184019088745,0.04131734208203852,-0.3975853994488716,-211.12264823913574,0.0003
0.02342323400080204,31,1072000,399.07172,0.18,100.0,33643,10720,267792,20.972463965415955,0.041185237700119615,0.018095504492521286,-210.34918880462646,0.0003
0.02342289313673973,31,1072400,397.4786,0.16,100.0,33656,10724,267904,20.49449223279953,0.04117035260424018,-1.0910153836011887,-211.0082187652588,0.0003
0.023421045392751694,31,1072800,398.2695,0.17,100.0,33669,10728,268000,22.64056372642517,0.04079036391340196,-2.2683737576007843,-210.26164627075195,0.0003
0.02342122048139572,31,1073200,395.32892,0.16,100.0,33681,10732,268096,23.099503219127655,0.0405496081802994,-1.5681727342307568,-210.0613498687744,0.0003
0.023418238386511803,31,1073600,393.97946,0.15,100.0,33695,10736,268192,26.0328209400177,0.04042735416442156,1.452417690306902,-210.67270469665527,0.0003
0.023406798020005226,31,1074000,394.52905,0.15,100.0,33708,10740,268304,28.15047824382782,0.04025173117406666,1.860085228458047,-210.85956001281738,0.0003
0.023406995460391045,31,1074400,393.04678,0.14,100.0,33720,10744,268400,26.20719277858734,0.04056275123730302,2.4576446572318673,-211.67419910430908,0.0003
0.02340458706021309,31,1074800,391.09808,0.13,100.0,33732,10748,268496,19.69288420677185,0.040786528028547764,-0.656632399186492,-211.70858097076416,0.0003
0.023403266444802284,31,1075200,396.6144,0.14,100.0,33749,10752,268592,23.063236832618713,0.0407167412340641,0.30146047472953796,-210.82493591308594,0.0003
0.02339828945696354,31,1075600,397.2218,0.13,100.0,33760,10756,268704,20.289447784423828,0.04076916701160371,-3.308846965432167,-210.72169971466064,0.0003
0.023395802825689316,31,1076000,397.32452,0.13,100.0,33772,10760,268800,20.165679097175598,0.04057953041046858,0.039837200194597244,-211.48981475830078,0.0003
0.023392220959067345,31,1076400,396.44165,0.13,100.0,33783,10764,268896,25.289401650428772,0.04028927022591233,-0.10318341106176376,-210.9103775024414,0.0003
0.023387042805552483,31,1076800,397.4494,0.14,100.0,33794,10768,268992,21.23982971906662,0.04008935601450503,0.4326616898179054,-211.33170413970947,0.0003
0.02338733896613121,31,1077200,396.3814,0.13,100.0,33808,10772,269104,20.82063490152359,0.03991939150728285,-0.006025407463312149,-211.32702445983887,0.0003
0.023385949432849884,31,1077600,395.4735,0.13,100.0,33819,10776,269200,22.515435874462128,0.039868477964773774,-2.578688509762287,-211.4896240234375,0.0003
0.023377956822514534,31,1078000,395.1584,0.13,100.0,33830,10780,269296,22.455973744392395,0.03975004074163735,1.1035579033195972,-209.95471858978271,0.0003
0.023374678567051888,31,1078400,392.68274,0.12,100.0,33842,10784,269392,21.79264736175537,0.039625600911676884,-0.09759067837148905,-209.90056991577148,0.0003
0.023379869759082794,31,1078800,392.1649,0.12,100.0,33855,10788,269504,26.360078752040863,0.039985709823668,2.0549528915435076,-209.82750511169434,0.0003
0.02337571792304516,31,1079200,392.32635,0.14,100.0,33869,10792,269600,23.434414505958557,0.03987190639600158,-0.6352619342505932,-211.1296510696411,0.0003
0.023372268304228783,31,1079600,393.03952,0.13,100.0,33884,10796,269696,23.454304337501526,0.040142794605344534,3.2741624526679516,-210.31691074371338,0.0003
0.0233711339533329,31,1080000,394.00226,0.12,100.0,33899,10800,269792,20.36948323249817,0.04037118027918041,0.5216955523937941,-210.06868362426758,0.0003
0.02336767688393593,31,1080400,394.43732,0.12,100.0,33911,10804,269904,21.0798619389534,0.040610739728435874,1.2031060457229614,-209.8356113433838,0.0003
0.023367775604128838,31,1080800,395.58905,0.12,100.0,33921,10808,270000,26.176491260528564,0.040496026165783405,0.9361981535330415,-211.12759685516357,0.0003
0.023368187248706818,31,1081200,398.76828,0.13,100.0,33933,10812,270096,22.248637676239014,0.0403779624029994,-0.8491634679958224,-210.04052639007568,0.0003
0.02336950972676277,31,1081600,394.11877,0.11,100.0,33945,10816,270192,22.784618377685547,0.0403926654253155,-0.34887137077748775,-210.24647617340088,0.0003
0.02336670644581318,31,1082000,395.47842,0.11,100.0,33957,10820,270304,24.246849179267883,0.04064434836618602,0.4107019789516926,-210.16966247558594,0.0003
0.023365464061498642,31,1082400,394.2221,0.11,100.0,33969,10824,270400,24.04544186592102,0.04058785899542272,-0.8662739805877209,-210.74170112609863,0.0003
0.02336365170776844,31,1082800,392.71454,0.1,100.0,33980,10828,270496,22.284707725048065,0.0406988812610507,0.8817833568900824,-210.75825881958008,0.0003
0.02336104027926922,31,1083200,391.20718,0.1,100.0,33994,10832,270592,26.508414149284363,0.040475921239703894,0.9836961999535561,-210.22360706329346,0.0003
0.02336079627275467,31,1083600,394.68997,0.11,100.0,34005,10836,270704,24.385772824287415,0.0409664383623749,4.08858098089695,-210.16822910308838,0.0003
0.023359766229987144,31,1084000,396.7122,0.12,100.0,34019,10840,270800,25.039286732673645,0.04134627082385123,1.1642758511006832,-210.41497611999512,0.0003
0.023361099883913994,31,1084400,397.03143,0.13,100.0,34034,10844,270896,22.038601756095886,0.04149676929228008,2.234117105603218,-209.71807861328125,0.0003
0.023362526670098305,31,1084800,397.94852,0.15,100.0,34045,10848,270992,23.798826932907104,0.04141079494729638,-1.988971572369337,-210.81139850616455,0.0003
0.023358138278126717,31,1085200,394.7842,0.14,100.0,34059,10852,271104,21.840720772743225,0.041124282171949744,-2.1336593478918076,-211.0490550994873,0.0003
0.02336176484823227,31,1085600,399.95685,0.15,100.0,34070,10856,271200,20.84131395816803,0.04118286329321563,-2.0460495073348284,-210.37740802764893,0.0003
0.02335994504392147,31,1086000,400.31363,0.15,100.0,34082,10860,271296,20.910998225212097,0.04117337171919644,-2.2713437154889107,-210.23744583129883,0.0003
0.023355092853307724,31,1086400,401.72968,0.15,100.0,34093,10864,271392,25.00135463476181,0.0410324209369719,2.1691139582544565,-210.3574924468994,0.0003
0.023355867713689804,31,1086800,404.33023,0.16,100.0,34106,10868,271504,24.147503793239594,0.04141111788339913,-1.0400402136147022,-210.47655963897705,0.0003
0.02335829846560955,31,1087200,402.73984,0.16,100.0,34121,10872,271600,22.884359180927277,0.041468463372439146,-0.11969796195626259,-211.31823635101318,0.0003
0.023351380601525307,31,1087600,404.9471,0.17,100.0,34135,10876,271696,23.185488164424896,0.041539869736880064,0.871142172254622,-210.70178699493408,0.0003
0.02335091307759285,31,1088000,404.0525,0.16,100.0,34145,10880,271792,21.77383780479431,0.04210109985433519,2.1038214154541492,-210.53659534454346,0.0003
0.02335232123732567,31,1088400,404.6789,0.16,100.0,34156,10884,271904,25.277411580085754,0.042304401053115726,-1.0438876245170832,-210.04957103729248,0.0003
0.02335396036505699,31,1088800,403.34808,0.15,100.0,34168,10888,272000,24.403087437152863,0.04223381681367755,-2.742512995377183,-209.7065486907959,0.0003
0.02334979735314846,31,1089200,401.32678,0.14,100.0,34180,10892,272096,24.717715859413147,0.041730201337486506,-0.2451290264725685,-210.26946640014648,0.0003
0.023347778245806694,31,1089600,399.37518,0.14,100.0,34191,10896,272192,22.25831550359726,0.04185933875851333,-0.849430400878191,-210.07641792297363,0.0003
0.023340338841080666,31,1090000,399.71664,0.15,100.0,34206,10900,272304,24.973063945770264,0.04204731620848179,2.3347966223955154,-209.38962650299072,0.0003
0.02334528975188732,31,1090400,397.9403,0.15,100.0,34220,10904,272400,24.3235445022583,0.042680882615968585,5.550577998161316,-209.82423400878906,0.0003
0.0233526062220335,31,1090800,396.57983,0.15,100.0,34231,10908,272496,26.33869993686676,0.043746251380071044,-0.8311925306916237,-210.64628314971924,0.0003
0.023352570831775665,31,1091200,396.0206,0.14,100.0,34242,10912,272592,25.312020182609558,0.04361931048333645,0.19837740622460842,-210.36188888549805,0.0003
0.02335434779524803,31,1091600,397.994,0.15,100.0,34255,10916,272704,21.710889399051666,0.04395771794952452,-1.1637983247637749,-209.67245197296143,0.0003
0.023356067016720772,31,1092000,397.5492,0.15,100.0,34268,10920,272800,22.28537529706955,0.04401461291126907,-0.9284367859363556,-210.3075351715088,0.0003
0.02335749939084053,31,1092400,399.63562,0.16,100.0,34283,10924,272896,28.80367946624756,0.04412526241503656,-1.0270357746630907,-209.3385591506958,0.0003
0.023357601836323738,31,1092800,401.07315,0.17,100.0,34297,10928,272992,22.609315276145935,0.043806557543575764,-3.3498777989298105,-210.3746099472046,0.0003
0.023355983197689056,31,1093200,405.0418,0.17,100.0,34312,10932,273104,22.835770964622498,0.04368316265754402,2.1620547343045473,-209.24672603607178,0.0003
0.023359451442956924,31,1093600,404.06308,0.16,100.0,34325,10936,273200,23.683736979961395,0.04406660585664213,-0.5224880073219538,-209.28229141235352,0.0003
0.02336214669048786,31,1094000,404.84528,0.16,100.0,34336,10940,273296,23.931023955345154,0.04418062511831522,0.4274867828935385,-209.90420246124268,0.0003
0.02336757630109787,31,1094400,405.0508,0.15,100.0,34350,10944,273392,24.25519287586212,0.04421954648569226,-1.2299540750682354,-210.0007791519165,0.0003
0.02336488477885723,31,1094800,405.3041,0.15,100.0,34362,10948,273504,23.379306316375732,0.04391425405628979,-1.1750915832817554,-209.29767322540283,0.0003
0.023361479863524437,31,1095200,407.73285,0.16,100.0,34375,10952,273600,21.787508964538574,0.043488520197570324,0.9114706516265869,-209.19151306152344,0.0003
0.023359782993793488,31,1095600,403.8926,0.16,100.0,34386,10956,273696,20.639308154582977,0.04326820047572255,-0.5705525949597359,-209.79160594940186,0.0003
0.02335364557802677,31,1096000,404.51578,0.17,100.0,34398,10960,273792,27.90112030506134,0.0431354702450335,-0.4159848587587476,-209.2570161819458,0.0003
0.023350469768047333,31,1096400,406.54062,0.19,100.0,34411,10964,273904,21.79917734861374,0.04430826078169048,3.4648096561431885,-209.13661766052246,0.0003
0.023350151255726814,31,1096800,400.9061,0.17,100.0,34422,10968,274000,28.427155375480652,0.04451060760766268,-0.7340339049696922,-208.70836734771729,0.0003
0.023345984518527985,31,1097200,402.1947,0.17,100.0,34434,10972,274096,25.60168159008026,0.04452736908569932,1.5381249878555536,-209.9930009841919,0.0003
0.023341065272688866,31,1097600,401.60898,0.17,100.0,34444,10976,274192,21.51880770921707,0.044700865633785725,-1.8562198542058468,-210.21579933166504,0.0003
0.02333369106054306,31,1098000,399.00708,0.17,100.0,34457,10980,274304,22.721798062324524,0.04467467637732625,-0.8863030839711428,-209.68689727783203,0.0003
0.023339491337537766,31,1098400,399.53137,0.17,100.0,34469,10984,274400,24.259377598762512,0.045328016160055995,5.042681273072958,-209.77110767364502,0.0003
0.023343440145254135,31,1098800,400.15317,0.17,100.0,34484,10988,274496,23.052769005298615,0.04567855456843972,0.6594943534582853,-210.7245635986328,0.0003
0.023350585252046585,31,1099200,400.64587,0.16,100.0,34498,10992,274592,23.91314458847046,0.045904184924438596,-1.1317365001887083,-209.63307189941406,0.0003
0.023351678624749184,31,1099600,399.0041,0.16,100.0,34511,10996,274704,21.33446556329727,0.04588751960545778,-1.4114349838346243,-210.13520431518555,0.0003
0.023353420197963715,31,1100000,397.1922,0.15,100.0,34522,11000,274800,30.09042239189148,0.04528742586262524,-2.5484388545155525,-208.99870204925537,0.0003
0.02335178479552269,31,1100400,395.69464,0.14,100.0,34532,11004,274896,30.66662108898163,0.04517539916560054,3.4441148936748505,-210.92015933990479,0.0003
0.023353036493062973,31,1100800,396.55313,0.14,100.0,34543,11008,274992,32.11953818798065,0.04648193554021418,-0.7707072179764509,-210.49891757965088,0.0003
0.02335185371339321,31,1101200,393.03,0.13,100.0,34555,11012,275104,22.88930720090866,0.04599173879250884,-1.2430865559726954,-209.61023139953613,0.0003
0.023347927257418633,31,1101600,391.41913,0.12,100.0,34565,11016,275200,24.810501515865326,0.04652096354402602,1.7957563735544682,-210.54488277435303,0.0003
0.023349592462182045,31,1102000,390.31332,0.13,100.0,34578,11020,275296,18.655237078666687,0.04649500548839569,-1.0456902272999287,-209.956130027771,0.0003
0.023353667929768562,31,1102400,387.04614,0.11,100.0,34588,11024,275392,22.126261115074158,0.04609645949676633,-3.3009348809719086,-210.4899549484253,0.0003
0.023354414850473404,31,1102800,386.34668,0.11,100.0,34604,11028,275504,23.29270327091217,0.04645832977257669,5.537355017848313,-210.03676795959473,0.0003
0.02335389330983162,31,1103200,382.89914,0.11,100.0,34614,11032,275600,24.51717233657837,0.047062683617696166,-1.5616444908082485,-211.76468181610107,0.0003
0.023352764546871185,31,1103600,381.37915,0.11,100.0,34626,11036,275696,25.710964381694794,0.04730467917397618,1.5772556699812412,-209.8548460006714,0.0003
0.023347748443484306,31,1104000,378.21957,0.1,100.0,34637,11040,275792,23.454328179359436,0.047400565817952156,-0.4475400885567069,-211.10940170288086,0.0003
0.023349234834313393,31,1104400,377.899,0.1,100.0,34653,11044,275904,20.549303710460663,0.04678934835828841,-3.0108146853744984,-211.06929302215576,0.0003
0.0233458299189806,31,1104800,376.32925,0.09,100.0,34663,11048,276000,18.467300355434418,0.04601662768982351,-4.259316930547357,-211.7916498184204,0.0003
0.023348096758127213,31,1105200,377.13364,0.1,100.0,34677,11052,276096,24.710988998413086,0.045544158667325974,5.264093767851591,-211.51697254180908,0.0003
0.02335016056895256,31,1105600,378.1599,0.11,100.0,34691,11056,276192,22.488650858402252,0.045722988434135914,-1.6686403676867485,-211.70895195007324,0.0003
0.0233431626111269,31,1106000,376.171,0.1,100.0,34703,11060,276304,21.630702078342438,0.04538986040279269,-0.6766764894127846,-211.94400787353516,0.0003
0.02334531769156456,31,1106400,370.98657,0.08,100.0,34716,11064,276400,22.1001855134964,0.044827941339462996,-2.6106065064668655,-211.67712593078613,0.0003
0.02334863692522049,31,1106800,374.59097,0.09,100.0,34728,11068,276496,25.277081608772278,0.0441206858959049,-0.39356505032628775,-211.7698974609375,0.0003
0.023348568007349968,31,1107200,374.33496,0.09,100.0,34743,11072,276592,19.189886510372162,0.04383585532195866,-0.39488448668271303,-210.99930095672607,0.0003
0.023343456909060478,31,1107600,373.06583,0.08,100.0,34757,11076,276704,19.276452720165253,0.043730259872972965,-1.4332986418157816,-211.17941093444824,0.0003
0.02334113046526909,31,1108000,374.87027,0.08,100.0,34768,11080,276800,20.0389324426651,0.04318664106540382,-2.4945535082370043,-211.37689399719238,0.0003
0.02334468625485897,31,1108400,372.47052,0.08,100.0,34782,11084,276896,23.11131203174591,0.0426488087978214,3.0568899884819984,-210.34627151489258,0.0003
0.02334645949304104,31,1108800,372.02872,0.08,100.0,34792,11088,276992,22.848496198654175,0.04270746116526425,-3.545146305114031,-211.33825302124023,0.0003
0.0233449824154377,31,1109200,371.20135,0.08,100.0,34806,11092,277104,25.642219305038452,0.04233026714064181,-0.7361930571496487,-211.79189682006836,0.0003
0.02335326001048088,31,1109600,375.18167,0.09,100.0,34819,11096,277200,22.489367723464966,0.04247219837270677,-0.42745276540517807,-212.5130672454834,0.0003
0.02334967441856861,31,1110000,375.0247,0.09,100.0,34831,11100,277296,23.081610798835754,0.04229586408473551,3.078072238713503,-213.1322727203369,0.0003
0.02335130237042904,31,1110400,376.20117,0.09,100.0,34841,11104,277392,21.71750295162201,0.04230163851752877,-0.8304112330079079,-213.02300357818604,0.0003
0.023351235315203667,31,1110800,374.61703,0.09,100.0,34853,11108,277504,21.057934522628784,0.042235895758494735,1.277034230530262,-212.97492218017578,0.0003
0.023351158946752548,31,1111200,376.88446,0.11,100.0,34863,11112,277600,19.457515835762024,0.04213455109857023,1.7155181989073753,-212.30772972106934,0.0003
0.023355934768915176,31,1111600,378.026,0.12,100.0,34875,11116,277696,19.441044986248016,0.04214749881066382,-1.200094660744071,-212.9889554977417,0.0003
0.02336106263101101,31,1112000,378.45636,0.11,100.0,34887,11120,277792,21.28206479549408,0.04198629967868328,-5.078901465982199,-212.68791007995605,0.0003
0.023360036313533783,31,1112400,379.3704,0.12,100.0,34901,11124,277904,17.523606657981873,0.04188930080272257,-0.5480702463537455,-212.4200563430786,0.0003
0.023359866812825203,31,1112800,380.15454,0.12,100.0,34912,11128,278000,22.17973506450653,0.04171528131701052,-0.2531761545687914,-212.81153011322021,0.0003
0.023358743637800217,31,1113200,380.98624,0.12,100.0,34923,11132,278096,20.223410606384277,0.04159889998845756,-2.0145363910123706,-212.04189109802246,0.0003
0.023358087986707687,31,1113600,382.43668,0.12,100.0,34937,11136,278192,18.754926443099976,0.041446407325565815,1.0542894266545773,-212.2723150253296,0.0003
0.023357989266514778,31,1114000,383.3751,0.12,100.0,34950,11140,278304,20.03254461288452,0.04132910259068012,-0.4649486094713211,-213.3704376220703,0.0003
0.023358099162578583,31,1114400,382.9308,0.12,100.0,34961,11144,278400,23.666427195072174,0.04131858702749014,5.97064371779561,-212.4728021621704,0.0003
0.02336377277970314,31,1114800,384.21594,0.12,100.0,34972,11148,278496,25.98878586292267,0.04196702362969518,1.5525559578090906,-213.71311569213867,0.0003
0.023355474695563316,31,1115200,382.916,0.12,100.0,34983,11152,278592,19.976738452911377,0.041539924684911966,-2.1011943109333515,-213.22149848937988,0.0003
0.023353291675448418,31,1115600,382.52188,0.12,100.0,34996,11156,278704,22.76146763563156,0.042029541451483965,-1.722776871174574,-212.60698223114014,0.0003
0.02335316129028797,31,1116000,381.8634,0.13,100.0,35008,11160,278800,18.95055890083313,0.04241391271352768,-0.8689139662310481,-211.92920589447021,0.0003
0.023346608504652977,31,1116400,382.74988,0.13,100.0,35019,11164,278896,21.437991440296173,0.04263739078305662,-0.2325285989791155,-212.31843280792236,0.0003
0.023342883214354515,31,1116800,379.8976,0.12,100.0,35030,11168,278992,19.627061426639557,0.04274282604455948,1.8650197833776474,-211.20591163635254,0.0003
0.023348744958639145,31,1117200,381.36508,0.12,100.0,35046,11172,279104,23.667509734630585,0.04349013254977763,3.3388138245791197,-211.2870454788208,0.0003
0.023357925936579704,31,1117600,381.8751,0.12,100.0,35061,11176,279200,21.638375520706177,0.04365740600042045,-3.1365262046456337,-211.69810104370117,0.0003
0.02335565909743309,31,1118000,382.73773,0.13,100.0,35072,11180,279296,21.40924060344696,0.043389087077230215,-1.9550402499735355,-210.0377960205078,0.0003
0.023354727774858475,31,1118400,384.0364,0.13,100.0,35084,11184,279392,22.153907418251038,0.04294386180117726,-0.4237292408943176,-211.37391185760498,0.0003
0.023357195779681206,31,1118800,384.576,0.13,100.0,35100,11188,279504,23.72249412536621,0.04311606870032847,-0.3512338474392891,-210.59039306640625,0.0003
0.023360224440693855,31,1119200,384.3378,0.13,100.0,35113,11192,279600,20.92611289024353,0.04302174970507622,-2.342810185626149,-209.97284603118896,0.0003
0.0233564805239439,31,1119600,382.53293,0.12,100.0,35125,11196,279696,23.112281441688538,0.04287807596847415,0.2564248964190483,-209.73367500305176,0.0003
0.023357046768069267,31,1120000,384.65567,0.12,100.0,35137,11200,279792,18.913398921489716,0.04291895590722561,-0.125428416300565,-209.24781703948975,0.0003
0.023351486772298813,31,1120400,389.6565,0.14,100.0,35151,11204,279904,26.051676869392395,0.04298595315776765,1.355693493038416,-208.8696746826172,0.0003
0.023354867473244667,31,1120800,392.3742,0.15,100.0,35161,11208,280000,23.02928137779236,0.04310458363033831,-0.9868954820558429,-208.56779098510742,0.0003
0.02335277758538723,31,1121200,390.84433,0.13,100.0,35173,11212,280096,19.95202749967575,0.04294049204327166,-0.5013199783861637,-208.52567958831787,0.0003
0.023348025977611542,31,1121600,394.30188,0.14,100.0,35187,11216,280192,20.73889195919037,0.04294414725154638,-1.5614519584923983,-208.26231384277344,0.0003
0.023343795910477638,31,1122000,392.7016,0.14,100.0,35200,11220,280304,22.27804946899414,0.04274224559776485,0.8885550275444984,-208.1383457183838,0.0003
0.02334527112543583,31,1122400,391.69324,0.14,100.0,35214,11224,280400,20.989413142204285,0.04309373092837632,-1.3445490840822458,-207.94721126556396,0.0003
0.023345747962594032,31,1122800,391.45285,0.14,100.0,35226,11228,280496,21.99873113632202,0.0426108508836478,1.1970119774341583,-209.20665740966797,0.0003
0.02334439381957054,31,1123200,393.69394,0.15,100.0,35239,11232,280592,20.828208923339844,0.04233565041795373,-0.2539900317788124,-208.49074459075928,0.0003
0.023337306454777718,31,1123600,390.79105,0.15,100.0,35251,11236,280704,21.461809813976288,0.042304591508582234,0.8925690855830908,-207.6169376373291,0.0003
0.02333524450659752,31,1124000,394.6795,0.16,100.0,35265,11240,280800,18.68770307302475,0.042174888076260686,1.935292825102806,-207.47360610961914,0.0003
0.023332787677645683,31,1124400,395.1278,0.17,100.0,35277,11244,280896,19.558565378189087,0.042079293401911855,-0.5752727650105953,-208.09925937652588,0.0003
0.023332562297582626,31,1124800,396.7105,0.18,100.0,35288,11248,280992,22.730956554412842,0.04192472668364644,-1.918599620461464,-208.3704195022583,0.0003
0.023326275870203972,31,1125200,396.4814,0.17,100.0,35300,11252,281104,23.174304604530334,0.041453569661825895,-1.6640295535326004,-207.82470035552979,0.0003
0.02332397736608982,31,1125600,393.05496,0.15,100.0,35312,11256,281200,25.940777003765106,0.041304501704871655,1.9236402790993452,-208.51901054382324,0.0003
0.023319054394960403,31,1126000,393.67188,0.15,100.0,35324,11260,281296,22.988145530223846,0.04166222759522498,1.8011223077774048,-208.21405410766602,0.0003
0.023320462554693222,31,1126400,393.77405,0.15,100.0,35335,11264,281392,19.45232105255127,0.04169202479533851,-0.12699787132441998,-207.76671028137207,0.0003
0.023317892104387283,31,1126800,394.52457,0.15,100.0,35348,11268,281504,21.018660306930542,0.04133879276923835,-3.200455792248249,-207.60022068023682,0.0003
0.023310381919145584,31,1127200,393.30383,0.15,100.0,35361,11272,281600,23.78945952653885,0.04083772236481309,-0.35184893384575844,-207.88301181793213,0.0003
0.023310696706175804,31,1127600,396.1646,0.15,100.0,35374,11276,281696,21.329047858715057,0.04099269746802747,-0.9056748207658529,-206.89296627044678,0.0003
0.02331591583788395,31,1128000,396.2093,0.15,100.0,35385,11280,281792,19.405743956565857,0.041161452420055866,1.3215133417397738,-207.25195789337158,0.0003
0.023318909108638763,31,1128400,399.75302,0.16,100.0,35400,11284,281904,18.748133301734924,0.040958771016448736,-1.350743679329753,-207.5624942779541,0.0003
0.023318465799093246,31,1128800,402.96155,0.17,100.0,35414,11288,282000,26.37470406293869,0.04061343218199909,-2.5361882355064154,-207.43831062316895,0.0003
0.02331852726638317,31,1129200,402.22766,0.17,100.0,35424,11292,282096,25.138113141059875,0.04053669539280236,-1.6962753618136048,-207.8300905227661,0.0003
0.02332090400159359,31,1129600,401.1567,0.17,100.0,35436,11296,282192,23.133845925331116,0.041393905179575086,10.564314886927605,-207.2351417541504,0.0003
0.02333199419081211,31,1130000,400.56323,0.18,100.0,35449,11300,282304,30.284122347831726,0.04235727968625724,-1.7247471082955599,-206.9792718887329,0.0003
0.023332085460424423,31,1130400,390.85654,0.16,100.0,35459,11304,282400,24.645315885543823,0.04243160015903413,-0.013960080221295357,-208.54887199401855,0.0003
0.023336956277489662,31,1130800,389.2286,0.15,100.0,35470,11308,282496,22.93103390932083,0.043151766527444124,0.11285382881760597,-208.3755226135254,0.0003
0.02333938330411911,31,1131200,390.21805,0.15,100.0,35485,11312,282592,33.14757680892944,0.04338460904546082,5.893717043101788,-207.8780288696289,0.0003
0.02334023453295231,31,1131600,384.95642,0.13,100.0,35497,11316,282704,34.88048446178436,0.0454173288308084,2.2052464485168457,-209.17023086547852,0.0003
0.023345109075307846,31,1132000,383.47556,0.13,100.0,35507,11320,282800,28.377354383468628,0.04646311514079571,2.3346366696059704,-210.0214614868164,0.0003
0.02335267886519432,31,1132400,383.10403,0.12,100.0,35518,11324,282896,22.840079426765442,0.04655957641080022,-0.5821617431938648,-210.29579639434814,0.0003
0.0233561210334301,31,1132800,382.48254,0.11,100.0,35530,11328,282992,26.465244710445404,0.046263987896963954,0.32868906296789646,-210.26235103607178,0.0003
0.023360850289463997,31,1133200,383.72128,0.11,100.0,35544,11332,283104,27.40321111679077,0.04616107698529959,-3.225053958594799,-210.09556770324707,0.0003
0.023358721286058426,31,1133600,386.11026,0.11,100.0,35554,11336,283200,20.899938583374023,0.04542930377647281,-2.1553818294778466,-210.09000396728516,0.0003
0.023363022133708,31,1134000,381.5531,0.1,100.0,35565,11340,283296,21.013207376003265,0.04531478602439165,-0.5274955071508884,-210.46951389312744,0.0003
0.023364761844277382,31,1134400,385.12915,0.11,100.0,35580,11344,283392,23.149803161621094,0.04499685508199036,0.29148055240511894,-211.49999237060547,0.0003
0.023360665887594223,31,1134800,383.5547,0.1,100.0,35596,11348,283504,22.504129111766815,0.044353636214509606,-3.0863980762660503,-211.77042388916016,0.0003
0.023361077532172203,31,1135200,383.65665,0.1,100.0,35609,11352,283600,24.759986519813538,0.043995764805004,-0.3685454111546278,-211.39093112945557,0.0003
0.023365814238786697,31,1135600,385.59192,0.1,100.0,35624,11356,283696,24.00225591659546,0.043729383032768965,-1.7004560753703117,-210.11507415771484,0.0003
0.02336219698190689,31,1136000,388.5214,0.1,100.0,35638,11360,283792,26.31083059310913,0.04294895031489432,-3.1354236751794815,-211.76865768432617,0.0003
0.023365763947367668,31,1136400,389.23828,0.1,100.0,35650,11364,283904,24.075941801071167,0.042677252320572734,-1.304333133623004,-211.72976303100586,0.0003
0.02336638793349266,31,1136800,391.1775,0.11,100.0,35662,11368,284000,20.91933786869049,0.042501174844801426,-0.8667658008635044,-210.50734424591064,0.0003
0.023365195840597153,31,1137200,391.4881,0.11,100.0,35676,11372,284096,21.639944195747375,0.042074355529621243,1.2974861524999142,-210.94990825653076,0.0003
0.02336558885872364,31,1137600,393.39716,0.13,100.0,35693,11376,284192,23.204562842845917,0.04211306106299162,-1.9984736889600754,-211.22232913970947,0.0003
0.023365860804915428,31,1138000,392.69864,0.12,100.0,35705,11380,284304,23.499776601791382,0.0419405905995518,0.9474158585071564,-210.3217601776123,0.0003
0.02336176484823227,31,1138400,392.0324,0.12,100.0,35715,11384,284400,24.08739483356476,0.041754717007279396,1.60478391405195,-210.38849639892578,0.0003
0.023365074768662453,31,1138800,388.80423,0.11,100.0,35728,11388,284496,28.660069584846497,0.04224779782816768,9.500024572014809,-212.17924118041992,0.0003
0.02335573546588421,31,1139200,385.42,0.11,100.0,35743,11392,284592,29.635513305664062,0.04377368884161115,6.8164961859583855,-210.76511478424072,0.0003
0.023359529674053192,31,1139600,382.87216,0.11,100.0,35755,11396,284704,28.679096937179565,0.04531341325491667,1.7947627948597074,-212.6655330657959,0.0003
0.023362677544355392,31,1140000,380.23438,0.1,100.0,35765,11400,284800,27.194817185401917,0.045681791147217155,3.380905721336603,-213.29570388793945,0.0003
0.023371834307909012,31,1140400,385.4584,0.1,100.0,35775,11404,284896,22.34780752658844,0.045699062990024686,-1.6598040591925383,-212.98083209991455,0.0003
0.023375296965241432,31,1140800,384.3906,0.1,100.0,35787,11408,284992,21.2630597949028,0.045322857797145844,-1.472041267901659,-212.4383306503296,0.0003
0.02337559312582016,31,1141200,384.62384,0.11,100.0,35802,11412,285104,25.371081590652466,0.044902625726535916,-1.4084744676947594,-212.8627529144287,0.0003
0.023376118391752243,31,1141600,386.2874,0.11,100.0,35815,11416,285200,20.818731784820557,0.04468851932324469,-1.326394585892558,-212.75227165222168,0.0003
0.023376787081360817,31,1142000,389.1331,0.11,100.0,35826,11420,285296,21.59893000125885,0.04444761062040925,-1.0221710922196507,-212.88138961791992,0.0003
0.023376589640975,31,1142400,389.07886,0.11,100.0,35838,11424,285392,25.614555776119232,0.04395002848468721,-2.4436263032257557,-213.2993221282959,0.0003
0.023372378200292587,31,1142800,390.69577,0.12,100.0,35851,11428,285504,23.111555755138397,0.04338698834180832,-2.731808092445135,-213.30191612243652,0.0003
0.023370224982500076,31,1143200,388.30038,0.12,100.0,35866,11432,285600,24.530341506004333,0.04349475237540901,0.32803406566381454,-212.90296268463135,0.0003
0.023369435220956802,31,1143600,386.40472,0.12,100.0,35877,11436,285696,25.005479216575623,0.043108412995934486,-3.1602163407951593,-213.51237201690674,0.0003
0.023369453847408295,31,1144000,386.5008,0.12,100.0,35889,11440,285792,22.004431009292603,0.04270130069926381,0.36439207941293716,-212.94672966003418,0.0003
0.02337229996919632,31,1144400,384.87784,0.12,100.0,35904,11444,285904,23.58289933204651,0.042367286747321486,-1.645363513380289,-212.421142578125,0.0003
0.02336714416742325,31,1144800,384.2464,0.12,100.0,35916,11448,286000,22.135830223560333,0.04192817071452737,-3.314645189791918,-212.7086534500122,0.0003
0.023366780951619148,31,1145200,380.46402,0.11,100.0,35927,11452,286096,21.05675882101059,0.04169177683070302,-2.501924218609929,-213.0593376159668,0.0003
0.02336885780096054,31,1145600,382.50766,0.12,100.0,35941,11456,286192,21.219747602939606,0.04139895457774401,-0.09027992561459541,-213.63025283813477,0.0003
0.023364698514342308,31,1146000,382.83566,0.12,100.0,35958,11460,286304,21.74918282032013,0.04132709512487054,-1.043221915140748,-213.22461891174316,0.0003
0.023360751569271088,31,1146400,386.24466,0.14,100.0,35970,11464,286400,22.927468717098236,0.04090223996900022,1.1664024014025927,-212.43312644958496,0.0003
0.023361332714557648,31,1146800,384.06845,0.14,100.0,35984,11468,286496,24.346558213233948,0.040957660181447864,-0.26259589940309525,-212.1750249862671,0.0003
0.02335897460579872,31,1147200,381.715,0.14,100.0,35996,11472,286592,24.129320979118347,0.04162729997187853,1.7224058732390404,-212.59025859832764,0.0003
0.023362386971712112,31,1147600,379.78625,0.13,100.0,36010,11476,286704,27.265326023101807,0.04178983345627785,-1.0360360946506262,-212.68644332885742,0.0003
0.023357195779681206,31,1148000,383.35995,0.14,100.0,36023,11480,286800,18.7210955619812,0.0413740212097764,-0.23358293995261192,-213.4665184020996,0.0003
0.0233568474650383,31,1148400,380.61862,0.13,100.0,36034,11484,286896,20.96360671520233,0.041208765702322125,-2.0651051346212626,-213.68460273742676,0.0003
0.023350771516561508,31,1148800,379.79825,0.14,100.0,36045,11488,286992,22.24137592315674,0.04081351263448596,-2.034868225455284,-213.7643117904663,0.0003
0.023348907008767128,31,1149200,384.34277,0.15,100.0,36059,11492,287104,22.398354172706604,0.04077454563230276,0.3683504704385996,-212.1715841293335,0.0003
0.023347163572907448,31,1149600,387.46497,0.15,100.0,36071,11496,287200,28.483397006988525,0.040824329014867544,0.4074460119009018,-213.22459411621094,0.0003
0.023339280858635902,31,1150000,392.65628,0.16,100.0,36084,11500,287296,21.301039040088654,0.04081229423172772,4.530539961531758,-213.05212211608887,0.0003
0.02333531714975834,31,1150400,392.12766,0.16,100.0,36095,11504,287392,26.232568740844727,0.0411976114846766,2.2803207067772746,-212.9610195159912,0.0003
0.023343471810221672,31,1150800,396.9925,0.17,100.0,36109,11508,287504,23.456889510154724,0.04146519536152482,-1.1843029279261827,-213.803879737854,0.0003
0.023336617276072502,31,1151200,395.78476,0.16,100.0,36119,11512,287600,20.337704956531525,0.04119822941720486,-0.06051104702055454,-213.66571807861328,0.0003
0.023336799815297127,31,1151600,395.14005,0.16,100.0,36130,11516,287696,20.438900649547577,0.0407788020092994,-1.0915512843057513,-212.7681703567505,0.0003
0.023336730897426605,31,1152000,398.84277,0.17,100.0,36143,11520,287792,24.19696044921875,0.04053688747808337,-1.8948277942836285,-213.38019180297852,0.0003
0.023340830579400063,31,1152400,401.0966,0.18,100.0,36158,11524,287904,20.630088210105896,0.04017333290539682,0.3868657015264034,-213.8050594329834,0.0003
0.023338396102190018,31,1152800,397.39743,0.17,100.0,36170,11528,288000,22.322173237800598,0.03991062636487186,-0.42787421494722366,-212.60976028442383,0.0003
0.023331256583333015,31,1153200,398.08905,0.17,100.0,36181,11532,288096,20.58821976184845,0.039511230075731874,0.2593562789261341,-212.44393825531006,0.0003
0.023329967632889748,31,1153600,400.83066,0.18,100.0,36192,11536,288192,21.419941902160645,0.03935213224031031,-0.48330208472907543,-212.56851482391357,0.0003
0.023328745737671852,31,1154000,403.7355,0.2,100.0,36205,11540,288304,23.958871960639954,0.03907671617344022,0.030252596829086542,-213.37789154052734,0.0003
0.02332601509988308,31,1154400,404.06357,0.19,100.0,36216,11544,288400,26.39169615507126,0.03889820212498307,-1.2185135558247566,-213.5289764404297,0.0003
0.023321155458688736,31,1154800,402.5372,0.18,100.0,36227,11548,288496,25.06660556793213,0.038853128207847476,1.9273214284330606,-212.38625717163086,0.0003
0.023320157080888748,31,1155200,405.26062,0.19,100.0,36238,11552,288592,25.434781670570374,0.03878117608837783,-1.9723012819886208,-213.21660041809082,0.0003
0.023321760818362236,31,1155600,404.03915,0.19,100.0,36254,11556,288704,23.207776188850403,0.03879431891255081,0.48113034665584564,-212.948016166687,0.0003
0.02332247979938984,31,1156000,405.6543,0.2,100.0,36264,11560,288800,25.0212904214859,0.038991242880001664,1.274248830974102,-213.56331825256348,0.0003
0.02331787720322609,31,1156400,402.7504,0.18,100.0,36278,11564,288896,25.63125306367874,0.03911900124512613,-0.04977446235716343,-213.9985466003418,0.0003
0.023314857855439186,31,1156800,404.21176,0.18,100.0,36289,11568,288992,24.070476531982422,0.03924305341206491,1.1690386105328798,-213.1811647415161,0.0003
0.023310575634241104,31,1157200,408.94348,0.2,100.0,36301,11572,289104,20.155080199241638,0.0389813082292676,-0.48590514436364174,-213.46124362945557,0.0003
0.023310663178563118,31,1157600,408.3791,0.2,100.0,36313,11576,289200,23.92784810066223,0.03912206762470305,0.06761344894766808,-213.90086841583252,0.0003
0.023303057998418808,31,1158000,405.24796,0.2,100.0,36328,11580,289296,21.652829885482788,0.03886243957094848,-0.6860805526375771,-213.90887451171875,0.0003
0.02330264262855053,31,1158400,410.2129,0.22,100.0,36340,11584,289392,23.698723018169403,0.03890244592912495,1.1121301632374525,-213.26482009887695,0.0003
0.023301076143980026,31,1158800,414.78238,0.23,100.0,36354,11588,289504,23.153942704200745,0.039162065368145704,-1.072886761277914,-213.6106948852539,0.0003
0.023305511102080345,31,1159200,414.64777,0.22,100.0,36366,11592,289600,24.65161395072937,0.03933106432668865,3.392239063978195,-213.72900867462158,0.0003
0.023299461230635643,31,1159600,414.20688,0.22,100.0,36379,11596,289696,23.535146474838257,0.03947250568307936,2.128242764621973,-213.54468059539795,0.0003
0.02330685220658779,31,1160000,409.6614,0.21,100.0,36391,11600,289792,22.208404541015625,0.04011265211738646,1.286605566740036,-213.47559642791748,0.0003
0.023310568183660507,31,1160400,411.6768,0.21,100.0,36406,11604,289904,22.453868091106415,0.04021403007209301,0.7282672338187695,-213.054856300354,0.0003
0.02330985851585865,31,1160800,410.88272,0.21,100.0,36417,11608,290000,25.202738046646118,0.04012755770236254,-0.4581049345433712,-213.37947273254395,0.0003
0.023308973759412766,31,1161200,414.02466,0.22,100.0,36431,11612,290096,23.57001030445099,0.04023314523510635,-0.39089068165048957,-213.2867784500122,0.0003
0.023303531110286713,31,1161600,415.50513,0.23,100.0,36444,11616,290192,19.249448478221893,0.03991104499436915,-1.153193005360663,-213.6469440460205,0.0003
0.02330056205391884,31,1162000,412.94644,0.23,100.0,36458,11620,290304,26.09031867980957,0.039754936238750815,2.0479573756456375,-212.8379020690918,0.0003
0.02330099791288376,31,1162400,414.32166,0.24,100.0,36469,11624,290400,23.462205410003662,0.040276775835081935,-0.5267997868359089,-214.29086303710938,0.0003
0.023302190005779266,31,1162800,417.41907,0.24,100.0,36482,11628,290496,23.600464463233948,0.0401013670489192,-2.8470066892914474,-213.77383995056152,0.0003
0.02329569309949875,31,1163200,418.00446,0.24,100.0,36494,11632,290592,19.872231364250183,0.03968093451112509,-2.4455539882183075,-212.84726524353027,0.0003
0.023295914754271507,31,1163600,418.63562,0.24,100.0,36508,11636,290704,18.570666074752808,0.03943247557617724,-0.38168662786483765,-212.96352767944336,0.0003
0.023292822763323784,31,1164000,418.1075,0.23,100.0,36521,11640,290800,25.55463433265686,0.03919514664448798,-2.5973856458440423,-213.44478034973145,0.0003
0.023288143798708916,31,1164400,415.44995,0.23,100.0,36534,11644,290896,22.984381794929504,0.03865092294290662,-1.6539147719740868,-212.69105625152588,0.0003
0.02328270487487316,31,1164800,417.94083,0.24,100.0,36546,11648,290992,25.228336691856384,0.03830316080711782,-0.49448923021554947,-213.8635597229004,0.0003
0.02328440360724926,31,1165200,418.55872,0.24,100.0,36559,11652,291104,21.041249632835388,0.03832500847056508,-2.069443503394723,-212.4734001159668,0.0003
0.023277951404452324,31,1165600,418.90054,0.24,100.0,36571,11656,291200,21.010512709617615,0.038116582203656435,-0.8689686022698879,-212.80438041687012,0.0003
0.023276636376976967,31,1166000,417.81302,0.23,100.0,36581,11660,291296,21.105720162391663,0.0382282929494977,-1.690121492370963,-214.17826461791992,0.0003
0.02327241376042366,31,1166400,418.65323,0.24,100.0,36593,11664,291392,21.51365375518799,0.03801210504025221,0.4843612052500248,-213.7519998550415,0.0003
0.023273516446352005,31,1166800,418.59317,0.24,100.0,36605,11668,291504,23.094054102897644,0.038422005949541926,0.5561136230826378,-213.2811517715454,0.0003
0.023270996287465096,31,1167200,415.50323,0.22,100.0,36618,11672,291600,23.77852237224579,0.0385188814252615,-2.0273433793336153,-213.62338733673096,0.0003
0.02327222377061844,31,1167600,412.73962,0.21,100.0,36630,11676,291696,22.239355862140656,0.03832115442492068,1.946594089269638,-213.43391609191895,0.0003
0.02327161841094494,31,1168000,413.89685,0.2,100.0,36642,11680,291792,18.732769668102264,0.03838844201527536,-0.25769600830972195,-213.5079803466797,0.0003
0.023266633972525597,31,1168400,412.55487,0.2,100.0,36656,11684,291904,24.892123341560364,0.03816348686814308,-1.757713608443737,-213.37330722808838,0.0003
0.023268036544322968,31,1168800,411.195,0.19,100.0,36668,11688,292000,23.20067036151886,0.03810350177809596,-3.297273362055421,-212.6597023010254,0.0003
0.023262692615389824,31,1169200,415.1511,0.2,100.0,36681,11692,292096,24.582962334156036,0.03794641839340329,0.9210105407983065,-213.2257776260376,0.0003
0.02326180413365364,31,1169600,418.19424,0.21,100.0,36694,11696,292192,24.14648938179016,0.038054418284446,0.6944756954908371,-213.56722354888916,0.0003
0.023258192464709282,31,1170000,423.05792,0.21,100.0,36707,11700,292304,26.10273790359497,0.03797854972071946,0.8557293023914099,-214.12827396392822,0.0003
0.02326461859047413,31,1170400,421.8666,0.22,100.0,36719,11704,292400,21.537582874298096,0.038056633435189724,-0.42594979517161846,-212.39702224731445,0.0003
0.02326408214867115,31,1170800,419.08984,0.21,100.0,36732,11708,292496,24.252585113048553,0.038280077977105975,2.583201803267002,-213.32488250732422,0.0003
0.02326672524213791,31,1171200,416.031,0.2,100.0,36743,11712,292592,23.22978812456131,0.038340928265824914,-0.6735849697142839,-213.00994873046875,0.0003
0.023263005539774895,31,1171600,417.39944,0.21,100.0,36758,11716,292704,28.38601064682007,0.038139979587867856,-0.13149849139153957,-213.09131717681885,0.0003
0.023263784125447273,31,1172000,421.98868,0.23,100.0,36771,11720,292800,21.083823204040527,0.038220109418034554,0.4074377790093422,-214.39398097991943,0.0003
0.023260388523340225,31,1172400,417.91443,0.21,100.0,36785,11724,292896,24.100121557712555,0.03857023548334837,3.71738332696259,-212.6231279373169,0.0003
0.023257626220583916,31,1172800,418.53003,0.22,100.0,36800,11728,292992,23.90465497970581,0.03878105478361249,-0.709979822859168,-213.26719188690186,0.0003
0.023254070430994034,31,1173200,417.42886,0.22,100.0,36816,11732,293104,25.96803379058838,0.03947146702557802,-0.19243233650922775,-213.93328380584717,0.0003
0.023254813626408577,31,1173600,416.30966,0.22,100.0,36829,11736,293200,27.066247165203094,0.039461136097088456,0.30803937278687954,-212.62580585479736,0.0003
0.023256029933691025,31,1174000,414.94757,0.21,100.0,36840,11740,293296,20.858904361724854,0.03946980950422585,-0.6947823613882065,-212.58403301239014,0.0003
0.02325494773685932,31,1174400,416.4851,0.2,100.0,36856,11744,293392,22.330401301383972,0.03943423251621425,-0.8952701091766357,-213.3873996734619,0.0003
0.023253807798027992,31,1174800,416.78693,0.2,100.0,36868,11748,293504,21.62411880493164,0.03941092197783291,-3.4292083717882633,-213.6519594192505,0.0003
0.023246053606271744,31,1175200,416.01434,0.2,100.0,36878,11752,293600,26.324054896831512,0.03887397167272866,-1.7330707982182503,-213.45298767089844,0.0003
0.02323947660624981,31,1175600,416.20114,0.2,100.0,36891,11756,293696,19.7519211769104,0.03874497301876545,1.3919575549662113,-213.28038501739502,0.0003
0.023231210187077522,31,1176000,417.1063,0.21,100.0,36903,11760,293792,25.26077115535736,0.03863239684142172,-2.4722976833581924,-212.6586618423462,0.0003
0.023230740800499916,31,1176400,416.72568,0.2,100.0,36915,11764,293904,21.659814715385437,0.03868234786204994,1.2622733656316996,-212.6481637954712,0.0003
0.0232266616076231,31,1176800,417.02032,0.19,100.0,36927,11768,294000,29.92066466808319,0.03908814676105976,1.3312913849949837,-212.77526473999023,0.0003
0.023223422467708588,31,1177200,417.24313,0.2,100.0,36938,11772,294096,22.840533137321472,0.03920284262858331,-0.7506671380251646,-213.18877601623535,0.0003
0.023221757262945175,31,1177600,422.3525,0.22,100.0,36952,11776,294192,20.09781503677368,0.03932022978551686,-2.2712088432163,-213.65289402008057,0.0003
0.023223990574479103,31,1178000,424.27054,0.23,100.0,36966,11780,294304,22.795662760734558,0.039214579155668616,-1.6457068771123886,-213.6160774230957,0.0003
0.02322026714682579,31,1178400,421.3899,0.21,100.0,36978,11784,294400,25.914182901382446,0.038739553885534406,-0.9085543528199196,-213.35034275054932,0.0003
0.02321734093129635,31,1178800,418.45038,0.2,100.0,36991,11788,294496,20.4788316488266,0.03862805967219174,-0.3966764584183693,-213.70043182373047,0.0003
0.02321687527000904,31,1179200,413.7005,0.19,100.0,37004,11792,294592,22.75998818874359,0.03859928762540221,0.9654113464057446,-213.64392566680908,0.0003
0.02321508713066578,31,1179600,413.9787,0.19,100.0,37017,11796,294704,25.66988915205002,0.03843569615855813,-1.9126651007682085,-212.91392135620117,0.0003
0.02320907451212406,31,1180000,411.989,0.21,100.0,37029,11800,294800,23.41566038131714,0.03825121372938156,1.4742629509419203,-214.6655044555664,0.0003
0.023206694051623344,31,1180400,411.58636,0.2,100.0,37040,11804,294896,24.313973248004913,0.038300519809126854,0.7613929929211736,-213.0828514099121,0.0003
0.02320285700261593,31,1180800,412.13354,0.2,100.0,37050,11808,294992,22.327892661094666,0.03820365504361689,0.4868793413043022,-213.51184368133545,0.0003
0.02320471964776516,31,1181200,414.26047,0.21,100.0,37062,11812,295104,23.356909692287445,0.03839832101948559,0.6843599453568459,-212.8400297164917,0.0003
0.02320641092956066,31,1181600,413.64722,0.2,100.0,37077,11816,295200,20.585713863372803,0.03868339955806732,1.6378704458475113,-213.6386079788208,0.0003
0.02320178970694542,31,1182000,409.34296,0.18,100.0,37093,11820,295296,28.21622920036316,0.03865215228870511,-1.7906324118375778,-213.1543951034546,0.0003
0.023199496790766716,31,1182400,410.3359,0.18,100.0,37105,11824,295392,25.87312960624695,0.03848748910240829,-1.7904406022280455,-212.7013177871704,0.0003
0.023197127506136894,31,1182800,410.32474,0.19,100.0,37117,11828,295504,23.244784355163574,0.03847601171582937,-2.51791088283062,-213.01910877227783,0.0003
0.023193808272480965,31,1183200,411.5614,0.2,100.0,37129,11832,295600,23.166697680950165,0.03843001741915941,-2.5810714848339558,-213.0722370147705,0.0003
0.023189160972833633,31,1183600,410.86087,0.19,100.0,37142,11836,295696,24.7154660820961,0.03872979572042823,0.23142144829034805,-213.0837697982788,0.0003
0.023191388696432114,31,1184000,412.9409,0.2,100.0,37153,11840,295792,23.869770526885986,0.038941738195717335,-2.5075887367129326,-213.324125289917,0.0003
0.023190291598439217,31,1184400,418.2098,0.23,100.0,37167,11844,295904,22.094301462173462,0.03875368018634617,-1.7139278873801231,-213.11092948913574,0.0003
0.023182997480034828,31,1184800,415.76886,0.22,100.0,37178,11848,296000,22.422632813453674,0.03855208377353847,0.4989188630133867,-213.1610565185547,0.0003
0.023184236139059067,31,1185200,414.59796,0.21,100.0,37190,11852,296096,26.74076235294342,0.03850307920947671,-0.24551071971654892,-212.8300952911377,0.0003
0.02318159118294716,31,1185600,411.9116,0.2,100.0,37202,11856,296192,23.705750823020935,0.038525703363120556,-2.146060425788164,-212.9052906036377,0.0003
0.023183513432741165,31,1186000,405.43085,0.18,100.0,37213,11860,296304,25.54466426372528,0.038313933880999684,-1.4759878292679787,-213.03975582122803,0.0003
0.02318418212234974,31,1186400,405.67896,0.18,100.0,37225,11864,296400,22.144926071166992,0.038212464889511466,-0.32379536889493465,-212.5539321899414,0.0003
0.023173876106739044,31,1186800,402.27927,0.18,100.0,37238,11868,296496,21.161766469478607,0.03802869166247547,0.1518339365720749,-213.10761642456055,0.0003
0.023177405819296837,31,1187200,403.75638,0.17,100.0,37253,11872,296592,21.050950288772583,0.03825787780806422,0.34201765060424805,-212.2517547607422,0.0003
0.023177573457360268,31,1187600,399.17923,0.15,100.0,37266,11876,296704,22.559815526008606,0.03802448813803494,1.4904161654412746,-212.3949213027954,0.0003
0.023182442411780357,31,1188000,396.1803,0.14,100.0,37279,11880,296800,19.821202337741852,0.038032823242247105,-0.08340479573234916,-212.59331798553467,0.0003
0.023177603259682655,31,1188400,398.0889,0.15,100.0,37290,11884,296896,23.56888782978058,0.03776557557284832,-1.6582563910633326,-212.11573886871338,0.0003
0.023179499432444572,31,1188800,398.6929,0.15,100.0,37303,11888,296992,21.312154412269592,0.03770316019654274,0.8670697137713432,-212.8576536178589,0.0003
0.02317103184759617,31,1189200,395.19327,0.15,100.0,37315,11892,297104,22.46593403816223,0.037490227026864886,-0.26030129939317703,-212.34014415740967,0.0003
0.023170294240117073,31,1189600,393.52985,0.15,100.0,37327,11896,297200,19.035586416721344,0.03744967561215162,-2.300896981731057,-211.75335597991943,0.0003
0.023174811154603958,31,1190000,388.36096,0.13,100.0,37338,11900,297296,22.95476520061493,0.03756768302991986,-1.1561144888401031,-212.62818241119385,0.0003
0.023173069581389427,31,1190400,389.66864,0.14,100.0,37352,11904,297392,23.969460606575012,0.03751459065824747,2.1755088195204735,-211.4163293838501,0.0003
0.023176142945885658,31,1190800,391.40482,0.16,100.0,37367,11908,297504,18.553264915943146,0.03785152570344508,-0.13010089099407196,-212.13733386993408,0.0003
0.023176560178399086,31,1191200,390.28134,0.16,100.0,37378,11912,297600,23.835460901260376,0.03783451346680522,-0.4456220343708992,-211.6920928955078,0.0003
0.023171795532107353,31,1191600,388.8864,0.16,100.0,37390,11916,297696,22.58817321062088,0.03772080293856561,1.704747585579753,-211.6574993133545,0.0003
0.023175936192274094,31,1192000,386.9699,0.15,100.0,37401,11920,297792,24.82672756910324,0.0381074829492718,-0.925252940505743,-211.64968299865723,0.0003
0.023172054439783096,31,1192400,388.91965,0.16,100.0,37413,11924,297904,22.675237953662872,0.03768030786886811,-1.3654766138643026,-211.86904525756836,0.0003
0.023170383647084236,31,1192800,387.1043,0.15,100.0,37425,11928,298000,24.838558554649353,0.03767510945908725,-1.0865083672106266,-211.6295862197876,0.0003
0.02316882833838463,31,1193200,383.7814,0.13,100.0,37435,11932,298096,24.0582377910614,0.03752245381474495,-0.22386113181710243,-211.72981929779053,0.0003
0.023162711411714554,31,1193600,381.60104,0.13,100.0,37448,11936,298192,22.5508770942688,0.03752245055511594,3.626995876431465,-211.58903980255127,0.0003
0.02316671796143055,31,1194000,378.40817,0.12,100.0,37464,11940,298304,20.802124500274658,0.037780868355184793,-1.6461921744048595,-211.34093856811523,0.0003
0.023169033229351044,31,1194400,372.42136,0.1,100.0,37476,11944,298400,26.580373764038086,0.037953379563987255,0.025801210664212704,-211.9459581375122,0.0003
0.023162847384810448,31,1194800,372.64758,0.1,100.0,37487,11948,298496,23.3036407828331,0.037915586261078715,1.7701881676912308,-210.8939790725708,0.0003
0.023161182180047035,31,1195200,375.50378,0.12,100.0,37500,11952,298592,18.509385585784912,0.037821616511791945,-2.3662119042128325,-210.6379804611206,0.0003
0.023153075948357582,31,1195600,376.59915,0.12,100.0,37512,11956,298704,21.520877480506897,0.037536606192588806,3.0849573612213135,-211.80293464660645,0.0003
0.023154255002737045,31,1196000,382.6981,0.14,100.0,37525,11960,298800,18.61397409439087,0.037657806649804115,0.24076467007398605,-211.11868953704834,0.0003
0.023154275491833687,31,1196400,384.68552,0.15,100.0,37539,11964,298896,22.1302170753479,0.037598334020003676,-0.49804171547293663,-210.78928184509277,0.0003
0.023155303671956062,31,1196800,387.3625,0.15,100.0,37554,11968,298992,21.40567398071289,0.03756012860685587,-0.1723022498190403,-210.27437019348145,0.0003
0.023154448717832565,31,1197200,384.86423,0.15,100.0,37566,11972,299104,24.584561347961426,0.03741119313053787,0.2861126773059368,-210.7168951034546,0.0003
0.023151228204369545,31,1197600,385.55493,0.15,100.0,37576,11976,299200,23.052039623260498,0.03705192497000098,-1.2399180606007576,-211.11975765228271,0.0003
0.023145591840147972,31,1198000,389.9678,0.17,100.0,37590,11980,299296,25.281782627105713,0.03674078895710409,1.1988029517233372,-211.72476768493652,0.0003
0.02315085008740425,31,1198400,388.40482,0.16,100.0,37603,11984,299392,24.3059179186821,0.03694253461435437,-0.4030429869890213,-211.06481552124023,0.0003
0.023144785314798355,31,1198800,389.46796,0.16,100.0,37620,11988,299504,20.396105349063873,0.03648866759613156,-1.2913268227130175,-209.6097640991211,0.0003
0.023140115663409233,31,1199200,395.874,0.17,100.0,37632,11992,299600,24.58652436733246,0.03628923092037439,1.6934173498302698,-210.3745584487915,0.0003
0.023139694705605507,31,1199600,396.78323,0.18,100.0,37647,11996,299696,22.57737374305725,0.03640180919319391,1.7396966572850943,-211.18478393554688,0.0003
0.023137936368584633,31,1200000,399.53738,0.18,100.0,37661,12000,299792,23.119616627693176,0.03649667068384588,-1.2406987305730581,-211.31993198394775,0.0003
0.023136373609304428,31,1200400,399.57327,0.18,100.0,37676,12004,299904,25.641260981559753,0.036590457893908024,1.1034077182412148,-210.28225994110107,0.0003
0.023140328004956245,31,1200800,399.75977,0.17,100.0,37690,12008,300000,22.487741231918335,0.03669892926700413,0.9622591361403465,-210.47039127349854,0.0003
0.02314135618507862,31,1201200,399.64703,0.16,100.0,37700,12012,300096,24.810478448867798,0.03706109384074807,-0.9549343697726727,-210.45514488220215,0.0003
0.023142943158745766,31,1201600,399.56723,0.16,100.0,37714,12016,300192,26.995076894760132,0.037079003639519215,0.715444028377533,-209.98395442962646,0.0003
0.023139240220189095,31,1202000,400.92862,0.17,100.0,37727,12020,300304,21.110122799873352,0.037069081561639905,0.2463682210072875,-210.37471294403076,0.0003
0.023137260228395462,31,1202400,399.35434,0.16,100.0,37739,12024,300400,22.197582364082336,0.037124367197975516,1.1044386811554432,-210.5191240310669,0.0003
0.023136327043175697,31,1202800,402.57166,0.17,100.0,37753,12028,300496,25.174580335617065,0.037221354665234685,0.2787756025791168,-210.49159622192383,0.0003
0.023134104907512665,31,1203200,406.07092,0.19,100.0,37764,12032,300592,22.039222300052643,0.037033481523394585,0.10354821477085352,-210.6905641555786,0.0003
0.02313818410038948,31,1203600,408.84045,0.19,100.0,37778,12036,300704,23.597932875156403,0.036990602035075426,-0.5633065439760685,-210.29388427734375,0.0003
0.023138975724577904,31,1204000,413.42227,0.21,100.0,37792,12040,300800,20.537257969379425,0.03680124250240624,-0.2532232888042927,-210.13814163208008,0.0003
0.023137489333748817,31,1204400,412.716,0.21,100.0,37806,12044,300896,17.69470566511154,0.03659807634539902,-4.1796418614685535,-209.3705358505249,0.0003
0.023128962144255638,31,1204800,413.34802,0.21,100.0,37819,12048,300992,24.611321568489075,0.036169488215819,0.7598255146294832,-210.69491386413574,0.0003
0.023124808445572853,31,1205200,409.84985,0.19,100.0,37834,12052,301104,22.50194424390793,0.035891092382371426,-2.5398758482187986,-209.31047248840332,0.0003
0.023120002821087837,31,1205600,411.4266,0.2,100.0,37845,12056,301200,23.15388822555542,0.035768336383625865,-0.9757765233516693,-209.36049365997314,0.0003
0.023120930418372154,31,1206000,408.90024,0.18,100.0,37858,12060,301296,24.777445077896118,0.03577529080212116,-2.6191771123558283,-209.41552543640137,0.0003
0.023120425641536713,31,1206400,408.90128,0.18,100.0,37870,12064,301392,24.984470427036285,0.03573082434013486,1.2856514193117619,-210.16549396514893,0.0003
0.023127906024456024,31,1206800,411.12,0.2,100.0,37885,12068,301504,22.27489972114563,0.03619582834653556,-1.1094960495829582,-210.53863620758057,0.0003
0.02312166802585125,31,1207200,411.70102,0.2,100.0,37899,12072,301600,24.023397266864777,0.035909184254705906,1.2439552061259747,-210.1427993774414,0.0003
0.023119602352380753,31,1207600,410.34818,0.2,100.0,37911,12076,301696,23.243337035179138,0.03606276912614703,-0.5653958953917027,-210.33572673797607,0.0003
0.023115094751119614,31,1208000,408.87753,0.19,100.0,37925,12080,301792,21.66078233718872,0.03609110042452812,-0.10299682058393955,-210.0543441772461,0.0003
0.023115249350667,31,1208400,410.46332,0.2,100.0,37937,12084,301904,25.968842148780823,0.03638022183440626,1.1607873179018497,-209.64816093444824,0.0003
0.023110713809728622,31,1208800,412.9226,0.21,100.0,37950,12088,302000,25.07879662513733,0.036210274789482355,1.7885479964315891,-209.86984825134277,0.0003
0.023116206750273705,31,1209200,413.79065,0.22,100.0,37965,12092,302096,22.83846253156662,0.03629123070277274,-0.1691151261329651,-210.4408073425293,0.0003
0.023120170459151268,31,1209600,411.32706,0.2,100.0,37977,12096,302192,24.59791511297226,0.03653232753276825,2.85644656047225,-210.4635524749756,0.0003
0.023120280355215073,31,1210000,411.7886,0.2,100.0,37991,12100,302304,24.126923859119415,0.03687453083693981,-0.5465768808498979,-208.88484382629395,0.0003
0.023117145523428917,31,1210400,418.16434,0.22,100.0,38004,12104,302400,24.28987890481949,0.03675283771008253,0.44049367494881153,-209.96536540985107,0.0003
0.023117778822779655,31,1210800,417.8375,0.21,100.0,38017,12108,302496,22.253036856651306,0.036885225446894765,4.511950623244047,-210.25832271575928,0.0003
0.023117827251553535,31,1211200,417.1923,0.21,100.0,38029,12112,302592,27.403823614120483,0.03758606337942183,3.761850345879793,-209.86836338043213,0.0003
0.023120621219277382,31,1211600,418.57608,0.21,100.0,38046,12116,302704,25.13874661922455,0.03796155680902302,-0.7098718173801899,-209.69494342803955,0.0003
0.023120472207665443,31,1212000,416.518,0.21,100.0,38056,12120,302800,22.52724277973175,0.03806197876110673,0.7215428184717894,-209.87957763671875,0.0003
0.023125821724534035,31,1212400,418.75546,0.23,100.0,38067,12124,302896,21.21955019235611,0.0381872842554003,0.6557610966265202,-210.54983711242676,0.0003
0.02312682382762432,31,1212800,418.36047,0.23,100.0,38082,12128,302992,23.44777774810791,0.03823947533965111,-1.0536505542695522,-209.84280109405518,0.0003
0.02312234230339527,31,1213200,418.0757,0.22,100.0,38097,12132,303104,27.476497292518616,0.03825105796568096,2.3180502727627754,-210.3869924545288,0.0003
0.023130055516958237,31,1213600,418.2334,0.22,100.0,38109,12136,303200,22.662465810775757,0.03917475254274905,2.8569817394018173,-209.73491096496582,0.0003
0.02313670702278614,31,1214000,413.0672,0.2,100.0,38120,12140,303296,20.43889230489731,0.03915309067815542,-0.9433580935001373,-209.94107627868652,0.0003
0.02313421107828617,31,1214400,416.3037,0.2,100.0,38134,12144,303392,22.693121433258057,0.03873682511039078,-3.1856075078248978,-210.79998016357422,0.0003
0.023126846179366112,31,1214800,414.16977,0.2,100.0,38149,12148,303504,21.674089312553406,0.03819855791516602,-0.7957486063241959,-209.43270111083984,0.0003
0.02312604896724224,31,1215200,414.27957,0.2,100.0,38162,12152,303600,23.82253485918045,0.03814621455967426,-0.598506722599268,-209.47716331481934,0.0003
0.02312883362174034,31,1215600,413.75067,0.2,100.0,38173,12156,303696,22.125431656837463,0.03790740272961557,-1.105636302381754,-210.16511631011963,0.0003
0.02312975749373436,31,1216000,412.41687,0.21,100.0,38184,12160,303792,25.142576336860657,0.03786995867267251,-0.1112621109932661,-209.50304794311523,0.0003
0.0231346245855093,31,1216400,414.3322,0.21,100.0,38199,12164,303904,22.718835473060608,0.03775702090933919,-0.13552768528461456,-210.54282093048096,0.0003
0.023137886077165604,31,1216800,413.1028,0.2,100.0,38214,12168,304000,23.22530710697174,0.03791709477081895,-0.16106277890503407,-208.93172931671143,0.0003
0.023136340081691742,31,1217200,413.75433,0.2,100.0,38227,12172,304096,21.40550398826599,0.03763585607521236,1.1605688408017159,-209.84775924682617,0.0003
0.02313532680273056,31,1217600,414.51212,0.2,100.0,38239,12176,304192,28.84669542312622,0.037636977853253484,0.4508097469806671,-209.7184238433838,0.0003
0.023142347112298012,31,1218000,414.08008,0.22,100.0,38254,12180,304304,24.25593674182892,0.03793809376657009,0.427937388420105,-209.83445358276367,0.0003
0.023147989064455032,31,1218400,414.7086,0.23,100.0,38269,12184,304400,22.522090315818787,0.037923391442745924,-0.3549872748553753,-209.2950897216797,0.0003
0.023142479360103607,31,1218800,410.4008,0.22,100.0,38280,12188,304496,24.544574081897736,0.037591278087347746,-0.20064578764140606,-209.2444725036621,0.0003
0.023138726130127907,31,1219200,407.2674,0.2,100.0,38293,12192,304592,22.01995986700058,0.03748565469868481,-1.6155175231397152,-209.80058479309082,0.0003
0.023136025294661522,31,1219600,406.58383,0.2,100.0,38305,12196,304704,27.326693177223206,0.037322539603337646,0.4740871675312519,-209.57424545288086,0.0003
0.02314017154276371,31,1220000,406.589,0.2,100.0,38318,12200,304800,21.766698837280273,0.03754764446057379,2.363585171289742,-209.9744529724121,0.0003
0.023138081654906273,31,1220400,404.67896,0.19,100.0,38330,12204,304896,20.882863521575928,0.03743424126878381,-0.6536236293613911,-209.869291305542,0.0003
0.02313566394150257,31,1220800,403.08984,0.2,100.0,38342,12208,304992,23.253036975860596,0.03733100229874253,0.33305724896490574,-210.1654233932495,0.0003
0.023136867210268974,31,1221200,405.89066,0.22,100.0,38356,12212,305104,23.301623940467834,0.037311850348487496,0.46849042922258377,-210.26390266418457,0.0003
0.023140115663409233,31,1221600,402.75333,0.21,100.0,38367,12216,305200,24.86665904521942,0.0374400201253593,-1.5697409361600876,-209.84183406829834,0.0003
0.023142123594880104,31,1222000,402.0896,0.2,100.0,38378,12220,305296,20.448035299777985,0.03729385929182172,-0.6907396875321865,-209.79422855377197,0.0003
0.023143650963902473,31,1222400,400.4279,0.19,100.0,38392,12224,305392,22.670410633087158,0.0369063566904515,0.6291721723973751,-208.97434616088867,0.0003
0.02314581349492073,31,1222800,396.83972,0.17,100.0,38406,12228,305504,23.950185775756836,0.03685552999377251,0.38478996604681015,-209.7969627380371,0.0003
0.023147253319621086,31,1223200,396.17075,0.17,100.0,38417,12232,305600,22.09348577260971,0.03718749759718776,-3.4494871608912945,-210.1601037979126,0.0003
0.02314496599137783,31,1223600,395.4609,0.17,100.0,38429,12236,305696,22.30839431285858,0.036967806750908494,1.4733137339353561,-209.53690242767334,0.0003
0.02315078303217888,31,1224000,395.17978,0.17,100.0,38444,12240,305792,22.82332742214203,0.0369475434999913,-1.2994925491511822,-209.5350103378296,0.0003
0.023152939975261688,31,1224400,396.40616,0.18,100.0,38458,12244,305904,23.570912837982178,0.036752050276845694,-1.3327445425093174,-208.8098659515381,0.0003
0.023151535540819168,31,1224800,400.45844,0.19,100.0,38469,12248,306000,24.990147471427917,0.03667964180931449,-1.067138871178031,-210.03594779968262,0.0003
0.023153986781835556,31,1225200,401.52112,0.19,100.0,38483,12252,306096,22.561781108379364,0.036681079072877765,-1.6798012647777796,-208.19005680084229,0.0003
0.02315438725054264,31,1225600,400.9288,0.18,100.0,38493,12256,306192,25.609217524528503,0.03658100520260632,-2.1054762061685324,-209.45796394348145,0.0003
0.023149384185671806,31,1226000,400.72546,0.17,100.0,38508,12260,306304,21.42457950115204,0.036602801410481334,-0.3538171397522092,-208.43149089813232,0.0003
0.02315860241651535,31,1226400,395.46497,0.16,100.0,38521,12264,306400,25.734094262123108,0.03701034630648792,1.3743494134396315,-208.85058879852295,0.0003
0.023159343749284744,31,1226800,396.03543,0.15,100.0,38531,12268,306496,23.406010627746582,0.037245358573272824,3.3417764864861965,-208.8217420578003,0.0003
0.023167790845036507,31,1227200,393.89072,0.15,100.0,38542,12272,306592,19.679853439331055,0.037835932103917,0.14908751472830772,-209.67326259613037,0.0003
0.023167530074715614,31,1227600,396.05542,0.15,100.0,38556,12276,306704,22.913609623908997,0.037513572722673416,0.17510120570659637,-209.81680583953857,0.0003
0.023170460015535355,31,1228000,393.61096,0.12,100.0,38569,12280,306800,23.0469229221344,0.03787944419309497,0.5548372901976109,-208.36083793640137,0.0003
0.02317454107105732,31,1228400,391.6908,0.11,100.0,38581,12284,306896,23.205034732818604,0.0380916316062212,-1.110179990530014,-209.01047801971436,0.0003
0.023173239082098007,31,1228800,391.83298,0.11,100.0,38593,12288,306992,21.69645929336548,0.03790140128694475,1.1999313021078706,-208.41608715057373,0.0003
0.023174317553639412,31,1229200,394.38406,0.12,100.0,38607,12292,307104,21.30364352464676,0.03777885134331882,-2.3773073498159647,-209.28125476837158,0.0003
0.023166023194789886,31,1229600,395.9247,0.13,100.0,38621,12296,307200,26.596877574920654,0.03733615344390273,-0.03790146857500076,-209.10798168182373,0.0003
0.023167448118329048,31,1230000,401.19644,0.15,100.0,38632,12300,307296,25.02432680130005,0.0378068364225328,1.0427239034324884,-208.7934055328369,0.0003
0.02316674031317234,31,1230400,395.6007,0.13,100.0,38645,12304,307392,26.363188922405243,0.037733475444838405,0.8802671288140118,-209.2255096435547,0.0003
0.023166751489043236,31,1230800,400.11005,0.14,100.0,38661,12308,307504,25.71255648136139,0.03747488325461745,0.3978279447183013,-209.04708099365234,0.0003
0.023169411346316338,31,1231200,397.37714,0.12,100.0,38673,12312,307600,29.726964473724365,0.037388892844319344,-1.9874234087765217,-209.46549129486084,0.0003
0.023168377578258514,31,1231600,403.9754,0.14,100.0,38687,12316,307696,24.758799195289612,0.03718625265173614,-0.41742007061839104,-209.8857069015503,0.0003
0.023166410624980927,31,1232000,404.02527,0.14,100.0,38699,12320,307792,28.064248085021973,0.037035544868558645,-0.6009441465139389,-209.36370182037354,0.0003
0.023163624107837677,31,1232400,403.95197,0.14,100.0,38712,12324,307904,24.878017365932465,0.03678972809575498,-2.53773820027709,-210.4469175338745,0.0003
0.02316593937575817,31,1232800,404.7951,0.14,100.0,38727,12328,308000,21.273181676864624,0.036913828458637,1.4495322704315186,-209.0564193725586,0.0003
0.02316460944712162,31,1233200,402.8007,0.13,100.0,38739,12332,308096,25.446127712726593,0.03678533504717052,-1.9837051555514336,-208.86657905578613,0.0003
0.023163864389061928,31,1233600,403.9805,0.13,100.0,38750,12336,308192,30.07170832157135,0.03694502729922533,3.272736681625247,-209.0071964263916,0.0003
0.02315874584019184,31,1234000,404.87122,0.13,100.0,38765,12340,308304,22.358088195323944,0.03688117954879999,-2.4035498537123203,-209.03354263305664,0.0003
0.02315465919673443,31,1234400,400.32983,0.11,100.0,38776,12344,308400,23.904289424419403,0.03670897823758423,-0.11676849611103535,-207.85100746154785,0.0003
0.023154089227318764,31,1234800,397.29538,0.11,100.0,38787,12348,308496,22.695619523525238,0.036660624435171485,0.33635755628347397,-209.50664043426514,0.0003
0.023152228444814682,31,1235200,400.35184,0.12,100.0,38799,12352,308592,24.11037975549698,0.03654459165409207,1.7782578729093075,-210.19947338104248,0.0003
0.023147234693169594,31,1235600,399.0132,0.12,100.0,38812,12356,308704,23.566282153129578,0.03650579391978681,-1.0147274658083916,-208.39904594421387,0.0003
0.023147962987422943,31,1236000,398.98398,0.12,100.0,38826,12360,308800,22.078369438648224,0.036286768270656466,0.4259127490222454,-209.84009742736816,0.0003
0.02314031682908535,31,1236400,401.46417,0.13,100.0,38836,12364,308896,26.14354646205902,0.03596149920485914,-1.3645756002515554,-208.7815637588501,0.0003
0.023138903081417084,31,1236800,403.48077,0.16,100.0,38852,12368,308992,24.74909257888794,0.03582538547925651,2.0398376397788525,-209.20818424224854,0.0003
0.023142779245972633,31,1237200,406.57166,0.17,100.0,38864,12372,309104,22.775980591773987,0.03581445594318211,0.7244862802326679,-209.25983142852783,0.0003
0.02313823066651821,31,1237600,407.7974,0.18,100.0,38874,12376,309200,30.085208892822266,0.035799107514321804,1.683453943580389,-209.121919631958,0.0003
0.02313992939889431,31,1238000,412.79065,0.21,100.0,38887,12380,309296,21.288238048553467,0.03602701285853982,-0.3803030289709568,-209.0132884979248,0.0003
0.023135436698794365,31,1238400,414.45856,0.22,100.0,38902,12384,309392,29.65668696165085,0.035949995275586843,1.539035426452756,-208.59351444244385,0.0003
0.02313830703496933,31,1238800,417.89746,0.23,100.0,38915,12388,309504,21.86105841398239,0.03656642255373299,-1.6124568190425634,-209.00252151489258,0.0003
0.023134518414735794,31,1239200,419.0956,0.22,100.0,38930,12392,309600,23.38445484638214,0.036518825916573405,1.5502228140830994,-208.880521774292,0.0003
0.023140257224440575,31,1239600,421.10934,0.22,100.0,38941,12396,309696,23.88739585876465,0.03660387103445828,0.37670271564275026,-209.10453128814697,0.0003
0.023141982033848763,31,1240000,417.46497,0.21,100.0,38955,12400,309792,33.015496253967285,0.03652162803336978,0.3367566131055355,-209.8846492767334,0.0003
0.023141350597143173,31,1240400,417.58762,0.22,100.0,38968,12404,309904,22.675840854644775,0.0363739631138742,-0.20877525210380554,-209.77218437194824,0.0003
0.023138495162129402,31,1240800,413.59973,0.2,100.0,38981,12408,310000,22.403007864952087,0.03633462800644338,-0.5969586055725813,-208.95805549621582,0.0003
0.023137297481298447,31,1241200,412.32312,0.2,100.0,38994,12412,310096,24.142788648605347,0.036432721419259906,2.9796699918806553,-208.68954277038574,0.0003
0.023138009011745453,31,1241600,406.24704,0.18,100.0,39007,12416,310192,22.14996898174286,0.03656694036908448,-1.6762992553412914,-208.2698392868042,0.0003
0.02314096875488758,31,1242000,410.12405,0.2,100.0,39021,12420,310304,25.230695605278015,0.03648846433497965,-0.2987743718549609,-208.4895839691162,0.0003
0.02313970774412155,31,1242400,410.20456,0.19,100.0,39034,12424,310400,21.877448856830597,0.03628103970550001,-0.5940095670521259,-208.20338916778564,0.0003
0.023137208074331284,31,1242800,409.8732,0.19,100.0,39045,12428,310496,24.985769987106323,0.036397154442965984,5.30967272631824,-209.6025333404541,0.0003
0.023141926154494286,31,1243200,409.95578,0.19,100.0,39057,12432,310592,23.148430585861206,0.036758822156116366,-0.2458554683253169,-209.27098178863525,0.0003
0.0231430996209383,31,1243600,411.1163,0.21,100.0,39072,12436,310704,24.711095988750458,0.03692593239247799,3.2938960660248995,-209.06670093536377,0.0003
0.023149393498897552,31,1244000,410.61493,0.21,100.0,39084,12440,310800,24.169669032096863,0.0372557514347136,-0.7413019649684429,-209.00590324401855,0.0003
0.023142747581005096,31,1244400,410.4454,0.21,100.0,39096,12444,310896,20.801916301250458,0.03703292878344655,-1.5304414369165897,-208.70230770111084,0.0003
0.023139873519539833,31,1244800,411.79865,0.21,100.0,39109,12448,310992,23.49815571308136,0.036825422663241625,0.25185198336839676,-208.1009750366211,0.0003
0.023132270202040672,31,1245200,408.51483,0.2,100.0,39124,12452,311104,28.793124794960022,0.03677903511561453,2.1988996155560017,-209.72539234161377,0.0003
0.023136131465435028,31,1245600,409.09805,0.2,100.0,39135,12456,311200,24.68451702594757,0.03738311189226806,3.092351607978344,-209.123459815979,0.0003
0.023140033707022667,31,1246000,409.4464,0.2,100.0,39149,12460,311296,26.986820578575134,0.037384624127298594,-1.3206020407378674,-208.1835699081421,0.0003
0.023134591057896614,31,1246400,407.16913,0.19,100.0,39160,12464,311392,24.41016149520874,0.037214909214526415,-0.35496120154857635,-208.06542301177979,0.0003
0.023139065131545067,31,1246800,406.30484,0.17,100.0,39176,12468,311504,30.353100895881653,0.03749547083862126,1.554387779906392,-208.18101119995117,0.0003
0.023138565942645073,31,1247200,403.77646,0.16,100.0,39187,12472,311600,20.952453136444092,0.037725229281932116,1.418225895613432,-208.37815761566162,0.0003
0.02314095012843609,31,1247600,401.96857,0.16,100.0,39200,12476,311696,26.508098244667053,0.0379555004183203,-0.7552269622683525,-208.8525047302246,0.0003
0.023146191611886024,31,1248000,398.56836,0.14,100.0,39214,12480,311792,25.54018223285675,0.03805250395089388,-0.3991323560476303,-207.8543586730957,0.0003
0.02314711920917034,31,1248400,396.52014,0.12,100.0,39225,12484,311904,22.81922972202301,0.03774822968989611,-1.0283913798630238,-208.0210361480713,0.0003
0.02314603514969349,31,1248800,396.28946,0.13,100.0,39239,12488,312000,30.090370178222656,0.0376146980561316,-0.7097413977608085,-208.66253185272217,0.0003
0.02315032295882702,31,1249200,392.31653,0.13,100.0,39252,12492,312096,26.49113893508911,0.03760616178624332,-0.6320531694218516,-208.3402614593506,0.0003
0.02315174601972103,31,1249600,393.0127,0.14,100.0,39263,12496,312192,27.69944179058075,0.03747633914463222,-1.5705193541944027,-208.85956192016602,0.0003
0.023149069398641586,31,1250000,391.57483,0.13,100.0,39275,12500,312304,25.11871635913849,0.03723976411856711,-0.017096415162086487,-208.5752658843994,0.0003
0.02314605563879013,31,1250400,390.39536,0.12,100.0,39286,12504,312400,30.088379502296448,0.03700383217073977,-2.5643795281648636,-208.5278377532959,0.0003
0.023148102685809135,31,1250800,389.9961,0.12,100.0,39299,12508,312496,28.122904539108276,0.03704287251457572,0.13714670203626156,-208.20525360107422,0.0003
0.023152174428105354,31,1251200,394.16437,0.13,100.0,39313,12512,312592,22.699695348739624,0.03704189928248525,0.7219388596713543,-207.32946014404297,0.0003
0.023154204711318016,31,1251600,394.95258,0.13,100.0,39326,12516,312704,23.46064132452011,0.03664404130540788,-0.6350761577486992,-207.6281213760376,0.0003
0.023150743916630745,31,1252000,391.98672,0.11,100.0,39339,12520,312800,25.008694648742676,0.036643429193645716,1.0871222168207169,-207.57760524749756,0.0003
0.023148763924837112,31,1252400,393.85306,0.13,100.0,39354,12524,312896,25.82098150253296,0.03652253607288003,-0.17453178018331528,-208.59661769866943,0.0003
0.023150449618697166,31,1252800,393.1173,0.13,100.0,39366,12528,312992,24.586794257164,0.03693565237335861,2.7118979319930077,-207.53909397125244,0.0003
0.02314443327486515,31,1253200,395.25296,0.14,100.0,39378,12532,313104,25.259700775146484,0.03715099906548858,3.0485981106758118,-208.6009349822998,0.0003
0.02314840443432331,31,1253600,393.624,0.13,100.0,39392,12536,313200,25.705864787101746,0.037558909272775054,1.412145096808672,-207.58967971801758,0.0003
0.023152628913521767,31,1254000,395.09143,0.13,100.0,39404,12540,313296,26.636957466602325,0.03781664022244513,-1.1067244783043861,-207.66025352478027,0.0003
0.023154523223638535,31,1254400,395.0216,0.13,100.0,39417,12544,313392,22.730027735233307,0.03781596687622368,-0.37941349297761917,-207.72728157043457,0.0003
0.02315511554479599,31,1254800,394.17813,0.12,100.0,39430,12548,313504,24.693020701408386,0.037714534206315875,-0.07471149787306786,-207.9140739440918,0.0003
0.023151831701397896,31,1255200,396.62714,0.13,100.0,39442,12552,313600,26.242273092269897,0.037515371572226286,1.5830053016543388,-207.49909591674805,0.0003
0.02315298095345497,31,1255600,399.58337,0.13,100.0,39454,12556,313696,22.500951766967773,0.0376588327344507,-2.4161646105349064,-207.1747760772705,0.0003
0.02315307967364788,31,1256000,399.26593,0.14,100.0,39467,12560,313792,24.237178325653076,0.03754434525035322,3.037382662296295,-208.2506866455078,0.0003
0.023160019889473915,31,1256400,400.00458,0.14,100.0,39479,12564,313904,29.40006923675537,0.037956594955176115,-0.7528275214135647,-208.24207019805908,0.0003
0.023158546537160873,31,1256800,396.80258,0.14,100.0,39494,12568,314000,25.905559837818146,0.03832964156754315,-0.020786669105291367,-208.12980556488037,0.0003
0.023162730038166046,31,1257200,399.92398,0.15,100.0,39507,12572,314096,28.074899077415466,0.03857397101819515,2.8325304612517357,-207.53186321258545,0.0003
0.023163072764873505,31,1257600,400.0642,0.14,100.0,39521,12576,314192,27.112627148628235,0.038429233245551586,-1.1469984725117683,-207.82767295837402,0.0003
0.02316342666745186,31,1258000,398.09384,0.14,100.0,39536,12580,314304,27.1289165019989,0.038475346053019166,-2.154976090416312,-206.89990234375,0.0003
0.023162102326750755,31,1258400,398.23273,0.15,100.0,39548,12584,314400,21.435743510723114,0.03825449896976352,-1.9064396061003208,-207.38317394256592,0.0003
0.02316405437886715,31,1258800,400.5659,0.15,100.0,39562,12588,314496,25.597259640693665,0.03799501666799188,-0.6941648731008172,-208.29009246826172,0.0003
0.023166781291365623,31,1259200,406.06094,0.17,100.0,39575,12592,314592,23.21091055870056,0.038121003191918135,0.028564894571900368,-207.82419109344482,0.0003
0.02316182479262352,31,1259600,403.95538,0.15,100.0,39588,12596,314704,28.41886341571808,0.03779913950711489,-0.723042756319046,-207.88462448120117,0.0003
0.02315867505967617,31,1260000,404.98938,0.15,100.0,39599,12600,314800,24.562730312347412,0.037992818746715784,-0.6680831480771303,-207.16073417663574,0.0003
0.023159343749284744,31,1260400,406.99304,0.16,100.0,39611,12604,314896,22.051384210586548,0.03803227958269417,1.5002185814082623,-207.76189708709717,0.0003
0.023163890466094017,31,1260800,408.35147,0.17,100.0,39624,12608,314992,24.294774532318115,0.038079742109403014,0.6895457059144974,-206.54230880737305,0.0003
0.023160411044955254,31,1261200,405.82672,0.17,100.0,39638,12612,315104,26.222699284553528,0.03806333523243666,0.17899802327156067,-207.46462535858154,0.0003
0.023162268102169037,31,1261600,406.5608,0.18,100.0,39650,12616,315200,22.998856008052826,0.03825626941397786,1.972214275971055,-207.7710256576538,0.0003
0.023162981495261192,31,1262000,405.37894,0.18,100.0,39661,12620,315296,23.803726494312286,0.038432243978604674,0.801977438852191,-206.7987241744995,0.0003
0.02316233702003956,31,1262400,403.9803,0.17,100.0,39671,12624,315392,24.99478030204773,0.038599301129579544,1.9023041352629662,-206.4304714202881,0.0003
0.023168297484517097,31,1262800,403.86478,0.18,100.0,39683,12628,315504,28.959777414798737,0.03894875175319612,1.8665644004940987,-207.8751401901245,0.0003
0.023171281442046165,31,1263200,405.87335,0.19,100.0,39695,12632,315600,28.97615385055542,0.03894682927057147,-2.4545436929911375,-207.71809482574463,0.0003
0.023168018087744713,31,1263600,406.79553,0.19,100.0,39708,12636,315696,24.233063459396362,0.0386374753434211,1.2659074068069458,-207.86819553375244,0.0003
0.02316856011748314,31,1264000,407.95023,0.2,100.0,39724,12640,315792,27.172101378440857,0.038648941088467836,-1.4455794924870133,-208.03371810913086,0.0003
0.023168647661805153,31,1264400,410.981,0.22,100.0,39739,12644,315904,34.79359817504883,0.038807550678029656,2.630047058686614,-207.66649723052979,0.0003
0.02317330799996853,31,1264800,409.0119,0.22,100.0,39750,12648,316000,25.589377105236053,0.03891191631555557,0.08304363861680031,-207.19186115264893,0.0003
0.02317390777170658,31,1265200,407.54822,0.21,100.0,39762,12652,316096,26.700210094451904,0.03907055058516562,-1.0274717584252357,-206.49025917053223,0.0003
0.023174438625574112,31,1265600,405.85815,0.21,100.0,39773,12656,316192,26.56084132194519,0.039194787852466106,-0.49401823058724403,-207.39018440246582,0.0003
0.023169223219156265,31,1266000,405.7002,0.2,100.0,39786,12660,316304,26.25178986787796,0.038964891573414207,-1.444880062714219,-206.44251346588135,0.0003
0.02316654473543167,31,1266400,405.41583,0.2,100.0,39800,12664,316400,27.014450013637543,0.038725903956219554,-1.3873195257037878,-205.93289184570312,0.0003
0.02316414937376976,31,1266800,409.73233,0.22,100.0,39812,12668,316496,25.892273664474487,0.03858850337564945,-0.38238029181957245,-207.1464500427246,0.0003
0.02316339872777462,31,1267200,413.49103,0.24,100.0,39826,12672,316592,28.820231795310974,0.03865294437855482,-0.31416867207735777,-207.44657039642334,0.0003
0.023163123056292534,31,1267600,414.35187,0.25,100.0,39838,12676,316704,25.748164653778076,0.03858956275507808,-2.2557418681681156,-207.17229080200195,0.0003
0.023157883435487747,31,1268000,415.74796,0.24,100.0,39852,12680,316800,28.649458408355713,0.03830225020647049,0.7442605812102556,-207.35726261138916,0.0003
0.02315923385322094,31,1268400,416.1591,0.23,100.0,39867,12684,316896,22.154230892658234,0.03859769809059799,3.725618736818433,-206.88365840911865,0.0003
0.023158717900514603,31,1268800,410.37393,0.21,100.0,39878,12688,316992,28.494789838790894,0.03870312706567347,0.5124912206083536,-207.25454711914062,0.0003
0.023155860602855682,31,1269200,409.46545,0.22,100.0,39892,12692,317104,26.018096208572388,0.038672096794471145,-0.7672644276171923,-207.42885971069336,0.0003
0.023159189149737358,31,1269600,413.38663,0.24,100.0,39903,12696,317200,25.373152315616608,0.03876852500252426,1.729006800800562,-206.72515869140625,0.0003
0.023161720484495163,31,1270000,412.49374,0.25,100.0,39914,12700,317296,24.29335379600525,0.03914406104013324,-1.2069944832473993,-205.85809326171875,0.0003
0.02316281944513321,31,1270400,412.57327,0.24,100.0,39928,12704,317392,24.74666142463684,0.03906733123585582,1.4999001631513238,-206.73522663116455,0.0003
0.02315877191722393,31,1270800,415.02417,0.26,100.0,39942,12708,317504,22.14303159713745,0.038825313095003366,-0.6345425751060247,-206.69786739349365,0.0003
0.023161137476563454,31,1271200,415.32324,0.26,100.0,39956,12712,317600,22.410439610481262,0.03864865656942129,0.49266123585402966,-206.90753173828125,0.0003
0.023160450160503387,31,1271600,413.98727,0.25,100.0,39970,12716,317696,25.78965198993683,0.03837325260974467,0.20004317164421082,-206.8811273574829,0.0003
0.02316306345164776,31,1272000,414.71732,0.25,100.0,39984,12720,317792,23.405485093593597,0.03855126351118088,-2.699711350724101,-206.38221168518066,0.0003
0.02315662056207657,31,1272400,414.4648,0.24,100.0,39999,12724,317904,24.088876366615295,0.03796151210553944,0.06405684351921082,-205.5877504348755,0.0003
0.023150194436311722,31,1272800,414.14062,0.23,100.0,40011,12728,318000,21.455519378185272,0.03786684246733785,0.7242871094495058,-206.25918102264404,0.0003
0.023150866851210594,31,1273200,410.5866,0.21,100.0,40023,12732,318096,25.660339295864105,0.037697808584198356,1.0507134087383747,-206.41845321655273,0.0003
0.02314329333603382,31,1273600,407.951,0.2,100.0,40036,12736,318192,25.70510220527649,0.0375976013019681,2.2051165476441383,-206.70808124542236,0.0003
0.023140860721468925,31,1274000,405.77097,0.19,100.0,40048,12740,318304,25.4597384929657,0.03771277028135955,-1.6068104468286037,-207.02208518981934,0.0003
0.023142900317907333,31,1274400,402.30777,0.17,100.0,40063,12744,318400,32.51790761947632,0.03814203734509647,2.7497777175158262,-205.49559783935547,0.0003
0.023148534819483757,31,1274800,407.76746,0.19,100.0,40074,12748,318496,23.91683679819107,0.038577349158003926,-2.2731380872428417,-206.10580158233643,0.0003
0.02314841002225876,31,1275200,405.99503,0.19,100.0,40087,12752,318592,26.411861658096313,0.03833319409750402,-1.8609900623559952,-205.62393379211426,0.0003
0.02314254269003868,31,1275600,405.08493,0.19,100.0,40100,12756,318704,25.61485642194748,0.03795962408185005,-2.9129475876688957,-206.56733512878418,0.0003
0.023137623444199562,31,1276000,404.95993,0.19,100.0,40111,12760,318800,24.09520423412323,0.03761103027500212,1.5843117590993643,-205.37020683288574,0.0003
0.0231340192258358,31,1276400,405.63016,0.19,100.0,40125,12764,318896,36.056527853012085,0.03738298430107534,-0.17555496841669083,-206.72162914276123,0.0003
0.023136408999562263,31,1276800,403.47757,0.17,100.0,40141,12768,318992,26.431249141693115,0.03740834817290306,0.36730506271123886,-205.32718563079834,0.0003
0.023136433213949203,31,1277200,400.26398,0.16,100.0,40155,12772,319104,23.656836569309235,0.03721318510361016,0.06641587987542152,-206.0849485397339,0.0003
0.023129208013415337,31,1277600,401.80847,0.18,100.0,40167,12776,319200,24.66106653213501,0.03713888814672828,-1.2068538665771484,-206.1131944656372,0.0003
0.023124752566218376,31,1278000,402.16016,0.18,100.0,40178,12780,319296,25.150746285915375,0.03734841966070235,-0.24974088370800018,-206.89795684814453,0.0003
0.023119715973734856,31,1278400,402.18442,0.18,100.0,40189,12784,319392,25.976547062397003,0.03767506335861981,1.2345331627875566,-205.71498489379883,0.0003
0.023116661235690117,31,1278800,404.23672,0.18,100.0,40203,12788,319504,27.95820939540863,0.03787939832545817,-2.8470772095024586,-206.2441806793213,0.0003
0.023111660033464432,31,1279200,398.92496,0.15,100.0,40216,12792,319600,25.81288707256317,0.03761254157871008,2.5976526960730553,-206.6887550354004,0.0003
0.0231089536100626,31,1279600,395.29294,0.13,100.0,40229,12796,319696,28.44276225566864,0.03768598195165396,-0.29140874557197094,-205.29856300354004,0.0003
0.023106418550014496,31,1280000,394.6344,0.12,100.0,40241,12800,319792,26.140941619873047,0.037782371742650867,0.9815399646759033,-205.9493751525879,0.0003
0.023105941712856293,31,1280400,394.6801,0.13,100.0,40257,12804,319904,20.539635062217712,0.03815774619579315,-0.513889953494072,-205.96649074554443,0.0003
0.023110423237085342,31,1280800,391.995,0.1,100.0,40270,12808,320000,25.916690707206726,0.03828810411505401,-1.1202299371361732,-205.449800491333,0.0003
0.02310481294989586,31,1281200,394.76147,0.1,100.0,40282,12812,320096,25.224439203739166,0.03821261855773628,-2.397850489243865,-205.33659267425537,0.0003
0.023097585886716843,31,1281600,397.4002,0.1,100.0,40293,12816,320192,25.773009061813354,0.0380075394641608,0.6760567873716354,-205.00318717956543,0.0003
0.02309611067175865,31,1282000,398.82645,0.1,100.0,40305,12820,320304,26.97317636013031,0.0380207528360188,-1.7967399321496487,-206.3507785797119,0.0003
0.023091474547982216,31,1282400,399.341,0.11,100.0,40321,12824,320400,23.629324078559875,0.03768732072785497,1.783303901553154,-205.89527320861816,0.0003
0.02309458702802658,31,1282800,399.32684,0.11,100.0,40336,12828,320496,24.625068187713623,0.03808955545537174,-0.766631125472486,-205.8459587097168,0.0003
0.023091856390237808,31,1283200,403.80814,0.13,100.0,40347,12832,320592,24.679792046546936,0.038077908800914884,-0.9528372809290886,-205.78098106384277,0.0003
0.023090025410056114,31,1283600,408.22684,0.14,100.0,40361,12836,320704,22.830304503440857,0.038148943334817886,-0.13624321855604649,-205.45808029174805,0.0003
0.02308645099401474,31,1284000,409.47028,0.14,100.0,40373,12840,320800,25.53078007698059,0.0380622330121696,-2.4644342698156834,-205.05093097686768,0.0003
0.023082293570041656,31,1284400,412.5135,0.16,100.0,40385,12844,320896,29.823803663253784,0.03801507689058781,1.1924825888127089,-204.87791442871094,0.0003
0.023079272359609604,31,1284800,408.30408,0.14,100.0,40400,12848,320992,27.297107577323914,0.038038966013118625,1.5195010714232922,-205.9455165863037,0.0003
0.02307773195207119,31,1285200,411.31323,0.15,100.0,40414,12852,321104,28.207547783851624,0.0382114639505744,-0.13092894852161407,-205.63355445861816,0.0003
0.023078851401805878,31,1285600,413.09985,0.15,100.0,40426,12856,321200,21.689225018024445,0.038038534577935934,-1.3606967758387327,-205.172438621521,0.0003
0.02307659201323986,31,1286000,415.03876,0.16,100.0,40438,12860,321296,22.778000235557556,0.037894366309046745,-0.2327333763241768,-205.43285942077637,0.0003
0.023075921460986137,31,1286400,417.46906,0.17,100.0,40453,12864,321392,23.366920828819275,0.03762186225503683,1.901783598586917,-204.64283084869385,0.0003
0.023074330762028694,31,1286800,417.1465,0.17,100.0,40469,12868,321504,23.28170996904373,0.037511569214984775,1.571672435849905,-205.59446620941162,0.0003
0.02307223528623581,31,1287200,414.89325,0.15,100.0,40480,12872,321600,26.16016685962677,0.03743733954615891,-4.202201392501593,-205.32416248321533,0.0003
0.023065440356731415,31,1287600,411.95908,0.12,100.0,40495,12876,321696,26.526249170303345,0.03727406938560307,0.28656405210494995,-205.22152614593506,0.0003
0.023064827546477318,31,1288000,409.91504,0.12,100.0,40507,12880,321792,24.012938618659973,0.0372353820130229,0.2871392145752907,-205.76464176177979,0.0003
0.023062486201524734,31,1288400,412.7729,0.13,100.0,40520,12884,321904,26.871720790863037,0.037208924535661936,-0.9643056932836771,-205.04217910766602,0.0003
0.023066096007823944,31,1288800,414.97604,0.15,100.0,40531,12888,322000,23.832832515239716,0.03731954633258283,0.9699877817183733,-206.0401725769043,0.0003
0.02306313067674637,31,1289200,418.62512,0.18,100.0,40545,12892,322096,23.2674058675766,0.03724489430896938,-1.3496939595788717,-205.47920894622803,0.0003
0.023058410733938217,31,1289600,418.63113,0.18,100.0,40556,12896,322192,23.119216561317444,0.03705773572437465,-1.6039591114968061,-205.35583782196045,0.0003
0.023053579032421112,31,1290000,422.86453,0.21,100.0,40569,12900,322304,24.245641112327576,0.03697995119728148,0.5347561314702034,-205.33441925048828,0.0003
0.023049701005220413,31,1290400,421.0278,0.2,100.0,40581,12904,322400,23.768081426620483,0.036851587472483516,-0.5908986879512668,-205.4569320678711,0.0003
0.023048244416713715,31,1290800,420.58835,0.2,100.0,40593,12908,322496,25.92862844467163,0.03704320825636387,-0.9330555722117424,-205.4709415435791,0.0003
0.023048769682645798,31,1291200,417.36063,0.19,100.0,40605,12912,322592,26.983866095542908,0.037089484510943294,-2.1779636815190315,-205.4820032119751,0.0003
0.02304626628756523,31,1291600,414.98886,0.2,100.0,40618,12916,322704,27.971050143241882,0.03702896717004478,1.9978672806173563,-206.51312255859375,0.0003
0.023045476526021957,31,1292000,414.43076,0.2,100.0,40629,12920,322800,26.381174206733704,0.03728657285682857,-1.801160723902285,-205.1183958053589,0.0003
0.023047830909490585,31,1292400,412.5343,0.19,100.0,40642,12924,322896,26.547282934188843,0.03734216303564608,-0.6885020220652223,-205.06442832946777,0.0003
0.02304263785481453,31,1292800,414.66202,0.19,100.0,40657,12928,322992,25.888286113739014,0.037082721246406436,-0.4271041750907898,-204.6618309020996,0.0003
0.02303791232407093,31,1293200,408.97137,0.17,100.0,40670,12932,323104,24.973124504089355,0.0369615803938359,-1.7468516007065773,-204.9905309677124,0.0003
0.023035915568470955,31,1293600,405.5014,0.17,100.0,40683,12936,323200,24.233289778232574,0.03683858667500317,0.7634934019297361,-205.31445121765137,0.0003
0.02303404174745083,31,1294000,406.96036,0.18,100.0,40698,12940,323296,23.9893040060997,0.03660779562778771,1.3855792619287968,-205.39114570617676,0.0003
0.023032112047076225,31,1294400,404.36597,0.16,100.0,40711,12944,323392,22.9453387260437,0.036519710905849934,0.4785863161087036,-204.8538990020752,0.0003
0.023034458979964256,31,1294800,407.13034,0.17,100.0,40724,12948,323504,26.0261070728302,0.03649029438383877,-1.1623408976010978,-205.13115787506104,0.0003
0.023033713921904564,31,1295200,405.80988,0.16,100.0,40738,12952,323600,26.021665275096893,0.036314359633252025,0.4555927477777004,-204.80305767059326,0.0003
0.023032905533909798,31,1295600,406.09137,0.17,100.0,40748,12956,323696,23.010409235954285,0.036478723865002394,-0.3405831679701805,-204.82451343536377,0.0003
0.023032356053590775,31,1296000,407.4777,0.17,100.0,40760,12960,323792,25.09235453605652,0.036654233699664474,-0.377179142087698,-205.11145401000977,0.0003
0.02303204871714115,31,1296400,408.67908,0.17,100.0,40774,12964,323904,29.303868532180786,0.03660002606920898,0.21955866366624832,-203.78729438781738,0.0003
0.023028532043099403,31,1296800,406.26944,0.16,100.0,40786,12968,324000,25.22166621685028,0.03646586393006146,-0.10009351745247841,-204.1130485534668,0.0003
0.023026131093502045,31,1297200,406.7835,0.16,100.0,40797,12972,324096,25.98196840286255,0.03639891464263201,1.3496164381504059,-203.8414659500122,0.0003
0.02302316576242447,31,1297600,409.66855,0.18,100.0,40810,12976,324192,23.198685228824615,0.03640089859254658,0.29029449820518494,-204.61785507202148,0.0003
0.02302219346165657,31,1298000,409.87625,0.18,100.0,40830,12980,324304,26.030763149261475,0.03640636196359992,0.021092917770147324,-204.38830184936523,0.0003
0.023023197427392006,31,1298400,408.5198,0.18,100.0,40845,12984,324400,26.663836240768433,0.03648853418417275,-0.27944711595773697,-204.5867691040039,0.0003
0.023021426051855087,31,1298800,406.57855,0.17,100.0,40856,12988,324496,25.29341423511505,0.036502821603789926,-0.39817984960973263,-203.99143409729004,0.0003
0.023024510592222214,31,1299200,404.35294,0.14,100.0,40870,12992,324592,27.589413583278656,0.03669449361041188,0.8918150588870049,-204.94833278656006,0.0003
0.023026365786790848,31,1299600,403.82166,0.15,100.0,40884,12996,324704,27.431077122688293,0.03668230352923274,0.36069552414119244,-204.6854543685913,0.0003
0.02302766963839531,31,1300000,400.99814,0.13,100.0,40894,13000,324800,23.972452223300934,0.036588020622730255,-1.3062675185501575,-205.00268363952637,0.0003
0.02302396483719349,31,1300400,401.86987,0.13,100.0,40905,13004,324896,25.8868225812912,0.03639095649123192,1.788173709064722,-204.61457061767578,0.0003
0.02302471734583378,31,1300800,402.75937,0.14,100.0,40920,13008,324992,25.710456430912018,0.03644968685694039,-0.04106587916612625,-204.28428649902344,0.0003
0.02301933243870735,31,1301200,403.45383,0.15,100.0,40933,13012,325104,31.037255585193634,0.03658233000896871,2.2837148644030094,-204.84831714630127,0.0003
0.023013288155198097,31,1301600,403.9519,0.15,100.0,40946,13016,325200,23.33986473083496,0.036688103107735515,-0.7643278371542692,-205.0739107131958,0.0003
0.023011881858110428,31,1302000,402.1602,0.15,100.0,40959,13020,325296,26.57360875606537,0.036887576105073094,0.23669678904116154,-204.2275276184082,0.0003
0.023008717224001884,31,1302400,402.35556,0.16,100.0,40969,13024,325392,24.91911768913269,0.03667272301390767,-1.7747672079131007,-204.78091144561768,0.0003
0.023000342771410942,31,1302800,402.0596,0.17,100.0,40982,13028,325504,25.140613913536072,0.03666268032975495,1.7152147255837917,-204.68877410888672,0.0003
0.022998865693807602,31,1303200,405.9361,0.18,100.0,40997,13032,325600,21.69457894563675,0.03675369801931083,-0.21454273164272308,-203.76502132415771,0.0003
0.022999783977866173,31,1303600,408.28946,0.18,100.0,41009,13036,325696,21.653520345687866,0.036658341996371746,1.5917842406779528,-203.99198722839355,0.0003
0.0229977797716856,31,1304000,405.90656,0.17,100.0,41021,13040,325792,27.499659538269043,0.036520943976938725,1.2212011069059372,-204.7560749053955,0.0003
0.02299715019762516,31,1304400,408.0417,0.18,100.0,41038,13044,325904,22.93928074836731,0.036375125870108604,-2.269214238971472,-203.6549310684204,0.0003
0.022997887805104256,31,1304800,407.16797,0.17,100.0,41050,13048,326000,28.783893048763275,0.03632621048018336,2.6753583271056414,-204.12205600738525,0.0003
0.023000182583928108,31,1305200,409.45258,0.18,100.0,41062,13052,326096,23.900431156158447,0.03639075416140258,-2.4842310212552547,-204.47339153289795,0.0003
0.022998308762907982,31,1305600,408.6304,0.17,100.0,41074,13056,326192,21.52607011795044,0.036162697710096836,-0.5410844832658768,-203.97904872894287,0.0003
0.022996414452791214,31,1306000,408.33472,0.17,100.0,41087,13060,326304,23.342019081115723,0.03599837562069297,0.23638426885008812,-204.5715970993042,0.0003
0.02299504727125168,31,1306400,404.75616,0.17,100.0,41101,13064,326400,25.25757074356079,0.03607644233852625,0.024996429681777954,-204.575119972229,0.0003
0.02299032174050808,31,1306800,408.7247,0.19,100.0,41117,13068,326496,22.078945696353912,0.036090463399887085,0.2479530144482851,-204.7593288421631,0.0003
0.02298584207892418,31,1307200,410.65942,0.21,100.0,41128,13072,326592,23.444295465946198,0.03631985164247453,1.5446945633739233,-204.42693042755127,0.0003
0.022983457893133163,31,1307600,408.59232,0.2,100.0,41144,13076,326704,26.362889289855957,0.03641194081865251,-1.911355558782816,-203.79536724090576,0.0003
0.022980155423283577,31,1308000,409.3888,0.2,100.0,41156,13080,326800,24.637431621551514,0.03619513427838683,0.08843016251921654,-204.156005859375,0.0003
0.02298053726553917,31,1308400,407.58304,0.2,100.0,41167,13084,326896,25.16493993997574,0.036185673205181956,0.05398867279291153,-204.73483276367188,0.0003
0.02298324927687645,31,1308800,405.89407,0.19,100.0,41181,13088,326992,24.55739265680313,0.03620410431176424,-2.3797153681516647,-203.83156490325928,0.0003
0.022982360795140266,31,1309200,407.48956,0.21,100.0,41197,13092,327104,22.994956970214844,0.036015045596286654,1.8988016322255135,-205.2034912109375,0.0003
0.022979814559221268,31,1309600,406.56903,0.2,100.0,41211,13096,327200,21.34283435344696,0.03596588922664523,1.5071332100778818,-204.68029022216797,0.0003
0.02298285998404026,31,1310000,405.64297,0.2,100.0,41223,13100,327296,23.48550683259964,0.036362999584525824,-0.17413382977247238,-203.6812162399292,0.0003
0.022978877648711205,31,1310400,407.64032,0.21,100.0,41236,13104,327392,24.01803207397461,0.03636808996088803,-1.31835300847888,-205.18625354766846,0.0003
0.022974718362092972,31,1310800,406.01553,0.2,100.0,41250,13108,327504,24.53801268339157,0.036229956429451704,-0.5043596159666777,-203.71997261047363,0.0003
0.0229767058044672,31,1311200,406.70187,0.2,100.0,41266,13112,327600,23.62071931362152,0.03623074502684176,1.2288525123149157,-203.71689891815186,0.0003
0.022972358390688896,31,1311600,405.63522,0.19,100.0,41277,13116,327696,22.569392204284668,0.03606767160817981,-0.7862830404192209,-204.33893203735352,0.0003
0.02297588437795639,31,1312000,407.51645,0.19,100.0,41289,13120,327792,24.470708966255188,0.03629890666343272,2.011071235872805,-203.48037815093994,0.0003
0.022977987304329872,31,1312400,410.0506,0.2,100.0,41303,13124,327904,23.219741225242615,0.03638302977196872,-0.46498996391892433,-204.57934951782227,0.0003
0.02298062853515148,31,1312800,411.588,0.2,100.0,41318,13128,328000,23.941418528556824,0.0363869066350162,1.1844869144260883,-204.1123161315918,0.0003
0.022984329611063004,31,1313200,409.10648,0.19,100.0,41328,13132,328096,23.233567774295807,0.03656568191945553,-0.33068789169192314,-203.321870803833,0.0003
0.022984834387898445,31,1313600,407.4327,0.18,100.0,41341,13136,328192,22.420713663101196,0.03636139375157654,1.232890296727419,-203.83545589447021,0.0003
0.02297738939523697,31,1314000,409.8495,0.19,100.0,41356,13140,328304,22.96553647518158,0.03608874138444662,-2.3778801020234823,-204.41965675354004,0.0003
0.02297852374613285,31,1314400,413.06308,0.2,100.0,41371,13144,328400,24.569715976715088,0.03621820593252778,2.249102335423231,-203.4771785736084,0.0003
0.022977331653237343,31,1314800,412.34082,0.21,100.0,41383,13148,328496,22.346107363700867,0.036051999079063535,0.5630854032933712,-203.41044902801514,0.0003
0.02297515608370304,31,1315200,409.05927,0.2,100.0,41397,13152,328592,19.7728191614151,0.03602141444571316,-0.801673136651516,-203.77961540222168,0.0003
0.0229745302349329,31,1315600,409.57227,0.2,100.0,41410,13156,328704,21.830289721488953,0.035972675774246454,3.1422720793634653,-203.5435333251953,0.0003
0.022979503497481346,31,1316000,408.6758,0.2,100.0,41423,13160,328800,20.533661723136902,0.03624980337917805,0.2226797714829445,-203.4860134124756,0.0003
0.022981815040111542,31,1316400,408.22098,0.19,100.0,41436,13164,328896,21.20844042301178,0.03626024373807013,0.5866217501461506,-203.0961627960205,0.0003
0.022984737530350685,31,1316800,409.2896,0.19,100.0,41451,13168,328992,23.495127320289612,0.03639859240502119,-0.5921078193932772,-203.14978885650635,0.0003
0.022989312186837196,31,1317200,410.94354,0.19,100.0,41463,13172,329104,22.71574354171753,0.036410250468179584,-1.2217553574591875,-203.0167179107666,0.0003
0.022992083802819252,31,1317600,412.78824,0.2,100.0,41476,13176,329200,26.349452078342438,0.03647702815942466,2.762041926383972,-203.22303104400635,0.0003
0.022993003949522972,31,1318000,415.61374,0.22,100.0,41491,13180,329296,22.69733965396881,0.03670459403656423,-0.544941084459424,-204.2108030319214,0.0003
0.022986778989434242,31,1318400,417.28165,0.21,100.0,41504,13184,329392,21.4240745306015,0.036550602177158,-1.5150611363351345,-203.6857967376709,0.0003
0.02298719994723797,31,1318800,419.77774,0.22,100.0,41519,13188,329504,22.52298629283905,0.036338997539132833,1.064724138006568,-202.309552192688,0.0003
0.022986728698015213,31,1319200,417.9647,0.2,100.0,41531,13192,329600,21.775557100772858,0.036248430609703064,0.2283804453909397,-203.67589282989502,0.0003
0.0229856725782156,31,1319600,418.31958,0.2,100.0,41546,13196,329696,26.469127416610718,0.036150441505014896,-1.2054000962525606,-203.3149995803833,0.0003
0.02298225834965706,31,1320000,421.88574,0.21,100.0,41557,13200,329792,25.127481818199158,0.036012803902849555,-0.025283847004175186,-203.9951515197754,0.0003
0.022977208718657494,31,1320400,423.8114,0.23,100.0,41575,13204,329904,24.417956709861755,0.035883376840502024,-2.2012511864304543,-203.56702136993408,0.0003
0.0229750107973814,31,1320800,423.54147,0.23,100.0,41585,13208,330000,21.844894409179688,0.03601488727144897,-0.16784273833036423,-203.08875942230225,0.0003
0.022972337901592255,31,1321200,422.47812,0.22,100.0,41597,13212,330096,22.364415645599365,0.03587089432403445,-0.1670912690460682,-203.202730178833,0.0003
0.022976892068982124,31,1321600,423.13318,0.22,100.0,41611,13216,330192,21.222007274627686,0.03587430971674621,0.830083729699254,-203.48279762268066,0.0003
0.02297482080757618,31,1322000,424.0964,0.23,100.0,41624,13220,330304,20.93863558769226,0.035806622356176376,-0.15384212881326675,-202.79765129089355,0.0003
0.022970426827669144,31,1322400,422.85114,0.22,100.0,41636,13224,330400,25.124847531318665,0.03585255122743547,0.54549840092659,-202.65670776367188,0.0003
0.0229695625603199,31,1322800,421.8742,0.22,100.0,41646,13228,330496,22.188761234283447,0.03593849181197584,-4.203231249004602,-203.14369201660156,0.0003
0.022976510226726532,31,1323200,421.2934,0.22,100.0,41660,13232,330592,24.419061303138733,0.0359947185497731,-0.4904720950871706,-203.2637710571289,0.0003
0.022978490218520164,31,1323600,419.5624,0.22,100.0,41674,13236,330704,18.48934757709503,0.03596365521661937,0.14064377546310425,-203.37797355651855,0.0003
0.02298075519502163,31,1324000,419.92548,0.22,100.0,41687,13240,330800,20.02732527256012,0.036068917252123356,-0.5328329466283321,-202.83469772338867,0.0003
0.022978119552135468,31,1324400,418.39185,0.21,100.0,41700,13244,330896,23.63664424419403,0.03617081791162491,1.4356075301766396,-203.1202793121338,0.0003
0.022975796833634377,31,1324800,417.24637,0.2,100.0,41714,13248,330992,20.5437673330307,0.036305840127170086,3.4542582780122757,-203.168288230896,0.0003
0.02298462763428688,31,1325200,419.23492,0.21,100.0,41732,13252,331104,20.586836636066437,0.03680403344333172,1.2122967299073935,-202.96939373016357,0.0003
0.02298841066658497,31,1325600,417.25192,0.21,100.0,41743,13256,331200,21.130655348300934,0.036811852594837546,-0.0043648527935147285,-202.34717082977295,0.0003
0.022985782474279404,31,1326000,417.0292,0.2,100.0,41758,13260,331296,26.884101390838623,0.036853294586762786,1.5126960948109627,-202.57129287719727,0.0003
0.022986795753240585,31,1326400,417.58304,0.2,100.0,41770,13264,331392,23.488967061042786,0.036678653210401535,-2.54545973893255,-202.68828010559082,0.0003
0.022989962249994278,31,1326800,411.33997,0.18,100.0,41783,13268,331504,23.729817509651184,0.03665544162504375,0.6957437135279179,-202.97014808654785,0.0003
0.02299586497247219,31,1327200,409.84705,0.18,100.0,41795,13272,331600,21.489738702774048,0.03674630308523774,0.6700185798108578,-202.6039628982544,0.0003
0.022996269166469574,31,1327600,409.51846,0.17,100.0,41810,13276,331696,26.13891339302063,0.036777148488909006,1.3530926927924156,-203.17834854125977,0.0003
0.022998269647359848,31,1328000,406.34027,0.16,100.0,41823,13280,331792,17.13940018415451,0.03693848685361445,-0.19807945378124714,-203.1521234512329,0.0003
0.02299252711236477,31,1328400,408.77097,0.18,100.0,41838,13284,331904,23.070578575134277,0.03700202750042081,2.235297250561416,-203.303373336792,0.0003
0.02299540303647518,31,1328800,406.02542,0.17,100.0,41850,13288,332000,20.4696604013443,0.03729087603278458,-0.23181685991585255,-202.45019626617432,0.0003
0.022997695952653885,31,1329200,406.632,0.17,100.0,41863,13292,332096,22.238836646080017,0.03727952064946294,0.517984252423048,-203.0201358795166,0.0003
0.022998841479420662,31,1329600,408.92984,0.18,100.0,41878,13296,332192,18.223366498947144,0.037203287705779076,-0.8619707152247429,-203.34236907958984,0.0003
0.02299833670258522,31,1330000,407.35562,0.16,100.0,41890,13300,332304,23.335968732833862,0.037184600718319416,-1.6833861321210861,-201.89316082000732,0.0003
0.02299988456070423,31,1330400,404.71625,0.14,100.0,41905,13304,332400,23.417744636535645,0.036935161566361785,-1.600636787712574,-202.0905933380127,0.0003
0.02300059050321579,31,1330800,405.49023,0.14,100.0,41919,13308,332496,23.122247338294983,0.03676851070486009,-3.006515506654978,-202.07972812652588,0.0003
0.023000242188572884,31,1331200,403.74905,0.14,100.0,41930,13312,332592,20.474210739135742,0.03649777825921774,-0.43174999579787254,-203.47798347473145,0.0003
0.022996021434664726,31,1331600,404.3792,0.14,100.0,41945,13316,332704,20.507529497146606,0.03610904607921839,-0.8636171966791153,-202.02281761169434,0.0003
0.02299567312002182,31,1332000,404.92798,0.13,100.0,41959,13320,332800,20.34291696548462,0.03594910237006843,-1.6562694162130356,-203.15874195098877,0.0003
0.0229948777705431,31,1332400,403.3587,0.12,100.0,41970,13324,332896,21.766070544719696,0.035673935199156404,-0.7410325929522514,-201.88923263549805,0.0003
0.02299175038933754,31,1332800,403.4643,0.11,100.0,41987,13328,332992,18.28493905067444,0.03547664964571595,-2.820100411772728,-202.06096839904785,0.0003
0.02298935502767563,31,1333200,406.488,0.12,100.0,42001,13332,333104,17.813164591789246,0.035346303367987275,0.8143625743687153,-202.80233669281006,0.0003
0.022986838594079018,31,1333600,413.5622,0.15,100.0,42017,13336,333200,21.69408679008484,0.035355062456801534,-0.7700031790882349,-202.173602104187,0.0003
0.022984139621257782,31,1334000,416.56665,0.17,100.0,42031,13340,333296,20.25165456533432,0.03537566703744233,1.112253149971366,-202.2896213531494,0.0003
0.022985918447375298,31,1334400,412.1223,0.16,100.0,42042,13344,333392,19.73604243993759,0.035623089876025915,1.3863837346434593,-202.2111301422119,0.0003
0.022986145690083504,31,1334800,414.91797,0.17,100.0,42056,13348,333504,21.24398535490036,0.035768282134085894,0.8470180099830031,-202.8651351928711,0.0003
0.022982804104685783,31,1335200,416.89325,0.17,100.0,42068,13352,333600,19.671973824501038,0.03570787305943668,-0.9561318578198552,-202.37499904632568,0.0003
0.02298128791153431,31,1335600,417.35898,0.17,100.0,42084,13356,333696,16.83044022321701,0.035661345114931464,0.18335209600627422,-202.6964807510376,0.0003
0.02298099733889103,31,1336000,417.64105,0.18,100.0,42095,13360,333792,19.980444252490997,0.03579633962363005,-0.4786951206624508,-202.7121067047119,0.0003
0.02297895774245262,31,1336400,419.07758,0.19,100.0,42108,13364,333904,18.534995019435883,0.035787712782621384,-0.09998384397476912,-203.01019287109375,0.0003
0.022975314408540726,31,1336800,423.1635,0.19,100.0,42120,13368,334000,17.942350268363953,0.0356977644842118,0.3127611493691802,-202.7847557067871,0.0003
0.02297249250113964,31,1337200,419.29007,0.17,100.0,42131,13372,334096,22.052200198173523,0.035486712120473385,-1.9790994608774781,-202.48609733581543,0.0003
0.02297244779765606,31,1337600,416.2079,0.17,100.0,42144,13376,334192,18.510291755199432,0.035418342566117644,0.2145778015255928,-202.84333419799805,0.0003
0.02296915277838707,31,1338000,418.47372,0.17,100.0,42159,13380,334304,18.5118248462677,0.03532109223306179,-4.261391496285796,-202.12312126159668,0.0003
0.02297418750822544,31,1338400,417.91855,0.17,100.0,42174,13384,334400,20.474491953849792,0.03531018062494695,-0.39153506234288216,-202.83618450164795,0.0003
0.022972261533141136,31,1338800,422.53128,0.18,100.0,42189,13388,334496,19.452477991580963,0.035207780078053474,0.5660971095785499,-202.51282405853271,0.0003
0.022968482226133347,31,1339200,424.55258,0.19,100.0,42202,13392,334592,18.4085813164711,0.03501096833497286,0.15891114249825478,-202.16591548919678,0.0003
0.0229646023362875,31,1339600,423.12286,0.19,100.0,42216,13396,334704,17.009247064590454,0.035013047279790044,-0.929689722135663,-202.27507877349854,0.0003
0.022960759699344635,31,1340000,422.897,0.2,100.0,42231,13400,334800,17.269171178340912,0.03506213054060936,-1.7659514546394348,-201.5069761276245,0.0003
0.022963451221585274,31,1340400,421.11984,0.19,100.0,42244,13404,334896,19.03193086385727,0.03518587118014693,-0.8395454995334148,-202.7936201095581,0.0003
0.022961346432566643,31,1340800,419.62024,0.19,100.0,42255,13408,334992,17.735259652137756,0.03518549934960902,0.3069901503622532,-202.54256534576416,0.0003
0.022956881672143936,31,1341200,422.77625,0.21,100.0,42269,13412,335104,19.627499163150787,0.03511122730560601,-1.310558296740055,-202.25331783294678,0.0003
0.02295377478003502,31,1341600,426.8682,0.24,100.0,42281,13416,335200,20.44380474090576,0.03494112496264279,0.32301171123981476,-201.61034393310547,0.0003
0.022951509803533554,31,1342000,429.2532,0.26,100.0,42295,13420,335296,20.51544016599655,0.03507968061603606,-0.3168078288435936,-201.86415672302246,0.0003
0.022944770753383636,31,1342400,430.28143,0.27,100.0,42311,13424,335392,21.827714145183563,0.035009754821658134,-0.02827548421919346,-202.57048225402832,0.0003
0.02294405922293663,31,1342800,428.94754,0.27,100.0,42328,13428,335504,19.756381154060364,0.03523639123886824,1.549823097884655,-202.35176277160645,0.0003
0.022943295538425446,31,1343200,430.36804,0.28,100.0,42340,13432,335600,17.103454887866974,0.03534919326193631,1.9224718548357487,-203.12166213989258,0.0003
0.02294306643307209,31,1343600,427.06976,0.27,100.0,42351,13436,335696,19.082137882709503,0.03546567494049668,-0.04794377647340298,-202.93928050994873,0.0003
0.022941669449210167,31,1344000,423.36954,0.26,100.0,42365,13440,335792,21.487559735774994,0.03556154016405344,1.0432970840483904,-202.2575044631958,0.0003
0.022951532155275345,31,1344400,425.73154,0.27,100.0,42377,13444,335904,25.462538361549377,0.03578201215714216,2.2748538237065077,-201.9812593460083,0.0003
0.02295495942234993,31,1344800,422.20456,0.26,100.0,42389,13448,336000,18.56172126531601,0.03610467538237572,-0.09438232146203518,-202.46501636505127,0.0003
0.02295350655913353,31,1345200,418.33087,0.25,100.0,42401,13452,336096,19.140164613723755,0.03604798694141209,0.07284575700759888,-202.7690019607544,0.0003
0.02295420505106449,31,1345600,418.99567,0.26,100.0,42412,13456,336192,18.504136860370636,0.035996629390865564,0.15012212842702866,-202.0224494934082,0.0003
0.022954333573579788,31,1346000,419.98743,0.26,100.0,42427,13460,336304,20.35461950302124,0.035869227489456534,-0.7887040451169014,-203.16842937469482,0.0003
0.022954007610678673,31,1346400,418.36023,0.25,100.0,42439,13464,336400,21.084598183631897,0.03584596002474427,0.37469805777072906,-202.68920421600342,0.0003
0.022952474653720856,31,1346800,419.17798,0.27,100.0,42453,13468,336496,20.91459023952484,0.03580985497683287,-0.110948096960783,-202.31829833984375,0.0003
0.022950414568185806,31,1347200,419.53012,0.27,100.0,42466,13472,336592,16.87991762161255,0.03572688903659582,-0.23068214021623135,-202.17912006378174,0.0003
0.022948158904910088,31,1347600,420.80368,0.26,100.0,42482,13476,336704,17.79563534259796,0.035401565954089165,-1.287809162400663,-202.81853008270264,0.0003
0.022942623123526573,31,1348000,422.0465,0.26,100.0,42493,13480,336800,21.36582851409912,0.035116825718432665,2.4792216643691063,-202.3512144088745,0.0003
0.022939320653676987,31,1348400,420.0838,0.26,100.0,42504,13484,336896,22.168964684009552,0.035044109681621194,1.0163276381790638,-202.48896312713623,0.0003
0.022937888279557228,31,1348800,415.54343,0.26,100.0,42516,13488,336992,18.51865440607071,0.03512279409915209,0.35685889050364494,-202.66717720031738,0.0003
0.022937171161174774,31,1349200,412.36386,0.25,100.0,42532,13492,337104,18.776265501976013,0.035347949247807264,2.5380768589675426,-202.4176607131958,0.0003
0.022934161126613617,31,1349600,411.75848,0.24,100.0,42543,13496,337200,19.234219312667847,0.03541269339621067,1.9179844800382853,-201.92241954803467,0.0003
0.022937215864658356,31,1350000,410.9193,0.25,100.0,42554,13500,337296,18.49472588300705,0.035522965947166085,-0.9348411746323109,-201.3269281387329,0.0003
0.022934449836611748,31,1350400,414.54742,0.27,100.0,42566,13504,337392,19.966891586780548,0.03548482386395335,-0.4383400250226259,-202.8616189956665,0.0003
0.02293897606432438,31,1350800,416.6669,0.27,100.0,42578,13508,337504,19.317411959171295,0.03560470882803202,-0.6416930090636015,-202.40008926391602,0.0003
0.022941702976822853,31,1351200,421.68628,0.27,100.0,42594,13512,337600,18.407282054424286,0.035637535620480776,0.1022539958357811,-202.9783296585083,0.0003
0.02294180542230606,31,1351600,419.07056,0.26,100.0,42607,13516,337696,20.33418881893158,0.035992773016914725,1.4212090130895376,-202.45909786224365,0.0003
0.022934723645448685,31,1352000,415.70016,0.24,100.0,42620,13520,337792,21.068673372268677,0.03598756296560168,-0.19207440316677094,-202.3036985397339,0.0003
0.02292884700000286,31,1352400,415.12695,0.24,100.0,42633,13524,337904,18.9949734210968,0.035904353484511375,-1.7059243842959404,-201.29384899139404,0.0003
0.02292543835937977,31,1352800,414.89117,0.24,100.0,42645,13528,338000,21.357724905014038,0.03567637060768902,1.7857425548136234,-202.12006950378418,0.0003
0.022921046242117882,31,1353200,414.2049,0.24,100.0,42657,13532,338096,18.933966398239136,0.035659934394061565,0.9334992915391922,-202.0861473083496,0.0003
0.02292006090283394,31,1353600,411.59793,0.23,100.0,42671,13536,338192,18.032006680965424,0.03568139439448714,-0.6512700133025646,-201.59309577941895,0.0003
0.02291836217045784,31,1354000,410.34613,0.21,100.0,42683,13540,338304,18.985495507717133,0.03584759798832238,0.11405192501842976,-201.83455562591553,0.0003
0.022918174043297768,31,1354400,412.11618,0.22,100.0,42699,13544,338400,19.34128326177597,0.03600200545042753,0.20996243134140968,-202.3293104171753,0.0003
0.022917918860912323,31,1354800,412.44348,0.22,100.0,42712,13548,338496,19.755136013031006,0.03604296245612204,1.257578369230032,-202.22550106048584,0.0003
0.02291807159781456,31,1355200,412.79697,0.23,100.0,42727,13552,338592,18.975387275218964,0.03632310149259865,0.8305484494194388,-202.4004602432251,0.0003
0.02291620895266533,31,1355600,416.2065,0.24,100.0,42741,13556,338704,18.24742341041565,0.03645369131118059,1.7896326407790184,-202.67091751098633,0.0003
0.022914905101060867,31,1356000,417.03595,0.23,100.0,42754,13560,338800,19.142529666423798,0.03650116943754256,1.775108877569437,-203.46877574920654,0.0003
0.022915925830602646,31,1356400,416.79895,0.23,100.0,42767,13564,338896,19.43729305267334,0.0364764838013798,-0.8216822855174541,-201.77466773986816,0.0003
0.02291467972099781,31,1356800,414.04858,0.21,100.0,42779,13568,338992,23.17395853996277,0.036522537004202604,-0.267607644200325,-202.57192039489746,0.0003
0.022913116961717606,31,1357200,415.30075,0.21,100.0,42793,13572,339104,21.131023406982422,0.036364792147651315,1.8341568252071738,-202.31774234771729,0.0003
0.02290666289627552,31,1357600,418.78455,0.23,100.0,42807,13576,339200,19.33323472738266,0.03633802616968751,-0.8272277750074863,-201.54191207885742,0.0003
0.02290121652185917,31,1358000,413.67532,0.22,100.0,42820,13580,339296,23.635832726955414,0.036124733509495854,1.8388115521520376,-202.37700271606445,0.0003
0.02289905771613121,31,1358400,415.28888,0.22,100.0,42834,13584,339392,21.39748388528824,0.03618240007199347,-1.083322711288929,-203.20979976654053,0.0003
0.022900013253092766,31,1358800,418.46774,0.22,100.0,42849,13588,339504,19.056595742702484,0.03632595110684633,0.23194811679422855,-202.0366668701172,0.0003
0.022901032119989395,31,1359200,418.38058,0.22,100.0,42862,13592,339600,20.90769672393799,0.03639919846318662,0.8883895818144083,-201.87519645690918,0.0003
0.022898148745298386,31,1359600,419.3377,0.23,100.0,42873,13596,339696,19.04980218410492,0.03652322920970619,-2.2011936232447624,-202.02255249023438,0.0003
0.02289680205285549,31,1360000,423.75345,0.24,100.0,42888,13600,339792,19.935338735580444,0.03637220594100654,-0.720348909497261,-202.44019222259521,0.0003
0.02289397455751896,31,1360400,420.31445,0.22,100.0,42906,13604,339904,19.910136342048645,0.03625476756133139,-1.4814265333116055,-202.9550428390503,0.0003
0.02289285510778427,31,1360800,419.47903,0.23,100.0,42919,13608,340000,21.499965012073517,0.03612464270554483,1.273761074990034,-202.0034637451172,0.0003
0.022892260923981667,31,1361200,412.21634,0.21,100.0,42931,13612,340096,23.246541261672974,0.03599631320685148,-0.4385973960161209,-203.0128002166748,0.0003
0.022890590131282806,31,1361600,409.92035,0.2,100.0,42943,13616,340192,20.50878596305847,0.0359055008739233,-0.21330512128770351,-202.88791275024414,0.0003
0.02289029210805893,31,1362000,413.7277,0.22,100.0,42959,13620,340304,19.849550366401672,0.03607549495063722,-0.4173067547380924,-202.71589851379395,0.0003
0.022890394553542137,31,1362400,416.15997,0.23,100.0,42970,13624,340400,21.835589945316315,0.036117027048021555,0.4958171248435974,-202.15828323364258,0.0003
0.02289152890443802,31,1362800,417.76953,0.24,100.0,42986,13628,340496,20.202105462551117,0.03626900422386825,-0.036772750318050385,-202.63415908813477,0.0003
0.022893087938427925,31,1363200,413.28098,0.22,100.0,42997,13632,340592,20.605763733386993,0.03644338669255376,-1.64136753231287,-202.34780979156494,0.0003
0.022893527522683144,31,1363600,416.2341,0.23,100.0,43012,13636,340704,22.203761339187622,0.03644024790264666,-1.1412168992683291,-202.26140975952148,0.0003
0.022893371060490608,31,1364000,419.00476,0.24,100.0,43025,13640,340800,20.28098827600479,0.03660605498589575,-0.05316285789012909,-203.35245323181152,0.0003
0.022883126512169838,31,1364400,417.52203,0.23,100.0,43036,13644,340896,22.48906123638153,0.036348057677969337,0.7427557855844498,-202.70584869384766,0.0003
0.022881368175148964,31,1364800,419.9969,0.25,100.0,43046,13648,340992,20.991672217845917,0.036542101530358195,0.398624325171113,-202.57492923736572,0.0003
0.02288312278687954,31,1365200,422.78366,0.26,100.0,43062,13652,341104,19.45187532901764,0.03668450517579913,-2.0693972129374743,-203.13207912445068,0.0003
0.02288023941218853,31,1365600,421.35364,0.24,100.0,43078,13656,341200,23.816843450069427,0.036637465469539165,-0.2042606882750988,-202.54776287078857,0.0003
0.022881539538502693,31,1366000,419.6415,0.24,100.0,43094,13660,341296,23.924840688705444,0.03663543984293938,1.1838152837008238,-202.91074752807617,0.0003
0.022882023826241493,31,1366400,418.3719,0.24,100.0,43106,13664,341392,20.15843975543976,0.03678722702898085,-0.15713051706552505,-203.28327178955078,0.0003
0.022876854985952377,31,1366800,420.6516,0.26,100.0,43121,13668,341504,20.185018658638,0.036727760918438435,1.1954090930521488,-202.7783660888672,0.0003
0.02287680096924305,31,1367200,422.99945,0.28,100.0,43133,13672,341600,22.394986748695374,0.03686886210925877,0.7403301987797022,-202.42506217956543,0.0003
0.022881101816892624,31,1367600,422.2211,0.27,100.0,43149,13676,341696,22.711100578308105,0.03701030998490751,1.743324015289545,-202.4441261291504,0.0003
0.022883692756295204,31,1368000,425.08624,0.28,100.0,43161,13680,341792,18.712195456027985,0.037126517156139016,0.45827852189540863,-202.13203811645508,0.0003
0.022881222888827324,31,1368400,424.0697,0.27,100.0,43175,13684,341904,20.380614578723907,0.03707993938587606,-0.37471978180110455,-202.87530517578125,0.0003
0.02287883125245571,31,1368800,422.8846,0.27,100.0,43189,13688,342000,20.479868412017822,0.037075609900057316,2.8459594305604696,-203.45671367645264,0.0003
0.022880161181092262,31,1369200,423.5617,0.27,100.0,43201,13692,342096,21.40482246875763,0.037426666589453816,0.49698594957590103,-202.73135662078857,0.0003
0.022880632430315018,31,1369600,424.87363,0.28,100.0,43212,13696,342192,22.903782427310944,0.0376745096873492,0.07733987085521221,-202.957537651062,0.0003
0.022884095087647438,31,1370000,418.77097,0.25,100.0,43227,13700,342304,23.7799471616745,0.037743222899734974,-0.21895213425159454,-203.67247772216797,0.0003
0.02288588136434555,31,1370400,418.28134,0.26,100.0,43239,13704,342400,20.55108952522278,0.03798285312950611,0.9942836575210094,-202.4095573425293,0.0003
0.022884992882609367,31,1370800,419.6518,0.26,100.0,43249,13708,342496,22.33805227279663,0.03803352336399257,0.020913345739245415,-203.0502643585205,0.0003
0.022884538397192955,31,1371200,421.18234,0.26,100.0,43262,13712,342592,23.265503406524658,0.03821204719133675,1.7958099320530891,-202.52102661132812,0.0003
0.0228804312646389,31,1371600,426.16254,0.27,100.0,43275,13716,342704,21.987298905849457,0.03832095372490585,1.8477793894708157,-202.60004425048828,0.0003
0.022883646190166473,31,1372000,420.72543,0.25,100.0,43286,13720,342800,22.166931927204132,0.038603144930675626,1.1019379366189241,-203.1969347000122,0.0003
0.0228835828602314,31,1372400,420.73532,0.25,100.0,43301,13724,342896,21.975951373577118,0.03848308767192066,0.5873070098459721,-203.39029693603516,0.0003
0.022884352132678032,31,1372800,420.28085,0.25,100.0,43315,13728,342992,22.774873912334442,0.038443177472800016,-0.09025196544826031,-203.57247924804688,0.0003
0.022882895544171333,31,1373200,422.83136,0.26,100.0,43330,13732,343104,23.47705888748169,0.03834893275052309,0.15031662210822105,-203.17775058746338,0.0003
0.02288455329835415,31,1373600,425.66003,0.27,100.0,43344,13736,343200,22.093137502670288,0.03840532386675477,1.0876727029681206,-202.0538454055786,0.0003
0.022884096950292587,31,1374000,426.89575,0.28,100.0,43358,13740,343296,23.031239092350006,0.03876545815728605,-0.5037750080227852,-203.585599899292,0.0003
0.02288598008453846,31,1374400,424.66388,0.27,100.0,43373,13744,343392,22.96428281068802,0.03881353419274092,1.43926090747118,-204.16283226013184,0.0003
0.022885268554091454,31,1374800,421.9042,0.25,100.0,43384,13748,343504,24.920801281929016,0.039005060913041234,0.9842704124748707,-203.2643985748291,0.0003
0.02288511022925377,31,1375200,422.47473,0.24,100.0,43399,13752,343600,22.384594202041626,0.039326546248048544,-0.20886872429400682,-203.47680568695068,0.0003
0.02288683131337166,31,1375600,420.22595,0.25,100.0,43410,13756,343696,21.777267813682556,0.03955280967056751,3.4926453679800034,-204.03680515289307,0.0003
0.02288784272968769,31,1376000,423.39035,0.28,100.0,43425,13760,343792,22.296561241149902,0.03984989202581346,0.6720649600028992,-204.05376720428467,0.0003
0.022885765880346298,31,1376400,426.23187,0.29,100.0,43438,13764,343904,21.587911248207092,0.039911624044179916,-0.4684677291661501,-203.53326606750488,0.0003
0.022880559787154198,31,1376800,424.27914,0.28,100.0,43452,13768,344000,22.08144921064377,0.040010383585467935,-0.42306950502097607,-202.89705181121826,0.0003
0.02288093790411949,31,1377200,422.8036,0.27,100.0,43467,13772,344096,22.683797001838684,0.04034545086324215,2.1107815951108932,-203.66815376281738,0.0003
0.022884758189320564,31,1377600,418.4651,0.26,100.0,43480,13776,344192,20.57878088951111,0.04042005678638816,-0.6453617680817842,-203.574631690979,0.0003
0.022885216400027275,31,1378000,419.14062,0.26,100.0,43494,13780,344304,23.98800814151764,0.04052636888809502,0.9786602584645152,-203.16973686218262,0.0003
0.02287898026406765,31,1378400,420.33456,0.27,100.0,43508,13784,344400,19.728226244449615,0.04040928743779659,-1.0332694724202156,-204.06753826141357,0.0003
0.02287783846259117,31,1378800,418.43427,0.26,100.0,43519,13788,344496,22.824419617652893,0.04067457281053066,-0.49981039948761463,-203.94071769714355,0.0003
0.022876985371112823,31,1379200,420.71982,0.27,100.0,43534,13792,344592,23.142008066177368,0.04057539626955986,-0.6232188995927572,-203.5991678237915,0.0003
0.022875197231769562,31,1379600,419.29565,0.25,100.0,43547,13796,344704,23.14197337627411,0.040494011249393225,0.3233077637851238,-204.31163883209229,0.0003
0.022875791415572166,31,1380000,423.25436,0.27,100.0,43561,13800,344800,25.525166273117065,0.04059270932339132,-1.535538986325264,-203.85867595672607,0.0003
0.022875534370541573,31,1380400,428.5741,0.29,100.0,43574,13804,344896,24.017727255821228,0.04062014212831855,-0.8415275365114212,-204.29489707946777,0.0003
0.022871484979987144,31,1380800,429.19562,0.28,100.0,43586,13808,344992,23.083049058914185,0.04049529181793332,-0.15150703582912683,-203.92097663879395,0.0003
0.022868555039167404,31,1381200,431.77112,0.3,100.0,43600,13812,345104,22.118389070034027,0.04054699605330825,-1.007098626345396,-204.0576171875,0.0003
0.02286473847925663,31,1381600,431.43567,0.29,100.0,43610,13816,345200,20.032359838485718,0.04061053763143718,0.8880254235118628,-204.59646606445312,0.0003
0.02286248840391636,31,1382000,433.77023,0.3,100.0,43624,13820,345296,21.950279712677002,0.04060241603292525,-1.456693358719349,-203.69524097442627,0.0003
0.022862633690238,31,1382400,431.7419,0.29,100.0,43636,13824,345392,22.590107202529907,0.04062241944484413,-0.678463639691472,-203.86575317382812,0.0003
0.022860873490571976,31,1382800,432.53024,0.3,100.0,43649,13828,345504,20.29682105779648,0.040434865513816476,0.12992529943585396,-205.49685382843018,0.0003
0.022857075557112694,31,1383200,433.80753,0.3,100.0,43660,13832,345600,21.332972526550293,0.0405193108599633,-0.8180399537086487,-204.27652263641357,0.0003
0.02285546250641346,31,1383600,428.6747,0.28,100.0,43672,13836,345696,24.752883195877075,0.04021958261728287,-2.4471387416124344,-204.56096172332764,0.0003
0.022853894159197807,31,1384000,427.89288,0.28,100.0,43686,13840,345792,23.385727286338806,0.04001531912945211,1.768347356468439,-204.57988929748535,0.0003
0.022854259237647057,31,1384400,429.93146,0.29,100.0,43701,13844,345904,25.02654719352722,0.040349266957491636,0.8953902386128902,-204.0730094909668,0.0003
0.022854972630739212,31,1384800,434.18036,0.31,100.0,43715,13848,346000,23.227472186088562,0.04048948013223708,-1.000334795564413,-204.79724216461182,0.0003
0.022849323228001595,31,1385200,431.49628,0.31,100.0,43727,13852,346096,23.8883615732193,0.0404351323377341,0.47682019509375095,-203.8549633026123,0.0003
0.022857071831822395,31,1385600,430.9971,0.31,100.0,43739,13856,346192,21.973937511444092,0.040785134537145495,0.17242670617997646,-203.30760955810547,0.0003
0.0228531863540411,31,1386000,427.2337,0.29,100.0,43752,13860,346304,22.26538860797882,0.04076125961728394,0.19945762678980827,-205.04796886444092,0.0003
0.02285376377403736,31,1386400,426.67465,0.28,100.0,43764,13864,346400,20.84913671016693,0.04080763389356434,0.943224273622036,-203.2086057662964,0.0003
0.022851336747407913,31,1386800,429.3076,0.29,100.0,43780,13868,346496,23.82881486415863,0.040811470011249185,-0.3076043613255024,-204.43821334838867,0.0003
0.022848207503557205,31,1387200,426.63474,0.28,100.0,43794,13872,346592,24.653512477874756,0.040526237804442644,-2.1069381535053253,-204.1895570755005,0.0003
0.022849254310131073,31,1387600,426.90738,0.28,100.0,43808,13876,346704,27.497336506843567,0.040445757331326604,1.647831085138023,-204.47392559051514,0.0003
0.02285316213965416,31,1388000,426.63077,0.28,100.0,43822,13880,346800,22.626082837581635,0.04074924089945853,0.7068685367703438,-204.68940830230713,0.0003
0.02284925803542137,31,1388400,425.37137,0.27,100.0,43835,13884,346896,22.56946223974228,0.040813453029841185,-1.435048472136259,-204.36693382263184,0.0003
0.02285059355199337,31,1388800,426.43378,0.28,100.0,43848,13888,346992,21.583284854888916,0.04091513203456998,1.459975890815258,-204.2006130218506,0.0003
0.022852253168821335,31,1389200,429.36673,0.29,100.0,43864,13892,347104,21.68281400203705,0.04087617411278188,0.45756377279758453,-204.1686658859253,0.0003
0.022855259478092194,31,1389600,428.505,0.29,100.0,43878,13896,347200,26.35743546485901,0.041234430857002735,0.08231309801340103,-204.94974613189697,0.0003
0.022856440395116806,31,1390000,428.61115,0.28,100.0,43891,13900,347296,29.960556745529175,0.04128022491931915,-0.5660550631582737,-204.49517345428467,0.0003
0.022858241572976112,31,1390400,424.0259,0.26,100.0,43905,13904,347392,28.97576677799225,0.0413963682949543,-1.1846870929002762,-204.23852252960205,0.0003
0.022859131917357445,31,1390800,426.9436,0.28,100.0,43918,13908,347504,25.28018355369568,0.04149069334380329,1.7795573435723782,-203.70159339904785,0.0003
0.022861845791339874,31,1391200,427.54758,0.28,100.0,43930,13912,347600,23.333985209465027,0.041525776498019695,-0.24864663928747177,-204.52433967590332,0.0003
0.022861231118440628,31,1391600,424.28445,0.28,100.0,43940,13916,347696,22.512440025806427,0.04165502195246518,0.34208690002560616,-204.6485366821289,0.0003
0.022859100252389908,31,1392000,423.62112,0.28,100.0,43952,13920,347792,24.642545878887177,0.041753113735467196,1.3734973147511482,-204.3780632019043,0.0003
0.022862443700432777,31,1392400,423.5243,0.27,100.0,43964,13924,347904,24.958243548870087,0.04210492200218141,-0.3609689250588417,-204.73905277252197,0.0003
0.022867297753691673,31,1392800,421.91565,0.25,100.0,43976,13928,348000,23.18498694896698,0.042236928129568696,1.0304224863648415,-204.54574584960938,0.0003
0.02287094108760357,31,1393200,422.8156,0.25,100.0,43986,13932,348096,26.88945162296295,0.042589736403897405,0.8638193719089031,-205.6165943145752,0.0003
0.02286732755601406,31,1393600,423.60843,0.24,100.0,44001,13936,348192,25.9673570394516,0.04268046095967293,1.1356627084314823,-205.30657768249512,0.0003
0.022868579253554344,31,1394000,421.12207,0.23,100.0,44015,13940,348304,24.970513701438904,0.04287408874370158,2.4905653595924377,-204.62438201904297,0.0003
0.02286769263446331,31,1394400,421.04996,0.23,100.0,44029,13944,348400,25.109439849853516,0.04313148744404316,1.8105993336066604,-204.64337635040283,0.0003
0.0228678397834301,31,1394800,422.85074,0.25,100.0,44042,13948,348496,26.691423416137695,0.04322838177904487,1.0848122648894787,-205.10494422912598,0.0003
0.02286844328045845,31,1395200,425.63788,0.25,100.0,44054,13952,348592,27.21595048904419,0.043533839751034975,-1.6235232977196574,-205.24523448944092,0.0003
0.02286348305642605,31,1395600,425.16922,0.24,100.0,44067,13956,348704,22.043339371681213,0.043691050726920366,-0.3247183095663786,-205.04909420013428,0.0003
0.022869016975164413,31,1396000,424.22095,0.23,100.0,44078,13960,348800,23.62472677230835,0.043791612377390265,-0.6580342557281256,-205.72650718688965,0.0003
0.022868655622005463,31,1396400,422.32767,0.23,100.0,44089,13964,348896,23.73765480518341,0.043679331662133336,-0.5942905358970165,-205.55279350280762,0.0003
0.022869648411870003,31,1396800,419.6141,0.22,100.0,44101,13968,348992,23.59237229824066,0.04342495673336089,-0.6478896886110306,-205.03565788269043,0.0003
0.02287225052714348,31,1397200,424.19855,0.23,100.0,44118,13972,349104,25.607240557670593,0.04348479490727186,-1.1598502323031425,-204.3272762298584,0.0003
0.022874178364872932,31,1397600,423.99796,0.23,100.0,44130,13976,349200,24.092686772346497,0.043521842220798135,-0.4825755972415209,-204.97458934783936,0.0003
0.022872569039463997,31,1398000,423.9725,0.22,100.0,44142,13980,349296,23.277586817741394,0.04372473736293614,1.884129498153925,-204.52757930755615,0.0003
0.02287713810801506,31,1398400,422.11993,0.21,100.0,44154,13984,349392,23.40174090862274,0.04400507430545986,-1.0007652379572392,-204.98861408233643,0.0003
0.02287686988711357,31,1398800,423.01144,0.21,100.0,44166,13988,349504,27.06812620162964,0.043915981659665704,1.068247782997787,-204.85122108459473,0.0003
0.022875983268022537,31,1399200,418.05136,0.19,100.0,44178,13992,349600,25.228861570358276,0.043891454581171274,1.2913445308804512,-205.34315013885498,0.0003
0.02287001721560955,31,1399600,418.7829,0.2,100.0,44189,13996,349696,21.189682722091675,0.04377511329948902,-0.7111186310648918,-205.41531467437744,0.0003
0.02287294715642929,31,1400000,417.84082,0.19,100.0,44200,14000,349792,25.582432448863983,0.04398958384990692,0.6898799892514944,-205.52518272399902,0.0003
0.02287597395479679,31,1400400,418.06308,0.18,100.0,44216,14004,349904,21.653022289276123,0.04388085752725601,-1.1827928349375725,-205.60210132598877,0.0003
0.022873450070619583,31,1400800,414.13773,0.17,100.0,44227,14008,350000,25.70659863948822,0.043676418252289295,0.3864438757300377,-205.24529552459717,0.0003
0.02287292666733265,31,1401200,410.26398,0.15,100.0,44241,14012,350096,25.75788116455078,0.04385192762129009,-2.112366497516632,-205.0509729385376,0.0003
0.022871794179081917,31,1401600,410.52863,0.15,100.0,44253,14016,350192,21.20756334066391,0.043893144465982914,-0.25878676027059555,-205.9698715209961,0.0003
0.02287100814282894,31,1402000,411.79492,0.14,100.0,44267,14020,350304,26.51090443134308,0.043763494584709406,0.3024607114493847,-205.68715286254883,0.0003
0.022871579974889755,31,1402400,410.74356,0.14,100.0,44280,14024,350400,25.883570432662964,0.043983529321849346,-2.103187427856028,-204.60509586334229,0.0003
0.022875282913446426,31,1402800,411.7118,0.15,100.0,44292,14028,350496,26.02567619085312,0.04411128954961896,0.4841183163225651,-204.95083236694336,0.0003
0.022877149283885956,31,1403200,409.0403,0.15,100.0,44305,14032,350592,29.20729684829712,0.0439807022921741,-0.1322508119046688,-205.2589807510376,0.0003
0.022872915491461754,31,1403600,407.51227,0.15,100.0,44319,14036,350704,27.93642246723175,0.0436154764611274,-2.367023441940546,-204.95631313323975,0.0003
0.02287621982395649,31,1404000,410.8959,0.16,100.0,44332,14040,350800,25.762635707855225,0.04341061017476022,1.0149484649300575,-205.21952629089355,0.0003
0.02287914790213108,31,1404400,409.09198,0.15,100.0,44346,14044,350896,25.378372311592102,0.04337523318827152,0.4586614053696394,-204.4640874862671,0.0003
0.022874964401125908,31,1404800,406.44043,0.12,100.0,44360,14048,350992,26.562520503997803,0.04285848652943969,1.3612338490784168,-205.46388912200928,0.0003
0.022874334827065468,31,1405200,401.69473,0.11,100.0,44374,14052,351104,27.65497851371765,0.04283619811758399,-0.4987343456596136,-206.65576553344727,0.0003
0.022874286398291588,31,1405600,401.69754,0.11,100.0,44388,14056,351200,25.205758571624756,0.04284099373035133,0.7578742671757936,-204.43762683868408,0.0003
0.022872189059853554,31,1406000,404.80496,0.13,100.0,44400,14060,351296,27.746684432029724,0.042654789285734296,0.7341758832335472,-204.03311824798584,0.0003
0.02287343330681324,31,1406400,407.2546,0.14,100.0,44413,14064,351392,28.387017130851746,0.04265661328099668,0.8368882145732641,-203.3743896484375,0.0003
0.02287476509809494,31,1406800,405.2879,0.13,100.0,44427,14068,351504,26.115804314613342,0.04263701196759939,0.6928554587066174,-204.89261054992676,0.0003
0.022869987413287163,31,1407200,402.913,0.13,100.0,44437,14072,351600,32.62615394592285,0.04252023948356509,0.599033672362566,-204.61310482025146,0.0003
0.022870879620313644,31,1407600,401.3347,0.13,100.0,44448,14076,351696,25.41740071773529,0.042576887644827366,-0.34199681505560875,-204.72955799102783,0.0003
0.022866595536470413,31,1408000,403.0063,0.15,100.0,44460,14080,351792,26.147128343582153,0.04233073885552585,0.07033010944724083,-204.37239933013916,0.0003
0.02286839857697487,31,1408400,402.82434,0.15,100.0,44474,14084,351904,25.98232102394104,0.042442321544513106,2.605182357132435,-204.46139335632324,0.0003
0.022869039326906204,31,1408800,406.23395,0.16,100.0,44488,14088,352000,23.55571937561035,0.04265658580698073,1.0380479954183102,-204.8655548095703,0.0003
0.022871797904372215,31,1409200,407.96936,0.17,100.0,44501,14092,352096,25.177382588386536,0.04283083835616708,-1.2801620364189148,-204.76633167266846,0.0003
0.022872023284435272,31,1409600,409.1868,0.16,100.0,44515,14096,352192,25.45246708393097,0.042677434626966715,-0.055395253002643585,-205.06431484222412,0.0003
0.022870851680636406,31,1410000,406.2429,0.16,100.0,44527,14100,352304,24.879565000534058,0.042808205587789416,0.66826999373734,-203.97496032714844,0.0003
0.02286740392446518,31,1410400,408.89798,0.18,100.0,44542,14104,352400,27.424349665641785,0.04266452556475997,-0.6259712921455503,-204.82880783081055,0.0003
0.02287469059228897,31,1410800,408.27554,0.17,100.0,44554,14108,352496,24.388627409934998,0.042725305538624525,-0.3732568211853504,-204.7716064453125,0.0003
0.022877680137753487,31,1411200,409.9551,0.17,100.0,44569,14112,352592,26.06627643108368,0.04277385328896344,-0.38746266067028046,-205.4120693206787,0.0003
0.022880466654896736,31,1411600,408.1423,0.16,100.0,44584,14116,352704,26.081960558891296,0.04288710420951247,0.07188001088798046,-206.17282009124756,0.0003
0.022877616807818413,31,1412000,409.34454,0.18,100.0,44596,14120,352800,26.29132914543152,0.04249934828840196,0.0671109864488244,-204.9125280380249,0.0003
0.02288115583360195,31,1412400,411.2925,0.18,100.0,44608,14124,352896,30.33923351764679,0.0426183941308409,0.9004053231328726,-204.7016086578369,0.0003
0.022879669442772865,31,1412800,416.9561,0.2,100.0,44619,14128,352992,28.089307188987732,0.04261634964495897,0.37437976710498333,-204.57639026641846,0.0003
0.0228743776679039,31,1413200,413.28653,0.19,100.0,44631,14132,353104,26.65590262413025,0.04298381693661213,0.5310440007597208,-204.52076053619385,0.0003
0.022870901972055435,31,1413600,415.01495,0.2,100.0,44643,14136,353200,26.526870250701904,0.04316815244965255,-1.2455352079123259,-204.8589096069336,0.0003
0.02286960557103157,31,1414000,408.65015,0.18,100.0,44655,14140,353296,29.27973985671997,0.043144520139321685,2.2138468623161316,-204.6646556854248,0.0003
0.02286718226969242,31,1414400,406.9876,0.19,100.0,44666,14144,353392,24.395483016967773,0.04330694209784269,-1.6771470122039318,-204.51372241973877,0.0003
0.022863907739520073,31,1414800,403.93906,0.18,100.0,44679,14148,353504,25.005473375320435,0.04315200773999095,1.4063058402389288,-204.6003818511963,0.0003
0.02287467196583748,31,1415200,405.56726,0.18,100.0,44692,14152,353600,29.7372909784317,0.043306073639541864,1.17338153347373,-204.1621561050415,0.0003
0.02287193574011326,31,1415600,408.57483,0.19,100.0,44706,14156,353696,27.37882149219513,0.04352108691819012,0.6338966209441423,-204.51565647125244,0.0003
0.022871796041727066,31,1416000,409.0712,0.19,100.0,44717,14160,353792,25.642043590545654,0.04375270823948085,-1.0837223157286644,-205.48816394805908,0.0003
0.022879116237163544,31,1416400,410.57343,0.2,100.0,44730,14164,353904,26.857717871665955,0.04391768923960626,0.29550299420952797,-204.30881595611572,0.0003
0.022875895723700523,31,1416800,411.21124,0.21,100.0,44743,14168,354000,31.642746806144714,0.043790825409814715,-0.5055426061153412,-203.64893341064453,0.0003
0.022872526198625565,31,1417200,416.4259,0.22,100.0,44756,14172,354096,28.474807500839233,0.043755182763561606,1.4550220370292664,-205.21489810943604,0.0003
0.022868605330586433,31,1417600,422.2411,0.25,100.0,44768,14176,354192,24.995296359062195,0.043773256009444594,0.6828283108770847,-204.7405595779419,0.0003
0.022866833955049515,31,1418000,420.88074,0.25,100.0,44782,14180,354304,24.023853540420532,0.04374334611929953,0.6528693679720163,-204.18438339233398,0.0003
0.02286784164607525,31,1418400,420.78918,0.25,100.0,44795,14184,354400,26.726059675216675,0.0437366662081331,0.4547469038516283,-205.30681705474854,0.0003
0.022869523614645004,31,1418800,415.41418,0.23,100.0,44806,14188,354496,25.93732178211212,0.04388745571486652,1.1440863497555256,-203.99778938293457,0.0003
0.02287188358604908,31,1419200,413.87418,0.22,100.0,44820,14192,354592,28.099395036697388,0.044070400996133685,0.8287584912031889,-204.642183303833,0.0003
0.022873707115650177,31,1419600,412.8241,0.22,100.0,44834,14196,354704,24.351104140281677,0.044150676345452666,-0.2625299748033285,-204.2096071243286,0.0003
0.022874483838677406,31,1420000,418.3472,0.23,100.0,44845,14200,354800,26.932223916053772,0.04401215794496238,-0.15204819291830063,-204.17121696472168,0.0003
0.02287081815302372,31,1420400,414.82922,0.21,100.0,44855,14204,354896,27.48816227912903,0.043970131780952215,-1.2410682272166014,-204.87081241607666,0.0003
0.02287452667951584,31,1420800,413.51215,0.21,100.0,44869,14208,354992,30.041321873664856,0.043815530836582184,-1.3470851816236973,-204.4172534942627,0.0003
0.022879477590322495,31,1421200,412.74164,0.22,100.0,44884,14212,355104,26.087339878082275,0.043720955261960626,0.2881483491510153,-204.40108585357666,0.0003
0.022870579734444618,31,1421600,413.89664,0.23,100.0,44896,14216,355200,27.541802048683167,0.04319843580015004,-0.8296601353213191,-204.93376541137695,0.0003
0.022868776693940163,31,1422000,412.08533,0.22,100.0,44909,14220,355296,24.576142191886902,0.04320267797447741,0.7296724170446396,-203.8466386795044,0.0003
0.02286907471716404,31,1422400,415.13657,0.24,100.0,44922,14224,355392,26.50183379650116,0.04304368561133742,1.3819324374198914,-205.34278869628906,0.0003
0.022862112149596214,31,1422800,411.07437,0.22,100.0,44935,14228,355504,26.253727912902832,0.042629489907994866,-0.29109387658536434,-203.99526405334473,0.0003
0.02286304347217083,31,1423200,413.02106,0.22,100.0,44949,14232,355600,25.820908308029175,0.04261083737947047,-0.725574130192399,-205.3795986175537,0.0003
0.022863304242491722,31,1423600,415.215,0.22,100.0,44964,14236,355696,26.66451108455658,0.04256089683622122,0.7170026302337646,-204.67183685302734,0.0003
0.02286313846707344,31,1424000,419.64737,0.23,100.0,44980,14240,355792,32.287545800209045,0.0426761768758297,1.7685475200414658,-203.44016456604004,0.0003
0.022863363847136497,31,1424400,423.54614,0.24,100.0,44992,14244,355904,26.568018555641174,0.04296544403769076,0.5342454519122839,-204.37030506134033,0.0003
0.0228656604886055,31,1424800,428.2881,0.26,100.0,45007,14248,356000,29.00347113609314,0.04314084607176483,4.001492435112596,-205.17736530303955,0.0003
0.022865580394864082,31,1425200,424.70898,0.26,100.0,45017,14252,356096,28.74559772014618,0.04360453714616597,-0.09472432732582092,-204.61613082885742,0.0003
0.022866670042276382,31,1425600,422.25137,0.25,100.0,45028,14256,356192,25.245739221572876,0.043520600302144885,-0.6498726774007082,-205.04695224761963,0.0003
0.022870035842061043,31,1426000,419.0339,0.23,100.0,45042,14260,356304,26.39234697818756,0.04357302677817643,-2.7857814878225327,-204.716383934021,0.0003
0.022874798625707626,31,1426400,420.09232,0.23,100.0,45056,14264,356400,28.162545084953308,0.043698034482076764,0.7560759782791138,-204.49359035491943,0.0003
0.02287418209016323,31,1426800,418.0947,0.22,100.0,45067,14268,356496,27.22308850288391,0.044269232312217355,1.4873121939599514,-203.67101955413818,0.0003
0.022876394912600517,31,1427200,414.39352,0.21,100.0,45078,14272,356592,30.49198067188263,0.044415339129045606,2.174049701541662,-204.93354988098145,0.0003
0.02287851646542549,31,1427600,410.7614,0.19,100.0,45091,14276,356704,32.08868217468262,0.04453559499233961,1.4233204424381256,-204.30855751037598,0.0003
0.0228821262717247,31,1428000,408.3344,0.18,100.0,45103,14280,356800,26.78067708015442,0.044734802562743425,0.2369802799075842,-204.52549648284912,0.0003
0.02288873866200447,31,1428400,406.5328,0.18,100.0,45117,14284,356896,24.000439286231995,0.04512093751691282,1.14275224506855,-204.36173629760742,0.0003
0.022890465334057808,31,1428800,408.23505,0.19,100.0,45131,14288,356992,27.3799911737442,0.0450914257671684,-1.043823005631566,-204.26507472991943,0.0003
0.02289368398487568,31,1429200,411.9696,0.21,100.0,45145,14292,357104,26.711608290672302,0.04488415480591357,-0.6498736329376698,-204.46895217895508,0.0003
0.022892815992236137,31,1429600,412.13437,0.22,100.0,45157,14296,357200,28.851803302764893,0.04498682217672467,-1.2821501325815916,-204.0936450958252,0.0003
0.022896267473697662,31,1430000,409.43127,0.22,100.0,45169,14300,357296,28.2354416847229,0.04512252635322511,1.838532319292426,-205.0651273727417,0.0003
0.02289913222193718,31,1430400,412.65344,0.24,100.0,45181,14304,357392,32.985387682914734,0.04541023029014468,0.7569895666092634,-203.185453414917,0.0003
0.022895239293575287,31,1430800,412.1024,0.24,100.0,45193,14308,357504,27.272279500961304,0.045414265245199203,1.256635781377554,-204.64901161193848,0.0003
0.02289901115000248,31,1431200,414.44516,0.25,100.0,45205,14312,357600,26.182151198387146,0.045763154746964574,1.1318979822099209,-204.4408836364746,0.0003
0.022898994386196136,31,1431600,419.4693,0.27,100.0,45217,14316,357696,28.354016184806824,0.045768962474539876,-0.7913293298333883,-205.93483448028564,0.0003
0.0228984747081995,31,1432000,418.31305,0.27,100.0,45229,14320,357792,24.310990571975708,0.04556098347529769,-0.7826576419174671,-204.68480110168457,0.0003
0.02289646491408348,31,1432400,417.1232,0.28,100.0,45241,14324,357904,24.197768568992615,0.04566677240654826,1.6174835003912449,-204.27516174316406,0.0003
0.02289487235248089,31,1432800,414.45984,0.28,100.0,45252,14328,358000,34.314225912094116,0.04557778569869697,-0.6481934878975153,-204.90347862243652,0.0003
0.022896112874150276,31,1433200,413.29544,0.28,100.0,45262,14332,358096,25.511659264564514,0.04541869438253343,-1.7041069269180298,-205.28836917877197,0.0003
0.022900061681866646,31,1433600,408.5776,0.27,100.0,45273,14336,358192,27.175867676734924,0.04553017392754555,0.18630018085241318,-204.5062379837036,0.0003
0.02289840765297413,31,1434000,407.71887,0.26,100.0,45285,14340,358304,28.382526874542236,0.045522322645410895,0.1194259561598301,-203.9357738494873,0.0003
0.022896835580468178,31,1434400,403.49606,0.24,100.0,45296,14344,358400,26.359001755714417,0.045480270171537995,-1.7321645207703114,-204.33627891540527,0.0003
0.022899964824318886,31,1434800,398.41898,0.22,100.0,45307,14348,358496,28.87891137599945,0.0454245142173022,-2.142666608095169,-203.28748607635498,0.0003
0.022901685908436775,31,1435200,403.5743,0.24,100.0,45322,14352,358592,26.92774784564972,0.04552674456499517,1.8943791966885328,-203.58346557617188,0.0003
0.02289910428225994,31,1435600,404.6436,0.25,100.0,45334,14356,358704,28.75908875465393,0.04583440697751939,1.3346300944685936,-204.35914993286133,0.0003
0.02290305681526661,31,1436000,408.114,0.26,100.0,45346,14360,358800,27.469727337360382,0.04621040681377053,0.4778680298477411,-204.2943935394287,0.0003
0.02290390618145466,31,1436400,403.22922,0.24,100.0,45361,14364,358896,27.12569546699524,0.04640422132797539,1.2890782058238983,-203.66260051727295,0.0003
0.022903328761458397,31,1436800,404.1335,0.25,100.0,45372,14368,358992,28.812093138694763,0.04642211343161762,1.1899233758449554,-204.26370525360107,0.0003
0.02290104515850544,31,1437200,407.07047,0.27,100.0,45386,14372,359104,29.121825218200684,0.046314637176692486,-0.07800007704645395,-203.63448429107666,0.0003
0.022899292409420013,31,1437600,407.2956,0.26,100.0,45399,14376,359200,30.278457164764404,0.04630602803081274,1.5992122441530228,-203.8386287689209,0.0003
0.022900870069861412,31,1438000,407.318,0.25,100.0,45412,14380,359296,27.96095108985901,0.04659534874372184,-0.8067897260189056,-202.9683313369751,0.0003
0.022900553420186043,31,1438400,410.20853,0.26,100.0,45426,14384,359392,24.61090350151062,0.04637549235485494,0.7132833711802959,-204.1469202041626,0.0003
0.0228941161185503,31,1438800,411.7919,0.26,100.0,45440,14388,359504,26.503368139266968,0.04628744372166693,1.7273605410009623,-203.62395572662354,0.0003
0.022894641384482384,31,1439200,405.9213,0.24,100.0,45453,14392,359600,32.37782871723175,0.04650249890983105,-0.20070304721593857,-204.82378768920898,0.0003
0.02289389818906784,31,1439600,406.17978,0.24,100.0,45466,14396,359696,30.49363076686859,0.0468616490252316,1.978273307904601,-204.9364309310913,0.0003
0.022898567840456963,31,1440000,406.33313,0.25,100.0,45482,14400,359792,31.336042881011963,0.04688327317126095,0.3070085793733597,-204.34918689727783,0.0003
0.02290072664618492,31,1440400,403.07153,0.23,100.0,45496,14404,359904,26.695229172706604,0.04678805638104677,-1.734303567558527,-204.5097780227661,0.0003
0.022901596501469612,31,1440800,402.8785,0.23,100.0,45508,14408,360000,28.19223189353943,0.046727861277759075,-1.12902420014143,-204.215669631958,0.0003
0.022899789735674858,31,1441200,401.13947,0.22,100.0,45521,14412,360096,27.55626153945923,0.04654389922507107,-1.0100558958947659,-204.03331851959229,0.0003
0.02290026657283306,31,1441600,397.2651,0.2,100.0,45535,14416,360192,29.63615095615387,0.0464298976585269,0.720326853916049,-202.94254779815674,0.0003
0.02289726957678795,31,1442000,396.9858,0.19,100.0,45548,14420,360304,26.911513566970825,0.04621969535946846,2.96798531152308,-203.82631015777588,0.0003
0.02289939671754837,31,1442400,394.62204,0.16,100.0,45560,14424,360400,26.38344419002533,0.04635834041982889,-0.1734535526484251,-203.28472328186035,0.0003
0.02290046587586403,31,1442800,396.30765,0.16,100.0,45573,14428,360496,27.62094748020172,0.046066048089414835,-0.34212401509284973,-203.79792308807373,0.0003
0.02289736457169056,31,1443200,399.44073,0.17,100.0,45587,14432,360592,29.26448428630829,0.04591689328663051,-0.28142258198931813,-204.00833702087402,0.0003
0.022891778498888016,31,1443600,402.2852,0.18,100.0,45601,14436,360704,29.09528350830078,0.04554453119635582,-0.3685545064508915,-203.99279594421387,0.0003
0.022890402004122734,31,1444000,401.09534,0.18,100.0,45612,14440,360800,27.629724502563477,0.045529039576649666,-0.3792168404906988,-204.4681100845337,0.0003
0.02288619987666607,31,1444400,403.14462,0.18,100.0,45623,14444,360896,25.61477506160736,0.0456468288321048,-1.2666327459737659,-203.38654327392578,0.0003
0.022889239713549614,31,1444800,408.6982,0.2,100.0,45636,14448,360992,33.23592507839203,0.045717804692685604,0.27471145521849394,-204.21584033966064,0.0003
0.022884245961904526,31,1445200,405.80408,0.18,100.0,45648,14452,361104,33.06661653518677,0.04581341962330043,-0.24415157176554203,-204.17121410369873,0.0003
0.022880448028445244,31,1445600,406.4167,0.19,100.0,45661,14456,361200,29.209055542945862,0.04565281514078379,1.9619097858667374,-203.78788566589355,0.0003
0.022883037105202675,31,1446000,406.5364,0.21,100.0,45675,14460,361296,26.634968400001526,0.04592830175533891,-0.16310548037290573,-204.0566816329956,0.0003
0.02288219891488552,31,1446400,409.15628,0.22,100.0,45689,14464,361392,26.271902203559875,0.0461219830904156,-0.5673651993274689,-203.73974990844727,0.0003
0.02287900820374489,31,1446800,410.06223,0.21,100.0,45702,14468,361504,28.68857705593109,0.04614911577664316,-0.46859942004084587,-203.19085693359375,0.0003
0.02287442795932293,31,1447200,409.21716,0.2,100.0,45715,14472,361600,28.582781672477722,0.04609241452999413,-0.3891665190458298,-204.4243860244751,0.0003
0.022874999791383743,31,1447600,408.94226,0.21,100.0,45727,14476,361696,30.39186120033264,0.04586444888263941,-0.05230930633842945,-204.17090225219727,0.0003
0.022874852642416954,31,1448000,411.64493,0.21,100.0,45739,14480,361792,31.761236548423767,0.045845084358006716,-1.033063730224967,-203.12992000579834,0.0003
0.022873375564813614,31,1448400,412.38577,0.21,100.0,45754,14484,361904,32.95797598361969,0.04581443313509226,1.1437009423971176,-204.23757934570312,0.0003
0.022873152047395706,31,1448800,408.48352,0.2,100.0,45765,14488,362000,31.318466544151306,0.045913179172202945,-1.1731891743838787,-204.34575843811035,0.0003
0.022875014692544937,31,1449200,410.13754,0.21,100.0,45779,14492,362096,31.57391595840454,0.04615771281532943,3.1178586035966873,-204.4531488418579,0.0003
0.02288108319044113,31,1449600,407.66626,0.2,100.0,45792,14496,362192,29.0746431350708,0.046804615296423435,1.265955931507051,-204.18854904174805,0.0003
0.022876912727952003,31,1450000,407.6066,0.19,100.0,45807,14500,362304,29.66042709350586,0.047023996245115995,0.8674136511981487,-203.80126857757568,0.0003
0.022877555340528488,31,1450400,410.025,0.2,100.0,45818,14504,362400,29.344287157058716,0.047265022061765194,1.5368149802088737,-206.07316780090332,0.0003
0.022876838222146034,31,1450800,414.91214,0.22,100.0,45830,14508,362496,30.326892256736755,0.04774676309898496,-0.30670776404440403,-203.96139526367188,0.0003
0.022878354415297508,31,1451200,413.56473,0.21,100.0,45841,14512,362592,31.597007632255554,0.04804748948663473,-0.12491537071764469,-203.95227909088135,0.0003
0.022880008444190025,31,1451600,414.59543,0.2,100.0,45854,14516,362704,28.73470151424408,0.04818740230984986,0.3907247092574835,-203.7010097503662,0.0003
0.02287743240594864,31,1452000,418.96136,0.22,100.0,45870,14520,362800,29.385324358940125,0.04819288896396756,2.1362517289817333,-203.58856773376465,0.0003
0.022879349067807198,31,1452400,419.7379,0.23,100.0,45880,14524,362896,27.873026728630066,0.04844115790911019,1.839407067745924,-203.86677265167236,0.0003
0.02288145013153553,31,1452800,419.65878,0.23,100.0,45893,14528,362992,29.824156165122986,0.04843126446940005,1.5905123353004456,-203.78548049926758,0.0003
0.022883029654622078,31,1453200,419.99646,0.23,100.0,45906,14532,363104,29.289223432540894,0.04845746839419007,-1.9134419038891792,-203.90626430511475,0.0003
0.022883983328938484,31,1453600,419.36954,0.24,100.0,45919,14536,363200,28.303213000297546,0.048344272654503584,1.1471129842102528,-204.41011333465576,0.0003
0.022889502346515656,31,1454000,418.2247,0.24,100.0,45932,14540,363296,30.143983006477356,0.04847503243945539,-0.2014290653169155,-203.88204288482666,0.0003
0.02289142832159996,31,1454400,420.65063,0.26,100.0,45945,14544,363392,31.299893260002136,0.04826455027796328,0.10133300349116325,-203.43756294250488,0.0003
0.02289154753088951,31,1454800,414.5365,0.24,100.0,45958,14548,363504,29.650668740272522,0.04812334501184523,-2.112098203971982,-204.31893253326416,0.0003
0.022893009707331657,31,1455200,415.88147,0.24,100.0,45972,14552,363600,32.76924133300781,0.04799320176243782,0.7141472483053803,-204.2651777267456,0.0003
0.022891940549016,31,1455600,415.24066,0.23,100.0,45983,14556,363696,31.61178457736969,0.04793355753645301,0.6376848090440035,-204.06466388702393,0.0003
0.022886861115694046,31,1456000,413.96362,0.2,100.0,45999,14560,363792,29.932154059410095,0.047903979662805796,-0.5337220951914787,-203.49553203582764,0.0003
0.02288951352238655,31,1456400,414.61465,0.2,100.0,46012,14564,363904,28.615622639656067,0.048136062221601605,0.18661367148160934,-204.2896499633789,0.0003
0.02289482392370701,31,1456800,415.9525,0.2,100.0,46027,14568,364000,27.77661693096161,0.048464315477758646,2.670352764427662,-204.42833709716797,0.0003
0.022896619513630867,31,1457200,412.685,0.19,100.0,46041,14572,364096,28.080693244934082,0.048798618372529745,1.602455273270607,-204.45550632476807,0.0003
0.022896112874150276,31,1457600,415.04956,0.19,100.0,46053,14576,364192,31.53985035419464,0.0488676514942199,-0.8125848062336445,-203.14723777770996,0.0003
0.022896114736795425,31,1458000,412.1219,0.2,100.0,46065,14580,364304,29.355937361717224,0.04873521928675473,-2.646235203370452,-204.19549751281738,0.0003
0.02289530821144581,31,1458400,412.01227,0.2,100.0,46077,14584,364400,27.354093074798584,0.048396553145721555,-0.6996663361787796,-204.21340465545654,0.0003
0.022899802774190903,31,1458800,416.48212,0.22,100.0,46088,14588,364496,28.28234314918518,0.04835024010390043,-0.33139370614662766,-202.9358034133911,0.0003
0.0229030828922987,31,1459200,416.96484,0.21,100.0,46098,14592,364592,30.33544099330902,0.04836188815534115,-2.3389647379517555,-204.1481533050537,0.0003
0.02290606126189232,31,1459600,422.3694,0.23,100.0,46112,14596,364704,27.508695602416992,0.048370281932875514,0.38936551846563816,-204.48977756500244,0.0003
0.022908905521035194,31,1460000,419.7128,0.22,100.0,46122,14600,364800,31.40520489215851,0.04830476990900934,-0.16386475041508675,-204.42970180511475,0.0003
0.022907866165041924,31,1460400,417.605,0.21,100.0,46132,14604,364896,25.510956525802612,0.048580706818029284,1.0182739458978176,-202.9573564529419,0.0003
0.02291414700448513,31,1460800,414.5781,0.2,100.0,46144,14608,364992,26.864275574684143,0.048661102540791035,-0.10518463142216206,-203.9931297302246,0.0003
0.02291472628712654,31,1461200,414.07278,0.21,100.0,46158,14612,365104,28.27572226524353,0.04839681531302631,0.5486310608685017,-203.76598072052002,0.0003
0.022918786853551865,31,1461600,413.62463,0.22,100.0,46169,14616,365200,30.99160325527191,0.048390328884124756,-2.3507478730753064,-204.36937713623047,0.0003
0.022923551499843597,31,1462000,408.79434,0.2,100.0,46182,14620,365296,29.15046203136444,0.04821034939959645,-1.913580640219152,-203.4158182144165,0.0003
0.022922294214367867,31,1462400,407.1173,0.19,100.0,46193,14624,365392,28.54465901851654,0.04829632141627371,-0.24563307873904705,-203.83620262145996,0.0003
0.022920124232769012,31,1462800,407.37268,0.19,100.0,46208,14628,365504,26.375900864601135,0.048177202232182026,3.375945810228586,-203.16467189788818,0.0003
0.0229239109903574,31,1463200,405.94562,0.18,100.0,46220,14632,365600,31.525328516960144,0.04825838631950319,-0.49754450656473637,-204.00728034973145,0.0003
0.022922588512301445,31,1463600,408.07175,0.18,100.0,46231,14636,365696,33.31079912185669,0.0479523865506053,1.7237607575953007,-203.307373046875,0.0003
0.022918295115232468,31,1464000,408.91296,0.19,100.0,46244,14640,365792,36.34813940525055,0.0480178720317781,0.20905339159071445,-203.83407402038574,0.0003
0.022916074842214584,31,1464400,407.6321,0.19,100.0,46262,14644,365904,28.83565855026245,0.047752891667187214,-0.8298151753842831,-202.38057899475098,0.0003
0.02291809767484665,31,1464800,408.7734,0.19,100.0,46273,14648,366000,27.383018493652344,0.047554658725857735,-0.016405105590820312,-204.4422197341919,0.0003
0.02291690930724144,31,1465200,408.31918,0.19,100.0,46285,14652,366096,26.434669613838196,0.0475015752017498,-0.5583210568875074,-202.31891918182373,0.0003
0.022909468039870262,31,1465600,409.88788,0.19,100.0,46297,14656,366192,29.810023188591003,0.04729621927253902,-0.9538864605128765,-204.10494232177734,0.0003
0.022906014695763588,31,1466000,407.3419,0.2,100.0,46310,14660,366304,26.00215470790863,0.04703195230104029,0.8387544229626656,-203.0207633972168,0.0003
0.02290905825793743,31,1466400,408.59784,0.21,100.0,46323,14664,366400,28.559424877166748,0.04699428309686482,0.33902283757925034,-203.31271743774414,0.0003
0.02290753833949566,31,1466800,409.45233,0.23,100.0,46340,14668,366496,28.365385055541992,0.04700269713066518,0.284518426284194,-203.84978771209717,0.0003
0.022905295714735985,31,1467200,408.05237,0.23,100.0,46351,14672,366592,27.01218581199646,0.04696152568794787,1.1951487809419632,-202.86362743377686,0.0003
0.02291015349328518,31,1467600,408.62253,0.23,100.0,46365,14676,366704,34.25057816505432,0.04716379661113024,-0.03489742614328861,-204.24327182769775,0.0003
0.02291015349328518,31,1468000,410.97693,0.23,100.0,46376,14680,366800,25.90794599056244,0.04708566633053124,0.31829756312072277,-204.2050266265869,0.0003
0.02290937677025795,31,1468400,410.87134,0.23,100.0,46386,14684,366896,29.45023238658905,0.046974063385277987,-2.13341398909688,-202.24478435516357,0.0003
0.022905848920345306,31,1468800,409.18832,0.21,100.0,46399,14688,366992,30.455455660820007,0.04650636459700763,0.3849424496293068,-203.05384635925293,0.0003
0.022909702733159065,31,1469200,413.26495,0.22,100.0,46414,14692,367104,34.78941893577576,0.04658987489528954,0.6279963329434395,-203.120135307312,0.0003
0.022913312539458275,31,1469600,408.02917,0.2,100.0,46429,14696,367200,28.037312746047974,0.04698288394138217,-0.1629394330084324,-203.27109718322754,0.0003
0.02290838584303856,31,1470000,408.1321,0.2,100.0,46444,14700,367296,27.071725368499756,0.0467006575781852,0.34957524575293064,-204.15310859680176,0.0003
0.022903550416231155,31,1470400,410.85574,0.21,100.0,46456,14704,367392,27.909067630767822,0.04670969815924764,1.069522112607956,-203.27892398834229,0.0003
0.02290046401321888,31,1470800,411.47614,0.2,100.0,46471,14708,367504,31.999343514442444,0.04665053030475974,-0.3602543827146292,-202.93871784210205,0.0003
0.022902293130755424,31,1471200,411.4787,0.19,100.0,46486,14712,367600,28.51184642314911,0.04655495984479785,1.7498025707900524,-203.0701665878296,0.0003
0.022905241698026657,31,1471600,412.02094,0.2,100.0,46499,14716,367696,31.170796513557434,0.0469396049156785,0.22488365322351456,-203.55782318115234,0.0003
0.02289796620607376,31,1472000,417.47095,0.22,100.0,46509,14720,367792,27.184072256088257,0.046768365893512964,1.437689756974578,-202.92117881774902,0.0003
0.02290615253150463,31,1472400,418.68127,0.22,100.0,46521,14724,367904,31.01708674430847,0.04700702801346779,1.5022898614406586,-205.3301820755005,0.0003
0.02290918305516243,31,1472800,416.23642,0.22,100.0,46535,14728,368000,26.55760371685028,0.047592701157554984,2.572495676577091,-203.51092147827148,0.0003
0.022908277809619904,31,1473200,417.51297,0.22,100.0,46546,14732,368096,31.504992365837097,0.04795548412948847,0.040924012660980225,-203.42506790161133,0.0003
0.022903570905327797,31,1473600,420.4115,0.23,100.0,46561,14736,368192,32.45668840408325,0.04803106584586203,0.39500993583351374,-203.61731052398682,0.0003
0.02290446124970913,31,1474000,420.85446,0.22,100.0,46574,14740,368304,33.4112389087677,0.047979093389585614,-1.0023422576487064,-202.84962272644043,0.0003
0.02290511317551136,31,1474400,421.88,0.21,100.0,46589,14744,368400,33.472761034965515,0.04795799148268998,-1.06020537763834,-202.61633491516113,0.0003
0.022902928292751312,31,1474800,420.59964,0.21,100.0,46599,14748,368496,29.20024871826172,0.04752962873317301,-0.4037663536146283,-203.56761264801025,0.0003
0.022899573668837547,31,1475200,423.59348,0.23,100.0,46610,14752,368592,37.691733717918396,0.04731635912321508,-0.44239047542214394,-203.40532207489014,0.0003
0.022898687049746513,31,1475600,419.47183,0.23,100.0,46622,14756,368704,31.122950792312622,0.0470507035497576,-1.5896254628896713,-203.0749158859253,0.0003
0.022891798987984657,31,1476000,423.7739,0.23,100.0,46634,14760,368800,27.180396556854248,0.046661218628287315,1.0363163659349084,-203.80969905853271,0.0003
0.022894110530614853,31,1476400,423.0155,0.23,100.0,46647,14764,368896,32.00187802314758,0.04698091349564493,-0.3716498874127865,-202.60330772399902,0.0003
0.022893454879522324,31,1476800,422.86612,0.21,100.0,46662,14768,368992,28.978729009628296,0.04704578407108784,0.23068971373140812,-203.2514772415161,0.0003
0.022890321910381317,31,1477200,423.64114,0.2,100.0,46675,14772,369104,29.590052008628845,0.04719484830275178,-1.3467096788808703,-202.72378635406494,0.0003
0.022890087217092514,31,1477600,422.93546,0.2,100.0,46688,14776,369200,28.037259578704834,0.04713661456480622,-3.068213587626815,-202.86076068878174,0.0003
0.022888895124197006,31,1478000,421.84308,0.2,100.0,46702,14780,369296,28.769290447235107,0.04705362603999674,-0.38800993748009205,-203.3438777923584,0.0003
0.022886047139763832,31,1478400,421.40393,0.2,100.0,46714,14784,369392,28.292331337928772,0.04688358772546053,-1.9786332873627543,-203.15072536468506,0.0003
0.02287927083671093,31,1478800,422.66565,0.21,100.0,46728,14788,369504,31.624845147132874,0.04682733095251024,0.08076768182218075,-202.63675689697266,0.0003
0.022877933457493782,31,1479200,418.1048,0.2,100.0,46739,14792,369600,30.162626147270203,0.046918437583372,-0.023015061393380165,-203.3349733352661,0.0003
0.022879092022776604,31,1479600,419.0975,0.21,100.0,46751,14796,369696,26.775941610336304,0.046908001182600856,0.5610719434916973,-202.7437334060669,0.0003
0.022883914411067963,31,1480000,420.2652,0.23,100.0,46765,14800,369792,25.646047949790955,0.0470197272952646,-0.3220947291702032,-202.15118885040283,0.0003
0.022886432707309723,31,1480400,417.95245,0.22,100.0,46778,14804,369904,32.114200949668884,0.04700688109733164,-1.0626266468316317,-202.5746488571167,0.0003
0.022882191464304924,31,1480800,418.21063,0.23,100.0,46790,14808,370000,32.185386657714844,0.04677139222621918,-1.9509987719357014,-202.45815753936768,0.0003
0.022878272458910942,31,1481200,419.7492,0.23,100.0,46806,14812,370096,32.514705419540405,0.04647694458253682,-0.4399900957942009,-202.26147937774658,0.0003
0.02287665195763111,31,1481600,416.74063,0.21,100.0,46819,14816,370192,26.23970103263855,0.04629944288171828,1.0103685781359673,-202.3738088607788,0.0003
0.0228742603212595,31,1482000,414.18265,0.2,100.0,46832,14820,370304,30.99473750591278,0.04635710967704654,-0.3797659454867244,-202.70899772644043,0.0003
0.022867510095238686,31,1482400,415.80124,0.22,100.0,46845,14824,370400,28.293888568878174,0.04610971477814019,1.889853049069643,-202.61771392822266,0.0003
0.02286139316856861,31,1482800,416.48465,0.22,100.0,46856,14828,370496,27.895577311515808,0.0463098690379411,1.1521483808755875,-202.29272079467773,0.0003
0.022859109565615654,31,1483200,418.5099,0.24,100.0,46867,14832,370592,30.7373206615448,0.04620101070031524,-1.1671091336756945,-202.7020969390869,0.0003
0.022859472781419754,31,1483600,412.84836,0.21,100.0,46884,14836,370704,28.887695789337158,0.04593999614007771,-0.12918497622013092,-202.56219577789307,0.0003
0.02285761572420597,31,1484000,414.7758,0.22,100.0,46897,14840,370800,31.13763988018036,0.045846555614843965,1.1984630562365055,-202.0398406982422,0.0003
0.02285989746451378,31,1484400,411.8031,0.21,100.0,46909,14844,370896,27.725963354110718,0.04584070644341409,-0.06118279881775379,-202.41408729553223,0.0003
0.022858254611492157,31,1484800,416.78116,0.22,100.0,46923,14848,370992,27.6625953912735,0.04587756982073188,1.1830279342830181,-202.2198133468628,0.0003
0.022858722135424614,31,1485200,411.45862,0.2,100.0,46938,14852,371104,35.06967902183533,0.045893106143921614,2.3053664043545723,-202.16929721832275,0.0003
0.022861506789922714,31,1485600,414.62747,0.2,100.0,46949,14856,371200,25.60479474067688,0.04585829540155828,-0.5932794027030468,-202.19940948486328,0.0003
0.02285839430987835,31,1486000,413.66718,0.2,100.0,46961,14860,371296,26.290927171707153,0.04583182092756033,0.9752556793391705,-202.93503093719482,0.0003
0.02285909838974476,31,1486400,414.51022,0.2,100.0,46974,14864,371392,30.4032301902771,0.04556917538866401,-1.3350173430517316,-201.96901416778564,0.0003
0.02285723201930523,31,1486800,414.34686,0.21,100.0,46988,14868,371504,32.12556838989258,0.045312237460166216,1.037217404693365,-201.81472396850586,0.0003
0.022852111607789993,31,1487200,418.09253,0.23,100.0,46999,14872,371600,26.750356554985046,0.04544804384931922,1.04795016720891,-202.843581199646,0.0003
0.022849055007100105,31,1487600,416.52023,0.23,100.0,47013,14876,371696,26.59371066093445,0.04555403906852007,-1.5937448991462588,-202.6132345199585,0.0003
0.02284986712038517,31,1488000,416.32327,0.22,100.0,47028,14880,371792,27.023634910583496,0.04588481946848333,1.8284863261505961,-202.95394229888916,0.0003
0.022847069427371025,31,1488400,413.19714,0.21,100.0,47042,14884,371904,25.82177698612213,0.04589126957580447,-2.9244725424796343,-201.80604934692383,0.0003
0.022845832630991936,31,1488800,411.7224,0.21,100.0,47055,14888,372000,27.50976836681366,0.04574046703055501,0.409815376624465,-202.125714302063,0.0003
0.02284812554717064,31,1489200,412.9085,0.21,100.0,47067,14892,372096,26.114309191703796,0.045808278722688556,1.507024454884231,-202.48747730255127,0.0003
0.022845011204481125,31,1489600,414.1348,0.21,100.0,47079,14896,372192,29.120625019073486,0.04564232029952109,0.3087106589227915,-203.33907890319824,0.0003
0.022846439853310585,31,1490000,414.0444,0.19,100.0,47091,14900,372304,28.88602614402771,0.045825107488781214,2.5309065096080303,-202.19649028778076,0.0003
0.02285025082528591,31,1490400,418.3535,0.22,100.0,47104,14904,372400,30.15627110004425,0.04609133070334792,1.2845314778387547,-201.6271686553955,0.0003
0.022845273837447166,31,1490800,420.1134,0.23,100.0,47115,14908,372496,27.431896448135376,0.04585264204069972,-1.6244963947683573,-201.79979801177979,0.0003
0.022845720872282982,31,1491200,421.1382,0.24,100.0,47128,14912,372592,27.17220377922058,0.04589823610149324,-0.7378236912190914,-202.85436153411865,0.0003
0.022841908037662506,31,1491600,421.40585,0.24,100.0,47140,14916,372704,27.771293461322784,0.04616816807538271,-0.8355375938117504,-201.55333614349365,0.0003
0.022839346900582314,31,1492000,416.00687,0.23,100.0,47151,14920,372800,27.954283952713013,0.046321278205141425,-0.9280571900308132,-200.90412425994873,0.0003
0.02283947542309761,31,1492400,416.82678,0.23,100.0,47165,14924,372896,26.32059371471405,0.04640240082517266,-2.77740590646863,-200.57579135894775,0.0003
0.022835748270154,31,1492800,415.48083,0.22,100.0,47175,14928,372992,26.44553542137146,0.04623183235526085,2.0807672329247,-201.2667942047119,0.0003
0.02283811755478382,31,1493200,412.7736,0.2,100.0,47192,14932,373104,29.559411764144897,0.04682050901465118,-0.04639654979109764,-201.86876106262207,0.0003
0.022833621129393578,31,1493600,415.50812,0.22,100.0,47204,14936,373200,28.426169276237488,0.04670219193212688,-1.1813092585653067,-202.4894504547119,0.0003
0.02283039502799511,31,1494000,416.21652,0.23,100.0,47215,14940,373296,26.860612988471985,0.046576556051149964,0.31154628843069077,-201.22932243347168,0.0003
0.022827697917819023,31,1494400,423.22354,0.26,100.0,47226,14944,373392,30.078621864318848,0.046358273131772876,-2.039879604242742,-202.25320148468018,0.0003
0.022827522829174995,31,1494800,419.5671,0.25,100.0,47238,14948,373504,31.202698826789856,0.04638226074166596,-1.579089943319559,-201.4948902130127,0.0003
0.022827651351690292,31,1495200,422.04614,0.26,100.0,47251,14952,373600,31.499927401542664,0.04625493357889354,-0.6545245852321386,-201.39702129364014,0.0003
0.02282935194671154,31,1495600,421.7397,0.26,100.0,47264,14956,373696,31.65928840637207,0.04637057101354003,1.027055200189352,-201.84261322021484,0.0003
0.02282630279660225,31,1496000,422.5579,0.28,100.0,47276,14960,373792,29.048906087875366,0.04639756726101041,-0.5725478045642376,-202.0811061859131,0.0003
0.02282179333269596,31,1496400,417.36853,0.26,100.0,47288,14964,373904,26.531845092773438,0.0462530932854861,-2.1810758020728827,-202.61515045166016,0.0003
0.022820213809609413,31,1496800,414.87222,0.25,100.0,47298,14968,374000,28.891599655151367,0.04628368513658643,-0.8888875357806683,-202.38937759399414,0.0003
0.02281530573964119,31,1497200,414.3595,0.25,100.0,47310,14972,374096,27.688631653785706,0.04630195163190365,-0.9038529433310032,-202.07525444030762,0.0003
0.02281569130718708,31,1497600,417.7762,0.26,100.0,47321,14976,374192,27.949468731880188,0.04626656393520534,0.2490845900028944,-202.07897663116455,0.0003
0.022813789546489716,31,1498000,421.57803,0.27,100.0,47337,14980,374304,31.180633902549744,0.046144040301442146,-1.4625461092218757,-202.6475133895874,0.0003
0.022805001586675644,31,1498400,427.87512,0.28,100.0,47349,14984,374400,27.170612573623657,0.04570167860947549,-0.6085880920290947,-202.14490127563477,0.0003
0.02280500717461109,31,1498800,429.0721,0.29,100.0,47361,14988,374496,35.39761435985565,0.045577293960377574,1.0824173875153065,-201.81832695007324,0.0003
0.022803209722042084,31,1499200,431.31747,0.3,100.0,47374,14992,374592,29.49241352081299,0.045524617191404104,0.9012200348079205,-202.3991813659668,0.0003
0.022796934470534325,31,1499600,432.6409,0.31,100.0,47388,14996,374704,27.737886786460876,0.04571836884133518,-1.192346889525652,-202.60415267944336,0.0003
0.02279495634138584,31,1500000,430.3142,0.31,100.0,47399,15000,374800,28.344383478164673,0.04559928481467068,-0.9703293479979038,-201.81586170196533,0.0003
0.02279205434024334,31,1500400,426.1133,0.29,100.0,47412,15004,374896,28.476234316825867,0.04566430300474167,-2.598846508190036,-203.11003494262695,0.0003
0.022793596610426903,31,1500800,426.15002,0.28,100.0,47428,15008,374992,30.270548224449158,0.04580350196920335,-1.5529609806835651,-202.2489414215088,0.0003
0.02279476262629032,31,1501200,424.2294,0.27,100.0,47442,15012,375104,28.72148895263672,0.04597377823665738,0.17221487686038017,-202.66012859344482,0.0003
0.022790318354964256,31,1501600,424.1574,0.27,100.0,47454,15016,375200,26.495693802833557,0.04599672579206526,0.43651190400123596,-202.81293487548828,0.0003
0.022788789123296738,31,1502000,430.0451,0.29,100.0,47468,15020,375296,32.671600699424744,0.04621737147681415,2.1224321983754635,-203.39284229278564,0.0003
0.022785834968090057,31,1502400,428.72864,0.29,100.0,47479,15024,375392,29.017341375350952,0.04632636089809239,2.556009776890278,-204.1704616546631,0.0003
0.02279261313378811,31,1502800,430.62308,0.3,100.0,47495,15028,375504,32.99682319164276,0.04649787815287709,-0.3811196833848953,-202.7283420562744,0.0003
0.022789208218455315,31,1503200,430.137,0.3,100.0,47506,15032,375600,27.736738562583923,0.046541160671040416,0.9521450325846672,-204.22666263580322,0.0003
0.022792795673012733,31,1503600,427.6064,0.28,100.0,47518,15036,375696,30.827220559120178,0.04691106057725847,-1.9783761724829674,-203.59328079223633,0.0003
0.02278614230453968,31,1504000,428.51376,0.27,100.0,47530,15040,375792,33.81818616390228,0.04681658116169274,-0.7500868095085025,-203.8728723526001,0.0003
0.02277880162000656,31,1504400,422.93594,0.25,100.0,47543,15044,375904,30.08382534980774,0.046858413610607386,2.8090557381510735,-203.66574096679688,0.0003
0.02278205379843712,31,1504800,424.784,0.26,100.0,47555,15048,376000,30.63500440120697,0.0472999841440469,0.3377713169902563,-203.1157455444336,0.0003
0.022781025618314743,31,1505200,423.1749,0.25,100.0,47570,15052,376096,28.356362462043762,0.047398975817486644,-0.6537338811904192,-204.34023666381836,0.0003
0.022782234475016594,31,1505600,424.42856,0.25,100.0,47581,15056,376192,31.523297786712646,0.047736652195453644,-0.163097164593637,-202.2325620651245,0.0003
0.02278348058462143,31,1506000,422.2719,0.24,100.0,47596,15060,376304,28.628865957260132,0.04777680500410497,-1.5622193440794945,-202.55320739746094,0.0003
0.022784894332289696,31,1506400,425.62518,0.25,100.0,47607,15064,376400,29.936309814453125,0.0477646691724658,-0.5581740280613303,-203.93979740142822,0.0003
0.022783683612942696,31,1506800,429.234,0.26,100.0,47621,15068,376496,29.99511468410492,0.04779604496434331,1.1711663380265236,-204.6862030029297,0.0003
0.02278645895421505,31,1507200,426.67126,0.24,100.0,47636,15072,376592,29.501402378082275,0.0480584423057735,-1.7064534351229668,-203.72780323028564,0.0003
0.022783778607845306,31,1507600,423.87817,0.23,100.0,47649,15076,376704,32.17648005485535,0.04821387608535588,-2.0978270582854748,-203.87613487243652,0.0003
0.022776642814278603,31,1508000,423.70407,0.24,100.0,47662,15080,376800,33.975422501564026,0.04811573657207191,-0.37395715713500977,-204.21762657165527,0.0003
0.02277597226202488,31,1508400,421.1603,0.24,100.0,47676,15084,376896,31.584531664848328,0.04812349285930395,1.5389258954674006,-202.71851921081543,0.0003
0.022774560377001762,31,1508800,420.4562,0.23,100.0,47687,15088,376992,29.938193202018738,0.048381517408415675,-1.2239627540111542,-203.90247249603271,0.0003
0.022771170362830162,31,1509200,417.3023,0.22,100.0,47699,15092,377104,32.8902063369751,0.04821123951114714,1.1942129544913769,-204.27542877197266,0.0003
0.022763382643461227,31,1509600,417.72958,0.22,100.0,47713,15096,377200,29.066615223884583,0.048587125493213534,1.2456544116139412,-204.62207698822021,0.0003
0.0227625984698534,31,1510000,422.81726,0.23,100.0,47726,15100,377296,29.80258536338806,0.04888476128689945,1.461306381970644,-204.36648750305176,0.0003
0.022762302309274673,31,1510400,423.66382,0.23,100.0,47739,15104,377392,25.78631615638733,0.04906938108615577,1.4482605382800102,-203.83463859558105,0.0003
0.0227604191750288,31,1510800,422.84293,0.23,100.0,47752,15108,377504,32.30092465877533,0.04941787361167371,-0.5644167177379131,-203.37401962280273,0.0003
0.022756483405828476,31,1511200,422.1509,0.23,100.0,47764,15112,377600,27.763611316680908,0.049407444428652525,-0.3016790486872196,-203.5343656539917,0.0003
0.02275758609175682,31,1511600,424.13724,0.24,100.0,47780,15116,377696,36.941959261894226,0.04956318740732968,-0.9779054932296276,-204.59625911712646,0.0003
0.022752564400434494,31,1512000,425.33383,0.24,100.0,47795,15120,377792,32.41814911365509,0.04965484770946205,-0.5397381819784641,-204.6228256225586,0.0003
0.022744806483387947,31,1512400,425.2673,0.23,100.0,47810,15124,377904,29.71392822265625,0.04940095986239612,0.09374550729990005,-204.87402629852295,0.0003
0.022746359929442406,31,1512800,426.79822,0.23,100.0,47825,15128,378000,34.60193860530853,0.0498243966139853,0.9741334617137909,-204.49624252319336,0.0003
0.02274257317185402,31,1513200,427.4675,0.24,100.0,47839,15132,378096,32.743581771850586,0.049926853040233254,1.3655545637011528,-205.1932144165039,0.0003
0.022743066772818565,31,1513600,427.80933,0.25,100.0,47851,15136,378192,26.027624487876892,0.04990339558571577,0.1759963622316718,-204.71092319488525,0.0003
0.022745737805962563,31,1514000,425.30655,0.25,100.0,47863,15140,378304,36.56475114822388,0.04992186650633812,-0.11095370957627892,-204.8713035583496,0.0003
0.02273944765329361,31,1514400,427.22784,0.25,100.0,47876,15144,378400,30.147361397743225,0.04969785362482071,-0.29630202800035477,-203.96105861663818,0.0003
0.02273906208574772,31,1514800,428.2153,0.26,100.0,47887,15148,378496,28.358750820159912,0.04993788036517799,1.835013173520565,-206.27289199829102,0.0003
0.02273436449468136,31,1515200,431.1067,0.27,100.0,47899,15152,378592,30.88974094390869,0.05001524626277387,-0.6805990226566792,-205.21432781219482,0.0003
0.022735869511961937,31,1515600,429.8552,0.27,100.0,47911,15156,378704,30.856369137763977,0.049802113557234406,0.6855398397892714,-205.36595916748047,0.0003
0.02273530699312687,31,1516000,433.78882,0.27,100.0,47927,15160,378800,32.0617493391037,0.049863486317917705,-0.18964397348463535,-204.58846187591553,0.0003
0.0227295383810997,31,1516400,433.29343,0.27,100.0,47939,15164,378896,32.96265459060669,0.049598181853070855,-1.7014043293893337,-203.85195922851562,0.0003
0.02272585965692997,31,1516800,432.9093,0.27,100.0,47953,15168,378992,33.487871050834656,0.04947915719822049,-0.27234423719346523,-204.66273307800293,0.0003
0.02272326685488224,31,1517200,433.51648,0.28,100.0,47968,15172,379104,34.87078678607941,0.049448276637122035,-0.9887892752885818,-204.5746250152588,0.0003
0.022728610783815384,31,1517600,434.41055,0.27,100.0,47980,15176,379200,31.379374504089355,0.04984922497533262,-1.4532892499119043,-205.6975555419922,0.0003
0.022728469222784042,31,1518000,432.3315,0.26,100.0,47991,15180,379296,33.89709937572479,0.04965210612863302,-0.16467110440135002,-204.00580501556396,0.0003
0.022726498544216156,31,1518400,430.84653,0.26,100.0,48003,15184,379392,28.699663758277893,0.04975877329707146,0.6969831418246031,-203.9897232055664,0.0003
0.022727537900209427,31,1518800,429.42184,0.25,100.0,48016,15188,379504,28.5869722366333,0.04983263951726258,0.7919967174530029,-203.86748886108398,0.0003
0.02272609807550907,31,1519200,432.87686,0.26,100.0,48028,15192,379600,31.062687158584595,0.04996835091151297,-0.09267527610063553,-204.17053413391113,0.0003
0.022725515067577362,31,1519600,429.6643,0.24,100.0,48039,15196,379696,29.309690833091736,0.0501414171885699,1.3284674771130085,-204.82447624206543,0.0003
0.02272513136267662,31,1520000,430.24445,0.24,100.0,48051,15200,379792,32.20213174819946,0.050205163890495896,0.43378410302102566,-204.7343225479126,0.0003
0.022729134187102318,31,1520400,434.01462,0.26,100.0,48065,15204,379904,33.548166036605835,0.05016606976278126,-1.25623613409698,-203.92631721496582,0.0003
0.022726844996213913,31,1520800,432.39645,0.25,100.0,48076,15208,380000,31.386842846870422,0.0501177494879812,0.6341386679559946,-205.42685317993164,0.0003
0.02272924967110157,31,1521200,434.78143,0.27,100.0,48090,15212,380096,28.76745307445526,0.050271524814888835,-0.1768883727490902,-204.5856351852417,0.0003
0.02272810973227024,31,1521600,435.32187,0.27,100.0,48100,15216,380192,30.35271406173706,0.049960711505264044,-0.028364802710711956,-204.71925354003906,0.0003
0.02272750809788704,31,1522000,429.37192,0.25,100.0,48112,15220,380304,33.307916045188904,0.049875699914991856,0.5136463306844234,-205.16202640533447,0.0003
0.022724825888872147,31,1522400,428.72034,0.25,100.0,48125,15224,380400,31.471080660820007,0.049669536063447595,0.7930302424356341,-204.0502052307129,0.0003
0.022726040333509445,31,1522800,426.80606,0.25,100.0,48136,15228,380496,35.482765913009644,0.04991592722944915,2.0132191218435764,-204.42181205749512,0.0003
0.02272762730717659,31,1523200,430.41684,0.26,100.0,48147,15232,380592,30.290460348129272,0.050224100705236197,0.8430421929806471,-204.0769557952881,0.0003
0.022727780044078827,31,1523600,430.258,0.26,100.0,48159,15236,380704,31.791813015937805,0.05024692812003195,0.21570012159645557,-205.25197887420654,0.0003
0.02272113971412182,31,1524000,429.81415,0.26,100.0,48171,15240,380800,30.996114015579224,0.04996474040672183,0.0805649533867836,-203.55932331085205,0.0003
0.022724326699972153,31,1524400,430.4254,0.27,100.0,48184,15244,380896,27.496957898139954,0.04999113152734935,-0.06010695919394493,-203.98983573913574,0.0003
0.022724652662873268,31,1524800,429.06726,0.26,100.0,48196,15248,380992,28.70918357372284,0.0499205042142421,-0.8392247334122658,-204.3871364593506,0.0003
0.02272079698741436,31,1525200,426.9093,0.25,100.0,48209,15252,381104,31.945850372314453,0.049718369264155626,0.3145892135798931,-204.313982963562,0.0003
0.02271951176226139,31,1525600,425.2951,0.24,100.0,48221,15256,381200,31.579319834709167,0.049729294842109084,-0.9890763713046908,-205.63735103607178,0.0003
0.022721223533153534,31,1526000,420.1945,0.23,100.0,48232,15260,381296,27.27464461326599,0.04972548573277891,-0.2962775290943682,-203.99341583251953,0.0003
0.02271726354956627,31,1526400,424.13174,0.25,100.0,48244,15264,381392,31.793461084365845,0.04944959795102477,-2.220807909965515,-205.1795883178711,0.0003
0.022714713588356972,31,1526800,422.61194,0.25,100.0,48256,15268,381504,29.668244123458862,0.04918519267812371,0.6242003962397575,-204.9333038330078,0.0003
0.02271103486418724,31,1527200,424.9634,0.27,100.0,48270,15272,381600,33.40425670146942,0.049142116913571954,-0.06726387329399586,-205.44856929779053,0.0003
0.022711077705025673,31,1527600,423.52313,0.27,100.0,48280,15276,381696,28.895681977272034,0.04891752125695348,0.10737036913633347,-205.43506050109863,0.0003
0.022709382697939873,31,1528000,422.7491,0.27,100.0,48292,15280,381792,27.500872254371643,0.04869846720248461,-0.5530561711639166,-205.67241287231445,0.0003
0.022705096751451492,31,1528400,423.01315,0.28,100.0,48305,15284,381904,34.61630737781525,0.04866049950942397,1.134436808526516,-205.2719669342041,0.0003
0.02270023711025715,31,1528800,426.2926,0.29,100.0,48316,15288,382000,28.38887870311737,0.04855889035388827,1.5250104442238808,-204.64332485198975,0.0003
0.02269722893834114,31,1529200,424.9693,0.29,100.0,48327,15292,382096,31.571569561958313,0.04849243932403624,-0.8076231945306063,-205.89524364471436,0.0003
0.02269880846142769,31,1529600,424.76508,0.29,100.0,48342,15296,382192,28.157609462738037,0.048237977316603065,-0.7956519555300474,-205.19190788269043,0.0003
0.02269509620964527,31,1530000,425.4255,0.3,100.0,48354,15300,382304,30.382489919662476,0.04799165646545589,1.8291173912584782,-204.61999702453613,0.0003
0.02269480749964714,31,1530400,418.81628,0.27,100.0,48365,15304,382400,29.76111125946045,0.04802856664173305,-1.5200882945209742,-204.3623809814453,0.0003
0.022689832374453545,31,1530800,418.2478,0.27,100.0,48376,15308,382496,30.886966705322266,0.0477763363160193,0.6158673837780952,-204.83329105377197,0.0003
0.022686492651700974,31,1531200,418.93594,0.27,100.0,48388,15312,382592,28.1676766872406,0.0480522233992815,0.921249384060502,-204.33669757843018,0.0003
0.022683823481202126,31,1531600,417.02054,0.26,100.0,48405,15316,382704,30.694112181663513,0.04827149538323283,-1.9077968169003725,-205.86203956604004,0.0003
0.022681718692183495,31,1532000,418.99008,0.26,100.0,48417,15320,382800,32.16185665130615,0.048309648875147104,0.8586798459291458,-205.18311500549316,0.0003
0.022679666057229042,31,1532400,419.328,0.25,100.0,48430,15324,382896,30.58870279788971,0.048370684031397104,0.6294297687709332,-205.09086322784424,0.0003
0.022678665816783905,31,1532800,423.40848,0.26,100.0,48441,15328,382992,28.7564914226532,0.04832183290272951,-0.3654042109847069,-205.26348304748535,0.0003
0.02268371544778347,31,1533200,423.03226,0.26,100.0,48457,15332,383104,28.75198543071747,0.04836486466228962,-0.5515432497486472,-206.0476245880127,0.0003
0.022686226293444633,31,1533600,422.3119,0.25,100.0,48471,15336,383200,28.061689615249634,0.04829050018452108,-0.05554143525660038,-204.87127304077148,0.0003
0.022684259340167046,31,1534000,422.25235,0.24,100.0,48486,15340,383296,32.57660961151123,0.04816654999740422,0.47577738761901855,-205.53226280212402,0.0003
0.02267758920788765,31,1534400,420.27316,0.23,100.0,48497,15344,383392,34.32812714576721,0.048515549628064036,-0.23211625590920448,-205.42532444000244,0.0003
0.022674748674035072,31,1534800,420.06122,0.23,100.0,48511,15348,383504,32.29972279071808,0.048716000048443675,-1.2082953304052353,-205.09168434143066,0.0003
0.022671841084957123,31,1535200,425.60992,0.25,100.0,48522,15352,383600,27.64197313785553,0.048577891662716866,-1.0030655786395073,-204.97866344451904,0.0003
0.022667620331048965,31,1535600,428.10925,0.26,100.0,48535,15356,383696,27.93698740005493,0.04832616611383855,-1.485498234629631,-204.93453121185303,0.0003
0.022663729265332222,31,1536000,427.85034,0.26,100.0,48546,15360,383792,28.002856135368347,0.04838130506686866,-2.4893377758562565,-205.49024105072021,0.0003
0.022662092000246048,31,1536400,425.04996,0.24,100.0,48558,15364,383904,29.366167187690735,0.048258858965709805,2.11687945201993,-205.23912525177002,0.0003
0.02266252227127552,31,1536800,428.65002,0.25,100.0,48570,15368,384000,29.962751030921936,0.04835335584357381,1.179062546696514,-205.81225299835205,0.0003
0.022660372778773308,31,1537200,424.54034,0.22,100.0,48581,15372,384096,29.203715801239014,0.048459369922056794,-0.6888771876692772,-205.52015686035156,0.0003
0.022651400417089462,31,1537600,427.28735,0.24,100.0,48596,15376,384192,29.755565285682678,0.048472705995664,0.5394915714859962,-205.83002853393555,0.0003
0.022650621831417084,31,1538000,429.30948,0.25,100.0,48609,15380,384304,28.593181133270264,0.04869581758975983,1.039689514786005,-205.46076774597168,0.0003
0.022650254890322685,31,1538400,430.65817,0.24,100.0,48623,15384,384400,26.895262718200684,0.04875234281644225,-1.1962377652525902,-205.98320770263672,0.0003
0.022651849314570427,31,1538800,429.41663,0.25,100.0,48634,15388,384496,34.122151255607605,0.04873978067189455,1.1926014330238104,-205.87570190429688,0.0003
0.02265494503080845,31,1539200,431.22452,0.26,100.0,48648,15392,384592,30.406928420066833,0.04898668825626373,0.88417037576437,-206.1250514984131,0.0003
0.022649629041552544,31,1539600,430.3339,0.26,100.0,48661,15396,384704,27.607280492782593,0.04893871583044529,0.1880127191543579,-206.95489501953125,0.0003
0.02265137806534767,31,1540000,430.11227,0.26,100.0,48676,15400,384800,31.99080979824066,0.048999282298609614,1.8794834204018116,-206.2370195388794,0.0003
0.022649480029940605,31,1540400,431.48535,0.26,100.0,48688,15404,384896,32.12192976474762,0.04929101886227727,0.4053245335817337,-207.2209177017212,0.0003
0.022647080942988396,31,1540800,438.23056,0.29,100.0,48700,15408,384992,29.432937741279602,0.04944304097443819,1.0268751438707113,-206.7932529449463,0.0003
0.022646958008408546,31,1541200,437.36694,0.29,100.0,48715,15412,385104,32.8988938331604,0.04987007309682667,-0.4622464273124933,-204.89452648162842,0.0003
0.022647101432085037,31,1541600,437.68057,0.29,100.0,48729,15416,385200,29.372849106788635,0.0498708407394588,1.1495105316862464,-206.1485471725464,0.0003
0.022649016231298447,31,1542000,437.4507,0.3,100.0,48739,15420,385296,27.991421580314636,0.05024549434892833,-1.0176937580108643,-206.44754314422607,0.0003
0.022644732147455215,31,1542400,438.47894,0.31,100.0,48750,15424,385392,28.644127011299133,0.05004623858258128,0.39649283699691296,-205.49002742767334,0.0003
0.022639069706201553,31,1542800,434.5531,0.29,100.0,48766,15428,385504,32.020689845085144,0.05003041587769985,1.2607972547411919,-206.14899158477783,0.0003
0.02264087274670601,31,1543200,429.67142,0.28,100.0,48780,15432,385600,31.418993949890137,0.050523725571110845,1.7446028478443623,-205.85185527801514,0.0003
0.022638222202658653,31,1543600,429.6243,0.29,100.0,48791,15436,385696,27.161582350730896,0.050718601793050766,-0.4528588969260454,-205.86366271972656,0.0003
0.022635111585259438,31,1544000,429.549,0.3,100.0,48804,15440,385792,28.811952352523804,0.05086078611202538,0.0319541972130537,-205.11123371124268,0.0003
0.022637108340859413,31,1544400,431.40753,0.31,100.0,48818,15444,385904,29.0670884847641,0.051206806441769004,0.696487583220005,-205.64498043060303,0.0003
0.022637682035565376,31,1544800,431.722,0.31,100.0,48830,15448,386000,31.84801995754242,0.051041335333138704,-1.5396674200892448,-206.27937030792236,0.0003
0.022632133215665817,31,1545200,426.41824,0.29,100.0,48841,15452,386096,28.861966729164124,0.050513544818386436,-0.0019538812339305878,-206.44080638885498,0.0003
0.022633349522948265,31,1545600,425.0586,0.29,100.0,48856,15456,386192,28.585659980773926,0.05058731907047331,0.9743361230939627,-206.05391025543213,0.0003
0.022630678489804268,31,1546000,427.47366,0.3,100.0,48870,15460,386304,31.87254273891449,0.050363262416794896,-0.7430207971483469,-207.6881618499756,0.0003
0.02263106219470501,31,1546400,426.5114,0.3,100.0,48884,15464,386400,33.51457214355469,0.05031620594672859,-1.6888778544962406,-206.38998985290527,0.0003
0.02262820117175579,31,1546800,426.70462,0.3,100.0,48897,15468,386496,29.707332730293274,0.05031956546008587,0.37324242666363716,-206.202130317688,0.0003
0.02262694202363491,31,1547200,427.69406,0.3,100.0,48911,15472,386592,29.125637769699097,0.05040253442712128,1.3082651197910309,-206.77863025665283,0.0003
0.022627288475632668,31,1547600,427.49396,0.3,100.0,48925,15476,386704,29.5778546333313,0.05062799481675029,-0.8431898131966591,-206.81264114379883,0.0003
0.02262600138783455,31,1548000,428.2384,0.29,100.0,48938,15480,386800,28.1064635515213,0.05064797354862094,0.6989688165485859,-207.87026405334473,0.0003
0.02262040227651596,31,1548400,427.6494,0.29,100.0,48950,15484,386896,32.29826486110687,0.0503496581222862,0.5949636213481426,-206.85760879516602,0.0003
0.022621359676122665,31,1548800,426.2543,0.28,100.0,48962,15488,386992,28.414493441581726,0.05043544992804527,0.5970463715493679,-207.1022367477417,0.0003
0.022623490542173386,31,1549200,423.66757,0.27,100.0,48978,15492,387104,30.82292354106903,0.05060257110744715,-1.4426446296274662,-206.26672840118408,0.0003
0.022618839517235756,31,1549600,426.66125,0.28,100.0,48993,15496,387200,32.81505799293518,0.05003302707336843,-1.4148541148751974,-205.8949155807495,0.0003
0.022620094940066338,31,1550000,424.38882,0.27,100.0,49004,15500,387296,28.322345852851868,0.0503632768522948,-0.6465609688311815,-207.41380214691162,0.0003
0.022614993155002594,31,1550400,424.1949,0.27,100.0,49014,15504,387392,29.43648862838745,0.050102827372029424,1.2071095556020737,-207.23031044006348,0.0003
0.022605756297707558,31,1550800,422.9343,0.27,100.0,49027,15508,387504,30.292482495307922,0.05025160126388073,-2.0842157937586308,-205.38442039489746,0.0003
0.022608358412981033,31,1551200,421.41827,0.26,100.0,49041,15512,387600,28.82190728187561,0.05043484549969435,-3.3849341962486506,-205.78862762451172,0.0003
0.022607339546084404,31,1551600,420.65707,0.26,100.0,49053,15516,387696,33.43742656707764,0.05035079666413367,0.15563513152301311,-207.6964807510376,0.0003
0.022604389116168022,31,1552000,424.14383,0.27,100.0,49065,15520,387792,32.07223081588745,0.050408870447427034,0.7006755191832781,-206.8751392364502,0.0003
0.022604968398809433,31,1552400,421.42206,0.26,100.0,49078,15524,387904,34.08810031414032,0.0507095183711499,-0.5451348396018147,-206.77287578582764,0.0003
0.02260753884911537,31,1552800,423.70956,0.28,100.0,49090,15528,388000,33.35827624797821,0.05089842155575752,1.9782299045473337,-206.64336109161377,0.0003
0.022605501115322113,31,1553200,428.30603,0.29,100.0,49104,15532,388096,29.475564002990723,0.051544181536883116,0.4858936220407486,-206.7722692489624,0.0003
0.02260514535009861,31,1553600,428.61136,0.29,100.0,49118,15536,388192,29.952550053596497,0.05170221603475511,-0.48270632326602936,-207.42597198486328,0.0003
0.022607112303376198,31,1554000,427.41544,0.28,100.0,49130,15540,388304,32.03421938419342,0.051565675530582666,0.8376918537542224,-205.74739837646484,0.0003
0.022605888545513153,31,1554400,424.29254,0.27,100.0,49140,15544,388400,29.30752682685852,0.05150433862581849,0.7400703653693199,-206.14296340942383,0.0003
0.022610636427998543,31,1554800,424.35336,0.27,100.0,49151,15548,388496,33.428372740745544,0.05160230863839388,-2.6402747072279453,-205.8384609222412,0.0003
0.022606078535318375,31,1555200,424.65002,0.28,100.0,49162,15552,388592,28.131548166275024,0.05110445246100426,-0.8180512636899948,-205.51415157318115,0.0003
0.022607864812016487,31,1555600,425.22113,0.29,100.0,49176,15556,388704,25.86315393447876,0.05127202928997576,2.3852394530549645,-205.66180229187012,0.0003
0.02261040359735489,31,1556000,422.73328,0.27,100.0,49188,15560,388800,32.235753297805786,0.05113155301660299,-2.987086705863476,-206.81378936767578,0.0003
0.02260718308389187,31,1556400,423.88263,0.28,100.0,49200,15564,388896,32.8183411359787,0.050460073398426175,-0.8149942681193352,-206.73778820037842,0.0003
0.0226044449955225,31,1556800,419.85138,0.27,100.0,49211,15568,388992,28.98221468925476,0.05018792697228491,-1.030259756371379,-207.19810009002686,0.0003
0.02260316163301468,31,1557200,419.42834,0.28,100.0,49224,15572,389104,30.479312300682068,0.050433792639523745,-1.0514467861503363,-207.41409587860107,0.0003
0.02260156348347664,31,1557600,415.44492,0.26,100.0,49237,15576,389200,28.10941994190216,0.05039365799166262,-1.6055520307272673,-205.1927614212036,0.0003
0.022597607225179672,31,1558000,412.44116,0.25,100.0,49248,15580,389296,30.909215807914734,0.050277365604415536,1.4865655712783337,-206.12268924713135,0.0003
0.022590430453419685,31,1558400,414.84042,0.26,100.0,49260,15584,389392,26.764182806015015,0.050375420367345214,0.8497774787247181,-206.0826072692871,0.0003
0.02259082719683647,31,1558800,415.04477,0.26,100.0,49272,15588,389504,29.61742091178894,0.05043667135760188,-0.8148635067045689,-205.8175573348999,0.0003
0.022591425105929375,31,1559200,415.90643,0.25,100.0,49284,15592,389600,31.501246213912964,0.050544623052701354,0.279538344591856,-206.8772554397583,0.0003
0.022590626031160355,31,1559600,416.19418,0.26,100.0,49294,15596,389696,29.179705262184143,0.050353687489405274,-1.0092852339148521,-206.3093843460083,0.0003
0.022589487954974174,31,1560000,415.10782,0.26,100.0,49306,15600,389792,29.620689392089844,0.04986900510266423,-1.4487773403525352,-207.05153942108154,0.0003
0.022591225802898407,31,1560400,419.10504,0.27,100.0,49320,15604,389904,32.025890827178955,0.04966121120378375,-0.1674975510686636,-205.77219772338867,0.0003
0.022592777386307716,31,1560800,413.35696,0.24,100.0,49333,15608,390000,36.66262876987457,0.04945232532918453,0.3019848484545946,-207.1383113861084,0.0003
0.022593503817915916,31,1561200,412.69528,0.23,100.0,49345,15612,390096,27.936501264572144,0.04901932179927826,-1.0016030939295888,-207.12446212768555,0.0003
0.022590357810258865,31,1561600,413.20477,0.24,100.0,49357,15616,390192,28.710939168930054,0.048660322558134794,-1.341578133404255,-205.94750118255615,0.0003
0.02259107679128647,31,1562000,412.74445,0.24,100.0,49370,15620,390304,28.274389028549194,0.048610427184030414,1.6018870957195759,-207.9577465057373,0.0003
0.022589685395359993,31,1562400,419.68542,0.27,100.0,49383,15624,390400,27.851267099380493,0.04848620621487498,-2.4011447159573436,-206.81439781188965,0.0003
0.02258729562163353,31,1562800,422.07098,0.28,100.0,49393,15628,390496,31.98910343647003,0.048408919712528586,2.196625718846917,-206.6175241470337,0.0003
0.02258869633078575,31,1563200,419.9217,0.27,100.0,49406,15632,390592,27.39447796344757,0.04840035340748727,-1.2220397610217333,-207.7312650680542,0.0003
0.02259073220193386,31,1563600,423.80746,0.28,100.0,49419,15636,390704,31.443185925483704,0.04850463825277984,0.3575267344713211,-206.68706893920898,0.0003
0.022587014362215996,31,1564000,426.39993,0.29,100.0,49433,15640,390800,32.636242151260376,0.048455568961799145,1.1139551997184753,-207.63850784301758,0.0003
0.022585902363061905,31,1564400,427.65964,0.28,100.0,49447,15644,390896,30.83290457725525,0.048597011948004365,0.35428167693316936,-207.50576496124268,0.0003
0.022584255784749985,31,1564800,428.17856,0.28,100.0,49459,15648,390992,29.690874934196472,0.04852843936532736,0.3453573929145932,-207.54317474365234,0.0003
0.02258113957941532,31,1565200,428.59644,0.28,100.0,49472,15652,391104,29.066598892211914,0.048684859881177545,0.9066112786531448,-207.63583850860596,0.0003
0.022580461576581,31,1565600,426.78003,0.26,100.0,49486,15656,391200,32.75264585018158,0.049031162867322564,0.08315872214734554,-208.04028224945068,0.0003
0.022582868114113808,31,1566000,426.3084,0.28,100.0,49496,15660,391296,29.095542788505554,0.04963707341812551,-1.9255394488573074,-206.32171058654785,0.0003
0.022576862946152687,31,1566400,425.24426,0.27,100.0,49507,15664,391392,31.70416009426117,0.049880893900990486,1.6459954241290689,-206.3724536895752,0.0003
0.02257191576063633,31,1566800,428.63806,0.27,100.0,49519,15668,391504,28.357590317726135,0.049897137796506286,0.17858654633164406,-207.0409336090088,0.0003
0.0225693266838789,31,1567200,428.51297,0.27,100.0,49532,15672,391600,30.52779483795166,0.0498965319711715,0.23175442405045033,-207.62181663513184,0.0003
0.0225627813488245,31,1567600,430.38013,0.27,100.0,49543,15676,391696,27.811497569084167,0.04963034554384649,0.4795852415263653,-207.88475036621094,0.0003
0.022560210898518562,31,1568000,432.0361,0.29,100.0,49555,15680,391792,31.136895656585693,0.04995931568555534,-0.8482064865529537,-207.5110378265381,0.0003
0.022560065612196922,31,1568400,431.9655,0.28,100.0,49568,15684,391904,27.038918256759644,0.049924962455406785,0.8196948487311602,-207.94350337982178,0.0003
0.02255793660879135,31,1568800,433.53094,0.28,100.0,49580,15688,392000,28.33664584159851,0.0500603262335062,-1.29739386215806,-206.24092292785645,0.0003
0.022558005526661873,31,1569200,433.17953,0.29,100.0,49591,15692,392096,32.549911856651306,0.050247092731297016,0.9254327602684498,-207.1087942123413,0.0003
0.022555535659193993,31,1569600,435.31445,0.3,100.0,49605,15696,392192,30.09400165081024,0.05051353061571717,-0.3313019713386893,-206.3703441619873,0.0003
0.02255360409617424,31,1570000,434.76675,0.3,100.0,49616,15700,392304,28.255648732185364,0.050530591048300266,-0.20768296346068382,-207.68070888519287,0.0003
0.022551629692316055,31,1570400,433.97528,0.31,100.0,49630,15704,392400,31.161656260490417,0.050427212147042155,-0.722981370985508,-207.42968273162842,0.0003
0.022548092529177666,31,1570800,433.95898,0.31,100.0,49644,15708,392496,27.836092829704285,0.05042393016628921,-0.3104888331145048,-207.80273246765137,0.0003
0.022548409178853035,31,1571200,436.28876,0.31,100.0,49655,15712,392592,25.826261162757874,0.05019945092499256,-1.0880040219053626,-206.95390033721924,0.0003
0.022546490654349327,31,1571600,435.92792,0.31,100.0,49669,15716,392704,31.981597900390625,0.0500818130094558,-0.9424970597028732,-207.71068859100342,0.0003
0.02254495769739151,31,1572000,435.80823,0.31,100.0,49681,15720,392800,27.88451385498047,0.04999883007258177,0.8547790013253689,-208.030743598938,0.0003
0.02254164032638073,31,1572400,427.9365,0.28,100.0,49691,15724,392896,28.35997200012207,0.04997479752637446,-1.4837328642606735,-207.00585174560547,0.0003
0.02253519743680954,31,1572800,428.71042,0.28,100.0,49702,15728,392992,27.62241780757904,0.049728021025657654,-1.6383627019822598,-207.16160678863525,0.0003
0.022536663338541985,31,1573200,431.1163,0.29,100.0,49714,15732,393104,32.82863688468933,0.04990409757010639,1.3014613185077906,-206.41805171966553,0.0003
0.022538861259818077,31,1573600,429.48788,0.29,100.0,49724,15736,393200,26.337035417556763,0.05016775778494775,0.17522797361016273,-207.48133087158203,0.0003
0.022538263350725174,31,1574000,427.1501,0.28,100.0,49736,15740,393296,31.08828890323639,0.05017576413229108,1.1286030896008015,-207.64601516723633,0.0003
0.022542154416441917,31,1574400,429.68692,0.29,100.0,49747,15744,393392,30.994072794914246,0.0504010368604213,0.14896884188055992,-207.67949199676514,0.0003
0.02254098281264305,31,1574800,429.16824,0.28,100.0,49759,15748,393504,30.455010056495667,0.05042122956365347,-0.2151867114007473,-207.9067668914795,0.0003
0.022536827251315117,31,1575200,429.51367,0.29,100.0,49770,15752,393600,29.88810408115387,0.05068449815735221,0.35422647185623646,-208.4452543258667,0.0003
0.022536804899573326,31,1575600,429.39755,0.29,100.0,49781,15756,393696,29.522534489631653,0.0507754220161587,-0.4447847977280617,-207.6502170562744,0.0003
0.02253701537847519,31,1576000,430.50595,0.28,100.0,49792,15760,393792,28.627058744430542,0.05071958736516535,0.4674317091703415,-207.54554748535156,0.0003
0.022541044279932976,31,1576400,431.17484,0.28,100.0,49805,15764,393904,33.77437734603882,0.05104413325898349,-0.3852455811575055,-207.0201587677002,0.0003
0.022538697347044945,31,1576800,432.0499,0.29,100.0,49818,15768,394000,32.063069343566895,0.05105206253938377,0.14321190677583218,-208.2852144241333,0.0003
0.022533465176820755,31,1577200,433.64026,0.29,100.0,49830,15772,394096,26.629363417625427,0.05099148699082434,0.44022345170378685,-206.38598823547363,0.0003
0.02253234013915062,31,1577600,434.6433,0.3,100.0,49843,15776,394192,29.46282422542572,0.05120947677642107,2.3726328797638416,-208.99211311340332,0.0003
0.022530777379870415,31,1578000,431.57816,0.29,100.0,49856,15780,394304,30.7657630443573,0.05154869635589421,1.831114761531353,-208.98281574249268,0.0003
0.022532111033797264,31,1578400,430.98465,0.3,100.0,49868,15784,394400,27.972390055656433,0.05156633909791708,-0.43261952698230743,-209.20984363555908,0.0003
0.0225311741232872,31,1578800,431.23508,0.3,100.0,49880,15788,394496,33.52661406993866,0.05163583252578974,1.2191048050299287,-207.7085542678833,0.0003
0.022529806941747665,31,1579200,427.9226,0.29,100.0,49891,15792,394592,27.05735719203949,0.051719960290938616,-2.2995612025260925,-208.11070442199707,0.0003
0.022529300302267075,31,1579600,425.9259,0.28,100.0,49905,15796,394704,31.095671772956848,0.05184708791784942,-0.42495041713118553,-208.51879978179932,0.0003
0.022526955232024193,31,1580000,428.191,0.28,100.0,49916,15800,394800,29.334064960479736,0.051502676447853446,0.038560996763408184,-208.37927627563477,0.0003
0.022530246526002884,31,1580400,428.00183,0.28,100.0,49930,15804,394896,32.19525706768036,0.05178919201716781,1.3005255572497845,-207.32851696014404,0.0003
0.022532515227794647,31,1580800,427.64734,0.28,100.0,49944,15808,394992,27.89736783504486,0.052253961097449064,0.17030194401741028,-207.14185523986816,0.0003
0.022528108209371567,31,1581200,423.31638,0.29,100.0,49955,15812,395104,29.336485385894775,0.05186798609793186,-1.411384659819305,-207.1845579147339,0.0003
0.02252151444554329,31,1581600,424.20126,0.29,100.0,49966,15816,395200,28.455119490623474,0.05160386487841606,-0.7448401171714067,-208.52368545532227,0.0003
0.02252042479813099,31,1582000,421.44534,0.27,100.0,49983,15820,395296,27.64137637615204,0.051528912503272295,-0.7484657000750303,-208.5626678466797,0.0003
0.022517984732985497,31,1582400,424.42346,0.28,100.0,49994,15824,395392,27.408849239349365,0.05139575549401343,0.6987418495118618,-209.34755325317383,0.0003
0.022521017119288445,31,1582800,419.2206,0.25,100.0,50008,15828,395504,29.408565282821655,0.05134130269289017,0.16588975302875042,-207.69772338867188,0.0003
0.02252133935689926,31,1583200,415.09167,0.23,100.0,50021,15832,395600,34.614477038383484,0.05129949818365276,-0.10102526843547821,-208.62542724609375,0.0003
0.022518550977110863,31,1583600,417.25363,0.24,100.0,50034,15836,395696,28.440895676612854,0.05120366578921676,0.49701051972806454,-207.9249620437622,0.0003
0.022520430386066437,31,1584000,416.75214,0.24,100.0,50044,15840,395792,29.612571239471436,0.05123472213745117,0.86794139072299,-208.5823793411255,0.0003
0.02251581661403179,31,1584400,413.09482,0.24,100.0,50057,15844,395904,30.950414896011353,0.05095438030548394,-0.5401893816888332,-208.08272075653076,0.0003
0.022514279931783676,31,1584800,413.25406,0.25,100.0,50069,15848,396000,29.754059672355652,0.050791674526408315,-0.5576974991708994,-207.35548210144043,0.0003
0.02251688577234745,31,1585200,413.48383,0.24,100.0,50080,15852,396096,28.962056159973145,0.05100064165890217,-1.3630826361477375,-207.8628911972046,0.0003
0.022514931857585907,31,1585600,414.49234,0.25,100.0,50094,15856,396192,27.117685198783875,0.05093068932183087,0.6704323049634695,-207.12018871307373,0.0003
0.02251315675675869,31,1586000,415.41443,0.26,100.0,50106,15860,396304,33.63373780250549,0.05115128238685429,0.4783952794969082,-207.6200704574585,0.0003
0.022509444504976273,31,1586400,413.21326,0.26,100.0,50117,15864,396400,28.069026112556458,0.0511510050855577,-2.8113644644618034,-208.14242267608643,0.0003
0.022506587207317352,31,1586800,408.5626,0.24,100.0,50127,15868,396496,31.991386890411377,0.05110616632737219,0.8528153588995337,-208.08412170410156,0.0003
0.02250514179468155,31,1587200,408.3231,0.24,100.0,50139,15872,396592,31.60073959827423,0.05128171877004206,1.4228630010038614,-207.39381504058838,0.0003
0.02250278927385807,31,1587600,405.70554,0.23,100.0,50151,15876,396704,30.362854599952698,0.05128103215247393,1.2581337466835976,-206.87995147705078,0.0003
0.022499341517686844,31,1588000,408.63724,0.23,100.0,50164,15880,396800,28.901203751564026,0.05134741868823767,-2.029993537813425,-206.56016635894775,0.0003
0.022497523576021194,31,1588400,405.65167,0.21,100.0,50176,15884,396896,31.729379057884216,0.05122672626748681,-1.164079322014004,-206.31282234191895,0.0003
0.02249898575246334,31,1588800,406.77316,0.22,100.0,50189,15888,396992,36.32947909832001,0.05121448845602572,0.30561762396246195,-207.08084392547607,0.0003
0.022496871650218964,31,1589200,410.0239,0.23,100.0,50203,15892,397104,27.695128679275513,0.05163742741569877,0.5925823450088501,-207.1813449859619,0.0003
0.02249518595635891,31,1589600,408.15372,0.21,100.0,50213,15896,397200,28.070151329040527,0.05164925381541252,0.06586609594523907,-209.11998748779297,0.0003
0.022494282573461533,31,1590000,407.8143,0.21,100.0,50225,15900,397296,33.0221141576767,0.051518300315365195,-0.7711193785071373,-207.8997049331665,0.0003
0.02248879335820675,31,1590400,408.0653,0.2,100.0,50236,15904,397392,35.67219257354736,0.05154179106466472,-0.4768801536411047,-208.25246047973633,0.0003
0.02247944101691246,31,1590800,412.3658,0.22,100.0,50250,15908,397504,32.57276368141174,0.05155450920574367,-0.6840301528573036,-208.12301349639893,0.0003
0.02247721143066883,31,1591200,417.27878,0.22,100.0,50262,15912,397600,28.769821882247925,0.05156255653128028,1.9259527698159218,-207.13096618652344,0.0003
0.022472092881798744,31,1591600,421.02716,0.23,100.0,50273,15916,397696,33.81831133365631,0.05175129696726799,-0.6818951927125454,-208.2549171447754,0.0003
0.022471779957413673,31,1592000,423.33707,0.25,100.0,50285,15920,397792,29.19447648525238,0.051895054057240486,-0.3191487118601799,-207.50161361694336,0.0003
0.022469589486718178,31,1592400,420.68515,0.24,100.0,50299,15924,397904,29.285296320915222,0.0518943399656564,1.4574661441147327,-207.84862232208252,0.0003
0.02246895805001259,31,1592800,421.39673,0.25,100.0,50310,15928,398000,34.091692090034485,0.05210413341410458,1.059552764520049,-207.39857578277588,0.0003
0.022468289360404015,31,1593200,424.55124,0.27,100.0,50322,15932,398096,33.726765275001526,0.05214631324633956,1.1183775216341019,-209.21006393432617,0.0003
0.022471118718385696,31,1593600,418.16,0.24,100.0,50332,15936,398192,31.91305708885193,0.052541445940732956,1.8158791419118643,-208.24539756774902,0.0003
0.022470781579613686,31,1594000,418.5688,0.24,100.0,50345,15940,398304,32.690080523490906,0.05281570600345731,-0.5250519793480635,-208.44927978515625,0.0003
0.02247428521513939,31,1594400,420.18964,0.24,100.0,50356,15944,398400,33.6373975276947,0.052763995481655,-0.04853497073054314,-207.7660894393921,0.0003
0.022475477308034897,31,1594800,420.67538,0.23,100.0,50368,15948,398496,35.72902035713196,0.05300549557432532,1.3112095929682255,-208.07069969177246,0.0003
0.02247726544737816,31,1595200,421.7903,0.23,100.0,50380,15952,398592,28.34649384021759,0.05323275807313621,0.2675412427634001,-207.50304794311523,0.0003
0.022478796541690826,31,1595600,422.09238,0.23,100.0,50393,15956,398704,31.001632690429688,0.053150267573073506,0.7085678651928902,-208.14864826202393,0.0003
0.022479688748717308,31,1596000,420.73257,0.21,100.0,50405,15960,398800,36.051772236824036,0.05317082325927913,0.6918018851429224,-207.5581169128418,0.0003
0.02247561141848564,31,1596400,420.43613,0.21,100.0,50420,15964,398896,33.538538694381714,0.05298360460437834,-1.1256211018189788,-208.37773990631104,0.0003
0.022471986711025238,31,1596800,420.0378,0.21,100.0,50431,15968,398992,34.42341983318329,0.05300722736865282,0.866456463932991,-207.73365879058838,0.0003
0.02247726172208786,31,1597200,420.55023,0.21,100.0,50446,15972,399104,32.93319320678711,0.05329247750341892,-1.1853605844080448,-207.06252574920654,0.0003
0.02247752621769905,31,1597600,421.9644,0.21,100.0,50459,15976,399200,33.83130431175232,0.05320340488106012,0.15594637766480446,-207.60646533966064,0.0003
0.022475065663456917,31,1598000,421.93036,0.21,100.0,50470,15980,399296,30.8031005859375,0.053163789212703705,-1.422224199399352,-207.95821380615234,0.0003
0.022475259378552437,31,1598400,424.16797,0.22,100.0,50486,15984,399392,38.14714801311493,0.052902146242558956,-1.1877816580235958,-206.44014263153076,0.0003
0.02247403934597969,31,1598800,422.3043,0.21,100.0,50500,15988,399504,31.65803837776184,0.05288423411548138,-0.3179011009633541,-206.9167833328247,0.0003
0.02247229404747486,31,1599200,422.13416,0.21,100.0,50517,15992,399600,36.06312608718872,0.05257694493047893,1.331775376573205,-206.81751537322998,0.0003
0.022474734112620354,31,1599600,427.6659,0.24,100.0,50532,15996,399696,30.40826916694641,0.05278086755424738,-0.06542558036744595,-206.82667446136475,0.0003
0.022471437230706215,31,1600000,429.65286,0.25,100.0,50545,16000,399792,35.18625366687775,0.0527166691608727,0.6762819569557905,-207.79402828216553,0.0003
0.022473033517599106,31,1600400,430.4346,0.26,100.0,50560,16004,399904,29.850952982902527,0.05278549715876579,0.2645162343978882,-207.94087409973145,0.0003
0.022476039826869965,31,1600800,427.6981,0.24,100.0,50577,16008,400000,34.41633450984955,0.05268449475988746,0.3888441324234009,-207.4671983718872,0.0003
0.022475438192486763,31,1601200,427.51016,0.25,100.0,50592,16012,400096,29.711671352386475,0.05251401662826538,-0.16130287013947964,-208.6413927078247,0.0003
0.022470863536000252,31,1601600,427.4686,0.26,100.0,50607,16016,400192,28.2505761384964,0.05236965836957097,-0.863377895206213,-207.34435844421387,0.0003
0.022469814866781235,31,1602000,430.55188,0.25,100.0,50626,16020,400304,35.152368664741516,0.05218241736292839,-0.6268487069755793,-207.64130210876465,0.0003
0.022465046495199203,31,1602400,435.33124,0.28,100.0,50638,16024,400400,30.30403244495392,0.05225003231316805,4.3166865184903145,-206.80405712127686,0.0003
0.022470446303486824,31,1602800,435.04944,0.27,100.0,50654,16028,400496,29.46212112903595,0.05255704210139811,1.1478752121329308,-207.78149890899658,0.0003
0.022472692653536797,31,1603200,432.788,0.26,100.0,50665,16032,400592,31.76371419429779,0.05289540020748973,-0.7972898781299591,-207.42372703552246,0.0003
0.02247314527630806,31,1603600,437.7026,0.28,100.0,50680,16036,400704,28.25263237953186,0.052940669003874063,-0.09970072470605373,-208.12315845489502,0.0003
0.02247229777276516,31,1604000,442.89966,0.3,100.0,50690,16040,400800,30.908061504364014,0.052816242445260286,1.0551115442067385,-207.82962799072266,0.0003
0.02247329242527485,31,1604400,441.12405,0.29,100.0,50704,16044,400896,27.5151424407959,0.05290653184056282,0.13068222254514694,-208.8833246231079,0.0003
0.022473925724625587,31,1604800,438.0459,0.3,100.0,50715,16048,400992,31.4760320186615,0.052802238846197724,0.7468961030244827,-207.22377490997314,0.0003
0.022469790652394295,31,1605200,437.44394,0.3,100.0,50728,16052,401104,28.83336365222931,0.05247785779647529,0.45177732966840267,-208.97368717193604,0.0003
