#{"t_start": 1783697779.6788046, "env_id": null}
r,l,t
205.58452,100,1.967713
290.97235,100,1.967772
275.17786,100,1.967787
263.9631,100,1.967797
302.49866,100,2.964823
193.94363,100,2.964877
264.54538,100,2.964889
251.57591,100,2.964897
241.85013,100,7.302532
185.35698,100,7.302593
220.91138,100,7.302608
289.95602,100,7.302618
172.73622,100,10.403522
222.16812,100,10.403589
190.89517,100,10.403605
222.70427,100,10.403615
170.25813,100,13.902066
229.40483,100,13.902125
210.08748,100,13.902138
146.27156,100,13.902148
183.65782,100,17.039696
233.70386,100,17.039765
196.96935,100,17.03978
170.63228,100,17.039791
215.18,100,20.232244
178.14775,100,20.23231
209.2436,100,20.232325
190.0946,100,20.232337
180.77644,100,23.546508
211.42908,100,23.546574
265.23294,100,23.546588
159.85918,100,23.546598
185.37428,100,27.028911
268.2963,100,27.028978
143.28658,100,27.028992
136.46133,100,27.029002
159.77989,100,30.142294
269.42856,100,30.142359
199.42914,100,30.142375
178.88625,100,30.142386
236.08484,100,33.332616
275.36737,100,33.332707
278.12845,100,33.332736
233.37846,100,33.332758
201.55171,100,36.539775
126.83805,100,36.53984
225.18,100,36.539855
209.98207,100,36.539865
239.45949,100,40.301018
206.26195,100,40.301082
133.70071,100,40.301096
240.24074,100,40.301107
125.063576,100,43.48725
286.91617,100,43.487316
153.86523,100,43.487331
254.43982,100,43.487342
154.80508,100,46.662994
281.5587,100,46.663059
248.1789,100,46.663074
192.0345,100,46.663085
222.08815,100,49.685423
223.76553,100,49.68549
225.1038,100,49.685505
216.17163,100,49.685516
183.32304,100,53.161929
146.30098,100,53.161996
138.37186,100,53.162011
129.16954,100,53.162021
217.796,100,56.448392
249.24081,100,56.448457
179.13422,100,56.448471
264.17902,100,56.448481
224.67699,100,59.661793
201.43134,100,59.661863
282.37863,100,59.661878
289.28427,100,59.661888
170.5779,100,62.833228
196.42131,100,62.833293
187.4931,100,62.833308
257.7982,100,62.833318
169.0354,100,66.311697
257.47998,100,66.311763
258.73492,100,66.311777
160.07909,100,66.311787
284.36432,100,69.507944
145.97693,100,69.508009
183.58208,100,69.508024
201.02104,100,69.508035
176.75337,100,72.623752
162.6976,100,72.623816
313.2632,100,72.623831
185.70726,100,72.623841
292.59875,100,75.791723
194.15768,100,75.791791
282.7078,100,75.791806
222.1169,100,75.791816
278.46783,100,79.362315
287.97992,100,79.362379
267.43573,100,79.362391
263.01715,100,79.3624
197.32109,100,82.422779
178.67996,100,82.422843
195.7767,100,82.422858
254.79741,100,82.422868
188.21094,100,85.684179
193.03189,100,85.684242
178.75504,100,85.684255
275.23996,100,85.684263
272.20392,100,88.879393
248.80894,100,88.879458
291.85727,100,88.879472
272.46838,100,88.879482
232.3413,100,92.386438
177.38426,100,92.386504
273.10593,100,92.386519
276.3529,100,92.386531
280.89886,100,95.437154
239.5262,100,95.43722
268.56406,100,95.437234
204.96004,100,95.437245
203.43317,100,98.717885
250.44392,100,98.71795
205.64372,100,98.717965
166.79431,100,98.717976
276.8803,100,101.922931
195.98215,100,101.922998
198.01282,100,101.923013
222.3882,100,101.923024
246.73094,100,105.475309
278.4422,100,105.475377
278.43823,100,105.475392
290.33325,100,105.475403
287.86832,100,108.519587
229.90753,100,108.51965
279.89346,100,108.519662
260.15057,100,108.519671
272.60358,100,111.710261
250.67969,100,111.710326
288.58896,100,111.710341
226.6567,100,111.710351
251.29642,100,114.84255
286.8218,100,114.842615
284.63495,100,114.842632
175.15988,100,114.842643
186.61676,100,118.427321
273.50778,100,118.427382
273.7453,100,118.427395
248.34048,100,118.427403
276.55188,100,121.484209
285.04062,100,121.484272
255.3672,100,121.484286
254.6509,100,121.484294
286.49963,100,124.729068
264.74167,100,124.729125
238.8498,100,124.72914
286.20023,100,124.72915
274.89136,100,127.942235
267.63242,100,127.942299
282.54767,100,127.942313
265.28775,100,127.942323
231.80788,100,131.388236
188.18997,100,131.388301
228.8888,100,131.388314
288.8439,100,131.388336
201.50815,100,134.340762
295.99637,100,134.34083
276.8771,100,134.340847
231.73114,100,134.340858
252.97263,100,137.297509
291.65985,100,137.297572
289.38327,100,137.297586
280.73767,100,137.297596
249.93523,100,140.323142
240.92113,100,140.323211
283.87698,100,140.323227
291.9707,100,140.323239
274.65372,100,143.655407
290.51212,100,143.655473
246.86682,100,143.655487
232.40561,100,143.655498
289.90112,100,146.730075
287.09106,100,146.730144
294.65845,100,146.730159
287.8462,100,146.73017
245.57477,100,150.021354
247.78459,100,150.021421
289.70013,100,150.021435
264.79355,100,150.021446
280.89197,100,153.220568
285.4619,100,153.220635
290.3436,100,153.22065
290.28073,100,153.22066
272.20978,100,156.749121
240.39742,100,156.749182
284.15164,100,156.749194
285.86618,100,156.749203
201.56296,100,159.967214
276.54187,100,159.967282
291.1984,100,159.967297
283.2006,100,159.967307
276.38937,100,162.989023
265.52768,100,162.989091
251.1121,100,162.989105
215.89294,100,162.989116
281.49246,100,166.234741
285.08377,100,166.234812
271.44537,100,166.234828
283.4714,100,166.234838
283.63745,100,169.84533
279.42706,100,169.845392
227.68784,100,169.845405
295.7882,100,169.845415
293.5656,100,172.870953
293.6776,100,172.87102
233.25113,100,172.871035
275.8673,100,172.871046
269.30573,100,176.13567
293.78757,100,176.135747
285.83237,100,176.13576
283.63248,100,176.135768
286.82422,100,179.182671
276.05026,100,179.182739
277.45978,100,179.182752
256.70963,100,179.182761
277.6074,100,182.708234
234.29305,100,182.7083
252.64941,100,182.708315
262.67044,100,182.708326
294.5102,100,185.917637
284.69354,100,185.917711
240.25603,100,185.917726
267.74353,100,185.917737
301.36612,100,189.065174
293.8947,100,189.065238
340.23224,100,189.065253
228.63487,100,189.065264
194.68709,100,192.219931
295.81433,100,192.219999
323.6475,100,192.220013
242.6389,100,192.220022
289.3859,100,195.706421
294.59766,100,195.706484
228.56432,100,195.706497
269.96005,100,195.706505
284.00998,100,198.871348
294.18848,100,198.871413
242.34082,100,198.871428
301.87747,100,198.871439
305.5798,100,202.076496
274.57816,100,202.076563
301.73206,100,202.076579
284.39294,100,202.076589
199.17642,100,205.291035
283.10965,100,205.291101
260.18036,100,205.291116
314.47214,100,205.291127
285.007,100,208.65898
286.0707,100,208.659045
249.00417,100,208.65906
290.30057,100,208.65907
281.28445,100,211.819666
294.30743,100,211.81974
279.97147,100,211.819755
302.6679,100,211.819767
285.61737,100,215.042511
242.00198,100,215.042578
289.11465,100,215.042592
287.24463,100,215.042601
291.4415,100,218.243588
290.1583,100,218.243647
274.3007,100,218.243659
265.42792,100,218.243667
293.4161,100,221.626732
284.14722,100,221.626802
290.7589,100,221.626816
208.37247,100,221.626824
265.26093,100,224.92446
293.6795,100,224.924526
300.00952,100,224.924542
288.0905,100,224.924552
289.42203,100,227.971051
290.60275,100,227.971112
290.0525,100,227.971125
295.59595,100,227.971134
292.438,100,231.181288
258.7796,100,231.181356
300.46204,100,231.181371
279.658,100,231.181384
220.0787,100,234.456939
243.79791,100,234.457005
228.20943,100,234.45702
292.06656,100,234.457031
293.8042,100,237.96634
290.59793,100,237.966407
296.93588,100,237.966425
290.2578,100,237.966435
229.10664,100,241.319671
297.77072,100,241.319762
310.07806,100,241.31978
312.80774,100,241.319793
279.8537,100,244.393238
292.83093,100,244.393297
271.90417,100,244.39331
285.6747,100,244.393318
267.86206,100,247.877039
268.43704,100,247.877105
288.46503,100,247.87712
297.45383,100,247.87713
282.87497,100,251.124277
287.4677,100,251.124339
251.5938,100,251.124352
273.51468,100,251.12436
284.7487,100,254.428151
272.64377,100,254.428215
287.22305,100,254.428227
290.38876,100,254.428235
304.48596,100,257.63799
283.47018,100,257.638057
303.57803,100,257.638071
292.349,100,257.638082
201.46057,100,260.99324
290.81445,100,260.993309
287.00485,100,260.993323
281.59253,100,260.993344
296.34164,100,264.185347
236.0052,100,264.185415
292.60025,100,264.18543
295.22327,100,264.185441
308.25116,100,267.297475
268.62198,100,267.297539
308.74344,100,267.297553
235.10901,100,267.297563
318.78317,100,270.539855
253.05865,100,270.539916
335.1007,100,270.539931
295.8607,100,270.539941
248.51474,100,274.338636
327.37906,100,274.338702
315.5104,100,274.338716
312.73166,100,274.338724
326.48492,100,277.633291
291.1149,100,277.633356
301.77054,100,277.633367
297.04648,100,277.633376
224.10434,100,280.785551
298.45535,100,280.785613
330.56998,100,280.785626
264.19083,100,280.785635
241.06226,100,283.93205
321.0358,100,283.932121
269.97342,100,283.932136
261.12143,100,283.932148
306.2528,100,287.546159
303.0928,100,287.546221
266.02744,100,287.546237
292.10617,100,287.546248
293.87808,100,290.733896
333.2829,100,290.733961
248.04929,100,290.733976
292.90665,100,290.733987
290.1972,100,293.942978
277.2989,100,293.943041
270.85483,100,293.943055
259.04178,100,293.943065
255.20155,100,297.268691
335.06656,100,297.268754
259.7461,100,297.268767
288.6934,100,297.268775
239.94203,100,300.818248
328.0208,100,300.818312
295.11063,100,300.818327
331.91537,100,300.818338
282.15488,100,303.962442
214.22443,100,303.96251
271.8512,100,303.962525
306.29678,100,303.962536
309.6988,100,307.098604
296.86584,100,307.098667
295.33588,100,307.09869
281.30588,100,307.098702
200.28328,100,310.270496
294.7088,100,310.270561
285.7975,100,310.270576
290.4526,100,310.270586
274.34808,100,313.660523
276.16595,100,313.660585
227.91167,100,313.660598
324.28003,100,313.660607
305.0296,100,317.029841
221.10109,100,317.029907
284.8298,100,317.02992
278.7399,100,317.029931
278.13278,100,320.258527
301.5125,100,320.25859
280.14267,100,320.258605
259.66965,100,320.258616
256.66537,100,323.238056
215.1273,100,323.238121
281.056,100,323.238136
214.31876,100,323.238147
331.06082,100,326.982917
304.2065,100,326.982982
338.927,100,326.982997
321.03677,100,326.983008
279.94925,100,330.278234
291.46484,100,330.278304
277.62732,100,330.27832
317.11334,100,330.278332
272.834,100,333.462662
336.64697,100,333.462738
292.06198,100,333.462753
220.49094,100,333.462763
293.268,100,336.688432
290.33713,100,336.688495
292.6232,100,336.688509
317.00763,100,336.68852
343.9866,100,340.262742
335.2273,100,340.262805
298.64554,100,340.262817
362.48965,100,340.262827
263.05936,100,343.561777
292.82104,100,343.561841
213.42151,100,343.561856
251.91245,100,343.561868
256.34787,100,346.866763
283.14374,100,346.866829
296.5745,100,346.866844
245.84035,100,346.866855
257.8515,100,350.133525
318.81647,100,350.133589
280.87198,100,350.133605
291.97296,100,350.133615
332.54532,100,353.957224
327.2845,100,353.957289
323.52957,100,353.957305
287.9002,100,353.957316
360.80823,100,357.2654
364.27463,100,357.26546
337.64255,100,357.265475
218.68524,100,357.265486
225.37546,100,360.830934
361.94293,100,360.830995
369.3111,100,360.83101
232.15562,100,360.831021
191.38428,100,363.928062
340.38583,100,363.928126
362.87637,100,363.928141
282.93155,100,363.928151
276.3383,100,367.418809
278.4701,100,367.418871
351.01587,100,367.418884
238.88231,100,367.418892
355.32797,100,370.961574
343.19925,100,370.961634
278.44406,100,370.961649
190.62277,100,370.96166
328.7347,100,374.581365
376.47903,100,374.581429
352.75577,100,374.581444
239.17186,100,374.581455
351.44037,100,377.843723
337.25137,100,377.843787
283.408,100,377.843802
317.71582,100,377.843812
240.83305,100,381.339368
291.21362,100,381.339427
328.99042,100,381.33944
301.50085,100,381.339449
167.80951,100,384.468698
310.4961,100,384.468761
313.19073,100,384.468776
286.0743,100,384.468787
357.46225,100,387.967719
267.3399,100,387.967783
388.38834,100,387.967798
286.3668,100,387.967808
319.00873,100,391.102823
351.2969,100,391.102883
253.153,100,391.102897
319.07193,100,391.102908
293.27066,100,394.499884
263.4136,100,394.499949
316.65942,100,394.499963
301.29755,100,394.499973
295.0976,100,397.966827
336.25275,100,397.966893
279.05658,100,397.966912
355.62613,100,397.966924
239.5047,100,401.253539
288.29166,100,401.253605
368.68994,100,401.25362
285.41748,100,401.253631
293.17386,100,404.483687
326.64053,100,404.483752
315.06757,100,404.483766
263.89948,100,404.483775
331.3839,100,408.191442
289.82263,100,408.191511
365.38184,100,408.191526
341.19818,100,408.191537
321.82632,100,411.191802
360.4467,100,411.191879
359.28897,100,411.191896
293.0134,100,411.19191
285.93185,100,414.502267
330.5049,100,414.502336
354.46268,100,414.502351
356.74542,100,414.502362
242.79636,100,417.66676
276.87823,100,417.666824
301.95175,100,417.666839
340.4848,100,417.666849
261.90778,100,421.16879
181.57257,100,421.168858
347.48904,100,421.168874
286.30045,100,421.168885
378.13666,100,424.669419
354.29926,100,424.669487
144.23337,100,424.669503
329.5052,100,424.669513
341.81546,100,427.932754
217.9158,100,427.932822
270.17432,100,427.932838
257.80832,100,427.932849
290.24072,100,431.254035
259.44302,100,431.254103
311.28857,100,431.254119
345.29648,100,431.254131
359.46188,100,434.847623
357.66412,100,434.847687
341.63412,100,434.847706
274.28537,100,434.847716
222.59544,100,438.307456
340.5168,100,438.307563
360.75388,100,438.307581
282.13556,100,438.307592
315.91034,100,442.429664
363.74484,100,442.429759
223.06224,100,442.42978
273.4213,100,442.429797
202.66823,100,445.506498
139.55247,100,445.506562
181.70969,100,445.506575
124.661064,100,445.506584
299.1178,100,449.136287
281.7472,100,449.136349
237.64667,100,449.136364
332.61676,100,449.136375
290.5208,100,452.311387
323.338,100,452.311449
250.82002,100,452.311464
306.13358,100,452.311474
263.50284,100,455.600975
287.53604,100,455.601043
295.76855,100,455.601059
336.06326,100,455.60107
225.18097,100,458.777273
288.62668,100,458.777339
294.3415,100,458.777354
227.61241,100,458.777364
269.115,100,462.52128
295.97647,100,462.521347
194.88623,100,462.521362
245.0332,100,462.521373
179.53246,100,465.783757
230.12964,100,465.783824
334.61926,100,465.783838
292.8591,100,465.783849
294.4401,100,468.856388
342.96027,100,468.85644
316.11948,100,468.856455
286.30408,100,468.856465
284.02658,100,472.092853
379.81287,100,472.092916
288.82495,100,472.092931
275.0902,100,472.092942
304.4505,100,475.545663
264.56235,100,475.545736
285.8861,100,475.545749
282.75266,100,475.545758
325.21356,100,478.792015
162.62524,100,478.792075
277.33017,100,478.792087
303.19534,100,478.792095
222.80154,100,482.130127
302.71378,100,482.130189
339.60327,100,482.130202
273.14212,100,482.130211
233.57343,100,485.90713
250.11757,100,485.907194
274.72028,100,485.907208
271.67593,100,485.907219
163.35751,100,489.389884
144.64522,100,489.38995
165.28435,100,489.389965
293.4349,100,489.389976
257.26056,100,492.54096
259.81802,100,492.541025
268.48236,100,492.541039
257.13995,100,492.54105
354.7668,100,496.064789
320.95554,100,496.064842
275.97607,100,496.064854
289.74463,100,496.064863
266.72003,100,499.42103
301.75464,100,499.42109
300.1089,100,499.421102
287.46164,100,499.421111
306.41922,100,502.803002
287.6805,100,502.803069
270.15518,100,502.803083
370.47797,100,502.803094
275.21918,100,506.008578
253.35246,100,506.008659
287.76007,100,506.008695
281.35352,100,506.008717
291.7226,100,509.976626
347.7099,100,509.976697
350.0308,100,509.976715
270.1238,100,509.976726
333.9288,100,514.082749
360.13953,100,514.082814
358.8191,100,514.082829
348.82306,100,514.082839
320.3721,100,517.875168
341.12128,100,517.875229
351.28766,100,517.875241
365.67288,100,517.87525
385.95926,100,522.502286
382.55563,100,522.502363
331.03183,100,522.502378
368.7409,100,522.50239
370.91638,100,526.09917
291.0821,100,526.099228
355.37134,100,526.099241
223.28133,100,526.09925
339.47394,100,529.881391
363.8733,100,529.881455
333.5033,100,529.881469
366.21448,100,529.88148
368.3689,100,534.191873
364.5863,100,534.191936
339.5193,100,534.191952
387.14612,100,534.191975
376.3684,100,537.536828
357.08066,100,537.536892
326.0616,100,537.536907
379.40372,100,537.536918
389.1175,100,540.986389
379.2736,100,540.986451
342.06845,100,540.986464
338.7804,100,540.986473
396.08618,100,544.360618
322.29633,100,544.360682
364.68683,100,544.360697
388.63293,100,544.360706
377.82974,100,549.455376
345.19232,100,549.45544
347.27518,100,549.455454
377.679,100,549.455465
373.3936,100,552.984785
345.81104,100,552.984851
369.95456,100,552.984866
292.28653,100,552.984877
356.07642,100,556.37431
333.35074,100,556.374374
370.8244,100,556.374389
384.48517,100,556.3744
378.415,100,560.027843
351.2105,100,560.027913
293.44196,100,560.027928
338.81848,100,560.027939
319.0727,100,564.117891
361.8976,100,564.117958
384.27094,100,564.117972
357.18552,100,564.117984
369.67337,100,567.527623
380.05353,100,567.527695
368.63522,100,567.527713
385.10522,100,567.527725
388.51132,100,571.355326
370.5006,100,571.355392
385.631,100,571.355407
369.3237,100,571.355418
269.21176,100,574.688495
356.04944,100,574.68856
357.12762,100,574.688575
362.29153,100,574.688585
348.0652,100,579.312909
279.9559,100,579.312977
360.8446,100,579.312993
272.87213,100,579.313004
267.04282,100,582.756856
333.37903,100,582.756939
349.94476,100,582.756966
344.46164,100,582.756985
154.491,100,586.867516
324.6142,100,586.867581
361.49298,100,586.867596
341.21368,100,586.867606
256.50168,100,590.368544
289.6252,100,590.368608
172.06233,100,590.368621
283.39743,100,590.36863
360.93246,100,594.370144
217.2499,100,594.37021
357.92664,100,594.370225
354.4545,100,594.370235
329.85196,100,597.743484
354.64862,100,597.743549
382.17447,100,597.743564
311.35294,100,597.743574
379.61752,100,600.900263
365.17145,100,600.90033
346.8483,100,600.900347
310.49765,100,600.900357
388.7951,100,605.561414
388.0384,100,605.561476
352.96527,100,605.561491
392.61853,100,605.561501
357.75833,100,609.665145
355.03336,100,609.66521
199.87129,100,609.665225
289.1088,100,609.665236
321.91153,100,613.659757
359.57285,100,613.65982
207.88988,100,613.659834
356.53036,100,613.659844
364.5783,100,617.092304
362.0173,100,617.092372
330.57758,100,617.092388
347.1593,100,617.0924
359.7954,100,620.650868
386.29126,100,620.650952
364.0505,100,620.650977
326.50415,100,620.650997
341.99692,100,624.947276
365.6273,100,624.947341
376.98462,100,624.947356
337.25528,100,624.947367
360.21744,100,628.377467
376.53223,100,628.377532
375.25327,100,628.377547
325.2329,100,628.377557
275.3964,100,631.684346
352.43976,100,631.684407
320.90002,100,631.684419
363.98508,100,631.684428
373.7658,100,635.173343
375.96555,100,635.17341
379.67996,100,635.173424
349.08463,100,635.173435
349.16333,100,639.359188
350.5248,100,639.359253
376.7541,100,639.359267
360.04477,100,639.359278
394.7986,100,643.103723
360.68463,100,643.103789
299.04025,100,643.103805
339.50156,100,643.103816
277.27313,100,646.980932
361.45117,100,646.980996
342.08636,100,646.981012
381.39392,100,646.981022
364.16235,100,651.126899
392.386,100,651.126966
386.12784,100,651.12698
341.9436,100,651.126991
365.6571,100,654.896498
362.1277,100,654.896568
387.17145,100,654.896584
289.1277,100,654.896595
374.0051,100,658.576526
389.36972,100,658.576591
320.99197,100,658.576606
344.4376,100,658.576616
275.80368,100,662.29504
373.26352,100,662.295103
368.41132,100,662.295118
366.063,100,662.295129
321.27972,100,665.600779
352.31024,100,665.600843
353.0897,100,665.600858
351.9424,100,665.60087
373.35712,100,669.699155
383.7624,100,669.699225
387.97864,100,669.699241
343.2367,100,669.699253
395.60278,100,672.92305
319.65317,100,672.923117
378.37677,100,672.923131
285.5737,100,672.923141
405.05844,100,676.383173
352.95856,100,676.383234
372.3562,100,676.383246
357.8191,100,676.383255
388.40454,100,679.891136
239.13783,100,679.8912
363.58932,100,679.891215
380.2366,100,679.891226
380.77185,100,683.492391
392.40582,100,683.492456
360.7268,100,683.492471
287.5272,100,683.492482
364.75952,100,687.231324
375.3723,100,687.231387
371.73596,100,687.231401
380.75446,100,687.231411
353.07388,100,690.759948
364.68204,100,690.760016
385.73706,100,690.760031
324.87653,100,690.760042
387.9565,100,694.423717
319.6274,100,694.423777
361.82416,100,694.42379
386.07358,100,694.4238
389.65857,100,698.103589
379.60577,100,698.103655
388.73987,100,698.10367
316.7919,100,698.103711
357.08813,100,701.982277
383.997,100,701.982345
392.61658,100,701.98236
355.27313,100,701.982371
376.67072,100,705.989926
401.34583,100,705.98999
328.91467,100,705.990004
391.00195,100,705.990013
406.56714,100,709.531759
311.18546,100,709.531825
384.38266,100,709.53184
368.61237,100,709.53185
366.74176,100,713.23496
385.55298,100,713.235026
324.73175,100,713.235041
373.67667,100,713.235051
372.5722,100,716.499258
369.60968,100,716.499326
371.44345,100,716.499338
317.23914,100,716.499346
375.58206,100,720.333081
349.3021,100,720.333151
353.86288,100,720.333168
359.0924,100,720.333178
362.5173,100,723.750847
294.88815,100,723.75091
388.47894,100,723.750923
337.94522,100,723.750932
299.65833,100,727.310864
391.54752,100,727.31093
407.21036,100,727.310945
377.67123,100,727.310956
375.52075,100,731.437127
403.06702,100,731.437195
343.73492,100,731.43721
395.0216,100,731.437221
387.3668,100,735.122421
378.4414,100,735.122486
360.4108,100,735.122501
374.23602,100,735.122512
381.1029,100,738.481685
377.54688,100,738.481747
366.97827,100,738.481759
345.46234,100,738.481769
384.41388,100,742.74428
377.1,100,742.744342
359.02264,100,742.744357
392.5201,100,742.744368
385.2393,100,746.008491
413.57614,100,746.008558
386.26752,100,746.008573
385.56418,100,746.008584
348.61142,100,749.474196
386.95374,100,749.474255
368.60315,100,749.47427
405.24213,100,749.474282
378.00552,100,752.841812
370.45343,100,752.84188
333.88278,100,752.841896
344.54623,100,752.841907
133.15938,100,756.563854
343.24368,100,756.563921
180.59004,100,756.563937
364.67416,100,756.563947
329.95068,100,760.407665
192.57318,100,760.407734
354.89987,100,760.407747
226.18422,100,760.407755
290.80887,100,764.52796
363.60388,100,764.528025
354.79324,100,764.528039
348.54907,100,764.52805
391.76733,100,768.896569
301.49976,100,768.896635
308.63824,100,768.89665
362.14337,100,768.896661
138.74571,100,772.778305
310.3341,100,772.778387
130.65085,100,772.778411
321.31284,100,772.778432
198.29887,100,776.061241
327.60544,100,776.061305
393.8615,100,776.06132
223.92216,100,776.061331
330.08987,100,779.697904
366.25403,100,779.697971
385.84802,100,779.697986
393.31573,100,779.697996
291.9937,100,783.926495
366.68625,100,783.926558
330.35132,100,783.926574
388.36792,100,783.926584
375.72983,100,787.881198
380.11755,100,787.881258
305.57693,100,787.881273
396.53055,100,787.881284
285.43985,100,791.137483
387.42114,100,791.13755
175.46097,100,791.137567
382.54932,100,791.137577
348.35077,100,794.260612
351.2006,100,794.260692
360.8418,100,794.260712
326.41132,100,794.260723
389.4635,100,797.448701
273.17136,100,797.448763
324.2705,100,797.448778
380.55124,100,797.448786
366.07108,100,801.111476
370.0455,100,801.111543
337.42798,100,801.111557
342.3138,100,801.111568
364.48737,100,804.787921
353.67776,100,804.787987
388.47046,100,804.788001
328.82413,100,804.788012
329.39212,100,807.920612
371.73892,100,807.920684
372.37045,100,807.920709
379.676,100,807.920722
390.00845,100,811.699174
336.43094,100,811.699235
338.29303,100,811.699247
309.22772,100,811.699256
387.84598,100,815.858509
386.5095,100,815.858574
379.32608,100,815.858589
384.31735,100,815.8586
366.17816,100,819.30929
369.39578,100,819.309354
383.2866,100,819.309369
383.00974,100,819.30938
394.05933,100,822.786335
383.4576,100,822.7864
387.58237,100,822.786415
347.73267,100,822.786426
376.1363,100,826.196257
369.00662,100,826.196321
390.75235,100,826.196336
366.1467,100,826.196347
381.06836,100,831.177725
391.11945,100,831.177788
381.03778,100,831.177802
351.5276,100,831.177812
396.04767,100,835.37874
365.5519,100,835.3788
378.82263,100,835.378813
422.48538,100,835.378822
400.93384,100,838.759295
372.9738,100,838.759362
343.59488,100,838.759378
301.881,100,838.75939
351.67502,100,842.803852
380.86267,100,842.803918
391.02576,100,842.803933
383.0786,100,842.803944
290.1735,100,846.28106
353.43774,100,846.281134
372.4159,100,846.28115
317.11966,100,846.281163
367.62076,100,849.909128
354.09622,100,849.909194
323.51736,100,849.909209
386.69742,100,849.909219
387.88635,100,853.746954
385.94583,100,853.747016
382.39508,100,853.747031
341.5546,100,853.747042
384.37207,100,857.147181
374.29132,100,857.147248
319.62946,100,857.147263
355.81793,100,857.147274
336.48376,100,860.975005
341.875,100,860.975075
370.79514,100,860.97509
379.27054,100,860.975101
308.58676,100,864.706841
394.0756,100,864.706908
358.72076,100,864.706923
399.72717,100,864.706933
376.8505,100,868.02316
351.82666,100,868.023225
371.55734,100,868.02324
329.20297,100,868.02325
314.44272,100,871.21561
392.79718,100,871.215684
384.34277,100,871.215704
351.46558,100,871.215715
362.43918,100,875.279786
288.928,100,875.279851
386.7941,100,875.279866
391.77365,100,875.279876
372.1526,100,878.677945
374.75824,100,878.678013
356.50458,100,878.678028
275.19232,100,878.678039
399.39288,100,881.9309
359.44348,100,881.930964
365.77982,100,881.930977
382.66147,100,881.930986
335.50296,100,885.540469
328.10068,100,885.540534
348.95547,100,885.540548
369.59006,100,885.54056
358.8326,100,889.375666
346.52643,100,889.375741
387.38834,100,889.375757
379.46735,100,889.375767
384.90042,100,893.016422
348.41373,100,893.016487
385.61588,100,893.016502
396.33856,100,893.016514
284.2286,100,896.633701
350.84656,100,896.633763
385.04922,100,896.633778
314.60822,100,896.633788
383.23538,100,900.313441
343.95013,100,900.31351
389.13962,100,900.313525
368.77744,100,900.313537
356.21692,100,903.863301
374.88202,100,903.863365
370.27368,100,903.86338
393.12656,100,903.863389
359.51456,100,907.183465
386.96994,100,907.183528
406.8195,100,907.183541
309.74094,100,907.18355
354.42276,100,910.612115
392.90363,100,910.612174
366.85916,100,910.612187
340.96066,100,910.612195
363.21414,100,914.071081
377.21915,100,914.07115
388.2312,100,914.071166
386.18857,100,914.071177
384.8076,100,917.742589
342.3339,100,917.742646
379.45276,100,917.742661
353.27457,100,917.742671
345.01758,100,921.276742
297.37732,100,921.276809
384.10672,100,921.276824
363.99442,100,921.276835
385.05804,100,925.074279
392.83844,100,925.074347
368.05536,100,925.074363
385.57504,100,925.074373
374.33392,100,928.296926
393.74475,100,928.296989
383.14944,100,928.297005
304.12418,100,928.297016
395.0415,100,932.577443
367.9271,100,932.57751
360.72202,100,932.577526
357.01425,100,932.577537
288.1628,100,935.662167
385.99985,100,935.662235
377.40686,100,935.662251
356.3693,100,935.66226
386.03848,100,939.284158
374.5013,100,939.284222
384.98593,100,939.284238
370.5781,100,939.284249
369.16443,100,942.868891
353.81125,100,942.868958
360.94058,100,942.868974
366.73926,100,942.868985
347.6754,100,946.441118
373.48557,100,946.441181
366.71658,100,946.441196
356.50412,100,946.441207
372.32632,100,950.126081
334.04282,100,950.126147
374.97653,100,950.126163
364.61127,100,950.126174
363.26263,100,953.725832
373.14816,100,953.725896
343.4051,100,953.725909
371.15942,100,953.725918
380.68033,100,957.589656
377.50406,100,957.589735
352.2791,100,957.589753
372.8577,100,957.589764
316.11066,100,962.146264
392.2151,100,962.146332
403.15656,100,962.146348
397.29465,100,962.146359
387.60437,100,965.568893
400.21085,100,965.568959
401.48758,100,965.568973
339.5956,100,965.568984
364.86368,100,968.895905
384.3873,100,968.895967
400.3832,100,968.895982
333.2695,100,968.895993
383.9502,100,972.412513
364.507,100,972.41258
366.51822,100,972.412596
337.86636,100,972.412608
392.19885,100,976.577623
394.6002,100,976.577694
389.9471,100,976.577713
394.18015,100,976.577723
387.84042,100,980.212535
379.24252,100,980.212597
348.3413,100,980.212609
363.67276,100,980.212618
390.12842,100,983.543515
353.9094,100,983.54358
374.03064,100,983.543594
392.5196,100,983.543603
333.23706,100,986.877354
389.68768,100,986.877419
390.3452,100,986.877433
386.83585,100,986.877442
393.32825,100,991.358486
380.72476,100,991.358552
371.0474,100,991.358567
377.3897,100,991.358578
387.72943,100,994.867459
348.49524,100,994.867524
346.54538,100,994.867538
392.0429,100,994.867548
354.29852,100,998.093504
368.2391,100,998.093567
384.92523,100,998.09358
394.4347,100,998.093589
346.27194,100,1001.237556
347.54007,100,1001.237619
321.13098,100,1001.237632
352.83942,100,1001.237641
364.62604,100,1005.26412
381.10037,100,1005.264188
358.7398,100,1005.2642
382.73416,100,1005.26421
387.58194,100,1008.357061
311.8087,100,1008.357129
385.9609,100,1008.357144
343.25662,100,1008.357156
367.65912,100,1011.622497
313.4634,100,1011.622564
389.96347,100,1011.622579
381.51755,100,1011.62259
274.44324,100,1015.076652
394.93402,100,1015.076726
363.69214,100,1015.076742
378.7782,100,1015.076753
376.10727,100,1019.538567
334.77057,100,1019.538633
389.17258,100,1019.538648
387.50653,100,1019.53866
337.023,100,1023.1057
335.94342,100,1023.105758
347.94666,100,1023.105771
359.70148,100,1023.105781
391.71832,100,1026.590515
379.5371,100,1026.590582
385.9597,100,1026.590597
320.8587,100,1026.590608
371.06207,100,1030.307598
356.4487,100,1030.307664
389.95596,100,1030.307689
373.17017,100,1030.307702
348.4929,100,1034.851371
389.18805,100,1034.851433
401.4425,100,1034.851446
390.00772,100,1034.851455
345.2582,100,1038.42155
380.18744,100,1038.42161
339.6036,100,1038.421626
360.55933,100,1038.421636
368.93317,100,1042.558986
375.88788,100,1042.559057
384.24417,100,1042.559072
370.20807,100,1042.559082
360.4206,100,1046.193222
374.94067,100,1046.193288
377.75247,100,1046.1933
365.68,100,1046.19331
360.88895,100,1049.941182
343.49527,100,1049.94125
393.71268,100,1049.941265
289.67957,100,1049.941277
383.64493,100,1053.470377
325.59998,100,1053.470438
334.70584,100,1053.470453
317.59906,100,1053.470464
386.50848,100,1056.777827
351.5985,100,1056.777894
370.5997,100,1056.77791
274.4526,100,1056.777921
398.13104,100,1060.257803
385.68356,100,1060.257871
363.0754,100,1060.257885
343.83765,100,1060.257896
313.88382,100,1064.032438
343.88174,100,1064.032502
364.35843,100,1064.032515
401.39142,100,1064.032524
354.1776,100,1068.2187
401.8844,100,1068.218765
371.73834,100,1068.21878
395.05283,100,1068.218791
378.2042,100,1071.504041
385.1354,100,1071.504112
375.12244,100,1071.504127
337.0224,100,1071.504137
361.40692,100,1074.784361
361.08878,100,1074.784425
357.7664,100,1074.784439
385.33405,100,1074.78445
341.7953,100,1078.607069
375.37375,100,1078.607137
356.83463,100,1078.607151
340.90137,100,1078.607162
344.21387,100,1082.011973
309.25644,100,1082.012039
320.08957,100,1082.012054
362.32816,100,1082.012065
361.20645,100,1085.252405
294.13327,100,1085.252468
341.31845,100,1085.252481
308.2919,100,1085.25249
370.23077,100,1089.270404
378.42502,100,1089.270466
356.4071,100,1089.270479
379.51196,100,1089.270487
357.8528,100,1092.998446
356.32855,100,1092.99852
363.05823,100,1092.998536
375.78397,100,1092.998548
368.3154,100,1096.299297
350.0986,100,1096.29936
375.59607,100,1096.299374
385.5116,100,1096.299384
354.12646,100,1099.831671
389.7053,100,1099.831752
389.4459,100,1099.831767
363.39517,100,1099.831777
389.06976,100,1103.637583
359.85742,100,1103.637651
357.88812,100,1103.637666
365.4824,100,1103.637684
366.3623,100,1107.228168
319.81537,100,1107.228237
399.79678,100,1107.228252
378.60727,100,1107.228263
348.3749,100,1110.604539
366.15005,100,1110.604608
381.03546,100,1110.604624
378.4578,100,1110.604635
348.93015,100,1113.954059
291.1905,100,1113.954124
340.9041,100,1113.954136
345.51855,100,1113.954144
346.63263,100,1117.325321
382.72803,100,1117.325388
366.41815,100,1117.325404
332.51965,100,1117.325414
334.6683,100,1121.292771
386.76993,100,1121.292839
385.45743,100,1121.292854
392.3473,100,1121.292865
362.7897,100,1124.595626
334.69644,100,1124.595698
361.00778,100,1124.595717
333.48416,100,1124.595728
321.50146,100,1128.259808
294.11792,100,1128.259871
347.27747,100,1128.259886
372.19424,100,1128.259895
244.06581,100,1131.935119
366.8747,100,1131.935185
356.13834,100,1131.935199
376.7074,100,1131.93521
302.8739,100,1135.619786
373.61554,100,1135.619844
386.46555,100,1135.619857
367.06625,100,1135.619865
392.66464,100,1138.949785
341.50812,100,1138.949852
341.80658,100,1138.949867
379.5952,100,1138.949877
339.78592,100,1142.508291
357.81168,100,1142.508361
388.41568,100,1142.508376
371.3876,100,1142.508387
338.74023,100,1146.192966
385.14267,100,1146.193031
385.35126,100,1146.193046
353.46396,100,1146.193057
386.83087,100,1149.745376
383.9317,100,1149.745444
389.64395,100,1149.74546
319.13065,100,1149.745471
372.50107,100,1153.464819
355.98135,100,1153.464883
361.06503,100,1153.464898
359.01343,100,1153.464909
337.5937,100,1156.810321
359.23386,100,1156.810384
332.60306,100,1156.810399
364.39734,100,1156.810409
350.20078,100,1159.946592
390.89352,100,1159.946657
320.64627,100,1159.946672
335.52783,100,1159.946744
353.3115,100,1163.511954
357.29214,100,1163.51202
369.68942,100,1163.512036
358.85263,100,1163.512048
343.83252,100,1166.793385
369.25266,100,1166.793446
400.6347,100,1166.793459
367.03998,100,1166.793468
382.54388,100,1170.433421
356.06915,100,1170.433489
354.1492,100,1170.433505
382.5511,100,1170.433517
385.64417,100,1173.763376
359.85098,100,1173.763442
357.48755,100,1173.763457
377.3347,100,1173.763469
370.19446,100,1177.929971
358.146,100,1177.930041
317.52197,100,1177.930055
337.3716,100,1177.930066
366.0695,100,1182.300149
313.75302,100,1182.300214
393.92902,100,1182.30023
371.7358,100,1182.300241
363.1486,100,1185.86527
319.57153,100,1185.865335
367.62003,100,1185.86535
392.72742,100,1185.86536
365.6363,100,1189.444645
300.64102,100,1189.444716
348.64627,100,1189.444731
350.92358,100,1189.444741
264.77844,100,1193.783705
377.55804,100,1193.783772
359.7087,100,1193.783788
389.19708,100,1193.783799
370.56726,100,1197.037424
346.01855,100,1197.037483
342.87827,100,1197.037495
336.74423,100,1197.037504
352.93265,100,1200.911302
321.16254,100,1200.911369
405.49167,100,1200.911384
351.69897,100,1200.911395
372.1049,100,1204.524551
362.19128,100,1204.524632
364.09274,100,1204.524657
366.80664,100,1204.524684
380.3769,100,1208.11565
375.77066,100,1208.115731
381.80942,100,1208.115748
377.07806,100,1208.115759
347.39255,100,1211.844019
385.34753,100,1211.844088
359.93225,100,1211.844103
352.98956,100,1211.844114
391.88068,100,1215.561816
351.93362,100,1215.561882
378.45663,100,1215.561894
379.503,100,1215.561902
354.6209,100,1219.396224
377.99927,100,1219.396291
387.79385,100,1219.396306
381.91458,100,1219.396317
348.88654,100,1222.938866
347.74307,100,1222.938931
328.07132,100,1222.938947
338.7732,100,1222.938959
365.90924,100,1226.88806
376.0639,100,1226.888128
374.7528,100,1226.888144
377.96027,100,1226.888154
366.90805,100,1230.123781
352.14996,100,1230.123851
386.3127,100,1230.123867
325.63666,100,1230.123878
367.4463,100,1234.041431
321.15784,100,1234.041494
334.87793,100,1234.041507
374.328,100,1234.041516
369.18808,100,1238.178042
392.5759,100,1238.17811
379.80313,100,1238.178125
337.85092,100,1238.178136
273.4224,100,1241.567806
332.80948,100,1241.567869
339.43512,100,1241.567885
372.1322,100,1241.567896
369.14816,100,1244.86861
358.52716,100,1244.868753
324.60074,100,1244.868776
400.7608,100,1244.868787
312.8373,100,1248.138591
387.73633,100,1248.138654
350.11368,100,1248.13867
370.60376,100,1248.138693
366.14658,100,1252.314883
317.32068,100,1252.31495
390.105,100,1252.314965
375.47864,100,1252.314976
381.2519,100,1255.91472
373.79495,100,1255.914785
343.65305,100,1255.9148
270.80835,100,1255.914811
278.4596,100,1259.137997
396.61978,100,1259.138082
405.59656,100,1259.138098
384.42978,100,1259.138109
392.2114,100,1262.534414
380.13434,100,1262.53448
366.05786,100,1262.534495
385.47192,100,1262.534506
385.386,100,1266.13312
358.27005,100,1266.133188
360.51086,100,1266.133203
336.34146,100,1266.133214
373.32385,100,1269.499247
355.86124,100,1269.499314
368.3104,100,1269.499327
379.277,100,1269.499337
361.48297,100,1273.475247
331.90683,100,1273.475312
377.2554,100,1273.475327
358.02676,100,1273.475337
374.79007,100,1277.049726
383.69687,100,1277.049791
360.0966,100,1277.049805
318.50674,100,1277.049816
387.3639,100,1281.114556
384.10858,100,1281.114619
381.96942,100,1281.114631
357.65573,100,1281.11464
377.7324,100,1284.458393
381.92914,100,1284.458461
287.743,100,1284.458476
387.10358,100,1284.458488
376.17636,100,1287.677976
371.52325,100,1287.678041
257.89676,100,1287.678054
331.6789,100,1287.678063
364.4206,100,1290.874205
374.19006,100,1290.874272
374.7472,100,1290.874288
381.73584,100,1290.874299
372.92224,100,1294.525682
348.4974,100,1294.525748
376.8662,100,1294.525763
371.79453,100,1294.525773
372.75598,100,1298.2514
222.7177,100,1298.251464
371.7367,100,1298.251476
366.96902,100,1298.251485
379.3496,100,1301.690081
311.56198,100,1301.690154
337.49734,100,1301.69017
363.21136,100,1301.690181
393.49683,100,1305.200154
387.94205,100,1305.200217
349.95297,100,1305.200231
353.26865,100,1305.200239
360.20312,100,1308.957476
375.43216,100,1308.957536
327.339,100,1308.95755
303.62424,100,1308.957559
344.3288,100,1312.439208
315.98117,100,1312.43927
297.78772,100,1312.439284
363.09256,100,1312.439292
362.08273,100,1315.736186
376.12625,100,1315.736251
379.8671,100,1315.736267
374.31186,100,1315.736278
368.76538,100,1319.271143
365.09097,100,1319.271212
299.698,100,1319.271226
367.28238,100,1319.271235
367.89447,100,1323.046328
388.3804,100,1323.04639
367.19165,100,1323.046404
368.11005,100,1323.046413
367.66714,100,1326.57665
336.81546,100,1326.576726
355.2003,100,1326.576743
397.37988,100,1326.576754
346.3553,100,1329.999659
364.86295,100,1329.999737
371.72256,100,1329.999753
331.65375,100,1329.999763
371.81564,100,1333.403526
323.31155,100,1333.40359
377.0827,100,1333.403605
361.91766,100,1333.403615
350.24472,100,1337.070693
377.90567,100,1337.070763
312.15686,100,1337.070778
346.39575,100,1337.070789
358.2243,100,1340.379413
370.21063,100,1340.37948
392.21902,100,1340.379495
384.83405,100,1340.379505
346.81146,100,1343.677553
367.84586,100,1343.67762
365.95892,100,1343.677636
373.28503,100,1343.677647
359.4489,100,1347.189438
373.30682,100,1347.189506
354.0587,100,1347.189519
382.35648,100,1347.189528
397.4463,100,1351.273209
359.0577,100,1351.273274
378.73706,100,1351.273289
389.00806,100,1351.2733
381.9229,100,1354.815692
367.7442,100,1354.815757
373.5008,100,1354.815772
368.71335,100,1354.815782
365.7289,100,1358.469919
383.8344,100,1358.469979
341.0998,100,1358.469991
392.09113,100,1358.47
384.48422,100,1362.17441
364.4812,100,1362.174476
375.0421,100,1362.174491
336.98047,100,1362.174501
315.46976,100,1365.717062
359.96426,100,1365.717128
345.35748,100,1365.717142
340.73074,100,1365.717153
373.25055,100,1369.159609
369.53214,100,1369.159688
361.24805,100,1369.159708
377.39297,100,1369.15972
379.86618,100,1372.640277
350.5499,100,1372.64034
318.20578,100,1372.640352
322.7383,100,1372.640361
368.5117,100,1376.156866
374.63013,100,1376.156935
345.16263,100,1376.156953
367.05838,100,1376.156965
322.93488,100,1380.1682
384.38858,100,1380.168265
380.55463,100,1380.16828
395.91266,100,1380.168292
378.06134,100,1383.337384
335.1364,100,1383.337454
371.5546,100,1383.33747
328.3175,100,1383.337481
382.11923,100,1386.870044
365.59067,100,1386.87011
359.3284,100,1386.870125
313.2948,100,1386.870136
393.8075,100,1390.123524
320.31168,100,1390.123582
384.76398,100,1390.123594
367.89297,100,1390.123603
251.54465,100,1394.083236
374.03833,100,1394.083299
356.08374,100,1394.083311
377.73712,100,1394.08332
371.43262,100,1397.376722
387.26672,100,1397.376786
369.2312,100,1397.3768
343.20828,100,1397.376812
377.36993,100,1400.63748
339.4487,100,1400.637546
338.2807,100,1400.637562
330.59326,100,1400.637573
341.6192,100,1403.842139
300.655,100,1403.842203
366.69968,100,1403.842217
326.23984,100,1403.842227
352.48578,100,1407.338571
385.94733,100,1407.338634
383.13095,100,1407.33865
366.4423,100,1407.33866
360.59457,100,1410.620467
391.83768,100,1410.62053
384.18796,100,1410.620543
329.2485,100,1410.620552
374.0881,100,1414.168859
379.75494,100,1414.168922
397.1812,100,1414.168938
347.7868,100,1414.168948
364.35895,100,1417.711592
322.29523,100,1417.711658
330.03232,100,1417.711673
378.75327,100,1417.711698
370.13565,100,1421.384282
380.96744,100,1421.384348
331.7522,100,1421.384363
400.3427,100,1421.384374
387.2188,100,1425.226841
388.23337,100,1425.226905
362.98413,100,1425.22692
381.50882,100,1425.226932
343.5823,100,1428.749325
360.3384,100,1428.749382
388.67825,100,1428.749397
391.56836,100,1428.749409
374.72617,100,1432.035776
298.0962,100,1432.035842
369.55423,100,1432.035858
390.50296,100,1432.035869
347.71722,100,1435.468976
394.47687,100,1435.469043
314.42554,100,1435.469056
373.84967,100,1435.469065
397.3445,100,1438.943437
395.42474,100,1438.943502
378.97134,100,1438.943517
375.4932,100,1438.943528
391.6485,100,1442.214902
357.69885,100,1442.214969
372.01633,100,1442.214986
397.44138,100,1442.214997
394.4096,100,1445.541029
349.98892,100,1445.541094
353.55847,100,1445.541108
388.73163,100,1445.541118
339.58386,100,1449.255922
360.01166,100,1449.255988
393.94116,100,1449.256003
384.125,100,1449.256014
388.5449,100,1452.487731
375.32468,100,1452.487795
310.61707,100,1452.487808
359.9573,100,1452.487817
383.55054,100,1455.894164
381.6351,100,1455.894226
333.0358,100,1455.894238
388.5456,100,1455.894248
345.41873,100,1459.191726
368.16034,100,1459.19179
375.10724,100,1459.191803
379.7611,100,1459.191812
385.13617,100,1462.797507
392.01276,100,1462.797575
391.57913,100,1462.797591
361.2825,100,1462.797602
322.04037,100,1466.249218
357.56747,100,1466.249277
353.75607,100,1466.24929
403.66217,100,1466.249299
349.31512,100,1469.496972
380.528,100,1469.497037
386.96716,100,1469.49705
387.9625,100,1469.497059
387.90372,100,1472.761805
359.0573,100,1472.76187
368.5479,100,1472.761883
367.97678,100,1472.761892
348.0938,100,1476.38824
367.196,100,1476.388306
334.421,100,1476.388321
349.42242,100,1476.388332
377.03296,100,1479.749644
376.64294,100,1479.749719
390.12045,100,1479.749735
389.4998,100,1479.749746
362.37866,100,1483.024519
388.69485,100,1483.02458
354.71274,100,1483.024592
350.60046,100,1483.024601
329.24368,100,1486.465447
369.50827,100,1486.465512
371.04672,100,1486.465527
343.09143,100,1486.465537
345.33694,100,1490.468849
347.09933,100,1490.468911
365.56763,100,1490.468925
375.9347,100,1490.468935
376.27432,100,1493.750826
386.05865,100,1493.750888
378.1411,100,1493.750901
368.3076,100,1493.750911
369.93076,100,1497.153523
340.7426,100,1497.153589
399.19138,100,1497.153605
376.24716,100,1497.153616
400.05817,100,1500.471457
362.12076,100,1500.471521
366.69748,100,1500.471533
392.30453,100,1500.471542
267.3937,100,1504.264843
351.78275,100,1504.264906
381.91403,100,1504.264921
380.22623,100,1504.264932
361.04172,100,1507.720108
388.02567,100,1507.720171
384.16388,100,1507.720184
401.80917,100,1507.720192
369.29852,100,1510.785363
302.09525,100,1510.785427
365.4224,100,1510.785441
340.15482,100,1510.785451
371.80127,100,1514.333091
379.88028,100,1514.333159
361.41742,100,1514.333175
360.5035,100,1514.333186
346.12802,100,1518.173818
382.62903,100,1518.173884
396.04,100,1518.173899
392.6625,100,1518.17391
384.82495,100,1521.336116
340.62125,100,1521.336182
362.55576,100,1521.336197
360.72226,100,1521.336207
366.3831,100,1524.531695
331.24796,100,1524.531757
376.2498,100,1524.531769
364.54996,100,1524.531778
388.50934,100,1527.771723
382.47504,100,1527.771788
374.20663,100,1527.771819
369.23712,100,1527.771832
359.93463,100,1531.544248
373.57797,100,1531.544312
388.30112,100,1531.544325
377.54108,100,1531.544334
325.73886,100,1534.841846
342.7597,100,1534.841911
355.80325,100,1534.841924
401.3052,100,1534.841933
380.3237,100,1538.161727
335.379,100,1538.161792
378.64886,100,1538.161807
378.74976,100,1538.161819
371.90845,100,1541.498853
340.0436,100,1541.49892
350.76318,100,1541.498936
359.48553,100,1541.498947
351.09158,100,1545.296852
383.4687,100,1545.296917
355.805,100,1545.296932
378.8819,100,1545.296942
350.67413,100,1548.449774
383.19043,100,1548.449844
393.59653,100,1548.449859
377.83405,100,1548.44987
389.82748,100,1551.994959
358.07474,100,1551.995024
412.29178,100,1551.995039
357.32217,100,1551.99505
363.00665,100,1555.818134
394.99307,100,1555.818199
398.40018,100,1555.818214
392.56085,100,1555.818225
402.95667,100,1559.497655
316.2186,100,1559.497733
389.24893,100,1559.497748
386.0408,100,1559.497759
375.68552,100,1563.069627
359.2792,100,1563.069701
375.41025,100,1563.06972
381.30945,100,1563.069732
367.1579,100,1566.648403
384.1236,100,1566.648464
313.91428,100,1566.648477
338.48572,100,1566.648486
366.79044,100,1570.049565
359.77142,100,1570.049627
392.1267,100,1570.049641
327.70807,100,1570.04965
376.20554,100,1573.912578
360.21362,100,1573.912642
391.8091,100,1573.912658
393.54205,100,1573.91267
309.18228,100,1577.804959
380.9572,100,1577.805026
390.93042,100,1577.805042
331.90585,100,1577.805053
352.72882,100,1581.130144
402.759,100,1581.130207
326.71115,100,1581.130222
395.94882,100,1581.130234
314.53635,100,1584.59985
392.79526,100,1584.599918
348.807,100,1584.599933
360.94568,100,1584.599945
337.71237,100,1588.21845
383.44806,100,1588.218517
393.7249,100,1588.218533
372.92368,100,1588.218544
384.46906,100,1591.534582
381.64423,100,1591.534649
388.09656,100,1591.534665
402.68118,100,1591.534683
390.73508,100,1595.078259
353.91772,100,1595.078324
378.93253,100,1595.078339
385.41183,100,1595.07835
376.43262,100,1599.460169
406.99957,100,1599.460231
375.70837,100,1599.460245
413.69052,100,1599.460255
392.69125,100,1603.06356
403.24564,100,1603.063625
280.7644,100,1603.06364
334.4383,100,1603.063651
366.8202,100,1606.792093
343.76865,100,1606.792155
354.01245,100,1606.792167
391.55957,100,1606.792176
376.84537,100,1610.867835
318.14795,100,1610.867898
398.29614,100,1610.867913
382.97522,100,1610.867924
355.6355,100,1615.185341
369.89078,100,1615.185405
390.4791,100,1615.185422
390.94144,100,1615.185432
333.72687,100,1618.686827
343.06464,100,1618.686894
244.02184,100,1618.686909
385.0,100,1618.68692
326.64526,100,1622.05086
317.4807,100,1622.050925
362.37003,100,1622.05094
335.12448,100,1622.050951
372.04636,100,1625.736831
339.65448,100,1625.736904
366.451,100,1625.736921
399.0694,100,1625.736932
398.72522,100,1630.279937
339.17798,100,1630.280003
388.1402,100,1630.28002
363.37277,100,1630.280031
380.14026,100,1634.209015
353.77557,100,1634.209082
346.41122,100,1634.209099
364.60468,100,1634.209109
395.7948,100,1637.475302
375.62604,100,1637.475368
395.5334,100,1637.475383
368.62552,100,1637.475395
343.0717,100,1640.878238
395.41946,100,1640.878307
319.7493,100,1640.878323
299.92325,100,1640.878334
367.88412,100,1644.346114
372.26782,100,1644.346181
369.40823,100,1644.346197
381.94626,100,1644.346209
388.28818,100,1648.528128
373.00964,100,1648.528197
397.7074,100,1648.528212
454.3976,100,1648.528223
392.62286,100,1651.77913
394.99155,100,1651.779201
398.7318,100,1651.779216
356.4823,100,1651.779227
381.06183,100,1656.859081
383.5533,100,1656.859142
362.84344,100,1656.859158
356.03384,100,1656.859169
348.53336,100,1660.249646
368.3541,100,1660.249721
385.91156,100,1660.249737
376.29504,100,1660.249748
330.32614,100,1664.166494
358.61377,100,1664.16656
381.12604,100,1664.166576
387.7555,100,1664.166588
366.22458,100,1667.45358
323.73248,100,1667.453649
350.6901,100,1667.453664
389.47626,100,1667.453674
388.02264,100,1670.839018
371.12863,100,1670.839099
390.2823,100,1670.839116
391.85562,100,1670.839127
363.37985,100,1675.034949
371.31906,100,1675.035014
405.80804,100,1675.03503
367.84662,100,1675.035041
399.63235,100,1679.46564
381.05942,100,1679.46572
343.94623,100,1679.465737
351.60507,100,1679.465749
331.0344,100,1682.848619
378.4818,100,1682.848694
358.46603,100,1682.848715
362.91125,100,1682.848727
322.88107,100,1686.394942
387.05548,100,1686.395014
393.8171,100,1686.395029
382.31192,100,1686.39504
344.4587,100,1690.022518
356.43304,100,1690.022591
383.59073,100,1690.02261
391.49078,100,1690.022625
342.76312,100,1693.764939
386.11914,100,1693.765002
357.68286,100,1693.765016
294.3836,100,1693.765025
376.13754,100,1697.123903
385.9938,100,1697.123971
383.35947,100,1697.123986
334.86658,100,1697.123997
383.336,100,1700.540848
352.19684,100,1700.540914
391.31088,100,1700.540929
377.99908,100,1700.54094
383.2885,100,1703.986636
400.63544,100,1703.986704
333.86426,100,1703.986718
356.49564,100,1703.986727
364.98157,100,1708.145114
368.65793,100,1708.145177
357.51443,100,1708.145193
370.45267,100,1708.145204
371.43555,100,1711.662958
370.32358,100,1711.663023
327.6079,100,1711.663036
280.63397,100,1711.663044
397.50293,100,1715.639524
370.13614,100,1715.639591
342.47726,100,1715.639607
371.45865,100,1715.639617
377.16287,100,1719.645268
370.19818,100,1719.645333
382.83487,100,1719.645348
368.1038,100,1719.645359
361.89975,100,1723.49306
367.91428,100,1723.49312
355.40317,100,1723.493133
372.25012,100,1723.493143
331.72366,100,1727.441039
365.61017,100,1727.441103
372.0086,100,1727.441118
324.72238,100,1727.441129
389.45184,100,1731.14146
380.0231,100,1731.141522
372.3113,100,1731.141536
402.9717,100,1731.141546
297.36508,100,1734.678211
300.77682,100,1734.678275
265.3529,100,1734.678288
397.18942,100,1734.678297
285.60358,100,1738.162686
373.27274,100,1738.162749
327.93613,100,1738.16276
354.04736,100,1738.162769
360.66846,100,1741.771972
393.14908,100,1741.772037
347.03452,100,1741.772052
375.0519,100,1741.772063
361.52133,100,1745.094884
322.32617,100,1745.09495
339.72995,100,1745.094964
384.1742,100,1745.094973
388.2427,100,1749.022166
374.383,100,1749.022233
362.96198,100,1749.022248
374.56433,100,1749.022259
364.1503,100,1752.734117
375.50262,100,1752.734181
362.947,100,1752.734197
380.75998,100,1752.734207
300.49915,100,1756.206223
354.06595,100,1756.20629
388.8916,100,1756.206305
389.45844,100,1756.206316
329.05423,100,1759.848218
384.5134,100,1759.848281
368.2059,100,1759.848295
173.56206,100,1759.848306
347.30325,100,1763.058065
333.38013,100,1763.058133
383.66934,100,1763.058148
336.4731,100,1763.058159
385.91507,100,1767.094057
384.87762,100,1767.094124
358.99384,100,1767.094139
376.61816,100,1767.094149
377.1344,100,1770.423322
373.54947,100,1770.423391
320.6436,100,1770.423408
384.0586,100,1770.423419
367.21368,100,1774.369459
337.00992,100,1774.369528
376.45355,100,1774.369543
401.253,100,1774.369554
391.47122,100,1777.878904
369.89667,100,1777.878969
304.84378,100,1777.878982
369.56454,100,1777.878991
388.48737,100,1781.701359
384.26334,100,1781.701427
355.94803,100,1781.701441
296.19992,100,1781.701451
356.42783,100,1785.069127
370.72388,100,1785.069193
390.57602,100,1785.069207
389.1177,100,1785.069216
389.19806,100,1789.403343
399.82666,100,1789.403409
344.64224,100,1789.403426
368.93195,100,1789.403437
363.6296,100,1792.797618
380.88126,100,1792.797686
346.3176,100,1792.797703
344.24292,100,1792.797713
385.92728,100,1796.614341
362.96188,100,1796.614415
329.09583,100,1796.614433
366.60803,100,1796.614447
372.08725,100,1799.926065
374.1113,100,1799.926133
359.94885,100,1799.926149
362.5056,100,1799.926161
319.19507,100,1803.597789
387.13458,100,1803.597852
390.62793,100,1803.597864
352.49353,100,1803.597873
373.00482,100,1807.488182
364.31656,100,1807.488248
514.16797,100,1807.488264
374.401,100,1807.488274
374.55246,100,1811.308964
331.10468,100,1811.309029
366.73886,100,1811.309062
385.1318,100,1811.309073
392.5047,100,1814.726187
309.4191,100,1814.726256
343.2205,100,1814.726272
329.46124,100,1814.726283
365.59152,100,1818.211976
352.3149,100,1818.212039
391.15216,100,1818.212054
365.9082,100,1818.212065
375.5648,100,1821.743456
383.1927,100,1821.743523
317.01883,100,1821.743538
365.73508,100,1821.74355
354.29144,100,1825.434501
355.2013,100,1825.43457
364.37253,100,1825.434586
360.059,100,1825.434597
394.51788,100,1828.579201
386.3802,100,1828.579267
319.65646,100,1828.579282
280.57138,100,1828.579293
367.10196,100,1832.057228
382.50296,100,1832.057293
362.2357,100,1832.057305
372.8169,100,1832.057314
373.36475,100,1835.375786
345.33176,100,1835.375853
339.8881,100,1835.375869
358.1218,100,1835.375881
381.89032,100,1839.154315
362.50388,100,1839.154386
388.32755,100,1839.154401
401.70532,100,1839.154412
385.90277,100,1842.385584
377.36816,100,1842.385642
363.8916,100,1842.385654
375.04257,100,1842.385663
370.83752,100,1845.666936
376.47195,100,1845.667004
379.36542,100,1845.667019
364.01132,100,1845.66703
369.34167,100,1849.394378
389.70068,100,1849.394442
387.49915,100,1849.394456
374.25784,100,1849.394467
405.4625,100,1853.907593
376.21387,100,1853.90766
376.30142,100,1853.907682
370.63788,100,1853.907697
345.6417,100,1857.269855
371.29224,100,1857.269928
384.72144,100,1857.269941
384.6247,100,1857.26995
381.93997,100,1860.549822
309.5821,100,1860.549888
374.10873,100,1860.549902
361.8688,100,1860.549913
371.50217,100,1863.82272
384.2722,100,1863.82279
293.84488,100,1863.822805
382.25385,100,1863.822817
335.8984,100,1867.747313
325.4535,100,1867.747372
352.8575,100,1867.747385
366.04343,100,1867.747394
372.27115,100,1871.310144
381.0477,100,1871.310208
340.77087,100,1871.310223
361.67767,100,1871.310234
183.1841,100,1874.499913
214.6173,100,1874.499988
246.89426,100,1874.500004
207.45778,100,1874.500016
353.17807,100,1877.576347
297.37222,100,1877.576409
268.45593,100,1877.576425
241.0441,100,1877.576435
371.35156,100,1881.344471
266.3283,100,1881.344542
351.8099,100,1881.344558
369.26175,100,1881.344568
333.48026,100,1885.628218
341.53653,100,1885.628284
378.6115,100,1885.628299
359.51367,100,1885.628311
346.58603,100,1888.972595
301.23303,100,1888.972661
312.5352,100,1888.972696
363.89755,100,1888.972715
343.52725,100,1892.54752
368.7368,100,1892.547584
384.90347,100,1892.547598
376.93887,100,1892.547608
370.54285,100,1896.480867
387.18472,100,1896.480931
396.92047,100,1896.480946
373.3759,100,1896.480956
365.8692,100,1900.816185
365.40234,100,1900.816254
372.3997,100,1900.816269
364.4102,100,1900.81628
332.00726,100,1904.738971
379.64334,100,1904.739037
338.55405,100,1904.739053
387.48468,100,1904.739064
369.03107,100,1908.358124
382.4225,100,1908.358191
339.2075,100,1908.358206
361.22968,100,1908.358216
355.36932,100,1911.986189
387.1686,100,1911.986256
363.88748,100,1911.986271
299.37225,100,1911.986281
387.74026,100,1915.408797
340.9608,100,1915.408862
374.56592,100,1915.408876
395.84042,100,1915.408887
369.5532,100,1918.782763
398.30502,100,1918.782824
349.53857,100,1918.782837
382.42355,100,1918.782845
359.44672,100,1922.133577
383.9412,100,1922.133641
345.30185,100,1922.133655
375.0324,100,1922.133666
382.39597,100,1926.160716
394.56778,100,1926.160785
380.54062,100,1926.1608
389.92673,100,1926.160811
366.417,100,1929.530438
322.98895,100,1929.530504
383.54248,100,1929.530519
399.53812,100,1929.530529
343.36035,100,1933.030872
368.8115,100,1933.030943
299.4775,100,1933.030958
348.00098,100,1933.030968
395.81815,100,1937.638079
388.04507,100,1937.638147
409.81363,100,1937.638162
383.4319,100,1937.638173
374.2485,100,1941.969231
316.27856,100,1941.969295
386.98355,100,1941.969309
382.1622,100,1941.96932
385.6123,100,1945.899899
380.47357,100,1945.899968
335.9531,100,1945.899983
348.63388,100,1945.899994
372.93817,100,1950.824903
420.52515,100,1950.824969
362.12347,100,1950.824984
350.76224,100,1950.824995
352.70782,100,1954.169251
309.6193,100,1954.169314
300.1743,100,1954.169329
365.28995,100,1954.16934
355.01523,100,1958.636764
383.77652,100,1958.636834
266.22983,100,1958.63685
367.06702,100,1958.636861
299.0077,100,1962.054024
348.73148,100,1962.054098
362.2518,100,1962.054116
377.4396,100,1962.054127
382.26675,100,1966.30022
386.0976,100,1966.300285
376.97144,100,1966.300301
342.63794,100,1966.300313
381.24216,100,1969.797035
386.03665,100,1969.797097
400.52924,100,1969.79711
395.0508,100,1969.797119
400.56805,100,1973.856271
352.46713,100,1973.856341
344.93546,100,1973.856356
401.54227,100,1973.856367
348.49692,100,1977.52607
384.00644,100,1977.526158
392.37033,100,1977.526179
380.26718,100,1977.526195
300.7017,100,1980.924961
423.5965,100,1980.925031
419.6327,100,1980.925046
381.5671,100,1980.925056
289.62823,100,1984.128075
393.0488,100,1984.12814
368.19812,100,1984.128153
288.65665,100,1984.128163
376.67838,100,1987.959458
343.2363,100,1987.959529
356.48514,100,1987.959544
364.89267,100,1987.959555
378.16727,100,1991.697956
383.41385,100,1991.698026
369.69812,100,1991.698042
339.00513,100,1991.698053
367.86087,100,1995.550555
362.25278,100,1995.550623
350.58624,100,1995.550637
374.23914,100,1995.550648
377.7325,100,1999.744798
308.6781,100,1999.744869
358.80896,100,1999.744885
395.51254,100,1999.744898
376.30606,100,2004.702368
391.6145,100,2004.702439
395.31668,100,2004.702454
361.54437,100,2004.702465
340.87695,100,2008.277632
382.55734,100,2008.277708
369.47192,100,2008.277725
290.01196,100,2008.277737
351.9625,100,2011.746196
394.22882,100,2011.746261
271.92728,100,2011.746273
392.7027,100,2011.746283
356.17953,100,2015.149749
380.22644,100,2015.149818
381.94263,100,2015.149834
413.4234,100,2015.149845
298.55487,100,2018.897191
386.7915,100,2018.897261
381.7148,100,2018.897276
330.39746,100,2018.897287
350.50128,100,2023.040785
395.27682,100,2023.040864
375.05307,100,2023.040884
372.8409,100,2023.0409
387.97668,100,2026.414495
382.19647,100,2026.414567
397.0166,100,2026.414582
392.86563,100,2026.414592
358.6611,100,2030.577157
378.20276,100,2030.57722
362.32278,100,2030.577233
388.87717,100,2030.577241
376.4783,100,2034.616929
363.9372,100,2034.616997
384.58173,100,2034.61701
383.7744,100,2034.617019
373.37546,100,2038.54733
379.2114,100,2038.547398
358.5586,100,2038.547413
394.46228,100,2038.547424
383.94888,100,2042.84387
377.7186,100,2042.84394
376.69568,100,2042.843955
372.6428,100,2042.843966
389.3337,100,2046.557053
377.1061,100,2046.557131
397.07614,100,2046.557154
384.98846,100,2046.557173
324.90274,100,2050.476991
352.02823,100,2050.477062
373.73807,100,2050.477078
396.5839,100,2050.477089
380.60178,100,2054.809991
388.75702,100,2054.810061
389.08533,100,2054.810075
325.60776,100,2054.810086
384.13385,100,2058.647413
385.49963,100,2058.647481
360.2844,100,2058.647496
368.31705,100,2058.647507
365.8972,100,2062.058746
336.96686,100,2062.05881
347.28204,100,2062.058823
382.86362,100,2062.058833
390.47726,100,2065.868184
429.29752,100,2065.868253
359.29105,100,2065.868268
412.07043,100,2065.86828
361.8435,100,2069.561785
365.42593,100,2069.561849
345.42474,100,2069.561862
339.2909,100,2069.561872
331.07343,100,2073.74457
399.65085,100,2073.74464
382.23248,100,2073.744655
394.34735,100,2073.744667
434.38812,100,2077.925851
390.09293,100,2077.925916
388.77005,100,2077.925929
380.0326,100,2077.925938
389.56903,100,2081.811207
364.18607,100,2081.811271
390.44052,100,2081.811285
345.46075,100,2081.811294
309.4324,100,2085.132626
314.84308,100,2085.132703
383.92017,100,2085.132721
334.77023,100,2085.132733
392.8075,100,2088.549071
376.4174,100,2088.549139
337.22137,100,2088.549153
388.8892,100,2088.549165
384.8085,100,2092.859955
402.29205,100,2092.86002
391.0402,100,2092.860036
381.63055,100,2092.860047
324.28787,100,2096.810995
376.95065,100,2096.811064
382.1934,100,2096.81108
372.6554,100,2096.81109
385.41473,100,2100.497809
380.07465,100,2100.49788
376.6756,100,2100.497895
363.84506,100,2100.497922
367.1,100,2104.459813
376.75937,100,2104.459882
385.78915,100,2104.459898
398.02426,100,2104.459909
388.86713,100,2108.051497
370.68243,100,2108.051567
375.2904,100,2108.051583
364.08475,100,2108.051594
329.53317,100,2112.107217
419.61603,100,2112.107283
393.26263,100,2112.107297
358.26498,100,2112.107308
395.09436,100,2115.875896
356.45834,100,2115.875962
367.55673,100,2115.875977
389.5439,100,2115.875988
337.30646,100,2119.653749
358.13303,100,2119.653819
386.58197,100,2119.653834
274.55887,100,2119.653845
368.0528,100,2123.278962
386.81427,100,2123.279022
383.53152,100,2123.279035
385.29758,100,2123.279044
376.886,100,2127.39889
395.45074,100,2127.398951
381.14023,100,2127.398965
394.50272,100,2127.398974
394.62122,100,2130.645502
315.85727,100,2130.645571
368.142,100,2130.645586
375.91226,100,2130.645599
406.74362,100,2134.197926
297.7525,100,2134.197993
353.5571,100,2134.198009
366.68036,100,2134.198019
336.13495,100,2137.80567
389.74948,100,2137.805746
394.30508,100,2137.805758
319.5438,100,2137.805768
395.46207,100,2141.436832
239.63263,100,2141.436895
352.92416,100,2141.436908
261.87308,100,2141.436917
403.08035,100,2144.913421
306.69864,100,2144.91349
340.87717,100,2144.913506
311.1982,100,2144.913517
390.417,100,2148.696363
378.22528,100,2148.69643
380.8797,100,2148.696445
375.27997,100,2148.696456
351.7622,100,2151.978351
327.0222,100,2151.978422
375.27032,100,2151.978437
383.5328,100,2151.978448
366.77103,100,2155.742441
381.81155,100,2155.742508
349.1695,100,2155.742523
386.37088,100,2155.742534
362.34293,100,2159.652686
390.30496,100,2159.652753
385.45178,100,2159.652768
351.85852,100,2159.652779
364.19815,100,2163.303754
362.7412,100,2163.303825
387.5705,100,2163.303841
310.80637,100,2163.303852
319.19083,100,2167.290181
374.62106,100,2167.290246
395.1436,100,2167.290261
373.8528,100,2167.290272
351.58456,100,2171.897472
382.9119,100,2171.897535
388.26486,100,2171.897549
388.93793,100,2171.897557
368.80423,100,2175.991451
393.38538,100,2175.991518
371.76724,100,2175.991535
332.0744,100,2175.991545
374.63,100,2180.329395
395.08008,100,2180.329455
395.40073,100,2180.329468
389.2883,100,2180.329478
410.46274,100,2184.238166
383.49377,100,2184.238227
247.83319,100,2184.238241
391.69818,100,2184.23825
271.99918,100,2188.651721
384.35846,100,2188.65179
398.32758,100,2188.651806
377.68765,100,2188.651817
340.6594,100,2192.234493
387.50098,100,2192.23456
400.00455,100,2192.234575
324.95026,100,2192.234586
366.55847,100,2196.006013
337.5433,100,2196.006082
385.64493,100,2196.006097
366.6046,100,2196.006108
401.34128,100,2199.845912
361.849,100,2199.845985
395.69473,100,2199.846001
413.03265,100,2199.846013
381.28882,100,2204.070667
307.16278,100,2204.070898
409.3277,100,2204.070915
380.41815,100,2204.070925
354.35483,100,2207.542491
335.58887,100,2207.542555
278.01572,100,2207.542568
365.19983,100,2207.542576
373.54892,100,2211.279369
387.07828,100,2211.279438
375.527,100,2211.279453
418.002,100,2211.279464
360.32526,100,2214.976606
392.45285,100,2214.976671
387.08356,100,2214.976724
334.80066,100,2214.976738
371.39633,100,2219.287935
368.12198,100,2219.288008
375.24557,100,2219.288022
384.32022,100,2219.288031
394.56833,100,2222.659389
373.35086,100,2222.659459
349.3585,100,2222.659473
396.2382,100,2222.659482
339.8953,100,2226.439466
377.4736,100,2226.439533
382.86877,100,2226.439548
294.0948,100,2226.439559
361.17044,100,2230.037499
382.72192,100,2230.037564
300.18427,100,2230.037579
382.53207,100,2230.03759
380.3943,100,2234.071956
333.06396,100,2234.072028
350.59473,100,2234.072043
396.43668,100,2234.072054
400.26392,100,2237.78818
356.66638,100,2237.788248
393.9291,100,2237.788265
355.76495,100,2237.788276
379.59775,100,2241.660979
360.06256,100,2241.661045
351.607,100,2241.661061
351.49103,100,2241.661072
366.3758,100,2245.405548
345.06076,100,2245.405613
374.0562,100,2245.405629
299.57333,100,2245.40564
377.4006,100,2249.304452
384.07092,100,2249.30453
436.3796,100,2249.304546
332.32867,100,2249.304557
387.7406,100,2252.874043
365.63968,100,2252.874106
386.037,100,2252.87412
377.77866,100,2252.87413
379.3062,100,2256.563185
362.9946,100,2256.563254
345.30444,100,2256.563269
393.0942,100,2256.56328
365.4939,100,2260.060721
392.40323,100,2260.060786
333.4845,100,2260.060802
389.39502,100,2260.060814
364.82755,100,2264.020654
287.4145,100,2264.020729
252.64276,100,2264.020746
392.99078,100,2264.020756
354.64243,100,2267.494368
304.88388,100,2267.494446
345.30826,100,2267.494462
302.12753,100,2267.494474
331.21912,100,2270.972885
382.97223,100,2270.972948
333.1292,100,2270.972962
331.484,100,2270.97297
359.03754,100,2275.016944
370.58115,100,2275.017015
390.91574,100,2275.017031
293.06183,100,2275.017042
354.09772,100,2279.579268
383.49692,100,2279.579334
400.74155,100,2279.579348
384.11987,100,2279.579359
346.8492,100,2283.288685
321.79346,100,2283.288748
285.67374,100,2283.288763
413.6014,100,2283.288774
378.12207,100,2286.599632
374.88083,100,2286.599707
379.86008,100,2286.599724
332.6307,100,2286.599735
328.51382,100,2291.086315
368.8601,100,2291.086381
320.2666,100,2291.086396
355.20007,100,2291.086406
347.54434,100,2294.935055
324.12576,100,2294.935122
326.85117,100,2294.935139
368.01642,100,2294.935151
212.20567,100,2298.568076
281.18665,100,2298.568145
316.83072,100,2298.568159
313.1835,100,2298.56817
258.5727,100,2303.035486
364.41632,100,2303.03555
394.42862,100,2303.035566
371.4808,100,2303.035577
360.9652,100,2307.020112
372.77448,100,2307.020175
317.78094,100,2307.020189
501.72778,100,2307.020198
379.66733,100,2312.044376
383.6028,100,2312.044442
395.9388,100,2312.044458
285.82306,100,2312.044469
345.66855,100,2315.733467
332.91006,100,2315.733537
385.0737,100,2315.733552
302.0317,100,2315.733563
354.8931,100,2319.955867
386.8639,100,2319.955934
351.09668,100,2319.955949
390.84012,100,2319.955961
350.34048,100,2323.656235
381.74744,100,2323.656298
383.14023,100,2323.656313
350.5615,100,2323.656324
388.72107,100,2327.507482
349.9138,100,2327.50755
355.68842,100,2327.507565
361.36887,100,2327.507576
371.93546,100,2331.394264
384.5152,100,2331.394331
247.69582,100,2331.394346
350.21582,100,2331.394358
345.91336,100,2334.952573
383.68405,100,2334.952636
356.57312,100,2334.952649
319.42563,100,2334.952658
374.302,100,2338.806744
378.79593,100,2338.806808
375.3108,100,2338.806822
400.88998,100,2338.806831
366.60693,100,2342.677277
370.04956,100,2342.677347
387.18338,100,2342.677363
369.07602,100,2342.677374
375.49857,100,2345.921203
388.83243,100,2345.92127
288.41577,100,2345.921286
377.0124,100,2345.921297
366.80237,100,2349.710501
394.6716,100,2349.710563
366.767,100,2349.710575
374.67047,100,2349.710585
375.16595,100,2353.336218
339.41324,100,2353.33628
391.63824,100,2353.336292
340.8978,100,2353.336301
409.50143,100,2356.853933
313.83362,100,2356.854002
382.84772,100,2356.854018
344.63297,100,2356.854029
345.54633,100,2361.005647
380.97845,100,2361.005718
397.7498,100,2361.005733
376.15747,100,2361.005743
398.0495,100,2364.680503
380.99628,100,2364.680569
383.73578,100,2364.680583
362.8419,100,2364.680593
379.7573,100,2368.127017
351.06384,100,2368.127087
390.14783,100,2368.127101
332.53043,100,2368.12711
305.32605,100,2372.338217
392.86218,100,2372.338278
391.4673,100,2372.33829
373.42764,100,2372.3383
368.67017,100,2375.66781
386.89175,100,2375.667877
342.91632,100,2375.667892
382.55475,100,2375.667902
347.89343,100,2378.919794
345.80945,100,2378.919858
399.98914,100,2378.919872
393.24747,100,2378.919882
396.76276,100,2382.395953
385.6128,100,2382.396022
376.1928,100,2382.396039
375.39062,100,2382.396049
278.2554,100,2386.30869
398.91547,100,2386.308753
384.74707,100,2386.308767
382.87918,100,2386.308775
292.09802,100,2389.584234
386.54633,100,2389.584301
328.75858,100,2389.584316
394.20438,100,2389.584327
397.95688,100,2393.423871
342.9314,100,2393.423938
366.66434,100,2393.423953
386.49966,100,2393.423969
337.78983,100,2396.919454
379.27716,100,2396.919521
311.95172,100,2396.919536
350.0739,100,2396.919546
347.26712,100,2400.753904
355.54172,100,2400.753972
379.8611,100,2400.753988
395.218,100,2400.753998
284.2722,100,2404.38193
376.72464,100,2404.381995
392.90955,100,2404.382011
392.38834,100,2404.382023
340.91852,100,2407.958629
334.77512,100,2407.958715
357.66458,100,2407.958733
365.3075,100,2407.958743
358.5987,100,2411.135364
344.82074,100,2411.135427
345.91812,100,2411.135442
220.97299,100,2411.135454
376.08322,100,2414.946917
339.79437,100,2414.946981
329.80402,100,2414.946994
379.2585,100,2414.947004
391.75815,100,2418.700432
345.12256,100,2418.700499
389.99307,100,2418.700515
382.31186,100,2418.700524
341.60898,100,2422.57764
371.3438,100,2422.577713
372.70297,100,2422.57773
392.26328,100,2422.577741
351.4835,100,2426.335097
360.3386,100,2426.335166
387.3419,100,2426.335181
370.04324,100,2426.335192
390.72098,100,2430.122444
348.40515,100,2430.122504
382.02194,100,2430.122516
373.45206,100,2430.122525
386.54895,100,2433.784027
398.57916,100,2433.784092
389.40015,100,2433.784108
348.47278,100,2433.78412
338.00735,100,2437.156611
394.64963,100,2437.156682
353.3232,100,2437.156702
382.49362,100,2437.156713
408.0039,100,2441.200058
386.2383,100,2441.200123
355.30225,100,2441.200135
382.8583,100,2441.200145
403.71072,100,2444.980578
375.35498,100,2444.980646
317.07343,100,2444.980662
363.17343,100,2444.980673
398.39154,100,2449.086787
389.14755,100,2449.086853
356.292,100,2449.086868
386.22794,100,2449.08688
357.3846,100,2452.5572
388.72296,100,2452.557269
371.2964,100,2452.557285
384.04996,100,2452.557296
358.42566,100,2456.18784
395.43286,100,2456.187905
385.2583,100,2456.187921
392.3196,100,2456.187932
391.37012,100,2459.837057
225.12001,100,2459.837126
335.6079,100,2459.837143
381.62326,100,2459.837154
375.03763,100,2463.042084
372.93265,100,2463.04215
340.2042,100,2463.042166
390.1813,100,2463.042177
374.90646,100,2466.513634
342.68005,100,2466.51371
392.62872,100,2466.513727
394.7799,100,2466.513739
370.12927,100,2470.299796
386.72092,100,2470.299863
383.67844,100,2470.299879
395.7495,100,2470.29989
394.36603,100,2474.126979
385.36118,100,2474.127045
370.9464,100,2474.12706
350.83212,100,2474.127071
374.91092,100,2478.582857
350.8248,100,2478.582929
383.97925,100,2478.582945
378.0138,100,2478.582955
374.0703,100,2482.20757
355.0886,100,2482.207637
296.20404,100,2482.207653
383.46466,100,2482.207664
360.70224,100,2486.046334
372.66043,100,2486.046398
359.9508,100,2486.046414
384.06213,100,2486.046425
346.96613,100,2489.660671
292.38623,100,2489.660748
369.14813,100,2489.660764
378.0226,100,2489.660774
330.20248,100,2493.538498
401.83377,100,2493.538566
360.02368,100,2493.538579
374.70822,100,2493.538589
379.81787,100,2497.161712
357.93976,100,2497.16178
401.2865,100,2497.161795
350.1346,100,2497.161806
314.53455,100,2501.106105
385.9215,100,2501.106171
349.05963,100,2501.106187
324.9921,100,2501.106198
386.6662,100,2504.848791
383.35574,100,2504.848863
356.47266,100,2504.848878
322.62067,100,2504.848889
385.34323,100,2508.340389
368.2917,100,2508.340455
355.04535,100,2508.34047
383.1808,100,2508.340482
380.96176,100,2512.36493
364.46103,100,2512.365002
388.89093,100,2512.365018
392.49432,100,2512.365029
379.80844,100,2515.830946
379.2958,100,2515.831012
350.84164,100,2515.831025
311.2615,100,2515.831034
362.786,100,2519.596565
355.282,100,2519.596629
358.50348,100,2519.596643
333.01144,100,2519.596654
384.51254,100,2523.217369
340.5663,100,2523.21744
370.09125,100,2523.217455
396.80734,100,2523.217466
380.07385,100,2527.275714
394.94495,100,2527.27578
388.74796,100,2527.275797
393.92563,100,2527.275808
359.46463,100,2530.651969
367.3905,100,2530.65204
381.38406,100,2530.652056
338.8426,100,2530.652067
370.18835,100,2534.567487
342.76962,100,2534.567557
368.09372,100,2534.567572
367.52588,100,2534.567584
352.37192,100,2538.053132
296.60373,100,2538.053205
388.91766,100,2538.053221
383.2617,100,2538.053233
352.36826,100,2541.65189
393.39734,100,2541.651953
390.5015,100,2541.651967
367.6121,100,2541.651976
384.29257,100,2545.460634
366.89087,100,2545.460709
395.23862,100,2545.460725
365.4641,100,2545.460736
385.6328,100,2549.971281
403.8855,100,2549.971352
342.5663,100,2549.971367
353.97446,100,2549.971378
380.13635,100,2553.883785
366.09842,100,2553.883853
334.20206,100,2553.883868
364.17438,100,2553.883879
355.507,100,2557.413719
394.06934,100,2557.41379
393.62003,100,2557.413806
392.94022,100,2557.413818
287.20126,100,2561.077815
401.04318,100,2561.077885
377.41476,100,2561.0779
386.0989,100,2561.077912
396.93903,100,2565.00459
354.77234,100,2565.004657
374.19916,100,2565.004673
362.6744,100,2565.004698
367.26892,100,2568.315101
341.92844,100,2568.315165
370.52628,100,2568.315178
386.36063,100,2568.315187
389.99356,100,2571.870986
377.2672,100,2571.871047
367.58713,100,2571.871059
311.9973,100,2571.871068
350.00342,100,2575.396365
364.04614,100,2575.396434
295.30032,100,2575.39645
387.36118,100,2575.396461
364.2177,100,2579.174199
383.36676,100,2579.174266
379.30252,100,2579.174279
334.6802,100,2579.174288
401.88095,100,2582.578668
320.77194,100,2582.578748
384.0039,100,2582.578764
275.5314,100,2582.578774
381.55048,100,2585.9874
327.95715,100,2585.987466
400.0033,100,2585.987481
385.24164,100,2585.987493
337.1802,100,2591.192419
372.9818,100,2591.192483
368.4365,100,2591.192499
362.35455,100,2591.19251
393.38315,100,2594.738717
378.0966,100,2594.738786
345.92914,100,2594.738801
330.7781,100,2594.738812
328.1835,100,2597.938619
391.77472,100,2597.938696
392.66568,100,2597.938716
377.05322,100,2597.938728
409.76547,100,2601.454926
223.1346,100,2601.455009
388.34436,100,2601.455035
270.48477,100,2601.455056
354.55118,100,2605.004907
377.5826,100,2605.004978
355.99664,100,2605.004994
385.5078,100,2605.005005
378.64346,100,2608.685057
322.5868,100,2608.685126
353.35382,100,2608.685141
329.4279,100,2608.685152
401.422,100,2611.942814
342.7705,100,2611.942878
385.99765,100,2611.942891
381.09235,100,2611.9429
389.6444,100,2615.409694
300.8784,100,2615.409762
274.97708,100,2615.409778
367.27142,100,2615.409789
345.29486,100,2618.873574
342.7764,100,2618.873639
329.6273,100,2618.873653
389.76334,100,2618.873663
345.7157,100,2622.745778
368.42065,100,2622.745845
385.12714,100,2622.745861
383.80774,100,2622.745872
362.58698,100,2626.295091
391.81717,100,2626.295153
351.14404,100,2626.295168
389.28442,100,2626.295179
354.5527,100,2629.61751
380.3044,100,2629.617578
356.1273,100,2629.617594
285.65952,100,2629.617605
376.63104,100,2633.430823
345.80502,100,2633.430888
388.33853,100,2633.430904
395.7955,100,2633.430915
377.72726,100,2637.211092
289.1442,100,2637.211163
396.16785,100,2637.211178
391.813,100,2637.211189
407.43173,100,2640.526562
303.143,100,2640.526628
367.40387,100,2640.526641
374.5937,100,2640.52665
401.11813,100,2643.863108
313.7935,100,2643.863168
387.26685,100,2643.863181
385.29404,100,2643.863191
302.6258,100,2647.253337
376.1408,100,2647.253403
393.05328,100,2647.253417
390.40964,100,2647.253427
361.22238,100,2651.011924
308.02368,100,2651.012009
371.1293,100,2651.012035
389.12607,100,2651.012056
319.25488,100,2654.375711
373.0409,100,2654.37578
319.08514,100,2654.375797
374.44638,100,2654.375815
351.1667,100,2658.089914
403.41663,100,2658.089982
353.2587,100,2658.089997
328.91663,100,2658.090008
364.87363,100,2661.52667
308.03918,100,2661.526748
370.7027,100,2661.526764
389.99545,100,2661.526775
382.73303,100,2665.136602
344.44855,100,2665.136671
362.99088,100,2665.136694
334.4955,100,2665.136706
352.91098,100,2668.713165
383.5566,100,2668.713236
358.02655,100,2668.713251
359.9838,100,2668.713262
308.8956,100,2672.357773
379.29236,100,2672.357836
351.138,100,2672.357851
374.7623,100,2672.357862
325.51398,100,2676.130653
391.13733,100,2676.130726
387.7556,100,2676.130739
428.24747,100,2676.130749
345.25354,100,2679.936028
359.45978,100,2679.936097
386.0061,100,2679.936112
352.92715,100,2679.936123
381.79645,100,2683.396972
391.07968,100,2683.397043
369.1824,100,2683.397058
378.39835,100,2683.397069
377.0702,100,2686.723366
388.4436,100,2686.723434
360.55487,100,2686.723449
388.0402,100,2686.723459
348.5164,100,2690.39691
391.67834,100,2690.396974
314.81903,100,2690.396989
318.35513,100,2690.396997
335.8153,100,2694.011613
388.9325,100,2694.011704
338.91663,100,2694.011733
384.05096,100,2694.011751
385.57092,100,2697.605156
365.0588,100,2697.60523
353.9735,100,2697.605247
379.45654,100,2697.60526
380.78198,100,2701.50822
360.1979,100,2701.508288
360.9699,100,2701.508305
384.68906,100,2701.508316
362.6442,100,2705.016698
347.76266,100,2705.016766
367.01923,100,2705.016781
379.18204,100,2705.016793
393.17664,100,2709.171977
392.7768,100,2709.17204
380.70566,100,2709.172054
400.34222,100,2709.172065
349.84457,100,2713.169802
375.2215,100,2713.169871
339.06458,100,2713.169887
359.8946,100,2713.169899
391.88077,100,2716.714937
377.68747,100,2716.715006
360.99805,100,2716.715022
399.65094,100,2716.715033
384.2953,100,2720.3179
389.07678,100,2720.317963
381.69443,100,2720.317976
384.79224,100,2720.317985
393.32382,100,2724.181755
355.91177,100,2724.181823
381.11536,100,2724.181838
381.74023,100,2724.181849
334.30908,100,2727.73734
405.67688,100,2727.737411
340.12036,100,2727.737427
305.83176,100,2727.737437
386.3784,100,2731.453732
370.6395,100,2731.453803
395.68707,100,2731.453818
392.58414,100,2731.453829
382.60513,100,2734.863033
388.4059,100,2734.8631
320.25806,100,2734.863116
332.5551,100,2734.863127
302.9652,100,2738.646273
301.15683,100,2738.646347
372.556,100,2738.646363
387.73206,100,2738.646374
391.8548,100,2742.083782
388.08832,100,2742.083845
383.4042,100,2742.08386
328.44052,100,2742.083872
394.81897,100,2745.607209
377.80322,100,2745.607278
382.84686,100,2745.607294
367.2573,100,2745.607304
383.5339,100,2749.1344
356.34015,100,2749.134467
387.79388,100,2749.134483
359.95312,100,2749.134494
388.914,100,2753.077609
395.35895,100,2753.077692
356.79486,100,2753.077709
381.40366,100,2753.077719
281.03302,100,2756.638647
399.7454,100,2756.63872
394.282,100,2756.638735
388.69586,100,2756.638744
342.80838,100,2760.027473
333.44788,100,2760.027543
373.17087,100,2760.027559
392.1849,100,2760.02757
378.7874,100,2763.83322
353.797,100,2763.833288
348.39822,100,2763.833304
405.97137,100,2763.833315
371.66602,100,2767.784179
372.35965,100,2767.784247
387.1104,100,2767.784262
390.47107,100,2767.784272
415.81836,100,2771.111742
346.90613,100,2771.11181
288.3129,100,2771.111826
287.09897,100,2771.111838
371.3823,100,2774.713527
360.3556,100,2774.713592
363.58698,100,2774.713608
375.53702,100,2774.713619
310.74075,100,2778.368555
383.02472,100,2778.368622
397.7335,100,2778.368637
388.92038,100,2778.368648
319.6779,100,2783.084057
398.383,100,2783.084126
400.98273,100,2783.084141
392.44147,100,2783.084153
385.90347,100,2786.904366
281.2946,100,2786.904434
389.27927,100,2786.904449
364.8571,100,2786.90446
391.93845,100,2790.973687
320.43982,100,2790.973757
404.52115,100,2790.973773
390.6815,100,2790.973784
322.6262,100,2794.313703
383.71353,100,2794.313769
345.2333,100,2794.313785
355.55548,100,2794.313796
388.17224,100,2798.163216
366.56686,100,2798.163292
384.81036,100,2798.163308
391.81992,100,2798.16332
371.52887,100,2801.862425
396.80344,100,2801.862491
363.4063,100,2801.862506
315.5498,100,2801.862515
329.37668,100,2805.14764
322.61188,100,2805.147712
181.50621,100,2805.147728
390.26822,100,2805.147739
341.86945,100,2808.623034
399.24384,100,2808.6231
384.61575,100,2808.623122
352.561,100,2808.623133
405.05972,100,2812.229997
372.22354,100,2812.230065
330.33582,100,2812.230081
391.41238,100,2812.230093
314.08414,100,2815.919193
358.39932,100,2815.919261
305.20926,100,2815.919277
364.1968,100,2815.919288
401.6433,100,2819.767667
338.00928,100,2819.767743
396.42618,100,2819.767771
382.5866,100,2819.767782
373.60703,100,2823.379427
385.61057,100,2823.379507
393.7893,100,2823.379533
364.06372,100,2823.379553
352.47934,100,2827.408454
372.48834,100,2827.408524
361.7348,100,2827.40854
397.72778,100,2827.408551
349.12796,100,2831.407206
386.1364,100,2831.407273
395.76306,100,2831.407289
356.31824,100,2831.407301
398.08383,100,2835.017481
364.51547,100,2835.017551
392.04926,100,2835.017567
401.4109,100,2835.017578
383.47705,100,2838.458048
379.71063,100,2838.458115
396.73386,100,2838.458131
291.37997,100,2838.458142
351.4901,100,2842.315206
361.3242,100,2842.315274
350.40405,100,2842.31529
390.3496,100,2842.315301
388.639,100,2845.803467
377.14838,100,2845.803536
392.9847,100,2845.803551
388.98514,100,2845.803562
379.15417,100,2849.579278
402.33432,100,2849.579345
378.5074,100,2849.579357
372.86682,100,2849.579365
338.21042,100,2853.296204
379.55606,100,2853.296274
341.4303,100,2853.296289
376.8359,100,2853.2963
385.1664,100,2856.933403
313.1683,100,2856.933469
390.34933,100,2856.933483
396.9433,100,2856.933494
301.3568,100,2860.274738
349.88895,100,2860.274802
370.76562,100,2860.274816
383.94458,100,2860.274826
424.36063,100,2863.876251
392.4982,100,2863.876321
299.97177,100,2863.876336
398.96338,100,2863.876347
356.29803,100,2867.229825
335.51294,100,2867.229883
375.53616,100,2867.229896
372.74646,100,2867.229904
346.1663,100,2870.872966
394.701,100,2870.87303
336.27878,100,2870.873044
347.75272,100,2870.873054
337.06714,100,2874.310508
345.85864,100,2874.310574
324.37115,100,2874.310588
347.19617,100,2874.310599
396.91852,100,2877.922715
329.79785,100,2877.922779
369.58914,100,2877.922794
401.4599,100,2877.922805
390.5647,100,2881.278991
396.32196,100,2881.279054
375.77396,100,2881.279067
374.32764,100,2881.279076
381.77115,100,2884.979546
365.27054,100,2884.979611
386.09445,100,2884.979625
328.56488,100,2884.979634
299.12082,100,2888.520318
374.8541,100,2888.520381
389.25558,100,2888.520394
398.46286,100,2888.520403
353.28784,100,2892.046805
377.1976,100,2892.046877
396.65707,100,2892.046893
377.6704,100,2892.046904
385.4053,100,2895.396251
327.96024,100,2895.396319
313.18854,100,2895.396336
378.23013,100,2895.396348
318.315,100,2899.04107
395.85748,100,2899.041137
379.9109,100,2899.041153
377.7037,100,2899.041164
351.96277,100,2902.439136
364.24677,100,2902.439206
385.24442,100,2902.439223
389.84293,100,2902.439235
344.15756,100,2906.187174
377.72415,100,2906.187243
359.23044,100,2906.187258
387.11176,100,2906.187269
355.90543,100,2909.954278
297.12662,100,2909.95435
385.88034,100,2909.954363
343.3796,100,2909.954372
387.0593,100,2913.630966
333.47528,100,2913.631032
308.55484,100,2913.631047
358.43497,100,2913.631058
422.55933,100,2917.690228
359.4225,100,2917.690289
386.79373,100,2917.690302
403.5596,100,2917.69031
393.22012,100,2921.145412
345.2263,100,2921.145478
386.8785,100,2921.145492
295.79395,100,2921.145502
377.89548,100,2924.913171
338.19815,100,2924.913239
353.81073,100,2924.913254
393.23074,100,2924.913266
351.2208,100,2928.729383
299.97894,100,2928.729451
359.72256,100,2928.729466
307.25076,100,2928.729478
392.8038,100,2932.046926
351.12,100,2932.046994
349.75406,100,2932.04701
382.05225,100,2932.047022
289.30453,100,2935.653437
377.46194,100,2935.653507
395.07043,100,2935.653522
380.2437,100,2935.653533
359.87296,100,2939.597585
353.31467,100,2939.597651
376.54715,100,2939.597667
402.58594,100,2939.597691
390.10547,100,2943.484575
397.14978,100,2943.484648
392.1499,100,2943.484664
347.21826,100,2943.484683
381.09607,100,2946.938067
390.09344,100,2946.938154
339.7488,100,2946.938179
374.82303,100,2946.938199
390.27512,100,2950.421872
380.355,100,2950.421941
346.42917,100,2950.421956
314.12332,100,2950.421968
398.57623,100,2954.810587
393.79965,100,2954.810654
374.59732,100,2954.810672
395.0152,100,2954.810694
388.73257,100,2958.904254
380.15903,100,2958.904323
351.49365,100,2958.904339
401.06348,100,2958.90435
389.74124,100,2962.884391
396.5845,100,2962.884458
358.04236,100,2962.884474
373.78897,100,2962.884485
354.97705,100,2966.418662
398.09732,100,2966.418742
327.93457,100,2966.418757
315.89417,100,2966.418768
393.47397,100,2970.120555
339.01974,100,2970.120623
374.3177,100,2970.12064
395.00385,100,2970.120651
398.833,100,2974.235394
346.90155,100,2974.235464
384.22293,100,2974.235479
382.3374,100,2974.23549
338.98987,100,2977.830662
297.7757,100,2977.830729
398.92865,100,2977.830744
356.33405,100,2977.830753
384.10245,100,2981.399738
352.56012,100,2981.399805
361.31607,100,2981.399821
344.3077,100,2981.399832
371.2384,100,2985.381555
392.49664,100,2985.381624
391.5443,100,2985.38164
325.55548,100,2985.381651
391.1251,100,2989.141592
381.0404,100,2989.141665
395.34296,100,2989.141693
381.72003,100,2989.141707
442.50534,100,2993.681092
315.2289,100,2993.681157
390.42563,100,2993.681169
393.32373,100,2993.681179
333.2774,100,2997.529512
363.41003,100,2997.529591
407.32547,100,2997.529611
386.37964,100,2997.529629
389.42767,100,3001.248954
330.87363,100,3001.24902
351.6618,100,3001.249035
383.37137,100,3001.249045
339.22763,100,3005.033801
351.80576,100,3005.033869
385.36655,100,3005.033885
388.434,100,3005.033896
360.1706,100,3009.263282
374.42654,100,3009.263351
381.99493,100,3009.263367
385.934,100,3009.263379
361.7661,100,3012.752192
405.3615,100,3012.752255
380.3665,100,3012.752268
311.8935,100,3012.752278
359.21246,100,3016.460526
336.91882,100,3016.460589
317.50723,100,3016.460603
389.22897,100,3016.460612
370.98813,100,3020.226199
351.70734,100,3020.226262
355.58527,100,3020.226275
369.39474,100,3020.226283
370.6435,100,3023.619897
290.00623,100,3023.619964
378.37286,100,3023.619981
324.48434,100,3023.619992
397.58508,100,3027.113863
445.91006,100,3027.113927
388.15814,100,3027.113942
364.14856,100,3027.113953
378.87088,100,3030.634122
324.98972,100,3030.634193
401.4523,100,3030.63421
332.35678,100,3030.634221
396.93478,100,3034.611546
292.31683,100,3034.611615
320.9545,100,3034.61163
383.29074,100,3034.611641
381.75327,100,3038.924163
272.83853,100,3038.924229
368.16946,100,3038.924242
410.54587,100,3038.92425
376.189,100,3042.866697
368.8598,100,3042.86678
387.39627,100,3042.8668
383.9278,100,3042.866816
403.4109,100,3046.277752
331.26135,100,3046.277821
306.1746,100,3046.277838
325.9473,100,3046.277849
385.70462,100,3050.144935
404.61005,100,3050.145002
377.74634,100,3050.145018
373.19897,100,3050.145028
370.3976,100,3053.950581
363.4882,100,3053.950648
367.42798,100,3053.950663
288.68338,100,3053.950674
344.66302,100,3057.610887
396.4481,100,3057.610958
334.137,100,3057.610973
387.4577,100,3057.610984
370.4384,100,3061.150169
323.90207,100,3061.150232
368.6176,100,3061.150245
383.45892,100,3061.150254
386.1888,100,3065.00812
364.20154,100,3065.008187
376.44263,100,3065.008202
341.44672,100,3065.008213
369.15894,100,3068.319791
300.2332,100,3068.319857
282.81268,100,3068.319871
436.97382,100,3068.31988
321.59497,100,3072.082157
374.85147,100,3072.082223
337.23447,100,3072.082239
339.5874,100,3072.08225
360.61035,100,3075.561855
283.17514,100,3075.561923
364.3798,100,3075.561938
379.661,100,3075.561948
338.49036,100,3079.196701
364.8152,100,3079.196771
390.8842,100,3079.196786
372.5125,100,3079.196797
396.21576,100,3082.527697
343.38043,100,3082.527767
381.91342,100,3082.527784
319.18076,100,3082.527795
381.0856,100,3086.348273
296.07907,100,3086.348335
395.3145,100,3086.348349
357.89136,100,3086.348358
395.0321,100,3089.888241
372.70734,100,3089.888308
316.53522,100,3089.888324
276.3775,100,3089.888335
369.17563,100,3093.813174
383.50522,100,3093.813237
395.75644,100,3093.81325
341.55978,100,3093.813259
357.49722,100,3097.132988
395.42032,100,3097.133057
390.66733,100,3097.133073
297.5814,100,3097.133084
354.40668,100,3100.840261
340.48627,100,3100.840321
352.75027,100,3100.840335
310.97623,100,3100.840344
347.7585,100,3104.15564
311.40173,100,3104.155717
371.8311,100,3104.155747
279.96677,100,3104.15576
383.7243,100,3108.29302
373.90317,100,3108.293087
372.99573,100,3108.293103
352.90173,100,3108.293114
378.54672,100,3111.784195
377.12292,100,3111.784261
355.01913,100,3111.784276
356.5341,100,3111.784287
389.7457,100,3115.150291
379.38672,100,3115.15036
278.05872,100,3115.150377
355.79517,100,3115.150388
341.04922,100,3118.734492
354.8158,100,3118.734555
334.42142,100,3118.73457
389.75705,100,3118.734579
340.68558,100,3122.322393
375.59622,100,3122.322464
363.10306,100,3122.322479
312.58765,100,3122.32249
377.42126,100,3126.134414
349.05865,100,3126.134474
384.46915,100,3126.134487
379.50983,100,3126.134495
336.185,100,3129.610661
395.17136,100,3129.610753
349.34897,100,3129.610777
341.41852,100,3129.610796
360.42163,100,3133.364071
399.55603,100,3133.364139
385.38754,100,3133.364156
363.97583,100,3133.364167
389.93362,100,3136.986211
390.3828,100,3136.986294
397.267,100,3136.98632
333.37253,100,3136.98634
368.87558,100,3140.938156
336.37616,100,3140.938219
387.43265,100,3140.938234
381.7678,100,3140.938245
356.48746,100,3144.178375
377.9791,100,3144.178436
330.19666,100,3144.178451
208.06924,100,3144.178462
276.82108,100,3147.495849
366.16336,100,3147.495911
358.72565,100,3147.495925
384.42767,100,3147.495936
412.9924,100,3151.194057
372.15863,100,3151.194121
370.83542,100,3151.194135
351.41623,100,3151.194144
388.41013,100,3154.548373
395.08133,100,3154.548433
360.336,100,3154.548445
349.7077,100,3154.548454
282.62604,100,3157.788234
376.58072,100,3157.788299
369.20294,100,3157.788314
362.4425,100,3157.788325
390.23434,100,3161.351902
372.3007,100,3161.351962
367.4089,100,3161.351976
354.99747,100,3161.351985
364.42432,100,3165.095394
377.14975,100,3165.09546
372.72745,100,3165.095475
329.18527,100,3165.095486
352.3599,100,3168.535375
404.00296,100,3168.535437
379.12766,100,3168.535452
335.84335,100,3168.535462
357.44473,100,3172.217926
407.18967,100,3172.21799
351.06302,100,3172.218005
373.92703,100,3172.218016
373.03394,100,3175.941445
376.15454,100,3175.941509
376.0394,100,3175.941525
368.92926,100,3175.941534
366.68094,100,3180.023585
379.25006,100,3180.023649
304.61172,100,3180.023663
402.62357,100,3180.023674
293.4725,100,3183.369933
393.08517,100,3183.370006
398.7842,100,3183.370029
386.56253,100,3183.370045
336.4676,100,3186.881935
313.57123,100,3186.882014
366.0261,100,3186.882032
333.2978,100,3186.882045
335.48914,100,3190.622682
381.17123,100,3190.622747
368.93204,100,3190.622762
372.37286,100,3190.622773
306.26526,100,3194.785768
293.58398,100,3194.785828
348.15842,100,3194.785843
303.53857,100,3194.785854
392.538,100,3198.1182
382.96713,100,3198.118265
367.4149,100,3198.118281
360.3066,100,3198.118291
358.6614,100,3201.796114
376.98083,100,3201.796179
370.52914,100,3201.796194
367.5719,100,3201.796206
390.00977,100,3205.046313
384.1298,100,3205.046373
342.1016,100,3205.046386
404.3991,100,3205.046396
390.47415,100,3208.697789
362.12756,100,3208.697854
382.18713,100,3208.69787
364.9765,100,3208.697881
339.78854,100,3211.981875
348.15698,100,3211.981942
374.5526,100,3211.981957
378.5697,100,3211.981968
346.6204,100,3215.244553
387.9921,100,3215.244615
315.35995,100,3215.244627
390.1681,100,3215.244637
313.06244,100,3218.527967
370.78223,100,3218.528034
366.37888,100,3218.528049
190.3418,100,3218.52806
388.75064,100,3222.070728
315.26,100,3222.070795
362.1232,100,3222.07081
320.05496,100,3222.070821
366.4336,100,3225.514806
342.62964,100,3225.514858
357.33417,100,3225.514871
363.8718,100,3225.51488
368.68695,100,3228.697538
310.9177,100,3228.697595
364.6128,100,3228.69761
316.58136,100,3228.697621
337.95544,100,3232.11724
368.12915,100,3232.117306
354.91638,100,3232.117321
297.845,100,3232.117332
346.94647,100,3235.722219
373.8808,100,3235.722286
387.55838,100,3235.722301
400.87415,100,3235.722312
353.71973,100,3239.066048
368.9411,100,3239.066113
350.84192,100,3239.066128
373.79907,100,3239.066139
358.62573,100,3242.820469
377.43253,100,3242.820538
372.6076,100,3242.820551
397.66702,100,3242.820561
373.8582,100,3246.241092
362.0746,100,3246.241158
355.5453,100,3246.241173
311.38562,100,3246.241184
414.2033,100,3249.948038
337.60675,100,3249.948101
343.08212,100,3249.948116
370.9694,100,3249.948126
365.5633,100,3253.080414
374.19525,100,3253.080483
241.36975,100,3253.080498
360.15567,100,3253.080508
343.99515,100,3256.6164
374.93695,100,3256.616466
326.06317,100,3256.61648
386.02737,100,3256.616491
360.10068,100,3260.013883
361.79932,100,3260.013948
358.51703,100,3260.013963
389.7671,100,3260.013973
370.7867,100,3263.590232
368.3117,100,3263.590302
322.82352,100,3263.590318
356.38348,100,3263.590329
361.63776,100,3266.816974
395.17062,100,3266.817035
386.1283,100,3266.817047
399.47104,100,3266.817057
359.7749,100,3270.170659
339.6423,100,3270.170725
322.0875,100,3270.170738
374.78973,100,3270.170747
318.141,100,3273.315841
387.57248,100,3273.315905
382.39114,100,3273.31592
353.16086,100,3273.315931
354.3974,100,3277.475433
388.40924,100,3277.475494
376.46527,100,3277.475507
371.66037,100,3277.475516
363.8234,100,3281.296541
360.59674,100,3281.296607
400.2196,100,3281.296622
348.60587,100,3281.296633
400.89664,100,3284.487586
407.76752,100,3284.487649
378.962,100,3284.487664
398.187,100,3284.487685
349.08026,100,3287.610888
301.81104,100,3287.61095
345.92993,100,3287.610963
323.68744,100,3287.610972
388.063,100,3291.38403
341.34772,100,3291.384096
386.58636,100,3291.384113
353.23193,100,3291.384125
347.40652,100,3294.629846
382.31863,100,3294.629907
391.61926,100,3294.629919
377.23892,100,3294.629928
392.41516,100,3297.820769
342.3709,100,3297.820838
388.85837,100,3297.820852
317.75543,100,3297.820863
311.99142,100,3301.26053
391.46375,100,3301.260592
352.84027,100,3301.260607
389.1644,100,3301.260618
386.5094,100,3304.836336
275.7528,100,3304.836402
354.55292,100,3304.836418
363.839,100,3304.836429
308.1204,100,3308.183079
349.4527,100,3308.183145
354.91537,100,3308.18316
379.55353,100,3308.183172
314.5086,100,3311.535074
377.7143,100,3311.535137
385.3108,100,3311.535152
308.76236,100,3311.535163
370.6197,100,3314.700073
350.4359,100,3314.700138
368.97284,100,3314.700152
374.72452,100,3314.700162
401.7781,100,3318.58132
375.42023,100,3318.581383
366.82635,100,3318.581398
392.68857,100,3318.581409
356.2645,100,3321.880829
355.47964,100,3321.880895
386.92133,100,3321.880909
346.4901,100,3321.88092
289.0243,100,3325.504789
337.93594,100,3325.504854
349.99756,100,3325.50487
403.96133,100,3325.504882
383.72696,100,3328.886232
344.52518,100,3328.886294
347.15134,100,3328.88631
365.4765,100,3328.886321
361.42923,100,3332.695401
322.90332,100,3332.695468
396.06165,100,3332.695483
395.83817,100,3332.695494
336.31152,100,3335.947623
314.13242,100,3335.947695
384.23013,100,3335.947711
377.08783,100,3335.94772
387.8639,100,3339.305944
367.17993,100,3339.306006
374.91345,100,3339.306018
390.08527,100,3339.306027
362.84158,100,3342.624962
381.05496,100,3342.625021
370.8031,100,3342.625033
402.46274,100,3342.625042
371.0586,100,3346.56505
357.65973,100,3346.565115
379.65057,100,3346.56513
393.9895,100,3346.56514
376.78702,100,3350.193123
339.18384,100,3350.193184
358.2437,100,3350.193197
384.9622,100,3350.193206
373.14447,100,3353.487529
392.32263,100,3353.48759
309.1082,100,3353.487604
354.7327,100,3353.487615
316.62488,100,3356.884947
328.6001,100,3356.885011
297.81033,100,3356.885025
345.81815,100,3356.885036
390.43182,100,3360.420477
380.53036,100,3360.420537
329.2776,100,3360.420556
388.91315,100,3360.420566
380.74225,100,3363.605433
344.49323,100,3363.605499
374.90613,100,3363.605511
362.37454,100,3363.605519
382.7776,100,3367.307174
380.13086,100,3367.307237
350.49387,100,3367.307252
390.8577,100,3367.307263
360.35995,100,3370.664195
369.21027,100,3370.664261
377.79407,100,3370.664275
378.2554,100,3370.664286
369.00018,100,3374.206227
380.31277,100,3374.206289
372.7067,100,3374.206301
328.90414,100,3374.206323
393.9004,100,3378.014915
316.57852,100,3378.014981
375.62173,100,3378.014997
348.3223,100,3378.015008
364.97162,100,3381.449783
393.23035,100,3381.449846
301.30954,100,3381.449859
390.35434,100,3381.449869
341.2473,100,3384.788583
366.7146,100,3384.788646
393.84167,100,3384.788662
399.0139,100,3384.788672
316.15637,100,3388.333603
318.2812,100,3388.333669
344.55307,100,3388.333698
384.08456,100,3388.333712
349.3319,100,3391.780303
365.3849,100,3391.780363
394.2907,100,3391.780375
342.67328,100,3391.780384
378.1043,100,3395.007788
387.33105,100,3395.007854
337.91068,100,3395.00787
325.4444,100,3395.007881
395.03305,100,3398.430483
383.24292,100,3398.43055
393.10864,100,3398.430565
338.81686,100,3398.430575
371.04443,100,3401.898161
365.96918,100,3401.898223
341.27658,100,3401.898239
397.19427,100,3401.898249
331.14096,100,3405.171653
277.59763,100,3405.171731
372.72058,100,3405.171747
351.3058,100,3405.171758
337.7746,100,3408.481032
264.5278,100,3408.4811
363.97348,100,3408.481115
368.49466,100,3408.481127
357.65186,100,3412.125444
401.18347,100,3412.125508
384.70923,100,3412.125523
348.54288,100,3412.125533
370.39468,100,3415.786627
368.3893,100,3415.786701
362.3349,100,3415.786721
359.54114,100,3415.786733
387.77667,100,3419.171415
383.47122,100,3419.171484
376.2563,100,3419.171499
400.35413,100,3419.171509
370.04654,100,3423.236628
376.23846,100,3423.236695
349.35764,100,3423.236711
383.7142,100,3423.236721
376.53696,100,3427.156801
391.7187,100,3427.156865
385.80923,100,3427.156879
403.9874,100,3427.156889
383.59958,100,3430.979991
394.04745,100,3430.980052
321.66754,100,3430.980065
350.36746,100,3430.980074
384.76355,100,3434.657921
373.46954,100,3434.65799
340.7291,100,3434.658004
384.61127,100,3434.658015
372.55203,100,3438.1676
385.44852,100,3438.167667
351.99426,100,3438.167696
365.287,100,3438.16771
321.7229,100,3441.720573
395.34427,100,3441.720639
358.86108,100,3441.720655
359.07812,100,3441.720665
386.1523,100,3445.912305
395.322,100,3445.912366
392.9548,100,3445.91238
393.42776,100,3445.91239
340.05142,100,3449.516347
343.95856,100,3449.516413
365.71884,100,3449.516428
388.13638,100,3449.516439
391.10532,100,3452.897519
375.08682,100,3452.897581
342.58417,100,3452.897595
193.38396,100,3452.897605
394.6267,100,3456.096059
378.6939,100,3456.096116
378.5765,100,3456.096129
316.35632,100,3456.096137
360.86703,100,3459.69534
357.32486,100,3459.6954
362.97855,100,3459.695413
397.86642,100,3459.695422
367.8919,100,3462.983514
353.4242,100,3462.983578
356.93707,100,3462.983594
371.6616,100,3462.983606
328.71997,100,3466.404586
378.28668,100,3466.404649
383.24503,100,3466.404662
370.1199,100,3466.404671
399.6712,100,3470.030834
332.7953,100,3470.030898
383.2218,100,3470.030913
319.21497,100,3470.030923
182.18315,100,3473.610443
324.9327,100,3473.610508
393.7194,100,3473.610523
377.06134,100,3473.610534
390.6566,100,3477.483447
309.81903,100,3477.483515
345.44635,100,3477.483531
380.80353,100,3477.483541
340.93018,100,3480.985662
339.84192,100,3480.985736
365.40015,100,3480.985752
356.9824,100,3480.985763
379.00668,100,3484.298119
374.85864,100,3484.298183
292.8556,100,3484.298198
356.8738,100,3484.298209
364.39944,100,3487.892508
365.70898,100,3487.89257
365.03973,100,3487.892584
315.02692,100,3487.892592
270.0648,100,3491.634896
325.29758,100,3491.634957
354.8986,100,3491.634971
357.12823,100,3491.63498
318.7053,100,3494.866009
286.24402,100,3494.866076
352.80426,100,3494.866091
340.78366,100,3494.866102
307.6203,100,3497.901823
310.86313,100,3497.901886
331.24112,100,3497.901901
277.30692,100,3497.901918
312.1955,100,3501.385294
264.25912,100,3501.385358
239.15775,100,3501.385371
305.01465,100,3501.38538
270.64087,100,3504.585643
281.41605,100,3504.585717
342.8159,100,3504.585733
286.1023,100,3504.585744
255.44382,100,3507.631814
284.0019,100,3507.631876
381.7575,100,3507.631888
242.53738,100,3507.631898
349.95175,100,3510.893992
270.52017,100,3510.894068
332.0696,100,3510.894081
276.73978,100,3510.894091
347.51004,100,3514.319115
177.60582,100,3514.31918
252.30359,100,3514.319195
276.00876,100,3514.319206
373.01343,100,3517.799033
357.19113,100,3517.799096
362.11197,100,3517.799111
350.55856,100,3517.799122
333.37656,100,3520.884583
251.55087,100,3520.884651
308.68924,100,3520.884667
297.8894,100,3520.884684
248.97209,100,3524.193333
224.89401,100,3524.193393
234.7503,100,3524.193406
278.80374,100,3524.193416
352.7037,100,3528.038824
266.7625,100,3528.038891
362.1921,100,3528.038907
297.04752,100,3528.038918
385.8436,100,3531.577127
292.6633,100,3531.577194
387.26376,100,3531.57721
302.21262,100,3531.577221
378.16132,100,3535.271718
293.36795,100,3535.271778
375.622,100,3535.271791
321.476,100,3535.271801
353.75034,100,3538.791181
345.56546,100,3538.791242
301.3445,100,3538.791258
302.44543,100,3538.79127
298.4836,100,3542.145007
230.71164,100,3542.145073
356.70718,100,3542.145089
314.42874,100,3542.1451
345.2996,100,3545.37346
166.80276,100,3545.373524
313.53845,100,3545.37354
338.7426,100,3545.37355
339.88196,100,3548.61961
293.91074,100,3548.619673
341.9675,100,3548.619699
358.5029,100,3548.61971
266.94177,100,3551.878241
356.68182,100,3551.878301
204.70055,100,3551.878314
303.1156,100,3551.878323
324.9059,100,3555.446201
309.229,100,3555.446264
327.7112,100,3555.446279
318.76257,100,3555.44629
342.70764,100,3558.862632
289.1254,100,3558.862702
337.81,100,3558.862716
341.34644,100,3558.862725
353.28033,100,3562.085473
298.5686,100,3562.085537
253.19725,100,3562.085549
386.7141,100,3562.085558
325.37463,100,3565.561372
338.34512,100,3565.561437
371.5465,100,3565.561453
340.17084,100,3565.561463
286.24878,100,3569.035791
185.86192,100,3569.035857
248.61873,100,3569.035872
225.70314,100,3569.035883
101.85848,100,3572.277175
144.14845,100,3572.277234
153.46143,100,3572.277246
148.38248,100,3572.277255
123.49115,100,3575.289109
139.39166,100,3575.28917
130.92232,100,3575.289183
103.02731,100,3575.289192
169.27863,100,3578.360235
271.50858,100,3578.360297
229.08781,100,3578.360312
129.01695,100,3578.360323
183.15114,100,3581.831268
164.08789,100,3581.831328
222.28171,100,3581.831341
196.18048,100,3581.83135
188.24706,100,3584.866639
176.47278,100,3584.86671
211.7778,100,3584.866722
189.3418,100,3584.866731
264.63974,100,3588.191903
379.64694,100,3588.191968
282.13974,100,3588.191982
263.61313,100,3588.191993
260.8387,100,3592.095036
276.96402,100,3592.095101
225.16434,100,3592.095116
219.97984,100,3592.095128
160.5666,100,3595.732049
212.63295,100,3595.732109
303.13345,100,3595.732122
263.4567,100,3595.732131
268.13223,100,3599.032414
220.38054,100,3599.032485
215.84715,100,3599.032503
248.65668,100,3599.032514
191.9448,100,3602.253897
242.04785,100,3602.253964
207.725,100,3602.25398
214.35504,100,3602.253992
247.64655,100,3605.341754
261.1811,100,3605.341834
268.40005,100,3605.341858
297.17154,100,3605.341879
246.79527,100,3608.87576
241.67569,100,3608.875823
256.62134,100,3608.875838
274.73813,100,3608.875849
272.12515,100,3612.061028
217.39845,100,3612.061091
296.0445,100,3612.061106
240.7217,100,3612.061117
292.7888,100,3615.488382
316.31744,100,3615.488447
313.69693,100,3615.488462
138.3397,100,3615.488474
307.07404,100,3618.979281
350.39966,100,3618.979346
354.67334,100,3618.979361
287.11856,100,3618.979373
333.96335,100,3622.472386
326.6372,100,3622.472455
307.11038,100,3622.47247
323.18057,100,3622.472481
307.07285,100,3625.737086
362.63763,100,3625.737153
337.40527,100,3625.737169
235.87886,100,3625.73718
329.26236,100,3629.035422
330.03723,100,3629.035485
330.7856,100,3629.0355
330.20697,100,3629.035511
322.7852,100,3632.153229
339.82758,100,3632.153294
306.45776,100,3632.153309
360.25363,100,3632.15332
329.9627,100,3635.552856
345.65964,100,3635.552923
336.06165,100,3635.552939
330.68365,100,3635.55295
286.7953,100,3638.636168
301.26385,100,3638.636233
359.15814,100,3638.636248
322.25912,100,3638.636259
328.7566,100,3641.925129
367.2399,100,3641.925196
345.4738,100,3641.925211
331.52322,100,3641.925222
310.47833,100,3644.964473
323.68472,100,3644.964532
361.26517,100,3644.964545
316.55493,100,3644.964553
296.14142,100,3648.474941
319.56412,100,3648.475009
278.8141,100,3648.475024
332.18344,100,3648.475035
257.6676,100,3651.810896
347.55978,100,3651.81096
348.77182,100,3651.810976
280.1463,100,3651.810987
329.73038,100,3654.956957
320.9819,100,3654.957024
383.5333,100,3654.957039
291.79407,100,3654.95705
385.41388,100,3658.374484
353.1252,100,3658.374548
361.39685,100,3658.374563
377.81522,100,3658.374573
362.6621,100,3661.798816
241.53828,100,3661.798879
339.9785,100,3661.798892
350.95084,100,3661.798901
291.61847,100,3665.080081
305.1488,100,3665.080146
320.1152,100,3665.080161
288.63904,100,3665.080172
234.81256,100,3668.419759
272.97833,100,3668.419825
319.98743,100,3668.419841
340.04877,100,3668.419852
375.57202,100,3671.601208
215.02629,100,3671.601271
356.7109,100,3671.601285
337.37445,100,3671.601294
359.0574,100,3675.118639
375.18192,100,3675.118711
328.7642,100,3675.118727
349.04868,100,3675.118738
324.9692,100,3678.426363
364.71823,100,3678.426428
247.76016,100,3678.426444
364.12518,100,3678.426456
192.35127,100,3681.746028
288.9073,100,3681.746089
354.15308,100,3681.746104
374.55316,100,3681.746115
255.12517,100,3684.921094
286.34036,100,3684.92116
288.34882,100,3684.921175
267.18463,100,3684.921186
273.6997,100,3688.421402
287.22968,100,3688.421467
210.74953,100,3688.421482
261.96872,100,3688.421492
344.31583,100,3691.641932
238.75076,100,3691.641997
317.08063,100,3691.642012
277.1877,100,3691.642024
311.85074,100,3694.900749
345.15656,100,3694.900811
359.10654,100,3694.900823
340.85,100,3694.900832
392.29172,100,3698.43645
398.67264,100,3698.436514
392.94635,100,3698.436529
412.75885,100,3698.436539
367.3668,100,3702.112027
329.96967,100,3702.11209
332.8372,100,3702.112103
334.1965,100,3702.112112
354.09738,100,3705.422519
311.78143,100,3705.422581
374.07913,100,3705.422597
379.97485,100,3705.422608
339.57407,100,3708.937566
340.16858,100,3708.937629
372.93765,100,3708.937643
389.58432,100,3708.937654
