time/episodes,time/fps,rollout/ep_rew_mean,time/time_elapsed,train/std,rollout/ep_len_mean,time/total_timesteps,rollout/success_rate,train/n_updates,train/actor_loss,train/learning_rate,train/ent_coef_loss,train/ent_coef,train/critic_loss
4,327,258.92447,1,0.025476466864347458,100.0,400,0.0,,,,,,
8,360,256.03268,2,0.025476466864347458,100.0,800,0.0,,,,,,
12,183,248.86133,6,0.02549799717962742,100.0,1200,0.0,96,-4.2866321206092834,0.0003,-16.56928116083145,0.19593233428895473,0.3114036228507757
16,165,237.17747,9,0.02550877444446087,100.0,1600,0.0,192,-5.396323621273041,0.0003,-17.970718443393707,0.18881711829453707,0.2858883626759052
20,152,227.54306,13,0.025515658780932426,100.0,2000,0.0,304,-6.42075127363205,0.0003,-18.449472904205322,0.18171641696244478,0.3536517098546028
24,147,222.32605,16,0.025519009679555893,100.0,2400,0.0,400,-7.551876246929169,0.0003,-19.70487928390503,0.17610487528145313,0.4148166459053755
28,143,218.87471,19,0.02552192658185959,100.0,2800,0.0,496,-8.547653615474701,0.0003,-20.12817406654358,0.1707964576780796,0.5973170436918736
32,140,217.0559,22,0.025524737313389778,100.0,3200,0.0,592,-9.606765806674957,0.0003,-20.32454514503479,0.16569813806563616,0.5585214365273714
36,136,213.31133,26,0.02552715316414833,100.0,3600,0.0,704,-10.819971680641174,0.0003,-21.176284670829773,0.1600310541689396,0.7197625376284122
40,136,212.16829,29,0.025529177859425545,100.0,4000,0.0,800,-11.883580923080444,0.0003,-21.00517249107361,0.1553407646715641,0.8458166047930717
44,135,216.12935,32,0.025530824437737465,100.0,4400,0.0,896,-13.045791625976562,0.0003,-20.99947988986969,0.1508218590170145,0.8615522254258394
48,134,214.02588,35,0.025533903390169144,100.0,4800,0.0,992,-14.1679407954216,0.0003,-22.36390793323517,0.14642374590039253,1.2751692160964012
52,131,213.32512,39,0.02553621493279934,100.0,5200,0.0,1104,-15.382698655128479,0.0003,-22.31296706199646,0.14151340164244175,1.3454584814608097
56,131,212.73552,42,0.025538092479109764,100.0,5600,0.0,1200,-16.496324062347412,0.0003,-22.102396726608276,0.13747229240834713,1.3527550101280212
60,130,213.16277,45,0.0255410298705101,100.0,6000,0.0,1296,-17.51999807357788,0.0003,-23.338435411453247,0.13357253186404705,1.2120593376457691
64,130,213.70149,48,0.025543086230754852,100.0,6400,0.0,1392,-18.371938705444336,0.0003,-22.340922713279724,0.1297819623723626,1.5376707799732685
68,129,209.91267,52,0.025545896962285042,100.0,6800,0.0,1504,-19.398550987243652,0.0003,-22.435439825057983,0.12552976701408625,1.710743710398674
72,129,210.89459,55,0.025547755882143974,100.0,7200,0.0,1600,-20.43237853050232,0.0003,-23.877472639083862,0.12193641113117337,2.4818362444639206
76,129,212.92346,58,0.02555019222199917,100.0,7600,0.0,1696,-21.681357622146606,0.0003,-23.778458833694458,0.11848379485309124,1.8327260985970497
80,128,212.43091,62,0.025551902130246162,100.0,8000,0.0,1792,-22.554487705230713,0.0003,-24.223469614982605,0.1151345418766141,2.1336941346526146
84,128,212.37859,65,0.02555595152080059,100.0,8400,0.0,1904,-23.91468369960785,0.0003,-24.94070863723755,0.11138677643612027,2.5341357961297035
88,127,211.98575,68,0.025556465610861778,100.0,8800,0.0,2000,-24.87805426120758,0.0003,-24.492636680603027,0.10823833057656884,2.134092442691326
92,127,211.88226,71,0.025560252368450165,100.0,9200,0.0,2096,-25.84368407726288,0.0003,-25.414148330688477,0.1052210028283298,2.4147869870066643
96,127,213.38281,75,0.025561587885022163,100.0,9600,0.0,2192,-26.895966291427612,0.0003,-24.920822978019714,0.10224925633519888,2.5975532457232475
100,127,215.81653,78,0.02556498721241951,100.0,10000,0.0,2304,-28.192559957504272,0.0003,-25.175419330596924,0.0989859327673912,2.6885793954133987
104,127,213.72528,81,0.025568373501300812,100.0,10400,0.0,2400,-29.171040534973145,0.0003,-24.79775905609131,0.09625390451401472,2.4230839237570763
108,127,211.95201,84,0.025571024045348167,100.0,10800,0.0,2496,-30.38503074645996,0.0003,-23.84136199951172,0.09362204931676388,2.3130233734846115
112,127,213.42465,88,0.025573961436748505,100.0,11200,0.0,2592,-31.636918663978577,0.0003,-23.11759865283966,0.09116117982193828,2.548720456659794
116,126,214.93146,91,0.025577427819371223,100.0,11600,0.0,2704,-32.876707553863525,0.0003,-25.040467023849487,0.08833862794563174,2.9019953683018684
120,126,217.31075,94,0.025581365451216698,100.0,12000,0.0,2800,-33.95922875404358,0.0003,-25.853812336921692,0.08597332518547773,4.367469325661659
124,126,217.72426,97,0.02558315359055996,100.0,12400,0.0,2896,-34.63270139694214,0.0003,-26.14450192451477,0.0836308840662241,4.115869730710983
128,126,218.73024,101,0.025585835799574852,100.0,12800,0.0,2992,-35.46898555755615,0.0003,-25.9240300655365,0.08141288626939058,3.5746492445468903
132,126,221.4967,104,0.02558976598083973,100.0,13200,0.0,3104,-36.63200616836548,0.0003,-25.929166078567505,0.07882271287962794,3.604889541864395
136,126,224.7407,107,0.02559153363108635,100.0,13600,0.0,3200,-37.63058018684387,0.0003,-27.57131338119507,0.07666620891541243,3.692078560590744
140,126,227.05077,110,0.02559291571378708,100.0,14000,0.0,3296,-38.72035312652588,0.0003,-27.354564428329468,0.07459233980625868,4.2157542780041695
144,126,226.80031,114,0.025595907121896744,100.0,14400,0.0,3392,-39.79321813583374,0.0003,-25.880345702171326,0.07255968125537038,4.022935658693314
148,125,228.9869,117,0.02559618093073368,100.0,14800,0.0,3504,-40.42677283287048,0.0003,-26.805850982666016,0.07028612028807402,4.0858139321208
152,125,231.50636,120,0.02559679187834263,100.0,15200,0.0,3600,-41.70650267601013,0.0003,-24.019753336906433,0.06848260527476668,3.7169786617159843
156,125,234.06645,123,0.025601692497730255,100.0,15600,0.0,3696,-42.546523571014404,0.0003,-24.57874882221222,0.06674958625808358,4.004765696823597
160,125,236.20424,127,0.025601224973797798,100.0,16000,0.0,3792,-43.49676585197449,0.0003,-25.441181898117065,0.06498958729207516,3.6984608620405197
164,125,236.71027,130,0.02560274861752987,100.0,16400,0.0,3904,-44.405842781066895,0.0003,-25.21412491798401,0.06305099558085203,4.637053184211254
168,125,240.79971,133,0.025603849440813065,100.0,16800,0.0,4000,-45.33276987075806,0.0003,-25.59957981109619,0.06142855202779174,4.013199761509895
172,125,242.84377,136,0.025604423135519028,100.0,17200,0.0,4096,-46.269715309143066,0.0003,-25.02895760536194,0.059847465716302395,4.325347438454628
176,126,243.53311,139,0.025608425959944725,100.0,17600,0.0,4192,-47.42803120613098,0.0003,-23.27726948261261,0.058342307806015015,4.09596087038517
180,125,245.85458,142,0.025610392913222313,100.0,18000,0.0,4304,-48.5580837726593,0.0003,-25.27358829975128,0.05663805361837149,4.500847145915031
184,126,248.99625,145,0.025609901174902916,100.0,18400,0.0,4400,-49.298842668533325,0.0003,-26.755408883094788,0.055187699384987354,3.8705423325300217
188,125,251.32533,149,0.02561272121965885,100.0,18800,0.0,4496,-50.42451071739197,0.0003,-24.804861068725586,0.05378055106848478,3.998283937573433
192,125,254.41093,152,0.025616148486733437,100.0,19200,0.0,4592,-51.534040689468384,0.0003,-25.252296686172485,0.052431762451305985,3.8536078482866287
196,125,255.32133,156,0.025618361309170723,100.0,19600,0.0,4704,-51.946045875549316,0.0003,-24.217604994773865,0.05087843141518533,5.154756784439087
200,125,254.87738,159,0.025622641667723656,100.0,20000,0.0,4800,-53.16598343849182,0.0003,-22.255450427532196,0.04965019365772605,4.9105947613716125
204,125,256.70084,162,0.025625724345445633,100.0,20400,0.0,4896,-53.55683255195618,0.0003,-23.691142916679382,0.04843095317482948,4.645410895347595
208,125,259.5634,165,0.02562650479376316,100.0,20800,0.0,4992,-54.477712631225586,0.0003,-26.152674078941345,0.047250792384147644,4.457662358880043
212,125,259.5754,169,0.025630123913288116,100.0,21200,0.0,5104,-55.742085218429565,0.0003,-23.98281478881836,0.04586586123332381,3.587690517306328
216,125,260.94717,172,0.0256329532712698,100.0,21600,0.0,5200,-56.60490083694458,0.0003,-24.824276089668274,0.04468029900453985,4.631231725215912
220,125,262.33328,175,0.025635432451963425,100.0,22000,0.0,5296,-57.656582832336426,0.0003,-22.70173716545105,0.043607484782114625,3.9390442073345184
224,125,265.04056,178,0.02563922479748726,100.0,22400,0.0,5392,-58.5549054145813,0.0003,-26.138391137123108,0.042498972499743104,4.214206248521805
228,125,266.38013,181,0.02564052864909172,100.0,22800,0.0,5504,-59.25389575958252,0.0003,-24.38232147693634,0.041264822939410806,3.7968135476112366
232,125,266.31268,185,0.02564004249870777,100.0,23200,0.0,5600,-60.157575607299805,0.0003,-23.32890260219574,0.040207274025306106,4.296807497739792
236,125,267.3758,188,0.02564048022031784,100.0,23600,0.0,5696,-61.20851182937622,0.0003,-25.6950466632843,0.03920587501488626,3.80039618909359
240,125,267.5584,191,0.025647643953561783,100.0,24000,0.0,5792,-61.36673283576965,0.0003,-24.74424982070923,0.038245687959715724,4.3552307933568954
244,125,268.40436,194,0.025652717798948288,100.0,24400,0.0,5904,-62.6666362285614,0.0003,-24.317538022994995,0.03710544318892062,4.20045081526041
248,125,269.8064,198,0.025655819103121758,100.0,24800,0.0,6000,-63.45742464065552,0.0003,-23.4636652469635,0.03617248823866248,3.6731277257204056
252,125,270.7531,201,0.02565820887684822,100.0,25200,0.0,6096,-64.41521167755127,0.0003,-20.472517609596252,0.035288076382130384,4.554263353347778
256,125,270.5596,204,0.025658156722784042,100.0,25600,0.0,6192,-64.74969816207886,0.0003,-18.19343000650406,0.034474911633878946,4.8511050045490265
260,125,270.75986,207,0.025661446154117584,100.0,26000,0.0,6304,-65.64134788513184,0.0003,-24.702893018722534,0.033537906827405095,4.645525202155113
264,125,272.96484,211,0.025665754452347755,100.0,26400,0.0,6400,-66.50097799301147,0.0003,-22.227289617061615,0.03274125186726451,4.688994571566582
268,125,273.94348,214,0.025666620582342148,100.0,26800,0.0,6496,-67.18878841400146,0.0003,-21.600616335868835,0.03195394412614405,4.1380476504564285
272,125,274.00925,217,0.025667695328593254,100.0,27200,0.0,6592,-67.60374116897583,0.0003,-24.626750588417053,0.031181870843283832,4.17597134411335
276,124,274.1092,220,0.025666119530797005,100.0,27600,0.0,6704,-68.04126024246216,0.0003,-22.648744344711304,0.03026530344504863,5.336108669638634
280,124,275.13516,224,0.025668898597359657,100.0,28000,0.0,6800,-69.06395816802979,0.0003,-23.52669060230255,0.029497313778847456,4.686086639761925
284,124,275.19693,227,0.025674644857645035,100.0,28400,0.0,6896,-70.13605785369873,0.0003,-19.20191103219986,0.02882350014988333,4.513883724808693
288,124,276.03177,230,0.025678051635622978,100.0,28800,0.0,6992,-70.52139616012573,0.0003,-23.34040117263794,0.028158319066278636,4.622408181428909
292,124,274.40353,233,0.025681443512439728,100.0,29200,0.0,7104,-71.09842109680176,0.0003,-20.184700071811676,0.027418870478868484,4.339686036109924
296,124,275.2932,237,0.02568422071635723,100.0,29600,0.0,7200,-71.56207799911499,0.0003,-19.77426940202713,0.02678294782526791,4.838945493102074
300,124,276.26587,240,0.025688301771879196,100.0,30000,0.0,7296,-72.53407382965088,0.0003,-23.015159845352173,0.02614854380954057,4.775232255458832
304,124,277.47922,243,0.025694461539387703,100.0,30400,0.0,7392,-72.80043935775757,0.0003,-20.495129823684692,0.025527033722028136,5.996196210384369
308,124,277.48648,247,0.025696896016597748,100.0,30800,0.0,7504,-73.63121223449707,0.0003,-21.860011518001556,0.024848746601492167,5.2029920518398285
312,124,277.5756,250,0.02569565363228321,100.0,31200,0.0,7600,-74.295175075531,0.0003,-19.66375195980072,0.02424605714622885,5.1436033099889755
316,124,277.96204,253,0.025694960728287697,100.0,31600,0.0,7696,-74.67421436309814,0.0003,-19.85373818874359,0.023766992148011923,4.945663601160049
320,124,278.47528,256,0.025701293721795082,100.0,32000,0.0,7792,-75.10287094116211,0.0003,-22.203068375587463,0.02315264567732811,4.372667565941811
324,124,278.11356,260,0.025700146332383156,100.0,32400,0.0,7904,-76.05755043029785,0.0003,-19.598859190940857,0.02250994765199721,4.4198541939258575
328,124,279.04306,263,0.02570248208940029,100.0,32800,0.0,8000,-76.80438566207886,0.0003,-17.400858610868454,0.0220188352977857,4.3694197833538055
332,124,279.3783,266,0.025701381266117096,100.0,33200,0.0,8096,-77.58818435668945,0.0003,-17.897298872470856,0.021549921832047403,4.116945266723633
336,124,279.76505,269,0.025702107697725296,100.0,33600,0.0,8192,-77.98444271087646,0.0003,-16.888678669929504,0.021110161091201007,3.6749323308467865
340,124,281.23853,273,0.025703174993395805,100.0,34000,0.0,8304,-79.24629640579224,0.0003,-15.274670571088791,0.020587121602147818,4.2318112552165985
344,124,282.57764,276,0.02570240944623947,100.0,34400,0.0,8400,-79.49663305282593,0.0003,-13.423629015684128,0.020195974269881845,4.208503186702728
348,124,282.52664,280,0.025702359154820442,100.0,34800,0.0,8496,-80.0549259185791,0.0003,-16.827479600906372,0.019822052214294672,3.844459056854248
352,124,281.79575,283,0.0257031861692667,100.0,35200,0.0,8592,-81.01754140853882,0.0003,-14.630588382482529,0.019455168745480478,4.805486619472504
356,124,282.90115,286,0.025701100006699562,100.0,35600,0.0,8704,-81.56197786331177,0.0003,-14.756329715251923,0.019027298665605485,4.604512885212898
360,124,283.4785,289,0.025696756318211555,100.0,36000,0.0,8800,-82.2285647392273,0.0003,-10.90333217382431,0.018664047471247613,5.8245760053396225
364,124,282.8701,293,0.025698071345686913,100.0,36400,0.0,8896,-82.75125360488892,0.0003,-16.083228170871735,0.018350437399931252,4.501125410199165
368,124,283.2174,296,0.025700075551867485,100.0,36800,0.0,8992,-83.1916880607605,0.0003,-15.253726720809937,0.017967261257581413,5.467609748244286
372,123,283.95404,300,0.025699781253933907,100.0,37200,0.0,9104,-83.72351741790771,0.0003,-11.871278950944543,0.017598183010704815,4.523436143994331
376,124,283.93234,303,0.025699805468320847,100.0,37600,0.0,9200,-84.55562973022461,0.0003,-8.261643506586552,0.01731952012050897,5.838698506355286
380,124,284.294,306,0.02570066973567009,100.0,38000,0.0,9296,-85.0844235420227,0.0003,-11.375290840864182,0.01701812562532723,4.660309657454491
384,124,283.3497,309,0.02570023387670517,100.0,38400,0.0,9392,-85.60052680969238,0.0003,-7.052572134882212,0.016696022707037628,5.402052640914917
388,123,283.06335,312,0.025697434321045876,100.0,38800,0.0,9504,-86.42366790771484,0.0003,-9.960441946983337,0.016364692710340023,5.0993455201387405
392,123,284.11884,316,0.025691386312246323,100.0,39200,0.0,9600,-86.50790739059448,0.0003,-9.1562070697546,0.01609895029105246,5.408127307891846
396,123,283.59747,319,0.025692200288176537,100.0,39600,0.0,9696,-87.54774856567383,0.0003,-8.285297021269798,0.015889966278336942,5.000040233135223
400,124,281.7715,322,0.025692244991660118,100.0,40000,0.0,9792,-88.27011585235596,0.0003,-5.709544572979212,0.015663746744394302,6.293071627616882
404,123,283.4212,326,0.0256972536444664,100.0,40400,0.0,9904,-88.56488132476807,0.0003,-6.3118751384317875,0.015395019669085741,6.193104475736618
408,123,283.86053,329,0.02569686993956566,100.0,40800,0.0,10000,-88.98218488693237,0.0003,-11.156803593039513,0.015144113334827125,5.08171908557415
412,123,284.12634,332,0.025693202391266823,100.0,41200,0.0,10096,-89.89209842681885,0.0003,-4.924552284181118,0.014910401427187026,4.847282662987709
416,123,284.70868,335,0.025696104392409325,100.0,41600,0.0,10192,-90.50529289245605,0.0003,-6.35659746453166,0.014707840804476291,4.981576547026634
420,123,286.27335,339,0.025695035234093666,100.0,42000,0.0,10304,-90.99080038070679,0.0003,-3.284360831603408,0.014477503020316362,5.498399883508682
424,123,285.87674,342,0.025691591203212738,100.0,42400,0.0,10400,-91.83484554290771,0.0003,-4.884150147438049,0.01430773176252842,5.73736660182476
428,123,285.4941,346,0.02569006010890007,100.0,42800,0.0,10496,-92.00065994262695,0.0003,-6.178325109183788,0.014159106358420104,5.335490837693214
432,123,285.78198,349,0.025689037516713142,100.0,43200,0.0,10592,-93.13033771514893,0.0003,-6.103161007165909,0.014028853678610176,6.043639600276947
436,123,286.46655,353,0.025691790506243706,100.0,43600,0.0,10704,-93.56311702728271,0.0003,-6.256307831034064,0.013877271674573421,5.531767427921295
440,123,287.23932,356,0.025681858882308006,100.0,44000,0.0,10800,-94.33907270431519,0.0003,-2.4683510828763247,0.013746798795182258,5.147960618138313
444,123,286.963,360,0.025679249316453934,100.0,44400,0.0,10896,-94.80328750610352,0.0003,-2.049949076026678,0.01372664695372805,5.151047274470329
448,123,287.5656,363,0.0256815142929554,100.0,44800,0.0,10992,-95.08917331695557,0.0003,-1.7409376967698336,0.013789971941150725,5.3295145481824875
452,123,288.0807,366,0.025682304054498672,100.0,45200,0.0,11104,-96.22308206558228,0.0003,-2.1510378532111645,0.013749741425272077,4.897500678896904
456,123,288.08185,370,0.025682857260107994,100.0,45600,0.0,11200,-96.31362199783325,0.0003,0.035531703382730484,0.01372937421547249,6.362631112337112
460,123,289.3721,373,0.025684544816613197,100.0,46000,0.0,11296,-97.14378499984741,0.0003,-1.3008135203272104,0.013728044636081904,4.0322390496730804
464,123,291.29633,377,0.025686273351311684,100.0,46400,0.0,11392,-97.99038934707642,0.0003,-0.18685459345579147,0.013766042422503233,5.295783624053001
468,122,291.53464,380,0.025685684755444527,100.0,46800,0.0,11504,-98.52954578399658,0.0003,-1.056467106565833,0.013676682370714843,4.883875459432602
472,123,290.36044,383,0.02568942680954933,100.0,47200,0.0,11600,-99.02659702301025,0.0003,-1.0924020484089851,0.01362532947678119,5.038683772087097
476,122,292.61075,387,0.02568660117685795,100.0,47600,0.0,11696,-99.89215755462646,0.0003,-1.733373524621129,0.01356368517735973,5.111150816082954
480,122,293.20398,390,0.025687670335173607,100.0,48000,0.0,11792,-100.01558256149292,0.0003,-3.3121839575469494,0.013531500531826168,4.376136019825935
484,122,294.23798,393,0.025684183463454247,100.0,48400,0.0,11904,-101.20593690872192,0.0003,2.788728091865778,0.013368507730774581,4.948918461799622
488,122,295.87128,397,0.025689246132969856,100.0,48800,0.0,12000,-101.16851711273193,0.0003,-0.015448447316884995,0.01347069110488519,4.785821437835693
492,122,296.79327,400,0.025693025439977646,100.0,49200,0.0,12096,-101.8356671333313,0.0003,0.1746107116341591,0.01347764814272523,4.996254116296768
496,122,297.58655,403,0.025698069483041763,100.0,49600,0.0,12192,-102.66120195388794,0.0003,-5.765595134347677,0.013426096469629556,5.16652674973011
500,122,301.19272,407,0.02569369599223137,100.0,50000,0.0,12304,-103.05451107025146,0.0003,-1.2710023615509272,0.013279126374982297,4.52000518143177
504,122,301.58618,410,0.02569131925702095,100.0,50400,0.0,12400,-103.53214883804321,0.0003,-5.688085860572755,0.013185848772991449,5.076833546161652
508,122,303.20108,413,0.02569207176566124,100.0,50800,0.0,12496,-104.33023309707642,0.0003,-1.3181637693196535,0.013055382471065968,4.575320914387703
512,122,303.60187,416,0.02569306083023548,100.0,51200,0.0,12592,-104.6371898651123,0.0003,-1.2288652770221233,0.012951729004271328,4.603629156947136
516,122,302.4422,420,0.025689978152513504,100.0,51600,0.0,12704,-105.61794757843018,0.0003,-4.965467385947704,0.012805827602278441,4.36594757437706
520,122,301.10043,423,0.02568897232413292,100.0,52000,0.0,12800,-105.34984493255615,0.0003,-1.3624623995274305,0.01274018466938287,5.985233440995216
524,122,301.76544,427,0.025685124099254608,100.0,52400,0.0,12896,-106.0785026550293,0.0003,1.1709019793197513,0.012615937797818333,4.9121372401714325
528,122,303.00906,430,0.02568030171096325,100.0,52800,0.0,12992,-106.91151428222656,0.0003,-3.336415061727166,0.012465611449442804,4.43867851793766
532,122,304.84436,434,0.025672055780887604,100.0,53200,0.0,13104,-107.35452032089233,0.0003,0.7386542037129402,0.012401499319821596,5.018530234694481
536,122,304.1918,437,0.025670252740383148,100.0,53600,0.0,13200,-107.80881786346436,0.0003,0.1945461630821228,0.01244996371679008,5.2045578956604
540,122,303.13907,441,0.025669576600193977,100.0,54000,0.0,13296,-107.78264570236206,0.0003,-0.19229690171778202,0.012438435747753829,11.572539508342743
544,122,297.73712,444,0.025655608624219894,100.0,54400,0.0,13392,-109.25881910324097,0.0003,6.774075832217932,0.01252748747356236,6.080333054065704
548,122,297.47266,448,0.025663603097200394,100.0,54800,0.0,13504,-109.68008756637573,0.0003,2.202948259189725,0.012763648817781359,4.523756191134453
552,122,297.7337,451,0.02566404826939106,100.0,55200,0.0,13600,-110.41194820404053,0.0003,0.7110114376991987,0.012780312215909362,4.17838841676712
556,122,297.88644,454,0.02567058429121971,100.0,55600,0.0,13696,-110.59658193588257,0.0003,-0.26054918207228184,0.012841265124734491,5.007478266954422
560,122,295.2727,458,0.025672761723399162,100.0,56000,0.0,13792,-110.55746507644653,0.0003,0.7552468571811914,0.012892716040369123,4.437042251229286
564,122,292.42465,461,0.02566095069050789,100.0,56400,0.0,13904,-111.65754175186157,0.0003,7.7138983607292175,0.013174368010368198,8.76861634850502
568,122,291.17065,465,0.02566242404282093,100.0,56800,0.0,14000,-112.75857782363892,0.0003,10.883708626031876,0.013704188459087163,6.412873297929764
572,122,292.79315,468,0.025669259950518608,100.0,57200,0.0,14096,-113.33890724182129,0.0003,8.128075439482927,0.01410371414385736,4.78256767988205
576,122,292.07516,471,0.025670159608125687,100.0,57600,0.0,14192,-114.10828113555908,0.0003,-0.6209640130400658,0.014274561428464949,4.702058553695679
580,122,291.02637,474,0.025673802942037582,100.0,58000,0.0,14304,-115.09103298187256,0.0003,1.3596971556544304,0.014265714795328677,4.494968757033348
584,122,289.96356,478,0.025675637647509575,100.0,58400,0.0,14400,-115.18888711929321,0.0003,0.8644912838935852,0.014221699209883809,4.429920479655266
588,122,288.68585,481,0.025673527270555496,100.0,58800,0.0,14496,-115.4263277053833,0.0003,-0.19071071967482567,0.01419576641637832,4.495816677808762
592,122,287.16772,485,0.02566550485789776,100.0,59200,0.0,14592,-115.73706150054932,0.0003,1.8573768809437752,0.014223705569747835,6.806003898382187
596,121,282.84714,488,0.02565629966557026,100.0,59600,0.0,14704,-116.58719730377197,0.0003,10.889661192893982,0.014664228598121554,9.85407304763794
600,122,279.99628,491,0.025661688297986984,100.0,60000,0.0,14800,-117.12300968170166,0.0003,6.917846545577049,0.015142616000957787,6.373223960399628
604,121,279.06494,495,0.025674544274806976,100.0,60400,0.0,14896,-117.90422248840332,0.0003,1.1940728574991226,0.015379727235995233,5.196609675884247
608,121,277.34894,498,0.025677284225821495,100.0,60800,0.0,14992,-118.27042484283447,0.0003,-1.6804169937968254,0.015357461990788579,4.786964923143387
612,121,278.07513,502,0.025680696591734886,100.0,61200,0.0,15104,-118.97226428985596,0.0003,3.4116457104682922,0.01539904938545078,5.702344447374344
616,121,278.2793,505,0.025687498971819878,100.0,61600,0.0,15200,-119.60110473632812,0.0003,-3.631725311279297,0.015405327023472637,3.9675983637571335
620,121,278.81345,509,0.025689831003546715,100.0,62000,0.0,15296,-119.90231466293335,0.0003,-0.9675930738449097,0.015237194311339408,5.160685747861862
624,121,281.95337,513,0.02569020353257656,100.0,62400,0.0,15392,-120.34814119338989,0.0003,-0.9546160139143467,0.015108648978639394,3.340043067932129
628,121,283.67526,517,0.025691237300634384,100.0,62800,0.0,15504,-120.33745336532593,0.0003,-2.801513195037842,0.014946751296520233,3.7356744408607483
632,121,285.02765,521,0.025684641674160957,100.0,63200,0.0,15600,-121.12902927398682,0.0003,-3.0294307991862297,0.01482710923301056,4.077292427420616
636,121,285.37415,525,0.025679269805550575,100.0,63600,0.0,15696,-121.17714071273804,0.0003,4.04841722548008,0.014881026931107044,4.083154127001762
640,120,287.64343,529,0.025681037455797195,100.0,64000,0.0,15792,-122.03976535797119,0.0003,2.9227054975926876,0.014975596219301224,4.038614571094513
644,120,295.75372,533,0.025681955739855766,100.0,64400,0.0,15904,-122.16040468215942,0.0003,-0.1663888394832611,0.01507428998593241,4.28804250061512
648,120,298.6316,536,0.025682833045721054,100.0,64800,0.0,16000,-122.61083602905273,0.0003,0.5622933814302087,0.015163211850449443,4.9140253365039825
652,120,301.41583,540,0.025677599012851715,100.0,65200,0.0,16096,-123.15027618408203,0.0003,2.0994919147342443,0.01520851842360571,3.8335403949022293
656,120,304.30417,543,0.025680623948574066,100.0,65600,0.0,16192,-123.3962459564209,0.0003,0.8634711839258671,0.015336851472966373,4.230324879288673
660,120,308.4263,548,0.02567785046994686,100.0,66000,0.0,16304,-123.69415950775146,0.0003,2.1682202629745007,0.015465891221538186,5.192027032375336
664,120,312.19067,552,0.025675376877188683,100.0,66400,0.0,16400,-124.3822193145752,0.0003,2.4348170831799507,0.01557649380993098,4.140076190233231
668,120,316.26663,555,0.02567789889872074,100.0,66800,0.0,16496,-124.35668706893921,0.0003,1.7399439625442028,0.015754194580949843,4.547205105423927
672,120,317.48724,559,0.025681022554636,100.0,67200,0.0,16592,-124.6236162185669,0.0003,1.7967442348599434,0.01592595491092652,5.049987927079201
676,119,319.434,563,0.02567811869084835,100.0,67600,0.0,16704,-125.15831804275513,0.0003,0.9430774301290512,0.016147235524840653,5.236476093530655
680,119,323.09213,566,0.025679273530840874,100.0,68000,0.0,16800,-125.58898782730103,0.0003,0.5689276810735464,0.016259775962680578,5.520246922969818
684,119,327.54816,570,0.025680454447865486,100.0,68400,0.0,16896,-126.17192029953003,0.0003,1.643709346652031,0.01642319664824754,5.319468483328819
688,119,329.61234,573,0.025683991611003876,100.0,68800,0.0,16992,-126.64357709884644,0.0003,4.058560788631439,0.016728304559364915,6.319415420293808
692,119,331.92883,578,0.025680802762508392,100.0,69200,0.0,17104,-127.60333490371704,0.0003,7.62168288230896,0.017002318636514246,7.591202288866043
696,119,337.20993,582,0.025684157386422157,100.0,69600,0.0,17200,-128.37404012680054,0.0003,4.186041038483381,0.017588681424967945,6.234315633773804
700,119,338.601,586,0.02567659690976143,100.0,70000,0.0,17296,-128.57646989822388,0.0003,4.9240142442286015,0.0178190846927464,9.49231630563736
704,119,336.20245,589,0.025678135454654694,100.0,70400,0.0,17392,-129.10615634918213,0.0003,4.389821224845946,0.018234021379612386,5.628134608268738
708,119,337.5476,593,0.02568325586616993,100.0,70800,0.0,17504,-129.78906631469727,0.0003,1.9409490041434765,0.01829922094475478,4.952902629971504
712,119,338.9806,596,0.025692379102110863,100.0,71200,0.0,17600,-129.94475650787354,0.0003,-2.413360945880413,0.018213566043414176,5.667750924825668
716,119,342.0251,600,0.02569422498345375,100.0,71600,0.0,17696,-130.54739093780518,0.0003,-0.29683974385261536,0.01806036231573671,5.115096181631088
720,119,344.6534,604,0.025693539530038834,100.0,72000,0.0,17792,-131.0763120651245,0.0003,-0.40947721898555756,0.017888482427224517,10.617069512605667
724,118,342.65402,608,0.025686318054795265,100.0,72400,0.0,17904,-132.16290187835693,0.0003,8.695641785860062,0.018424551817588508,6.652412563562393
728,118,341.32852,612,0.025684932246804237,100.0,72800,0.0,18000,-132.03361701965332,0.0003,8.632049158215523,0.01902887981850654,8.755295425653458
732,118,340.689,616,0.02569144405424595,100.0,73200,0.0,18096,-133.01004123687744,0.0003,1.2537804394960403,0.019497048226185143,6.764986097812653
736,118,342.6489,619,0.025694163516163826,100.0,73600,0.0,18192,-133.20314598083496,0.0003,-0.856964785605669,0.019505358883179724,5.391243755817413
740,118,342.83682,624,0.02569466084241867,100.0,74000,0.0,18304,-133.76161098480225,0.0003,-1.3709630407392979,0.019428329076617956,5.1748460829257965
744,118,342.613,627,0.025697367265820503,100.0,74400,0.0,18400,-134.6045627593994,0.0003,2.769404200837016,0.019348137779161334,5.168944448232651
748,118,341.35104,630,0.025696823373436928,100.0,74800,0.0,18496,-134.5365343093872,0.0003,-2.1972755528986454,0.01923097693361342,5.018438547849655
752,118,341.64365,634,0.02569507621228695,100.0,75200,0.0,18592,-135.01325130462646,0.0003,-1.192773338407278,0.019178471178747714,7.178215593099594
756,118,341.29144,638,0.02569771371781826,100.0,75600,0.0,18704,-135.80777549743652,0.0003,1.809969987720251,0.019377951393835247,6.132072955369949
760,118,340.75192,642,0.025695806369185448,100.0,76000,0.0,18800,-135.83753967285156,0.0003,2.386401180177927,0.019536869833245873,6.237787842750549
764,118,340.55957,646,0.025700386613607407,100.0,76400,0.0,18896,-136.2513837814331,0.0003,1.0517698600888252,0.019728565705008805,5.540952831506729
768,118,340.95844,650,0.02570490911602974,100.0,76800,0.0,18992,-136.52453994750977,0.0003,-1.069146454334259,0.019723027478903532,6.592940658330917
772,118,341.3804,654,0.02570182830095291,100.0,77200,0.0,19104,-136.68647956848145,0.0003,-0.36345508787781,0.01980777853168547,6.42600417137146
776,117,341.44415,657,0.025697823613882065,100.0,77600,0.0,19200,-137.09056091308594,0.0003,-0.8619795925915241,0.019758614129386842,6.1332046538591385
780,117,340.24487,661,0.02569674700498581,100.0,78000,0.0,19296,-137.14642810821533,0.0003,-0.736030351370573,0.019867100636474788,6.470659762620926
784,117,338.89145,664,0.025694547221064568,100.0,78400,0.0,19392,-137.76565170288086,0.0003,-0.6929371226578951,0.019926348701119423,6.295987993478775
788,117,340.328,668,0.02569272369146347,100.0,78800,0.0,19504,-138.20668601989746,0.0003,-3.4104676470160484,0.020002919482067227,5.877180695533752
792,117,341.50266,672,0.025694990530610085,100.0,79200,0.0,19600,-138.4832248687744,0.0003,2.1804683301597834,0.0201510158367455,6.850569128990173
796,117,343.43628,675,0.02569047175347805,100.0,79600,0.0,19696,-138.90989303588867,0.0003,1.1318123005330563,0.02032567874994129,6.7170588076114655
800,117,345.3319,679,0.025688553228974342,100.0,80000,0.0,19792,-139.35142993927002,0.0003,0.659440703690052,0.02050647872965783,7.1360607743263245
804,117,349.53036,682,0.025682803243398666,100.0,80400,0.0,19904,-139.7053108215332,0.0003,4.279970798641443,0.020745997899211943,8.048344165086746
808,117,351.55087,686,0.025687577202916145,100.0,80800,0.0,20000,-140.26536655426025,0.0003,1.3305752463638783,0.021060457569546998,7.186024695634842
812,117,352.05432,690,0.025685127824544907,100.0,81200,0.0,20096,-141.109694480896,0.0003,2.127417329698801,0.02129308693110943,6.6173229813575745
816,117,352.5878,693,0.0256895013153553,100.0,81600,0.0,20192,-141.1430025100708,0.0003,0.1712238620966673,0.021498490823432803,8.560788035392761
820,117,352.11157,697,0.02569178305566311,100.0,82000,0.0,20304,-141.00878810882568,0.0003,2.3168237507343292,0.02175901469308883,7.509936064481735
824,117,354.98364,701,0.02569238469004631,100.0,82400,0.0,20400,-141.62508583068848,0.0003,0.3528156913816929,0.022054383298382163,7.052578836679459
828,117,357.5039,705,0.025696871802210808,100.0,82800,0.0,20496,-142.18784141540527,0.0003,0.8061983101069927,0.022214094176888466,7.997914105653763
832,117,358.16806,708,0.02569628320634365,100.0,83200,0.0,20592,-142.24949550628662,0.0003,1.3474782556295395,0.022454710793681443,7.307536005973816
836,117,358.3087,712,0.025702951475977898,100.0,83600,0.0,20704,-142.48978996276855,0.0003,2.3353923857212067,0.022751657641492784,8.32273855805397
840,117,358.39862,715,0.025700869038701057,100.0,84000,0.0,20800,-142.91636753082275,0.0003,2.2036905847489834,0.022924098535440862,7.382315427064896
844,117,358.40472,719,0.025706637650728226,100.0,84400,0.0,20896,-142.81268787384033,0.0003,0.7756249867379665,0.023042099317535758,7.406376361846924
848,117,359.11578,723,0.02571188472211361,100.0,84800,0.0,20992,-143.2985954284668,0.0003,-1.4256033040583134,0.0232382130343467,7.391936257481575
852,117,359.09177,726,0.0257114227861166,100.0,85200,0.0,21104,-144.12338066101074,0.0003,0.3964715301990509,0.02331586740911007,7.714864879846573
856,117,359.90027,730,0.025712963193655014,100.0,85600,0.0,21200,-144.38338947296143,0.0003,-1.849065293557942,0.023303371272049844,7.360569000244141
860,117,360.96457,734,0.025713590905070305,100.0,86000,0.0,21296,-144.4329891204834,0.0003,0.030737338587641716,0.023377408389933407,8.019756525754929
864,117,362.0534,737,0.025709789246320724,100.0,86400,0.0,21392,-144.57152271270752,0.0003,0.8083844985812902,0.023338982835412025,8.267495334148407
868,116,362.33786,741,0.025718430057168007,100.0,86800,0.0,21504,-144.69977951049805,0.0003,0.7885898724198341,0.023513608844950795,6.980010151863098
872,117,364.00336,745,0.02572057582437992,100.0,87200,0.0,21600,-146.01151657104492,0.0003,1.8767043445259333,0.023588769952766597,8.177867591381073
876,116,364.80948,748,0.025726625695824623,100.0,87600,0.0,21696,-146.21915340423584,0.0003,1.8072530515491962,0.0238967394689098,8.224047631025314
880,117,365.24292,752,0.025731878355145454,100.0,88000,0.0,21792,-146.0437889099121,0.0003,5.153786700218916,0.024117835331708193,27.5958731174469
884,116,361.6734,755,0.02572363242506981,100.0,88400,0.0,21904,-147.77952671051025,0.0003,6.174161396920681,0.02529728610534221,14.06351813673973
888,116,357.82614,759,0.025722382590174675,100.0,88800,0.0,22000,-148.34726524353027,0.0003,1.489836946129799,0.025961853563785553,9.930552273988724
892,116,357.61163,763,0.02573276311159134,100.0,89200,0.0,22096,-149.14084720611572,0.0003,1.4138474389910698,0.0263279618229717,10.222592413425446
896,116,356.3702,768,0.025738175958395004,100.0,89600,0.0,22192,-150.68731021881104,0.0003,0.9245596528053284,0.026559739373624325,20.488951325416565
900,116,351.66702,772,0.02573462203145027,100.0,90000,0.0,22304,-151.03690719604492,0.0003,3.987688861787319,0.02727957791648805,7.380956798791885
904,116,348.88956,775,0.025739964097738266,100.0,90400,0.0,22400,-150.79573917388916,0.0003,-1.1307508200407028,0.02755384403280914,6.772420585155487
908,116,348.71835,778,0.025748230516910553,100.0,90800,0.0,22496,-151.46748733520508,0.0003,-0.3828088939189911,0.02751394733786583,5.929949402809143
912,116,348.20868,783,0.02574899047613144,100.0,91200,0.0,22592,-151.63983631134033,0.0003,-0.2912732809782028,0.027511514723300934,7.114048480987549
916,116,348.2334,787,0.025753626599907875,100.0,91600,0.0,22704,-151.41456604003906,0.0003,-1.8411651235073805,0.02736727916635573,6.278467953205109
920,116,345.79422,790,0.02575407363474369,100.0,92000,0.0,22800,-152.2297592163086,0.0003,-4.2964080618694425,0.02728719566948712,6.000580996274948
924,116,344.77246,793,0.025754546746611595,100.0,92400,0.0,22896,-153.0051040649414,0.0003,-1.1141390670090914,0.027063042507506907,5.7080052345991135
928,116,343.46768,796,0.025757255032658577,100.0,92800,0.0,22992,-154.0859251022339,0.0003,-0.4406583411619067,0.02695947396568954,7.198304831981659
932,116,342.91882,800,0.025761490687727928,100.0,93200,0.0,23104,-153.57848358154297,0.0003,1.9731297194957733,0.026998228393495083,6.369430273771286
936,116,342.76636,804,0.025765415281057358,100.0,93600,0.0,23200,-153.81078243255615,0.0003,-0.078375737182796,0.027119794976897538,5.780491292476654
940,116,342.9895,807,0.025766560807824135,100.0,94000,0.0,23296,-154.1278896331787,0.0003,1.2941688485443592,0.027208639192394912,5.874541163444519
944,116,342.35068,810,0.025773968547582626,100.0,94400,0.0,23392,-155.3509292602539,0.0003,0.7301352489739656,0.027320173801854253,6.732670038938522
948,116,343.89233,815,0.025775710120797157,100.0,94800,0.0,23504,-154.96950149536133,0.0003,-1.2556423097848892,0.0273768751649186,5.784593790769577
952,116,344.1502,818,0.025777654722332954,100.0,95200,0.0,23600,-155.57033824920654,0.0003,-1.019572309218347,0.027508179657161236,5.629499435424805
956,116,344.1051,822,0.025781283155083656,100.0,95600,0.0,23696,-155.57575702667236,0.0003,-0.8120907433331013,0.027497416827827692,5.645983904600143
960,116,344.121,825,0.0257768202573061,100.0,96000,0.0,23792,-155.54348945617676,0.0003,1.0174997746944427,0.02743394742719829,5.586702987551689
964,116,344.45764,830,0.02578343264758587,100.0,96400,0.0,23904,-156.6239242553711,0.0003,1.476575119420886,0.02747863973490894,6.2702756226062775
968,115,344.9561,834,0.02578745223581791,100.0,96800,0.0,24000,-156.33535385131836,0.0003,2.1576792150735855,0.027573498315177858,5.5949497371912
972,115,343.44345,838,0.025788726285099983,100.0,97200,0.0,24096,-156.4110460281372,0.0003,-0.5751269198954105,0.027696570847183466,7.905542194843292
976,115,343.41583,842,0.025782618671655655,100.0,97600,0.0,24192,-156.8326234817505,0.0003,-0.31603623181581497,0.027623958652839065,5.554231405258179
980,115,342.47833,845,0.02579132281243801,100.0,98000,0.0,24304,-157.53844451904297,0.0003,-0.19523733388632536,0.02772897039540112,5.650123506784439
984,115,346.58105,849,0.025794677436351776,100.0,98400,0.0,24400,-157.47953414916992,0.0003,1.928629007190466,0.027869398007169366,5.904765784740448
988,115,350.52274,852,0.025796908885240555,100.0,98800,0.0,24496,-157.57410144805908,0.0003,-1.0352062117308378,0.027875542640686035,5.238097548484802
992,115,351.2863,856,0.025804568082094193,100.0,99200,0.0,24592,-157.6805772781372,0.0003,1.3976079169660807,0.02799018588848412,4.765291437506676
996,115,351.93008,860,0.025807389989495277,100.0,99600,0.0,24704,-158.25403118133545,0.0003,0.22860423102974892,0.028023292892612517,5.365333154797554
1000,115,357.5307,863,0.025814862921833992,100.0,100000,0.0,24800,-158.47543144226074,0.0003,-0.09927415382117033,0.028136343229562044,5.828488394618034
1004,115,360.38824,867,0.02581816166639328,100.0,100400,0.0,24896,-157.8349962234497,0.0003,0.46974168717861176,0.028084579156711698,5.271377801895142
1008,115,360.06363,870,0.025820154696702957,100.0,100800,0.0,24992,-158.64996528625488,0.0003,0.21867093443870544,0.028084817226044834,5.684936612844467
1012,115,360.589,874,0.025822801515460014,100.0,101200,0.0,25104,-158.91469955444336,0.0003,-1.1741113252937794,0.0281524199526757,6.4093882739543915
1016,115,359.7955,877,0.02582968957722187,100.0,101600,0.0,25200,-159.42735767364502,0.0003,1.4330726340413094,0.02827216812875122,5.953141048550606
1020,115,362.5596,881,0.02583456225693226,100.0,102000,0.0,25296,-159.40109729766846,0.0003,1.213517072610557,0.02815798227675259,5.024770796298981
1024,115,362.5131,884,0.025836281478405,100.0,102400,0.0,25392,-160.24095249176025,0.0003,-0.08464040979743004,0.02815497841220349,5.598355710506439
1028,115,363.56064,888,0.02583794854581356,100.0,102800,0.0,25504,-160.50719165802002,0.0003,-3.9737830758094788,0.028070970787666738,5.669494614005089
1032,115,364.55478,892,0.025843046605587006,100.0,103200,0.0,25600,-160.48120307922363,0.0003,-1.8993860762566328,0.027826202218420804,5.8345377296209335
1036,115,363.5475,895,0.02584349550306797,100.0,103600,0.0,25696,-160.9784450531006,0.0003,1.1105034425854683,0.027720034820958972,5.431453287601471
1040,115,363.86667,899,0.025845779106020927,100.0,104000,0.0,25792,-161.29158306121826,0.0003,0.33820032980293036,0.027672347147017717,6.5187807977199554
1044,115,365.0721,903,0.02584996074438095,100.0,104400,0.0,25904,-161.83081436157227,0.0003,-0.4025314822793007,0.02778374671470374,6.0725254118442535
1048,115,364.32257,906,0.025857875123620033,100.0,104800,0.0,26000,-161.67675304412842,0.0003,0.3337072301656008,0.027810289873741567,5.992700442671776
1052,115,363.8553,909,0.025857169181108475,100.0,105200,0.0,26096,-162.01242065429688,0.0003,0.548412156291306,0.02777074626646936,5.7345734387636185
1056,115,363.87546,913,0.02586045116186142,100.0,105600,0.0,26192,-162.18428134918213,0.0003,0.42719753831624985,0.027909424505196512,5.471171438694
1060,115,363.45374,916,0.025855934247374535,100.0,106000,0.0,26304,-162.82695770263672,0.0003,2.6221717353910208,0.027662514708936214,5.590436577796936
1064,115,362.31122,920,0.02585569955408573,100.0,106400,0.0,26400,-163.00379180908203,0.0003,-0.05857972241938114,0.027564552729018033,5.117723792791367
1068,115,361.99744,924,0.025857826694846153,100.0,106800,0.0,26496,-163.13495540618896,0.0003,0.5014353096485138,0.027543317526578903,5.786574199795723
1072,115,362.35712,927,0.02586394175887108,100.0,107200,0.0,26592,-163.36217498779297,0.0003,1.4151889514178038,0.02750890317838639,6.116026744246483
1076,115,362.09778,931,0.025868838652968407,100.0,107600,0.0,26704,-163.53054332733154,0.0003,0.44514891505241394,0.027478435076773167,5.624068841338158
1080,115,362.84567,934,0.025874264538288116,100.0,108000,0.0,26800,-163.36419010162354,0.0003,-1.4254945777356625,0.02729318814817816,5.487667351961136
1084,115,363.68735,938,0.025879401713609695,100.0,108400,0.0,26896,-163.90062427520752,0.0003,-2.3136833794414997,0.027246372657828033,6.320660024881363
1088,115,363.2161,942,0.02587198093533516,100.0,108800,0.0,26992,-164.6495237350464,0.0003,-0.5984668843448162,0.027018297696486115,6.402100831270218
1092,115,363.3188,945,0.025880511850118637,100.0,109200,0.0,27104,-164.6644802093506,0.0003,-1.4918347224593163,0.02682267385534942,5.5345820635557175
1096,115,363.49414,949,0.025880660861730576,100.0,109600,0.0,27200,-164.60286045074463,0.0003,-0.4085382567718625,0.026468849391676486,4.95148766040802
1100,115,363.39276,952,0.025886302813887596,100.0,110000,0.0,27296,-164.81216430664062,0.0003,-1.9880446940660477,0.026363349054008722,5.7608852833509445
1104,115,363.9316,956,0.025885988026857376,100.0,110400,0.0,27392,-164.88796997070312,0.0003,0.2656905446201563,0.026156011037528515,5.888059988617897
1108,115,364.5889,961,0.025890273973345757,100.0,110800,0.0,27504,-165.75494194030762,0.0003,-1.8158710598945618,0.026029228465631604,5.734652832150459
1112,115,365.57855,964,0.025890519842505455,100.0,111200,0.0,27600,-166.19869136810303,0.0003,1.521749909967184,0.025789412669837475,4.756573006510735
1116,115,366.62152,968,0.025886492803692818,100.0,111600,0.0,27696,-166.1317377090454,0.0003,-0.5449305810034275,0.025620369357056916,5.8787009716033936
1120,115,366.07718,971,0.025880077853798866,100.0,112000,0.0,27792,-166.29132652282715,0.0003,-2.6858986038714647,0.025440006866119802,4.80304779112339
1124,115,367.96494,975,0.02588074654340744,100.0,112400,0.0,27904,-166.40140342712402,0.0003,-1.128833346068859,0.02533328696154058,4.541469514369965
1128,115,368.03372,979,0.025884144008159637,100.0,112800,0.0,28000,-166.6337547302246,0.0003,-2.5047643799334764,0.02529552415944636,5.25357985496521
1132,115,367.98694,982,0.025888361036777496,100.0,113200,0.0,28096,-166.74446487426758,0.0003,-1.228324618190527,0.02512640820350498,4.347844570875168
1136,115,369.64066,986,0.025890734046697617,100.0,113600,0.0,28192,-167.34021759033203,0.0003,-1.630689837038517,0.02492862707003951,5.7616749703884125
1140,115,370.01456,990,0.025886544957756996,100.0,114000,0.0,28304,-167.36971187591553,0.0003,-2.0231298990547657,0.02473567984998226,5.850499644875526
1144,115,369.8177,994,0.025885390117764473,100.0,114400,0.0,28400,-167.915189743042,0.0003,-1.1575640067458153,0.02452729153446853,4.492572620511055
1148,115,370.20615,997,0.025884898379445076,100.0,114800,0.0,28496,-167.33867168426514,0.0003,0.7451863139867783,0.024335132911801338,4.8889844715595245
1152,115,369.3326,1000,0.02587939240038395,100.0,115200,0.0,28592,-167.6314992904663,0.0003,-2.9553593592718244,0.02428627561312169,5.06608472764492
1156,115,369.05606,1004,0.02587876282632351,100.0,115600,0.0,28704,-167.8898582458496,0.0003,-0.6911995150148869,0.024207575945183635,5.091735303401947
1160,115,368.74344,1007,0.02588111348450184,100.0,116000,0.0,28800,-168.0423698425293,0.0003,-1.1366980969905853,0.02411387814208865,5.723220556974411
1164,115,369.36453,1010,0.025884363800287247,100.0,116400,0.0,28896,-168.690167427063,0.0003,1.9279717281460762,0.024017634335905313,4.555012792348862
1168,115,368.16766,1014,0.02588277868926525,100.0,116800,0.0,28992,-168.54877758026123,0.0003,0.0374208721332252,0.02382404590025544,4.918434798717499
1172,115,368.48978,1018,0.025884097442030907,100.0,117200,0.0,29104,-169.04169178009033,0.0003,-3.2418593000620604,0.023648779140785336,5.008655875921249
1176,115,367.48886,1022,0.025883518159389496,100.0,117600,0.0,29200,-169.44779014587402,0.0003,-1.1740645356476307,0.02332101482897997,5.06769460439682
1180,115,368.19025,1025,0.025880789384245872,100.0,118000,0.0,29296,-169.3382740020752,0.0003,0.21871243976056576,0.023185489233583212,4.278997495770454
1184,115,367.93558,1029,0.025880614295601845,100.0,118400,0.0,29392,-169.77441883087158,0.0003,-3.668205291032791,0.023120687110349536,5.13323101401329
1188,114,368.72028,1034,0.025882994756102562,100.0,118800,0.0,29504,-169.55749034881592,0.0003,0.14681656658649445,0.022996013518422842,4.414719805121422
1192,114,368.5326,1037,0.02588401548564434,100.0,119200,0.0,29600,-169.87942028045654,0.0003,-0.007077954709529877,0.022940170601941645,4.402100056409836
1196,114,369.0657,1041,0.025883877649903297,100.0,119600,0.0,29696,-170.64339447021484,0.0003,1.5655035898089409,0.02294947055634111,4.314458414912224
1200,114,369.3439,1045,0.025886697694659233,100.0,120000,0.0,29792,-170.29562377929688,0.0003,0.6631262097507715,0.02296595007646829,3.943323016166687
1204,114,368.3885,1049,0.025880567729473114,100.0,120400,0.0,29904,-170.34796333312988,0.0003,-0.011097926646471024,0.022906056488864124,4.876986280083656
1208,114,366.9162,1052,0.025886395946145058,100.0,120800,0.0,30000,-170.6423511505127,0.0003,-0.4156281165778637,0.022902580560185015,4.873379707336426
1212,114,365.45883,1056,0.02588781528174877,100.0,121200,0.0,30096,-170.7780246734619,0.0003,0.39045509696006775,0.022874473012052476,5.424947887659073
1216,114,365.53702,1059,0.025888990610837936,100.0,121600,0.0,30192,-170.9888744354248,0.0003,-0.2655223049223423,0.022928933729417622,5.016920268535614
1220,114,365.24374,1063,0.025890761986374855,100.0,122000,0.0,30304,-170.72329330444336,0.0003,-0.2930005434900522,0.022980308276601136,4.279712423682213
1224,114,364.76306,1067,0.025890227407217026,100.0,122400,0.0,30400,-171.24432849884033,0.0003,1.0979409329593182,0.023124373285099864,4.622767880558968
1228,114,364.72693,1070,0.025893425568938255,100.0,122800,0.0,30496,-171.32423210144043,0.0003,-0.5272857379168272,0.023182382341474295,4.838965609669685
1232,114,364.27698,1074,0.025896869599819183,100.0,123200,0.0,30592,-171.44363594055176,0.0003,-0.057820867747068405,0.023219695896841586,4.514904037117958
1236,114,363.42505,1077,0.025894472375512123,100.0,123600,0.0,30704,-171.77165699005127,0.0003,-2.0890721417963505,0.023101379978470504,5.396256297826767
1240,114,361.559,1081,0.025894606485962868,100.0,124000,0.0,30800,-171.70277214050293,0.0003,2.277731690555811,0.023109725094400346,4.68898069858551
1244,114,359.86038,1084,0.02589596062898636,100.0,124400,0.0,30896,-172.0991039276123,0.0003,0.14920179918408394,0.02311525261029601,4.1631432473659515
1248,114,359.68707,1088,0.02590363845229149,100.0,124800,0.0,30992,-172.1711549758911,0.0003,-0.06081393361091614,0.023179405136033893,4.379692003130913
1252,114,360.53952,1092,0.02590084634721279,100.0,125200,0.0,31104,-172.18025875091553,0.0003,0.6160325817763805,0.023048244300298393,3.9849824607372284
1256,114,360.46274,1095,0.0259034875780344,100.0,125600,0.0,31200,-172.68430519104004,0.0003,-0.7216084487736225,0.02301946619991213,5.049792319536209
1260,114,361.14337,1099,0.025907645002007484,100.0,126000,0.0,31296,-172.55113410949707,0.0003,-1.6760688833892345,0.022862532758153975,5.129065901041031
1264,114,361.3403,1102,0.02591141313314438,100.0,126400,0.0,31392,-172.6431360244751,0.0003,0.149298258125782,0.022963111870922148,4.374960660934448
1268,114,361.8677,1106,0.025917164981365204,100.0,126800,0.0,31504,-173.30921936035156,0.0003,1.6947574689984322,0.02306559879798442,4.98191636800766
1272,114,361.73227,1109,0.025914233177900314,100.0,127200,0.0,31600,-173.36035442352295,0.0003,-2.33908932749182,0.02294562093447894,4.4762289971113205
1276,114,361.19156,1113,0.02591405250132084,100.0,127600,0.0,31696,-172.8671703338623,0.0003,0.8532078857533634,0.022866842802613974,5.5543627589941025
1280,114,360.6938,1116,0.025917071849107742,100.0,128000,0.0,31792,-173.24643230438232,0.0003,-0.8353634607046843,0.022800472797825933,4.897358477115631
1284,114,360.77985,1120,0.025912685319781303,100.0,128400,0.0,31904,-173.56267261505127,0.0003,3.6289729364216328,0.022961180307902396,4.772767826914787
1288,114,359.40836,1123,0.025911429896950722,100.0,128800,0.0,32000,-173.3952751159668,0.0003,-1.756842378526926,0.023034386336803436,4.480333462357521
1292,114,358.50317,1127,0.02591358870267868,100.0,129200,0.0,32096,-174.0772762298584,0.0003,0.511232815682888,0.022816782351583242,4.655283555388451
1296,114,356.94833,1131,0.02591272071003914,100.0,129600,0.0,32192,-173.3823127746582,0.0003,-0.3939737007021904,0.022808321402408183,4.314848959445953
1300,114,356.46063,1134,0.02591596357524395,100.0,130000,0.0,32304,-174.00090503692627,0.0003,0.38541767932474613,0.022731139441020787,4.194768235087395
1304,114,357.13852,1138,0.025915922597050667,100.0,130400,0.0,32400,-173.9632387161255,0.0003,0.17391708306968212,0.02276449860073626,3.927229419350624
1308,114,358.09705,1141,0.02591693587601185,100.0,130800,0.0,32496,-173.896502494812,0.0003,0.5342949144542217,0.022809845046140254,5.439675360918045
1312,114,358.8925,1145,0.025913430377840996,100.0,131200,0.0,32592,-173.65811920166016,0.0003,0.7175731239840388,0.022760780178941786,4.087155804038048
1316,114,358.78058,1148,0.02591545134782791,100.0,131600,0.0,32704,-174.29261589050293,0.0003,0.2495427541434765,0.022833745693787932,4.021925866603851
1320,114,359.03098,1152,0.025914037600159645,100.0,132000,0.0,32800,-174.0485134124756,0.0003,0.329361061565578,0.022846996900625527,3.920405298471451
1324,114,357.74075,1156,0.025913214311003685,100.0,132400,0.0,32896,-174.25965309143066,0.0003,0.04299633391201496,0.022749799769371748,4.561890482902527
1328,114,356.95856,1159,0.025912141427397728,100.0,132800,0.0,32992,-174.60924339294434,0.0003,-3.98908550478518,0.022602101555094123,3.3562941402196884
1332,114,356.69406,1162,0.025913525372743607,100.0,133200,0.0,33104,-174.54212284088135,0.0003,-3.4376613050699234,0.022553552757017314,4.093364775180817
1336,114,357.35263,1166,0.025908611714839935,100.0,133600,0.0,33200,-174.86844635009766,0.0003,0.49784376099705696,0.022383477189578116,3.329494461417198
1340,114,358.7469,1169,0.025904012843966484,100.0,134000,0.0,33296,-174.8069257736206,0.0003,-0.829045832157135,0.022332826047204435,3.479866787791252
1344,114,360.50058,1173,0.02590114437043667,100.0,134400,0.0,33392,-174.94121265411377,0.0003,0.7294768653810024,0.022291603963822126,4.240843445062637
1348,114,359.48715,1177,0.02590165287256241,100.0,134800,0.0,33504,-175.0524778366089,0.0003,0.32215576991438866,0.022358399583026767,4.530513986945152
1352,114,359.4118,1181,0.02590244635939598,100.0,135200,0.0,33600,-175.56557941436768,0.0003,1.1633110623806715,0.0223954189568758,3.604600563645363
1356,114,359.04724,1185,0.025901323184370995,100.0,135600,0.0,33696,-174.95203971862793,0.0003,2.500549024902284,0.02238406438846141,3.9825995713472366
1360,114,357.73898,1188,0.025895830243825912,100.0,136000,0.0,33792,-175.37756156921387,0.0003,2.2984444038011134,0.022411674726754427,4.3057820945978165
1364,114,356.9284,1193,0.02589689940214157,100.0,136400,0.0,33904,-175.36333656311035,0.0003,0.7227245261892676,0.02267275413032621,3.6307409554719925
1368,114,356.24475,1196,0.025897769257426262,100.0,136800,0.0,34000,-175.38351345062256,0.0003,1.0610943920910358,0.022597724455408752,3.924510568380356
1372,114,355.8174,1200,0.02589849941432476,100.0,137200,0.0,34096,-175.39938926696777,0.0003,1.8237630873918533,0.022622222430072725,3.1640055775642395
1376,114,357.20392,1203,0.02589416690170765,100.0,137600,0.0,34192,-175.4872007369995,0.0003,-2.0660287644714117,0.022593952133320272,3.565009653568268
1380,114,358.07126,1207,0.025893736630678177,100.0,138000,0.0,34304,-175.76665782928467,0.0003,1.0047876406461,0.022429018281400204,3.6976743936538696
1384,114,357.53543,1211,0.025901230052113533,100.0,138400,0.0,34400,-175.8166675567627,0.0003,0.8637890629470348,0.022535427939146757,3.850847288966179
1388,114,358.63342,1214,0.025902297347784042,100.0,138800,0.0,34496,-176.21755123138428,0.0003,-1.7029889076948166,0.022644091863185167,3.941927582025528
1392,114,360.3058,1218,0.02590075694024563,100.0,139200,0.0,34592,-175.89616298675537,0.0003,-2.795168984681368,0.02254971954971552,3.1218838691711426
1396,114,360.5027,1222,0.025903839617967606,100.0,139600,0.0,34704,-176.3013563156128,0.0003,-1.4416052382439375,0.022632118896581233,3.8429615199565887
1400,114,361.14932,1226,0.02590389922261238,100.0,140000,0.0,34800,-176.12957000732422,0.0003,0.5700687617063522,0.022681707399897277,3.7386668920516968
1404,114,360.90363,1229,0.025907419621944427,100.0,140400,0.0,34896,-176.3263454437256,0.0003,-2.68434732966125,0.02255311398766935,3.493466667830944
1408,114,360.30774,1233,0.025909844785928726,100.0,140800,0.0,34992,-176.307279586792,0.0003,0.15183654054999352,0.022454523597843945,3.6963222920894623
1412,114,360.47498,1237,0.025907929986715317,100.0,141200,0.0,35104,-176.58198165893555,0.0003,2.379519045352936,0.02243481937330216,3.2926279306411743
1416,114,358.85754,1240,0.025911200791597366,100.0,141600,0.0,35200,-176.79376125335693,0.0003,-0.10479205474257469,0.022526155808009207,3.6851539090275764
1420,114,358.90234,1244,0.025915037840604782,100.0,142000,0.0,35296,-176.91768550872803,0.0003,0.9172678887844086,0.022525715525262058,3.221208304166794
1424,114,359.17694,1247,0.02591402269899845,100.0,142400,0.0,35392,-176.66591548919678,0.0003,-0.5403752438724041,0.022512071416713297,4.095720395445824
1428,114,359.6948,1251,0.025909768417477608,100.0,142800,0.0,35504,-176.7539987564087,0.0003,3.5304109565913677,0.02248881314881146,3.6610459834337234
1432,114,358.9984,1255,0.025912953540682793,100.0,143200,0.0,35600,-177.17468166351318,0.0003,-1.561762671917677,0.02262933657038957,2.951355993747711
1436,114,358.8419,1258,0.025915881618857384,100.0,143600,0.0,35696,-176.92474174499512,0.0003,0.5435361675918102,0.022748012095689774,4.2588647454977036
1440,114,359.32745,1261,0.025908755138516426,100.0,144000,0.0,35792,-177.37555503845215,0.0003,-1.0534066259860992,0.022877207258716226,3.4316293597221375
1444,114,358.92938,1265,0.025913121178746223,100.0,144400,0.0,35904,-177.31817436218262,0.0003,3.0011694841086864,0.02294290333520621,3.6399948447942734
1448,114,359.86472,1268,0.025916077196598053,100.0,144800,0.0,36000,-177.4367733001709,0.0003,-0.663152078166604,0.022918241214938462,3.64914807677269
1452,114,359.69666,1272,0.02591187320649624,100.0,145200,0.0,36096,-177.24797916412354,0.0003,1.0296473875641823,0.022727158502675593,4.4951570481061935
1456,114,359.63684,1276,0.025907624512910843,100.0,145600,0.0,36192,-177.54612636566162,0.0003,-1.8845758736133575,0.022822916158474982,3.0102724730968475
1460,114,361.08932,1280,0.025909295305609703,100.0,146000,0.0,36304,-177.42372703552246,0.0003,2.8922021500766277,0.022822068887762725,3.4067349433898926
1464,114,361.522,1283,0.025913992896676064,100.0,146400,0.0,36400,-177.27731037139893,0.0003,7.513625744730234,0.02291260741185397,3.735394775867462
1468,114,360.9327,1286,0.02591719850897789,100.0,146800,0.0,36496,-177.47936534881592,0.0003,0.05348716489970684,0.02317098993808031,3.7883335947990417
1472,114,361.57077,1290,0.0259216520935297,100.0,147200,0.0,36592,-177.33193969726562,0.0003,-0.08691364713013172,0.023341946536675096,2.9673083275556564
1476,114,361.6196,1293,0.02592143788933754,100.0,147600,0.0,36704,-177.6881618499756,0.0003,-1.048713119700551,0.023371089482679963,3.8450825810432434
1480,114,359.8111,1297,0.0259238313883543,100.0,148000,0.0,36800,-177.71095848083496,0.0003,-0.20031225122511387,0.023391233989968896,3.896757960319519
1484,114,359.27066,1300,0.02592768892645836,100.0,148400,0.0,36896,-177.78717613220215,0.0003,1.323850106447935,0.02349465899169445,3.633365459740162
1488,114,359.0995,1304,0.025923239067196846,100.0,148800,0.0,36992,-178.1315279006958,0.0003,0.8580854684114456,0.023481311392970383,3.239176481962204
1492,114,357.74228,1308,0.025924332439899445,100.0,149200,0.0,37104,-177.95034885406494,0.0003,-2.1153670586645603,0.023721909732557833,3.452809065580368
1496,114,357.31937,1311,0.025929128751158714,100.0,149600,0.0,37200,-178.30279064178467,0.0003,1.0551518574357033,0.02388017566408962,3.58965927362442
1500,114,357.29636,1314,0.025932203978300095,100.0,150000,0.0,37296,-178.12551498413086,0.0003,-1.1751132756471634,0.023959975689649582,3.421382188796997
1504,114,356.9947,1318,0.02593262866139412,100.0,150400,0.0,37392,-178.32598876953125,0.0003,-0.027381177991628647,0.023947867681272328,3.710211396217346
1508,114,357.9323,1322,0.02593318186700344,100.0,150800,0.0,37504,-178.16842079162598,0.0003,0.11218024045228958,0.023947992827743292,3.263677179813385
1512,114,357.7088,1325,0.025935228914022446,100.0,151200,0.0,37600,-178.46799755096436,0.0003,0.7286790451034904,0.023877235362306237,3.502794072031975
1516,114,358.67676,1329,0.02593952976167202,100.0,151600,0.0,37696,-178.22845554351807,0.0003,2.1436218470335007,0.02388058474753052,3.268138349056244
1520,114,358.48767,1332,0.025937044993042946,100.0,152000,0.0,37792,-178.32495594024658,0.0003,-1.5767215341329575,0.023925183108076453,3.8355841785669327
1524,114,358.14175,1336,0.025942841544747353,100.0,152400,0.0,37904,-178.55345916748047,0.0003,3.221316508948803,0.02403508743736893,3.80575792491436
1528,114,358.70615,1339,0.02594335749745369,100.0,152800,0.0,38000,-178.3168239593506,0.0003,-0.4707895591855049,0.02417038392741233,3.12770064920187
1532,114,359.5501,1342,0.025948775932192802,100.0,153200,0.0,38096,-178.56283473968506,0.0003,-0.5450360924005508,0.02427549648564309,3.772801324725151
1536,114,359.59073,1346,0.025950897485017776,100.0,153600,0.0,38192,-178.7112216949463,0.0003,-1.2189054787158966,0.024307912099175155,3.258446618914604
1540,114,359.59445,1350,0.025953831151127815,100.0,154000,0.0,38304,-178.74940872192383,0.0003,-1.357542086392641,0.0242117487359792,3.2674767822027206
1544,114,360.10822,1354,0.025950180366635323,100.0,154400,0.0,38400,-179.12765789031982,0.0003,-1.0862679183483124,0.024121623020619154,3.601890414953232
1548,114,360.16806,1357,0.02595520205795765,100.0,154800,0.0,38496,-178.9239320755005,0.0003,0.4745990037918091,0.024118886911310256,3.163099691271782
1552,113,360.49118,1361,0.025956828147172928,100.0,155200,0.0,38592,-179.01114082336426,0.0003,-1.0360507043078542,0.024130405276082456,2.951186090707779
1556,113,359.7355,1364,0.02596215344965458,100.0,155600,0.0,38704,-179.1343536376953,0.0003,0.2914104796946049,0.024158085696399212,3.3074893802404404
1560,114,359.43878,1368,0.025961516425013542,100.0,156000,0.0,38800,-179.20114994049072,0.0003,-3.314810274168849,0.0239969901740551,2.9033072143793106
1564,114,358.8073,1371,0.025957239791750908,100.0,156400,0.0,38896,-179.50895977020264,0.0003,-1.8644373323768377,0.023860799032263458,2.737371489405632
1568,114,359.98816,1375,0.025964180007576942,100.0,156800,0.0,38992,-179.57940483093262,0.0003,1.2795847952365875,0.023919700528495014,2.8324307799339294
1572,113,359.8751,1379,0.02596619538962841,100.0,157200,0.0,39104,-179.50462245941162,0.0003,0.09225130081176758,0.023878634558059275,3.1682043224573135
1576,113,359.305,1382,0.025964422151446342,100.0,157600,0.0,39200,-179.62522506713867,0.0003,1.2350564990192652,0.02392288821283728,2.7734330147504807
1580,113,360.16653,1386,0.025969484820961952,100.0,158000,0.0,39296,-179.67678833007812,0.0003,-1.5415824903175235,0.02392980840522796,2.9011213183403015
1584,114,360.91812,1389,0.025970477610826492,100.0,158400,0.0,39392,-179.76307010650635,0.0003,-1.3292525354772806,0.023805671837180853,3.3198876306414604
1588,113,359.6655,1393,0.02596450038254261,100.0,158800,0.0,39504,-180.24361419677734,0.0003,1.3359224200248718,0.02381444605998695,2.8288672491908073
1592,113,360.7109,1396,0.02596455253660679,100.0,159200,0.0,39600,-179.99105644226074,0.0003,-2.477222543209791,0.02386871795170009,2.9927390217781067
1596,114,361.35602,1399,0.02596447803080082,100.0,159600,0.0,39696,-179.99928760528564,0.0003,0.6656477898359299,0.023784105549566448,3.147869810461998
1600,114,359.78427,1403,0.025965284556150436,100.0,160000,0.0,39792,-180.21806144714355,0.0003,-2.7567492220550776,0.023750800639390945,2.663480654358864
1604,114,360.65594,1406,0.025967037305235863,100.0,160400,0.0,39904,-180.2209529876709,0.0003,1.7579283975064754,0.0237562000984326,3.0488549917936325
1608,114,360.39883,1409,0.025963256135582924,100.0,160800,0.0,40000,-180.43014240264893,0.0003,-2.987003967165947,0.023732048575766385,2.7249429747462273
1612,114,360.81628,1413,0.025966491550207138,100.0,161200,0.0,40096,-180.5688600540161,0.0003,-1.4791950434446335,0.02375906053930521,2.540714405477047
1616,114,360.62482,1416,0.025965934619307518,100.0,161600,0.0,40192,-180.41417694091797,0.0003,-0.575181545689702,0.02381933096330613,3.055276468396187
1620,114,361.11554,1420,0.02596687339246273,100.0,162000,0.0,40304,-180.60366821289062,0.0003,1.2248010765761137,0.023954070871695876,2.470194987952709
1624,114,362.44788,1424,0.02596915327012539,100.0,162400,0.0,40400,-180.46879386901855,0.0003,-2.693996788933873,0.023990464280359447,2.795924946665764
1628,114,362.23468,1428,0.02596903033554554,100.0,162800,0.0,40496,-180.78471279144287,0.0003,-1.4705289714038372,0.023806532961316407,2.7762575298547745
1632,114,362.0245,1431,0.025973690673708916,100.0,163200,0.0,40592,-180.79357433319092,0.0003,-2.2277619168162346,0.023903687833808362,2.7181980162858963
1636,114,361.6375,1434,0.02597469463944435,100.0,163600,0.0,40704,-180.51758480072021,0.0003,-1.0594512484967709,0.02376873220782727,2.553698904812336
1640,114,361.86734,1438,0.025974374264478683,100.0,164000,0.0,40800,-180.69355010986328,0.0003,-0.7708311416208744,0.023701548809185624,2.5058207735419273
1644,114,362.13657,1441,0.02597135491669178,100.0,164400,0.0,40896,-180.75106716156006,0.0003,-0.6311930269002914,0.02369648322928697,2.7508601769804955
1648,114,362.17587,1444,0.025970717892050743,100.0,164800,0.0,40992,-181.01836013793945,0.0003,-3.959027521312237,0.023665124317631125,2.4657725766301155
1652,114,362.34262,1448,0.025973863899707794,100.0,165200,0.0,41104,-180.7821979522705,0.0003,-1.1713559767231345,0.02367015299387276,2.5976551920175552
1656,114,363.07184,1451,0.025978336110711098,100.0,165600,0.0,41200,-181.28260803222656,0.0003,-0.2503547891974449,0.023763606674037874,2.3017964884638786
1660,114,363.12527,1455,0.025976140052080154,100.0,166000,0.0,41296,-181.26352500915527,0.0003,0.37507677637040615,0.023682143539190292,2.6124161928892136
1664,114,364.0961,1458,0.02597820945084095,100.0,166400,0.0,41392,-180.83184909820557,0.0003,1.921643428504467,0.023662945488467813,2.887535482645035
1668,114,364.8426,1462,0.025979777798056602,100.0,166800,0.0,41504,-180.76159000396729,0.0003,-3.110878306441009,0.02370138408150524,2.4446252584457397
1672,114,364.37497,1465,0.025977831333875656,100.0,167200,0.0,41600,-181.01978206634521,0.0003,0.8376393392682076,0.023553356993943453,2.2527621760964394
1676,114,365.29202,1468,0.025980109348893166,100.0,167600,0.0,41696,-181.3727798461914,0.0003,-0.4200430363416672,0.023516907240264118,2.4124449118971825
1680,114,365.92352,1472,0.025980379432439804,100.0,168000,0.0,41792,-181.1831512451172,0.0003,-0.6786685679107904,0.023420167271979153,2.622703157365322
1684,114,365.2471,1475,0.025977810844779015,100.0,168400,0.0,41904,-181.0597152709961,0.0003,-3.5827693874016404,0.023255552747286856,2.291214808821678
1688,114,366.98602,1479,0.02598031982779503,100.0,168800,0.0,42000,-181.2389841079712,0.0003,-0.8146042916923761,0.023170462576672435,2.31784887611866
1692,114,366.83847,1482,0.02598293498158455,100.0,169200,0.0,42096,-181.4037570953369,0.0003,-1.3592452853918076,0.022931368555873632,2.35647489130497
1696,114,367.11044,1485,0.025978844612836838,100.0,169600,0.0,42192,-181.56013679504395,0.0003,-0.23835895583033562,0.02282773854676634,2.42188972979784
1700,114,368.09766,1489,0.025982214137911797,100.0,170000,0.0,42304,-181.48501777648926,0.0003,-0.5107877850532532,0.022767463698983192,2.38875899463892
1704,114,368.30548,1493,0.025979500263929367,100.0,170400,0.0,42400,-181.46950912475586,0.0003,-1.8073365688323975,0.022613346693105996,2.4526118636131287
1708,114,368.5079,1496,0.025977883487939835,100.0,170800,0.0,42496,-181.50480365753174,0.0003,0.13783115148544312,0.022490739356726408,2.542294107377529
1712,114,368.7316,1499,0.025978928431868553,100.0,171200,0.0,42592,-181.8978624343872,0.0003,-0.4863603077828884,0.02248851058539003,2.2325963228940964
1716,114,368.59036,1503,0.02598053403198719,100.0,171600,0.0,42704,-181.53843879699707,0.0003,-3.381939470767975,0.022262279177084565,2.4951754808425903
1720,114,369.10883,1506,0.02598198875784874,100.0,172000,0.0,42800,-181.46747207641602,0.0003,-2.572791874408722,0.022078418522141874,2.1174060702323914
1724,114,367.67908,1510,0.02597951702773571,100.0,172400,0.0,42896,-181.87093830108643,0.0003,-0.05804886855185032,0.021991825429722667,2.140841357409954
1728,114,367.5734,1513,0.025976819917559624,100.0,172800,0.0,42992,-181.77188777923584,0.0003,-3.03875619918108,0.021877576014958322,2.1095709279179573
1732,114,368.41922,1517,0.02597559429705143,100.0,173200,0.0,43104,-181.9193992614746,0.0003,-1.1163452649489045,0.021860548993572593,2.2710173055529594
1736,114,368.60175,1520,0.02597612328827381,100.0,173600,0.0,43200,-181.80597400665283,0.0003,-3.9052728805691004,0.021821253933012486,2.213824912905693
1740,114,367.51376,1523,0.02598428912460804,100.0,174000,0.0,43296,-181.7570562362671,0.0003,-0.26279199309647083,0.02167734515387565,2.0530400946736336
1744,114,367.47,1527,0.025980252772569656,100.0,174400,0.0,43392,-181.79432582855225,0.0003,-0.12231358885765076,0.021550875739194453,2.237388551235199
1748,114,367.59665,1530,0.025978993624448776,100.0,174800,0.0,43504,-182.1551914215088,0.0003,-1.9130237437784672,0.02148634591139853,2.2153920754790306
1752,114,367.07605,1534,0.025977615267038345,100.0,175200,0.0,43600,-182.1854124069214,0.0003,1.4338835068047047,0.021358178579248488,2.0758058577775955
1756,114,367.46265,1537,0.025977127254009247,100.0,175600,0.0,43696,-182.14936637878418,0.0003,-3.9060589857399464,0.021203557844273746,1.9839973524212837
1760,114,366.817,1540,0.025976505130529404,100.0,176000,0.0,43792,-181.96298217773438,0.0003,-3.307816244661808,0.02098098094575107,2.1782659888267517
1764,114,366.82495,1544,0.02597690373659134,100.0,176400,0.0,43904,-182.01613903045654,0.0003,1.6932630836963654,0.020854984992183745,2.027416802942753
1768,114,366.57785,1547,0.02597770281136036,100.0,176800,0.0,44000,-182.26790142059326,0.0003,3.4217201359570026,0.02088546263985336,2.7853070572018623
1772,114,367.3827,1551,0.02597864530980587,100.0,177200,0.0,44096,-182.33332633972168,0.0003,-1.3221302945166826,0.02085273526608944,2.34478659927845
1776,114,367.82462,1555,0.02598206326365471,100.0,177600,0.0,44192,-182.30460357666016,0.0003,-0.3707539811730385,0.02080366644077003,2.5437318608164787
1780,114,367.93442,1558,0.025981087237596512,100.0,178000,0.0,44304,-182.2741289138794,0.0003,-0.5572297461330891,0.020692513906396925,2.100107915699482
1784,114,368.85983,1562,0.02597854472696781,100.0,178400,0.0,44400,-182.69057273864746,0.0003,2.1300723999738693,0.02058457664679736,2.156988173723221
1788,114,367.56375,1565,0.025977952405810356,100.0,178800,0.0,44496,-182.27188205718994,0.0003,-0.197970574721694,0.020540403784252703,2.1954057291150093
1792,114,367.46378,1569,0.025980563834309578,100.0,179200,0.0,44592,-182.4701156616211,0.0003,-0.12087854370474815,0.020535204675979912,1.9012693986296654
1796,114,368.5527,1573,0.025983359664678574,100.0,179600,0.0,44704,-182.4857473373413,0.0003,-1.538732996210456,0.020592061919160187,1.827776350080967
1800,114,368.34305,1577,0.02598346583545208,100.0,180000,0.0,44800,-182.5821304321289,0.0003,-2.1351195257157087,0.020575026399455965,2.473984844982624
1804,114,368.0367,1580,0.025980213657021523,100.0,180400,0.0,44896,-182.37692260742188,0.0003,0.27151173166930676,0.02040908159688115,2.1960896253585815
1808,114,367.34644,1583,0.02598203532397747,100.0,180800,0.0,44992,-182.73412609100342,0.0003,0.08807425480335951,0.020378292188979685,1.9294384643435478
1812,114,367.0127,1587,0.025984469801187515,100.0,181200,0.0,45104,-182.5038366317749,0.0003,-2.7498103827238083,0.020224552717991173,2.129899226129055
1816,114,368.76843,1590,0.025983598083257675,100.0,181600,0.0,45200,-182.70453929901123,0.0003,-2.050989391282201,0.020144794951193035,1.8005995005369186
1820,114,368.508,1594,0.02598450519144535,100.0,182000,0.0,45296,-182.8679428100586,0.0003,-1.7316384874284267,0.01997765339910984,2.463314466178417
1824,114,370.46664,1598,0.02598041482269764,100.0,182400,0.0,45392,-182.90184116363525,0.0003,-1.39942872710526,0.01974252425134182,1.8207870423793793
1828,114,369.84204,1602,0.025980090722441673,100.0,182800,0.0,45504,-183.13806819915771,0.0003,-2.2042213901877403,0.0196660136571154,2.0758751556277275
1832,114,369.22903,1606,0.025979185476899147,100.0,183200,0.0,45600,-182.94693756103516,0.0003,1.9574585892260075,0.019651236827485263,2.365820623934269
1836,114,369.50443,1610,0.025982936844229698,100.0,183600,0.0,45696,-183.1259412765503,0.0003,-2.8593640737235546,0.01970950933173299,1.854002945125103
1840,113,370.18958,1614,0.025985725224018097,100.0,184000,0.0,45792,-183.00736141204834,0.0003,-3.1760006099939346,0.019565806607715786,1.8775837793946266
1844,113,368.1035,1617,0.02598484419286251,100.0,184400,0.0,45904,-183.35766506195068,0.0003,-1.778725616633892,0.019357744371518493,2.0402905642986298
1848,113,366.5261,1621,0.025983238592743874,100.0,184800,0.0,46000,-183.06924533843994,0.0003,0.9151833802461624,0.019288025214336812,1.8569575101137161
1852,113,367.04224,1624,0.025981159880757332,100.0,185200,0.0,46096,-183.2612066268921,0.0003,0.807171082124114,0.01920336065813899,1.9319082647562027
1856,113,367.20538,1629,0.025980668142437935,100.0,185600,0.0,46192,-183.31596183776855,0.0003,-3.064218590967357,0.01918429450597614,1.9844979867339134
1860,113,367.4327,1633,0.025979815050959587,100.0,186000,0.0,46304,-183.20993995666504,0.0003,0.893707200884819,0.019118534051813185,1.8998592644929886
1864,113,368.09598,1636,0.025976790115237236,100.0,186400,0.0,46400,-183.4237575531006,0.0003,1.0939771682024002,0.019041438354179263,2.779973104596138
1868,113,366.62463,1640,0.025978032499551773,100.0,186800,0.0,46496,-183.0771074295044,0.0003,-0.39129671454429626,0.01925550028681755,2.2530354261398315
1872,113,366.36462,1643,0.025975964963436127,100.0,187200,0.0,46592,-183.50027084350586,0.0003,-2.699312523007393,0.019254310289397836,2.0347326919436455
1876,113,367.00903,1647,0.025976885110139847,100.0,187600,0.0,46704,-183.6298589706421,0.0003,-2.332109622657299,0.019236143096350133,1.8965943604707718
1880,113,367.4926,1651,0.025979511439800262,100.0,188000,0.0,46800,-183.2611665725708,0.0003,0.38813294656574726,0.019275084603577852,1.9541936069726944
1884,113,367.41077,1656,0.025981130078434944,100.0,188400,0.0,46896,-183.60097408294678,0.0003,-2.5423611998558044,0.01922975806519389,1.7767574489116669
1888,113,368.1649,1659,0.02598455175757408,100.0,188800,0.0,46992,-183.91548538208008,0.0003,-0.4041243074461818,0.01917632552795112,1.8655165284872055
1892,113,368.27902,1663,0.025987064465880394,100.0,189200,0.0,47104,-183.68234634399414,0.0003,4.245825380086899,0.01916560111567378,2.000842459499836
1896,113,367.36267,1666,0.025992538779973984,100.0,189600,0.0,47200,-183.8289966583252,0.0003,-2.380811071023345,0.01921079366002232,1.9744603484869003
1900,113,368.64575,1670,0.025990677997469902,100.0,190000,0.0,47296,-183.90657329559326,0.0003,-0.7160135079175234,0.019119783188216388,1.9234958291053772
1904,113,368.94785,1674,0.025993099436163902,100.0,190400,0.0,47392,-184.24996948242188,0.0003,-3.147684123367071,0.019085617852397263,1.5798549577593803
1908,113,369.53937,1678,0.025994352996349335,100.0,190800,0.0,47504,-184.0566110610962,0.0003,-1.2868005335330963,0.01895043603144586,1.6389631852507591
1912,113,368.97025,1682,0.025993548333644867,100.0,191200,0.0,47600,-184.3461217880249,0.0003,-1.209524848498404,0.018766645225696266,1.6929421350359917
1916,113,368.262,1685,0.02599775418639183,100.0,191600,0.0,47696,-184.3191738128662,0.0003,0.011179077439010143,0.018724538735114038,1.719834454357624
1920,113,367.93176,1689,0.02600105293095112,100.0,192000,0.0,47792,-184.17484188079834,0.0003,-2.450390003621578,0.01861451251897961,1.7311161532998085
1924,113,366.01294,1693,0.02599904127418995,100.0,192400,0.0,47904,-184.57820510864258,0.0003,1.9894559234380722,0.018396780360490084,1.765316903591156
1928,113,366.7051,1696,0.02600230649113655,100.0,192800,0.0,48000,-184.230224609375,0.0003,-0.2988562025129795,0.01834439719095826,2.1298940777778625
1932,113,367.19196,1699,0.026005173102021217,100.0,193200,0.0,48096,-184.2784299850464,0.0003,0.454035721719265,0.01830713404342532,1.8273242264986038
1936,113,367.17215,1703,0.026004690676927567,100.0,193600,0.0,48192,-184.63458251953125,0.0003,-2.44348381459713,0.018173865973949432,1.668435961008072
1940,113,366.71872,1707,0.02600128762423992,100.0,194000,0.0,48304,-184.7085599899292,0.0003,-1.4317981228232384,0.017982743098400533,1.5367197319865227
1944,113,367.16068,1710,0.026004992425441742,100.0,194400,0.0,48400,-184.52122402191162,0.0003,-2.226287643890828,0.01789171586278826,1.9085620120167732
1948,113,368.56012,1714,0.026001548394560814,100.0,194800,0.0,48496,-184.42638492584229,0.0003,-0.2913465090095997,0.017826801748014987,2.024517297744751
1952,113,368.77097,1718,0.02599792368710041,100.0,195200,0.0,48592,-184.49482250213623,0.0003,-3.6346928402781487,0.01766199548728764,1.5691889747977257
1956,113,368.45145,1722,0.025999946519732475,100.0,195600,0.0,48704,-184.62256526947021,0.0003,-2.389171803370118,0.01749879273120314,1.5244059935212135
1960,113,367.94275,1726,0.026001285761594772,100.0,196000,0.0,48800,-184.63194274902344,0.0003,-0.5223449915647507,0.017395764007233083,1.874798722565174
1964,113,368.0346,1730,0.026003116741776466,100.0,196400,0.0,48896,-184.59695053100586,0.0003,-3.866518061608076,0.0174898577388376,2.4418816342949867
1968,113,367.05975,1733,0.02600439079105854,100.0,196800,0.0,48992,-184.25519180297852,0.0003,6.534351631999016,0.017706435057334602,3.0919188261032104
1972,113,365.5533,1737,0.026008088141679764,100.0,197200,0.0,49104,-184.17499923706055,0.0003,-2.2800042629241943,0.017860268824733794,1.9838895052671432
1976,113,364.17828,1741,0.026010077446699142,100.0,197600,0.0,49200,-184.57755947113037,0.0003,-2.9344989843666553,0.01775823999196291,2.0240222066640854
1980,113,362.8275,1744,0.026008201763033867,100.0,198000,0.0,49296,-184.50509548187256,0.0003,-2.159121749922633,0.017576659680344164,1.9493532553315163
1984,113,362.9941,1748,0.026005620136857033,100.0,198400,0.0,49392,-184.39307689666748,0.0003,-5.909683653153479,0.017350765992887318,1.908446080982685
1988,113,363.0368,1751,0.02600594237446785,100.0,198800,0.0,49504,-184.7122049331665,0.0003,-4.186460722237825,0.017176506342366338,1.770480252802372
1992,113,362.78772,1755,0.02600197307765484,100.0,199200,0.0,49600,-184.4944314956665,0.0003,-3.2437788136303425,0.016954178689047694,1.712046928703785
1996,113,361.03986,1759,0.025999972596764565,100.0,199600,0.0,49696,-184.754150390625,0.0003,-0.02739650569856167,0.016874099033884704,1.613852620124817
2000,113,359.6352,1762,0.025995783507823944,100.0,200000,0.0,49792,-184.6137981414795,0.0003,-3.3973065689206123,0.016724793938919902,1.8885230123996735
2004,113,359.61575,1766,0.025993583723902702,100.0,200400,0.0,49904,-184.4719638824463,0.0003,-4.6618055664002895,0.016601130831986666,1.9310526698827744
2008,113,359.40714,1769,0.02599113993346691,100.0,200800,0.0,50000,-184.39567947387695,0.0003,0.9975229743868113,0.016422017593868077,1.8811515420675278
2012,113,359.91754,1773,0.02599348872900009,100.0,201200,0.0,50096,-184.48218631744385,0.0003,-5.374313855543733,0.01636317349039018,1.590469054877758
2016,113,359.41467,1777,0.02599276788532734,100.0,201600,0.0,50192,-184.88351154327393,0.0003,-4.040994990617037,0.016243879799731076,1.7241236716508865
2020,113,358.9039,1780,0.02599038928747177,100.0,202000,0.0,50304,-184.46502304077148,0.0003,-3.4303607381880283,0.01604806096293032,1.9283955842256546
2024,113,360.16284,1784,0.025988729670643806,100.0,202400,0.0,50400,-184.3126678466797,0.0003,-1.0487327948212624,0.015894504846073687,1.9047016203403473
2028,113,360.3853,1788,0.025987494736909866,100.0,202800,0.0,50496,-184.51943111419678,0.0003,-2.9374326653778553,0.015786294359713793,1.623123660683632
2032,113,359.68753,1792,0.02599085494875908,100.0,203200,0.0,50592,-184.5063772201538,0.0003,-0.5215692110359669,0.01583227515220642,2.046355791389942
2036,113,359.39066,1795,0.025989098474383354,100.0,203600,0.0,50704,-184.53093338012695,0.0003,-0.7904111035168171,0.01574445387814194,1.6618443429470062
2040,113,359.46106,1799,0.025990035384893417,100.0,204000,0.0,50800,-184.76470184326172,0.0003,-3.3518998362123966,0.015640504891052842,1.6780408397316933
2044,113,360.4556,1802,0.025988660752773285,100.0,204400,0.0,50896,-184.89820957183838,0.0003,-0.2640106827020645,0.01564774918369949,1.7722669392824173
2048,113,361.8988,1806,0.025991253554821014,100.0,204800,0.0,50992,-184.78311443328857,0.0003,2.645443707704544,0.015801264089532197,1.9257884472608566
2052,113,361.49106,1810,0.02598223276436329,100.0,205200,0.0,51104,-184.9355640411377,0.0003,-0.38364146649837494,0.015670715481974185,1.783527635037899
2056,113,360.66238,1813,0.025980984792113304,100.0,205600,0.0,51200,-184.79930973052979,0.0003,1.5116669330745935,0.01578058721497655,1.794345185160637
2060,113,361.4715,1817,0.02598184533417225,100.0,206000,0.0,51296,-184.96331787109375,0.0003,-1.1242193058133125,0.01573149871546775,2.205902099609375
2064,113,360.43903,1820,0.025982193648815155,100.0,206400,0.0,51392,-185.0405101776123,0.0003,-5.607281655073166,0.015585642657242715,1.7568100690841675
2068,113,362.17142,1824,0.02598469890654087,100.0,206800,0.0,51504,-185.20756149291992,0.0003,6.637034144252539,0.015517266117967665,2.367609456181526
2072,113,362.57404,1827,0.025984831154346466,100.0,207200,0.0,51600,-185.22894477844238,0.0003,1.481030061841011,0.015659715398214757,2.0315585508942604
2076,113,362.66156,1831,0.025976013392210007,100.0,207600,0.0,51696,-185.5584192276001,0.0003,2.037585899233818,0.015694742905907333,2.208042412996292
2080,113,362.7511,1834,0.025978637859225273,100.0,208000,0.0,51792,-185.82630062103271,0.0003,0.608895355835557,0.015918246703222394,2.452988363802433
2084,113,363.0939,1838,0.025976989418268204,100.0,208400,0.0,51904,-185.5392723083496,0.0003,4.249576857313514,0.016166515415534377,2.033106565475464
2088,113,363.28226,1841,0.025979237630963326,100.0,208800,0.0,52000,-185.62370014190674,0.0003,1.438510561361909,0.01622922415845096,1.8381559699773788
2092,113,363.86005,1844,0.025975637137889862,100.0,209200,0.0,52096,-185.7918872833252,0.0003,0.7700691595673561,0.016151785966940224,2.437428466975689
2096,113,366.51465,1848,0.02597765065729618,100.0,209600,0.0,52192,-185.39915084838867,0.0003,2.350622585043311,0.016197980963625014,2.3729102462530136
2100,113,367.79254,1853,0.025977589190006256,100.0,210000,0.0,52304,-185.91593074798584,0.0003,2.1236052252352238,0.016357364831492305,1.777439907193184
2104,113,367.59134,1856,0.025975827127695084,100.0,210400,0.0,52400,-186.08879566192627,0.0003,-0.7158731147646904,0.016491477261297405,2.1167202293872833
2108,113,367.31247,1859,0.025979258120059967,100.0,210800,0.0,52496,-186.15229415893555,0.0003,-1.7602038383483887,0.016537917428649962,2.069371186196804
2112,113,366.81192,1863,0.02597755379974842,100.0,211200,0.0,52592,-185.7011432647705,0.0003,5.007501929998398,0.01653881382662803,2.690099574625492
2116,113,366.25668,1866,0.025983544066548347,100.0,211600,0.0,52704,-186.16388130187988,0.0003,1.447071135044098,0.0168826375156641,2.110896587371826
2120,113,366.56528,1870,0.025986772030591965,100.0,212000,0.0,52800,-186.81997966766357,0.0003,3.369441717863083,0.017060637241229415,5.086356520652771
2124,113,360.0184,1873,0.025982214137911797,100.0,212400,0.0,52896,-187.24310779571533,0.0003,2.4509287253022194,0.017388761625625193,3.1265153735876083
2128,113,356.59293,1876,0.025973668321967125,100.0,212800,0.0,52992,-188.05230903625488,0.0003,3.6656343527138233,0.017585759283974767,2.7283873558044434
2132,113,355.82977,1880,0.025978704914450645,100.0,213200,0.0,53104,-187.72737503051758,0.0003,1.4206793420016766,0.018061223905533552,2.1293606981635094
2136,113,355.51523,1884,0.025982359424233437,100.0,213600,0.0,53200,-187.90811729431152,0.0003,-1.162403754889965,0.018181900028139353,2.0992614403367043
2140,113,354.07126,1888,0.025980448350310326,100.0,214000,0.0,53296,-187.78598976135254,0.0003,0.5664451755583286,0.018086394062265754,2.0406190305948257
2144,113,354.31778,1891,0.02598419040441513,100.0,214400,0.0,53392,-187.4355115890503,0.0003,2.7073148116469383,0.01813758653588593,2.4072100669145584
2148,113,353.33914,1895,0.0259845033288002,100.0,214800,0.0,53504,-187.7428436279297,0.0003,-0.9524566121399403,0.018251708708703518,2.3251708149909973
2152,113,353.44464,1900,0.02598508819937706,100.0,215200,0.0,53600,-187.83960342407227,0.0003,0.567068200558424,0.018231537425890565,2.3241747096180916
2156,113,354.0755,1903,0.025982718914747238,100.0,215600,0.0,53696,-187.45381832122803,0.0003,4.509979814291,0.018353535560891032,2.417992226779461
2160,113,353.84473,1907,0.025989022105932236,100.0,216000,0.0,53792,-187.91392135620117,0.0003,-1.9443210791796446,0.01843290007673204,1.9233393892645836
2164,113,353.48758,1911,0.02598617598414421,100.0,216400,0.0,53904,-187.68280792236328,0.0003,2.8704584538936615,0.018438228173181415,2.1060907915234566
2168,113,354.1394,1914,0.025991441681981087,100.0,216800,0.0,54000,-187.94610404968262,0.0003,-2.1840128414332867,0.018543293699622154,2.2657634615898132
2172,113,355.32632,1918,0.025987764820456505,100.0,217200,0.0,54096,-188.12047386169434,0.0003,-0.8099352866411209,0.018477824050933123,2.230895198881626
2176,113,355.11694,1921,0.025987917557358742,100.0,217600,0.0,54192,-188.05742263793945,0.0003,2.0100529938936234,0.018549619475379586,2.174906872212887
2180,113,356.4242,1925,0.025991173461079597,100.0,218000,0.0,54304,-188.04126453399658,0.0003,1.6720753815025091,0.018649896257556975,2.2919978722929955
2184,113,355.80487,1928,0.025993170216679573,100.0,218400,0.0,54400,-188.6193389892578,0.0003,-1.20935745164752,0.01877669314853847,2.910997211933136
2188,113,354.3793,1932,0.025994880124926567,100.0,218800,0.0,54496,-188.32203006744385,0.0003,4.146684972569346,0.018954121158458292,2.355354405939579
2192,113,355.24353,1936,0.02599629946053028,100.0,219200,0.0,54592,-188.28220558166504,0.0003,1.3701927326619625,0.01928516337648034,2.3456679210066795
2196,113,354.6323,1941,0.025994805619120598,100.0,219600,0.0,54704,-188.80532360076904,0.0003,0.4663163423538208,0.019279844942502677,2.5843501538038254
2200,113,353.8528,1945,0.02599865384399891,100.0,220000,0.0,54800,-188.86450386047363,0.0003,10.626080796122551,0.019465252524241805,3.9484777599573135
2204,113,354.05353,1950,0.02599962428212166,100.0,220400,0.0,54896,-188.47213554382324,0.0003,2.6920299604535103,0.020090485108084977,2.398451343178749
2208,113,353.05646,1953,0.026000123471021652,100.0,220800,0.0,54992,-189.21381759643555,0.0003,-0.053724899888038635,0.020130559452809393,3.377979665994644
2212,112,352.45862,1957,0.025999581441283226,100.0,221200,0.0,55104,-189.34650421142578,0.0003,0.33049507439136505,0.02028061170130968,2.638089656829834
2216,112,352.5304,1961,0.025992723181843758,100.0,221600,0.0,55200,-189.45807075500488,0.0003,-1.2041609045118093,0.020247279084287584,2.288669280707836
2220,112,352.85242,1965,0.025990210473537445,100.0,222000,0.0,55296,-189.22268104553223,0.0003,0.6049117352813482,0.020232695853337646,2.0656507685780525
2224,112,359.95944,1969,0.02599094994366169,100.0,222400,0.0,55392,-189.54104804992676,0.0003,-0.9767065700143576,0.020229526329785585,2.1418640539050102
2228,112,363.3541,1973,0.025987574830651283,100.0,222800,0.0,55504,-189.26432991027832,0.0003,-1.9855587892234325,0.020316407782956958,2.013475216925144
2232,112,364.818,1976,0.025989141315221786,100.0,223200,0.0,55600,-189.01062393188477,0.0003,3.1651035081595182,0.020329328603111207,2.3979404345154762
2236,112,365.9416,1980,0.02598891220986843,100.0,223600,0.0,55696,-189.03842449188232,0.0003,3.271560862660408,0.020402524038217962,2.6011651530861855
2240,112,366.09436,1983,0.02599288895726204,100.0,224000,0.0,55792,-189.38597106933594,0.0003,2.6248242296278477,0.0205902811139822,2.579098306596279
2244,112,365.76624,1987,0.025990912690758705,100.0,224400,0.0,55904,-188.67945957183838,0.0003,1.491946455091238,0.020703467424027622,2.363779827952385
2248,112,365.18887,1990,0.025992298498749733,100.0,224800,0.0,56000,-189.24538898468018,0.0003,-0.982709713280201,0.02081918704789132,2.3690332919359207
2252,112,365.05743,1994,0.025993842631578445,100.0,225200,0.0,56096,-189.6837387084961,0.0003,3.3663785085082054,0.020918120397254825,2.6522265821695328
2256,112,365.0879,1998,0.02600236050784588,100.0,225600,0.0,56192,-189.90799522399902,0.0003,1.7116545289754868,0.021172504755668342,2.220285952091217
2260,112,365.8167,2003,0.0260032769292593,100.0,226000,0.0,56304,-189.70546340942383,0.0003,1.9776202514767647,0.021388400113210082,1.8934207633137703
2264,112,365.588,2007,0.02600390836596489,100.0,226400,0.0,56400,-189.45891571044922,0.0003,-0.7250831695273519,0.02155708079226315,1.9351571649312973
2268,112,364.70508,2010,0.026004042476415634,100.0,226800,0.0,56496,-189.63360500335693,0.0003,-1.4442269317805767,0.02152033185120672,1.9781666323542595
2272,112,365.02457,2014,0.026005873456597328,100.0,227200,0.0,56592,-189.34286499023438,0.0003,-0.02217472344636917,0.02149987779557705,1.9535921066999435
2276,112,364.362,2018,0.02600848115980625,100.0,227600,0.0,56704,-189.33997917175293,0.0003,-1.8214347176253796,0.021416759467683733,2.050146095454693
2280,112,363.82437,2022,0.02600684016942978,100.0,228000,0.0,56800,-189.20601844787598,0.0003,-2.8732776902616024,0.021384171210229397,1.9442561864852905
2284,112,364.70007,2025,0.026008062064647675,100.0,228400,0.0,56896,-189.31101036071777,0.0003,-0.27930943109095097,0.021305718924850225,1.826293021440506
2288,112,365.98422,2029,0.02600843645632267,100.0,228800,0.0,56992,-189.24045944213867,0.0003,-2.6266446094959974,0.021209523314610124,2.7172566801309586
2292,112,365.30078,2033,0.02600770629942417,100.0,229200,0.0,57104,-189.36752796173096,0.0003,-1.1981121376156807,0.021101345075294375,2.0340770930051804
2296,112,365.76013,2037,0.026005389168858528,100.0,229600,0.0,57200,-189.39880275726318,0.0003,-5.732190832495689,0.021025142865255475,1.9152283892035484
2300,112,366.36353,2042,0.026002727448940277,100.0,230000,0.0,57296,-189.2927703857422,0.0003,-2.083923287689686,0.02084369515068829,2.1840410381555557
2304,112,366.785,2045,0.026003671810030937,100.0,230400,0.0,57392,-189.09228992462158,0.0003,-0.7861716598272324,0.020760286133736372,2.0889000967144966
2308,112,367.97964,2049,0.026004837825894356,100.0,230800,0.0,57504,-189.40128898620605,0.0003,-2.2738387063145638,0.02066483732778579,2.0253996178507805
2312,112,369.09933,2054,0.026005107909440994,100.0,231200,0.0,57600,-189.11288928985596,0.0003,1.0202274937182665,0.020515287294983864,1.9184437468647957
2316,112,370.20734,2057,0.026006288826465607,100.0,231600,0.0,57696,-189.50274753570557,0.0003,2.4437022153288126,0.020484316279180348,2.0922232568264008
2320,112,369.65775,2061,0.02601049281656742,100.0,232000,0.0,57792,-189.12619876861572,0.0003,-2.1048991177231073,0.020478268968872726,1.8159149736166
2324,112,369.94052,2065,0.02601606957614422,100.0,232400,0.0,57904,-189.43342208862305,0.0003,-1.4926303550601006,0.020479412865824997,1.9897847399115562
2328,112,369.06525,2068,0.026016922667622566,100.0,232800,0.0,58000,-189.4352798461914,0.0003,-1.4280085498467088,0.020344988210126758,1.9016602486371994
2332,112,369.0869,2072,0.02601652406156063,100.0,233200,0.0,58096,-189.2654914855957,0.0003,-0.8980730511248112,0.02029898844193667,2.2330865934491158
2336,112,369.76468,2077,0.026015810668468475,100.0,233600,0.0,58192,-189.18600273132324,0.0003,-0.543342612683773,0.02019047853536904,2.3691182509064674
2340,112,371.26602,2081,0.026012366637587547,100.0,234000,0.0,58304,-189.25233840942383,0.0003,-0.8537451969459653,0.019941686652600765,1.706303410232067
2344,112,370.28275,2084,0.026012124493718147,100.0,234400,0.0,58400,-189.34677124023438,0.0003,0.8586216843686998,0.019752333988435566,2.045840360224247
2348,112,370.53323,2087,0.0260190237313509,100.0,234800,0.0,58496,-189.3002805709839,0.0003,-1.5178874880075455,0.019681641017086804,1.79538694024086
2352,112,371.5815,2092,0.02601834014058113,100.0,235200,0.0,58592,-189.28368377685547,0.0003,-0.8121222741901875,0.019510030979290605,1.7162292525172234
2356,112,371.7351,2096,0.026021383702754974,100.0,235600,0.0,58704,-189.46230220794678,0.0003,-0.028076310642063618,0.01943460723850876,1.9782732650637627
2360,112,371.54733,2099,0.026020128279924393,100.0,236000,0.0,58800,-189.74435997009277,0.0003,-1.4130539447069168,0.01933608145918697,1.883016161620617
2364,112,372.99493,2103,0.026014011353254318,100.0,236400,0.0,58896,-189.34884643554688,0.0003,0.1444632988423109,0.01927123183850199,2.040372423827648
2368,112,373.87598,2107,0.02601546235382557,100.0,236800,0.0,58992,-189.2607307434082,0.0003,-1.5722660273313522,0.01919455116149038,1.9200036078691483
2372,112,373.565,2111,0.02601209469139576,100.0,237200,0.0,59104,-189.5411319732666,0.0003,-0.773698702454567,0.01905955618713051,1.8400817438960075
2376,112,374.67694,2115,0.0260118767619133,100.0,237600,0.0,59200,-189.3465976715088,0.0003,-2.2017502821981907,0.018996247788891196,1.6600573435425758
2380,112,373.30603,2118,0.026018032804131508,100.0,238000,0.0,59296,-189.38315105438232,0.0003,2.7552055530250072,0.018925313488580287,2.122743733227253
2384,112,372.9424,2122,0.02601415477693081,100.0,238400,0.0,59392,-189.05004215240479,0.0003,-0.6242663916200399,0.01886524388100952,2.3818836510181427
2388,112,373.5416,2126,0.026017751544713974,100.0,238800,0.0,59504,-189.12412357330322,0.0003,-0.2075013928115368,0.018868221202865243,2.1398140117526054
2392,112,372.99915,2129,0.02601662464439869,100.0,239200,0.0,59600,-189.64849090576172,0.0003,-1.0281287673860788,0.018731097923591733,1.8471471592783928
2396,112,372.19046,2133,0.026012582704424858,100.0,239600,0.0,59696,-189.36845684051514,0.0003,-0.3145965076982975,0.018731750082224607,2.0805895626544952
2400,112,371.47772,2137,0.026007836684584618,100.0,240000,0.0,59792,-189.54753303527832,0.0003,-2.649696722626686,0.01881104044150561,2.0051849484443665
2404,112,368.4916,2140,0.026009367778897285,100.0,240400,0.0,59904,-189.3995237350464,0.0003,-1.5489520505070686,0.018846921622753143,1.850100852549076
2408,112,367.63766,2144,0.026009077206254005,100.0,240800,0.0,60000,-189.83072662353516,0.0003,0.8040801212191582,0.018788279383443296,2.4644628316164017
2412,112,368.0451,2147,0.02600765787065029,100.0,241200,0.0,60096,-189.92101860046387,0.0003,5.133476376533508,0.018812864320352674,2.185310035943985
2416,112,367.4386,2151,0.02601081319153309,100.0,241600,0.0,60192,-189.5556764602661,0.0003,-0.28313492983579636,0.01905288884881884,2.2700573727488518
2420,112,367.94977,2154,0.02601269632577896,100.0,242000,0.0,60304,-189.4829387664795,0.0003,-1.015003614127636,0.019094468327239156,1.830810658633709
2424,112,366.93805,2158,0.02601112611591816,100.0,242400,0.0,60400,-189.25782775878906,0.0003,-0.904851695522666,0.018999107996933162,1.9163540229201317
2428,112,367.0713,2162,0.026009531691670418,100.0,242800,0.0,60496,-189.50592136383057,0.0003,-3.4743566513061523,0.01888160954695195,1.6355485767126083
2432,112,366.62637,2166,0.026007525622844696,100.0,243200,0.0,60592,-189.33176517486572,0.0003,1.273056048899889,0.01878477679565549,1.8639502301812172
2436,112,365.81052,2171,0.026007048785686493,100.0,243600,0.0,60704,-189.28755950927734,0.0003,-2.5567047987133265,0.01868716301396489,2.08020056784153
2440,112,365.57425,2175,0.026005005463957787,100.0,244000,0.0,60800,-189.42623043060303,0.0003,1.084944598376751,0.018728714901953936,2.8026661723852158
2444,112,367.68863,2179,0.026003940030932426,100.0,244400,0.0,60896,-189.9430513381958,0.0003,7.364074110984802,0.019094909075647593,2.2804587930440903
2448,112,367.07007,2183,0.02600567601621151,100.0,244800,0.0,60992,-189.85009670257568,0.0003,-1.281792864203453,0.01934167230501771,1.8389255329966545
2452,112,365.79614,2187,0.026001859456300735,100.0,245200,0.0,61104,-190.1128625869751,0.0003,0.6731951534748077,0.019237577100284398,1.9135996624827385
2456,112,365.76636,2191,0.026003511622548103,100.0,245600,0.0,61200,-189.8275203704834,0.0003,-1.7391060255467892,0.01934920682106167,2.074037082493305
2460,112,365.2698,2195,0.02600397914648056,100.0,246000,0.0,61296,-190.03647232055664,0.0003,-1.0660522431135178,0.019260309054516256,1.7663717940449715
2464,112,365.71222,2199,0.026006506755948067,100.0,246400,0.0,61392,-190.06036376953125,0.0003,1.9570365473628044,0.019375561736524105,1.819914497435093
2468,112,365.50504,2203,0.026008207350969315,100.0,246800,0.0,61504,-190.09856986999512,0.0003,0.3042967915534973,0.019504297408275306,1.7240804433822632
2472,112,363.8298,2206,0.02600575052201748,100.0,247200,0.0,61600,-190.12322902679443,0.0003,-0.45843101292848587,0.01971158618107438,2.0574076175689697
2476,112,364.28488,2210,0.02600695937871933,100.0,247600,0.0,61696,-190.01129627227783,0.0003,2.056316837668419,0.01985424116719514,1.800715520977974
2480,112,365.46567,2214,0.026006443426012993,100.0,248000,0.0,61792,-189.6715383529663,0.0003,0.9232625514268875,0.020032280357554555,2.021294467151165
2484,111,365.21954,2218,0.02601107582449913,100.0,248400,0.0,61904,-189.70321464538574,0.0003,-1.3941721990704536,0.02020585269201547,2.1700602546334267
2488,111,364.8749,2221,0.026014838367700577,100.0,248800,0.0,62000,-189.9795045852661,0.0003,-2.244601270183921,0.02016237936913967,1.9118567481637
2492,111,364.2729,2225,0.026012279093265533,100.0,249200,0.0,62096,-189.95433807373047,0.0003,1.8093813806772232,0.020062544965185225,2.2263157442212105
2496,111,364.2917,2229,0.02601679414510727,100.0,249600,0.0,62192,-190.2342185974121,0.0003,1.013591943308711,0.020012415130622685,2.179476372897625
2500,111,364.4992,2233,0.02602054923772812,100.0,250000,0.0,62304,-189.9469051361084,0.0003,-0.6571510285139084,0.020007907412946224,1.928456924855709
2504,111,367.0666,2237,0.02601526863873005,100.0,250400,0.0,62400,-190.37079429626465,0.0003,2.61410441249609,0.019847799907438457,1.9422822520136833
2508,111,367.87558,2240,0.026014277711510658,100.0,250800,0.0,62496,-189.82636833190918,0.0003,-1.4312192406505346,0.019709878251887858,1.8419815227389336
2512,111,366.47824,2244,0.02602161280810833,100.0,251200,0.0,62592,-189.85013103485107,0.0003,1.448943167924881,0.019744229852221906,2.515111520886421
2516,111,367.40414,2248,0.02602751925587654,100.0,251600,0.0,62704,-190.18310832977295,0.0003,-0.2502601519227028,0.019838225794956088,1.7745992466807365
2520,111,367.73483,2252,0.026024509221315384,100.0,252000,0.0,62800,-190.07561016082764,0.0003,-2.4479873199015856,0.019673756789416075,2.1160610616207123
2524,111,367.64227,2255,0.026021810248494148,100.0,252400,0.0,62896,-190.11136722564697,0.0003,-0.42547079734504223,0.01954132178798318,1.6828012317419052
2528,111,368.19684,2259,0.026019105687737465,100.0,252800,0.0,62992,-190.15927124023438,0.0003,-0.28909141570329666,0.019480979768559337,1.817286916077137
2532,111,366.54758,2263,0.026017555966973305,100.0,253200,0.0,63104,-190.15748500823975,0.0003,-1.1766627971082926,0.01961263851262629,1.8515547215938568
2536,111,364.50015,2266,0.026017816737294197,100.0,253600,0.0,63200,-190.01124954223633,0.0003,-1.0702855419367552,0.019609977724030614,1.7751826494932175
2540,111,363.6279,2270,0.026016633957624435,100.0,254000,0.0,63296,-190.1158571243286,0.0003,-0.08626539073884487,0.019638640456832945,1.8278856053948402
2544,111,362.2199,2274,0.026018505915999413,100.0,254400,0.0,63392,-189.92451667785645,0.0003,4.553954180330038,0.019730795174837112,1.884199172258377
2548,111,363.10962,2278,0.026021234691143036,100.0,254800,0.0,63504,-189.45638465881348,0.0003,1.977858942002058,0.019962734426371753,2.334466464817524
2552,111,362.465,2282,0.0260307714343071,100.0,255200,0.0,63600,-190.44911098480225,0.0003,0.7683175392448902,0.020023098215460777,1.849995955824852
2556,111,362.58878,2285,0.026037979871034622,100.0,255600,0.0,63696,-190.28466796875,0.0003,-1.3101280815899372,0.02017313113901764,2.0639887005090714
2560,111,361.75372,2290,0.02604193240404129,100.0,256000,0.0,63792,-189.81204414367676,0.0003,4.392819192260504,0.020185139030218124,2.585134357213974
2564,111,359.6999,2294,0.02603888139128685,100.0,256400,0.0,63904,-189.75539112091064,0.0003,4.14484578371048,0.020431550103239715,6.392925024032593
2568,111,356.15204,2297,0.026032840833067894,100.0,256800,0.0,64000,-190.2070608139038,0.0003,5.747928112745285,0.021069001057185233,4.153968393802643
2572,111,356.7094,2302,0.026048164814710617,100.0,257200,0.0,64096,-191.30181217193604,0.0003,6.809284765273333,0.02171011664904654,3.338412493467331
2576,111,356.7003,2306,0.02604437619447708,100.0,257600,0.0,64192,-191.04589939117432,0.0003,11.501251608133316,0.022426519659347832,3.0847814977169037
2580,111,356.404,2311,0.026051325723528862,100.0,258000,0.0,64304,-191.41574954986572,0.0003,4.646243907511234,0.023150613415054977,3.0100916624069214
2584,111,355.07,2314,0.026049070060253143,100.0,258400,0.0,64400,-191.33063125610352,0.0003,5.062256380915642,0.02344721765257418,2.776344880461693
2588,111,354.7718,2319,0.02604728750884533,100.0,258800,0.0,64496,-191.36349964141846,0.0003,2.3553736321628094,0.023888380266726017,2.8339860439300537
2592,111,355.48633,2322,0.02605072595179081,100.0,259200,0.0,64592,-191.73711490631104,0.0003,-0.4536062143743038,0.024022076511755586,2.5037124156951904
2596,111,355.77716,2326,0.026048976927995682,100.0,259600,0.0,64704,-191.689302444458,0.0003,-1.1529580373317003,0.024246509769000113,2.573876343667507
2600,111,354.71585,2330,0.026050331071019173,100.0,260000,0.0,64800,-191.52317714691162,0.0003,-0.7447509858757257,0.024391981191001832,2.373195059597492
2604,111,353.70566,2334,0.02604948729276657,100.0,260400,0.0,64896,-191.00119876861572,0.0003,1.6915981844067574,0.024431757046841085,2.4993617460131645
2608,111,354.57104,2338,0.026057733222842216,100.0,260800,0.0,64992,-191.38184928894043,0.0003,-3.3152453433722258,0.024672262370586395,2.519786275923252
2612,111,355.6495,2341,0.02605864778161049,100.0,261200,0.0,65104,-191.03691005706787,0.0003,1.1246264223009348,0.024597490555606782,2.223960794508457
2616,111,354.64532,2345,0.026056859642267227,100.0,261600,0.0,65200,-191.15868186950684,0.0003,-0.1867245533503592,0.02460435451939702,2.402357615530491
2620,111,354.50247,2348,0.026058921590447426,100.0,262000,0.0,65296,-191.19808387756348,0.0003,0.5334666892886162,0.024508476839400828,2.1862978115677834
2624,111,354.16663,2352,0.026063835248351097,100.0,262400,0.0,65392,-191.14512538909912,0.0003,1.7320133652538061,0.02445239166263491,2.158004142343998
2628,111,353.86703,2356,0.0260677058249712,100.0,262800,0.0,65504,-191.08459758758545,0.0003,-1.2103442093357444,0.0243482559453696,2.3497902750968933
2632,111,355.89258,2360,0.026067236438393593,100.0,263200,0.0,65600,-191.1313877105713,0.0003,-3.9677728302776814,0.023948155343532562,2.1531338691711426
2636,111,358.07922,2363,0.02606709860265255,100.0,263600,0.0,65696,-190.88639545440674,0.0003,-0.963955583050847,0.023745714803226292,2.2790331542491913
2640,111,358.82617,2367,0.026067515835165977,100.0,264000,0.0,65792,-190.88034343719482,0.0003,1.9961038045585155,0.02355691243428737,2.238576829433441
2644,111,359.32104,2371,0.02606923319399357,100.0,264400,0.0,65904,-190.3133249282837,0.0003,0.5718049462884665,0.023408580338582397,2.551717534661293
2648,111,358.90683,2374,0.026066644117236137,100.0,264800,0.0,66000,-190.96116638183594,0.0003,-7.48876465857029,0.023127847467549145,2.138347841799259
2652,111,360.097,2378,0.02607182040810585,100.0,265200,0.0,66096,-190.7909631729126,0.0003,0.7479469869285822,0.023083098116330802,2.27977142482996
2656,111,360.78165,2381,0.02606983669102192,100.0,265600,0.0,66192,-190.68255996704102,0.0003,-1.6124301962554455,0.023027364746667445,2.1961468383669853
2660,111,361.50122,2385,0.02607131563127041,100.0,266000,0.0,66304,-190.752592086792,0.0003,-1.0624901372939348,0.022974226158112288,1.978768952190876
2664,111,361.85193,2388,0.026072047650814056,100.0,266400,0.0,66400,-190.73458862304688,0.0003,1.3041297271847725,0.02281499153468758,2.1495277732610703
2668,111,365.5584,2392,0.02607445791363716,100.0,266800,0.0,66496,-190.6711826324463,0.0003,-0.43882924504578114,0.022812822717241943,2.2479566037654877
2672,111,365.46036,2396,0.026078591123223305,100.0,267200,0.0,66592,-191.0669765472412,0.0003,-0.016675900667905807,0.022791563998907804,2.0870266556739807
2676,111,364.70673,2400,0.02607675828039646,100.0,267600,0.0,66704,-190.67527866363525,0.0003,0.6196226961910725,0.022792190429754555,2.1841213554143906
2680,111,364.71936,2403,0.02608104981482029,100.0,268000,0.0,66800,-191.3228998184204,0.0003,1.3484332896769047,0.022691645077429712,2.448790855705738
2684,111,365.0492,2407,0.026089264079928398,100.0,268400,0.0,66896,-190.69214248657227,0.0003,5.1951693296432495,0.023011704557575285,3.9599905610084534
2688,111,362.91534,2410,0.0260926540941,100.0,268800,0.0,66992,-190.8124885559082,0.0003,-0.17654287815093994,0.023093553027138114,2.3387465700507164
2692,111,362.50684,2414,0.026092223823070526,100.0,269200,0.0,67104,-190.65870571136475,0.0003,2.1275969967246056,0.02300000179093331,1.8033266440033913
2696,111,363.04175,2417,0.026093177497386932,100.0,269600,0.0,67200,-190.23368644714355,0.0003,-1.9364890288561583,0.022908341605216265,1.9495925158262253
2700,111,364.2773,2421,0.026088392361998558,100.0,270000,0.0,67296,-190.47926902770996,0.0003,3.2458869433030486,0.02268401556648314,2.4010437801480293
2704,111,364.91348,2425,0.026087144389748573,100.0,270400,0.0,67392,-190.6323118209839,0.0003,-1.257371000945568,0.022612279513850808,2.4672053530812263
2708,111,364.56653,2429,0.026093441992998123,100.0,270800,0.0,67504,-190.48552989959717,0.0003,-1.1932376865297556,0.022618968971073627,1.8842353150248528
2712,111,364.86734,2433,0.02609214372932911,100.0,271200,0.0,67600,-190.3400526046753,0.0003,-2.1025181254372,0.022515609744004905,2.1157522425055504
2716,111,365.25446,2436,0.02609025128185749,100.0,271600,0.0,67696,-190.15282821655273,0.0003,-2.0937157087028027,0.02230417390819639,2.2585482001304626
2720,111,365.54935,2440,0.026090795174241066,100.0,272000,0.01,67792,-190.49019050598145,0.0003,-2.0715257488191128,0.02213477494660765,2.0523513853549957
2724,111,365.67133,2444,0.02608938328921795,100.0,272400,0.01,67904,-190.27585315704346,0.0003,0.7930240519344807,0.022094598738476634,2.016835644841194
2728,111,366.46378,2448,0.02609161287546158,100.0,272800,0.01,68000,-190.35846996307373,0.0003,-1.2930342499166727,0.022008193656802177,2.333270438015461
2732,111,366.474,2451,0.02608899399638176,100.0,273200,0.01,68096,-190.04706573486328,0.0003,1.6049074809998274,0.021931169787421823,2.033550888299942
2736,111,366.53214,2455,0.026090895757079124,100.0,273600,0.01,68192,-190.12606525421143,0.0003,-1.9135801028460264,0.021921671694144607,2.164094291627407
2740,111,365.33438,2459,0.026089539751410484,100.0,274000,0.01,68304,-190.20639419555664,0.0003,-1.1383603736758232,0.021830211742781103,2.2072295919060707
2744,111,365.48706,2462,0.026089096441864967,100.0,274400,0.01,68400,-190.3178768157959,0.0003,0.06663175206631422,0.021746755810454488,1.8758419677615166
2748,111,365.72668,2465,0.026087218895554543,100.0,274800,0.01,68496,-189.91131114959717,0.0003,1.6267329808324575,0.02167218958493322,2.548726446926594
2752,111,366.22012,2469,0.026093514636158943,100.0,275200,0.01,68592,-190.0071039199829,0.0003,1.632288008928299,0.02175795054063201,2.295098051428795
2756,111,365.8955,2473,0.026096919551491737,100.0,275600,0.01,68704,-190.51396560668945,0.0003,1.7490568459033966,0.021733016707003117,2.1222782656550407
2760,111,366.3249,2477,0.026095082983374596,100.0,276000,0.01,68800,-189.7655839920044,0.0003,0.4109108950942755,0.02165785396937281,2.46065504103899
2764,111,366.3971,2481,0.026097996160387993,100.0,276400,0.01,68896,-190.2176399230957,0.0003,1.4295417070388794,0.02165648713707924,2.1295108571648598
2768,111,366.23032,2485,0.026100313290953636,100.0,276800,0.01,68992,-190.3397617340088,0.0003,-0.5383766377344728,0.021601607440970838,2.1453159227967262
2772,111,366.3046,2488,0.02610749937593937,100.0,277200,0.01,69104,-190.5553379058838,0.0003,-0.09368073008954525,0.021712364978156984,2.2349896281957626
2776,111,366.1934,2492,0.026113441213965416,100.0,277600,0.01,69200,-189.8304901123047,0.0003,-3.983597225509584,0.0217193957651034,2.5329991206526756
2780,111,366.62222,2496,0.026109343394637108,100.0,278000,0.01,69296,-190.10094451904297,0.0003,5.634525231085718,0.02179190458264202,6.46881628036499
2784,111,366.3807,2500,0.026104886084794998,100.0,278400,0.01,69392,-189.67980575561523,0.0003,-1.710384838283062,0.021993540227413177,2.5172900408506393
2788,111,368.16876,2504,0.026094619184732437,100.0,278800,0.01,69504,-189.71044445037842,0.0003,1.5918935034424067,0.021849123411811888,2.279955714941025
2792,111,368.83792,2507,0.026091773062944412,100.0,279200,0.01,69600,-189.94666194915771,0.0003,-2.1375125013291836,0.021740134106948972,2.0540684536099434
2796,111,369.0142,2511,0.02609369345009327,100.0,279600,0.01,69696,-189.8026933670044,0.0003,-1.7402141783386469,0.02165415626950562,2.062023013830185
2800,111,368.44702,2515,0.026096098124980927,100.0,280000,0.01,69792,-189.7772798538208,0.0003,-2.5433290358632803,0.021467692218720913,2.0810388028621674
2804,111,367.85083,2518,0.026097169145941734,100.0,280400,0.01,69904,-189.6943187713623,0.0003,-2.535884109325707,0.021259349188767374,2.2643556594848633
2808,111,367.8246,2522,0.026099326089024544,100.0,280800,0.01,70000,-189.56673526763916,0.0003,-0.330144751816988,0.021166971302591264,2.0588372573256493
2812,111,368.17148,2526,0.02609829232096672,100.0,281200,0.01,70096,-189.5368595123291,0.0003,-1.6057716719806194,0.0211047277553007,2.2556231766939163
2816,111,367.95758,2529,0.026098323985934258,100.0,281600,0.01,70192,-189.95063495635986,0.0003,-0.670089852064848,0.02103948313742876,1.998525656759739
2820,111,367.11932,2533,0.02609686367213726,100.0,282000,0.0,70304,-189.61230087280273,0.0003,-1.359479134902358,0.020798274665139616,1.9212089106440544
2824,111,366.73776,2537,0.02610028348863125,100.0,282400,0.0,70400,-190.02756881713867,0.0003,-1.0216495841741562,0.020660619600676,2.465506188571453
2828,111,366.47595,2540,0.026100551709532738,100.0,282800,0.0,70496,-189.72673320770264,0.0003,-0.2663227329030633,0.020609438535757363,2.082255683839321
2832,111,366.58026,2544,0.026107925921678543,100.0,283200,0.0,70592,-189.7144718170166,0.0003,0.7503135539591312,0.02075906121172011,1.7822046428918839
2836,111,366.12653,2549,0.02610795572400093,100.0,283600,0.0,70704,-189.88593196868896,0.0003,-1.2434217557311058,0.02063145791180432,1.7838292941451073
2840,111,367.23544,2553,0.026109730824828148,100.0,284000,0.0,70800,-189.7104024887085,0.0003,-1.902677670121193,0.020509378286078572,2.0481807440519333
2844,111,367.8132,2556,0.026113836094737053,100.0,284400,0.0,70896,-189.95910167694092,0.0003,-2.2268714122474194,0.02048646775074303,1.5798696503043175
2848,111,367.28082,2560,0.026112930849194527,100.0,284800,0.0,70992,-189.72117233276367,0.0003,-2.3815949549898505,0.020304762641899288,1.7330779656767845
2852,111,366.8039,2564,0.02611130103468895,100.0,285200,0.0,71104,-189.6785078048706,0.0003,-0.8751268200576305,0.02016019111033529,1.883467510342598
2856,111,366.44968,2567,0.026114823296666145,100.0,285600,0.0,71200,-189.56310558319092,0.0003,-1.3521459866315126,0.02023906947579235,1.8892927020788193
2860,111,366.04077,2571,0.026113273575901985,100.0,286000,0.0,71296,-189.85946369171143,0.0003,0.06456400454044342,0.02005658729467541,1.7629517540335655
2864,111,365.91968,2574,0.026112059131264687,100.0,286400,0.0,71392,-189.68248748779297,0.0003,0.7458298727869987,0.019911566632799804,2.2642031759023666
2868,111,365.7616,2578,0.026117121800780296,100.0,286800,0.0,71504,-189.60521125793457,0.0003,-2.0825935173779726,0.019847028655931354,2.3032210543751717
2872,111,365.7183,2581,0.026111029088497162,100.0,287200,0.0,71600,-189.4579315185547,0.0003,-0.4262128472328186,0.019795350031927228,2.100572280585766
2876,111,365.99808,2585,0.026107823476195335,100.0,287600,0.0,71696,-189.31233596801758,0.0003,1.316802553832531,0.019739336101338267,1.912772722542286
2880,111,365.51587,2590,0.026110094040632248,100.0,288000,0.0,71792,-189.60240840911865,0.0003,1.6869691968895495,0.019826569128781557,2.245334640145302
2884,111,366.25266,2593,0.026104997843503952,100.0,288400,0.0,71904,-189.47815132141113,0.0003,-2.6507709827274084,0.01968367036897689,2.1318849325180054
2888,111,366.65823,2597,0.026110714301466942,100.0,288800,0.0,72000,-189.5575761795044,0.0003,-0.3951451927423477,0.019713366171345115,1.9178038537502289
2892,111,364.65686,2600,0.0261111781001091,100.0,289200,0.0,72096,-189.32556247711182,0.0003,-0.029747243970632553,0.01963433250784874,2.0596012100577354
2896,111,364.12518,2604,0.026111816987395287,100.0,289600,0.0,72192,-189.67744541168213,0.0003,-1.386575572192669,0.019767741090618074,1.8343855366110802
2900,111,363.75333,2607,0.026111943647265434,100.0,290000,0.0,72304,-189.39651203155518,0.0003,-1.828809965401888,0.019769321312196553,2.207463338971138
2904,111,364.77026,2611,0.026103464886546135,100.0,290400,0.0,72400,-189.34380340576172,0.0003,0.7496596928685904,0.019788951613008976,1.8332835882902145
2908,111,363.1782,2614,0.026105787605047226,100.0,290800,0.0,72496,-189.45183563232422,0.0003,1.3656826689839363,0.019913337426260114,2.2454989850521088
2912,111,361.6759,2618,0.02610492892563343,100.0,291200,0.0,72592,-189.49635314941406,0.0003,1.3057341426610947,0.020071825245395303,1.9188299626111984
2916,111,362.03583,2621,0.02611202374100685,100.0,291600,0.0,72704,-189.2888412475586,0.0003,-2.269619584083557,0.020180680905468762,1.9103678613901138
2920,111,362.49832,2625,0.026107879355549812,100.0,292000,0.0,72800,-189.4057388305664,0.0003,-2.0736858677119017,0.020098161650821567,2.177863486111164
2924,111,362.05325,2628,0.02610463835299015,100.0,292400,0.0,72896,-189.49005699157715,0.0003,0.6041595507413149,0.02005623036529869,2.3765097931027412
2928,111,362.0802,2632,0.026102758944034576,100.0,292800,0.0,72992,-189.04906368255615,0.0003,2.7504180520772934,0.020179116167128086,2.6043509989976883
2932,111,361.5098,2636,0.026107264682650566,100.0,293200,0.0,73104,-189.08996677398682,0.0003,0.8898720275610685,0.020241848658770323,2.0139953792095184
2936,111,361.17496,2639,0.02610595151782036,100.0,293600,0.0,73200,-189.20006370544434,0.0003,-2.867332488298416,0.020218535093590617,1.89461300522089
2940,111,361.60352,2643,0.026107443496584892,100.0,294000,0.0,73296,-189.12737274169922,0.0003,-0.6703274641185999,0.020179762155748904,1.993152640759945
2944,111,360.8645,2646,0.02611265517771244,100.0,294400,0.0,73392,-189.20678806304932,0.0003,-1.8401817418634892,0.020135356695391238,2.071364678442478
2948,111,360.6419,2650,0.02611323818564415,100.0,294800,0.0,73504,-189.39074325561523,0.0003,-0.8748595491051674,0.020051541971042752,1.7974353060126305
2952,111,359.6143,2653,0.026110438629984856,100.0,295200,0.0,73600,-188.80556964874268,0.0003,-0.7615579906851053,0.020015347632579505,1.9949912205338478
2956,111,359.3211,2657,0.026112044230103493,100.0,295600,0.0,73696,-188.97773456573486,0.0003,-3.972735248506069,0.01997041329741478,1.7418978810310364
2960,111,359.18878,2660,0.026113038882613182,100.0,296000,0.0,73792,-189.14043521881104,0.0003,-0.12155906669795513,0.019820581073872745,1.7220557183027267
2964,111,359.46835,2664,0.02611183188855648,100.0,296400,0.0,73904,-189.00184059143066,0.0003,-1.2927850931882858,0.01961112255230546,1.833475723862648
2968,111,359.39743,2667,0.026108313351869583,100.0,296800,0.0,74000,-189.24249172210693,0.0003,-0.7859237641096115,0.019446591148152947,1.7610432878136635
2972,111,359.7164,2671,0.02610846236348152,100.0,297200,0.0,74096,-189.27108001708984,0.0003,-1.381145691499114,0.019448166945949197,2.1187333911657333
2976,111,360.0954,2675,0.02610636316239834,100.0,297600,0.0,74192,-189.29098987579346,0.0003,-4.232179352547973,0.019410593435168266,2.0120413824915886
2980,111,360.12234,2679,0.026108141988515854,100.0,298000,0.0,74304,-189.1790475845337,0.0003,2.5621460527181625,0.01934636489022523,2.0591376051306725
2984,111,360.84503,2682,0.026105396449565887,100.0,298400,0.0,74400,-188.88879871368408,0.0003,1.383741945028305,0.0193636619951576,2.0401798114180565
2988,111,361.0894,2685,0.026107270270586014,100.0,298800,0.0,74496,-189.09913444519043,0.0003,1.1899103969335556,0.019422161858528852,1.5230592340230942
2992,111,361.9058,2689,0.02610483579337597,100.0,299200,0.0,74592,-189.04394435882568,0.0003,1.422952301800251,0.019452082575298846,1.8408154025673866
2996,111,361.64658,2693,0.02610444650053978,100.0,299600,0.0,74704,-189.06029510498047,0.0003,0.3627079129219055,0.019481581868603826,2.0583640187978745
3000,111,362.647,2696,0.02610061876475811,100.0,300000,0.0,74800,-189.26484775543213,0.0003,-0.5479425508528948,0.019486765726469457,2.4055984169244766
3004,111,362.40057,2700,0.026099707931280136,100.0,300400,0.0,74896,-189.0969181060791,0.0003,3.1123659014701843,0.019634902011603117,2.5634736716747284
3008,111,363.63898,2704,0.026100654155015945,100.0,300800,0.0,74992,-189.16450309753418,0.0003,-0.534555584192276,0.0197591403266415,1.9486120343208313
3012,111,365.23438,2708,0.026100410148501396,100.0,301200,0.0,75104,-189.2890272140503,0.0003,1.633972143754363,0.01982084778137505,1.9292439445853233
3016,111,364.64395,2712,0.02610659785568714,100.0,301600,0.0,75200,-189.09709453582764,0.0003,0.813116692006588,0.019983813166618347,2.124982625246048
3020,111,364.99777,2715,0.026106424629688263,100.0,302000,0.0,75296,-189.19781398773193,0.0003,-2.7821390870958567,0.019958873162977397,1.9716881811618805
3024,111,366.62997,2719,0.026106543838977814,100.0,302400,0.0,75392,-188.8783941268921,0.0003,1.2477721646428108,0.019985702470876276,1.8038747534155846
3028,111,366.68515,2723,0.026101334020495415,100.0,302800,0.0,75504,-189.03939533233643,0.0003,2.545421354472637,0.01985881559085101,2.2603432461619377
3032,111,365.99594,2726,0.026105554774403572,100.0,303200,0.0,75600,-189.18095588684082,0.0003,0.19376633316278458,0.019973195274360478,2.095672123134136
3036,111,366.92316,2730,0.02610483393073082,100.0,303600,0.0,75696,-188.88754749298096,0.0003,0.14764366298913956,0.020012015709653497,2.3263198286294937
3040,111,366.28668,2734,0.02610165625810623,100.0,304000,0.0,75792,-188.8225975036621,0.0003,-0.44674243219196796,0.020032490021549165,1.9619901180267334
3044,111,365.30844,2737,0.026097120717167854,100.0,304400,0.0,75904,-189.10894966125488,0.0003,-0.055691275745630264,0.020031625754199922,2.368392989039421
3048,111,365.93134,2741,0.026103531941771507,100.0,304800,0.0,76000,-189.1702365875244,0.0003,-0.985538724809885,0.020173002500087023,2.0317957997322083
3052,111,367.30035,2744,0.026103148236870766,100.0,305200,0.0,76096,-188.90393352508545,0.0003,-0.3172232173383236,0.020177119760774076,2.011489264667034
3056,111,367.80896,2748,0.02610667794942856,100.0,305600,0.0,76192,-189.40570831298828,0.0003,0.8192505799233913,0.020144054549746215,1.9538841024041176
3060,111,368.6975,2752,0.026109613478183746,100.0,306000,0.0,76304,-189.32857036590576,0.0003,2.3195677222684026,0.02019088075030595,1.9224573895335197
3064,111,369.0884,2755,0.026110051199793816,100.0,306400,0.0,76400,-188.8454189300537,0.0003,0.5645633824169636,0.020093989558517933,1.8763121142983437
3068,111,368.95978,2759,0.02610880322754383,100.0,306800,0.0,76496,-189.06572246551514,0.0003,2.7368002757430077,0.019963520695455372,1.8635409846901894
3072,111,369.68848,2763,0.026113195344805717,100.0,307200,0.0,76592,-189.05128955841064,0.0003,0.01810632273554802,0.020004531601443887,2.0839469879865646
3076,111,369.57794,2767,0.026108404621481895,100.0,307600,0.0,76704,-189.223126411438,0.0003,-0.9518049834296107,0.019859277526848018,1.8564672246575356
3080,111,368.52286,2770,0.0261106975376606,100.0,308000,0.0,76800,-188.77172946929932,0.0003,-1.699710875749588,0.019738373812288046,2.1045812517404556
3084,111,368.0269,2773,0.026114068925380707,100.0,308400,0.0,76896,-189.01318836212158,0.0003,2.7814532201737165,0.019624748383648694,1.667716458439827
3088,111,367.69,2777,0.026113908737897873,100.0,308800,0.0,76992,-188.88912391662598,0.0003,-2.1378771699965,0.019637192133814096,2.0032912269234657
3092,111,369.0712,2782,0.026113735511898994,100.0,309200,0.0,77104,-188.71570301055908,0.0003,-2.330175008624792,0.01949277857784182,1.7872368320822716
3096,111,368.80725,2786,0.026112182065844536,100.0,309600,0.0,77200,-189.05193424224854,0.0003,-4.017630632966757,0.019319138838909566,1.8541820868849754
3100,111,369.0425,2790,0.026112785562872887,100.0,310000,0.0,77296,-188.90834522247314,0.0003,-0.4429001025855541,0.019224585383199155,1.902287945151329
3104,111,368.24747,2793,0.02610776200890541,100.0,310400,0.0,77392,-188.7803192138672,0.0003,-0.2995377257466316,0.019058929639868438,2.119446851313114
3108,111,368.99503,2797,0.026109373196959496,100.0,310800,0.0,77504,-188.967604637146,0.0003,0.7232890417799354,0.01898383256047964,1.7201814353466034
3112,111,367.79797,2801,0.026112480089068413,100.0,311200,0.0,77600,-189.0254192352295,0.0003,1.6859412249177694,0.019064905238337815,1.664445087313652
3116,111,365.79535,2804,0.026118697598576546,100.0,311600,0.0,77696,-188.87332820892334,0.0003,-3.005992599762976,0.019022281165234745,1.6530626863241196
3120,111,365.27606,2807,0.026113638654351234,100.0,312000,0.0,77792,-188.91057014465332,0.0003,-0.8367241937667131,0.018832719884812832,1.8835160285234451
3124,111,364.86777,2811,0.026113225147128105,100.0,312400,0.0,77904,-188.91888523101807,0.0003,-2.491792159155011,0.018667553667910397,1.8695654347538948
3128,111,363.16577,2815,0.026116831228137016,100.0,312800,0.0,78000,-188.89764404296875,0.0003,-0.2587826997041702,0.018593910965137184,1.7309039011597633
3132,111,364.49304,2819,0.026122750714421272,100.0,313200,0.0,78096,-188.84899425506592,0.0003,-0.7980358060449362,0.018549628206528723,1.991808071732521
3136,111,364.21082,2822,0.026122750714421272,100.0,313600,0.0,78192,-189.07730197906494,0.0003,-2.4627167880535126,0.01842517382465303,1.5535343810915947
3140,111,364.81693,2826,0.02612035721540451,100.0,314000,0.0,78304,-188.72985744476318,0.0003,-3.92124442756176,0.01827153319027275,1.8403131663799286
3144,111,366.04626,2830,0.026116376742720604,100.0,314400,0.0,78400,-189.03949642181396,0.0003,1.9065680876374245,0.018193012103438377,1.89865380525589
3148,111,366.689,2834,0.026114340871572495,100.0,314800,0.0,78496,-189.19785976409912,0.0003,0.8500858703628182,0.01818872953299433,1.8172189891338348
3152,111,365.97473,2837,0.026116397231817245,100.0,315200,0.0,78592,-189.06412982940674,0.0003,0.02678605169057846,0.018197815865278244,1.9293461591005325
3156,111,365.63416,2841,0.026112323626875877,100.0,315600,0.0,78704,-188.87294006347656,0.0003,0.9517980366945267,0.018161028739996254,1.7515292540192604
3160,111,365.8871,2845,0.026112210005521774,100.0,316000,0.0,78800,-188.89881420135498,0.0003,-1.641721909865737,0.01814866135828197,1.9965109750628471
3164,111,366.57816,2848,0.02611192688345909,100.0,316400,0.0,78896,-188.9344244003296,0.0003,-2.3565117698162794,0.018180420389398932,1.9146365225315094
3168,111,366.52234,2852,0.0261116661131382,100.0,316800,0.0,78992,-189.24591541290283,0.0003,0.5285606235265732,0.018226365093141794,1.8076433166861534
3172,111,366.50906,2856,0.02611583098769188,100.0,317200,0.0,79104,-189.2669916152954,0.0003,-1.1008855998516083,0.018229990964755416,1.6708145216107368
3176,111,365.35254,2859,0.026107771322131157,100.0,317600,0.0,79200,-188.95915985107422,0.0003,1.5072228964418173,0.01811756135430187,1.9269676804542542
3180,111,367.12915,2863,0.026112662628293037,100.0,318000,0.0,79296,-189.35756874084473,0.0003,4.3525751158595085,0.018123715184628963,1.688426248729229
3184,111,366.82138,2866,0.02611597627401352,100.0,318400,0.0,79392,-188.83142185211182,0.0003,-0.6026450432837009,0.018251708359457552,1.912894494831562
3188,111,366.26624,2870,0.026119377464056015,100.0,318800,0.0,79504,-189.16627979278564,0.0003,0.9371727425605059,0.018210136564448476,1.7906448990106583
3192,111,364.69632,2873,0.026120208203792572,100.0,319200,0.0,79600,-188.89307689666748,0.0003,-1.0686894822865725,0.018156687379814684,1.9206172078847885
3196,111,365.46063,2877,0.02612033672630787,100.0,319600,0.0,79696,-188.76097011566162,0.0003,-3.7749013379216194,0.018075623433105648,1.8852258995175362
3200,111,365.75473,2880,0.026122190058231354,100.0,320000,0.0,79792,-188.65652179718018,0.0003,3.964085929095745,0.01809547992888838,2.077590234577656
3204,111,366.3004,2884,0.02612471766769886,100.0,320400,0.0,79904,-188.96708965301514,0.0003,0.7287026792764664,0.018145767389796674,1.8762929737567902
3208,111,365.60364,2887,0.026125747710466385,100.0,320800,0.0,80000,-189.25733375549316,0.0003,-2.693694047629833,0.01813463121652603,1.9142749607563019
3212,111,366.17896,2891,0.02612636424601078,100.0,321200,0.0,80096,-188.95471477508545,0.0003,-1.6913145370781422,0.01811748160980642,1.6708795428276062
3216,111,367.9891,2894,0.026128200814127922,100.0,321600,0.0,80192,-188.42247772216797,0.0003,-4.170332619920373,0.017967267776839435,2.0319593027234077
3220,111,367.9241,2898,0.02612839825451374,100.0,322000,0.0,80304,-188.97632217407227,0.0003,0.8708585388958454,0.017763928859494627,1.7867626026272774
3224,111,367.84677,2901,0.026129180565476418,100.0,322400,0.0,80400,-189.00481796264648,0.0003,0.7885007932782173,0.017770231585018337,1.9639172926545143
3228,111,369.11008,2905,0.026126904413104057,100.0,322800,0.0,80496,-188.9100980758667,0.0003,-0.07987058907747269,0.017823967500589788,1.8484341353178024
3232,111,367.74634,2909,0.026129594072699547,100.0,323200,0.0,80592,-188.50209140777588,0.0003,0.8738385438919067,0.017884348519146442,2.0412909537553787
3236,111,366.4509,2912,0.02613089419901371,100.0,323600,0.0,80704,-188.87682342529297,0.0003,1.2212997749447823,0.017864467576146126,2.0874952226877213
3240,111,367.32993,2916,0.026131877675652504,100.0,324000,0.0,80800,-188.36975383758545,0.0003,0.1562030166387558,0.018075392465107143,1.700831450521946
3244,111,366.66766,2920,0.026128973811864853,100.0,324400,0.0,80896,-188.47850799560547,0.0003,0.6707135364413261,0.018152444856241345,2.0236955359578133
3248,111,365.73843,2924,0.02612808160483837,100.0,324800,0.0,80992,-188.5779628753662,0.0003,-1.8603265658020973,0.018170568044297397,2.142976276576519
3252,111,364.40714,2927,0.02612997405230999,100.0,325200,0.0,81104,-188.85847854614258,0.0003,1.6908295713365078,0.01812213903758675,1.8990046828985214
3256,111,364.62878,2931,0.026130536571145058,100.0,325600,0.0,81200,-188.59234523773193,0.0003,-0.9467628188431263,0.018265909631736577,1.856743909418583
3260,111,363.57196,2934,0.026133311912417412,100.0,326000,0.0,81296,-188.28948974609375,0.0003,0.18702702410519123,0.01830862241331488,2.2837389558553696
3264,111,363.16656,2938,0.02613179199397564,100.0,326400,0.0,81392,-188.43505764007568,0.0003,1.1872040517628193,0.018378242617473006,2.1153590455651283
3268,111,364.07245,2942,0.026134731248021126,100.0,326800,0.0,81504,-188.6677131652832,0.0003,2.326428435742855,0.01847147778607905,1.9622806459665298
3272,111,364.0739,2946,0.02613304927945137,100.0,327200,0.0,81600,-188.55638122558594,0.0003,-3.4642033465206623,0.01846226560883224,1.6740194484591484
3276,111,364.32614,2949,0.026132917031645775,100.0,327600,0.0,81696,-188.5074281692505,0.0003,-1.4794669523835182,0.018337343586608768,1.8140442594885826
3280,111,364.78806,2954,0.02613132819533348,100.0,328000,0.0,81792,-188.8585500717163,0.0003,-3.236793026328087,0.01833203190471977,1.955039270222187
3284,111,365.6016,2958,0.026128390803933144,100.0,328400,0.0,81904,-188.56029605865479,0.0003,-1.6659963987767696,0.018329381593503058,1.967991679906845
3288,111,366.5342,2962,0.026133481413125992,100.0,328800,0.0,82000,-188.5642499923706,0.0003,0.7113541159778833,0.018249219632707536,1.8967331945896149
3292,111,366.95825,2965,0.02613212540745735,100.0,329200,0.0,82096,-188.62457275390625,0.0003,-2.2884537437930703,0.01810021756682545,1.8525793626904488
3296,110,366.99875,2969,0.026136791333556175,100.0,329600,0.0,82192,-188.37081623077393,0.0003,-1.210543753579259,0.01801854930818081,1.7681565582752228
3300,110,366.75183,2973,0.026135291904211044,100.0,330000,0.0,82304,-188.45699214935303,0.0003,-1.8349434733390808,0.018005346530117095,1.7159203067421913
3304,110,366.05515,2977,0.02613353542983532,100.0,330400,0.0,82400,-188.24391841888428,0.0003,-1.6659533670172095,0.01791833690367639,1.9842045158147812
3308,110,365.86105,2980,0.026134205982089043,100.0,330800,0.0,82496,-188.45762729644775,0.0003,-1.2566075213253498,0.017926091910339892,2.1712954714894295
3312,110,365.62122,2984,0.02613523229956627,100.0,331200,0.0,82592,-188.22153759002686,0.0003,-3.954912692308426,0.01786038267891854,1.9334008619189262
3316,110,367.0657,2988,0.026133833453059196,100.0,331600,0.0,82704,-188.26451301574707,0.0003,0.719820050522685,0.01773880689870566,1.7302469313144684
3320,110,367.7627,2992,0.026135075837373734,100.0,332000,0.0,82800,-188.23408126831055,0.0003,-2.5715755820274353,0.01766076823696494,1.867341011762619
3324,110,367.7536,2996,0.026133406907320023,100.0,332400,0.0,82896,-188.21121501922607,0.0003,-4.9633674416691065,0.017646449501626194,1.7914367020130157
3328,110,367.62473,3000,0.026135507971048355,100.0,332800,0.0,82992,-188.35729598999023,0.0003,0.008612418547272682,0.017486255383118987,1.9288033097982407
3332,110,368.4501,3004,0.026131127029657364,100.0,333200,0.0,83104,-188.50802040100098,0.0003,-1.958529382944107,0.01731091202236712,1.91011643409729
3336,110,369.6002,3008,0.026126815006136894,100.0,333600,0.0,83200,-188.25185203552246,0.0003,-0.7374316267669201,0.017268063849769533,1.703852765262127
3340,110,368.4707,3012,0.026125779375433922,100.0,334000,0.0,83296,-188.52977657318115,0.0003,-2.2747056782245636,0.01714612205978483,1.5561116114258766
3344,110,368.2882,3015,0.026126377284526825,100.0,334400,0.0,83392,-188.41392421722412,0.0003,-3.068146362900734,0.01715474878437817,1.6190166175365448
3348,110,368.13354,3019,0.026128845289349556,100.0,334800,0.0,83504,-188.3922815322876,0.0003,-0.00950267631560564,0.01710701349657029,2.045287236571312
3352,110,368.5869,3022,0.02612372860312462,100.0,335200,0.0,83600,-188.34012603759766,0.0003,1.9314175806939602,0.017095800954848528,2.071292072534561
3356,110,369.78763,3026,0.0261208675801754,100.0,335600,0.0,83696,-188.30400848388672,0.0003,-0.8286557141691446,0.017026659450493753,1.9710378646850586
3360,110,369.74353,3029,0.026118045672774315,100.0,336000,0.0,83792,-188.40310764312744,0.0003,5.975655414164066,0.01701940828934312,2.0282239615917206
3364,110,368.75525,3033,0.026116231456398964,100.0,336400,0.0,83904,-188.182147026062,0.0003,3.522594053298235,0.017171765328384936,2.0160186290740967
3368,110,367.82214,3038,0.026123618707060814,100.0,336800,0.0,84000,-188.33214664459229,0.0003,1.9330800492316484,0.017465267796069384,1.8928287103772163
3372,110,368.12823,3042,0.026124097406864166,100.0,337200,0.0,84096,-188.47687339782715,0.0003,2.571192381903529,0.017533598584122956,2.0114996135234833
3376,110,367.48438,3045,0.026122072711586952,100.0,337600,0.0,84192,-188.40112209320068,0.0003,-1.4154237676411867,0.017556592472828925,1.753123678267002
3380,110,367.27704,3049,0.026120182126760483,100.0,338000,0.0,84304,-188.23863315582275,0.0003,0.4253056198358536,0.017520996974781156,1.7035972625017166
3384,110,365.9626,3053,0.026118453592061996,100.0,338400,0.0,84400,-188.14447212219238,0.0003,1.3259140402078629,0.017676440067589283,1.923633597791195
3388,110,365.40805,3056,0.02611996978521347,100.0,338800,0.0,84496,-188.35793018341064,0.0003,-0.951194467023015,0.017717800568789244,1.7275157198309898
3392,110,365.90317,3060,0.02612156979739666,100.0,339200,0.0,84592,-188.54265022277832,0.0003,0.74101547524333,0.01765427622012794,1.8188484013080597
3396,110,365.56784,3064,0.026120910421013832,100.0,339600,0.0,84704,-188.24363327026367,0.0003,1.8631863445043564,0.017660133074969053,1.8674939051270485
3400,110,364.33673,3067,0.026119817048311234,100.0,340000,0.0,84800,-188.3065357208252,0.0003,1.7677771747112274,0.017752606188878417,1.7603606805205345
3404,110,364.14905,3071,0.026121921837329865,100.0,340400,0.0,84896,-188.0235366821289,0.0003,0.6745427213609219,0.017881978885270655,1.8557735085487366
3408,110,363.60446,3074,0.02612694352865219,100.0,340800,0.0,84992,-188.26491260528564,0.0003,2.850556019693613,0.017985481186769903,2.158073715865612
3412,110,363.46317,3078,0.026128794997930527,100.0,341200,0.0,85104,-188.35381031036377,0.0003,1.3140025436878204,0.018151368130929768,2.0342693850398064
3416,110,362.37775,3081,0.026131538674235344,100.0,341600,0.0,85200,-188.44885063171387,0.0003,-0.6532011926174164,0.018218517187051475,2.11464586853981
3420,110,361.2667,3085,0.026131626218557358,100.0,342000,0.0,85296,-188.52257919311523,0.0003,2.0445823818445206,0.01822133909445256,1.87614356726408
3424,110,359.96927,3089,0.026132559403777122,100.0,342400,0.0,85392,-188.51568603515625,0.0003,0.8909294549375772,0.018227963941171765,1.756195716559887
3428,110,360.31586,3093,0.026129400357604027,100.0,342800,0.0,85504,-188.34374809265137,0.0003,-1.856574211269617,0.01832420809660107,1.9874747022986412
3432,110,360.0792,3096,0.026130354031920433,100.0,343200,0.0,85600,-188.23610973358154,0.0003,-0.44843311607837677,0.01819206972140819,2.193102106451988
3436,110,358.64008,3100,0.026132022961974144,100.0,343600,0.0,85696,-188.46288299560547,0.0003,1.1957866996526718,0.01821107161231339,2.525317505002022
3440,110,357.15582,3103,0.02613051049411297,100.0,344000,0.0,85792,-188.39229774475098,0.0003,2.076809197664261,0.01840992912184447,2.584873229265213
3444,110,357.96237,3107,0.026132551953196526,100.0,344400,0.0,85904,-188.36756038665771,0.0003,1.303196493536234,0.018267592997290194,2.2945014983415604
3448,110,358.15784,3111,0.02613316848874092,100.0,344800,0.0,86000,-188.32183456420898,0.0003,3.016800981014967,0.018355011008679867,1.847588025033474
3452,110,358.55264,3114,0.026138896122574806,100.0,345200,0.0,86096,-188.2724370956421,0.0003,-0.7336316518485546,0.018418684718199074,1.8984044790267944
3456,110,356.79507,3117,0.026139771565794945,100.0,345600,0.0,86192,-188.521258354187,0.0003,1.473649300634861,0.018431968172080815,1.8957960456609726
3460,110,356.33807,3121,0.026141328737139702,100.0,346000,0.0,86304,-188.20017910003662,0.0003,-2.59330234862864,0.018376031308434904,2.029476933181286
3464,110,357.30774,3125,0.026141205802559853,100.0,346400,0.0,86400,-187.93058490753174,0.0003,0.6669333195313811,0.018349879886955023,1.872236743569374
3468,110,357.19583,3128,0.0261393990367651,100.0,346800,0.0,86496,-187.82510375976562,0.0003,0.9176129847764969,0.018383709015324712,1.9372131079435349
3472,110,357.12555,3132,0.026143861934542656,100.0,347200,0.0,86592,-188.0772361755371,0.0003,-0.40990232676267624,0.018434720346704125,1.925348423421383
3476,110,358.5672,3136,0.0261490810662508,100.0,347600,0.0,86704,-188.13832187652588,0.0003,3.4078973876312375,0.018458190723322332,1.9190509021282196
3480,110,357.89914,3140,0.026149841025471687,100.0,348000,0.0,86800,-188.28260803222656,0.0003,-0.685935977846384,0.018600873183459044,2.0745062455534935
3484,110,356.72647,3143,0.02614905685186386,100.0,348400,0.0,86896,-188.1656312942505,0.0003,0.7252332046627998,0.018578374525532126,2.360960327088833
3488,110,355.96075,3146,0.02614966221153736,100.0,348800,0.0,86992,-188.17666149139404,0.0003,-4.3181957099586725,0.018561122589744627,1.9132604151964188
3492,110,356.5707,3150,0.02614806778728962,100.0,349200,0.0,87104,-188.25469398498535,0.0003,-4.453924223780632,0.018400108674541116,1.8652678057551384
3496,110,356.8232,3153,0.026149729266762733,100.0,349600,0.0,87200,-187.62353706359863,0.0003,-0.4058980457484722,0.018340096226893365,2.218209594488144
3500,110,356.83994,3157,0.026155557483434677,100.0,350000,0.0,87296,-188.02845573425293,0.0003,-0.4170095380395651,0.01811420964077115,1.9508834183216095
3504,110,357.95667,3160,0.026156358420848846,100.0,350400,0.0,87392,-187.69386959075928,0.0003,-3.2891095289960504,0.017837235238403082,1.9958930984139442
3508,110,358.51324,3164,0.02615858055651188,100.0,350800,0.0,87504,-188.16575145721436,0.0003,-4.000468261539936,0.017592115444131196,1.8953402638435364
3512,110,358.5596,3167,0.0261619184166193,100.0,351200,0.0,87600,-188.09211349487305,0.0003,-3.3017642199993134,0.017410791479051113,1.7356869354844093
3516,110,359.04895,3171,0.026154007762670517,100.0,351600,0.0,87696,-188.06466484069824,0.0003,0.2892738161608577,0.017179119400680065,2.0787349715828896
3520,110,359.68683,3175,0.026154229417443275,100.0,352000,0.0,87792,-188.02482891082764,0.0003,-2.2302547246217728,0.01709036948159337,1.8326541930437088
3524,110,360.61194,3179,0.026149818673729897,100.0,352400,0.0,87904,-188.06031036376953,0.0003,-1.2918205857276917,0.016930554760619998,1.8597279712557793
3528,110,360.43106,3182,0.026149924844503403,100.0,352800,0.0,88000,-188.22611713409424,0.0003,-1.0078594535589218,0.01680696418043226,2.063365176320076
3532,110,359.513,3186,0.026150623336434364,100.0,353200,0.0,88096,-187.8925018310547,0.0003,-1.2519450727850199,0.016735287383198738,1.9994179978966713
3536,110,360.50644,3189,0.026150908321142197,100.0,353600,0.0,88192,-187.8533353805542,0.0003,0.3092316538095474,0.016773274284787476,2.1894265487790108
3540,110,359.9123,3194,0.026149900630116463,100.0,354000,0.0,88304,-188.01003551483154,0.0003,0.6782368123531342,0.01689699024427682,1.9211356416344643
3544,110,360.10928,3197,0.026148861274123192,100.0,354400,0.0,88400,-187.97482109069824,0.0003,3.5516189262270927,0.016995764570310712,1.9258042052388191
3548,110,360.17444,3201,0.02614365704357624,100.0,354800,0.0,88496,-187.71692180633545,0.0003,0.07999924570322037,0.017210795311257243,2.362177237868309
3552,110,361.35104,3204,0.026142725721001625,100.0,355200,0.0,88592,-188.0267515182495,0.0003,2.1539878100156784,0.0172624159604311,1.997711904346943
3556,110,362.1483,3207,0.02613944746553898,100.0,355600,0.0,88704,-188.19621467590332,0.0003,0.20660007558763027,0.01739445561543107,2.1374457851052284
3560,110,362.63922,3211,0.026133649051189423,100.0,356000,0.0,88800,-188.01865196228027,0.0003,1.9740705378353596,0.017455054447054863,1.9193250015377998
3564,110,362.13605,3214,0.026133527979254723,100.0,356400,0.0,88896,-188.2150297164917,0.0003,0.3510773815214634,0.017539277905598283,1.8564698323607445
3568,110,360.32047,3217,0.02613576501607895,100.0,356800,0.0,88992,-188.1027708053589,0.0003,1.0449736453592777,0.01762462465558201,1.7219364196062088
3572,110,359.08896,3221,0.02613401599228382,100.0,357200,0.0,89104,-188.24503898620605,0.0003,3.2357045374810696,0.017702701967209578,2.0054858177900314
3576,110,358.28207,3224,0.026130225509405136,100.0,357600,0.0,89200,-188.23107814788818,0.0003,0.5247762119397521,0.017791057005524635,1.982758916914463
3580,110,357.14554,3227,0.026132890954613686,100.0,358000,0.0,89296,-187.8371934890747,0.0003,9.635163679718971,0.01805027376394719,2.6760309040546417
3584,110,358.00668,3231,0.026133064180612564,100.0,358400,0.0,89392,-187.8817596435547,0.0003,6.611915884539485,0.018435820704326034,2.2198082953691483
3588,110,359.23788,3234,0.026136936619877815,100.0,358800,0.0,89504,-187.92241764068604,0.0003,0.568213751539588,0.01869134744629264,2.0544849410653114
3592,110,358.6369,3238,0.026137258857488632,100.0,359200,0.0,89600,-188.20269680023193,0.0003,1.693688802421093,0.018797994474880397,1.9237739890813828
3596,110,358.76492,3242,0.02613634429872036,100.0,359600,0.0,89696,-187.8416748046875,0.0003,2.738772224634886,0.018903702264651656,1.83258256316185
3600,110,358.88504,3245,0.026138532906770706,100.0,360000,0.0,89792,-188.02195644378662,0.0003,1.5954446494579315,0.019037874997593462,2.0994435474276543
3604,110,358.69415,3249,0.026139114052057266,100.0,360400,0.0,89904,-187.92474937438965,0.0003,0.904634702950716,0.01907731976825744,2.0106314420700073
3608,110,357.67215,3252,0.02613705024123192,100.0,360800,0.0,90000,-187.63528728485107,0.0003,-2.477458916604519,0.019038129947148263,1.9810266271233559
3612,110,357.26907,3255,0.02613827772438526,100.0,361200,0.0,90096,-187.5583782196045,0.0003,1.4590273648500443,0.019082605256699026,2.061950907111168
3616,110,357.07465,3259,0.02613854967057705,100.0,361600,0.0,90192,-187.85018634796143,0.0003,-0.855659868568182,0.019190999097190797,1.9073265865445137
3620,110,356.3161,3262,0.026143141090869904,100.0,362000,0.0,90304,-188.05668449401855,0.0003,-1.346278078854084,0.019234514911659062,1.930508904159069
3624,110,357.20856,3266,0.02614334411919117,100.0,362400,0.0,90400,-187.8765115737915,0.0003,0.0017268136143684387,0.019217600929550827,1.8971284851431847
3628,110,356.4524,3269,0.026145288720726967,100.0,362800,0.0,90496,-188.00854015350342,0.0003,2.515425093472004,0.019210608093999326,1.9713623076677322
3632,110,357.3715,3272,0.026150735095143318,100.0,363200,0.0,90592,-187.76356410980225,0.0003,-0.4528796225786209,0.019210899365134537,1.863173007965088
3636,110,357.70114,3276,0.026147928088903427,100.0,363600,0.0,90704,-187.93909645080566,0.0003,-1.3730214014649391,0.019185482640750706,1.8792801052331924
3640,110,359.91815,3280,0.02615043893456459,100.0,364000,0.0,90800,-188.0389108657837,0.0003,0.2801975831389427,0.01918132952414453,2.0712898150086403
3644,110,360.744,3283,0.026149673387408257,100.0,364400,0.0,90896,-187.79767036437988,0.0003,-1.9509328976273537,0.019254927872680128,1.9185974672436714
3648,110,359.21167,3286,0.02615428902208805,100.0,364800,0.0,90992,-187.77606010437012,0.0003,-0.6797120422124863,0.019264441332779825,1.8638446182012558
3652,110,358.6975,3290,0.026154501363635063,100.0,365200,0.0,91104,-187.57462692260742,0.0003,0.8639509975910187,0.019254847895354033,2.079172298312187
3656,110,358.6857,3293,0.02615961991250515,100.0,365600,0.0,91200,-187.72931671142578,0.0003,-0.0961119793355465,0.01927711721509695,2.066709205508232
3660,111,358.689,3297,0.026167219504714012,100.0,366000,0.0,91296,-187.82567501068115,0.0003,1.6672472953796387,0.019262675545178354,2.0742003843188286
3664,111,358.74222,3300,0.02616719715297222,100.0,366400,0.0,91392,-187.71055221557617,0.0003,0.8020159788429737,0.01920862717088312,1.9239324927330017
3668,111,360.14313,3304,0.02616984210908413,100.0,366800,0.0,91504,-187.83752536773682,0.0003,-1.5418784990906715,0.019083678140304983,1.7619761005043983
3672,111,360.2017,3307,0.02617090567946434,100.0,367200,0.0,91600,-187.9304323196411,0.0003,-2.129847329109907,0.018973461585119367,2.1926447674632072
3676,111,359.76196,3310,0.026166237890720367,100.0,367600,0.0,91696,-187.6150884628296,0.0003,2.0944680869579315,0.01899889239575714,1.8403822109103203
3680,111,360.80148,3313,0.026169428601861,100.0,368000,0.0,91792,-187.8526611328125,0.0003,-1.906524308025837,0.01907483278773725,1.9933200031518936
3684,111,362.58017,3317,0.026171710342168808,100.0,368400,0.0,91904,-188.01214790344238,0.0003,-1.3905096426606178,0.019025992485694587,1.9901460111141205
3688,111,361.9391,3321,0.026169661432504654,100.0,368800,0.0,92000,-187.71422672271729,0.0003,-0.910017155110836,0.018961423309519887,1.8060609996318817
3692,111,361.27527,3324,0.026172954589128494,100.0,369200,0.0,92096,-187.91927433013916,0.0003,0.6401120405644178,0.018983154091984034,2.0289385840296745
3696,111,360.62073,3328,0.026176366955041885,100.0,369600,0.0,92192,-187.76141166687012,0.0003,-0.2823656350374222,0.01899486395996064,1.7862834855914116
3700,111,361.35446,3331,0.02617803029716015,100.0,370000,0.0,92304,-187.84441089630127,0.0003,-0.8861778257414699,0.019003796856850386,1.8689480125904083
3704,111,360.81345,3335,0.02617691271007061,100.0,370400,0.0,92400,-187.6212739944458,0.0003,-2.7304426953196526,0.019002005690708756,2.01922345161438
3708,111,362.601,3338,0.02617410570383072,100.0,370800,0.0,92496,-187.49392986297607,0.0003,-2.1745077669620514,0.01896184415090829,2.046550303697586
3712,111,363.46237,3341,0.026178471744060516,100.0,371200,0.0,92592,-188.09057140350342,0.0003,-0.47605175152421,0.01887098071165383,2.0528809428215027
3716,111,363.78415,3345,0.02618124708533287,100.0,371600,0.0,92704,-187.67366313934326,0.0003,4.282398699782789,0.01874534331727773,1.79816684871912
3720,111,364.1928,3349,0.02618507482111454,100.0,372000,0.0,92800,-188.10444355010986,0.0003,1.422307213768363,0.01875868218485266,1.8216503709554672
3724,111,363.06195,3352,0.02617957629263401,100.0,372400,0.0,92896,-187.84700298309326,0.0003,-0.8354933708906174,0.018674371764063835,1.822049617767334
3728,111,361.98746,3356,0.02617526240646839,100.0,372800,0.0,92992,-187.4366579055786,0.0003,-1.7521344497799873,0.018528873333707452,1.8765272423624992
3732,111,362.46637,3359,0.026175882667303085,100.0,373200,0.0,93104,-188.01943111419678,0.0003,-1.13070385530591,0.01845555624458939,2.09898791462183
3736,111,362.1822,3362,0.02617250196635723,100.0,373600,0.0,93200,-187.58504486083984,0.0003,-2.728634485974908,0.018408029922284186,1.7716251388192177
3740,111,362.49234,3366,0.026176178827881813,100.0,374000,0.0,93296,-187.6748285293579,0.0003,-0.895288486033678,0.018303123069927096,1.8616423159837723
3744,111,361.4904,3369,0.026176096871495247,100.0,374400,0.0,93392,-187.9411678314209,0.0003,0.6069240532815456,0.018223954597488046,1.7761471942067146
3748,111,362.79453,3373,0.026176471263170242,100.0,374800,0.0,93504,-187.6695680618286,0.0003,0.5193416401743889,0.018099197535775602,1.8947967737913132
3752,111,362.44647,3377,0.026173127815127373,100.0,375200,0.0,93600,-187.8624792098999,0.0003,1.8822323866188526,0.018046427285298705,1.6864881217479706
3756,111,361.9593,3380,0.026174912229180336,100.0,375600,0.0,93696,-187.76584815979004,0.0003,1.5039751753211021,0.018019416485913098,1.7794796600937843
3760,111,362.55347,3384,0.026174861937761307,100.0,376000,0.0,93792,-187.5478925704956,0.0003,-0.23111692536622286,0.018010405590757728,1.620065614581108
3764,111,361.72964,3387,0.026174677535891533,100.0,376400,0.0,93904,-187.5576629638672,0.0003,-1.8111609094776213,0.017994427704252303,1.8039227798581123
3768,111,362.43988,3391,0.02617371641099453,100.0,376800,0.0,94000,-187.7773199081421,0.0003,-1.0409476421773434,0.017838908708654344,1.9989173486828804
3772,111,362.80737,3394,0.026172544807195663,100.0,377200,0.0,94096,-187.4419527053833,0.0003,2.5855986047536135,0.017795743537135422,2.0560840517282486
3776,111,364.04636,3397,0.02617058716714382,100.0,377600,0.0,94192,-187.71350193023682,0.0003,-1.8851399831473827,0.01782082801219076,1.7783884778618813
3780,111,364.15375,3401,0.02617773599922657,100.0,378000,0.0,94304,-187.39659690856934,0.0003,1.4699145331978798,0.017804553732275963,1.9502494633197784
3784,111,362.11426,3404,0.02618223987519741,100.0,378400,0.0,94400,-187.34224605560303,0.0003,-0.5426733680069447,0.01781210210174322,2.0039803460240364
3788,111,361.01044,3407,0.026182791218161583,100.0,378800,0.0,94496,-187.12260913848877,0.0003,-2.9338526092469692,0.017745923018082976,2.031200610101223
3792,111,362.12216,3411,0.026183348149061203,100.0,379200,0.0,94592,-187.17923069000244,0.0003,5.375561953522265,0.017728396225720644,2.4464462846517563
3796,111,362.31995,3415,0.026183921843767166,100.0,379600,0.0,94704,-187.31110191345215,0.0003,-0.3579831253737211,0.017971913679502904,2.1159593388438225
3800,111,363.03622,3418,0.02618258073925972,100.0,380000,0.0,94800,-187.48522186279297,0.0003,-0.31829245388507843,0.018032972468063235,2.785607397556305
3804,111,363.7121,3422,0.026176953688263893,100.0,380400,0.0,94896,-186.9831075668335,0.0003,2.524173989892006,0.01829845563042909,2.2450753152370453
3808,111,364.0922,3426,0.026176754385232925,100.0,380800,0.0,94992,-187.30818843841553,0.0003,1.0147794336080551,0.018610039027407765,2.2597290873527527
3812,111,363.4174,3430,0.026180170476436615,100.0,381200,0.0,95104,-187.59511852264404,0.0003,-1.6355452612042427,0.018729278817772865,2.0932727232575417
3816,111,363.22952,3433,0.026182593777775764,100.0,381600,0.0,95200,-187.07308959960938,0.0003,-2.7635517437011003,0.018496547476388514,2.2563695088028908
3820,111,363.39062,3437,0.026175957173109055,100.0,382000,0.0,95296,-187.14828395843506,0.0003,-0.767811780795455,0.01838446338661015,2.002162717282772
3824,111,363.44757,3440,0.026178749278187752,100.0,382400,0.0,95392,-187.23613452911377,0.0003,0.38293279707431793,0.018282750970683992,2.058760240674019
3828,111,366.2376,3445,0.026177456602454185,100.0,382800,0.0,95504,-187.0440492630005,0.0003,-4.515986463055015,0.01821365300565958,2.0445912554860115
3832,111,365.72473,3448,0.026175303384661674,100.0,383200,0.0,95600,-187.19068908691406,0.0003,-3.5919510014355183,0.018039871123619378,2.1135317608714104
3836,111,364.1212,3452,0.026173213496804237,100.0,383600,0.0,95696,-187.10028457641602,0.0003,-2.0791162829846144,0.017892248695716262,2.1576443165540695
3840,111,363.76114,3455,0.02617487870156765,100.0,384000,0.0,95792,-187.25464344024658,0.0003,-3.3869175612926483,0.01779575296677649,2.061885893344879
3844,111,363.69534,3458,0.026175858452916145,100.0,384400,0.0,95904,-187.09490489959717,0.0003,-0.4708903096616268,0.01764738652855158,2.3734796047210693
3848,111,363.68524,3462,0.026176998391747475,100.0,384800,0.0,96000,-187.0601453781128,0.0003,-0.34618769586086273,0.017609167494811118,2.256457068026066
3852,111,363.9447,3465,0.02618001587688923,100.0,385200,0.0,96096,-187.02452945709229,0.0003,-1.2849484980106354,0.017598715145140886,2.129086583852768
3856,111,363.79507,3469,0.026179160922765732,100.0,385600,0.0,96192,-187.15644550323486,0.0003,-3.9594021886587143,0.017558278050273657,2.3598110377788544
3860,111,361.56586,3472,0.026179658249020576,100.0,386000,0.0,96304,-187.0285987854004,0.0003,-1.1475287433713675,0.017596237477846444,2.1854388266801834
3864,111,362.20233,3476,0.026172658428549767,100.0,386400,0.0,96400,-187.1200704574585,0.0003,-3.206539349630475,0.017639512778259814,2.9259329438209534
3868,111,361.71707,3480,0.026165766641497612,100.0,386800,0.0,96496,-186.8529233932495,0.0003,1.3180357310920954,0.017620070138946176,2.8160369396209717
3872,111,361.4652,3483,0.026164639741182327,100.0,387200,0.0,96592,-186.8749885559082,0.0003,4.243529235944152,0.01772599818650633,2.6108812242746353
3876,111,360.46487,3487,0.026172878220677376,100.0,387600,0.0,96704,-186.5555362701416,0.0003,-0.11807745695114136,0.01817006932105869,6.813927114009857
3880,111,358.7839,3490,0.026164259761571884,100.0,388000,0.0,96800,-185.94055461883545,0.0003,11.416809981688857,0.01857687858864665,5.218138873577118
3884,111,358.44165,3494,0.02615811862051487,100.0,388400,0.0,96896,-187.34523963928223,0.0003,7.401163637638092,0.01928525581024587,8.310725808143616
3888,111,357.36426,3497,0.02615731582045555,100.0,388800,0.0,96992,-186.06510066986084,0.0003,13.366505712270737,0.02016200067009777,5.547624558210373
3892,111,353.6496,3500,0.026165826246142387,100.0,389200,0.0,97104,-185.84103298187256,0.0003,7.562060434371233,0.021196524961851537,4.751464396715164
3896,111,350.8528,3503,0.02616780623793602,100.0,389600,0.0,97200,-184.91272449493408,0.0003,10.554236501455307,0.0217073344392702,3.971459463238716
3900,111,347.01163,3506,0.02616818994283676,100.0,390000,0.0,97296,-185.6284465789795,0.0003,5.381990507245064,0.022206708323210478,4.486110970377922
3904,111,344.51086,3510,0.026168854907155037,100.0,390400,0.0,97392,-185.95620727539062,0.0003,8.819426588714123,0.022566337138414383,4.3378589153289795
3908,111,339.4646,3513,0.026162412017583847,100.0,390800,0.0,97504,-185.30263137817383,0.0003,1.5261030243709683,0.02317739638965577,4.292144000530243
3912,111,339.39658,3517,0.026168344542384148,100.0,391200,0.0,97600,-185.1307144165039,0.0003,5.711723782122135,0.023721832083538175,3.918518587946892
3916,111,336.47586,3520,0.026170797646045685,100.0,391600,0.0,97696,-185.33663272857666,0.0003,5.565332870930433,0.024089742568321526,3.465754970908165
3920,111,331.59726,3523,0.02617163024842739,100.0,392000,0.0,97792,-185.3317174911499,0.0003,0.7066613882780075,0.02434565464500338,3.2150267362594604
3924,111,330.0342,3527,0.02617647685110569,100.0,392400,0.0,97904,-185.54358768463135,0.0003,3.1658213026821613,0.02460496302228421,4.805606082081795
3928,111,328.03555,3530,0.026168759912252426,100.0,392800,0.0,98000,-185.45834732055664,0.0003,2.0549502298235893,0.024936931673437357,3.7363632768392563
3932,111,327.34314,3534,0.026163877919316292,100.0,393200,0.0,98096,-185.35744285583496,0.0003,1.6236409144476056,0.02530184597708285,3.4269873201847076
3936,111,327.3526,3538,0.02616593986749649,100.0,393600,0.0,98192,-185.66429233551025,0.0003,3.05316031165421,0.025662485510110855,4.427934154868126
3940,111,324.67337,3541,0.02616400271654129,100.0,394000,0.0,98304,-185.53824615478516,0.0003,9.238991841673851,0.026425218442454934,3.427922636270523
3944,111,321.52682,3544,0.02616586908698082,100.0,394400,0.0,98400,-185.2879457473755,0.0003,4.956006688065827,0.02706098521593958,3.335974797606468
3948,111,320.3703,3547,0.026173418387770653,100.0,394800,0.0,98496,-185.02269840240479,0.0003,-0.3534068614244461,0.02737217047251761,3.3638617396354675
3952,111,317.081,3551,0.026175057515501976,100.0,395200,0.0,98592,-185.3590431213379,0.0003,-4.925741700455546,0.027479671058245003,3.434228554368019
3956,111,315.53806,3554,0.02617792598903179,100.0,395600,0.0,98704,-185.20051670074463,0.0003,3.0412024687975645,0.027476393384858966,3.5779755413532257
3960,111,315.869,3558,0.02617805451154709,100.0,396000,0.0,98800,-184.17709350585938,0.0003,-0.6483843177556992,0.027432095259428024,3.9703777879476547
3964,111,314.51935,3561,0.02617643214762211,100.0,396400,0.0,98896,-185.17455577850342,0.0003,-1.2690499536693096,0.027522085001692176,3.405012860894203
3968,111,314.24216,3564,0.026176627725362778,100.0,396800,0.0,98992,-184.2168083190918,0.0003,0.34579257667064667,0.027474078466184437,18.763673782348633
3972,111,309.67053,3568,0.0261651910841465,100.0,397200,0.0,99104,-187.52295780181885,0.0003,17.898225035518408,0.028640710399486125,28.2530437707901
3976,111,301.0473,3571,0.026165369898080826,100.0,397600,0.0,99200,-186.14549255371094,0.0003,22.91020780801773,0.030409169266931713,18.632054150104523
3980,111,292.94174,3574,0.026165388524532318,100.0,398000,0.0,99296,-183.19852352142334,0.0003,16.43370494246483,0.03222458087839186,10.462092936038971
3984,111,287.94528,3577,0.0261667612940073,100.0,398400,0.0,99392,-181.95645713806152,0.0003,16.85933493077755,0.03347037569619715,8.452315956354141
3988,111,283.33194,3581,0.02616816945374012,100.0,398800,0.0,99504,-182.1383867263794,0.0003,15.499590411782265,0.03486606199294329,8.400554120540619
3992,111,279.7841,3584,0.02617005817592144,100.0,399200,0.0,99600,-182.30152416229248,0.0003,3.815794102847576,0.0357194971293211,8.766161352396011
3996,111,279.87476,3587,0.026165412738919258,100.0,399600,0.0,99696,-183.67156410217285,0.0003,11.514742851257324,0.03627448761835694,35.458835542201996
4000,111,278.0668,3591,0.026152389124035835,100.0,400000,0.0,99792,-181.40704441070557,0.0003,15.526804774999619,0.037328462582081556,20.311336636543274
4004,111,275.17188,3594,0.02614276483654976,100.0,400400,0.0,99904,-181.30220222473145,0.0003,14.68171763420105,0.03859114972874522,16.349767446517944
4008,111,274.1678,3598,0.026140393689274788,100.0,400800,0.0,100000,-181.42577171325684,0.0003,12.268392406404018,0.0397414427716285,15.379957973957062
4012,111,268.29974,3601,0.026148159056901932,100.0,401200,0.0,100096,-181.7684679031372,0.0003,13.492499232292175,0.040937592973932624,10.873132228851318
4016,111,267.1287,3604,0.02615540660917759,100.0,401600,0.0,100192,-182.22004318237305,0.0003,14.054274260997772,0.04209271492436528,8.729789793491364
4020,111,267.4528,3608,0.02616037055850029,100.0,402000,0.0,100304,-182.37805938720703,0.0003,10.730704367160797,0.04337396495975554,7.874611794948578
4024,111,264.92865,3611,0.02616444043815136,100.0,402400,0.0,100400,-182.36525535583496,0.0003,9.399990767240524,0.04431331856176257,6.6471322774887085
4028,111,261.86023,3614,0.026165874674916267,100.0,402800,0.0,100496,-182.76786994934082,0.0003,8.926223382353783,0.04527547210454941,6.5449331402778625
4032,111,261.16663,3618,0.02616892196238041,100.0,403200,0.0,100592,-182.85315036773682,0.0003,5.669695973396301,0.04615274351090193,6.492200702428818
4036,111,261.04446,3621,0.026171421632170677,100.0,403600,0.0,100704,-182.93352127075195,0.0003,5.673593437299132,0.04690480651333928,5.847860038280487
4040,111,261.4711,3624,0.026171328499913216,100.0,404000,0.0,100800,-182.78138065338135,0.0003,6.381122086197138,0.04751735390163958,5.962922394275665
4044,111,263.03018,3628,0.02617407590150833,100.0,404400,0.0,100896,-183.141752243042,0.0003,5.436883881688118,0.04826760292053223,6.219192877411842
4048,111,262.9808,3631,0.026174819096922874,100.0,404800,0.0,100992,-183.65584754943848,0.0003,3.1384569704532623,0.04887140798382461,4.967424318194389
4052,111,265.0901,3634,0.02617814391851425,100.0,405200,0.0,101104,-182.93935012817383,0.0003,-0.2949148705229163,0.049367220839485526,5.175151437520981
4056,111,264.97876,3637,0.02617926523089409,100.0,405600,0.0,101200,-183.45337772369385,0.0003,0.9743896052241325,0.049724151846021414,6.085977286100388
4060,111,265.59882,3641,0.026179080829024315,100.0,406000,0.0,101296,-182.93724155426025,0.0003,0.0290286336094141,0.049991414649412036,5.162132635712624
4064,111,265.80103,3644,0.026177676394581795,100.0,406400,0.0,101392,-183.63468170166016,0.0003,4.3149476535618305,0.05020927870646119,5.264112770557404
4068,111,264.31366,3647,0.02618316188454628,100.0,406800,0.0,101504,-182.83234119415283,0.0003,1.899243189021945,0.0507304600905627,5.509421139955521
4072,111,267.19083,3651,0.026188867166638374,100.0,407200,0.0,101600,-183.32767009735107,0.0003,0.3018379509449005,0.0509332399815321,5.1372715681791306
4076,111,274.97272,3654,0.026194078847765923,100.0,407600,0.0,101696,-183.05903148651123,0.0003,2.098801299929619,0.05102739413268864,5.094886094331741
4080,111,284.78186,3657,0.026197878643870354,100.0,408000,0.0,101792,-183.10797595977783,0.0003,-1.8707784712314606,0.051091388799250126,5.917681455612183
4084,111,289.74426,3661,0.0261983685195446,100.0,408400,0.0,101904,-182.9682960510254,0.0003,2.7956796064972878,0.05113167921081185,7.414618372917175
4088,111,294.1425,3664,0.026201467961072922,100.0,408800,0.0,102000,-182.8867588043213,0.0003,-1.2644878439605236,0.05119097325950861,6.8839240074157715
4092,111,298.16235,3667,0.02620426006615162,100.0,409200,0.0,102096,-183.0760440826416,0.0003,1.1313602440059185,0.05134845688007772,5.2685414999723434
4096,111,299.1088,3670,0.026208383962512016,100.0,409600,0.0,102192,-183.39555263519287,0.0003,0.26273871026933193,0.051500038942322135,4.916385397315025
4100,111,303.3998,3674,0.026210177689790726,100.0,410000,0.0,102304,-183.29479122161865,0.0003,-2.0811741426587105,0.05104812886565924,5.509166777133942
4104,111,307.01767,3677,0.02621377445757389,100.0,410400,0.0,102400,-183.90059661865234,0.0003,0.28125903382897377,0.05090420786291361,8.352918267250061
4108,111,309.58716,3680,0.026213565841317177,100.0,410800,0.0,102496,-182.55906200408936,0.0003,2.014266046695411,0.05080293235369027,9.807743072509766
4112,111,311.99643,3684,0.026221198961138725,100.0,411200,0.0,102592,-183.99208164215088,0.0003,-1.116875760257244,0.05165556422434747,9.216551959514618
4116,111,311.5889,3687,0.026225944980978966,100.0,411600,0.0,102704,-183.88357162475586,0.0003,-3.6204269640147686,0.051276507088914514,7.833724290132523
4120,111,313.16394,3690,0.026228807866573334,100.0,412000,0.0,102800,-183.94573307037354,0.0003,-1.174302002415061,0.050402469001710415,5.8300109058618546
4124,111,316.47067,3694,0.026229115203022957,100.0,412400,0.0,102896,-183.76070594787598,0.0003,-3.037995658814907,0.049824358662590384,7.289378434419632
4128,111,321.82596,3697,0.026233235374093056,100.0,412800,0.0,102992,-184.07358932495117,0.0003,-3.472558507695794,0.04928732640109956,5.8677467703819275
4132,111,322.477,3701,0.026236284524202347,100.0,413200,0.0,103104,-184.25283527374268,0.0003,-7.329292185604572,0.048468695022165775,5.984096676111221
4136,111,323.76743,3704,0.02623433619737625,100.0,413600,0.0,103200,-183.55832767486572,0.0003,-1.8419999396428466,0.047462123446166515,5.33081242442131
4140,111,325.7601,3708,0.026237841695547104,100.0,414000,0.0,103296,-184.48798656463623,0.0003,-2.169758031144738,0.04705747147090733,4.800400868058205
